Age,QL00_M,QL00_L,QL00_U,QL15_M,QL15_L,QL15_U,QL35_M,QL35_L,QL35_U,Var
50,0.10435371362191821,0.09747327255198424,0.1122429473576113,0.10388290446137449,0.09706136629002958,0.11170974020734784,0.10326840378144048,0.09651770008126388,0.11100691321689897,s1
51,0.10566660907461917,0.09882784293047517,0.11338668520017903,0.10519571672943634,0.09840427631102563,0.11284227158596132,0.10457210125592299,0.09784530278081353,0.11212457047445196,s1
52,0.10704291828472093,0.10027523832297262,0.11453960466700515,0.1065502252575552,0.09984086037889296,0.11398344474714919,0.10590165546627373,0.09926800667968796,0.11325054376965168,s1
53,0.10839286056505848,0.10177193542978465,0.115780140384673,0.10788939169910475,0.10132030142610081,0.11519328173011893,0.10722792244301571,0.10072457826008369,0.11442026913598145,s1
54,0.1097698710888834,0.10329222829264659,0.11688104414316923,0.10925199022679269,0.10282771264897274,0.1163014703207718,0.10857294727078894,0.10221529227974009,0.11553791735423069,s1
55,0.11110592100089807,0.10480052331477151,0.11805644901966861,0.1105761127496562,0.1043216815026707,0.11744868716189127,0.10988615964145629,0.10369022584772611,0.11664836790009854,s1
56,0.1125658549551253,0.10628238775267101,0.11937786267831119,0.11202759810900167,0.10579167211305761,0.11875599986466844,0.11131814221303318,0.10514463434651074,0.11793767030466541,s1
57,0.11400537073550931,0.10782957494347715,0.12072910349959853,0.1134483162352166,0.10732427540664857,0.12011520378505759,0.11271998834849631,0.10665805806899564,0.11930663897562989,s1
58,0.11542311832957633,0.10932099017708069,0.1220799236904152,0.1148583283650601,0.10880344696016447,0.12145383175399227,0.11411202711215758,0.10812122346754603,0.12062924756471055,s1
59,0.11688372225395838,0.11072176555469336,0.12340675939266509,0.11628501969514249,0.11019055591558258,0.12273880997170997,0.115509648328295,0.10949042165322856,0.12185962992069796,s1
60,0.11835427450978343,0.11216798679600241,0.12465329963867627,0.11775466921859314,0.11162460097392933,0.12398169565874409,0.11696147269569299,0.11090849850500212,0.12309776088182034,s1
61,0.11981307250384846,0.11382577999898025,0.12604498451533866,0.11919357176864512,0.1132424430000587,0.12535841236797948,0.11838234942139425,0.1124741077099012,0.12445425795764584,s1
62,0.12134779572325384,0.11526847848908864,0.12737389445743344,0.1207098015448533,0.11466975525542455,0.12667967286734336,0.11987587077664844,0.11388144963007385,0.12576572502583708,s1
63,0.12292019578411562,0.11680793534201285,0.12885964654765952,0.12226633290872409,0.11621333232852142,0.128149926436493,0.12139665450147137,0.11542552633311971,0.127216019535374,s1
64,0.12445005770989848,0.11839973454856581,0.13035164602006624,0.12377350909992868,0.11777697530162458,0.1296237140427135,0.12289766498141501,0.11694022395967792,0.1286661366501712,s1
65,0.12598757985610243,0.11969741087506011,0.13186753765566198,0.12530630132626103,0.11905150395970646,0.1311223077884878,0.12441186125757325,0.1182013690566591,0.1301421314367448,s1
66,0.12756351209803024,0.12121216505259275,0.13343696600052218,0.12686244903375138,0.12054967739857386,0.13265569918597073,0.12593732861986962,0.1196777822931975,0.13163697846064218,s1
67,0.1291517991509389,0.12274567427937014,0.13495896321060752,0.1284299513785822,0.12206564893930677,0.13417719293529784,0.1274854512192703,0.12117123593333558,0.1331492913419904,s1
68,0.13079108131185796,0.1243650652129175,0.13655182121782997,0.13005086689010237,0.12369051304536392,0.13575711319621367,0.12908086084176573,0.12280322744452134,0.13471213964127954,s1
69,0.13243630151601044,0.12598769481871155,0.1384859265337439,0.1316846089444674,0.12527545086988498,0.13767186474617654,0.13068817782439182,0.12436637454669769,0.13660156852749958,s1
70,0.13403382637736655,0.1274764084163798,0.14025504532814909,0.13325436987206643,0.1267387445690756,0.13941249525736307,0.1322335052923902,0.12579843394797743,0.1383052270966938,s1
71,0.1356571043322018,0.12905057971323639,0.1420698788361475,0.13485360054760837,0.12832435217065183,0.1412087778535801,0.13380450324795534,0.12733527979950462,0.14007717704476855,s1
72,0.13738220513785643,0.13045743697453885,0.14396870880973398,0.13656306772247415,0.1297055974893034,0.143067428738839,0.1354887515526602,0.12871573175007223,0.1418836165747701,s1
73,0.13915362201504647,0.13192032585361554,0.145788514204915,0.13831188606695338,0.1311548227495077,0.14487626000928522,0.13721040820817146,0.1301482165801678,0.1437140973561185,s1
74,0.14089653039241948,0.1334032297427327,0.14788856989296312,0.1400333996088175,0.13262084475961278,0.14695727550139345,0.13889337340209063,0.13159218869375588,0.145736240628963,s1
75,0.14261019077702278,0.13485200729471714,0.15014316841948006,0.1417250534269881,0.13404848453398238,0.14917162755165866,0.14055149533060826,0.13299231762784552,0.14790023714662412,s1
76,0.14436140288651506,0.13627639518357268,0.1523464445141659,0.14345956169800111,0.135444271274983,0.1513507506494041,0.14226380023556578,0.13435091074179423,0.15006656967216078,s1
77,0.1461251171389572,0.13782401981013306,0.15432605151604092,0.14518741529600476,0.1369917297806419,0.15332985420808737,0.14397000241559665,0.1358919026096107,0.15202324637246697,s1
78,0.1479461953666489,0.13946804159925982,0.15641068303726866,0.1469940255675533,0.1385951745286058,0.15537533858075214,0.1457453125094899,0.13744868740799066,0.15401226928754563,s1
79,0.14973322668812153,0.14106150165648232,0.15861341259056033,0.14875226350666967,0.14018410533308853,0.157517133827632,0.14745706561319957,0.139027314252109,0.15607843626602555,s1
80,0.15160146422935605,0.14250785443388786,0.16103467280289013,0.15060314619120013,0.14160464595711206,0.15992032859002706,0.14929003294888404,0.14042694239300985,0.15843390984600764,s1
81,0.15351335529639037,0.14391674649395375,0.16346091983671834,0.15249324433071965,0.14300503531378037,0.1623019987653212,0.1511515240018968,0.1418076714313278,0.16079520582808304,s1
82,0.15545317307966874,0.14533711794254084,0.16606253957197234,0.1544052045745729,0.1444048186548421,0.16484924152976477,0.15301514015573697,0.14318056247472558,0.16326645782958848,s1
83,0.15738867867261708,0.14688805203759805,0.16875739373914606,0.15631130875484425,0.14593189853606203,0.16751042035932487,0.1549057663903451,0.14467540372984083,0.16587667025458638,s1
84,0.15935671971623297,0.14823346031532555,0.17132706545906154,0.15823452732818571,0.14726328269462305,0.17004557666337133,0.156777031589506,0.14598967356556766,0.16836713462222944,s1
85,0.16135807849695777,0.14969917524226686,0.17409696220163406,0.16021087782677199,0.14870951999549714,0.17276945183753264,0.15870697590624333,0.14741054020209646,0.17103112512880103,s1
86,0.16336931505147678,0.15118597202378342,0.17683463000096242,0.16221542266220026,0.15017643312621876,0.1754647261256977,0.16066923449646234,0.14885156006568812,0.17367138522248343,s1
87,0.16533710927034823,0.15278520028640588,0.17961531189781543,0.16414142485424288,0.15176016351188124,0.17820179895248991,0.162586965689684,0.15041529052413424,0.17635173935663767,s1
88,0.16742308069139228,0.15443782189301156,0.18243265388693802,0.1661979752299249,0.15339490818148674,0.18097492801323203,0.1646004822528747,0.15201593127949545,0.1790676739939073,s1
89,0.1695969129022986,0.15603241627138562,0.18529417900478604,0.16833815888818376,0.15497607202964442,0.18379010494838155,0.1666720450612147,0.15357838605201796,0.18182765062153508,s1
90,0.17173914494952092,0.15736671277235237,0.1882204696893121,0.17044914529035335,0.15629194496097268,0.1866844933365713,0.1687600513767929,0.1548820982109771,0.1846757497409291,s1
91,0.17396531237779217,0.15882826660193416,0.19122681074132875,0.17263994730046203,0.15771253194139023,0.18964099069360132,0.17089630161745428,0.15625062640629556,0.18756768160109202,s1
92,0.17614030288734087,0.1604048061631708,0.19428117743778187,0.17477585976071514,0.15926659990052133,0.19264393542513497,0.17298722503472413,0.15777430794819902,0.19050404420950331,s1
93,0.1784003213638233,0.1620666390691551,0.19738493083400416,0.17700808847436358,0.16088815378444016,0.19569481740146463,0.17518600490153732,0.15934377516624715,0.19348543718763325,s1
94,0.18061004466364639,0.16374899461755302,0.2003846458798323,0.17917982424899542,0.1625456400241617,0.1986682244033093,0.1772960283491844,0.16096895050099683,0.1964254723804787,s1
95,0.18281467769228799,0.1654452470466546,0.20342765649001118,0.18135365420433142,0.16422017681370427,0.20161976423486277,0.17944220870396335,0.16261051185935213,0.19930232182888233,s1
50,0.11278295479478118,0.10494911572736364,0.1221490535659204,0.11224304543949282,0.10449530760266282,0.12153527065569861,0.11153144441632669,0.10387257338684837,0.12072669932762868,s10
51,0.1139691548027219,0.10629405197581651,0.12297748463556493,0.1134354700064418,0.10583675328338094,0.12234641088907414,0.11273490270411668,0.1052334082939221,0.12152646537254763,s10
52,0.11521135259879033,0.10766045436133491,0.12391691199509117,0.11466742303714689,0.10719079062421855,0.12327606011107754,0.11395434951032402,0.10657121745814714,0.12243352460090105,s10
53,0.11642155662578559,0.10914031231111952,0.12486355022430426,0.11586117247794758,0.1086357604288365,0.12424215078605766,0.11512177897705517,0.10797043346123164,0.1234092432299521,s10
54,0.11763551160920983,0.11044877344207964,0.12582766539830179,0.11705336359921473,0.10995352931449343,0.12517569629797132,0.11630325768213634,0.10930040137658434,0.12431714297113136,s10
55,0.11877854262644646,0.11179268306989115,0.126850364368681,0.11818289056901089,0.11127163177764579,0.12619282868383963,0.11740869801215831,0.11058482556463808,0.1253425412871372,s10
56,0.12002660161731746,0.1132513226839595,0.12800581702949382,0.11944248055021864,0.11271476754261041,0.12733630483028513,0.11865808533623126,0.1119643038707232,0.12645475581129306,s10
57,0.12128453037897,0.11441752287955015,0.12917441224542486,0.12066783961738717,0.11387000271224802,0.12849228541369243,0.1198580496449551,0.11314842555187042,0.12759423500876646,s10
58,0.12253629114997042,0.11575105234416638,0.13042456056720017,0.12191673966676164,0.1151912876072821,0.1297366072699733,0.12108697125624765,0.11445366094641339,0.1288119487516387,s10
59,0.12378814053853304,0.11707209693563102,0.1315529997526293,0.1231516684947301,0.116457053683827,0.1308454705574003,0.12231257932242307,0.11564735482362133,0.1299141919820785,s10
60,0.1250424411245212,0.11817469603774275,0.13289108880945796,0.12439124255712605,0.11756715516886793,0.13217094433340146,0.12353374958755683,0.11676702355074817,0.13121143189708884,s10
61,0.12635813050125516,0.11944021243573494,0.13410893927872516,0.12569824998834067,0.1188462696835599,0.13339932814801808,0.12482687931617414,0.11805515883839067,0.13246444135166938,s10
62,0.12765982479336313,0.12075878987677106,0.13538889511781343,0.12697670603319622,0.12013445890386855,0.13462627160766197,0.12608226632384711,0.11931240760823306,0.13362317463237786,s10
63,0.12899722351657567,0.12182278465505886,0.13674985866876746,0.12830157258484917,0.12117625257502143,0.13600504773283104,0.1273911265113004,0.1203393056588969,0.1350250579626075,s10
64,0.13035346556241229,0.1230403766355322,0.13809005351484635,0.12963888803217377,0.1223811026187474,0.13729715484806762,0.12868785913509656,0.12151335212292565,0.13625442214839462,s10
65,0.13167088582502043,0.12422754779728777,0.13938846337723,0.13095125675311814,0.1235715589689199,0.13860282036296562,0.13000725535797883,0.12270786454002743,0.13757022662143314,s10
66,0.13298820744275622,0.12527031008320036,0.14097580340569824,0.13223917363919735,0.12458762961589805,0.14015883667195939,0.1312683968752646,0.12370451868400872,0.13909080410595773,s10
67,0.13439981119639288,0.1265190372992861,0.14247595624491785,0.1336437197567551,0.12582650580626317,0.14164433369880758,0.13264517792895825,0.12491515781353583,0.14055095009629184,s10
68,0.13582940829931717,0.12766733676514483,0.14387534063837817,0.13505824819180456,0.12696813634954804,0.14303895030840824,0.1340505661669844,0.12604813277388324,0.1419392994482382,s10
69,0.13727998154881194,0.12915132469255003,0.14556992923975437,0.13649214071505167,0.12843283875543357,0.1447224127227565,0.13544911740267754,0.127487586455117,0.1435957907991706,s10
70,0.13869068371693977,0.1304047738411088,0.1469644928193394,0.13790164340117414,0.12967541133283042,0.14607160169827987,0.13684978218662247,0.1287160465645585,0.1449008206548265,s10
71,0.14012459024521612,0.1315757745953813,0.14863442444052571,0.1393074581329002,0.13081573756735704,0.14772580381071013,0.1382297141727527,0.1298162652160677,0.14653190027355953,s10
72,0.1415449432946533,0.1329737470494046,0.15036150275233115,0.140708132496919,0.13219295633493242,0.149440787151324,0.13960793675011404,0.1311664704233105,0.14824221766608234,s10
73,0.143011927267101,0.1341436336778206,0.15222483691090596,0.14215347559138908,0.13334900226033428,0.15126808591543925,0.14102523571146272,0.13230419941486019,0.15001951799314434,s10
74,0.14446789177503006,0.13531324690164526,0.15409742530333542,0.14357664118390634,0.1345181804329153,0.15314121466032224,0.14241482955124352,0.13347358261071704,0.15187948658042433,s10
75,0.1459795670152554,0.13656403765697106,0.15604996888495923,0.14507654120153912,0.13573555638190227,0.15503125276051472,0.14389100874546917,0.13467339656790028,0.153693125653039,s10
76,0.14748590269589779,0.13791104746766641,0.15788498121041233,0.14657141484674438,0.13705449441146425,0.15687717712476976,0.14536300918646133,0.13592928453557104,0.15555750183882283,s10
77,0.14905881453835673,0.1392353931074371,0.1597814715905975,0.14811676811411134,0.138381415682596,0.15876066255636292,0.1468908180015175,0.13725104250911316,0.1574130571833061,s10
78,0.15060869907401098,0.14045632338098432,0.16176351471071898,0.1496547979585814,0.13962809276157512,0.16069134079608022,0.14840178269011706,0.13853944930104053,0.15928378201791407,s10
79,0.1521416410412164,0.1415568243735551,0.16369240058531812,0.1511648918163812,0.14069116257160733,0.16259276648149884,0.14988294310133926,0.13955349876198672,0.16114980586229816,s10
80,0.15372605977848008,0.1427108649671719,0.16577601735705969,0.15271565627829228,0.14181751892392955,0.16463808739691962,0.15138466814578666,0.14064410528232593,0.16314559037816231,s10
81,0.1553693538580335,0.14404505207926996,0.16774015337213427,0.1543623234824555,0.1431346298651984,0.16658429648384945,0.15302422250197145,0.1419389552846706,0.16506816705710778,s10
82,0.157033424880434,0.14511189822302456,0.16979938109423456,0.15597666359892703,0.14418319184352335,0.16861556248855517,0.15462076790180249,0.14296345202291885,0.16706238719794422,s10
83,0.15861348809327547,0.14619967083704213,0.17188122028835437,0.15755786570873986,0.1452575048707929,0.1706677832410736,0.15618148238413315,0.144032732987801,0.1690760009659603,s10
84,0.16020269643052548,0.1474912719255881,0.1741627266019706,0.15913193005376103,0.14655243529201537,0.17290599856293437,0.15770333205357898,0.1453229699900552,0.171258760211698,s10
85,0.16182960353860998,0.14865674855301683,0.17626406573369438,0.16072881166472758,0.14771562779846067,0.17498628211588965,0.15928561554865303,0.14647138986104574,0.17331120097713842,s10
86,0.16349818460265986,0.14991125279746714,0.1783391721612831,0.16238193122515365,0.14891398027677508,0.1770304962039513,0.16091763645165374,0.14760533097376827,0.17531537289878882,s10
87,0.1652108588036678,0.15136846954284167,0.18045848332096015,0.164079870860505,0.1503986202920589,0.1791286477523102,0.16257931845849177,0.14908708731717374,0.17737442543721674,s10
88,0.16690259277124866,0.15237457167072088,0.1826164617319333,0.1657209139698508,0.15140729929694965,0.181261334654775,0.16417808680929158,0.15013723622515904,0.17947535879830331,s10
89,0.16863499078937252,0.1535302137670834,0.18492591318680265,0.1674159518305152,0.15250807671467795,0.1835184063198534,0.16583605728169012,0.15116700298193095,0.18162239065357522,s10
90,0.17051750667153842,0.1548323818372005,0.1872020775636005,0.16926926735943834,0.15381629114497378,0.18575946872263677,0.16765064181612988,0.1524825117114323,0.1838707493041142,s10
91,0.1721909532863797,0.1559106545267879,0.18959341637372554,0.17093200213954135,0.15488018123834124,0.18811057490034902,0.16929212895258694,0.1535276693403544,0.1862006655665416,s10
92,0.17398555205446387,0.15719127614946082,0.19214529334665267,0.17270376851166652,0.15616592577661736,0.1905700033406073,0.17104129394523884,0.1547648446987764,0.18861068635913175,s10
93,0.1757127086473098,0.15814343601567746,0.19477763072321663,0.17442080509860358,0.1571049717440155,0.1931531887722769,0.17273903621367656,0.15574245513970575,0.19105608588240724,s10
94,0.17762325442678079,0.15947613310085088,0.19744312866877553,0.176269206729455,0.15837096294120626,0.19579462324085972,0.174488688904899,0.15692177908325133,0.193636693769935,s10
95,0.1794960908955993,0.1607251076657324,0.2001469627292905,0.17812658567836123,0.1596585978246349,0.19846782832744447,0.17631133876801441,0.1582590860990101,0.19629432432765434,s10
50,0.11280329876268695,0.10450456037804068,0.1214992608078888,0.11227631647170579,0.10404066965566039,0.12088216611976463,0.11158153434841667,0.1034287870618811,0.12006926111037193,s11
51,0.11400564204764482,0.10573763277890562,0.12261019625631298,0.11347341450774534,0.10526398595173314,0.12198353610461884,0.11275032792066172,0.10463930041694226,0.12115824641817079,s11
52,0.11523754540168352,0.1071389056609169,0.1236080848198158,0.11468066034351697,0.10666087406730143,0.12300012729054671,0.11394827607388473,0.10603034004595922,0.1221989928368699,s11
53,0.1164631566690512,0.10834670228506979,0.12481819089843937,0.1159059150795074,0.1078477087849978,0.12418886329354323,0.11516661443154516,0.10719007440712322,0.12332947481551534,s11
54,0.11763290401581616,0.10970341419404632,0.125982142794265,0.11705660101135354,0.1092029505856586,0.1253231839541466,0.11631010262855815,0.1085430113037999,0.12445494297024312,s11
55,0.11889088955928845,0.11101726800194105,0.1270618641407317,0.11829973611799344,0.11049329090986286,0.12641445418828667,0.11752238579104929,0.10980261598576438,0.12555234330272275,s11
56,0.12012621333734734,0.11237530999934772,0.12811639745300463,0.11950875026346491,0.11183779708045771,0.12745392844136635,0.11871495399719818,0.11112938324880266,0.12658149541063363,s11
57,0.12132840765101238,0.11374769365838322,0.12923039481599818,0.12070657409502628,0.11319488764901008,0.1285369996043378,0.11989810080390292,0.11246633602042475,0.1276235685005925,s11
58,0.12256193233825735,0.11512283008854014,0.130240675085089,0.12193597269543269,0.11455852061434142,0.12955450234332264,0.12110582690947366,0.11381492742318085,0.12865114529108476,s11
59,0.1238530888296957,0.11642139721732762,0.1313698587505448,0.12321320962304538,0.11582771375818744,0.13066778987850952,0.12235291713795039,0.11504572032455869,0.12974376151143482,s11
60,0.12514132340812306,0.11769295374255336,0.13268751882504876,0.12448260441887037,0.11710708931385748,0.1319711366600901,0.12361786291394469,0.11633533130290365,0.13102839543543032,s11
61,0.12642832390625314,0.1191060340514227,0.13402135109505336,0.12576282469490835,0.11849867846675918,0.13328970126246,0.12487647818301856,0.11769489570896013,0.132326996706745,s11
62,0.1277338944634277,0.12039984341510951,0.13536740037185918,0.12705458062939995,0.11978144118260949,0.1346205850686838,0.12615742159004284,0.11896705398307593,0.13363805850050392,s11
63,0.129019845917116,0.12156492576705824,0.13680896217687724,0.1283279727966295,0.12091993800438962,0.1360462780346647,0.12741134349286676,0.12007592977346535,0.13504291740714874,s11
64,0.1303367326430159,0.12296171402962994,0.13810447311262936,0.12961188563613307,0.12230887730712438,0.13732623700435542,0.1286720543159024,0.12144940945572051,0.1363026556880163,s11
65,0.13167028424764343,0.12417446536952954,0.13949656913210257,0.13094313983244338,0.1235098966309723,0.1386972962773818,0.1299732105725217,0.12263519901592107,0.13765295276454814,s11
66,0.13296099644541082,0.12558613847310707,0.14106113988966223,0.13221467665734774,0.12488912678564479,0.1402612796784149,0.13123225954092405,0.12397206607791132,0.13920439804847848,s11
67,0.13429591593925788,0.1268492234509248,0.1425867672952405,0.1335358551001754,0.12616054509521726,0.14174380020972252,0.13254062842517478,0.12525418705863162,0.1406354737872196,s11
68,0.135717279554804,0.12824230518495228,0.1441060535902804,0.13494678921334163,0.12753220215009103,0.14327895979671637,0.13392553944153557,0.12659797723562935,0.1421912218503745,s11
69,0.1370845853066773,0.12949432595232,0.14573270244573314,0.13629305474014208,0.1287739510415914,0.14484442418893775,0.13524594121325634,0.12782675183693826,0.1436730959394607,s11
70,0.13850351006291084,0.13085305330467314,0.1471553188251849,0.13770038366043946,0.1301407718409015,0.1462536510224262,0.13664195043159516,0.12919793594444673,0.14509010691859778,s11
71,0.13991345538093417,0.1320080277491936,0.1487761485196673,0.13908801293670164,0.13125733498139894,0.14785267882827607,0.1380028448643168,0.13026323590891636,0.14663958526776888,s11
72,0.14139102350273233,0.1332459138526114,0.15044720845166185,0.14055155925595436,0.1324834646505391,0.14951751423813536,0.13947426201489835,0.1314727869702074,0.1483016476934002,s11
73,0.14285672627516083,0.1346267482908192,0.15231353464306005,0.14201416312712775,0.1338402848925974,0.1513698392029755,0.14090029993702338,0.13279985856390453,0.15011428654552664,s11
74,0.1443057429214069,0.13594122097356112,0.15409899542843938,0.14342040114981275,0.1351460083383983,0.15313401338842877,0.14227746482761244,0.13410062558445096,0.1518669803893682,s11
75,0.14573816050076788,0.13689328055633343,0.15590652576839512,0.1448380402805754,0.13609375230663112,0.15493583215960283,0.14366332944579974,0.13502703238868827,0.1536602929349198,s11
76,0.14726038580344797,0.13779123855075312,0.1576710104954006,0.14634880079241763,0.13695006110572477,0.15667764726231256,0.14516353366821325,0.13588326541946522,0.15537294156717749,s11
77,0.14881105682974144,0.13901453249598075,0.15950420358931316,0.14789123009193145,0.1381616931320039,0.15847997990262952,0.1466680637670898,0.13704115671845074,0.157135189920197,s11
78,0.15038406075441865,0.14005882711229686,0.1614034023933053,0.14944685328648444,0.13924861094358731,0.16031959085026523,0.14818674736348736,0.13818408810930075,0.15889741409626507,s11
79,0.1519942253088501,0.14138200833369388,0.16350809151587942,0.1510245028666442,0.1405116914655371,0.16238298114298944,0.14974432574621388,0.13936833665955517,0.16088344771770716,s11
80,0.15360548513867664,0.142425108610221,0.16554148325585147,0.1526098281695885,0.14154525838495408,0.1644143910079646,0.15131283720017769,0.14039022037762075,0.16293581378946323,s11
81,0.15522963917386667,0.14374129037501127,0.16744300954058158,0.15420269372275938,0.14284578003297183,0.1662895020992262,0.1528532272179663,0.14168087135961724,0.16477655325918433,s11
82,0.15682977512422214,0.1451984173918916,0.16965066466799575,0.15579163188274048,0.14427084960232128,0.1684619093469217,0.15443193161866708,0.14305280121727726,0.1669033966341878,s11
83,0.15851615271907132,0.14640850342206715,0.1715750991599699,0.15746712495563786,0.14547834157749662,0.17035091959525947,0.15607946335650513,0.1442567411836871,0.1687551529810656,s11
84,0.16018861860500916,0.1476297428111423,0.17377178956800626,0.15910784702599026,0.14669182411191128,0.17251079289440766,0.157688322491649,0.14546002098888106,0.17085824357005472,s11
85,0.1618573182669514,0.14886956548776625,0.17607731999676035,0.16074501449469608,0.1479197266328475,0.17482642783661692,0.15928814659207435,0.1466723434028298,0.17318546410907668,s11
86,0.16353733499353024,0.1500013558832589,0.1781367895130385,0.1624045543265642,0.1490376317560822,0.17685591377768162,0.16092822441426896,0.14777214191227908,0.17517723271519275,s11
87,0.16522875214686136,0.1511389350241805,0.1803014633088505,0.16408714504907593,0.15014916876956994,0.17894800982375555,0.1625821606955562,0.1488750898435879,0.1771905426902903,s11
88,0.16688351879870866,0.15228110664189873,0.1825814044067685,0.16571276763438755,0.1512877594988029,0.18119266443791782,0.16417687221403782,0.14998367358872702,0.17937430561673107,s11
89,0.16867219709854775,0.15343882233808195,0.18505767444821658,0.16746636190353476,0.15242882441046285,0.18362451881483052,0.16588619995943493,0.1511030584447564,0.18174803105156376,s11
90,0.1705167271982887,0.15460365467828197,0.18744313692082257,0.16930744327312724,0.15355897482256484,0.18602228227040057,0.16768526951362325,0.15217202935569094,0.18413216923533302,s11
91,0.17233778623417467,0.155775434653195,0.18978715382213235,0.17107117240159686,0.154734994862004,0.18832951610185245,0.16942110028082766,0.153336573235304,0.1863938814214261,s11
92,0.17412587195455115,0.1569579713029794,0.19213549865637045,0.1728351249077926,0.15589975597837918,0.1906043094550193,0.171182096159618,0.15451316536272008,0.18860123281958652,s11
93,0.17600831824441135,0.15814818150947563,0.1944554274449254,0.1747084857116662,0.15707582753982194,0.19291769892554778,0.17297469314753353,0.15566907618644585,0.1909054914177306,s11
94,0.1778405356976608,0.1593885113631801,0.19699737637900167,0.1765054000472246,0.15829429209459484,0.1954022143412669,0.17475319729196676,0.15687768504828098,0.19325054882046117,s11
95,0.17969451036098874,0.1606612682875072,0.19948710515757342,0.17831932385836693,0.1595744106542871,0.19785546802731652,0.17651979107113125,0.15814894956890269,0.19574590291239063,s11
50,0.12256793327232515,0.11355169019117783,0.13184767058569494,0.121957973317326,0.1130046386562853,0.13113493716778526,0.12114747782524339,0.11232918879813882,0.1302348497526597,s12
51,0.12355435123432201,0.11474448195937335,0.13264601036636905,0.12292191092455346,0.11419216204399928,0.13195641260477317,0.12211043646537403,0.11346430340547167,0.13104836902915454,s12
52,0.12452043428014223,0.11573540825601117,0.133406132283785,0.1238875872617163,0.11517320178874746,0.13271124330645545,0.1230741608430256,0.11444242864341045,0.13178307762061195,s12
53,0.12553976072883788,0.11685042730510331,0.13415195150063583,0.12490597842052378,0.11630308516956428,0.1334278754010558,0.12407132109095359,0.11558155462178844,0.1324749430140512,s12
54,0.12657592675939067,0.11800900669770145,0.1347917281174373,0.12593425424962745,0.11744870793063901,0.13406711115744008,0.12508147191659463,0.11671055246470748,0.1331292756014001,s12
55,0.12754691367456084,0.11909956568940076,0.13555879893337924,0.12690161753178464,0.11851481508721474,0.13484049506361562,0.126035815161147,0.11774496721709048,0.1338682085361609,s12
56,0.12854471349502544,0.12030726599322919,0.1363055800990483,0.1278861005607783,0.11972757548842122,0.1355580544597666,0.12701518285116428,0.11896374262094556,0.1345744616468146,s12
57,0.12953763041465324,0.12158660852943028,0.13719098482987463,0.1288704400253261,0.12098987225092392,0.13644406035531562,0.12800019646403987,0.12020368618201975,0.13546096078972064,s12
58,0.1305237745818629,0.1225506711993126,0.1381788989427469,0.12984552301603303,0.12192386761554916,0.13741579011458516,0.12896949502846766,0.12109839035600647,0.1364119209720913,s12
59,0.13151354526887948,0.1235662067555217,0.13916268101476756,0.1308237978823241,0.12292997030022243,0.13838827589933492,0.12991196412187797,0.12209229408857268,0.1373696474012203,s12
60,0.13258361714614528,0.12479390248142583,0.14008259830258807,0.13187291047789518,0.12414845812819143,0.1393110104728911,0.13094842540801926,0.12330563428299718,0.1382959161649173,s12
61,0.13361903110151624,0.12580561395878753,0.14096512796582167,0.13290583114577675,0.1251386824321972,0.14016603002818162,0.13197415286323383,0.12426078609296842,0.1391149729818128,s12
62,0.13463610935262948,0.12685961733694887,0.14188480557250463,0.13391018746669436,0.12620228340017578,0.1411044394916983,0.13295258750818878,0.12533684032674686,0.14007757733309723,s12
63,0.13577639801136157,0.12795413840651332,0.14295314488477864,0.13503057870591093,0.12725732367117323,0.14214189152600576,0.13405822148364624,0.12634034379700027,0.14107477044686673,s12
64,0.13683830910655842,0.12908065311258085,0.1440115422285873,0.1360816531649993,0.12839861664012744,0.14321355765838195,0.13508683446954978,0.12750088873102577,0.14214192214072957,s12
65,0.13791179291115616,0.13013514006218277,0.14510715375358327,0.13714319466283717,0.12942027306650644,0.14427229750361847,0.13613959282871457,0.12847999505116323,0.1431745619446253,s12
66,0.13903796832139304,0.13118719479706245,0.14619791021530434,0.1382555399261385,0.1304629561505935,0.145359937433705,0.137240169466579,0.12951006895478692,0.14425793534775067,s12
67,0.14015185649269674,0.13236467203479746,0.1473189326462137,0.1393482133807919,0.13163431435335063,0.14645846485521424,0.1382952952895656,0.13067353466130288,0.14534180740180722,s12
68,0.14120875835380653,0.13333985650710356,0.14864352137892403,0.1404175224603946,0.1325979681840705,0.1477659843733233,0.13937349647486147,0.1316221244921695,0.14661246291305685,s12
69,0.14234408056390951,0.13433605945209023,0.14979794224310614,0.14152924039359355,0.13357876131326635,0.1489088059812662,0.14043927032715287,0.1325826453734299,0.14775162511509596,s12
70,0.14337389543955065,0.13530836512356517,0.15106456069014854,0.14255106033916504,0.13454299939042577,0.15016673033051334,0.14145602312221528,0.13353649251655178,0.14898607513929304,s12
71,0.1444653259711937,0.13624554725139348,0.1523536751850554,0.14361487553696065,0.13547105948534297,0.15144000038749222,0.14250838720584336,0.13445244309669976,0.15023927057206624,s12
72,0.14554608668653587,0.13737583854794147,0.15366010227754048,0.14468519242246514,0.13658420647813949,0.15272972148925687,0.14356384264107652,0.13554347118965326,0.15151753999226694,s12
73,0.14666345799285613,0.13833048339302195,0.1549805430739111,0.14580022851040753,0.13753088574504213,0.15404373481731817,0.14464755227292753,0.13647586939852704,0.15282084476378596,s12
74,0.14786984143334936,0.13928920796224087,0.15642428846506778,0.1469776320641177,0.1384864874222319,0.15545958071787752,0.14580554684838143,0.13743529373172642,0.15419250196985107,s12
75,0.1489240733063104,0.14027733721182956,0.15795940075131426,0.14802911652232834,0.13943728541335307,0.1569677713747146,0.1468529817188146,0.13837459742797414,0.15565483720521114,s12
76,0.15011649489395631,0.14123039917314267,0.15948825296053593,0.14919560520392863,0.14039453005718122,0.1584983597902837,0.14800767123227793,0.1393024569852776,0.1571980660713608,s12
77,0.15135515022532992,0.14214717232576438,0.16122458799608633,0.15040969986308625,0.14132097716370123,0.16014410423026587,0.14918936577148784,0.14024126691376407,0.1587309392552865,s12
78,0.15260372097443134,0.14304789418462965,0.1629539822095803,0.1516689399069834,0.14222731916179185,0.1618887398145654,0.15038941504267755,0.1411484944655914,0.16052941907069956,s12
79,0.15381003244114838,0.14377971770077314,0.164765782991634,0.15284091557981547,0.14295037619238254,0.1637074707692284,0.15159162102279927,0.14186010752882347,0.16229136524485857,s12
80,0.15507749035978488,0.14454531222714184,0.16636509891201628,0.1541120564271527,0.14368751034852806,0.16524859921027926,0.15282654595625722,0.14256359926920464,0.16378328299362452,s12
81,0.15627430534643966,0.1452848256509127,0.16791146790579828,0.1552963442233417,0.14443408257906265,0.16677414609567817,0.15399214856170734,0.14331587927757847,0.16528202916886378,s12
82,0.1574784494528924,0.14601495274554396,0.16961864824073675,0.15647941369104162,0.14515206747116693,0.16847814719590998,0.1551598684384007,0.14401431740388645,0.16698150285909574,s12
83,0.1587255077687996,0.14674083567969867,0.17136228135736917,0.15770290279141636,0.1458761745188866,0.17019571883299986,0.15636270092533927,0.14473827927450483,0.1686612524778416,s12
84,0.15996313509762705,0.14749128387821916,0.17327400074963523,0.15893079472278604,0.14661725750546659,0.1720806241707883,0.1575726243402253,0.1454661135628302,0.17046340977570362,s12
85,0.16126861235687107,0.14824518574902712,0.17503223015796016,0.1602170318394353,0.14736167593625565,0.17382377747000763,0.1588335326995502,0.14620093712461474,0.17223947868482978,s12
86,0.16253593997288052,0.14900495665895325,0.17697603221319816,0.16145611452487027,0.14810997079731442,0.17569280109405386,0.1600356609850162,0.14693694787177874,0.17398054562900664,s12
87,0.16382346364566613,0.14996782592607646,0.1786397616027329,0.16273447376216804,0.14901465057897148,0.17736321725065812,0.16131249589042457,0.14779046728088197,0.17569000160626164,s12
88,0.16512878106525253,0.15093970707730828,0.180611177316803,0.16403283053786916,0.1499873581019424,0.17928603940209786,0.16257323905928325,0.14873821321398284,0.17755012000217396,s12
89,0.16642341879921962,0.15183155087382386,0.1828284819784075,0.16531615891669238,0.15091286387737216,0.18147536319852733,0.16384727127440518,0.14965044130285676,0.17969659128696017,s12
90,0.16765730973499826,0.15279709897188182,0.1847037853823296,0.16651137284706385,0.15181795914041932,0.1833512456169262,0.1650081123638245,0.15053239486667847,0.18157915847671366,s12
91,0.16899686047284634,0.15388617697445092,0.18683989863642084,0.1678296163560541,0.15288151494610433,0.18541927900893734,0.16625330714871034,0.15156270550298911,0.18355897105462066,s12
92,0.17030917910581145,0.15473031731611966,0.1886234183524661,0.16913042331461126,0.15375328335085175,0.18725963993885708,0.16759407184927638,0.15247026947964049,0.18547253581809045,s12
93,0.171643472778421,0.15567755907225223,0.19049073649553125,0.170462887423202,0.1546731752400506,0.18905062247830312,0.16889777020807512,0.1533546827966408,0.1871013434599384,s12
94,0.1730233319750336,0.15636835028081197,0.19238236121349322,0.1718068208249352,0.1553823764544687,0.190911095758169,0.17017511083518655,0.15408095730972068,0.18898489457462275,s12
95,0.17438273737147708,0.1570707935025314,0.1943486970063792,0.17314433494147674,0.156063899223341,0.19284982973313708,0.17154929261445107,0.15474196550022923,0.19088778079006605,s12
50,0.11811934972225263,0.10835529885441156,0.12785592700105256,0.11753375719090865,0.10786280562134165,0.12717611627197872,0.11676998503241892,0.1072295834730649,0.12628139836123406,s13
51,0.1190660777541378,0.10954598980029277,0.12853726923247924,0.11845849418353621,0.10903345410662915,0.12787684963805318,0.11765510256452126,0.10831734329007331,0.12700931007915733,s13
52,0.11989818338615177,0.11054113328186754,0.1293284561595929,0.11928791884072998,0.10998771367195405,0.12864396134923003,0.1184908408415056,0.10928720811545484,0.12773679806934374,s13
53,0.12083253807144712,0.11160522957861545,0.12999206989367096,0.12021665939368738,0.1110740797675976,0.12929859441655042,0.11940828973782389,0.11037447887825153,0.12838474311118236,s13
54,0.12167964587898192,0.11255141087108567,0.13065271284737254,0.12106006863763465,0.11198523071728336,0.12994954688304639,0.12024412458063018,0.11123940876994448,0.12902380831989102,s13
55,0.12255930505592454,0.11359600723195964,0.13138537484798282,0.12192319597908681,0.11302889227700047,0.13068205240030137,0.12108247371534006,0.1122827893145619,0.12975637371691914,s13
56,0.12346737089485121,0.11470593349018705,0.13202155634073334,0.12281987695023375,0.11413279493352348,0.1313085806983435,0.12197163703036477,0.1133869097546962,0.13037029932592406,s13
57,0.12442403850444023,0.11588439357978038,0.1327809463445032,0.12378286083253268,0.1153244745804921,0.13207756566819714,0.12293742544227082,0.1145431948563948,0.13112821580906553,s13
58,0.12535609054533128,0.11689035388860856,0.13361903511631645,0.12470283193869906,0.11630230537813391,0.13289266484085357,0.12384287621648239,0.11551999984717314,0.13195547826365944,s13
59,0.12636919573164823,0.117919067405172,0.13450585923833264,0.12569577580539584,0.11731605118075833,0.1337797670285425,0.12480525864521361,0.11652719681086933,0.13282422014986744,s13
60,0.12739239987800613,0.11893984163709212,0.13549856213548234,0.12670786779724996,0.11833578483918966,0.1347365274165276,0.12581418101143543,0.11753469553526297,0.13373337715893435,s13
61,0.1283794868710755,0.11998138328875058,0.13626991043153933,0.12768058018382977,0.11936439205051069,0.13549069180714934,0.1267687262206882,0.11855198145528374,0.13446624495330248,s13
62,0.12936615169240118,0.12106877361260676,0.13721503821718437,0.12865471489475275,0.1204359935876354,0.13643579083855217,0.12773816308929337,0.1196030485005373,0.13541919391794702,s13
63,0.1303752154033711,0.12212076744367932,0.13831030611142253,0.1296616787881944,0.12148261597045454,0.1375419830120039,0.1287282706280822,0.12063170510842545,0.13653399291753157,s13
64,0.13128307430807595,0.12318386951153873,0.1392725392463778,0.1305545464207902,0.12251743787634627,0.13848548416393425,0.1295836577760967,0.12162976323805248,0.1374502796968234,s13
65,0.1322770079487352,0.12405598361326267,0.14034611818127327,0.13153489445980152,0.12338989272921949,0.13956071615235577,0.13057246805140754,0.12251333085162727,0.13852758819389513,s13
66,0.13330721328371975,0.12489335924555198,0.1413946055525993,0.1325533764714033,0.12419916674026926,0.14057570924881754,0.13156437213534178,0.12327605507891438,0.13949889332780138,s13
67,0.1342871981438138,0.12588283182814466,0.14250377615681425,0.13352579832983338,0.12519800578138365,0.14168393634386883,0.13253310788289707,0.12429698260614967,0.14060618583261575,s13
68,0.13529502702135715,0.1266844295847189,0.14369459916380958,0.13452970574031314,0.12596364204939636,0.1428595594672348,0.13351928165121602,0.12501570108678092,0.14175442553905093,s13
69,0.1362849452441932,0.12755551711907245,0.14465963188404565,0.13549566596350746,0.1268573470251514,0.1438098442421949,0.1344671327759965,0.12593883825244073,0.14269270851518132,s13
70,0.1373087281140314,0.1284926165890562,0.14591831294053895,0.13650675347271785,0.12774915970803177,0.14506985532096353,0.1354486074546189,0.12677175500408652,0.14395436455594915,s13
71,0.13826526129874034,0.12957641955725646,0.14707763234625745,0.13745405950736395,0.12883382928700576,0.14620597242765665,0.13639111853985042,0.12785724044298616,0.1450117997055281,s13
72,0.13925179000746382,0.13048733945928861,0.14821592551877089,0.13844498972670413,0.12973798589735194,0.14733509842464795,0.13737813448821945,0.1287527531717193,0.1461771526938769,s13
73,0.14031218443612725,0.13123072235722869,0.14952641563943622,0.13948778419169977,0.1304689311180551,0.1486216304159634,0.13839572204179965,0.12946725758758879,0.14742259661651083,s13
74,0.14132490564082306,0.13218237301072083,0.15090277140751737,0.14048356522469074,0.1314241781349764,0.14997789976463957,0.13938480650266677,0.13042739121382743,0.14876288216722577,s13
75,0.14233837124441162,0.13315802381888792,0.15227161668772535,0.1414856347005261,0.13236972699590188,0.1513258163267299,0.14037303249035382,0.1313376741647208,0.15009482242073652,s13
76,0.14338736647991,0.13421384524183594,0.15372910599495535,0.14251774203526577,0.13341678627809986,0.1527631992455991,0.14137841801776474,0.13236910144906364,0.15147034075677923,s13
77,0.14444852666037936,0.1350499687638758,0.15514231375576512,0.14355748307316535,0.1342754293480536,0.15416926708390402,0.1424014906448424,0.1332574934382538,0.15287759588053618,s13
78,0.14549004576381933,0.1357376643408807,0.15659043851558144,0.14458538128422735,0.13494354251560453,0.15556607570331163,0.14339858148073426,0.13389956387114565,0.15423949454501948,s13
79,0.14658484751508488,0.13650809536045802,0.15790258019798395,0.14568103658435283,0.13569519487961157,0.15686899204718155,0.14449257399773377,0.13460160978783522,0.15553438428293884,s13
80,0.1477187886693624,0.1373826392893571,0.15952167024560523,0.14677942472439084,0.13653195680861308,0.15845575771304363,0.14552023412652876,0.13541440107478453,0.15705716192048963,s13
81,0.14881805270718865,0.13841221977020537,0.16118012766654716,0.14787315316250882,0.13755659121063715,0.16011031352381336,0.1466267681923039,0.13642541663384247,0.158705903776119,s13
82,0.14994091216283847,0.1392715813212161,0.16289899565923371,0.14897070921012906,0.13843081623253797,0.161809429615461,0.1477076940713636,0.13732632381450935,0.1603754754559617,s13
83,0.1510512005009417,0.1400989429025017,0.16458458921435046,0.15008901848225964,0.13926110111115977,0.16346622967393928,0.14882979754778114,0.13816010746900706,0.1619993798735395,s13
84,0.15221434360546465,0.14090102919657402,0.16634178625083945,0.15123009068080878,0.14005397090148086,0.16517686212170718,0.14994177844950973,0.13894051331929788,0.1636492354958182,s13
85,0.1533660864765192,0.14170711507992148,0.16822693470612948,0.15235710376799533,0.1408487962787214,0.16703347420706152,0.1510504708548798,0.1396983045204149,0.1654692172990082,s13
86,0.15450306327445013,0.14251508747902059,0.1701393166230644,0.15349319360808483,0.14161437484708875,0.16891783980218258,0.1521618958222376,0.14043146199794493,0.1673171758906916,s13
87,0.15566235748648236,0.14309447597504246,0.17206854825225576,0.15463566500701148,0.14224501542649928,0.17081980857679277,0.1532716129247027,0.14112852475212548,0.16918370949290198,s13
88,0.15679470407447066,0.1438819956291813,0.17381340687087377,0.15573603227236482,0.1429660716477712,0.17254901489978344,0.1543603320977212,0.14176379799275932,0.1709149696382819,s13
89,0.1579125178069875,0.14450137786133246,0.17578761149552327,0.15687040848594236,0.14359693535862164,0.17445710171115242,0.1555029997586258,0.14245021560946855,0.1727150801165605,s13
90,0.1589809264899901,0.14520437586874657,0.17799715513145242,0.15792231965196563,0.1442844017044593,0.1766571931240865,0.15654002053125052,0.14307662269821197,0.174900185500619,s13
91,0.16026943387237141,0.14599382556078855,0.1800231472848539,0.15915742490875276,0.14506316699884825,0.17865210367224177,0.15769721914263995,0.1438411427172556,0.17685723890944313,s13
92,0.16140860837256546,0.146785816999982,0.1820319164881227,0.16029680874203603,0.14584480285004062,0.18066213321244765,0.1588354292769868,0.14460927838971988,0.1788270428072346,s13
93,0.162623004471982,0.14757958601922463,0.1837762114083211,0.16148442899632315,0.14662798720037012,0.18241472646869464,0.1600087339434017,0.1453786808387216,0.18063109752877432,s13
94,0.1638150899474991,0.14838222935294795,0.18572414282967648,0.16263500533788736,0.14742003586651167,0.18423524510727907,0.16111660372592201,0.14615692768904093,0.18232861582148693,s13
95,0.1651577890738587,0.14923294899378753,0.18778587544895237,0.16396794800180534,0.14823373956131292,0.18626317529206216,0.16239222566868725,0.14694135867344096,0.18427187136841638,s13
50,0.11322590713187539,0.1048083342927761,0.12175427264645398,0.11268943093190423,0.10433801302814548,0.12114828805102344,0.1119864860325635,0.10371720090305851,0.12034984591754255,s14
51,0.11450527569336447,0.10618749459282097,0.12278102929094244,0.11394577660847738,0.10570255356441144,0.12216103351932807,0.11322745634452129,0.1050555875209761,0.12134721094873487,s14
52,0.11572773684877719,0.10748357344604441,0.12393175360725173,0.11516488484867451,0.10698064913805924,0.12330937562066008,0.11443157798098005,0.1063175077514215,0.1224894578819813,s14
53,0.11695782367307493,0.10890311937620073,0.1250459701443104,0.11638117193065052,0.10838558481164572,0.12440264530798978,0.11563995936858516,0.10770351999263278,0.12355524599793764,s14
54,0.11828950183673674,0.11028728945827687,0.1262018035962149,0.11770117759071949,0.10976048052240303,0.1255495720229579,0.11693883733761262,0.10906601613844237,0.12469065285239726,s14
55,0.11969411380937658,0.11170501847098237,0.12750801226402397,0.11908679391166252,0.11116361365393,0.12683869352805455,0.11829333703179208,0.11045003822683572,0.1259572615684546,s14
56,0.12110647207281312,0.1132363335962418,0.128757800479672,0.12049424459698682,0.11269351431311146,0.1280788745868035,0.11968923332806297,0.11197796285188885,0.1272092576984295,s14
57,0.12253678068837023,0.11455907749888944,0.12996307802517124,0.12190390761383124,0.11398870862830576,0.12926209462742463,0.12108001460497228,0.11323727235507543,0.12830958196301737,s14
58,0.12392787703864247,0.11602143935835993,0.1312388527527423,0.1232820066237535,0.11543023864961538,0.13052993568450696,0.12242832822954655,0.11468310641189465,0.12959678566140734,s14
59,0.12527657321313967,0.11757205002610979,0.1325790282675665,0.12462699769391822,0.11697340840076857,0.13186315223258424,0.12376784397182874,0.11617294008088858,0.13090893979286997,s14
60,0.1267093608702004,0.11900308218465334,0.13376101378762717,0.12604932498277502,0.1183913750459005,0.1330469124253496,0.12516729701742113,0.11758580969088787,0.13210758436205675,s14
61,0.12813317955718317,0.12057223256562183,0.1351240453033601,0.1274390454813421,0.11994650649441968,0.13437588581695245,0.126531156455604,0.11912255365295102,0.1333913674347339,s14
62,0.1295571075583041,0.1220829222416294,0.13659799460224378,0.12885430782971422,0.12144715020233915,0.13581520128752023,0.12793642041868586,0.12060997153669113,0.13481019749572049,s14
63,0.13100760487680477,0.12340405394486655,0.13821264584581305,0.13029321128387655,0.12275452845240287,0.13744745078508322,0.12935944949861666,0.12189946473858812,0.1364269924007179,s14
64,0.1325086896763891,0.12495230782341592,0.1397511484149871,0.13177569344580503,0.12427901749910795,0.1389336778206137,0.1308198197495905,0.12338041978098242,0.1378587056410872,s14
65,0.13408730139749397,0.12637513684265061,0.1413808881656753,0.13334183926881854,0.1256877174800372,0.14056185864422627,0.13234942245201775,0.12478693467822317,0.13947027553802988,s14
66,0.13558330378025718,0.12774857299429387,0.14292933732291,0.13482831964928133,0.12705000028945806,0.14208879097299928,0.13383609722590126,0.12613060062750003,0.14099231681849045,s14
67,0.13711185385526165,0.12914400037495974,0.14448936011432106,0.13631878471266007,0.12842981396393452,0.14363899231085756,0.1352873435991685,0.12749000289762247,0.1425107330294005,s14
68,0.1386030377606966,0.13055468330385164,0.14606299605208697,0.13780784307148441,0.12982473485403956,0.14518631459815648,0.1367467706405926,0.12884364263369594,0.1440414251461218,s14
69,0.14018942250242258,0.13198073810487804,0.14774545961049698,0.13934959990950638,0.1312346127636726,0.14683967410121085,0.13825468927334741,0.13025305037769205,0.14564929402970972,s14
70,0.14174870748376628,0.13352899886280997,0.14962854367955122,0.140902885850762,0.13275856255995933,0.14869234719174396,0.13978693846190315,0.1317385906260981,0.1474625728918828,s14
71,0.14339518811092625,0.13505224288744608,0.1514767798064521,0.14254535922087294,0.1342642878566302,0.15052872753272384,0.1414077725216597,0.13323001465278778,0.1492833733136026,s14
72,0.14500123343496238,0.13659047616559394,0.15343342790953876,0.14410963459232962,0.13578352716199188,0.1524694235527008,0.1429524269617146,0.13472272188273499,0.1512031549855754,s14
73,0.14667959562517535,0.13800486658172087,0.15540811569605123,0.14577153035849627,0.13719861137744674,0.15443966534216058,0.14459329496662374,0.13613858137684154,0.15316587857526368,s14
74,0.1484116681342555,0.13955826161829954,0.1573257477212432,0.14749844861489775,0.13871224551788086,0.1563233238218671,0.14629129178454775,0.13760043345409703,0.15498199735317936,s14
75,0.1500415335499372,0.14100871859857125,0.15937323679371723,0.14908547232062658,0.14017717039045813,0.15833235211225324,0.14785981631922862,0.13908419350667348,0.15695759223904351,s14
76,0.15170233635552202,0.14229494391438102,0.16134840797946232,0.15074961852975124,0.14142595170578498,0.1602567825501602,0.14949018398163505,0.14028484806515618,0.15882434329232092,s14
77,0.15346161477428394,0.1437753644278551,0.1635888773859903,0.15245878825916412,0.14287368145634813,0.16247562863850254,0.151174876252742,0.141689387993312,0.16101519018860388,s14
78,0.15523024847155048,0.14526833107343193,0.16588086296444363,0.1542099294052579,0.14435197284748957,0.16477205006613602,0.15287637175563104,0.1431483301341196,0.16331693134818132,s14
79,0.157014361579946,0.14680333859940403,0.16811329909200112,0.15598997851102103,0.14585138068407916,0.16698743521860704,0.1546454552710168,0.1446377492503593,0.16545012938229878,s14
80,0.15867636548426006,0.14821292626413565,0.17012670014447717,0.15764222743436662,0.14727339878790285,0.16897444203986325,0.1562679228474944,0.1460394791078897,0.16746267145482938,s14
81,0.1604438042672836,0.1496183444933632,0.17245754053942003,0.15935125900925706,0.1486608430294209,0.17122516023817944,0.15794210910934464,0.1474036284731294,0.1696091761232726,s14
82,0.16225563812833144,0.15102382176047832,0.1746481625740193,0.16112647989462403,0.15005505791757964,0.17338531967415982,0.15967131964019374,0.14878069035266217,0.17172971725506309,s14
83,0.16404959948124426,0.1525270683705405,0.17694994492182967,0.16292498433096836,0.15152430413520276,0.17568977928234125,0.1614482140757021,0.15020327962645263,0.17403757819188403,s14
84,0.16592849668214882,0.15390206590887454,0.17918893474854744,0.16475956094856764,0.15290502137423823,0.17788900324677495,0.16323617835267978,0.15157598352579882,0.17619504999946192,s14
85,0.1677873299967239,0.1551849096778485,0.18151800840654747,0.16661144256976468,0.1541774521721718,0.18016632461445228,0.1650727564760696,0.1528547162123396,0.17839560964257284,s14
86,0.16967274331211182,0.1567419558489691,0.18423823318168017,0.16847685940262316,0.1556877071636957,0.18283583440461662,0.1668917444744749,0.15430432635448446,0.18094507476597718,s14
87,0.17157966173772848,0.15805277241144794,0.1861820082048073,0.17033024371980893,0.15698062965787074,0.18479121067717838,0.16868626335095416,0.15557396324969391,0.18296908696558217,s14
88,0.17345793762048112,0.159376966088616,0.18896361880063214,0.1721601490265307,0.15828538192640218,0.1874656693740178,0.1704873980991034,0.15685409697923391,0.1855229092187706,s14
89,0.17553959495343993,0.16071515938600384,0.1917139444578498,0.17424473303750285,0.15960498264201825,0.1902023302875705,0.17251298552536043,0.15814883051425582,0.18822405899908312,s14
90,0.17754389396291148,0.1620646548473387,0.19460980134347436,0.1762323140594601,0.16093557187623383,0.19304326001115615,0.17451944550208798,0.15945482379132836,0.19099376619343317,s14
91,0.17948580316877735,0.16342554580026647,0.19755469885930088,0.17816998012706406,0.1622772378428768,0.19593458032384736,0.17642271983769015,0.16077148409629477,0.19381556833431857,s14
92,0.18148927768559442,0.1647941786694739,0.20033250471999398,0.1800768730557132,0.16362654232693763,0.1986668145160388,0.17827807313916144,0.16209656368250464,0.19648871323500908,s14
93,0.18357776245148902,0.16623018583856566,0.20314136644036512,0.18213696930262657,0.16505254943156078,0.20142878441935627,0.18026650947415396,0.16350872087624932,0.19919000198493647,s14
94,0.18565566219028592,0.16757346649247862,0.20598921767483286,0.18420652618200312,0.16637641494645955,0.20422845717093716,0.18228860182859824,0.16480734793017818,0.20192729960321176,s14
95,0.1876981985569499,0.1689249896571455,0.20887154833474358,0.18625121314476645,0.16770889082029064,0.2070662937145698,0.18430830424688655,0.16611505751187772,0.2047010770400695,s14
50,0.1157417336740254,0.1073117342625138,0.1253053510829942,0.11518723599357367,0.1068132432296866,0.12466165869989909,0.11445922014398634,0.10615600771929416,0.12381284002832917,s19
51,0.11671892141562262,0.10834950292006047,0.12608934981135797,0.11617018994145523,0.10784147821752657,0.12544097988174185,0.11543581067811262,0.10718467940582607,0.124576055226957,s19
52,0.11767534459711348,0.10942859066616889,0.12681083543906715,0.11710872830949093,0.10891755243688606,0.12614595387734873,0.11636420467287786,0.10824251031055036,0.12527110772729386,s19
53,0.11874486743861187,0.11058994213573764,0.12755584468805087,0.11814524508275409,0.1100637009109099,0.12688797742416236,0.11735324947782838,0.1093624697844011,0.12600863470017432,s19
54,0.11970145550442424,0.11162122798269528,0.12847946761982162,0.11910147956765083,0.11108253298199194,0.12782454025075946,0.11831450425952253,0.11037290319537237,0.1269618920293542,s19
55,0.12073204959623443,0.11260336053609224,0.12947305635904013,0.12012578833891335,0.1120534773975096,0.1288081022601678,0.11934536329536394,0.11132888494760507,0.12794114579482382,s19
56,0.12185679488387273,0.11369357306752095,0.13047724019993115,0.12124504992222146,0.11313810416523187,0.12981265110240783,0.12042731671233697,0.112423613378263,0.1289473407360627,s19
57,0.12281098344252236,0.11488237213563884,0.13142389789907882,0.12219146268233236,0.11430696454625462,0.13074816082965046,0.12136907073389985,0.11354897150507455,0.12985775463761015,s19
58,0.12384506550667622,0.1159649773229695,0.13233418227330132,0.12321756198128736,0.11537557203121236,0.1316619878379559,0.12237983888485378,0.11459926468154462,0.13075800857358624,s19
59,0.12488066296064304,0.11702263720018263,0.13316455255867612,0.12422717207615373,0.11643204954422799,0.1324447319114379,0.12336435176782892,0.11564854761592046,0.13151378731520513,s19
60,0.12587357143182876,0.11815851237542224,0.13409556405113954,0.12520042323776842,0.11755135214699255,0.13337841431756622,0.1243511746122614,0.1167528035638504,0.13243406872341373,s19
61,0.12692194774798554,0.11922712432723395,0.1349473788358838,0.12626382792069418,0.11862553000372411,0.13420738607706695,0.12539960089162733,0.11782614495941157,0.1332435247558606,s19
62,0.12798191243523943,0.12025697792582628,0.13585893759013984,0.1273124117671471,0.11964511697232147,0.1350992653919517,0.12642595328649842,0.11883245137790505,0.13409995058093052,s19
63,0.12901030879268405,0.12136557257890043,0.13682806587729007,0.1283281126151838,0.12074636919515176,0.13610842832467498,0.12742355796609237,0.11989515976150003,0.1351418357714053,s19
64,0.13002925527857145,0.12234574365606433,0.13781526959557341,0.1293204160164951,0.12170583454424805,0.13703600255447432,0.12841186900066837,0.12086806894316139,0.13601963445494406,s19
65,0.1311018160759575,0.1235118083068264,0.1386738534790954,0.13039723637540662,0.12285624214801191,0.13793417790200724,0.1294689966904511,0.12199326807265792,0.13696067084814478,s19
66,0.1322386182439454,0.1246482750689025,0.13989306059960593,0.13152155692550954,0.12396395146533609,0.13908479614066105,0.1305779304022233,0.12306290994382653,0.13802185734589256,s19
67,0.13335828615823955,0.12576360563973368,0.14090964891694363,0.13261779495172699,0.12510618933441892,0.1401154421678666,0.13164708423350746,0.12421462583433544,0.13907072108516322,s19
68,0.13434725129602273,0.12693473328833466,0.14227152448749586,0.13360820238951826,0.12624182776483137,0.14145263103996145,0.13263658796443778,0.12533781321854767,0.1403758156354017,s19
69,0.13549055605473617,0.12789683776638938,0.14356223065897938,0.13474016027189778,0.12719548162583547,0.14271937077486505,0.13374322980405023,0.12628986737521933,0.14161112567696746,s19
70,0.13666576842804395,0.12886768509840746,0.14492930250300065,0.1358973636844577,0.12815621983628137,0.14407235549465788,0.13486484251303432,0.12722034476348815,0.14294583350799783,s19
71,0.13776798452988614,0.129853983477949,0.14645231993641816,0.13698221944896444,0.1291391974496807,0.1455850282135023,0.13594234912395387,0.12819878192908638,0.14444489425114615,s19
72,0.13891498340593705,0.13071721418383533,0.14759782439076144,0.13810597582745815,0.1299978826405691,0.14672005568869986,0.1370389279967073,0.12905152507875886,0.1455663424153596,s19
73,0.1399679633469917,0.13177941604893953,0.14876008178799224,0.13914933053791467,0.13103198476189495,0.14787831478265442,0.13807528137038047,0.1300668780954487,0.1467191321177996,s19
74,0.1411513239249224,0.13278882501374906,0.15015246378218422,0.14032891604758232,0.13204462484955848,0.14924911861108184,0.13923563062762956,0.1310669465839716,0.14806193658760716,s19
75,0.14229605115446703,0.1335849615309863,0.15162519771302085,0.1414594907562664,0.13283186859731658,0.15070485304034506,0.1403517173012943,0.13184161386477763,0.14949548324364076,s19
76,0.143501054654659,0.1344800597054504,0.15309479188353275,0.14265124961579323,0.13371228971762816,0.1521246936354529,0.14152127861749242,0.1327026585128266,0.15085051920379577,s19
77,0.14459525651988064,0.13519310827169415,0.15450409248011038,0.14372897924004932,0.13442107698894637,0.15353385225684324,0.14259791408776556,0.13340609230521794,0.1522218180546665,s19
78,0.1457616520638207,0.13601645266553256,0.15614215819720467,0.14486058443420902,0.1352243391406576,0.15516308956451402,0.14369985901732835,0.13419645384324666,0.15387715500828203,s19
79,0.14699657040491948,0.13693667005575813,0.15767477919681971,0.1460929766446652,0.13613002767580998,0.15667705357186454,0.14489112033237703,0.1350698766403023,0.1553667918539397,s19
80,0.1481036620884698,0.13786150274531084,0.15923914698272812,0.14717725093206635,0.13704334433690932,0.1582105498745938,0.1459564323009253,0.13596817700600888,0.1569002730566514,s19
81,0.14928759854923124,0.13872654922189018,0.16081394963813106,0.14836265490063757,0.13788884150817374,0.15978381860310129,0.14713619396536848,0.13678813406093282,0.15843795476289332,s19
82,0.1504140891604413,0.13968819236532745,0.16239639163356553,0.1494704757757386,0.1388508018071763,0.16135388211519955,0.14825498880656066,0.13775011678207835,0.15998513798432687,s19
83,0.1515962322157282,0.14054627687663976,0.1639950898395342,0.15063697879267557,0.1397166238780766,0.16290545448630017,0.14938816996132673,0.13862655974506577,0.16147525037486773,s19
84,0.15286524891463674,0.1415610271966593,0.16560812634832645,0.15188740159726238,0.14070579532930647,0.16448082087932295,0.15059423157883478,0.1395821006224342,0.16303365231153416,s19
85,0.15416893051490543,0.1425095762983689,0.16741754401105627,0.15316504445960807,0.14165032198538158,0.166260765206116,0.1518564693937277,0.1405210537135005,0.1647438863221934,s19
86,0.15540109016168,0.1432120466381299,0.16928413993534863,0.15438464753983286,0.1423498414426456,0.16811930628388894,0.15305783645593898,0.14121683703976215,0.16659111698210813,s19
87,0.1567335783403609,0.1438608875215527,0.1712328461750697,0.1557090348290608,0.14299064101074418,0.17000500924901799,0.1543608512551968,0.14184714656125413,0.16839571121686592,s19
88,0.15798032466632062,0.14451272734268203,0.1730452258824652,0.1569563352408787,0.1436343648646562,0.17187168034510023,0.15558296292815907,0.14248028403712287,0.17020529691998754,s19
89,0.15933577440807234,0.14556887652645237,0.17466295550324812,0.15827833886882275,0.14463821976174485,0.17347680934087814,0.15687626255909487,0.14341636781462647,0.17189593483948956,s19
90,0.16060613520701145,0.14667520124060499,0.17653353237026453,0.1595341699643959,0.1457299557859056,0.175236230704539,0.15813513260568804,0.14448909853783598,0.17350909237180726,s19
91,0.1619406734108222,0.1474995520339991,0.1784147140909769,0.16081599582623074,0.14659397457597623,0.1770972723182879,0.15937118326676897,0.1453782736279365,0.17537157749677904,s19
92,0.16333297973650915,0.14830212643238863,0.18033941064996625,0.16220407878739868,0.14737951373562755,0.17901422066698905,0.1607199695272069,0.14611825502738765,0.1772548271943033,s19
93,0.1646759247504827,0.14910899288434873,0.18214169302831282,0.16354753892435725,0.14813783608261075,0.1807773844421651,0.16203615937404114,0.1468629180055197,0.17900637086619497,s19
94,0.16600933104144217,0.1498820286351319,0.18433239984852642,0.16485793338249283,0.14890063480493398,0.18292483905339024,0.1633316927616693,0.14761238159858728,0.18108216229302893,s19
95,0.1673922655023114,0.15073785402607678,0.18635267951790546,0.16620338474752533,0.14979041624859626,0.18491278015283397,0.1646792213831586,0.1485336440047763,0.18302816093703106,s19
50,0.11122195780096727,0.10360425614839787,0.12009225742697335,0.11069902454369471,0.10313944406420221,0.11947277768508217,0.11001305594011368,0.1025264849046558,0.11865708031997797,s2
51,0.11253016678326981,0.1049703509953191,0.1210981422605065,0.11199058946209314,0.10447510776402148,0.12046523187327533,0.11127233107660325,0.10382234617854633,0.11964295468116232,s2
52,0.11383632832578691,0.10628975998382352,0.12209493208175198,0.1132824574758372,0.10578153157087654,0.121455491045395,0.11254947942629848,0.10511662091796621,0.1206136475971161,s2
53,0.11513211756338455,0.10777369883653513,0.12315543378371796,0.11456870947366932,0.10725860068904355,0.12250046346717207,0.11382639851484375,0.10658027449848459,0.12163833696958663,s2
54,0.11647128503543047,0.10922785888853172,0.12419759155921309,0.11589483914197111,0.10871315039918562,0.1235309535209997,0.11513394763989965,0.10803474927294315,0.12265357097251765,s2
55,0.1178014927192553,0.1108311460350036,0.12524946726510322,0.11720039883499114,0.11029814727643304,0.12457157932744711,0.1164113524049892,0.10959580346830493,0.1236792526081259,s2
56,0.11913447586200941,0.11217303050583272,0.1263938330751629,0.11852118928826522,0.11163564200222767,0.125730770296007,0.11772086762927012,0.11092746951191569,0.12485786665130628,s2
57,0.12049142966041601,0.11366053780907728,0.12747579715520732,0.11987390488683679,0.11309022942650473,0.12678379496599868,0.11905808476724947,0.11233918808193775,0.12587318893542088,s2
58,0.12181168897891959,0.11505053530486858,0.12885791196357382,0.12115792522219708,0.11448341610157046,0.12815784796593618,0.12030488750896956,0.11373638968551789,0.1272366004391757,s2
59,0.12322958686405507,0.11651740228445137,0.13012397447138654,0.12256698731751792,0.11593523855827009,0.12938992309756137,0.12169352133055443,0.11516847652325929,0.12842449001214157,s2
60,0.12461468335706419,0.11802880174130867,0.131305337128455,0.1239370351461469,0.11742750072266553,0.1305697796855474,0.12304507532418496,0.11663560247456975,0.1296021549706028,s2
61,0.12602387447964242,0.11951626782889843,0.1326643373737358,0.12534053744425666,0.11890206457518002,0.1319040024262657,0.1244354881803404,0.11809337774112762,0.13090418223918526,s2
62,0.12745857295118046,0.12103524332883084,0.13398438719034364,0.12675947298929746,0.12038998790656963,0.13321812646373635,0.12584890929165937,0.11951869091572859,0.1322103916382026,s2
63,0.12888555602835863,0.12256799781941266,0.13540823001406357,0.1281753481179408,0.12190611603449619,0.1346150974489053,0.12723139402841716,0.12103518841818876,0.13357250344990734,s2
64,0.13034267759383383,0.12390154112178955,0.13671004720167668,0.12960345860390327,0.12322492538671158,0.13590082399281075,0.12864494474438193,0.12233478727122987,0.13483722915455515,s2
65,0.13181589751704076,0.12550766101661437,0.13817264027466647,0.13106232333262874,0.12481276415992514,0.13734564228127416,0.13007357143595394,0.12389870291811385,0.13626146832431266,s2
66,0.13336008572881908,0.12692497824725718,0.13973200904374322,0.1325978012602052,0.1262110183299558,0.13889079664675077,0.13158439559579138,0.12527181112855276,0.13778533671803103,s2
67,0.13484055163279135,0.128362396063733,0.14153675157671483,0.1340559723239,0.12762424546769566,0.14068645597151833,0.13302932612305018,0.12665371099959788,0.13956093983415954,s2
68,0.13642052830238488,0.1297583752683766,0.14322742025818636,0.1356017935501507,0.12901993592738562,0.14234577735806458,0.13452365905370978,0.12804892606713889,0.1411872384155364,s2
69,0.1379060641747013,0.13116673530027706,0.1449278820913888,0.13707615027448944,0.1304114217150602,0.14403856401702075,0.1359886094672133,0.12941838201419725,0.14287017165322213,s2
70,0.13954852144745872,0.1325910494886621,0.14658347332100272,0.13869698664392038,0.1318185044290342,0.14567682010854185,0.1375823539008738,0.13080296956756615,0.1444857642797087,s2
71,0.14119077358818577,0.13406085332171658,0.14864521278392698,0.1403142317429176,0.13326437494309956,0.14771182509209607,0.13917033743763185,0.13221755789945128,0.14645065545577163,s2
72,0.142757267303112,0.1355053217983678,0.15057521279530237,0.14187171163281945,0.13469110104130028,0.14961098949409543,0.140712624813792,0.1336211341392407,0.14834507238343905,s2
73,0.14443167809768798,0.13695944673517274,0.15250621911903633,0.14352665835297804,0.13613257086768898,0.15151272211212885,0.14232777357790544,0.13503789734494195,0.15020858061331788,s2
74,0.1460990795678267,0.138407892003138,0.15455474087900262,0.14516819032799289,0.13756724652327587,0.15355514843584317,0.14394179140085056,0.13646274787063212,0.15224255312988086,s2
75,0.1477268829527621,0.1397693307813512,0.15643845124099326,0.1467566699722644,0.13889958097060376,0.15538878167608383,0.14549284103242294,0.1377575601500353,0.15401160564272395,s2
76,0.1493946091343546,0.14105372038221467,0.1584717173244524,0.14841886909577406,0.14015885304965425,0.1574006721695866,0.14712671950677203,0.13898429586769956,0.1559870107937335,s2
77,0.1510375144156606,0.14244451897645002,0.16082824717068578,0.1500363432063861,0.14155809659483035,0.1596939083102151,0.14872352714903636,0.14038996248123378,0.15820046395522785,s2
78,0.15275963543409632,0.14353478695093358,0.1629083285796318,0.15174309243224912,0.1426160218811279,0.1617861195716065,0.15040937743634974,0.14140994209207453,0.1603093709030626,s2
79,0.15457791187688974,0.14481248594989404,0.16515676264455229,0.1535280170242192,0.14389017217187758,0.16398182400379785,0.1521507009373413,0.14269201139599888,0.16244190186222016,s2
80,0.1563534596520053,0.14610107536340602,0.16745810690806293,0.1552659619503215,0.1451567233827982,0.1662433476497518,0.1538474409685184,0.1439239373039932,0.16465159731531312,s2
81,0.1582072873921691,0.14739665453512585,0.1696953679394294,0.15711481421281545,0.14642600041642453,0.16844957831363586,0.15566394047095639,0.1451523499728435,0.16681742822042056,s2
82,0.16003757712609426,0.14871143662942118,0.17189256006777784,0.158903720552325,0.1477219546339022,0.1706119811471268,0.15741409793285138,0.1464239349730296,0.16893411848753145,s2
83,0.16189412086543153,0.15004618258170982,0.17415006381393758,0.1607356117174475,0.14906363495205122,0.17283526687754208,0.15920291356679095,0.14774298392233662,0.17111360015538465,s2
84,0.1637491788609829,0.1514672251036072,0.1766830493478345,0.16256845490790642,0.150452507820929,0.17531302139555405,0.1610260948876614,0.14912118985735465,0.17351998571732868,s2
85,0.16564362049999065,0.1527209730476053,0.17922832348745063,0.16443010123188284,0.15167619511221433,0.17784384549171933,0.16283246625623096,0.15030610175200462,0.17603166832819275,s2
86,0.1675873322863168,0.15403259838599073,0.18159540225032372,0.1663571276287356,0.15298315232789916,0.1801740086092497,0.16472953251643144,0.15160659301695922,0.17831394469223164,s2
87,0.16946217718577325,0.1553358449954119,0.18414833253629143,0.16820633647930447,0.15426748542718458,0.1826509783267886,0.1665286435889609,0.15286633500929034,0.180695131268146,s2
88,0.17139208560780958,0.15679400742669133,0.18689070087192616,0.17009481667367737,0.15568087221644133,0.18534751148688378,0.16838107692116525,0.1542218307799214,0.18333024574292683,s2
89,0.17331890430572514,0.15804286784504423,0.1896698181115104,0.17199747073799626,0.15691137223131033,0.18808058515032144,0.17026749727847945,0.15544362180793425,0.18600369850545323,s2
90,0.17535601154807653,0.15930348218236598,0.19233844481801982,0.17398806300920494,0.15817863979959107,0.19073421061528217,0.17218246858435304,0.156705075935231,0.18863736402527578,s2
91,0.1772932945283593,0.16057498024660447,0.1949077242428674,0.1759087210679526,0.15944873185593386,0.19325972360830188,0.1740969011346504,0.15797284174598084,0.19110622679515848,s2
92,0.17927124899276126,0.16184961443191898,0.1978344206600691,0.17785168998551967,0.16070263591208628,0.1961054598298223,0.17600485904320956,0.15919907605917183,0.19384656156467567,s2
93,0.18142646667064097,0.1632158899757131,0.20077926353131803,0.17999035473197111,0.1620491022535432,0.19902389142076338,0.1781108981284067,0.1605200031729458,0.19669755892361315,s2
94,0.18353894365517798,0.16459384878220262,0.20340554733153032,0.18203681592127668,0.16340724236508394,0.20162133908936924,0.18011369971004096,0.16185256994816308,0.19929158284462545,s2
95,0.18567070881106762,0.16598993369175025,0.20651097125481238,0.1841331590458306,0.1647830557033834,0.20460148808644368,0.18213817086257966,0.1631991952700304,0.20211086785017918,s2
50,0.12580087368389686,0.11652315168107963,0.135081950771222,0.12517711491971104,0.11599009133767836,0.13437566373925855,0.12435529767050271,0.11528721270693457,0.1334458908811383,s20
51,0.12676260751219984,0.11765117280838736,0.13580301269094477,0.12613380621685055,0.1171074015174803,0.13506683855857485,0.12530474807187944,0.11638808681299857,0.13413019213047211,s20
52,0.12768022132127282,0.11878904130082392,0.13668206932327742,0.12704868120320076,0.11823414602357432,0.1359608803419317,0.1262306854949296,0.1174844340546177,0.13501146406146228,s20
53,0.12867982982657322,0.11983087185575793,0.13740090228061932,0.12803674961510256,0.119265753506527,0.13668054434059637,0.12718193996719643,0.1185209197749176,0.13573218599535009,s20
54,0.1296290077455955,0.1210966116522052,0.13833569627834852,0.1289741199442489,0.12050803665378274,0.13760491640038458,0.1280914668147862,0.1197323891264386,0.1366428903370179,s20
55,0.13055446274665983,0.12218597157080112,0.13912002423699638,0.12989235282867628,0.12158658654529676,0.13837696576959374,0.1290324303573887,0.12078903817485125,0.1373985640748325,s20
56,0.13157608764963374,0.12319160476628559,0.13974861434771788,0.13088719561723317,0.12258182739704064,0.13899805358573747,0.13000049743854566,0.12177840555186475,0.13801020190276703,s20
57,0.1325601031015263,0.12431817412379098,0.14047028515472854,0.13187849358657888,0.12370605092679372,0.1397247009828117,0.1309753185029202,0.1229141304856797,0.1387432873076241,s20
58,0.13362758597069083,0.12548269527903416,0.1412297684113585,0.13292473515744774,0.1248288666198159,0.1404642914990817,0.1319979904640292,0.12396839363665697,0.13945690524290758,s20
59,0.1345626317332149,0.12654955214550323,0.14206193137429443,0.13385456486062397,0.1259046662981681,0.14128374539541183,0.13292265256142843,0.12505532242223838,0.1402597747089256,s20
60,0.135617941125111,0.1276728313913835,0.1429908085633288,0.13488905748310837,0.12699557734238126,0.1422168147204405,0.1339334307876585,0.12612321325092823,0.14119825991368326,s20
61,0.1366363280690324,0.128794024539132,0.1439300594542305,0.1359062797218915,0.12811660554899634,0.14314498737953738,0.13494621713436405,0.12721941797901778,0.14211181652345892,s20
62,0.13768568676551596,0.12976874294338692,0.14488157063908022,0.13693733518394463,0.12907604542225176,0.14406551475037763,0.13596420274369148,0.12818047031592864,0.14301399602687087,s20
63,0.13872822248197214,0.13081025537740626,0.14613404387973622,0.13797186350359972,0.13012117955329341,0.14531634015399433,0.13697328508962917,0.12921395234670494,0.1442406687712359,s20
64,0.13976047742031217,0.13188598948605024,0.14739973022538408,0.13899958548974506,0.13117157677941413,0.14658924334256515,0.13799305968981468,0.13023129610407289,0.14552292877647682,s20
65,0.1407548190118636,0.132934993575088,0.14855953356641435,0.13997559581863356,0.13221376845912264,0.14772832680773093,0.13893844410175082,0.13129267587231913,0.1466349724961601,s20
66,0.14182278999142517,0.13393672434107814,0.14969126473642347,0.14103904756547106,0.1332052857001051,0.1488257214469478,0.13999693744449607,0.13226696283076542,0.14771623551150712,s20
67,0.1429183548920852,0.1350532899251657,0.15087047543106707,0.14211418077627608,0.13430400317398467,0.14998762750920833,0.1410609763246094,0.13335084727143856,0.14887531062468704,s20
68,0.14395691842613897,0.13580415667700374,0.15197941430238482,0.14314860535864424,0.13506238108043567,0.15110385503104687,0.14209397339583799,0.13408628056698219,0.14995260943515942,s20
69,0.14501692197961857,0.1371150321037397,0.15316166789521318,0.14418900738270723,0.13635290979738449,0.15226077635600974,0.14310293178414468,0.13535036106035775,0.15107652040145036,s20
70,0.146203360126131,0.1378390864892814,0.1543696385661975,0.14535993174219503,0.1370692890536033,0.15345553324511416,0.1442524640166873,0.1360566141726776,0.1522545522801349,s20
71,0.147312132818047,0.13870886808707522,0.1557065451427258,0.14647121721386758,0.13794055739699726,0.15477818106823849,0.1453445924900239,0.13692998595293823,0.15355812376523548,s20
72,0.14840855118639723,0.1396572516831402,0.15705722896316696,0.14754140886550265,0.1388654450414732,0.156111913633633,0.1463943288538242,0.13782407071226166,0.15486974277355361,s20
73,0.14945959670951586,0.14053570988311473,0.15834299261246548,0.14857135437960803,0.13972810992957566,0.15737507670953516,0.14743162734470316,0.13866610104465646,0.15610338542911206,s20
74,0.15054870440104923,0.14150624103946569,0.15979464206697278,0.14964197895308742,0.1406871930804834,0.15881494102706842,0.1484655954714099,0.13961698498915995,0.15752791948412093,s20
75,0.1516796454814571,0.1424807705468134,0.1614825168611224,0.1507752708155666,0.14165047399304603,0.16046876245091235,0.1495626383914356,0.14055882852044896,0.15913717107451847,s20
76,0.15282875370495952,0.14326589837762863,0.16306094545519229,0.15190816012288727,0.14244802288293698,0.16203003330136848,0.1506974174471864,0.14137260418198547,0.16067617390600455,s20
77,0.153972190289269,0.1442691510087891,0.16440490952082856,0.1530432630110748,0.1434090077288642,0.16334140889609072,0.15181509051788994,0.1422784469891104,0.1619452748208645,s20
78,0.15513958381243084,0.14513354962763267,0.16590456341523765,0.15418501123841657,0.14426235921000138,0.1648559439096523,0.15294062032830752,0.1431461693135534,0.16347889319920958,s20
79,0.15628020508532647,0.14604761842285374,0.1674823949202381,0.1553102311320382,0.14518332811422358,0.16638889334724105,0.15404292167816624,0.14404737835266257,0.16497169199463552,s20
80,0.157492545191958,0.14689899982976193,0.1689803871811103,0.15652566281869074,0.1460369016857008,0.16789327194892312,0.15522975849781911,0.1448982726637555,0.16646657999607992,s20
81,0.15860173273826011,0.1476151467982844,0.17046627755501445,0.1576026939228754,0.14673593543840935,0.16934439325079145,0.15628978704752738,0.1455815464190832,0.1678721164871364,s20
82,0.15982001873016144,0.14845961855183734,0.1721357096436381,0.15881137613269913,0.1475709824380102,0.17097553518039582,0.15747631023718892,0.14640317838012903,0.16945338297150994,s20
83,0.16111972266377467,0.14907571898496189,0.17387353670134834,0.1600926158138946,0.1481849533353365,0.17266508331441383,0.15875013809329178,0.14701434034077238,0.1711090390255706,s20
84,0.16232482154068742,0.14976760373208703,0.17558970848881514,0.1612871689681858,0.14887814963296855,0.17439475475617552,0.1599168250225177,0.14770907722661888,0.1728273943750677,s20
85,0.16354228818649053,0.15041823341694655,0.17739557740347925,0.16247155379008105,0.14952109241680125,0.1761629593834858,0.16108212925851834,0.14834199366643686,0.17454647493672504,s20
86,0.1647295938460503,0.15107932357187595,0.1792308529195229,0.1636606803191158,0.1501685292716957,0.17798451663853865,0.16225254050336638,0.14897861813516314,0.17635031516857128,s20
87,0.16595717585082465,0.15203193015664104,0.18108134538583065,0.1648732051924968,0.15110460332245812,0.17980877214787344,0.16343168428220203,0.14988630203375877,0.17814045933160827,s20
88,0.16714077062160665,0.15275603236055763,0.18293972779206122,0.1660175164200206,0.15179543448376512,0.18163698449589138,0.16455436836574558,0.1505487456737772,0.17992945183721487,s20
89,0.1684109658208148,0.1535794416402618,0.1846595570197597,0.1672926440841797,0.15262178263594584,0.1833316771890326,0.1658054600165937,0.15136447342391451,0.1815914777885816,s20
90,0.1696869656380674,0.15449502801716147,0.18639580704236952,0.16853934087814137,0.15352811764507596,0.18504231125230006,0.167071770048938,0.1522512145332372,0.18326882981090512,s20
91,0.17089281863797373,0.15518236436746738,0.18814529927059537,0.16974889071573865,0.15423971297720881,0.18676642289029954,0.16825308072475414,0.15296747790729112,0.18495995892726422,s20
92,0.17215772021131132,0.1558268733176906,0.1900157572042976,0.1709811708463153,0.1548544327624912,0.18856963252154882,0.16946620812550378,0.15357707779604032,0.18670949188683017,s20
93,0.17349020069000853,0.15658389633935915,0.19199480814502806,0.17228969350074486,0.15557846191299526,0.19058789388495442,0.17070615273337503,0.15423963662047266,0.18870336992272774,s20
94,0.17477030681771444,0.1573508010226599,0.19409056300864724,0.17357655461179877,0.1563552390322188,0.1926024353260223,0.17200230443929712,0.15504798430241853,0.19059176954193643,s20
95,0.17612896734216685,0.15812522279841246,0.19609792012800611,0.17490731713115396,0.15711984648616462,0.19455073871040163,0.1732674312958444,0.1557998051138295,0.19252644394777488,s20
50,0.11381145344700414,0.10559772189085138,0.12323925458652765,0.11327199679748276,0.10512249688723467,0.12261315464108384,0.11255703384693654,0.10451497203235023,0.12178854349959772,s21
51,0.11497268259670844,0.10687637594512309,0.1240671988578641,0.11441087117428395,0.10640464133541318,0.1234398057371695,0.11369297026943913,0.10578240245776542,0.12261345285303824,s21
52,0.11616735338879891,0.10818774901036607,0.12512951903321692,0.1155924032025198,0.1077039495799462,0.12449142753964353,0.11484170783140116,0.10706588388562845,0.12365106635159462,s21
53,0.11727872507136754,0.10950554241211584,0.12620528032967157,0.11670101278863998,0.109000576315043,0.1255568412761255,0.11594743580980804,0.1083347425516448,0.1247098677575432,s21
54,0.11845500435716967,0.11085631007931446,0.12725241544929228,0.11785675686378158,0.11032068099582745,0.12659522435352125,0.11706820342411939,0.10961487851196063,0.12572986287553065,s21
55,0.11961677058554536,0.11212073876287107,0.12837982688116048,0.1190092212173882,0.11158994160007855,0.12770687107945267,0.11820609322804815,0.11089052778734038,0.1268194099351028,s21
56,0.12078742092904912,0.11341755438642843,0.12948944228306683,0.1201665183912244,0.11285798670381994,0.1288024627214614,0.11935861904496949,0.11212074169947518,0.1278980730698358,s21
57,0.12197715942135409,0.11445989409548185,0.13051824391780756,0.12134546784917805,0.11386980236619314,0.12981799170505867,0.12051591580189924,0.1130928569896834,0.12889630238263983,s21
58,0.12316188333963574,0.11563705370324652,0.13146293343197876,0.12252523466487836,0.11507810645794116,0.1307700215440123,0.12169199419124141,0.11434168593098791,0.12984091305427115,s21
59,0.12438262839060604,0.11689301321138061,0.13249603764109238,0.1237328719971243,0.11630125691185911,0.1317758563889718,0.12287751757593278,0.11552195047150175,0.13082804459674488,s21
60,0.12561514910771138,0.11806055494711931,0.13353570035157633,0.12495052509032425,0.11746381290335119,0.13280853864512973,0.12407746065903305,0.11667786323282832,0.1318516057829928,s21
61,0.1268940143673888,0.11934104847130488,0.13491228921917253,0.12621758520332627,0.11873200814117696,0.13415470833678608,0.12532356983665233,0.11793009471947001,0.13315528118429784,s21
62,0.1281713589639015,0.12070334373278423,0.1359424217513503,0.12748610683455558,0.12007875899854653,0.13518473698758138,0.12658794031900544,0.11925631038338379,0.13418798641604812,s21
63,0.1295381409995298,0.12203518377680993,0.13711335373613723,0.12884004001853877,0.12140142176232606,0.13635489920719931,0.12791280375199804,0.12057681764965138,0.13535692600532823,s21
64,0.1307978759469237,0.12347971750288421,0.13827393812434827,0.1300906905995029,0.12282137490624072,0.13750872479002157,0.12915892350971406,0.12195520407251129,0.13650203463181393,s21
65,0.13208225732466378,0.12485927031472664,0.13956016870281082,0.13135552009092882,0.12413793846779465,0.13873492774793048,0.13038712151313317,0.12325075605395257,0.13765008025876543,s21
66,0.1333087559219937,0.1261087823737065,0.14088116774253148,0.13257496212574624,0.1254100443499811,0.14008267396553184,0.13160838362370553,0.12452735009189159,0.13903252414107203,s21
67,0.1346259592351055,0.127330859149885,0.1421448503369858,0.13386589557540485,0.12661842664407694,0.14132093238079604,0.13286616800090453,0.12567745140964276,0.1402377203074567,s21
68,0.1359978862791715,0.12853443845175763,0.14384832618729557,0.1352178558058838,0.12783856428909146,0.1430068049122713,0.13420711786138334,0.12687912857026057,0.14189472879370305,s21
69,0.13739182115319493,0.1295671046730852,0.14531195658509766,0.13661917403164114,0.12882761213608876,0.14443993336405164,0.13555906383695016,0.12785535252518077,0.14329373599126313,s21
70,0.138790763399757,0.13106364840635157,0.14662200499295053,0.137977473948834,0.13031777989367713,0.145733992418553,0.1369127079294638,0.1293194253285993,0.14456931682615448,s21
71,0.1401807084162,0.13211929039815437,0.14837243906547287,0.13936794062474822,0.13135324003359344,0.1474627671278521,0.13828032042815877,0.13037451862849497,0.14626761492777077,s21
72,0.14156403215619598,0.13309614150385493,0.14993587241660514,0.1407376599569629,0.13234789782828388,0.14900839472214264,0.13964054971371648,0.1313638206051592,0.14779018308244027,s21
73,0.14297720490856097,0.1342569773385867,0.15163656186603616,0.1421131338558945,0.1334786519747467,0.1506905200222963,0.14097768084085074,0.13245532197481594,0.1494478969063415,s21
74,0.14430642896950324,0.13558482140617711,0.15347175810019267,0.1434218179333101,0.13477548084754654,0.15248893759268203,0.14228917345651154,0.13369107248747303,0.15121604226595567,s21
75,0.1456916966086384,0.1366711410602058,0.15530414932119027,0.14479236358050207,0.1358579435298099,0.15431080066896202,0.14360544077123677,0.13480159334324515,0.15300651752091232,s21
76,0.14712639415856577,0.1379171941272744,0.15708847330727865,0.1462006570238547,0.1370834634407739,0.15606175591501292,0.14499781363284137,0.1359969628075451,0.1547140147100127,s21
77,0.14853586811937386,0.13920556750664123,0.1590618402899775,0.14760733268198514,0.13837504567053513,0.15801883593557606,0.14638142242586377,0.13728356857642773,0.1566498663836314,s21
78,0.15006306973661043,0.140269374231459,0.16097515728267728,0.14910007664146485,0.13942540818593055,0.1599064088909545,0.14785542507944383,0.1383163869065355,0.15849919120923386,s21
79,0.15156000132393851,0.14121025388376646,0.1629039790128119,0.15059010578653637,0.1403493459469215,0.1618032749529855,0.14929823123493102,0.13921819869986418,0.16035945249466332,s21
80,0.15305838769925845,0.14208921918535553,0.164872747801256,0.15204886662819045,0.14121730647658653,0.16375133940894118,0.1507359761915703,0.14007180632907398,0.16228028853437917,s21
81,0.15450809920667358,0.14339108769052383,0.1668539799017676,0.1535091592480251,0.14249333632289332,0.16568723481637382,0.1521893429917992,0.14131427001078273,0.16415733989481948,s21
82,0.15609677935084254,0.1446393601521292,0.16868544175603858,0.15506697215212242,0.14374892460223504,0.1675084874225661,0.15371253827261583,0.14257934955038926,0.16597715120755838,s21
83,0.15765793200908285,0.14573707133668293,0.17076538252986065,0.15658399794588393,0.1448233883230524,0.16956749718193107,0.15521508428082217,0.14362397231535748,0.1679780185600541,s21
84,0.1592246120068035,0.14694532759586817,0.1726076530013817,0.1581497349518043,0.14601393571282545,0.17135498541954275,0.15673448824257444,0.14476521126955277,0.16972185874465454,s21
85,0.16076311029515675,0.14802752798193722,0.17479834328406316,0.1596758501340632,0.14707333208192966,0.17351139713564406,0.15824547674573614,0.14587353290621985,0.17180240835252367,s21
86,0.16230874508808973,0.14927749283420916,0.17701827845769152,0.16118770069918537,0.14829697853340915,0.17569914810390957,0.1597422911348109,0.14701006861057647,0.17397116069680826,s21
87,0.16390635834761716,0.15037630787061096,0.17918133046266477,0.16275493882755654,0.1493810144916345,0.17786012092347314,0.1612520735942417,0.14807485988408778,0.17612911368441822,s21
88,0.1654602685242571,0.15148332797123212,0.18144495619016446,0.16430102848369366,0.15047303441109963,0.1800819229948511,0.16278172952668085,0.14914735055658934,0.1782963699041592,s21
89,0.16710395275253587,0.152598613647072,0.18360212478422602,0.1659232555066704,0.15157897138491674,0.18221870149455507,0.16439815697394405,0.15026191044410284,0.18040474804677462,s21
90,0.16873724784908156,0.15381228721215237,0.18584412448425744,0.16754630085220423,0.15278014865315812,0.1843829239251131,0.16597765789789082,0.15142614846227748,0.18246169660620698,s21
91,0.17048391384512435,0.15504550325429958,0.1880898404184888,0.1692339810510571,0.15400863671716913,0.1866219523887585,0.1675826009361396,0.15264847771531137,0.18470083211789956,s21
92,0.17216311917141627,0.15622396639725955,0.19036290427349942,0.17090596490219903,0.15515439612980275,0.18885883913544602,0.1692520187409739,0.1537515870790315,0.18689080568907324,s21
93,0.1738437731293435,0.1573257927438503,0.1928028087509767,0.17257497173393171,0.15625853933002648,0.19121807829686452,0.17089389482782114,0.15488845362717882,0.1891457037170787,s21
94,0.1755390373141072,0.15844911958812563,0.19544511094966333,0.17421886634377115,0.15744220700889205,0.19381617334691922,0.1725136193279586,0.15602265278771063,0.19168682832534037,s21
95,0.17729874258984296,0.15953408844808367,0.19811473688030085,0.175953497205326,0.15846273606057784,0.19644937726051875,0.1741969846014943,0.1570588615783369,0.19426124638979014,s21
50,0.11234378083317348,0.1037790369244078,0.1230644242177895,0.11181503318627292,0.10332095618898532,0.1224380355867,0.11112152669270697,0.10271703899114819,0.12161300878632579,s24
51,0.11340981344172504,0.10501487168542908,0.12401782764586466,0.1128689187151587,0.10453403459609853,0.12338129208546744,0.11215601201600328,0.10389997928354924,0.1225429867539927,s24
52,0.11447024257590727,0.10622714753282805,0.1248293519659791,0.11392147632174163,0.1057345279179404,0.12416747778561714,0.1131925472884577,0.10508509890452372,0.1232962403602469,s24
53,0.11554746763300733,0.10735930892607559,0.12554246645788866,0.11499213717405776,0.10686803681689895,0.12490636046829859,0.11424157394333939,0.10622025256318206,0.12406011521813672,s24
54,0.11664196137940971,0.108692465415603,0.12633142949194875,0.1160702519670259,0.10817643746995054,0.12565700825162157,0.11532349851614886,0.10749624802291408,0.12478100882379327,s24
55,0.11775644289644482,0.10994720510556677,0.12714080256865723,0.11718306560743344,0.10941888496167082,0.1264723064547096,0.11640812986757217,0.10872258720942111,0.12559194538064353,s24
56,0.11884104951616986,0.11111357848530352,0.12797648366368447,0.11825423503607864,0.11057694704499618,0.12730861519419107,0.11747906932725138,0.10986973119606677,0.12642938166389217,s24
57,0.11994541048064816,0.11227981030106143,0.1290859791823352,0.11933128770930612,0.11173116246686944,0.12840862562895713,0.11851192644133096,0.11100820741283395,0.12751087746398657,s24
58,0.12107271028597352,0.11345941390648419,0.1300637520520879,0.12044908914632815,0.11289892652690446,0.1293814186755824,0.11962790250660701,0.11216046246326539,0.12843994998952485,s24
59,0.1221748667515857,0.11473955925433811,0.13094494247685964,0.1215352184852578,0.11418071472319134,0.13024120311088344,0.12071443324111567,0.11344438409023222,0.12931482654756013,s24
60,0.12335785495052118,0.11608548698891126,0.13210706991016893,0.12271736498468108,0.11550146362816345,0.1313854670161254,0.1218820221326087,0.11473228059006035,0.13043585898684548,s24
61,0.12446714905937448,0.11721467745139394,0.13313004890756633,0.12381112138498454,0.11659928691865423,0.13241926808532417,0.12295226752384743,0.11578899758042699,0.13148360008114743,s24
62,0.1256556154938802,0.11833352154616154,0.13418549460133442,0.12498702561567585,0.11773219924730399,0.1334277734773251,0.12409850931319831,0.11691570776474533,0.13244529696906757,s24
63,0.12682961411276672,0.11957969376657859,0.13546101703653177,0.12614816716392474,0.11896087456182335,0.13472473178394848,0.125260497765644,0.11814635196556805,0.1337557044993314,s24
64,0.12807460879265892,0.12080609335888849,0.13649282466005894,0.1273718815725714,0.12016870362427151,0.13572102367175948,0.12645815574797992,0.11932957613533783,0.1347313874087444,s24
65,0.12933297089834606,0.12200175660450785,0.13771106411115164,0.12861081309526728,0.12133578694045268,0.13693836917166802,0.12766770316280196,0.12049160444319867,0.13592212094888698,s24
66,0.13050678088368578,0.12304356024246278,0.1387104544105073,0.12978524990186116,0.12239539030616077,0.13793012089307824,0.12883605859502162,0.12151398855179482,0.13690372738631676,s24
67,0.13167192195184418,0.12391451353720802,0.13978685912727407,0.13094511544851467,0.12324543127450248,0.13898707838159832,0.12996769982289633,0.12236568429002723,0.13793739390713128,s24
68,0.13293355597134524,0.12496579776289798,0.14105046929440046,0.13219114075092964,0.12429261669036183,0.14023335643132423,0.1312146265642839,0.12340678682168107,0.13917955199500354,s24
69,0.13424090263972205,0.12610519481825752,0.1425348026339171,0.1334603153190816,0.12541560010275044,0.1416997398433914,0.13246307641725952,0.12450839830341483,0.1406018884608494,s24
70,0.1355512222565038,0.12715873386952228,0.1437116988406244,0.1347685017967788,0.1264247711756732,0.14285306276596146,0.13373494093597554,0.12545974398237497,0.14172447741328814,s24
71,0.1368230949672088,0.12835658181625845,0.14517729160445592,0.13603194103905397,0.12764014358584166,0.14430081359641472,0.1349910023637893,0.1266952305062239,0.14316962951155185,s24
72,0.13812400461328517,0.12924587119332262,0.14658101949651356,0.13731290466927093,0.1285146927439372,0.14570280626317883,0.13622989378165468,0.12756463341485466,0.14454783712863306,s24
73,0.13945869986073817,0.13023631257047183,0.14827412725080744,0.1386272062733983,0.12947179245247323,0.14737434061584476,0.13753516896793191,0.1284778950490315,0.1461922129705348,s24
74,0.14076908454257042,0.13140396433898993,0.1499920640343505,0.13992341738404634,0.1306174990304425,0.1490702082006572,0.13880294450154074,0.1296586523860615,0.1478589649449149,s24
75,0.142119340601357,0.13227410930649186,0.15163270279132876,0.1412587965827615,0.13153603170603462,0.15067393313376581,0.14010957393630274,0.13056526523655948,0.14941455160434203,s24
76,0.1434463838855884,0.13321037119555035,0.1532718244322293,0.1425732370837104,0.1324187581889413,0.1522942245564545,0.1414322142405539,0.13137901465204055,0.15101063640727003,s24
77,0.14470312603734375,0.13412039253239344,0.15496909786758967,0.14380710034713093,0.1333736239976704,0.1539818836058479,0.14263484405419732,0.13237423741198018,0.1526855847429956,s24
78,0.146012385185718,0.13516779666841855,0.1566511841031763,0.1450884529148226,0.13436381152211818,0.15563096526264564,0.14389677382803906,0.13330718836549008,0.15428589602673787,s24
79,0.14733686433497262,0.1359523068452771,0.1583622915577934,0.14640679830692674,0.13516094023694597,0.15732173703831676,0.14518885056157607,0.13409547426145813,0.1559862647349342,s24
80,0.14870418425701584,0.13684169978312305,0.16024676051059616,0.14775012533840717,0.13599903509834238,0.15917574444732807,0.1464975310831582,0.13489187246631537,0.15777113761594405,s24
81,0.15016178844166225,0.1378838138979921,0.16211779021852185,0.14917473535153908,0.13705640806012012,0.16102712882051104,0.14790865816375653,0.13596906709502785,0.15957495165719934,s24
82,0.1516022638917109,0.13877131638126333,0.1640900793880726,0.15062331932953352,0.13790471686356853,0.16296481141504424,0.149321769036013,0.13676870912196978,0.16149650050291695,s24
83,0.1530141383468482,0.139686102719588,0.16604747169408143,0.15202722027964266,0.13883373314750236,0.1648939462108647,0.15072869220040785,0.13770997068131133,0.16338337144007614,s24
84,0.1543882992068596,0.14067464204915753,0.16802725503889507,0.15337886480174118,0.13980931893083257,0.1668453940581402,0.15204634886796248,0.1386622387260845,0.1652972157831365,s24
85,0.15585912515909067,0.14162304213304103,0.1699689626036089,0.15481450871429359,0.1407245399588314,0.1687953289063876,0.15345797416329093,0.1395444548374375,0.16723469127254023,s24
86,0.15729918351972605,0.1425303599202583,0.1721369361341171,0.1562401314115659,0.14165302333908436,0.17086345617520476,0.15485801256637552,0.14049682169140307,0.16921397308071323,s24
87,0.15890339898604863,0.1435144673127825,0.17426403952836841,0.15779182115786677,0.14260774642783258,0.1730079853816114,0.15634194761588743,0.14141722485830485,0.17136149012293808,s24
88,0.160361835867395,0.1444867932285864,0.17656141182600965,0.15925814160416427,0.14357389593716727,0.17519604658557097,0.15782870037912522,0.1423705832778504,0.17339820373920758,s24
89,0.16194525354885728,0.14536926588893842,0.17846082384860396,0.16081047665665604,0.14445277512287874,0.17711714696983133,0.15935765676450367,0.14324945506155976,0.1753575790923004,s24
90,0.16351790914106035,0.14625729236932725,0.18075605355282687,0.1623679122854727,0.14532914426533275,0.17937749645247197,0.1608534007195107,0.1441106365966138,0.1775726618554358,s24
91,0.1650825881682091,0.14712790758004088,0.1827055518473805,0.16391058720801488,0.1461915056924932,0.18131517737239655,0.1623978201436212,0.1449620300918366,0.17949492927676888,s24
92,0.1666457661753004,0.14804147854986194,0.18478437370942427,0.1654453886936073,0.1470963991264699,0.18334723445251505,0.16388071461989462,0.14584643684505674,0.18146669015465736,s24
93,0.16820800284128662,0.14894780541861163,0.18726487144235454,0.16700570946329074,0.14798437866965522,0.18569454657517642,0.1654081736209038,0.14671991410587343,0.18364211553814846,s24
94,0.16972154641633563,0.14975068708788705,0.18987559473168011,0.1684745554451165,0.1487863216290327,0.18826068150642214,0.1668618388444449,0.14752031154843856,0.18615054019134333,s24
95,0.17119692592126567,0.15054116350106933,0.1922903964922443,0.16996546887360364,0.14956583289100053,0.19072589741358112,0.16836495304237722,0.14828598222616643,0.18867764873298112,s24
50,0.11120777921466564,0.1027503513000347,0.12015335104377699,0.11069890697580048,0.10229418072012018,0.11956204890637355,0.11001654212307554,0.10169250217109417,0.11878282990855124,s25
51,0.1124280280619154,0.10413974255522042,0.12121684559585254,0.11189716413338893,0.10366508275152198,0.1206061748698952,0.1111973651384667,0.1030636603582786,0.11981505210476796,s25
52,0.11359290743587794,0.10556721490574043,0.12224530148009648,0.11305780174342467,0.10509142120465063,0.12162627223218328,0.11235685895099459,0.10446676421368904,0.12080294981228296,s25
53,0.11486046011320135,0.1071360616573123,0.12320764296433172,0.11430864067993587,0.10664195136094724,0.12258087642411995,0.11358296284855038,0.1059903874170018,0.1217552223868154,s25
54,0.11610159835412087,0.10852769589918955,0.12434918745098839,0.11554521187294912,0.10801549353064571,0.1237232286133807,0.1148019580704996,0.10733677115522258,0.12289845871765284,s25
55,0.11733303977412696,0.10995261231915697,0.12553936014518474,0.11675601811859185,0.10943265425131932,0.12490135226117982,0.11598790497471373,0.10874713301833634,0.12406080076387235,s25
56,0.118664500285485,0.11138585128800746,0.12676530675431708,0.1180734934823954,0.11084464992899473,0.12612674325721684,0.11729170788964675,0.11013150447308061,0.12528527030790665,s25
57,0.1199642902468819,0.11278799869505093,0.12792055307695804,0.11936036526068516,0.11224729886952571,0.12725183587156172,0.11857119090239623,0.1115381067959676,0.12637120949248964,s25
58,0.12130161980778531,0.11432070101261599,0.12909391360834435,0.12068147158104528,0.11376712389349376,0.1284190694863044,0.11986313403527044,0.11299733161128768,0.12753040334935706,s25
59,0.12252079626826928,0.11567020707930059,0.130386673375752,0.12189320077553956,0.1150822432673705,0.1296913179105044,0.12106792787628469,0.11430810987194455,0.12878477608047884,s25
60,0.12383208287183592,0.11707172097647334,0.13167935738341613,0.1231912705540785,0.1164601609268205,0.1309775669391594,0.12234334439391123,0.11568992864196691,0.13004829548750835,s25
61,0.1252408919860129,0.1184184896411418,0.13292129388267107,0.12457643626272037,0.11781882211087374,0.13220552449401113,0.12370039707818292,0.11702899673462948,0.13127147831952182,s25
62,0.12667902263610786,0.11978646165376172,0.13421178331345582,0.12600474854352145,0.11917957445554198,0.13347643855323468,0.12511261642624505,0.11838052599343644,0.13249872702432616,s25
63,0.12804184031394866,0.1212146108680255,0.1354699657764597,0.12735475771278967,0.12057919301782753,0.13472697046833332,0.12643804010626752,0.1197432529841205,0.13375454137910625,s25
64,0.12946210042581321,0.1225139044237098,0.1370120219467819,0.12876190018069897,0.1218430706576771,0.13625103271133807,0.12783012877352645,0.12098707294711675,0.1352496415441289,s25
65,0.13089436276813027,0.12381252547385962,0.13844271356912213,0.13017196151538762,0.12312771925972499,0.13765801004735997,0.12923093894438498,0.12222713573780276,0.13660210043866353,s25
66,0.13242180462065872,0.12523042741698354,0.1400013412636778,0.13168954219037715,0.12452673027382735,0.13921311499147784,0.13073737607035707,0.12364867723762137,0.1381762615417869,s25
67,0.1338715975720502,0.12655819952315872,0.14142671230561754,0.13312286295780773,0.12587240332104527,0.1405962115153122,0.13212715236160355,0.12496981636315858,0.13950428609478402,s25
68,0.13536898863618932,0.12781601773569992,0.14288513339507086,0.13460375897787558,0.127098106404912,0.14204979734611284,0.13359011103109897,0.12616640569695484,0.1409515092939343,s25
69,0.13689485563000242,0.1290570084815089,0.14443831366258736,0.136101894335146,0.1283167753112947,0.14358094351083914,0.13506581123250896,0.1273629399082936,0.1424650952063028,s25
70,0.13841891650750793,0.1304308538168779,0.14600294940029804,0.1376198603292147,0.12966444062096627,0.14511268053659138,0.1365941009938748,0.12868626660232393,0.14394276904627015,s25
71,0.1399478251363903,0.1318098210801285,0.14814112473483215,0.1391181786148658,0.13105049673668037,0.14722426449589476,0.13804214185524438,0.13005210683087506,0.14601966521794502,s25
72,0.14152361852925133,0.13310789225771172,0.1498492866154721,0.14067133070556817,0.13235945451746098,0.14894891078123598,0.13956106398415305,0.1313749319106711,0.14776527676957954,s25
73,0.14309412323793147,0.13437656079639815,0.15160012914102328,0.14223452708131468,0.1335769466667689,0.1506478359125361,0.14108946996965616,0.13252121343606646,0.1493969861999177,s25
74,0.14462128871893107,0.1357035178828736,0.1534811249997676,0.14374289606870166,0.13490270253106593,0.15253025299206918,0.14258429934295913,0.13384675917431313,0.15128081236801488,s25
75,0.14616435954344043,0.13683769407060423,0.15529413157075542,0.14527248811639287,0.13602505106530155,0.1543026225788679,0.14410053025337094,0.1349778551006907,0.15300073695478708,s25
76,0.14778885148032778,0.13810423587949683,0.1573725072011657,0.1468819414034129,0.1372762398341935,0.15636374689605306,0.1456813687626466,0.13618797618753092,0.1550389053899049,s25
77,0.14947199691878812,0.1393745599466411,0.15941382072435947,0.1485436071019422,0.13852980161330522,0.15838645225024842,0.147294427480009,0.13741951891395507,0.15704899899334887,s25
78,0.15102597514551863,0.14062375736748467,0.1614632229004861,0.15006931256295108,0.1397635261049632,0.1603854322789908,0.14880731733326052,0.13863305861803246,0.1589710064191284,s25
79,0.15268848910724592,0.1419901771893061,0.16361679141067964,0.15169458888708126,0.1411141028398203,0.1625097401273891,0.15039921481089663,0.13996311579450033,0.1610725198985008,s25
80,0.15433061967794076,0.1433099360179056,0.16584598316813035,0.15331701503515155,0.14241927936183754,0.16474383571258905,0.15201200869110765,0.14125501383552833,0.163295779161406,s25
81,0.1560417923035059,0.1446365952842837,0.16817937240746217,0.15500537714582982,0.14372729505991158,0.16703791071791424,0.15363409497450042,0.14253298101861506,0.16548101403703422,s25
82,0.15770019665291385,0.14585309452029385,0.17034779056614255,0.15664165689671639,0.14493713275452258,0.16914474269094879,0.1552559492228044,0.1437339354245391,0.16756718333812437,s25
83,0.1594332432700435,0.14702554612648802,0.1729459756516038,0.15835639327849974,0.14608487103483428,0.1717257042643347,0.1569441664472182,0.1448494898378741,0.17006051603177488,s25
84,0.1611106311151576,0.1483386875087933,0.17538057956762187,0.1600394931764948,0.14738114075972475,0.17414602365095616,0.15862735787104926,0.1461237728009242,0.1724845570548334,s25
85,0.16284887204422804,0.14966483781640263,0.1778495550938185,0.1617267874864119,0.1486900508199799,0.1765795086070259,0.16027978845685936,0.14741020760728604,0.17489945241742014,s25
86,0.16464517558051273,0.1509968987297673,0.1803536095748229,0.16350553930238415,0.15000425239290024,0.179011938137091,0.16201073133282978,0.14870115539949405,0.17721892508087764,s25
87,0.16649354763938662,0.1523085067915034,0.18272124934117037,0.1653297967066348,0.15131843028891417,0.18135220655249326,0.1637977962465495,0.15001145521308376,0.1795583937397302,s25
88,0.16832129479464747,0.15344633534984667,0.18513369506847677,0.1671145885003559,0.1524412257410311,0.1837219126697025,0.1655301516275492,0.1511218153243048,0.18187964903717938,s25
89,0.17025494839231664,0.15479974997912285,0.18797894201883789,0.1689978858312841,0.15376093649934194,0.18646639705495976,0.16734781416888406,0.152393073312575,0.18448725459872695,s25
90,0.1721458005673332,0.15602246531469396,0.19047928237068515,0.17090274852239154,0.15497679967032765,0.18899053750340353,0.16923453720270185,0.15360461710530413,0.1870420482372187,s25
91,0.17395701376258865,0.15717926280516212,0.19313506866002633,0.1726989628461464,0.15611669750336893,0.1915807592469238,0.17104158043561662,0.1547225241577898,0.18954742347662848,s25
92,0.17587895029153638,0.15851915994577936,0.19590814670571072,0.1745848931345116,0.15740337580945382,0.19427398544903973,0.17290074839692635,0.15594047571936767,0.19213730427489895,s25
93,0.17773555797148513,0.15975363877616744,0.198791746656038,0.17639802717722108,0.15862813777746748,0.19714075335648645,0.17467478450724663,0.1572092170263938,0.19498197639088566,s25
94,0.17970023417603648,0.16104801365480637,0.20168719402395624,0.17830340948964052,0.15992949510323073,0.1999371772216857,0.17648546744761204,0.158462592310982,0.19764828625500164,s25
95,0.1816871593319096,0.16232386530936185,0.20439014542766612,0.18028268226420174,0.16120287460632138,0.20267039626619293,0.17845244697098145,0.15973267908580843,0.20042214141452414,s25
50,0.11908622716390155,0.11032405780939725,0.12937155415966892,0.11851591437723655,0.10981786197793364,0.1286986219455285,0.11775086501398235,0.10915026208353622,0.12781139480511322,s28
51,0.12034562637571183,0.111691699583814,0.1302705018662625,0.11976004932956387,0.11118391508473632,0.1295682607337485,0.1189841003802217,0.11051388569318886,0.12868467803132763,s28
52,0.12162434813042024,0.11312928084769526,0.13127352876061896,0.12102811455242297,0.112596787455681,0.13059052244582306,0.12024703226838895,0.11189492277052228,0.12970539807538597,s28
53,0.12291269244419645,0.11455986596940342,0.13246930499833023,0.12231748559891206,0.11401349543403022,0.13177600702947245,0.12152027599635265,0.11329321028838224,0.1308767123257429,s28
54,0.12418275580749968,0.11602808141457392,0.13352521412150115,0.12355692198965457,0.11546674414960327,0.1328362207440199,0.12273952574823846,0.11472678859967271,0.13192886311394855,s28
55,0.12546845974641835,0.117471945847557,0.1345268147414496,0.12482300200923573,0.11689733264015453,0.13380846891591353,0.12398313164129193,0.1161400360841669,0.1328485939565408,s28
56,0.12678962706171715,0.118952268612428,0.13561974307934466,0.1261364092956839,0.1183625419540176,0.13488486996505877,0.12527698941263882,0.1175854445514541,0.13391761084664341,s28
57,0.12812272460552052,0.12029008865311976,0.13674246805823628,0.1274565458977036,0.11967614456906166,0.13602218205728447,0.12658930798005236,0.11886746059494838,0.13503861438820233,s28
58,0.12957517939271018,0.12188534300076402,0.1379338393113679,0.12890543415838435,0.12125170479884056,0.13718320977877851,0.1280369714107718,0.12041736585749058,0.13619530800491708,s28
59,0.13096815248179816,0.12347476177974966,0.13933365450111818,0.130277820270601,0.12281262342272946,0.1385452442458601,0.12937093477380218,0.12194093565918189,0.1375371834757031,s28
60,0.13227463847237508,0.12485090044160235,0.14056625871193565,0.13156487048779036,0.12421068832056531,0.13979685650018295,0.1306324413908066,0.12336754010915228,0.13878435474957063,s28
61,0.1337003528524754,0.12618281340347925,0.14187273056986094,0.13298410315677164,0.125527872734248,0.14107845153447496,0.1320351526206891,0.12466551402699116,0.14003195412401753,s28
62,0.13509095268230187,0.12747743884661872,0.14309277954126523,0.13435221212047233,0.1267714160920255,0.1422917960505612,0.13338004461084105,0.12584249271123935,0.14122836757618695,s28
63,0.13650533718839047,0.12883777278094283,0.1444441242612417,0.1357480005657693,0.12811679886255709,0.1436127272872321,0.13474134759713413,0.12716842409068407,0.14251686542242006,s28
64,0.13792302816076035,0.13017998634784989,0.1459034380016914,0.13714924367925152,0.12947693952163786,0.14507138168736322,0.13612607429741766,0.1285081800969764,0.14397651944166986,s28
65,0.13933788562875166,0.13149768372035797,0.14744077034783226,0.1385424352470706,0.1307801368494357,0.14660366846447134,0.1375180607393131,0.12983573099472592,0.14550236185160142,s28
66,0.14087010986880755,0.133027104002681,0.14899789772961072,0.14005776461008446,0.13228148678430962,0.1481209167724935,0.13899991838252443,0.13129754558574525,0.14696782839190792,s28
67,0.1422622132225841,0.13444198098679713,0.1504046515123591,0.14143898918803632,0.13366414428296122,0.14952437636830598,0.14035436680769817,0.13266240177322178,0.14836703600532386,s28
68,0.14376557737523998,0.1358585253812429,0.15188876250312047,0.14292369924746065,0.13507640277063493,0.15098536906138052,0.14181913265866136,0.1340704787827412,0.14978960368697675,s28
69,0.1453115591414958,0.13729520038485685,0.15339295672863035,0.14445751154219985,0.13648496091297482,0.15248275149958493,0.1433281226781215,0.1354334297515083,0.15129005928698436,s28
70,0.1468537255273074,0.13865054762265616,0.15518534288792946,0.1459727583448941,0.1378625989161861,0.1542399527187556,0.1448384472267018,0.1368262585563573,0.15300803504302501,s28
71,0.14839594201822254,0.1398493811960423,0.15715610358792645,0.1475004024040772,0.1390210167043364,0.1561787278934698,0.14632136151507505,0.13793279934530875,0.1549116558266041,s28
72,0.14996953549951103,0.14118188506427473,0.1589114571161752,0.14905692708033197,0.14034808640059082,0.15789843018666627,0.14784917898094102,0.1392524040043883,0.15660213048771995,s28
73,0.15160512728410624,0.14258814561429561,0.16041388086897204,0.15065594579435548,0.1417381343455265,0.15940810427704277,0.1494158862682916,0.1406207107136927,0.15808688289466655,s28
74,0.15308760924840487,0.14396358083712638,0.1624392633883867,0.15214056608537446,0.14309165702586174,0.16138471422255043,0.15089874625968086,0.1419457880520489,0.1600001209787178,s28
75,0.15471144410438004,0.14522361893426342,0.16434030324393584,0.15374588261972044,0.1443362547590552,0.16325353274220764,0.15247933954035825,0.14317024488637228,0.16182668737976533,s28
76,0.15626938896008602,0.1465919850215684,0.16622136900194773,0.15528638850817356,0.14570362456684366,0.16508482570109104,0.15399715049438747,0.14453622028977448,0.16366371090132475,s28
77,0.1578449808121195,0.14789636256423058,0.1684354015729507,0.15683505170302087,0.14699014163528956,0.16729018054808836,0.15550896855001195,0.14579934107206516,0.16578668946664826,s28
78,0.1595088489253864,0.1492699184220306,0.17021395596570368,0.15845809000770547,0.14836031237438854,0.1690569569074829,0.15708741952065686,0.14716501659216522,0.167538870462933,s28
79,0.1612280524139823,0.15053490346872794,0.17230079833298895,0.16016558520657576,0.14961016253345372,0.17116243402976308,0.15877005786253556,0.14839511703075844,0.1696679477387899,s28
80,0.16292394284942813,0.15183068859327936,0.1743759875853078,0.16184324875892395,0.15090053730120545,0.17317905221363675,0.16041150257391762,0.14965792676356413,0.17160878977668823,s28
81,0.16468925109702975,0.15309515275992344,0.17644770054330533,0.1635893450462121,0.15213795078910183,0.17523465221546355,0.16212357960407997,0.1508805751632603,0.17364169085795647,s28
82,0.16642071087812615,0.1543780847661512,0.17863093756071982,0.16529994384352392,0.153403248665625,0.17738075419545396,0.16382221343306624,0.15212305563338985,0.17569090727560896,s28
83,0.1682415016104713,0.15569951166841317,0.1808214977897532,0.16707809406301427,0.1547054316308985,0.17955607202801918,0.16555303325702542,0.15336378345316393,0.17789651947781737,s28
84,0.17008936388106694,0.15709442932024809,0.18332485139253396,0.16889147431287888,0.1560540947570376,0.18195636313951147,0.1673515693657054,0.15468836837421102,0.18016422205089117,s28
85,0.17183554392692912,0.15847120743318668,0.18565942640284844,0.170642985661315,0.1574123137347173,0.18429905532395197,0.16909037583597536,0.15602275617168102,0.1825166494651706,s28
86,0.17363240678785574,0.1598601557884883,0.1881567970733543,0.1724117913665119,0.15878237462502803,0.1867022869027536,0.17080082710272126,0.15736822839557085,0.18484395463174738,s28
87,0.17552138772958814,0.1611907088216973,0.19075298440847357,0.17425453659848028,0.1600913652536335,0.1892581437606523,0.1725951424801206,0.15864276009640407,0.1873013242039966,s28
88,0.17726543760452418,0.16248173488431156,0.193092142260742,0.1759805838431862,0.1613942971298658,0.19159575816574484,0.17431344496784612,0.15996865876297608,0.189655377194759,s28
89,0.1790694031920114,0.16378780851420144,0.19567012259966263,0.1777726681321919,0.1626909816157247,0.19409718777265622,0.17606013653029196,0.16122712622592225,0.19206520319576706,s28
90,0.1809361932556123,0.1651741454697279,0.19830511516419733,0.17960218296195946,0.16405843654995358,0.19671585886990542,0.17786632180969464,0.16258391508662037,0.19463399554695657,s28
91,0.18287698347587736,0.1663349810200875,0.20096595287042374,0.18151107942711625,0.16522229617395692,0.19936779227242352,0.17972199467257033,0.1637629412149327,0.19723201554103595,s28
92,0.18482121055933734,0.1676345505204644,0.20372662771719524,0.18343505379915895,0.16643990229280356,0.20201823687648204,0.18158367836455624,0.1648738709754402,0.19978502505530898,s28
93,0.18677940080304944,0.1689589678780143,0.20652432418600092,0.18536623351554382,0.16774355976205274,0.20477567445185108,0.1835144031790516,0.1661505547355872,0.20248091050622705,s28
94,0.18873522694033984,0.17029077361105452,0.20934262293748168,0.18731631499185392,0.16905645964744695,0.20756915085567268,0.1854354565782085,0.1674512160321945,0.20521230090568224,s28
95,0.19066603372695295,0.17162898170660398,0.21219910052118365,0.1892061772180127,0.170374463865633,0.2103768744745938,0.18731521422948072,0.1687312569511956,0.20797960202468163,s28
50,0.11808249840109519,0.10906083489692979,0.1283229948099155,0.11751368331988979,0.10856983463378428,0.1276704673428606,0.11676402337181213,0.1079222332272107,0.12681096373717413,s29
51,0.11915147537773449,0.11035799978098332,0.12904827933252414,0.11855962717724594,0.10983090711348559,0.12837199273286226,0.11777940918521942,0.10913615943714938,0.1274813549749994,s29
52,0.12018979441663857,0.11160132835659363,0.12997960206995815,0.1195974202375347,0.11108267035020486,0.12931118635876493,0.11881326059986336,0.11039869704756201,0.12843076035610074,s29
53,0.1212081386153137,0.11279370439525331,0.1309292794910383,0.12059467905349983,0.11226471293616351,0.13022906544625237,0.11978765635423974,0.11158192731446755,0.1293072970494464,s29
54,0.12229888077420124,0.11415288652377933,0.13174086476793784,0.12168647558145687,0.1136012542392941,0.13105794504430798,0.12087139923947644,0.11287429022827021,0.13014059243977386,s29
55,0.1233762969753387,0.1153725245215368,0.1325596135193353,0.12275002467564784,0.11481076237216184,0.13187773074878667,0.12193256010062424,0.11406281032352228,0.13097942183920022,s29
56,0.12450797814165027,0.11658786309292399,0.13361703865131047,0.12388757163471464,0.11601327221920871,0.13288596685475826,0.12305524024160795,0.11523501626461667,0.13192378499905236,s29
57,0.12572648669958425,0.11781621875696897,0.1345477382202818,0.12507031058924428,0.11722901280508201,0.1338248343639549,0.12422384713383436,0.11645540346075135,0.1328731673278703,s29
58,0.1268597898348166,0.11903353675995357,0.1356297215319994,0.12620935984877174,0.11843562363303371,0.13489349224243213,0.12535467868342692,0.11764176509471048,0.13392439644848028,s29
59,0.1280393851132689,0.12023828585413564,0.1367892466195194,0.12735488086987412,0.11963625603990075,0.1360441843050989,0.12644641753584496,0.11882143801531359,0.1350635483843754,s29
60,0.1291487410976343,0.12152005661457352,0.13780158150938304,0.128458498634899,0.12088079935403748,0.13706864838434685,0.12755581120077253,0.12003556222323399,0.13610387300731983,s29
61,0.13032876022800505,0.12278635260072315,0.13892459203084306,0.1296206015184771,0.12215411390483218,0.13815055297333037,0.12869632331456599,0.12131117732426612,0.13714302074753204,s29
62,0.1314399639392324,0.12397962666156094,0.14005083261545864,0.130729999030482,0.1233232212531526,0.1392771188616591,0.12979990300949285,0.12245893247358057,0.13825908635444545,s29
63,0.1326494174315201,0.12529883651050014,0.14133918858590386,0.13192406598430353,0.12461657976604486,0.14055297457604216,0.1309800334315261,0.12372963330237088,0.13951788950086005,s29
64,0.13384761294218395,0.1266664081498566,0.14246341535771107,0.1331100796987499,0.12596904981377532,0.14166275869873515,0.1321420689173065,0.12505171942602253,0.14060940427910854,s29
65,0.13504383968957187,0.12781682256392932,0.1436166581456704,0.13429525604796339,0.12709449253720412,0.14279704472721366,0.1333141720067742,0.12618628102791374,0.14171909755476128,s29
66,0.13625830377218665,0.12908573486418887,0.14493156764061776,0.1354911915641988,0.12836649071272008,0.1440946366773788,0.13449071706132576,0.12741685321571716,0.14299392163885916,s29
67,0.13751350375708066,0.13040062715377368,0.14613489040344912,0.1367403492940501,0.12968159826011183,0.14528388126526,0.1357223328896579,0.12873537697556509,0.14416477783153878,s29
68,0.13878068875146066,0.13149099790411528,0.1474823320885278,0.13798420534243488,0.13076509602916628,0.1466195317654194,0.1369356321722365,0.12981009797368728,0.14548507553389986,s29
69,0.13999994709860353,0.13235999797393105,0.14894740141269003,0.13919023043507772,0.13161582838282387,0.14808452071022177,0.138129771071403,0.13063398678345603,0.1469231415640354,s29
70,0.14126862784934588,0.1332783505135884,0.15012755483877352,0.14045444385992567,0.13252340953907757,0.1492396604108813,0.13937821159084654,0.13153045712641673,0.1480722997815858,s29
71,0.1424825835043284,0.13451284229708338,0.15149542198755855,0.14163738093295541,0.1337410093802796,0.15057560014816745,0.14052625039701877,0.13272602413683493,0.14936671918444247,s29
72,0.14379660451719883,0.13580222248363277,0.1530957871573577,0.14294854085533418,0.13502033778319392,0.15215485953049526,0.14183368201955093,0.13397027917370694,0.15091817888548306,s29
73,0.14510637093770978,0.1369261804559283,0.15449381726024133,0.14422842379875822,0.13610484136475906,0.1535361200464874,0.14308318308929305,0.1350253808054635,0.15227783379744164,s29
74,0.14646484108379532,0.13799728177429166,0.15603753191144693,0.1455605710828396,0.1371872449589634,0.15505810987219018,0.14438388079469078,0.1361221992603901,0.1537716629985091,s29
75,0.1478376176088368,0.13910561813013006,0.15754671454905292,0.14692649307889494,0.13828696554071038,0.15655047441774733,0.14572932785316528,0.1372107332411461,0.15524192598778896,s29
76,0.14916207067306209,0.14011249716867286,0.1591349186692543,0.1482535993485369,0.13928207358148706,0.15813009551385535,0.14704184158258216,0.1381905952510876,0.15681360725275142,s29
77,0.15036519888680672,0.14112548648462456,0.16080364021955695,0.1494300092893138,0.14027663669621238,0.1597795275386903,0.14820711686451155,0.13915361709626184,0.15843449408927257,s29
78,0.1517082054258154,0.14224214131787624,0.16258115600963682,0.15075002563790785,0.1413642414893435,0.16151793758510571,0.14949168456873163,0.14021096090000867,0.16012204605767874,s29
79,0.15299746825399854,0.14314298263323785,0.16442852270022507,0.1520211351470931,0.14226822041371537,0.16331807054471784,0.15074308209869763,0.14111875862732584,0.16186110320301744,s29
80,0.15432880886425443,0.14414301542732322,0.1661112946004349,0.1533372756774265,0.143265978223511,0.16500105853588884,0.15203545252077305,0.14211339298256356,0.1635439215789409,s29
81,0.1555898755504214,0.1451181937371243,0.16790448787559423,0.15458360186276104,0.14421394751037303,0.16677005793200758,0.15327061000024342,0.143047067973192,0.16528141739565133,s29
82,0.1570009239712122,0.14626478427717599,0.16988330341048127,0.15596644559538675,0.14534434705639365,0.16868196585968898,0.15460964076404943,0.14413591124877234,0.16710677929946555,s29
83,0.15845358223613162,0.14733443890231482,0.17204040433708015,0.15741804999390235,0.146402475355137,0.17081179389460927,0.15603838587988297,0.14517860798936952,0.16920203363286596,s29
84,0.15994660322046578,0.14833453041377306,0.17384263308654269,0.15887372962062024,0.14738959496189305,0.17263787800846792,0.15746602875342802,0.1461488220463336,0.17105753982404528,s29
85,0.16146765137058622,0.14943524287660348,0.17564063591096252,0.16036119803935672,0.14846725332341654,0.17441090595701209,0.15894083338362436,0.14718869019467584,0.17279806811032777,s29
86,0.16295749222402464,0.15046369324747788,0.17752194323015627,0.16187622785597522,0.14947664121471949,0.1762713727622583,0.1604328401729041,0.14819438658126308,0.17463140006055228,s29
87,0.16444992857602292,0.15163032932414908,0.17942858533614547,0.16332138615311717,0.1506586026743109,0.17814121032716435,0.1618226706757192,0.1493827932154479,0.17645365210558156,s29
88,0.16587288912943265,0.1527933340289373,0.18150641567549564,0.16472544190580396,0.15180245298529055,0.18018881674754356,0.16322039238549613,0.1505016160149052,0.1784619744697246,s29
89,0.16731169204443236,0.15382245060590669,0.1836158766716534,0.16617184804185867,0.1528039244060811,0.18226607438027503,0.1646672662438884,0.15146715384610976,0.18049740338663983,s29
90,0.16887074421455442,0.1548116640116783,0.18584824802473926,0.16766023667894608,0.1537827125049031,0.1844037342424677,0.16609370734748446,0.15243238434802422,0.182558892747599,s29
91,0.17042575372494406,0.15580692235634927,0.1880124397906305,0.16921392573790878,0.1547873266298574,0.18653957598650941,0.16763372464598436,0.15344896939670938,0.18463925507379314,s29
92,0.17200114463111604,0.156764986651249,0.1904883713978682,0.17076355448777975,0.15572177422856395,0.18897603625379183,0.16915095981165418,0.15436753779183313,0.18699726415524903,s29
93,0.1736105188311133,0.1578218464623458,0.19266392485104195,0.17236447929632467,0.15673392839315034,0.19117508570251404,0.17069352914034192,0.1553270093663258,0.1892251046035851,s29
94,0.1751694324647761,0.15891863693747701,0.19470341525194745,0.17386944940354437,0.15780599726666106,0.19318215784894321,0.17220645559670866,0.15635357614983414,0.1911909836767479,s29
95,0.1766805362072626,0.1600494985108998,0.19679513162967935,0.175380747741797,0.15892071647757888,0.1952445475907627,0.1736891388421943,0.15744081136719357,0.19321524002598142,s29
50,0.12065656719447208,0.11225308915771443,0.13023339567180398,0.12007787675497864,0.11174250037414664,0.12955169166923186,0.11931718045751116,0.11106902344794775,0.12865426769128685,s3
51,0.12187731227545491,0.11354059163242511,0.1312591387089941,0.12128969441433463,0.11301717071980544,0.13057145518359792,0.12052896393582113,0.11232703810395811,0.1296661100626991,s3
52,0.12309676753040534,0.11483621391600136,0.13240547238127706,0.12250022308688235,0.1143128401609391,0.13172692010231432,0.12170450704403668,0.11362286887350509,0.1308334766680906,s3
53,0.12427114820274815,0.1161629502504829,0.1334570192769215,0.12366623277070435,0.11560472115035679,0.13275370572962394,0.12286923047675738,0.11488323751024013,0.13183684280032065,s3
54,0.12552295330280133,0.11762780604280136,0.1345417564356008,0.12488813100062293,0.1170640202376282,0.13384042391530365,0.12406587249044423,0.11632100788488095,0.13289902193696385,s3
55,0.12671670731328766,0.11903085647563819,0.1356291378827747,0.126078717333244,0.1184712732495068,0.1349168586798591,0.12525236957792715,0.11771618189928282,0.1339787923427815,s3
56,0.1280210350076787,0.12050924274299561,0.13674875166109976,0.12736733083481933,0.1199112295238281,0.1360078901142456,0.12650618932506316,0.1191234812308471,0.13504675300990182,s3
57,0.1293054520295868,0.12164535208243318,0.13798377473242154,0.12863641526989092,0.12104264405461874,0.1372286420382449,0.12776738902518286,0.12024874409218372,0.1362351334730063,s3
58,0.1305883750110152,0.12293964962206183,0.1390304499825605,0.12991063945190173,0.12232325480382832,0.13828387428483888,0.12900745481790732,0.12151160514385974,0.1373013068467578,s3
59,0.13199020400241662,0.12423432994888671,0.14015116402966693,0.13128236926902603,0.1235983264517851,0.1393738341435299,0.13036374650785226,0.12276028404864964,0.13836506854693376,s3
60,0.1332628573884544,0.12559531693905482,0.14134064523468334,0.1325555592840017,0.12495118642748704,0.14056281633636883,0.13163359589614876,0.12411249135309542,0.13953304242700107,s3
61,0.1345486418036781,0.12701232745133592,0.14238867633745736,0.13381886915306662,0.1263536190248768,0.14160792740388572,0.13285863578652224,0.1254919022546882,0.14058060526476923,s3
62,0.1358352254015603,0.12842012739527822,0.1437146238373303,0.13510870198652092,0.12775751047574815,0.1428927002809534,0.13416669232365563,0.12688268534307443,0.14181185043715178,s3
63,0.13724307705359146,0.1298799523965176,0.14505479491252357,0.13648507094341084,0.1291895913923796,0.14425135142354523,0.13548425822406335,0.12829666273581106,0.1431948820488758,s3
64,0.13857342738627146,0.13136147490647337,0.14620272003060822,0.1378194879964032,0.13064012144506498,0.14538664975696794,0.1368082588411919,0.12971690763339525,0.14431309534761677,s3
65,0.13995445570127524,0.1327975433573128,0.14780440297858516,0.1391761066824101,0.1320609535320762,0.14694579859453122,0.13815417767454619,0.13109190962722733,0.1458011708287958,s3
66,0.1413264250309864,0.13395354534816256,0.14921628187423483,0.14051554173957648,0.13320521744288952,0.14832877863399518,0.1394553752339204,0.1322209070204497,0.14718438663128916,s3
67,0.1427408610648127,0.1351586410016561,0.15077918429979376,0.1419212680448949,0.1344119860123791,0.14989227036558705,0.14084521802681554,0.1334296952780339,0.14872629269993043,s3
68,0.14424074353119845,0.1364608541763216,0.15243407920074922,0.14341565816396756,0.13567429222690533,0.15152749063460652,0.1423202809897819,0.13465396322282155,0.15033601341567554,s3
69,0.14570588894050468,0.13772383490512835,0.15403259340691408,0.14485721518086353,0.13692496110372288,0.15312459305956666,0.14373642764695468,0.1358842092746013,0.1519312223971057,s3
70,0.14717326739464104,0.13893171830655843,0.1556729723771237,0.14630713143115706,0.1381461200261183,0.15473102032902192,0.1451759875692159,0.13711310277438105,0.15349327918074837,s3
71,0.14873012676880243,0.14033406537079599,0.15727669989236157,0.14784519463218282,0.139516576967758,0.1563287012503127,0.14667283735838677,0.1384420005354871,0.15508289812640844,s3
72,0.15025869273996562,0.14141032329804828,0.15891983410362945,0.14935027866099104,0.14058787544222875,0.1579341350745999,0.14815515252540673,0.1395067199681475,0.1566394274765354,s3
73,0.15169599444240123,0.14265580707461634,0.16100797155569987,0.15076214628044293,0.14180205200511412,0.1599797243519773,0.14953686080933726,0.14071902512973314,0.1586298262875724,s3
74,0.1531787517947034,0.14392512148712933,0.16259012153289343,0.15225229749561553,0.14304796115641147,0.16157923481590283,0.15101442281327915,0.1418946165657171,0.16025097138719763,s3
75,0.15465409753950723,0.14520566052599226,0.16438346467035167,0.1536962167663121,0.14431185366827448,0.16334356680428008,0.15243372440443811,0.14313816445311744,0.161958339125795,s3
76,0.15612462534497332,0.14621572899250085,0.1660406662384454,0.15516105669550673,0.14536316356907036,0.16497280086079255,0.15389232416323,0.14422951133019357,0.16357727714197545,s3
77,0.1578140937799931,0.1475813990042516,0.16804994271832072,0.1568008206563739,0.14668018710280759,0.16694734349478565,0.1554725063449835,0.1454961755804232,0.16550035623824094,s3
78,0.15938008251092875,0.14895693283146239,0.17009510225240793,0.15835761268605217,0.14805471147455287,0.16894092098389735,0.15701271082388507,0.14686924386832234,0.16742778470747183,s3
79,0.16086417746831946,0.14994357904059924,0.1722752251350197,0.15983404296448445,0.14902990548349707,0.1711217935655831,0.15849048353195466,0.14784028262402585,0.1696083742389348,s3
80,0.16249132559461785,0.1511182811380313,0.17441619473069261,0.16144542264726777,0.15019376248040403,0.17319360809143375,0.16006782114881296,0.14897725596138867,0.17159064690999,s3
81,0.16409064373609036,0.15249634281043406,0.17661943833972135,0.16299615667271045,0.15153072004979062,0.17539673002303752,0.1615739052233735,0.15026291693565005,0.17379323560851656,s3
82,0.165746828358517,0.15375313383438569,0.17882431837046428,0.1646516066229081,0.152771321070837,0.17753302687547903,0.16316552969496528,0.1514824507806637,0.17584817446915346,s3
83,0.16743709435397378,0.15480512836151103,0.18113539343080653,0.1662891745756507,0.15380993872253385,0.17980158565674662,0.16479136320298188,0.15251339367738423,0.17810383770522553,s3
84,0.16913885188415212,0.1558567896010698,0.18371711646947378,0.16796920577791014,0.1548466020395077,0.1823743611124318,0.16644593177551734,0.15352100423919646,0.1806059133155335,s3
85,0.1707635684409293,0.15707482599868128,0.18607862037202924,0.16958346837781962,0.15607558679035266,0.18471474246801678,0.16803275655710997,0.1547131139442053,0.1829280561757005,s3
86,0.1723773443428015,0.15817871386266522,0.1886281015268218,0.1711778979919553,0.1571504330385911,0.18722568659470795,0.1696259699746383,0.15580098413081228,0.1853889614353285,s3
87,0.1741633603278775,0.159345804241354,0.19121310687469278,0.17292252753736853,0.15831153305974666,0.18977108129685444,0.1713141911709166,0.15695395734709447,0.18788294108162742,s3
88,0.17588394777308325,0.16061144894699333,0.19398608541244197,0.17464335830908417,0.1595615608476017,0.1924710274792641,0.17299528170869952,0.15818363425732318,0.19048819935706907,s3
89,0.17756320404508513,0.16189268594060643,0.19675906951218855,0.1762848904929367,0.16082371698897424,0.19519071265189877,0.17459539778937755,0.15942096260245203,0.19313854360974655,s3
90,0.17932942235596305,0.16317742565575,0.19940025613626278,0.1780241142141229,0.16209206475301924,0.19780493685117673,0.1762999533145856,0.16066796023916557,0.19571743767773203,s3
91,0.18116204099047373,0.1644252587713099,0.2019131136856829,0.17982102795582017,0.16329788869777975,0.2003018331795355,0.17806359648138995,0.1618193833112974,0.19819419510684408,s3
92,0.1829024191878097,0.16556290778718263,0.20466821276950198,0.18154381023280725,0.16441878876547364,0.202986186419002,0.17977462309182932,0.1629185051773169,0.20078721003526434,s3
93,0.18471403126441893,0.16671472150793698,0.2073580860478019,0.18331785382601645,0.16555422512924,0.2056307180964686,0.18147938746959583,0.16403264374449805,0.20337303652313937,s3
94,0.1865524265719609,0.168010721188936,0.21008363384997716,0.18513961663627038,0.1668401693145376,0.2083095223621253,0.1832827742640671,0.16530633272337786,0.20599130248883557,s3
95,0.1883815925793836,0.16948018876126075,0.21284001365572258,0.1869356089879295,0.16828848765897708,0.21101915692813777,0.18504969227908796,0.1667262796371588,0.20864048607096097,s3
50,0.11852536981565548,0.11083833848624482,0.12779217795046593,0.11795000542945652,0.1103238937493097,0.12714682525497215,0.11719253724873137,0.10964567414510158,0.12628904004645222,s4
51,0.11966571178249118,0.11203158364746502,0.12870430470568156,0.11908668224587379,0.11151271490223785,0.1280408989954059,0.11832630630652059,0.1108285597813333,0.1271672288221958,s4
52,0.12087591768056566,0.11329043981737302,0.12960908447746583,0.12028435179164026,0.11276066424114799,0.12893679295865138,0.11950448962315849,0.11206237775087667,0.1280514857759946,s4
53,0.1219902212141111,0.11455415307437189,0.1305961384672314,0.12139339776542973,0.1139994584323841,0.12990148764590687,0.12060417696148681,0.11326844496400706,0.12898701361518677,s4
54,0.12315348747862881,0.11576850506328336,0.13162411313122338,0.12254575390599448,0.11520171949265608,0.13094035617075098,0.1217229969329393,0.11445486533404703,0.13001094975181868,s4
55,0.1243129085055554,0.11697395697315888,0.13264322771790704,0.12367753339566254,0.11641375112233704,0.13194640164674148,0.12285469869463828,0.11565241333797054,0.13104265799942397,s4
56,0.1255074131986666,0.11809789702738249,0.13358104585093517,0.1248660619330497,0.11750260733276173,0.132879922454857,0.12402371959813158,0.11673579395335722,0.13195686137741885,s4
57,0.1267220847928631,0.11927671547176634,0.13452352280447133,0.12606899847906544,0.11868397415487501,0.13380275053507446,0.12520481717948714,0.11790309036814095,0.13285407200296936,s4
58,0.12795833314547092,0.1205382138349924,0.13567572038467535,0.12728214119898207,0.11993186606090046,0.13494348372870116,0.12639300144271493,0.11913313701290931,0.13397959304345508,s4
59,0.1292457166391922,0.12190093278692238,0.13674515253377267,0.1285675294244548,0.12127567000514988,0.13601492875324173,0.1276630596025567,0.12043991095431471,0.1350439460948059,s4
60,0.130432898677957,0.12333735224263276,0.13787118994011108,0.1297339813598558,0.1226921461224677,0.13711410909094204,0.1288133779050747,0.12184262107230909,0.13611782600221084,s4
61,0.13163550822625558,0.1244796646805037,0.13898342989042228,0.13094286086669787,0.12382291735614367,0.13821450196996757,0.13002382131391332,0.1229581707070578,0.1372023876063991,s4
62,0.13291561432774762,0.12563943851290607,0.13998723310323744,0.13219662665665333,0.12498079944749411,0.13920986254256415,0.1312521764808895,0.12409989171382158,0.13818711261014582,s4
63,0.13422241015556408,0.12680246472856946,0.14133117201812204,0.1334797112078004,0.12613532402618338,0.14053873474943665,0.1325107302884287,0.12525108997407733,0.13949629592074325,s4
64,0.1355029306444314,0.12817820779600608,0.14260146708656105,0.13474856508431493,0.12748478313640543,0.14177176126532298,0.13374880589999844,0.12657217977893676,0.14068092598968154,s4
65,0.13677807326191505,0.12946976721733694,0.14406384976468184,0.13601613422254408,0.12877941902095513,0.14323969219798266,0.13502694771057921,0.12786252794982247,0.1421558135742334,s4
66,0.1380599816044195,0.13080121154611482,0.1453085195832515,0.13726841438429976,0.1300771353372993,0.14446685261979042,0.13623987285491057,0.1291245454649209,0.14336345306687825,s4
67,0.1394151451628042,0.13198111178874208,0.14678926874161896,0.13861412131345804,0.1312598876439987,0.14592440307712576,0.13757429571242585,0.13031073113940278,0.1447854985073052,s4
68,0.1407441570209617,0.13317892606213658,0.14820564851440066,0.13994223369860637,0.1324201736895017,0.14732441643752925,0.13887822654736282,0.13141787094748386,0.14616608503136336,s4
69,0.14210039797655766,0.1343206486901573,0.14968661599405828,0.14127849082270044,0.13356392586730192,0.14879515867316087,0.14020220180574144,0.1325687995590447,0.14762341157565068,s4
70,0.14351342235842512,0.13567434132339387,0.1512172591142652,0.14267205789329618,0.1349059873938665,0.15030162579649686,0.1415601050348771,0.13389528851857918,0.14909843543851586,s4
71,0.14491930781922946,0.13673473840711148,0.15258399778415177,0.14405904218334342,0.13594895202205734,0.15165320812528818,0.14292821510858117,0.13491601623299512,0.15043567311489797,s4
72,0.14628903849609803,0.13799666040007766,0.15396697357033215,0.14541420063502403,0.13721325199669943,0.1530167922384961,0.14424888163500743,0.13618285186882337,0.15176854606276674,s4
73,0.14759524195962448,0.13906998087815084,0.15550638363606403,0.14669008587201562,0.13826355406895732,0.15455340923321279,0.14550333439718466,0.1372195244986116,0.15330130994724336,s4
74,0.14890383430583154,0.14032673562738127,0.15720447448939673,0.1479923176733328,0.13950685418153916,0.15622010862789987,0.14679531592094208,0.13842887994883823,0.15492714383542833,s4
75,0.15030866845191893,0.14135472552346084,0.15886086196469007,0.14938544149498084,0.14051093303277828,0.15785654713275274,0.14818202997490076,0.13940173594210775,0.15653764645628065,s4
76,0.151690422521171,0.14240183512076762,0.16068066476469536,0.1507552727445814,0.14155088817551384,0.159652451910721,0.14953669422705362,0.14043234207754623,0.15830235379135835,s4
77,0.1532496724532967,0.1433887069300353,0.16240823671313195,0.15228339977645533,0.14252296461051536,0.16135466889426991,0.1510042411528692,0.14138509770714977,0.15997139877221533,s4
78,0.15469372674511508,0.14453565141005859,0.1643742406039795,0.153707875673125,0.14365213046894165,0.16329601951278072,0.15242760320682583,0.1424913125891441,0.16188076655346084,s4
79,0.15618512121276606,0.14564292462229564,0.1663180149204309,0.1551692453138191,0.14476549713000006,0.16516070805700625,0.15385325176555137,0.1436124345929251,0.163714161241827,s4
80,0.15761724949907358,0.14664099056922142,0.16830496983784707,0.15657260555775387,0.1457513979436612,0.1671370341312463,0.15524332162416843,0.1445824675379069,0.16560501917230067,s4
81,0.15917922195203474,0.14774914161816916,0.17009213638501414,0.15813812746053796,0.1468377096587994,0.16893767811535035,0.15675504050842395,0.14564040737194464,0.16743414841646773,s4
82,0.160699707633289,0.14884975195036002,0.17203975652500594,0.1596261241949728,0.14793599798047188,0.170857607828493,0.15822173971894005,0.14673561130585433,0.16927651170949554,s4
83,0.1622075353269997,0.15001898970480157,0.17393270513480755,0.16112016588574626,0.14907848564775641,0.1727120351951403,0.15969413297001192,0.14786269610151073,0.17111153459644213,s4
84,0.1637394108151069,0.15125528899121507,0.17580463176943523,0.16262643159559603,0.150303499781011,0.17455987564349,0.16117937682853206,0.14904538463216646,0.17292795016252382,s4
85,0.16527948427578054,0.15241590278974465,0.17771910966943533,0.16414978399691127,0.15144991579359843,0.17646740722726545,0.1626975205008797,0.150181236790338,0.17482616252444702,s4
86,0.1669088860182355,0.15362741670460564,0.179755822568404,0.16574088511417795,0.15263289620577944,0.17847497317443595,0.16421953681512932,0.15132709578037346,0.17678810537074516,s4
87,0.168607107648403,0.1547481850995214,0.18181529720603443,0.16742354882267602,0.153740645570814,0.18045243518161086,0.16588046365809894,0.15236012695044507,0.1786706737552016,s4
88,0.1702241210719439,0.15581521385763453,0.1840437584958914,0.16903549236450094,0.15481007466746516,0.1826468191939461,0.16750057168002094,0.15349038713548804,0.18081705902774517,s4
89,0.17181323347124983,0.15706560590344892,0.18623171702800054,0.17062220298104525,0.15604401036586515,0.18481649578837556,0.16904746860251735,0.15470288311573585,0.18296336138873118,s4
90,0.17343197845373207,0.15820316645224972,0.1885163399872379,0.17220360279260988,0.1571641357163818,0.18705473115402826,0.17059224107928378,0.15579209439440336,0.18517807101162279,s4
91,0.1750801885466997,0.15918068213116596,0.19091678804823273,0.17383399440942565,0.1581366790474443,0.1894119983054695,0.17218948302599765,0.1567661924272881,0.18744284704120562,s4
92,0.17671510956345288,0.16013088354279542,0.19326240300439965,0.17542393744609625,0.15906910301748944,0.1917198837440938,0.1737624931080144,0.15769786811702668,0.18970181694048988,s4
93,0.17842171151012604,0.16114170549040466,0.19554813881334418,0.17711497704243284,0.1600729621394496,0.19397022973825886,0.17542203170978182,0.15867023967633623,0.191906003932113,s4
94,0.18014865407802544,0.16212557616682302,0.19784795446970213,0.1787923930522783,0.16104361463872052,0.1962399088378133,0.17703193369411951,0.1596236791935465,0.19412761169327275,s4
95,0.18177320734622926,0.1631218161415424,0.20019218113270035,0.18041897465545942,0.16202539329896282,0.19853916502245036,0.17865658915866578,0.16058663765591769,0.19637700457138002,s4
50,0.11509474844737419,0.10662646841817053,0.12332908978448212,0.1145272727786707,0.10613063534473867,0.12266971195936775,0.11377952593060903,0.10547692998442705,0.12180176046152107,s5
51,0.11615338449903342,0.1077940485654919,0.12409760786863419,0.11558674132242563,0.1072926020563198,0.12344756209463122,0.1148379939389968,0.10664837250231353,0.12258617581914272,s5
52,0.11722721911918205,0.10908854265987275,0.12479347771221284,0.11664771045544808,0.1085774190580589,0.12413246565415764,0.11588086647568904,0.10790353830319398,0.1232622791146219,s5
53,0.11827101375171317,0.11049589748208129,0.1256207351979035,0.11768221484930978,0.10997521015584265,0.12495530944506397,0.11690651038708005,0.10928880810316834,0.12407932567388515,s5
54,0.11935465936555048,0.11187016820181668,0.1265910200496668,0.11874829961219116,0.11131737544450157,0.12589588075070482,0.11794157808351768,0.11058897821110036,0.12498116462245658,s5
55,0.12044790849707471,0.11303533781191229,0.12755965161457083,0.11982125721752486,0.11247107906509057,0.12686043911616368,0.11900358836264732,0.11172765895463996,0.12594036230538558,s5
56,0.12157011022193474,0.11430141374948645,0.12857223323613784,0.12094313449723877,0.11373479563794942,0.12786138786300444,0.12011343618192866,0.11298769573722028,0.126925362328951,s5
57,0.12266712002535787,0.11555948886889919,0.12950221532660916,0.12202775537958202,0.11499714993471266,0.1287949653706976,0.12117725666998733,0.11425611665673639,0.12786406567571826,s5
58,0.12375236963319701,0.11680634668762269,0.13053535376794123,0.12310788319050821,0.11620355423440339,0.12983334426496637,0.12225165000621552,0.115409835520221,0.12890339326582106,s5
59,0.12485192911649053,0.11812373981393866,0.13158561852128672,0.12418365056734389,0.1174978579763324,0.1308585202014913,0.12331245226009768,0.11667376896827344,0.12990100587334832,s5
60,0.12591272839438272,0.11938066994328093,0.1325856086574327,0.12524646235028752,0.11875807041805488,0.13183655060150315,0.1243696280126962,0.11793828244893033,0.1308591601118953,s5
61,0.12706244585934068,0.12058926264468063,0.1337339405919813,0.1263710436182018,0.11993694669933434,0.13297680766905182,0.12546365413285415,0.11907822455682783,0.13199088909345566,s5
62,0.1282290337951636,0.12179675832041184,0.1348319950589264,0.12752994522242211,0.1211720759195613,0.13407588817437815,0.12660998744638002,0.12029902825598014,0.13308126143303442,s5
63,0.129348995946184,0.12316807436336415,0.13587779559625476,0.1286267433001676,0.12250242179736277,0.13509623961669678,0.12768235680586004,0.12162624848300921,0.13407187181263122,s5
64,0.13054720704892103,0.1244077292277216,0.13695739858898182,0.1298145801806025,0.1237271625856751,0.13614873535273522,0.12885069763840032,0.1228320278830384,0.13509191621280764,s5
65,0.13175408551582501,0.1255445327362336,0.13822603812868467,0.13101007507124263,0.12485972446738147,0.1374309873287917,0.13003028424896268,0.12395855960376477,0.13638524507507158,s5
66,0.13294729928928592,0.12672695606375972,0.13942488334214692,0.1321892959743447,0.12601463372632474,0.13860752752832456,0.1311831678546559,0.12508459427899174,0.13753292713205573,s5
67,0.13415482605075774,0.1280220869992032,0.1408784015040667,0.13338545011160485,0.12729787750739818,0.14002132273124956,0.13236814727945584,0.1263660936013736,0.1388951348914846,s5
68,0.13537700498373575,0.1293558525868347,0.14215887751863024,0.13458734939079664,0.1286375302660127,0.14130563808726124,0.13355633012088472,0.12766787122351378,0.14018418680628275,s5
69,0.13669190807287052,0.13052338448534034,0.1435630736627873,0.13589456115914245,0.12978098901441582,0.14268986881807288,0.13483845044121345,0.12880252642369766,0.1415423840841365,s5
70,0.13793348360544383,0.13153256776628497,0.14507609453308812,0.13711840636729888,0.1307732932166489,0.14418381220601117,0.13603894024411667,0.12980111901231023,0.14299563333262172,s5
71,0.13918661877293853,0.1328148391131882,0.14625563950703366,0.13834967156343864,0.13204483412419576,0.14535004137355556,0.13725496039233237,0.1310323940573547,0.14416030294482238,s5
72,0.14044404369017238,0.13387078917673417,0.14787241713396757,0.1395995595972438,0.1330825420003182,0.146940660726442,0.1384728431786313,0.1320432393841604,0.14571695574268537,s5
73,0.14172665907114151,0.1349605513641805,0.1492783227051052,0.14085883004552846,0.13414999378193473,0.14832841299968985,0.13973217931051685,0.1330988282156089,0.14708104757090612,s5
74,0.14307821683488114,0.13602863986079916,0.15079598179304118,0.14219087272800282,0.1352209542075824,0.14980175324922795,0.14103591015060507,0.13416890511361096,0.14853512661862867,s5
75,0.14436714470050532,0.13712050835645995,0.15243482549987256,0.1434623071454625,0.13629745991529782,0.1514356177089083,0.14227927581031197,0.13521561938392931,0.15012376176690392,s5
76,0.1457415000726318,0.1381902056925091,0.15406824758021379,0.14481867479656518,0.1373531150622362,0.1530668155245611,0.14361263513542982,0.1362530473255737,0.15170975261457864,s5
77,0.1470644059182788,0.13921642245953322,0.15554064579213167,0.14611734087187772,0.13837649238009656,0.1545031792369973,0.14488683596709423,0.13727276646907777,0.15314178937781825,s5
78,0.1483446318805112,0.14021632376611165,0.15729296238593252,0.14740411571663084,0.1393639790274113,0.15627259042803016,0.1461633272739556,0.13824405837613865,0.15489747808146942,s5
79,0.1497353078596898,0.1413171483240407,0.1591314141743386,0.14878073846750423,0.1404354954195194,0.1580380489693153,0.14752055758093602,0.13927747994512454,0.15660226225660595,s5
80,0.15108970525361404,0.14225760732319956,0.16094850406648661,0.15010378216601244,0.14136216016526248,0.1598430271254632,0.14881607847504624,0.14020916416626528,0.15839302291149834,s5
81,0.1524593737454129,0.14330065482121826,0.16286935076404777,0.15145670760651625,0.14240831532304607,0.16174408292320674,0.15014122984711964,0.14123636914948962,0.16026927231927587,s5
82,0.15388962676557588,0.14428179022859913,0.1649928445450587,0.1528595468090146,0.14337674375894163,0.16382293950485666,0.15150758343919116,0.14218805868177245,0.16228926855039572,s5
83,0.15533914233591672,0.1452565678300507,0.16686344945803677,0.15430373305886796,0.14432985509066362,0.16568595849292428,0.15292440764997495,0.1431130115233636,0.16414216439029072,s5
84,0.15675060967710935,0.14626451071920216,0.16863674754673955,0.15569498796567924,0.1453340571392911,0.1674336128114762,0.15430834855280695,0.1441122576837655,0.16585648157438138,s5
85,0.1582013748431266,0.14726475900573385,0.17056344926987185,0.1571209756607521,0.1463213675191465,0.16934100780794548,0.1557062986113059,0.14508270929030428,0.1677252090144966,s5
86,0.15962040443847234,0.14834938002829462,0.1724562037744684,0.15851304995670565,0.14738303360652175,0.17117997943882354,0.15706439642900347,0.1461144541212846,0.16951659374771658,s5
87,0.16106992024041616,0.14937463884331365,0.174443948464127,0.1599453891551059,0.14842462179516847,0.1731339567047288,0.15846786405995855,0.1471377953748906,0.17141794914654138,s5
88,0.16254608392163766,0.1503091725815576,0.1762935117430175,0.1614010811748205,0.1493258806652483,0.17496497833634567,0.15989158966139255,0.14803599227197248,0.17326085908259448,s5
89,0.16401545854172142,0.1512386494623657,0.1782551785539977,0.16285671122247297,0.15025322836425023,0.17689601456880752,0.16134930293803781,0.14893109535846197,0.17511636078319853,s5
90,0.1654851325110645,0.15220440748913122,0.1803753899353276,0.164299729525626,0.15117524849072037,0.17897227015675035,0.16274421721668003,0.14982517181618094,0.17713566734603445,s5
91,0.1669595659832044,0.15309522439507042,0.18249756322326235,0.16573051813136536,0.15206247700892628,0.18107392646685067,0.16414649368400852,0.15070755980227496,0.17918260079396042,s5
92,0.1685455709214566,0.15401878089876567,0.184566894203146,0.1673074034308002,0.15297210609845843,0.1831111661089598,0.16568524754362188,0.15159930832373952,0.18120633075105588,s5
93,0.17013812482509297,0.15495198024418338,0.18670631374393884,0.16887490687258547,0.15389235064339124,0.18523172028559848,0.16722532186618935,0.1525024568105598,0.18330210493571358,s5
94,0.17164215018940943,0.15590909995884145,0.18896146984563794,0.17037757726839106,0.15483192452716027,0.18745070562500893,0.16871086424170706,0.1534192404715317,0.18547419476235696,s5
95,0.17320601517260148,0.15692064617762966,0.1915220454948973,0.17191536504386196,0.15586303799570356,0.18989797545432588,0.17022611343250474,0.1544754220628032,0.18777559812580114,s5
50,0.11650983703480403,0.10783271848705095,0.1257654209805976,0.11598708677191577,0.10737928478076177,0.12515630583229492,0.11528058957735961,0.1067719049432021,0.12435359764621064,s6
51,0.11771889715354947,0.10919277191410137,0.1268075490631908,0.1171831704969706,0.10871720456858792,0.12618941023872052,0.1164732050480621,0.10808894596288651,0.12537485087723274,s6
52,0.11895105780411991,0.11053562345434256,0.12791214452368507,0.11839005025875007,0.11002716864941701,0.12728293810341035,0.11763934560192618,0.10935589733297837,0.12645388072565888,s6
53,0.1201794257332837,0.11196618747621492,0.12905263971950315,0.11960841059089078,0.1114740123513079,0.12840760715307412,0.11886517973551566,0.11082094522434469,0.1275579614606962,s6
54,0.12138685999349719,0.11342786694875609,0.13025477855857692,0.12081205830121192,0.11291207705883603,0.1295969398512795,0.12005813451653541,0.1122318890487491,0.1287309741465047,s6
55,0.12265874380003203,0.1147373506482552,0.13131525638640107,0.12205815776836335,0.11420914463860139,0.1306452630156834,0.12128584171318138,0.11351267498549225,0.12977779102223985,s6
56,0.1239763909402685,0.11606123460517001,0.13242906835414478,0.12337063085921246,0.11551991883287918,0.13175358062782017,0.1225738428892261,0.11480697728339466,0.13086392109695716,s6
57,0.12523134496865082,0.11744163655545839,0.13366640986371875,0.1246146581383305,0.11688139371662301,0.132996221082456,0.12379623865803183,0.11614303077817323,0.13211348673075782,s6
58,0.1264845669195911,0.11880690231259076,0.13474306474868403,0.1258514347754219,0.11824713023335062,0.1340432741404518,0.1250234532360931,0.11750975500443482,0.1331218085956887,s6
59,0.12783434229430765,0.12034170165932452,0.13599671594341614,0.12719617500615155,0.11975161200013842,0.13527548058302827,0.1263537955435941,0.11897405867963357,0.1343260535987447,s6
60,0.1291726520679755,0.12165667471647053,0.13732116291161067,0.12851171228130553,0.12105780406778137,0.1365955877248005,0.12764176822226259,0.12026872926241393,0.13564043854636326,s6
61,0.13049015559934757,0.12320752409038466,0.1386774302386956,0.129810310333222,0.12260372621024437,0.13793334764955384,0.1289230393823824,0.12180823829675673,0.13695397624638325,s6
62,0.13180462018559977,0.12474485526919997,0.13998823863394896,0.13112200741622443,0.12411597834403978,0.13925150527754654,0.1302239175234805,0.12325432208561034,0.13827713899695993,s6
63,0.13317481957990487,0.1261364386409112,0.14141132465755313,0.1324631271548058,0.12549214786403,0.14064089669073399,0.13152941897405637,0.12464359874962282,0.13962714185205805,s6
64,0.1345407668809671,0.12746669150501616,0.14272130727713025,0.13382405267544834,0.12680543837934424,0.14194036948521177,0.1328789799740943,0.1259348546266545,0.14091283222930473,s6
65,0.13594333399306446,0.12871834357261006,0.144215195853239,0.1352123337658782,0.12805078300598036,0.14342428076003114,0.13425792931222308,0.1271524934396413,0.14237932491427727,s6
66,0.13736249694299804,0.1301552720080144,0.145608314787841,0.13660590133833944,0.12946881402261057,0.14478092851584903,0.135603407043112,0.12856597561282937,0.14371932518022623,s6
67,0.13877896566885345,0.13158502152691157,0.14708846037020903,0.13800997664530107,0.1308726939623968,0.14626498533663165,0.1370008292610747,0.12993541880697446,0.14518168504258921,s6
68,0.14022527722165906,0.1329568161454992,0.14867971307415953,0.13945418450821817,0.13223785180343037,0.14783108823108726,0.13842990257461887,0.13129178651627021,0.14671496804951764,s6
69,0.1417205515819941,0.1344422441793684,0.15027833400410004,0.14093141130794698,0.13369793367584032,0.14941958261956487,0.13989882120369748,0.1327187494077778,0.14829029961611,s6
70,0.1432073347344603,0.13587127454828057,0.15184223163773536,0.14240540703661678,0.13512814760301278,0.1509572278874114,0.14133759793432463,0.1341503800729546,0.14976628436191766,s6
71,0.14474983332449998,0.13732810730081538,0.15330556672399095,0.14390198811068505,0.13654894734608106,0.1524108883162135,0.1428037084252471,0.13554630977543805,0.15123469463691802,s6
72,0.14625730587649222,0.13861356738634317,0.15497603592227455,0.14540843670231293,0.13784298964438266,0.15407002989345892,0.14428965339946073,0.13682933665074332,0.1528788183194814,s6
73,0.1477803121222927,0.13990520533823878,0.15665187878630665,0.14691182468649583,0.13911921954324374,0.1556950249016626,0.14576512664912247,0.13809766184678787,0.15446211207943725,s6
74,0.14933370996197007,0.141271087998728,0.15840622253410483,0.14845706473202416,0.14046800802578427,0.15744223925278028,0.14729192589086532,0.13941289981529717,0.15617434425713103,s6
75,0.15092080870291122,0.14240327212720671,0.16002819537369187,0.1500148246157979,0.14157564335594638,0.15904403975123296,0.14880412709307778,0.14048760622854137,0.15775097922506534,s6
76,0.15256005508845505,0.14371937179274152,0.16197361183419529,0.1516363664092788,0.1429001803853861,0.1609715286711393,0.15041368500793068,0.14182295538785356,0.1596317951020238,s6
77,0.15410162462229185,0.14496171704634409,0.16380905173691426,0.15316845079651337,0.1440829175602326,0.16274870349442624,0.15192564824849286,0.14295961461871373,0.161396727336704,s6
78,0.15575407321313633,0.14611219169346507,0.16566871026659244,0.15478786691949364,0.14522782881425556,0.16460922147890666,0.15351351779856992,0.14406569788550483,0.16318632108584416,s6
79,0.15736047274030485,0.14741011837801235,0.16764677532071634,0.15636805119116648,0.14650851411319818,0.16655835689955095,0.15505836066211467,0.14532538155230754,0.16512950604731502,s6
80,0.15890149126738046,0.1487620773090511,0.16972716881435473,0.15790398714239146,0.14786206993703974,0.16858606223812972,0.15658372096505038,0.14667926614313856,0.16708891162568504,s6
81,0.16057963357284727,0.14998485844677573,0.17189483556674837,0.15955290032471053,0.1490905544355459,0.1707326751796607,0.15817580316775798,0.14786899234291065,0.16919640348159942,s6
82,0.16233213999697776,0.15120511956879773,0.17390927943714848,0.16128092919112474,0.1502607196119687,0.17272098255867807,0.15988884104473788,0.1490208537775908,0.17116150950619458,s6
83,0.16398440324962715,0.15247503525480843,0.17630789829377227,0.16292117017058713,0.1515447636197386,0.17513301935867695,0.161507263126229,0.15031086365365606,0.17347593737508818,s6
84,0.1656735819513384,0.15369067634207023,0.1784173589396745,0.16457302186568334,0.15274529056676706,0.17721782780648776,0.1631234928811473,0.15143322897475114,0.17564426065885583,s6
85,0.16744046320097505,0.15493718776581034,0.18054901471294504,0.16631492791895486,0.1539530871352591,0.17931915458554326,0.16483074960112773,0.15268994540703337,0.17770700295244318,s6
86,0.16917088646542283,0.15611273517627267,0.18285152072891955,0.16803073456735193,0.155142596381676,0.1815143500140697,0.1665349496790029,0.15382760236174706,0.1797984526097045,s6
87,0.1709397328420172,0.15727173721954815,0.18530943515779688,0.16977649324438904,0.15618175084413594,0.18396784041660658,0.1682578329744442,0.15482499813630643,0.18221007207348866,s6
88,0.17272350443779988,0.15857922439872396,0.18792348965637387,0.17152043964666602,0.1575341656937338,0.18654390736908796,0.1699457175251414,0.15616277292527267,0.18473678183657227,s6
89,0.17455008842600112,0.1599015882178525,0.19028270142133663,0.17333461231302322,0.158876054253741,0.18887905569301716,0.1717300952853146,0.1575127930255954,0.18704005895668363,s6
90,0.17640140462681964,0.16117658071559193,0.1928284044176894,0.17515574696652603,0.16013413383849526,0.19133344404854324,0.17352254687520402,0.15876580947910393,0.18937669955407022,s6
91,0.17827524353841673,0.16246197943872762,0.19565995819001336,0.177012126737136,0.16140234256843333,0.19412004637692268,0.1753511343924759,0.16001163142455443,0.19210499610944895,s6
92,0.18017611258106855,0.163757868598895,0.19822716935483148,0.17888101638157194,0.16268076023273065,0.19668411757256907,0.1771706455171576,0.16126729994971573,0.194664543443435,s6
93,0.18208528777874344,0.16510066767560902,0.2005252971706352,0.18076050579645872,0.16398775313478653,0.1989469813660463,0.17902470461857417,0.16253226130645917,0.1968816636883921,s6
94,0.18397880067342084,0.1663831083629622,0.20285767649903347,0.18262282883113923,0.1652658943169054,0.20124047971609937,0.18082670820009056,0.16380538247138668,0.19908612854902524,s6
95,0.18592884758341316,0.16766536891256267,0.2056928999579902,0.18455075949562585,0.16650832467590096,0.20395959499090838,0.18274459333752147,0.16499093776054144,0.20169443584249527,s6
50,0.11499988202328386,0.10714555530753024,0.12385422447974172,0.11443535539689512,0.10664220924941722,0.12319445694032866,0.11369146663725613,0.10597900263680479,0.12232587456158017,s7
51,0.11593535205025812,0.10820423283077345,0.12448697202720505,0.11536217474802148,0.10770369185028433,0.12382386044077383,0.11461322387754258,0.10704374518501808,0.12295100550667394,s7
52,0.1168202638603266,0.10933026885836451,0.1250001353920657,0.11622708184559219,0.10880483481057249,0.12433084995351179,0.11544901585681339,0.10811237838608552,0.12344992533599024,s7
53,0.1176584758201765,0.11040028102215822,0.12589379821303345,0.11705596367584499,0.10986889871949913,0.12524271481717653,0.11626666018864226,0.1091685489535158,0.12438537107266297,s7
54,0.11854640489892805,0.11144258902456568,0.12644500289589464,0.11794183746575496,0.1108961441746642,0.12574333825219952,0.1171397875726716,0.11017607270208056,0.12483668896186113,s7
55,0.11946285189865961,0.11242904194274922,0.12730221438917194,0.11884868483204997,0.1118872843649268,0.12660715469261616,0.11804349870271727,0.11116814388421342,0.12568729783564328,s7
56,0.12038724711055365,0.11349033623444213,0.1280399903943356,0.11976647562645365,0.11292557225631361,0.12732733667720583,0.118937788443181,0.11218176601832917,0.12638972550723268,s7
57,0.12128237179808157,0.11457021897019139,0.12861514982977124,0.12065806395291216,0.11398529745688298,0.127896210217414,0.11982056547188068,0.1132139543211448,0.1269587880056082,s7
58,0.12227336657957323,0.11557385208077957,0.1292727986597613,0.12163237832458779,0.1149909619995621,0.12854275705229776,0.12078773189467751,0.11422123019465033,0.1276154014166054,s7
59,0.12322561384530209,0.1166819176757745,0.1297667749707232,0.12257890636634683,0.1160829075951242,0.12903429825642898,0.12172654985756698,0.1152940156886159,0.1280842604963408,s7
60,0.12417623236590414,0.11771440821039207,0.1304809681150756,0.12351639833442771,0.11711035413785281,0.1297584388009373,0.12263499007021017,0.11631472790415302,0.12880782449170255,s7
61,0.12514546457736728,0.11871570847473271,0.13151973097444214,0.12448115989622038,0.11808074099258442,0.13079111954527797,0.12360903388606773,0.11724486258921862,0.12983251142284735,s7
62,0.12613478985782983,0.11973757640108122,0.13248613691691563,0.1254450959671758,0.11911804532218022,0.1317426409200928,0.12454359162062373,0.11830233670765072,0.13076458084753131,s7
63,0.12706859942642007,0.12082250322478229,0.13348163897364307,0.12637092771401343,0.12016416515701522,0.13272292287634493,0.12545678766092763,0.11929771147811992,0.13172491708846565,s7
64,0.1280625594626132,0.12180434059382735,0.13425190733231995,0.12735469662860888,0.12115293085386492,0.13347086399444436,0.12642725484220646,0.12028526112490537,0.13247262929703726,s7
65,0.12904412502034085,0.12276774187192811,0.13512693123037833,0.12832742725819118,0.12210345902062522,0.1343561892181411,0.12738453396118563,0.12122918383673711,0.13334249439887197,s7
66,0.13000198486376963,0.12375049417916488,0.1361780364113047,0.1292773710457712,0.12309396837590593,0.13539080818775467,0.12832344255240374,0.12221176026785878,0.13435563416423157,s7
67,0.13097729125537905,0.12487789554920506,0.1372275765424433,0.13024139776554386,0.12419299463714552,0.13643087956031943,0.12927539875615507,0.1232916709595563,0.13538326570933942,s7
68,0.13194461796419948,0.12577517081389186,0.13830083793341313,0.13119669432074782,0.12509078123882225,0.13749490030201014,0.13021222132474794,0.12419016216502876,0.13643525716188645,s7
69,0.13298901089498527,0.126772417381196,0.1394491623239291,0.13221995188930596,0.12608117204677052,0.13862985141525416,0.1312131995279126,0.1251375519450654,0.13756175835688658,s7
70,0.1340487139579001,0.1276228816753579,0.14077502950345044,0.13327567264237222,0.1269043113013473,0.13994484700063844,0.13225843684169256,0.12596646361735972,0.13884298845106782,s7
71,0.13502518885764908,0.12862162447561806,0.1420797531780439,0.13423805426847912,0.12791097406805008,0.1412193310673447,0.13320446122083118,0.12697599305819374,0.1400885193142692,s7
72,0.13598548854847695,0.12955332406407033,0.14321364540072576,0.1351752847584604,0.12882601228427676,0.14235300064776116,0.13412881298664336,0.12786921733503065,0.14120233049005756,s7
73,0.13700933782412494,0.13039587747424888,0.14464230376372397,0.13618980839873193,0.12964787212540596,0.14375326782829687,0.13512682149816757,0.1286783638411919,0.14258458053571602,s7
74,0.1381380377026325,0.13120899152601656,0.14603800189225713,0.1373034522891763,0.1304565417805587,0.14513059232166275,0.13621372770037227,0.12946697491422376,0.1439386125183652,s7
75,0.13918752818468078,0.13206076193481128,0.1472732220587462,0.13835618889991858,0.13130436193215878,0.1463623579884034,0.13726969053473534,0.1303095642602785,0.145165742945269,s7
76,0.14029799497214035,0.132832185718055,0.1486341111202607,0.1394457555905365,0.1320641241059303,0.14769897408660695,0.13833088263008836,0.13105405966517994,0.1464706544715462,s7
77,0.14144382373436198,0.13366250357776416,0.150030291933545,0.14058152531063806,0.13285769093218083,0.14906535600632057,0.13944164198101866,0.13181736363034657,0.1478121096186966,s7
78,0.14253203068356943,0.13443885278617085,0.1514667004283994,0.14165772789558212,0.13364548497446632,0.1504955724899657,0.14050896916326217,0.13259789041076592,0.1492053476333354,s7
79,0.14357979524461054,0.13519499177153702,0.15294287579306662,0.14269977576747245,0.13438596005389558,0.1519415316533935,0.14153797585801664,0.13333333364379635,0.15063474305873292,s7
80,0.1447027046773325,0.13601798483908495,0.15442149138976102,0.1438006020390706,0.13521888221550502,0.15339852902046136,0.14261552876645758,0.1341683817336411,0.15205599974614714,s7
81,0.14582360581377646,0.13687813022931944,0.15591415689839633,0.14491001382013652,0.13605657467510912,0.1548711846098837,0.14370006437652663,0.1349768903919796,0.15350257901830155,s7
82,0.14695042132027467,0.1377711604001198,0.15728519222128676,0.14601759642230272,0.13695061353087154,0.15623030284173064,0.1447929799811737,0.13586425349422268,0.15484609921002934,s7
83,0.14806781684131082,0.13865506273133227,0.15877241652817656,0.14713649052221764,0.13782429977592942,0.1577264095686341,0.14591234466912484,0.1367324805813987,0.1563535767784122,s7
84,0.1491980265511805,0.13954429510224586,0.16027892446645384,0.14824343295878148,0.13870107106933466,0.15915797387814226,0.14697526683202994,0.13754488496086567,0.15768816773766814,s7
85,0.15033454068744895,0.14041589335420787,0.16178894139914554,0.14934203610897334,0.13955476976244302,0.16066212305351696,0.14806040389801242,0.13842345279022372,0.1591843533753485,s7
86,0.1515327860844768,0.14113142592404299,0.16359802136031848,0.1505334183014696,0.14023455500863052,0.16244735846754355,0.1492339243370707,0.13907546916328908,0.16093866108180885,s7
87,0.15270474515919527,0.14193375390670104,0.1652389551594609,0.15169047867527968,0.14105369771486553,0.16406276045349583,0.15037523262626076,0.13989757483092122,0.16252077771807072,s7
88,0.15392586789612972,0.14262417222342544,0.16686305313902705,0.15290121739579737,0.14173647344170465,0.16569439686888174,0.15154832484622432,0.14057048335152886,0.16416196024380939,s7
89,0.1551447932255377,0.14337814140464006,0.168454216730354,0.15409928460814745,0.14246270895881927,0.16725619525141966,0.15272542584336166,0.1412605906207387,0.16569439677965456,s7
90,0.15635302585304003,0.1440838442316061,0.17017184444063765,0.1552785919334293,0.1431726638872096,0.16893080994677978,0.15386277167280618,0.14197593050331134,0.1673040142241705,s7
91,0.15750847373006233,0.14486708409363508,0.17201148972905347,0.15645652120077896,0.14395777352580572,0.17073779726401855,0.15506343524380753,0.14277813760097327,0.16906982649828192,s7
92,0.15879511788547085,0.1455697065618724,0.17392505708859998,0.15768634314288216,0.14466163781911567,0.17260039188906579,0.156222632616469,0.14346872065259403,0.17089975384250464,s7
93,0.1600189845174181,0.14627414041249095,0.17581519902429735,0.15890452096161606,0.14535915875706712,0.17449242604563017,0.15743049574385604,0.14414474370035826,0.17278873859161298,s7
94,0.1612765292970012,0.14684690284114119,0.17750453837678895,0.16013778936185258,0.14591745713298135,0.17619747381454456,0.15863746750719315,0.14469711246899294,0.17448500244312523,s7
95,0.16247959975701126,0.14744146490730886,0.17927968596822155,0.16134645905695205,0.14650647405332176,0.17794602228081177,0.15985237970246285,0.14527855022125863,0.1761990043562666,s7
50,0.1122002645856783,0.10400269327921294,0.12119536876930145,0.11168483074076323,0.10353584135664393,0.12059670046154684,0.1109911781813328,0.10292017339562233,0.11980802091186946,s8
51,0.11337336707708531,0.10520807191923418,0.12223485570429993,0.11284033231827288,0.10472848039950414,0.12162014028002328,0.11214596676771774,0.10409605063693479,0.12081052034820351,s8
52,0.1146480417163519,0.10654833014610662,0.12339933392606696,0.11410927833898764,0.10605343698695587,0.12278913612694889,0.11338953874442215,0.10540103417929766,0.1219666553014842,s8
53,0.1159265015055061,0.10791646036883956,0.12454551744759575,0.11535879510911709,0.10739797899745047,0.12391645393654026,0.11461387994120563,0.10671785200570616,0.1230879652355994,s8
54,0.11713634259145422,0.1091635930779193,0.12572947543785926,0.11655936995092796,0.10865004392829948,0.1250811285537188,0.11579825924216845,0.10797313772166528,0.12423681746854325,s8
55,0.11840328025573874,0.11056616200370244,0.12670865916689927,0.1178223587702513,0.11005493934530305,0.12605962045226538,0.11706884950833049,0.10938088156829844,0.12519423566231092,s8
56,0.11966700280342824,0.11205348738043687,0.12800139627787233,0.11906854852811677,0.11152201655005893,0.1273431878736661,0.11828413818241393,0.11082158784554706,0.12647647230173514,s8
57,0.12105436474718899,0.11337983259154863,0.1291866235383427,0.12043827051501041,0.11282084355730101,0.12851971805901635,0.11963411896791774,0.1120843318549117,0.12763459593047954,s8
58,0.12231331475375157,0.11477341636634188,0.13029662591740349,0.12169349843718455,0.11420188950483484,0.12962373848751316,0.12086525751938193,0.11344908009141674,0.12873772728474908,s8
59,0.1236034991154335,0.11621611985460556,0.13145518839220713,0.12297013052130601,0.11563816967210283,0.13074353444901715,0.1221312514213593,0.11487684665105369,0.12980701503552483,s8
60,0.12492343389774166,0.11759818274414763,0.13267162144150788,0.12427735771200424,0.11698766507506198,0.13195722747595337,0.12343105800951207,0.11618390519121292,0.13100292962812035,s8
61,0.12631251844853275,0.11880167296460667,0.13401302749339983,0.12564461961001322,0.11819296574500843,0.13327268125819672,0.12477208714932664,0.11738091960958964,0.13229764008523584,s8
62,0.12771911948404746,0.1201488084971782,0.1354542840367366,0.1270331036413696,0.11953426546635669,0.13471482791828496,0.1261403174840212,0.11872512855192376,0.13374172793493683,s8
63,0.12910111777118563,0.12146813271821806,0.1367021432132192,0.12840105837851237,0.12082836699261663,0.13595081094887274,0.12747648226079578,0.11999023919019153,0.13495094620902404,s8
64,0.13043380877088323,0.12281961245270465,0.13819138284956584,0.12973614758683877,0.12216164991801493,0.13741316520678937,0.12880272119902714,0.12129565153678804,0.1363896501183468,s8
65,0.13186754048660104,0.12408168075780547,0.13974511694770317,0.13114227022968028,0.1234195068419317,0.13897073882410252,0.1301693759876641,0.12255460748299878,0.1379520379929766,s8
66,0.13329335821559601,0.12547738365173616,0.14139795332274435,0.1325356982954957,0.12477283402680472,0.14059766166309254,0.1315408250191729,0.12385785281004694,0.1394988045283149,s8
67,0.13474973684219946,0.1269396507165787,0.14288626797345638,0.13398664991222398,0.1262538773078854,0.1420462720710142,0.1329747951815386,0.12535152929363005,0.14094204947281944,s8
68,0.13625305922050546,0.1283801479914229,0.1444193141128942,0.13546670493277818,0.1276511834512937,0.1435696583503245,0.13443522569147065,0.12669254048244866,0.14244213907452474,s8
69,0.1377210227157097,0.12988651007079346,0.14584220981696397,0.13692368128227378,0.12914069584465715,0.14499085584934063,0.1358691409965924,0.12816004939197037,0.143852509901646,s8
70,0.1391655827265172,0.13121270323241774,0.14749312498478945,0.1383488380556177,0.130477701572968,0.1466043823174592,0.13727247382357258,0.12951143029330348,0.1454364604093463,s8
71,0.14067212386069392,0.13257636722208374,0.14919960694626455,0.13982862251598355,0.13180557886032832,0.14830045398329558,0.13874070789566778,0.13079229902906203,0.1471189260268438,s8
72,0.1422023121771897,0.13403058120629102,0.151002778280794,0.14135803109275938,0.13327192185585857,0.15007382628157895,0.14025121031968296,0.1322352151662448,0.14885338960295624,s8
73,0.14379300439312695,0.1352282950739696,0.15263043586393582,0.14290875116496415,0.13443582906647364,0.15168071309453027,0.14175670729552625,0.13339422017308228,0.15043710304738048,s8
74,0.14531389463206396,0.1364833958263282,0.15478116940762968,0.144413193281303,0.13568136524486485,0.1537768495881818,0.14324627692045966,0.1346379035848977,0.15250224314387867,s8
75,0.14691104834879315,0.13766407303225653,0.15671691392913914,0.1460038622918368,0.1368658005323716,0.15571476126534406,0.1448000420010856,0.13581642716607742,0.15440889654572926,s8
76,0.14846787348405116,0.1388969408524718,0.15890004571284805,0.1475419017529806,0.13806025578330972,0.1578756365474111,0.14633380514764038,0.13698794408530357,0.156530877579815,s8
77,0.15004361230179336,0.14014119778263445,0.16090308446345838,0.14908349581134014,0.1393127900091913,0.15983002695276427,0.14781912453363671,0.1382240895547837,0.15842225182715303,s8
78,0.15172743124101373,0.14146120006906857,0.16284740855722868,0.15073274770218315,0.14059169061089463,0.16174716709511597,0.14943699857871706,0.13944935310083395,0.16030324127918688,s8
79,0.1533724587748082,0.14279501665729727,0.16481385109149174,0.15236249846035133,0.14192320661934826,0.16368512507816774,0.1510488163964921,0.1407696188321533,0.16220891963355602,s8
80,0.15505446190146688,0.1440885022661153,0.16695456601008996,0.15403749846900494,0.14317887709950883,0.16582262324958663,0.15271043135646073,0.14198512789329448,0.1643381122076071,s8
81,0.15668087627719784,0.14549281895496624,0.16911327641997537,0.15564192437984334,0.14458088730501284,0.16789654547463237,0.15429866717592655,0.14338331459477202,0.16630195622035132,s8
82,0.15840218109308118,0.14672915412012189,0.17140553708348089,0.15733688727693929,0.14580636580268796,0.170154981270155,0.1559391709694661,0.14459485973404024,0.1685164448709848,s8
83,0.16013664633066682,0.14813140385106965,0.17372924503674042,0.15904736832885155,0.14716689913723704,0.1724439357265577,0.1575980903596238,0.14590077061551948,0.17076026085187052,s8
84,0.16184007696740732,0.1492856332137411,0.17583107741380094,0.16073424220408955,0.1483346396027846,0.17456603917725783,0.15928748323721625,0.1470860711836299,0.17290751050745232,s8
85,0.16359436565901733,0.15043555705603193,0.17811689150974616,0.16244105153338703,0.1494692588876701,0.17675411090532603,0.1609474257982504,0.14820132209428324,0.17496855131422306,s8
86,0.1653323013018151,0.15170596124729252,0.18069903971118526,0.16414359270700374,0.1507025765170246,0.17929612019930377,0.16263525764796144,0.14938623201345222,0.1774582523131883,s8
87,0.16712494450176424,0.15303798505641567,0.18323725826086049,0.1659128252605902,0.1520169918212709,0.18186802853908662,0.16433621694416406,0.1506836972776689,0.17998314061202922,s8
88,0.1689705794117961,0.15439185473492262,0.18582913430215753,0.16774127840861447,0.153367081180306,0.18433180944026606,0.16613786915443948,0.1520074388104792,0.18243199940231056,s8
89,0.17085535145336428,0.15588309280092694,0.1885982614993843,0.16960532855514387,0.15485890466991473,0.18707379951272898,0.16796024818403077,0.15346923421664715,0.18507862008531778,s8
90,0.17271035967305987,0.15710737498788022,0.19095965953067875,0.17144848325298234,0.15603027943977466,0.18944337772640413,0.1697756881888822,0.1546507984320101,0.18745969733554432,s8
91,0.17466759024389178,0.1584880632772449,0.1935638973650384,0.1733384134193231,0.15739773445724126,0.19201837918858203,0.17161137387652745,0.15599629709259175,0.18992607589642177,s8
92,0.17654519896520848,0.15988104092998842,0.19613936996299314,0.17522659494094195,0.15878026256805072,0.1944951096739703,0.1734698567839565,0.15735352239955983,0.1923447338950088,s8
93,0.17847693122633904,0.16128641513678138,0.19879978754118724,0.17708698629251646,0.16014938544335525,0.1971100869932195,0.17527944786671165,0.15865825619476207,0.1949022242862188,s8
94,0.18040525432008137,0.1626913265750403,0.20149080262920957,0.17902427918672276,0.16154336863011823,0.1997600035495757,0.17719353635361734,0.16002572848179775,0.19749176940780427,s8
95,0.18232311266639167,0.1639777247920867,0.20413600685185407,0.1809026259405702,0.16282868442513965,0.2024316595984222,0.1790432230893481,0.16132224948785706,0.20011507166860346,s8
50,0.11532378568654264,0.10695987423796807,0.12457748046374557,0.11477655585437992,0.1064721747961842,0.12394418760903692,0.11403686996437981,0.10582902095882404,0.12310979351808848,s9
51,0.11613849678511096,0.10795611225147086,0.12516821563464664,0.11557641325053378,0.10745906961483609,0.12452814928651171,0.11483759136042805,0.1068036628188982,0.12368490389979576,s9
52,0.11702466444292625,0.10899680442101156,0.1257579152515467,0.11645226324098293,0.1084988075696029,0.125111648032174,0.11572012812592167,0.10782905593062617,0.12426058649617132,s9
53,0.11791953213498965,0.11002100654135731,0.12645148561313801,0.11733647009270359,0.10948728409880297,0.1257998443686089,0.11657491236638937,0.10879650280361246,0.12493294706815458,s9
54,0.11873502750842023,0.11102378772061021,0.12718349441899382,0.11815048421126961,0.11049489788924384,0.12652906102824593,0.11739214357085075,0.1097961787397351,0.12566737884091075,s9
55,0.1196271317748491,0.11208689546421832,0.12776000576723476,0.1190319796242342,0.11156346859251381,0.12708871302550734,0.1182530099806541,0.11086864235977287,0.1262155610735645,s9
56,0.12051046243018113,0.11307195554541585,0.12860887760260442,0.1199082938185961,0.11252490038098215,0.12793666398135914,0.11910593138568855,0.11180427427764077,0.1270465365485646,s9
57,0.12140265948316667,0.11402367177076779,0.1291275244539419,0.1207895373061656,0.11348315947411741,0.12844842636103904,0.11996026279489205,0.11277067470191722,0.1275545257011843,s9
58,0.12228442843180154,0.11511119846463361,0.12983660866046073,0.12165752622279097,0.11453937058857923,0.12915572323610436,0.12083211582981288,0.11378606253689723,0.12825927596879164,s9
59,0.12312731511364655,0.11602342825995035,0.13075427216939603,0.12249216054254147,0.11544223850850992,0.13006165654675492,0.12165964441174765,0.11467706089886862,0.12911590317090982,s9
60,0.1240243639160486,0.1170400770329007,0.131460392333494,0.12337262025310683,0.11645120986668976,0.13074946034945772,0.12252361928185537,0.11567549696139776,0.12979414790841234,s9
61,0.12488279860585963,0.11789744445090339,0.13221457730584582,0.12422276280336843,0.11730703114586755,0.13151142270218663,0.12337096926403773,0.11654133957723799,0.13058578134844595,s9
62,0.1257265240517622,0.11877253315888278,0.13311157483505803,0.1250605769301515,0.11817938485994037,0.1323989850419749,0.12418602248211946,0.11739224654228275,0.1314610898940803,s9
63,0.1266338434458964,0.11974920961952065,0.13405448019481758,0.1259507039933876,0.11912923886245068,0.13333106499284572,0.12505703314046712,0.11831399779703562,0.13237902185943207,s9
64,0.12760526143906503,0.12070799360273972,0.13499680790027402,0.12691123111265246,0.12007162823719611,0.13423828832872575,0.12600867216307066,0.11923964637810623,0.13324054798060495,s9
65,0.1285981526778613,0.12170997896220251,0.135981450165311,0.12790223143358082,0.12107477914432192,0.1352305527500139,0.12700357676418184,0.12023846082351305,0.1342426574029154,s9
66,0.1295608903792787,0.12271372860347023,0.1369201431814016,0.1288494412009496,0.12206536171938623,0.13616459698495711,0.12791200035400252,0.1212118412405638,0.13517055186363147,s9
67,0.13050813040709308,0.12357906841344796,0.13789532294439155,0.12979075287674682,0.12291478294409164,0.13712917971669297,0.1288408822938471,0.12204051942443901,0.13612128243256072,s9
68,0.13150558212682706,0.12445487850001151,0.13896083531606096,0.1307754883134653,0.12377922273563832,0.13817347704341842,0.1298147217580521,0.12288996188169214,0.1371261270394814,s9
69,0.13244078565405965,0.12528923820311244,0.13993510740485898,0.1317081464923131,0.12461302951093332,0.13913141621200026,0.13074453943968842,0.1237230815731323,0.13806923285581718,s9
70,0.1333587587794927,0.12614263821159144,0.14091766232182912,0.1326086166843462,0.12547417021319748,0.14009802197311677,0.13162574850856126,0.12459430345636677,0.13902681670021802,s9
71,0.13427697858216298,0.12702695873493938,0.14187725513899868,0.13351774011630058,0.12633591580972459,0.14105939281809418,0.1325246730630475,0.1254266358255334,0.13997378367631275,s9
72,0.1352583916370974,0.12773113166773223,0.14303921619952464,0.13448109165689437,0.12702750936746407,0.1422077912089651,0.13346332656984172,0.12610166809286333,0.1411147005452331,s9
73,0.13617005941349647,0.1284979249799634,0.14427428267736872,0.13539949672228085,0.12777442701442263,0.1433977584321607,0.1343822110119974,0.1268228008335804,0.1422573606322857,s9
74,0.1371084291968886,0.12918124726416014,0.14531154670005342,0.13632077732569342,0.12845399540378455,0.14443227970581202,0.1352753150955559,0.1274904284139365,0.14329978890116338,s9
75,0.13811630805220743,0.12998304124971746,0.14658390141134767,0.13731823586081598,0.12920162432792637,0.14570953522168095,0.13627169309695475,0.12817451840822158,0.14456040279492147,s9
76,0.13917345488684363,0.13059949827997183,0.1478893258190295,0.1383576251689665,0.1298603579221032,0.14698838023788907,0.1372889724404605,0.12890219507810116,0.14580469886233677,s9
77,0.14020436626061872,0.13146154503158924,0.14922793792355799,0.13935902510934078,0.13071407916116295,0.14834282509859062,0.13825626422731616,0.12974415653763885,0.14717948866282524,s9
78,0.14121015238973045,0.132242749072877,0.15084176359732404,0.1403741946849239,0.13151666238963874,0.14988960652893427,0.1392628136054472,0.13052459933677862,0.14863905088791396,s9
79,0.14223753067528871,0.13294772995922138,0.15204963709326397,0.14137262218385516,0.13221285834066143,0.1511153100335628,0.14026065171895694,0.13124605828465055,0.14988772649738147,s9
80,0.14322193679811362,0.13365325830931926,0.15329534701228933,0.14236001364325518,0.13291034191856937,0.15231874299309642,0.14120823875698507,0.13193302923249464,0.1510442161639558,s9
81,0.14423723535582728,0.13427842854405053,0.154958348954817,0.14334671130575805,0.13349518733585494,0.15393157630583587,0.14218443126589936,0.1324652814941735,0.15258416275219278,s9
82,0.14525396809532073,0.1350297258783418,0.1563981660202314,0.14436863176595238,0.13423710528328386,0.15538235277288684,0.14319497380236818,0.13319522970458844,0.15404695574212318,s9
83,0.1463364632775087,0.13580055712046232,0.15786884411855664,0.1454296278163687,0.13503302761983302,0.15684256379094352,0.14423847864196093,0.1340014392206883,0.15549469408615815,s9
84,0.14739558819595672,0.136599328536342,0.15953120401155393,0.1464731871437396,0.13578557675227687,0.15849403182837674,0.1452616641996638,0.13473225636938183,0.15713249873876797,s9
85,0.14841147511463476,0.13725074386582992,0.16123755867516487,0.1474855236700289,0.13646678911995605,0.16013717547596443,0.14626929380898357,0.13543586541002006,0.15869394545326992,s9
86,0.14958441075468637,0.13798385063023022,0.1629509981924302,0.14863405351936532,0.1371908310916202,0.16188993559557055,0.1473694080996318,0.1361480698588378,0.1604250504001537,s9
87,0.15066876292523096,0.13871775132008995,0.1644055120029142,0.14971726583834583,0.1379040136290509,0.16330474756372185,0.14846988976461922,0.13684632351245182,0.1618604955873041,s9
88,0.15172239642500002,0.13945534497379392,0.1659736006419794,0.15073069006823325,0.13864550578311008,0.16483767111043587,0.1494682318513612,0.13758078232809462,0.16334764628237794,s9
89,0.15282921848172726,0.1401980060107348,0.16780534159361668,0.15183777957404326,0.13937817683711132,0.1666620826901509,0.15055624699645587,0.13826182661960948,0.1651384183214468,s9
90,0.15390422392131925,0.14085935031779942,0.1694746460317142,0.15290515310687824,0.14002535047122874,0.1683131554999399,0.15160085381374747,0.13889333499738937,0.16680601230782333,s9
91,0.15495202187998508,0.1414594447637501,0.17131730955607988,0.1539366073643913,0.14057748769717643,0.17013539632153368,0.15255485435087857,0.1394199534020099,0.16858507441563925,s9
92,0.15600282412467498,0.14199829833744984,0.17282151076543326,0.15498165625065685,0.14117113595518394,0.17162572812516347,0.15365075434335612,0.1400837832196167,0.1700576824094491,s9
93,0.15713239820573627,0.14238611093169742,0.1745224279680555,0.15607794389225832,0.14155376979149362,0.1733025305873503,0.15470953054887004,0.14045966081565753,0.17170312257026818,s9
94,0.15833317573323552,0.1428307862532364,0.17623555756168,0.1572685944900038,0.14197422538277701,0.17499104278081323,0.15582474844181698,0.14084855591578455,0.17335962948287512,s9
95,0.15951317335455506,0.1433247036446697,0.17796579223638512,0.15841689736010897,0.1424620551344833,0.1766961683510183,0.15697906063666117,0.14132844318609547,0.17503211835959756,s9
