b0,sigma,lp__,Model,bd15,bd30
0.7401505436365675,0.09414526976392147,3869.8996284412387,C1,NA,NA
0.7405896875484445,0.09070517727177074,3872.8773465509125,C1,NA,NA
0.7356903166740758,0.09315086705149939,3872.5139509422906,C1,NA,NA
0.7378029276965897,0.0939254771929205,3870.536512945399,C1,NA,NA
0.7365384252126267,0.09163148053952194,3871.980032417018,C1,NA,NA
0.7390400573396507,0.09383847295977174,3870.655461317184,C1,NA,NA
0.7363190389906752,0.09301246545946813,3873.986639025562,C1,NA,NA
0.7389176802247889,0.09233191368163504,3870.592519988766,C1,NA,NA
0.7370751872226611,0.09083929831508415,3870.72455349794,C1,NA,NA
0.7388012648880241,0.09216347635347752,3867.7320575203066,C1,NA,NA
0.7355834569461894,0.09310374892689799,3868.8472135147763,C1,NA,NA
0.737524108434609,0.09278040550032968,3868.569628925906,C1,NA,NA
0.7376683931975869,0.09128829185334811,3871.988259648535,C1,NA,NA
0.738615342482706,0.09261960555008383,3871.7476674213467,C1,NA,NA
0.7348054267106993,0.0906719365882984,3872.019507220315,C1,NA,NA
0.7401472116681249,0.09151838140584061,3873.1295304282803,C1,NA,NA
0.735367795029388,0.09159107438082947,3874.1493433459777,C1,NA,NA
0.7408687158488307,0.09219623205306127,3873.5663202340397,C1,NA,NA
0.7416292806546652,0.09355821550522828,3868.9288775104555,C1,NA,NA
0.7394143560562275,0.09454951334698997,3871.633316887568,C1,NA,NA
0.7382213058714144,0.09219831288944504,3872.260545464491,C1,NA,NA
0.7397164199537611,0.09100072779643603,3868.4235162138184,C1,NA,NA
0.7371630178988992,0.09214230358949209,3874.0883270100067,C1,NA,NA
0.7409466617824685,0.09172840698277032,3873.1055899218863,C1,NA,NA
0.7354233450760886,0.09139396226800865,3869.766200033167,C1,NA,NA
0.7333476078672654,0.09127349880452872,3868.190488051894,C1,NA,NA
0.7413936332667889,0.09253530745394317,3870.4674627923328,C1,NA,NA
0.7368891599043869,0.09343460390436771,3872.6784842333573,C1,NA,NA
0.7359178796973516,0.09320592025162777,3874.031060749502,C1,NA,NA
0.7393886690722891,0.09121225075919859,3874.270881283291,C1,NA,NA
0.7387046715781301,0.09315251984751914,3863.206011625284,C1,NA,NA
0.7377749856127764,0.09148524901428598,3872.9904029814566,C1,NA,NA
0.7369924012967728,0.09203960944816683,3873.115525201743,C1,NA,NA
0.737560654678501,0.09200818987542893,3874.103198847635,C1,NA,NA
0.7389222278348268,0.09270305721183697,3874.446119422327,C1,NA,NA
0.7384881980553211,0.09289798694365967,3874.8130927809093,C1,NA,NA
0.7398405424639614,0.09308673419583963,3867.128800437026,C1,NA,NA
0.7350466205774534,0.0928396124697525,3870.6959880530517,C1,NA,NA
0.7402147823490438,0.09053377771307075,3872.8029858209634,C1,NA,NA
0.7380873172428076,0.09266970999951789,3875.807961152996,C1,NA,NA
0.7403774844648112,0.09118639669033987,3872.3895503929753,C1,NA,NA
0.7356842345765588,0.09155296305776503,3871.73111349468,C1,NA,NA
0.7381929637422541,0.09336670269905478,3867.2138326380536,C1,NA,NA
0.7417995764082,0.09180495760427435,3872.0055181058965,C1,NA,NA
0.7389973296284503,0.09294701371457519,3871.123356868857,C1,NA,NA
0.7360074375152331,0.09134219222262058,3868.6525712390594,C1,NA,NA
0.7395392598509656,0.09056393137557014,3869.1451984023465,C1,NA,NA
0.7405137769954506,0.0915866864159551,3871.7237551773596,C1,NA,NA
0.7368169204697315,0.09082608320297816,3872.446520860682,C1,NA,NA
0.7354502389853979,0.09170737093570153,3873.6065160332114,C1,NA,NA
0.7353388073808573,0.09254615697960071,3868.2050609839735,C1,NA,NA
0.7411397293218815,0.0918990757960794,3871.026810128185,C1,NA,NA
0.7374820316792576,0.09322594725634128,3872.6208315150916,C1,NA,NA
0.7406717257498457,0.09138370700948752,3871.7048693122424,C1,NA,NA
0.7381367184260066,0.0927798573487737,3867.949900802756,C1,NA,NA
0.7376717833316879,0.09298022878028989,3871.730367487701,C1,NA,NA
0.7399606164692571,0.09257533847775984,3871.5968170604574,C1,NA,NA
0.7398889713822109,0.09157996486051062,3874.290111006102,C1,NA,NA
0.7409012650480122,0.09284044490964788,3873.0267411724362,C1,NA,NA
0.7391903280931497,0.09197308264388089,3870.2114358359163,C1,NA,NA
0.7353198320597194,0.09217656936467214,3870.283019606537,C1,NA,NA
0.7372699924987761,0.09344632295216036,3871.6710271091124,C1,NA,NA
0.740762060759148,0.09450333070318159,3869.251279790232,C1,NA,NA
0.7381670332300612,0.09053969982961693,3872.250031105774,C1,NA,NA
0.7410199475973754,0.09217187052607495,3873.3162901734268,C1,NA,NA
0.7369752999255234,0.09063635539330334,3869.8845953279015,C1,NA,NA
0.7371011388004534,0.0925471491258858,3874.7604607288445,C1,NA,NA
0.7395767247387282,0.09357168398467655,3874.0384102993053,C1,NA,NA
0.7394757564716724,0.09228951115249148,3869.3666562731332,C1,NA,NA
0.7368088925974582,0.09246472654606877,3872.6728718002396,C1,NA,NA
0.7381147957966144,0.09304214228719551,3868.964370668677,C1,NA,NA
0.7368396642905631,0.08976817999511474,3870.8601462958513,C1,NA,NA
0.738483415780141,0.09120918417786056,3874.0002087477296,C1,NA,NA
0.7426719618100218,0.08994238303965518,3869.409249960378,C1,NA,NA
0.7368366399467707,0.09185175920506283,3873.249729775695,C1,NA,NA
0.7369286484027058,0.09191886549767339,3873.5841868449015,C1,NA,NA
0.7367637580036656,0.09214468086509421,3873.9308221069086,C1,NA,NA
0.7375322717664193,0.09002929417431813,3870.6448661969434,C1,NA,NA
0.7389612437645522,0.09259879736168915,3872.60670328074,C1,NA,NA
0.7393273486294478,0.09349207499648116,3873.791597229663,C1,NA,NA
0.740806911345293,0.09174369016847966,3867.5964988778587,C1,NA,NA
0.737765359037781,0.090502394282445775,3872.8616986249663,C1,NA,NA
0.7365356257808366,0.09343102512070532,3872.2179267349725,C1,NA,NA
0.7383030274345158,0.09164491851734277,3874.0998764536625,C1,NA,NA
0.739296372582419,0.09258350012929996,3872.252544518031,C1,NA,NA
0.7368201213673862,0.09192407431966815,3868.6431113914705,C1,NA,NA
0.737226645191532,0.08944070178773281,3866.9612675948842,C1,NA,NA
0.7383074373419138,0.0917032785596526,3866.9430064196517,C1,NA,NA
0.7409182880601322,0.09300636346687667,3874.2514200828623,C1,NA,NA
0.7427496185336268,0.09381088174826707,3866.1814355321294,C1,NA,NA
0.7388354875297554,0.09325205934497179,3875.4370141474114,C1,NA,NA
0.7353255525535126,0.09144489537595499,3867.752187811793,C1,NA,NA
0.7376560431706345,0.09029759339579196,3872.4617800570973,C1,NA,NA
0.7361672339010403,0.09259188011648264,3872.499660923342,C1,NA,NA
0.7385684516421853,0.09108649617188494,3873.522758607877,C1,NA,NA
0.7376690226405452,0.09257373365840531,3875.098002300238,C1,NA,NA
0.7381089017959771,0.09264856197762772,3872.907402687785,C1,NA,NA
0.7403489493535953,0.09398425502585303,3869.844800896128,C1,NA,NA
0.7336704285740875,0.09274008225528066,3869.518451075462,C1,NA,NA
0.7384284355522784,0.09390618885894846,3867.599531265895,C1,NA,NA
0.7412119425912755,0.09256121116965726,3873.4232273091848,C1,NA,NA
0.7360935144402504,0.09234309980487007,3873.6885628339433,C1,NA,NA
0.7414466342494419,0.09057347410561786,3869.942916093163,C1,NA,NA
0.7344873117704428,0.09012964096497267,3867.26126589007,C1,NA,NA
0.7351100633726195,0.09029629618001256,3873.1262573676245,C1,NA,NA
0.7398145737983034,0.09113393695786744,3869.4709826887,C1,NA,NA
0.7392344900509944,0.09175911144789631,3872.6293486292625,C1,NA,NA
0.7335196189172889,0.09294674883644173,3866.947275851174,C1,NA,NA
0.7336345005749793,0.09153662931380205,3867.40651334018,C1,NA,NA
0.7336398433854546,0.09107556039802912,3870.26452138503,C1,NA,NA
0.7364359538783422,0.09337011848619868,3871.5988731607845,C1,NA,NA
0.73554952221923,0.09217365404233718,3873.66099756016,C1,NA,NA
0.7375324218576426,0.09151258992429308,3872.4308218695387,C1,NA,NA
0.7361519425280043,0.09300860071036642,3868.8973161257154,C1,NA,NA
0.7351995562053802,0.09395730515215182,3868.8102144901727,C1,NA,NA
0.7359564207486218,0.09047657004860597,3874.958227683694,C1,NA,NA
0.7380433667390709,0.09307816637311685,3874.1469642871466,C1,NA,NA
0.7392914314134866,0.09382598546005522,3873.235940520872,C1,NA,NA
0.7398036300541536,0.0909189132581863,3871.933801443832,C1,NA,NA
0.7346589626880552,0.09258847635529932,3867.9516532668417,C1,NA,NA
0.7396605731598745,0.0899989136116355,3871.4692618943795,C1,NA,NA
0.7395613404728237,0.08985407305183027,3873.35587546884,C1,NA,NA
0.7388608330518517,0.09329659988339907,3866.585867247685,C1,NA,NA
0.7388423591913376,0.09081586548413295,3872.3843388712426,C1,NA,NA
0.7403596425770701,0.09278901495467726,3872.9161466079586,C1,NA,NA
0.7359338541623456,0.09285726888133394,3867.4306312065783,C1,NA,NA
0.7388299977809325,0.09239068562354327,3874.7960151587504,C1,NA,NA
0.742211050869635,0.09057011932502419,3871.90577237854,C1,NA,NA
0.7369937915929211,0.09227401202015673,3872.7443436477956,C1,NA,NA
0.7393039507412492,0.090555752564107,3873.9448805068823,C1,NA,NA
0.7387766114289862,0.09172560005327879,3870.471652564273,C1,NA,NA
0.7359802603864846,0.09176907589183798,3874.2892009955776,C1,NA,NA
0.7423334965665613,0.09288875863392132,3868.7006437351683,C1,NA,NA
0.7364234935552716,0.09196401060729978,3869.342128214847,C1,NA,NA
0.7426523778976787,0.09181222014775649,3867.8387662089485,C1,NA,NA
0.7379361919553644,0.09099187657955128,3871.8128735319065,C1,NA,NA
0.7409610969864979,0.09189720033818513,3871.454809585797,C1,NA,NA
0.7413760862077008,0.09145820391745263,3870.8059285288464,C1,NA,NA
0.737799676134967,0.09187937445677864,3873.8543910890808,C1,NA,NA
0.7381702116436192,0.09233666753058477,3873.2643522285257,C1,NA,NA
0.7376863487782783,0.0920492826727516,3870.888957721505,C1,NA,NA
0.7375524376324799,0.09055720681835631,3870.6111215101455,C1,NA,NA
0.7383947300163721,0.09216556611574306,3873.2202693633953,C1,NA,NA
0.7346602086748367,0.09220761984357921,3872.35547841119,C1,NA,NA
0.7409411511636356,0.09203147738756565,3871.188670530139,C1,NA,NA
0.7345658339844756,0.09171876142767031,3869.229283208661,C1,NA,NA
0.7371896476692531,0.09163995720031189,3872.272616798404,C1,NA,NA
0.7374336251164382,0.09304152481996,3872.1099626422056,C1,NA,NA
0.7374730298560842,0.0924524216735364,3873.5884646431277,C1,NA,NA
0.7377641541005029,0.08962255164263341,3872.103771629806,C1,NA,NA
0.7359264041038611,0.09151688740218619,3871.7575900051884,C1,NA,NA
0.7372475240649119,0.09317289537100013,3873.1258704500115,C1,NA,NA
0.7397050214632412,0.09069928555437792,3872.576120714728,C1,NA,NA
0.7409235752401421,0.09154403268322886,3871.72878902992,C1,NA,NA
0.7381148107230306,0.09126701800573714,3871.0878721994536,C1,NA,NA
0.7383585213820851,0.0922035086121496,3867.6441433425307,C1,NA,NA
0.73885682010109055,0.09329053740089321,3867.1104442594633,C1,NA,NA
0.736526383764784,0.09192440085105416,3871.486519989685,C1,NA,NA
0.7419999420465525,0.09284152981276718,3873.0412011055237,C1,NA,NA
0.7390332148382824,0.09390541471731406,3872.037693952221,C1,NA,NA
0.7389462015545668,0.09389314299347556,3871.253811160888,C1,NA,NA
0.7390731121660319,0.09166069268480526,3875.730534579275,C1,NA,NA
0.7373357165767185,0.09077249795092306,3866.1392438073067,C1,NA,NA
0.7382378131275769,0.09154499615689371,3871.1312670953125,C1,NA,NA
0.7376725803510642,0.09224626835761555,3868.5220490630027,C1,NA,NA
0.7388544840882119,0.09072064200799418,3875.4186961069886,C1,NA,NA
0.7395227943970935,0.0919152219736826,3874.3818519729493,C1,NA,NA
0.7410846689876978,0.09354935519089169,3870.206394132398,C1,NA,NA
0.7408378047865201,0.09415477659475079,3870.2780190925637,C1,NA,NA
0.739108782064656,0.09220726131548068,3868.824389384283,C1,NA,NA
0.7406277091001415,0.0911416612916551,3865.865515935898,C1,NA,NA
0.7354394919111669,0.093131756374401,3868.147962824116,C1,NA,NA
0.7403790578223995,0.09213457620634682,3872.222971551011,C1,NA,NA
0.7393067590694455,0.09492420451874142,3868.8292876997148,C1,NA,NA
0.7386528053557901,0.09122662405684218,3869.8040501999876,C1,NA,NA
0.7376200047953094,0.0933959131362285,3875.3309549402215,C1,NA,NA
0.7371867890882529,0.09366095346798332,3869.046642625935,C1,NA,NA
0.7364158306805053,0.0913029814523088,3872.7570776502457,C1,NA,NA
0.73839080070749,0.09295276806058467,3875.2371474189504,C1,NA,NA
0.7405303784344434,0.09324876942488494,3871.6002020526007,C1,NA,NA
0.7370713317836545,0.09022744825661615,3872.1842345785676,C1,NA,NA
0.737253189444257,0.09311476220072437,3871.6054703917735,C1,NA,NA
0.7362558747981083,0.0932247069126406,3868.2074126797156,C1,NA,NA
0.7352866824476371,0.09190511967893852,3870.9585621267083,C1,NA,NA
0.7414530139901596,0.09126189598292575,3866.080447649308,C1,NA,NA
0.7383726684072692,0.09279268566345425,3875.467526062344,C1,NA,NA
0.7375859355372829,0.09204909668211704,3871.7524812197144,C1,NA,NA
0.7393844041580032,0.0907614639853804,3870.3676096946033,C1,NA,NA
0.7383311637028315,0.09330523053918721,3873.3814348002606,C1,NA,NA
0.738170583009205,0.09117021483645862,3872.423320671403,C1,NA,NA
0.7405335775965927,0.09334172034104292,3870.8220712924376,C1,NA,NA
0.738192877648329,0.0925908129987871,3870.935157970075,C1,NA,NA
0.7373818151400404,0.09186949460726893,3873.9145588197516,C1,NA,NA
0.7351986462222004,0.0922201828348305,3870.982596389626,C1,NA,NA
0.7370256609001248,0.09299838479491829,3874.433470535087,C1,NA,NA
0.7370185896692011,0.09323737800796962,3867.958549789574,C1,NA,NA
0.7384343999812564,0.09206347312949845,3875.899153695432,C1,NA,NA
0.7355865582401488,0.09304307616394997,3868.760337586824,C1,NA,NA
0.7378580302813931,0.0918025225553777,3872.5074691494333,C1,NA,NA
0.7379795674825177,0.09106811705772241,3870.6295576197963,C1,NA,NA
0.7432985031282144,0.09177809853446328,3870.08799098549,C1,NA,NA
0.7381929012557487,0.09254922678038024,3874.3368230777237,C1,NA,NA
0.7326605794734498,0.09061854293526145,3869.485272948091,C1,NA,NA
0.7414127173473389,0.09227651707848701,3865.7587276200798,C1,NA,NA
0.739094508575878,0.09234764804928272,3874.7036660309955,C1,NA,NA
0.7370782324173465,0.09394571975170109,3870.3182953710943,C1,NA,NA
0.7396431466296233,0.09142775634706336,3873.0600798759924,C1,NA,NA
0.7397866516215277,0.09240830239522262,3871.188744427678,C1,NA,NA
0.7359829074064106,0.09280205230770269,3874.227351699154,C1,NA,NA
0.7404448971687771,0.09382299021292337,3870.3427004852356,C1,NA,NA
0.7365978864656743,0.09122667214037074,3874.2932507980995,C1,NA,NA
0.7414762962868153,0.0907028911037653,3868.581138286083,C1,NA,NA
0.742134384368561,0.09071323190291627,3868.814506293731,C1,NA,NA
0.7370989647287778,0.09046639897062078,3868.1089216293435,C1,NA,NA
0.7392281215380845,0.09235285399352748,3869.7712126148745,C1,NA,NA
0.7375587405265951,0.09195382372175083,3871.0054214888655,C1,NA,NA
0.7379466486455134,0.09007807334135481,3872.0992620720585,C1,NA,NA
0.7392248651778226,0.0915503698590587,3872.5878750807537,C1,NA,NA
0.7422858118856548,0.09319090920307668,3871.7493524765746,C1,NA,NA
0.7386065553316887,0.09253148965610401,3872.621638999023,C1,NA,NA
0.7362117727020194,0.08948309044754367,3868.133298243937,C1,NA,NA
0.7388444379273957,0.0916923925348269,3866.8708222896803,C1,NA,NA
0.7387262289600087,0.09280853415832409,3874.6853134246912,C1,NA,NA
0.739257426921989,0.09262705018052109,3871.6341516061034,C1,NA,NA
0.7360949761209918,0.09075774194339717,3870.454279871079,C1,NA,NA
0.7341521968119564,0.09107056025415504,3872.8542063617774,C1,NA,NA
0.7394288769878389,0.09309486886756765,3874.7185568313716,C1,NA,NA
0.7387649329084341,0.09229866725229571,3873.392793886541,C1,NA,NA
0.737319274755674,0.09146327800963923,3872.766503810109,C1,NA,NA
0.7372309421985422,0.0923130322337249,3872.761846438796,C1,NA,NA
0.7353658596792926,0.09141541167579381,3874.2661546597296,C1,NA,NA
0.7379795625354502,0.09184228590623332,3871.1492037267567,C1,NA,NA
0.7379038853384913,0.09463950812167185,3871.170236438653,C1,NA,NA
0.7409418283430806,0.09193767927388602,3872.4283874906687,C1,NA,NA
0.7392465874043816,0.09224429565683182,3872.467311847463,C1,NA,NA
0.7402160492535403,0.09129886053032821,3873.339542316953,C1,NA,NA
0.7408400875287877,0.09141526716823097,3868.712667217537,C1,NA,NA
0.7386064545990296,0.093555296959585,3873.8913110391254,C1,NA,NA
0.7361567187677563,0.09312304634577591,3874.334870638901,C1,NA,NA
0.7393367738167772,0.09334749891336327,3873.6001857909328,C1,NA,NA
0.738108465065575,0.09036082906521435,3871.7540198934134,C1,NA,NA
0.7397850337563889,0.09219354324696183,3867.1200311107787,C1,NA,NA
0.7388767181117516,0.09050478287990243,3873.0953426212536,C1,NA,NA
0.7374387636950235,0.09252758532305108,3873.0684968891073,C1,NA,NA
0.7368332901124518,0.09302578931627774,3873.2947251568467,C1,NA,NA
0.7393067970572313,0.09269324446776642,3871.611836471026,C1,NA,NA
0.7381148654132993,0.09208563466430372,3875.2206656779413,C1,NA,NA
0.7372267210448415,0.09128540363642468,3869.4122232091577,C1,NA,NA
0.7359020746779275,0.0947371917478075,3869.9878340342284,C1,NA,NA
0.7370502297638654,0.09010933203950854,3871.865420616517,C1,NA,NA
0.7371256840451884,0.09266379755564129,3873.227112288867,C1,NA,NA
0.7383901138017974,0.09343501490758305,3866.562177344653,C1,NA,NA
0.7359613862217198,0.0900280415087906,3872.0180745894295,C1,NA,NA
0.7419510799673147,0.09358611632896972,3871.8315759747343,C1,NA,NA
0.7391703849761854,0.09367505768627078,3864.4360109014715,C1,NA,NA
0.7382015734780327,0.09220073547739152,3872.4268700050143,C1,NA,NA
0.7401561443726044,0.09211229268538423,3872.7360690480664,C1,NA,NA
0.7348973200021418,0.091178854986604,3867.049926912128,C1,NA,NA
0.7373270589746828,0.0912270111327396,3874.0452592764054,C1,NA,NA
0.7335950639162454,0.09214086659859824,3869.2498560911586,C1,NA,NA
0.7366049204973792,0.09256885858357472,3871.1991077974194,C1,NA,NA
0.7382838919515967,0.09058354726348984,3872.1026260678227,C1,NA,NA
0.7373848987994364,0.09119784172362666,3873.707341718639,C1,NA,NA
0.7410139216265829,0.09190272385903242,3873.3031989752785,C1,NA,NA
0.7378687485173239,0.09058113016463039,3873.853760350221,C1,NA,NA
0.7412363529745258,0.09163515795051812,3870.3885551186536,C1,NA,NA
0.7408766963598484,0.09342884848310472,3868.7622885354795,C1,NA,NA
0.7419185346290551,0.09269837549921733,3869.161316978948,C1,NA,NA
0.7392366546329606,0.09118009037542446,3871.6251052171992,C1,NA,NA
0.7377650876226169,0.09101569200368992,3873.5455880046325,C1,NA,NA
0.7402427751065841,0.09112053009982911,3873.7038496200644,C1,NA,NA
0.7377539552117935,0.09269442352970128,3865.809357699519,C1,NA,NA
0.7356158249787359,0.09256162474808172,3870.405274590679,C1,NA,NA
0.7318994809612991,0.09088872460496189,3866.7146686940396,C1,NA,NA
0.7388949798255191,0.0925080950908567,3874.1311800037347,C1,NA,NA
0.7392763996370315,0.09273325700691269,3869.018194791844,C1,NA,NA
0.7353435993243562,0.09166935701434051,3875.044641297751,C1,NA,NA
0.7390673325459082,0.09184262259546022,3872.125097668192,C1,NA,NA
0.7376478831682743,0.09033155354765655,3872.2268639721874,C1,NA,NA
0.7361388840463317,0.09068422294809508,3871.2418930134168,C1,NA,NA
0.7395729970654628,0.09044349202236096,3870.6393960525047,C1,NA,NA
0.7368223469388534,0.09142705280964158,3874.44792325298,C1,NA,NA
0.73816388884072,0.0905316886485863,3874.1274147452546,C1,NA,NA
0.7397148292738666,0.09151947262281433,3873.6480934837955,C1,NA,NA
0.7346035061648531,0.0912353840276718,3867.822333553574,C1,NA,NA
0.7397452903581863,0.09261316270957917,3874.104253513823,C1,NA,NA
0.7390973604781672,0.091296746902788,3873.1836900505555,C1,NA,NA
0.7370104517113463,0.09212389664461465,3870.257885164664,C1,NA,NA
0.7381261427419611,0.09478407588645313,3869.356404992633,C1,NA,NA
0.7405659583706666,0.09016420456833907,3870.84109538262,C1,NA,NA
0.7392705097124633,0.09207920041857666,3875.162067730522,C1,NA,NA
0.7361191977426312,0.09233971977156837,3865.715006625501,C1,NA,NA
0.7409308677594627,0.09288602790271935,3868.5852394535063,C1,NA,NA
0.7375384432372742,0.09154636850283213,3867.92613506686,C1,NA,NA
0.7393800031355922,0.09078177111661428,3870.6942882676603,C1,NA,NA
0.7373893881993757,0.09383072033478713,3868.847622353986,C1,NA,NA
0.7359117358857801,0.09244922854006721,3871.632083169498,C1,NA,NA
0.7361689936271787,0.0914224934339708,3874.6518306231924,C1,NA,NA
0.7410455386044646,0.09352326332362756,3869.4707081731553,C1,NA,NA
0.7375472182409497,0.0931812080684692,3873.7569914200494,C1,NA,NA
0.7393503923138524,0.09261013728897496,3874.669659785124,C1,NA,NA
0.7337444165344952,0.09133227170270919,3867.539386828568,C1,NA,NA
0.7395762610084842,0.09391679365140689,3872.4667394199514,C1,NA,NA
0.7402261284138986,0.09312030851032917,3869.2850176572056,C1,NA,NA
0.7373051229604108,0.09262397296909335,3873.5928025622893,C1,NA,NA
0.7381648125101461,0.09282139382239035,3870.853458706752,C1,NA,NA
0.7356751799810495,0.0933446777719238,3872.2632041094903,C1,NA,NA
0.7394342396838762,0.09051526878016672,3873.2160761725636,C1,NA,NA
0.7389538281340418,0.09369122855757897,3875.361843610432,C1,NA,NA
0.7386047323108115,0.09439516223810829,3868.0345292258744,C1,NA,NA
0.7371534695004237,0.0904005547718026,3872.1967013611584,C1,NA,NA
0.7369791945657393,0.09227259618423994,3868.833265085941,C1,NA,NA
0.737649511252347,0.09126096194348646,3869.8777891116115,C1,NA,NA
0.7382645288444174,0.0924319999873676,3874.2304848355416,C1,NA,NA
0.7378512764196932,0.09307556040521717,3871.234312590498,C1,NA,NA
0.7357542573730423,0.09230050915119503,3871.8470844041512,C1,NA,NA
0.7372193779935816,0.09233525167114973,3870.5393200591034,C1,NA,NA
0.7369648175627342,0.09247293821012441,3875.185384349887,C1,NA,NA
0.7362591279648355,0.09328747046849928,3869.2575248940666,C1,NA,NA
0.7394406803802412,0.09207120961434229,3874.3320645894837,C1,NA,NA
0.7361473346757544,0.09308535334029969,3871.288687494105,C1,NA,NA
0.7373526051573448,0.09055835423486576,3868.5397617354142,C1,NA,NA
0.7391579624647957,0.09122521758180667,3870.8722367608557,C1,NA,NA
0.7408821883914548,0.09404143419959685,3869.309679756512,C1,NA,NA
0.7377400397836996,0.09316969852404808,3870.024999087609,C1,NA,NA
0.7358802228251047,0.09083852245523247,3870.7510502977098,C1,NA,NA
0.7410627878363262,0.09241797810242439,3872.546495520342,C1,NA,NA
0.7373876038965297,0.09314385169316598,3872.3399938283587,C1,NA,NA
0.7408649553492744,0.09168458849477457,3869.774690690168,C1,NA,NA
0.7382716266009658,0.09428979043612105,3868.1283330352035,C1,NA,NA
0.7391107918155969,0.090130876971218285,3870.726840214068,C1,NA,NA
0.7400193509064376,0.09171806290293358,3871.2845478017803,C1,NA,NA
0.7349410492238817,0.09346199686386539,3868.520662114153,C1,NA,NA
0.7395686044346617,0.09178057943640822,3872.656654377919,C1,NA,NA
0.73861065610229,0.09225212569343083,3873.1903855205574,C1,NA,NA
0.7387423376744585,0.09241150109192715,3872.55266344677,C1,NA,NA
0.7390161877221998,0.09102692192267772,3872.4016107576613,C1,NA,NA
0.7362221271564043,0.09229721630110427,3864.520440035257,C1,NA,NA
0.7384072505193251,0.09057748573187116,3872.0235408799585,C1,NA,NA
0.740217353655698,0.08990618456336005,3870.457371014304,C1,NA,NA
0.7378540690616573,0.09381875541122964,3873.0261760941426,C1,NA,NA
0.7371025462990622,0.09107467684021876,3872.693901926271,C1,NA,NA
0.7390013115651253,0.09211030858693955,3875.250580222647,C1,NA,NA
0.7374296231373835,0.09063266307538767,3871.9178670576825,C1,NA,NA
0.7409226487366138,0.0930574151687433,3869.940605616416,C1,NA,NA
0.7378247365638182,0.09258989841018771,3872.048517245254,C1,NA,NA
0.7359287955667155,0.09303785673861856,3874.491733184361,C1,NA,NA
0.7387288466732786,0.09135330343086745,3871.229336118613,C1,NA,NA
0.7388378552323565,0.0930394453220004,3872.387519425595,C1,NA,NA
0.7377683123691077,0.09346744789927813,3872.3312131360476,C1,NA,NA
0.7344959551360654,0.09254087563517158,3870.240348248087,C1,NA,NA
0.7377760173162231,0.09106494291472624,3872.4064881854497,C1,NA,NA
0.7387707407420174,0.0924001616277485,3869.0417736101085,C1,NA,NA
0.7361041211270756,0.09061755030123128,3871.6061413981274,C1,NA,NA
0.7381566069909623,0.09319144924259463,3870.9412224762264,C1,NA,NA
0.735907253524302,0.092202596879712,3871.8564476033316,C1,NA,NA
0.7389755055005465,0.09089865142561537,3870.402010771546,C1,NA,NA
0.7341715316287506,0.09161110169401465,3864.8841319780263,C1,NA,NA
0.7360934775843855,0.09203492655332186,3874.8845571981624,C1,NA,NA
0.7355263921719037,0.09294573219465499,3869.3988557865955,C1,NA,NA
0.7378210762209197,0.09081930409245467,3872.187746342283,C1,NA,NA
0.7385421091154671,0.0902636187757127,3872.046464975476,C1,NA,NA
0.7359283726764787,0.09076191049507991,3872.525811724929,C1,NA,NA
0.7367364942815686,0.09317236452808948,3873.4611250255607,C1,NA,NA
0.7357841042850211,0.09054159572067408,3865.3223043872263,C1,NA,NA
0.7382243450740178,0.09160211901365052,3876.413417726682,C1,NA,NA
0.7342756733447053,0.09158949313807445,3869.6012225383197,C1,NA,NA
0.7409313307211284,0.09356248493590928,3870.6420075923993,C1,NA,NA
0.7379498299073506,0.09285656508801932,3873.144967210307,C1,NA,NA
0.7356818237846982,0.09283755200703339,3870.2454097262535,C1,NA,NA
0.7373444121306255,0.09232588710499262,3872.8743558654214,C1,NA,NA
0.7342149288428302,0.09136172541660022,3871.2610770019805,C1,NA,NA
0.7384763106257975,0.09144743689338061,3868.715590217831,C1,NA,NA
0.7362653787096116,0.09376639724301106,3872.982929915497,C1,NA,NA
0.7371833975644703,0.09365033548624599,3871.8856853295397,C1,NA,NA
0.7347751782651432,0.09428755228491698,3870.0718595034928,C1,NA,NA
0.7376397979377377,0.09325758597295188,3873.2009564269547,C1,NA,NA
0.7404342831170992,0.09297467719216794,3869.9563025968514,C1,NA,NA
0.7399243532327726,0.09400814085455884,3871.3811721236525,C1,NA,NA
0.7356355871548689,0.09034470949831436,3870.3834441902422,C1,NA,NA
0.7363322761511285,0.09414332919848978,3869.8219500549258,C1,NA,NA
0.7349474651833907,0.0906185965340519,3870.964966607513,C1,NA,NA
0.73836254505897,0.09365192492140453,3874.7592531094847,C1,NA,NA
0.7379291025109143,0.09133841544950345,3874.658405221675,C1,NA,NA
0.7396747251967608,0.09216675627943541,3872.5018811362565,C1,NA,NA
0.7365269736838387,0.09090501161050533,3872.5614533610647,C1,NA,NA
0.7363912447024606,0.09108348662014314,3867.892819699029,C1,NA,NA
0.7379775630257375,0.09114177918390426,3871.9315834972804,C1,NA,NA
0.7397441986665239,0.092142553066345,3869.0770495602465,C1,NA,NA
0.7403105389012924,0.09323761635420538,3872.2705470817386,C1,NA,NA
0.7397192793126813,0.09094745048378429,3873.1971252691415,C1,NA,NA
0.739219036739181,0.09124161979752383,3870.2016310981603,C1,NA,NA
0.7370764397753033,0.09274843636776968,3873.825927147739,C1,NA,NA
0.7393324839241827,0.09260972474377847,3871.976044905923,C1,NA,NA
0.7367011419204591,0.09272675801087801,3870.7226051084162,C1,NA,NA
0.740281794253755,0.09284149832549467,3870.176193514892,C1,NA,NA
0.7423091381064,0.09230072963781455,3867.349273829434,C1,NA,NA
0.7383299575018668,0.09215656386214145,3871.657148910157,C1,NA,NA
0.7392157575304429,0.09184725899211828,3873.8212570730843,C1,NA,NA
0.7397620730396318,0.09166748222223556,3873.427207896343,C1,NA,NA
0.7401574014296712,0.09401431610886624,3872.613721122903,C1,NA,NA
0.7377830796347289,0.09165341759821004,3874.0566082541613,C1,NA,NA
0.7350566201410186,0.09221296109977649,3865.336032566839,C1,NA,NA
0.740288703177726,0.09246186719899323,3869.92478976162,C1,NA,NA
0.739655276138632,0.09278025007672344,3869.1527018908337,C1,NA,NA
0.738432499286994,0.09180128155081627,3871.533358797777,C1,NA,NA
0.7374877237106633,0.09412537107311854,3871.0346253970442,C1,NA,NA
0.74080523291764,0.0930656282144231,3872.253591061317,C1,NA,NA
0.7395394121984966,0.09283871178478592,3871.218243171631,C1,NA,NA
0.7389721633481092,0.0912592933446263,3869.2887660463834,C1,NA,NA
0.7395194229627329,0.09131663826484968,3872.831771019397,C1,NA,NA
0.7368383117491335,0.09321282479713877,3873.4150750740578,C1,NA,NA
0.7341667063802396,0.09091363478551691,3870.944118696514,C1,NA,NA
0.7378577781437172,0.09174853286331944,3874.7913649871507,C1,NA,NA
0.7369770310767549,0.09264421276480514,3871.046250926726,C1,NA,NA
0.7376140271095497,0.09313976578570789,3873.830634707361,C1,NA,NA
0.7364164660875427,0.09033894354381938,3867.695732443765,C1,NA,NA
0.7371503335097467,0.09226147179308579,3873.6406982133312,C1,NA,NA
0.7417478037810847,0.09170180384680371,3871.7105043907436,C1,NA,NA
0.7377637137001296,0.09228352403492505,3868.2384269060744,C1,NA,NA
0.7389629875060094,0.09242055148367875,3872.4615323685957,C1,NA,NA
0.7377235845349875,0.09180944837768838,3875.431357471288,C1,NA,NA
0.7410357679494014,0.09397807410239627,3866.8913159273266,C1,NA,NA
0.7381096731677658,0.09295817940697104,3873.3229504865644,C1,NA,NA
0.7372773263429904,0.09456417896379818,3870.2371749145623,C1,NA,NA
0.7380287631021912,0.0916973093434568,3873.290787411438,C1,NA,NA
0.7382404312116111,0.09144808979833655,3874.3672381764563,C1,NA,NA
0.7390196927966968,0.09217202243467221,3873.2202053533815,C1,NA,NA
0.7352999140337603,0.09200827770189984,3868.972854672946,C1,NA,NA
0.7388855158045073,0.0908859786387163,3874.76978494542,C1,NA,NA
0.7350174270193384,0.09342392911120018,3870.778758060426,C1,NA,NA
0.7410842481166177,0.09187314249715965,3872.492300375858,C1,NA,NA
0.7371366149937418,0.09187611419837641,3867.3520716777775,C1,NA,NA
0.7394128900718511,0.09422253530002893,3871.5179874332034,C1,NA,NA
0.7367441809676956,0.0919854591698558,3868.6513622461925,C1,NA,NA
0.7370957390263351,0.09165230456709632,3870.3185241193078,C1,NA,NA
0.7409987726831965,0.09329549392569603,3871.652377171998,C1,NA,NA
0.7372972556869604,0.09206003944611803,3874.317845251452,C1,NA,NA
0.7390552627864404,0.09111802796857432,3871.5286028166693,C1,NA,NA
0.7375407878685776,0.09316142636737439,3871.884205886561,C1,NA,NA
0.7378452206038515,0.09107880101418842,3865.5811229307774,C1,NA,NA
0.7387103076164233,0.08971930270865724,3865.9456918474225,C1,NA,NA
0.7398443232135707,0.09069337422228659,3870.871789218986,C1,NA,NA
0.7365625859650403,0.09151459722005685,3872.2618199992703,C1,NA,NA
0.7404770148302043,0.09091546451794481,3872.3072279299013,C1,NA,NA
0.737933939725486,0.09148307256125372,3874.054385008698,C1,NA,NA
0.7400123064917303,0.09311966358080659,3872.732396518689,C1,NA,NA
0.7426108105393721,0.09363428933497966,3868.0918599334977,C1,NA,NA
0.7381347403000065,0.09140882964016508,3875.3138264602417,C1,NA,NA
0.7384317639673423,0.09146015655855615,3871.91677350653,C1,NA,NA
0.7381697235675029,0.09341744084664813,3869.1728213930974,C1,NA,NA
0.7363708109667055,0.0918301198721615,3871.4915109808912,C1,NA,NA
0.7377074404547139,0.09267087711641439,3870.175194306064,C1,NA,NA
0.739986359954211,0.09151548845007931,3873.0453306736254,C1,NA,NA
0.7381377320165828,0.09075720281776231,3874.153644013726,C1,NA,NA
0.7398518293866416,0.09280693693791173,3870.8374813616188,C1,NA,NA
0.7366193082800729,0.09151339184455856,3873.6764764395325,C1,NA,NA
0.7367733134232265,0.09071566925265728,3873.322678253501,C1,NA,NA
0.7367360602258706,0.09256642362681641,3875.187275238999,C1,NA,NA
0.7377366819677521,0.0932721167469689,3871.0591744459207,C1,NA,NA
0.736888207124356,0.09318250965981753,3871.2303999790793,C1,NA,NA
0.739841435848452,0.09140301278021574,3871.6840293061055,C1,NA,NA
0.7389003157301702,0.09266673310927502,3871.9144403905966,C1,NA,NA
0.736526260461575,0.09103916140487195,3872.695716744881,C1,NA,NA
0.7396820184140119,0.0926845290796987,3869.454027550142,C1,NA,NA
0.7360263390343874,0.0925528046402998,3865.260667002326,C1,NA,NA
0.7378290933878381,0.0923760177554006,3871.94029989957,C1,NA,NA
0.7392413392434257,0.09273002581892094,3868.6059650341404,C1,NA,NA
0.7358805062739474,0.09327994865311316,3870.263779137995,C1,NA,NA
0.7409232168393736,0.09359778728927488,3870.148980896417,C1,NA,NA
0.7383078189933853,0.09077984466361741,3874.3596112536975,C1,NA,NA
0.7372863787407015,0.0931953145692287,3872.3548829662063,C1,NA,NA
0.738266906612247,0.09142640929267973,3875.4264992881012,C1,NA,NA
0.7339845558186158,0.09098786656018627,3871.6823035382454,C1,NA,NA
0.737155781840691,0.0902900728035948,3868.6738187095007,C1,NA,NA
0.7412357812975628,0.09272697491664575,3871.330667496817,C1,NA,NA
0.7379115658601912,0.09037475511449443,3871.8231905038156,C1,NA,NA
0.7367654344152476,0.09504799617856999,3868.8447391255854,C1,NA,NA
0.7376403011717122,0.09095686343295024,3870.544567611144,C1,NA,NA
0.7372112874315302,0.09017023061582932,3872.9506382995655,C1,NA,NA
0.7401693707692423,0.09316857275385468,3871.622287314365,C1,NA,NA
0.7364996309063041,0.0907978424755177,3873.516282764703,C1,NA,NA
0.7409908276024175,0.09015127262044459,3871.307928031691,C1,NA,NA
0.7429838644770776,0.09269618117390718,3865.061556400375,C1,NA,NA
0.737822537017379,0.09139702557239807,3874.1379441202994,C1,NA,NA
0.7393155209732208,0.09309340737382063,3868.8021106190267,C1,NA,NA
0.741503410271543,0.09408892891073739,3871.6232972298503,C1,NA,NA
0.7400328371914321,0.09095715428453571,3872.3938674215747,C1,NA,NA
0.738958167076462,0.09158311650498399,3871.064129585173,C1,NA,NA
0.7370797111708952,0.09139258321171663,3875.639075984841,C1,NA,NA
0.7395619925196811,0.09057757164417976,3868.309665688663,C1,NA,NA
0.7394497997028735,0.09164907578158987,3871.3179652748413,C1,NA,NA
0.7393259098850402,0.09085106655843,3870.3679524762956,C1,NA,NA
0.7378954386520118,0.09165855162571074,3873.5551550768837,C1,NA,NA
0.7356696638295959,0.09150950514540229,3875.373006903233,C1,NA,NA
0.7374643385648408,0.09202068017214263,3874.1380383170545,C1,NA,NA
0.7389162720234483,0.09249488040139692,3866.80136340748,C1,NA,NA
0.7360543425304727,0.09284708897171912,3868.5402331295686,C1,NA,NA
0.7376862216379266,0.09021063275791828,3871.5533652005165,C1,NA,NA
0.7379214469118075,0.09208051378799971,3874.457060472183,C1,NA,NA
0.7380048028396616,0.09177228910724276,3873.629956041957,C1,NA,NA
0.733634917918747,0.09246309327850599,3871.3135925537767,C1,NA,NA
0.7377546166738945,0.09028644220218736,3872.2187398483143,C1,NA,NA
0.7413692353009306,0.09080407270994391,3872.432410856414,C1,NA,NA
0.7328631584182713,0.09007159729495916,3866.366082506898,C1,NA,NA
0.7361238719712285,0.0915408738103074,3874.4157813520837,C1,NA,NA
0.7396014547785655,0.09069601044357392,3872.713858532153,C1,NA,NA
0.7372124442468809,0.09303966596058727,3874.8998206582746,C1,NA,NA
0.7374448760484921,0.09148115012734519,3875.8396864199713,C1,NA,NA
0.7364850669963757,0.09251343375686177,3874.6192329715686,C1,NA,NA
0.7388215290616928,0.09033284740768115,3872.3624066754423,C1,NA,NA
0.7390877396423122,0.09303648213120706,3870.9001488700596,C1,NA,NA
0.7348045819332812,0.09278400557397809,3869.7432409538114,C1,NA,NA
0.7421429824358441,0.09266872782787669,3869.871885747834,C1,NA,NA
0.7374965571577345,0.09268638047850027,3874.8600521758867,C1,NA,NA
0.7399990997414633,0.09250288215444104,3871.060879696887,C1,NA,NA
0.735163979755791,0.09070974847618418,3871.3595175842083,C1,NA,NA
0.7399131317593622,0.09217612847412532,3874.370175059689,C1,NA,NA
0.7406648636107361,0.09213102987789072,3869.721558433859,C1,NA,NA
0.7384851127029654,0.09172528783213851,3872.467452719115,C1,NA,NA
0.7344304366436389,0.09220393650310839,3872.9317095042193,C1,NA,NA
0.737639894048732,0.09252848192783877,3873.6065116448003,C1,NA,NA
0.7370629330995386,0.0918491663894982,3871.0142660058173,C1,NA,NA
0.7377029585078637,0.09102873224213846,3872.6632952315144,C1,NA,NA
0.7392692837077894,0.09465466919225207,3868.170477193651,C1,NA,NA
0.736561970164937,0.09266596972372895,3871.686860018526,C1,NA,NA
0.7346862631731914,0.09205735225873536,3870.516229904403,C1,NA,NA
0.7387001192413147,0.09270454768845682,3875.1635355782955,C1,NA,NA
0.7401301249350083,0.0917876906149133,3873.241689977399,C1,NA,NA
0.73689727995299,0.09032442533932525,3873.873571754582,C1,NA,NA
0.7381931775062794,0.09095831541062985,3871.1657056612185,C1,NA,NA
0.7386952617129581,0.0911045403004622,3874.4893483151227,C1,NA,NA
0.7401737275990827,0.09167606027105273,3871.2981427072664,C1,NA,NA
0.7363889363361873,0.09136582062461379,3874.0818817175214,C1,NA,NA
0.7403854236308949,0.09269910302285847,3869.8057816074133,C1,NA,NA
0.737678741153198,0.09287580241101079,3871.949999649067,C1,NA,NA
0.7381361318147502,0.09201500214453001,3874.510272658946,C1,NA,NA
0.7335584256121208,0.0942436006722542,3862.379647972612,C1,NA,NA
0.7384257682041508,0.09056333018894928,3874.027217108196,C1,NA,NA
0.7365324825918075,0.09297534976391938,3875.260779012352,C1,NA,NA
0.7386438338950875,0.09275682042936524,3871.9666846730884,C1,NA,NA
0.7330485122638863,0.09137785668719116,3864.9968525327827,C1,NA,NA
0.7392086932753846,0.09244467402206832,3874.0980467777854,C1,NA,NA
0.7377286802957038,0.09348896094091431,3874.534645103756,C1,NA,NA
0.738281908390862,0.09157434411180299,3872.8797222108915,C1,NA,NA
0.7382154931327493,0.09058821666880519,3873.896237264879,C1,NA,NA
0.7379284979799257,0.09406667678021102,3871.7246831469365,C1,NA,NA
0.7347705869274876,0.09183057893449334,3873.476862081516,C1,NA,NA
0.7369128535777293,0.09216732655776191,3869.1784105503143,C1,NA,NA
0.7410157955941802,0.08983418217173869,3869.825107366395,C1,NA,NA
0.7410271947640857,0.09400041295172684,3871.461839975571,C1,NA,NA
0.7371864507705139,0.09471178240590322,3864.5823063997364,C1,NA,NA
0.7390707930884101,0.09222216519653785,3875.4656408418987,C1,NA,NA
0.7396375149254353,0.09003612613179897,3869.9147971891985,C1,NA,NA
0.7366656395388721,0.09286288155202183,3873.06594262113,C1,NA,NA
0.7405902544963043,0.09159080643647116,3871.2334577796687,C1,NA,NA
0.7397268358128266,0.0904231746097049,3870.5183927051808,C1,NA,NA
0.7348059964312376,0.09031071564967143,3868.1416451676955,C1,NA,NA
0.740821965467737,0.093782271061756,3870.885833172539,C1,NA,NA
0.7390909593758589,0.0926114251245303,3874.5531104487773,C1,NA,NA
0.7388660180625387,0.0920313939533436,3871.3916632005166,C1,NA,NA
0.7387951471874521,0.09080118709322585,3871.2548767419753,C1,NA,NA
0.7364724209728256,0.09070697801402813,3872.2003505873413,C1,NA,NA
0.7383326553822813,0.09148339722408469,3870.8057691155036,C1,NA,NA
0.7383851390173276,0.09086933921779897,3868.0312336974753,C1,NA,NA
0.7383085903842135,0.09244907351899216,3871.8903206777195,C1,NA,NA
0.738785397393586,0.09318057627794152,3871.717918053512,C1,NA,NA
0.7370775445598715,0.09222342750973304,3867.6704746491796,C1,NA,NA
0.7396979975335672,0.09364162710686762,3868.6368504857473,C1,NA,NA
0.740628626109187,0.09341344168986686,3872.425127372959,C1,NA,NA
0.7388462669535271,0.09158352072161284,3875.184420876689,C1,NA,NA
0.7380609106731008,0.09176769631568894,3874.662330006531,C1,NA,NA
0.7418768338963793,0.09315137579009174,3868.349004531929,C1,NA,NA
0.7389744669058664,0.09213237282138978,3872.2642206259748,C1,NA,NA
0.7386623231025382,0.08922347086441336,3867.4245328511124,C1,NA,NA
0.7377106095152804,0.08995693743683952,3873.7499678402432,C1,NA,NA
0.7377161774014347,0.09094475067206553,3869.203280516828,C1,NA,NA
0.7366866744008902,0.09202913061533916,3870.2126034319112,C1,NA,NA
0.738126701891553,0.09153665079815998,3872.0835068276897,C1,NA,NA
0.7402427367860697,0.09278928977392475,3870.58879135191,C1,NA,NA
0.7390460416032238,0.09083030978603127,3872.6892303598815,C1,NA,NA
0.7411633945672468,0.09393777725025419,3872.991312315422,C1,NA,NA
0.7402095589149009,0.0923117025029112,3865.8616210493833,C1,NA,NA
0.7370536521039229,0.09102801905188694,3871.290501202416,C1,NA,NA
0.7386925161351031,0.09263888730247845,3870.0463799255926,C1,NA,NA
0.738097178009878,0.09139594591635322,3874.8435665251477,C1,NA,NA
0.7353496265977668,0.09310676671105109,3870.5643969214107,C1,NA,NA
0.7372052666987654,0.09084448971043094,3867.93640357003,C1,NA,NA
0.7402701913428641,0.09105365256674604,3871.9302020094315,C1,NA,NA
0.7352799370880595,0.09274837196820511,3870.7712958357065,C1,NA,NA
0.740463290612741,0.09330610057339148,3871.8821937496336,C1,NA,NA
0.7356532236891157,0.09243021107998182,3872.7680678313877,C1,NA,NA
0.7385385238038337,0.09209404588373284,3874.5888573372076,C1,NA,NA
0.7339466571877482,0.09340453985791643,3870.0866244730832,C1,NA,NA
0.7379596204211292,0.09257717856602428,3874.5184493919637,C1,NA,NA
0.7374949519892496,0.09037042374707581,3873.2484810823853,C1,NA,NA
0.7357086096409282,0.09179876465170282,3872.0207500246656,C1,NA,NA
0.7400426532979459,0.09187855893903807,3873.439065126328,C1,NA,NA
0.7410791460439101,0.09033229628883623,3871.588940265951,C1,NA,NA
0.7348374318803129,0.09200872207515932,3872.101340040958,C1,NA,NA
0.7357771590905163,0.09354900460589842,3871.0436860164405,C1,NA,NA
0.7373538015035568,0.09076672334233606,3874.0883939498826,C1,NA,NA
0.7362603281879725,0.091818762762238465,3874.5262988841337,C1,NA,NA
0.739416604310833,0.0905132085314707,3870.159546994644,C1,NA,NA
0.7404306981836958,0.09307702187618613,3871.938850020671,C1,NA,NA
0.7426878773090565,0.09298718476309843,3870.861468308987,C1,NA,NA
0.7389716749349238,0.09208760935256835,3873.2270532455445,C1,NA,NA
0.7391859738375909,0.09186518010748884,3873.231269678024,C1,NA,NA
0.7392473149820774,0.09327055123885897,3870.0263325375736,C1,NA,NA
0.7409577136663161,0.09159134643276162,3874.5866051022053,C1,NA,NA
0.7381268048357862,0.0904900733452286,3873.0404775370985,C1,NA,NA
0.737185404154553,0.09188642110606458,3873.1552812416567,C1,NA,NA
0.7360949535756091,0.09063659072071961,3872.9215521871997,C1,NA,NA
0.7333718261729607,0.09117310321900529,3869.1137248496525,C1,NA,NA
0.742354389241951,0.09231934831979031,3873.7577877467365,C1,NA,NA
0.737472230654869,0.09213398791806486,3874.0934528000553,C1,NA,NA
0.7375651468387394,0.09275639547920064,3873.648810859116,C1,NA,NA
0.7404588393483461,0.09112692022731446,3871.064582558978,C1,NA,NA
0.7392052466667411,0.09195304466064756,3872.0914989804487,C1,NA,NA
0.7387366191672079,0.09308156680535276,3872.854177937008,C1,NA,NA
0.7398736117757433,0.09130643409713954,3874.8927996758925,C1,NA,NA
0.7376721121412895,0.09015552484994985,3869.6890545468277,C1,NA,NA
0.7372082229150014,0.09249405636854818,3872.971680623018,C1,NA,NA
0.7370052052694277,0.09239588913650071,3874.3598438700415,C1,NA,NA
0.7398938259207173,0.09068959612050399,3872.918891586865,C1,NA,NA
0.7389959330459789,0.09450371494543858,3871.9960907903146,C1,NA,NA
0.7375419412939552,0.09111536424900092,3874.8711682915596,C1,NA,NA
0.7394813653451318,0.09114707138996947,3871.827195178867,C1,NA,NA
0.7402645928746672,0.09238605942132666,3869.7909951516203,C1,NA,NA
0.7376633876040681,0.0917930171563214,3873.914976715238,C1,NA,NA
0.736215360152412,0.09158503128310982,3875.041920313739,C1,NA,NA
0.7419761305009165,0.09273566956007412,3868.394410998379,C1,NA,NA
0.7379419182803677,0.09235527667819059,3867.814551469045,C1,NA,NA
0.7392314678167315,0.09268405539592864,3873.961604422648,C1,NA,NA
0.7369561671467215,0.09157931044522358,3870.9834730394346,C1,NA,NA
0.741542374321299,0.09307854549377995,3867.8720175006474,C1,NA,NA
0.7367172077728275,0.09139049403410582,3873.7604551575587,C1,NA,NA
0.7372652007846507,0.09144149723198919,3868.944081014333,C1,NA,NA
0.7363299622386612,0.0931046434501002,3870.929669420265,C1,NA,NA
0.7356025411733462,0.09263042018092077,3872.491737741653,C1,NA,NA
0.7353844483216658,0.09116045544643557,3870.630842280869,C1,NA,NA
0.7378760363627573,0.09146939015675917,3874.273827598046,C1,NA,NA
0.7386081687142246,0.09315072266626648,3869.9541783451145,C1,NA,NA
0.7384642624373771,0.0909730109313229,3873.1413457166345,C1,NA,NA
0.7420391727073824,0.09416624946084659,3867.1967202410196,C1,NA,NA
0.7385408387049889,0.09185979943572248,3875.7142986096214,C1,NA,NA
0.7397368067623553,0.09094913655280815,3874.3602759825753,C1,NA,NA
0.7310966056634868,0.09344594582980278,3864.867806577605,C1,NA,NA
0.7392053519929633,0.09138828261751131,3873.0593607568626,C1,NA,NA
0.7376268510121825,0.09221779141544083,3871.114808263241,C1,NA,NA
0.739211032873022,0.09278971488162716,3875.0053795615095,C1,NA,NA
0.736974969068406,0.09327405830273727,3872.973548488399,C1,NA,NA
0.7379452543934741,0.09118506968854358,3873.1688824201437,C1,NA,NA
0.7368660826081791,0.09285917630112517,3871.6551373894604,C1,NA,NA
0.7358247604670045,0.09359712438871154,3872.4007335866036,C1,NA,NA
0.7386071433011845,0.09213974908486297,3875.6520750418385,C1,NA,NA
0.7395024865746438,0.09218371787347673,3874.0516932385535,C1,NA,NA
0.7385993521851526,0.08894174319411485,3866.3938069431965,C1,NA,NA
0.7364472123168423,0.09257392945292353,3873.6550493125874,C1,NA,NA
0.7392130563890029,0.09246836091697097,3875.15457691487,C1,NA,NA
0.7382881970983753,0.09172082720400666,3872.0991347292916,C1,NA,NA
0.7374441866225986,0.0913493711583673,3873.2706256397987,C1,NA,NA
0.7382786405780999,0.09163909312315725,3871.146147813336,C1,NA,NA
0.7412133605716837,0.09075394894630495,3872.922967062437,C1,NA,NA
0.7365946779624081,0.0914979841999937,3865.971269212167,C1,NA,NA
0.7406008045854664,0.09131421855492504,3874.515853735244,C1,NA,NA
0.7396372303871963,0.09118528121265561,3871.3527981446146,C1,NA,NA
0.7369329397304352,0.09214200282527046,3874.474291481683,C1,NA,NA
0.7359271426042434,0.09138420836649203,3871.8021715496443,C1,NA,NA
0.7338762827219484,0.09338784019435811,3869.495958844188,C1,NA,NA
0.7371020830480995,0.09313738162688978,3874.594443015077,C1,NA,NA
0.7395403098805114,0.09106800560194249,3874.1370914170984,C1,NA,NA
0.7338720274371243,0.09217419956039462,3868.6253418994415,C1,NA,NA
0.7356804140142876,0.0907507782373644,3869.293212276982,C1,NA,NA
0.7366994815472202,0.09196929524158637,3874.8115470949656,C1,NA,NA
0.738606114987053,0.09361844410610366,3874.643568397664,C1,NA,NA
0.7405230013616124,0.09316818223712245,3871.4769249074766,C1,NA,NA
0.7364346591134604,0.09219339069622942,3871.564669521802,C1,NA,NA
0.7361988141066151,0.09084178251086886,3873.125924924995,C1,NA,NA
0.7371837986065113,0.09219636543116369,3875.6941702923295,C1,NA,NA
0.73896858044277,0.09337845662783285,3870.8536170336574,C1,NA,NA
0.7376537060858084,0.09143676790433307,3873.805378798083,C1,NA,NA
0.7395833309102942,0.09213742095505745,3872.9908881866213,C1,NA,NA
0.7384037496120288,0.09296483610810549,3873.0559151848133,C1,NA,NA
0.7372092972840836,0.09363611746996016,3874.040669848114,C1,NA,NA
0.7376727112637382,0.09177770056771865,3872.625332901224,C1,NA,NA
0.7400044490826023,0.09135260470266801,3872.9696094800433,C1,NA,NA
0.7398885824815715,0.09155560756856979,3871.4013725101663,C1,NA,NA
0.736253649091923,0.09255820636769296,3867.8192230760724,C1,NA,NA
0.7363784528421572,0.09195951229769468,3873.423574408877,C1,NA,NA
0.7386684225854967,0.09166164438535276,3874.245470648957,C1,NA,NA
0.7422234905616636,0.0925059667302741,3869.2577434317154,C1,NA,NA
0.7377410301908637,0.09325096890062869,3872.711920105791,C1,NA,NA
0.7348487878882137,0.09269765258920219,3873.6952299019194,C1,NA,NA
0.7364371339060388,0.09073711550629748,3873.3637725316253,C1,NA,NA
0.7396254141813756,0.09275957939981314,3874.5805872206915,C1,NA,NA
0.737491484439082,0.09257741228860183,3873.9518601983564,C1,NA,NA
0.7372669599756325,0.09227929918660202,3871.051823110622,C1,NA,NA
0.7375174578915604,0.0916774235147154,3873.0746040848335,C1,NA,NA
0.7384724847597962,0.09161549525885149,3873.189736326946,C1,NA,NA
0.7385324621842142,0.0912377988298445,3872.8613424105347,C1,NA,NA
0.7389950464245983,0.09322546054590346,3866.8842750689314,C1,NA,NA
0.7399863486639163,0.0944138924694421,3869.0246829254247,C1,NA,NA
0.7362294384843676,0.09227769847123027,3874.782704187425,C1,NA,NA
0.7414672204724835,0.09334796558332653,3870.951366133696,C1,NA,NA
0.7395521099968205,0.09296304428545803,3874.4794161475484,C1,NA,NA
0.7417782610331729,0.09388793949306312,3868.019400483411,C1,NA,NA
0.7388058470997022,0.09231218052690235,3875.5659032743597,C1,NA,NA
0.7367717674482575,0.09203558721150731,3872.6230095428577,C1,NA,NA
0.7382164038639677,0.09246941065998839,3874.8841954379063,C1,NA,NA
0.7369259184135153,0.09176374409986116,3871.384398514511,C1,NA,NA
0.7361427216612997,0.09361533898586417,3870.5441393121328,C1,NA,NA
0.7387366760186506,0.09085604902084829,3872.6333801530786,C1,NA,NA
0.739243391516627,0.0925759706222676,3875.1988565758484,C1,NA,NA
0.7364049960573619,0.0926630092693851,3872.7541278204953,C1,NA,NA
0.7373097280743802,0.09115776413571781,3871.669504105763,C1,NA,NA
0.7373523887895795,0.09368724567584598,3873.60841377881,C1,NA,NA
0.7392537571564459,0.09331694500226527,3874.3826209646145,C1,NA,NA
0.7351262233333818,0.091836185497112,3873.484126277942,C1,NA,NA
0.7399989348886736,0.09312859990209511,3870.8300485778404,C1,NA,NA
0.7405805435804841,0.0929387266974628,3872.22698838186,C1,NA,NA
0.7350724481039036,0.0934223407135798,3873.7935803454966,C1,NA,NA
0.7375567672975332,0.09181347108471961,3869.3321575257096,C1,NA,NA
0.7394333068025082,0.09017690922841888,3871.0801133525383,C1,NA,NA
0.740721748282404,0.09289780887114363,3871.205223994334,C1,NA,NA
0.7378438535052892,0.09276193431604363,3873.4884905744943,C1,NA,NA
0.7356149572639341,0.09258581959640586,3872.057095867233,C1,NA,NA
0.7396027534779425,0.0937358358378297,3869.097259261312,C1,NA,NA
0.7358858694607151,0.0916817697518567,3873.249038048871,C1,NA,NA
0.7337578025595413,0.09092758666913274,3872.208147239684,C1,NA,NA
0.7400596373160645,0.09425077149061173,3871.4751953800064,C1,NA,NA
0.7374965571577345,0.09268638047850027,3874.8600521758867,C1,NA,NA
0.7388512218605635,0.09329859872255442,3872.801162840011,C1,NA,NA
0.7369328682930598,0.09265896178916577,3875.8560069794494,C1,NA,NA
0.7371964750668238,0.09399579702297955,3868.820384246785,C1,NA,NA
0.7409373847712809,0.09071061063671454,3871.5865412878484,C1,NA,NA
0.7370435932533781,0.09092567336213356,3870.246337045864,C1,NA,NA
0.7394652928765121,0.09209308335936314,3874.2530025104916,C1,NA,NA
0.73808485305687,0.09355801590554355,3873.391293999989,C1,NA,NA
0.7394761565413702,0.09296247440902805,3873.220445117466,C1,NA,NA
0.740540175016308,0.09410970775176639,3868.63480487181,C1,NA,NA
0.7371770207817452,0.09078107905108915,3873.7513323187873,C1,NA,NA
0.739704813454711,0.09319753867105718,3872.6701159997897,C1,NA,NA
0.7369919275661537,0.09219647645578548,3874.40143730561,C1,NA,NA
0.7385177475474857,0.0915607771970808,3872.412388420649,C1,NA,NA
0.7379943245572331,0.0927671806989966,3872.428668718513,C1,NA,NA
0.7397903783449521,0.0921762055555196,3873.938046948804,C1,NA,NA
0.7400793419251682,0.0915166649637284,3874.427084620373,C1,NA,NA
0.7381969696214928,0.09263995990221278,3875.114655116331,C1,NA,NA
0.7379724211622972,0.09219251746001696,3873.1530877179716,C1,NA,NA
0.7390626999824432,0.09101240825668973,3872.91193611639,C1,NA,NA
0.739074130580927,0.09358060241553126,3873.1927935455847,C1,NA,NA
0.7392278107135462,0.0924783097160847,3873.4848194932715,C1,NA,NA
0.7351816545269706,0.09143501400351758,3871.6976260125366,C1,NA,NA
0.7397688606983321,0.09034160014864664,3869.588790284644,C1,NA,NA
0.7360433573747521,0.09166767105858996,3870.653410093214,C1,NA,NA
0.7352503467205318,0.09087597159149627,3868.704031848955,C1,NA,NA
0.7384165608391224,0.09217833309022304,3874.3474608227625,C1,NA,NA
0.7405602023426794,0.09094293629992184,3870.5124142699415,C1,NA,NA
0.739411879392689,0.0930972969794082,3874.4226891861795,C1,NA,NA
0.7382978748660993,0.09095516248719084,3872.555914078138,C1,NA,NA
0.7387982106822729,0.09316235728443364,3872.990840990528,C1,NA,NA
0.7386518602429999,0.09221407323776623,3873.598045424227,C1,NA,NA
0.7381510383350511,0.09013489173114426,3869.725742146478,C1,NA,NA
0.7373004373392115,0.09334004832953678,3871.9423274222077,C1,NA,NA
0.7384982816430384,0.09514359850902314,3864.48971934217,C1,NA,NA
0.7373800969427782,0.09072921484207642,3863.6147225264417,C1,NA,NA
0.7389771883779178,0.09157343250634553,3874.0620484294445,C1,NA,NA
0.7366985499454906,0.09236387151883733,3875.9156002557957,C1,NA,NA
0.7373154919524461,0.0904768679984522,3870.5492748364354,C1,NA,NA
0.737105426725119,0.09224557532975346,3874.94721761267,C1,NA,NA
0.7339348173319815,0.0918070370784532,3871.3195245631105,C1,NA,NA
0.7377358194086981,0.09269331690428492,3875.030861987603,C1,NA,NA
0.7343200931016481,0.09120068711993397,3871.965207037893,C1,NA,NA
0.7406912122582745,0.09125186668278529,3873.0086940350993,C1,NA,NA
0.736134874459998,0.09141022268326618,3870.108799694301,C1,NA,NA
0.7397723721852778,0.09401602838425992,3869.4480853898726,C1,NA,NA
0.7378706796330966,0.09226686741810307,3872.546120612739,C1,NA,NA
0.7367514071745668,0.09274764578894215,3873.017000707617,C1,NA,NA
0.7365245555708542,0.09233063204056655,3873.5233979910236,C1,NA,NA
0.740688393734443,0.09326120992002508,3867.2234052189183,C1,NA,NA
0.7380969555532252,0.09084343412080301,3875.306168830852,C1,NA,NA
0.7381849818318835,0.09186906689037316,3875.551919952311,C1,NA,NA
0.7410004703487626,0.09342984374514413,3871.2092012386165,C1,NA,NA
0.7396049822431019,0.0927974611008244,3872.417015546324,C1,NA,NA
0.7372693928264119,0.09068239758173981,3873.830432287193,C1,NA,NA
0.7378997050597362,0.09266447317947374,3873.1727871059275,C1,NA,NA
0.7361060506221521,0.09311956110327403,3870.443786903243,C1,NA,NA
0.7385046252511261,0.09285731941592941,3874.3238625856543,C1,NA,NA
0.7352200873623389,0.09033025598424566,3873.0785083926016,C1,NA,NA
0.7391985812255514,0.09293880705940702,3871.376354334398,C1,NA,NA
0.73924555773417,0.09072584437831901,3870.267550344052,C1,NA,NA
0.736256044762232,0.09107276925325278,3869.6673500973147,C1,NA,NA
0.737939506933841,0.09180406682089906,3872.408053171671,C1,NA,NA
0.7395613645783734,0.09028619532087684,3873.5839919040013,C1,NA,NA
0.7397067038846918,0.09183384170635536,3875.103389225832,C1,NA,NA
0.7374418412197834,0.09208638006887032,3871.1004503372383,C1,NA,NA
0.7398631649070011,0.09120122954521365,3874.9954180509526,C1,NA,NA
0.7410950985220072,0.09177829220306839,3870.188096501509,C1,NA,NA
0.7379295925566637,0.09263544174126322,3869.635795289158,C1,NA,NA
0.7397994692638107,0.09315024454850244,3872.4703198796306,C1,NA,NA
0.7374993666294117,0.0909184524434408,3870.1692162277427,C1,NA,NA
0.7400058301419791,0.08972287842997008,3870.2782235859345,C1,NA,NA
0.7389514545663282,0.0933101546890603,3873.2693417293854,C1,NA,NA
0.7385308913866875,0.09318080225574973,3875.0387437692825,C1,NA,NA
0.7381856960448445,0.09443195981285057,3868.858303610932,C1,NA,NA
0.7352984267006443,0.0934063027293816,3869.196038993278,C1,NA,NA
0.735488061807528,0.09194743108892213,3874.206748384013,C1,NA,NA
0.7410685853630338,0.09238930839179114,3873.3994215797034,C1,NA,NA
0.7395999266976806,0.09313516804422718,3874.311470090565,C1,NA,NA
0.7387007329640132,0.09201438282335077,3871.847329237898,C1,NA,NA
0.735417911291113,0.09298618295546991,3872.502530665767,C1,NA,NA
0.7377581444949843,0.09102266066869982,3872.9403670130387,C1,NA,NA
0.7345034048883688,0.09017676727639778,3869.1888611939567,C1,NA,NA
0.7369655452301638,0.091835546187996,3873.6634449606913,C1,NA,NA
0.7417632834608416,0.09139602185341456,3874.066637777773,C1,NA,NA
0.7371997862443403,0.09393547607752803,3873.3843205535777,C1,NA,NA
0.7392379208117785,0.09259915209877184,3875.3999716618905,C1,NA,NA
0.7412067618677545,0.0921319027070217,3864.5281741480135,C1,NA,NA
0.7355340600709642,0.09135350096981314,3871.3533733501613,C1,NA,NA
0.7396983474299709,0.09262544637324888,3869.0094202076334,C1,NA,NA
0.7395600818861182,0.09151020030969734,3873.105286841946,C1,NA,NA
0.7381701599666985,0.09179405399818089,3873.131970851211,C1,NA,NA
0.7385626230402765,0.09191065173524991,3874.20199117267,C1,NA,NA
0.7384193928737032,0.09134120982248305,3872.4138110792765,C1,NA,NA
0.739200358252729,0.09188842925493748,3872.7087550192696,C1,NA,NA
0.7362588694074719,0.0911977848471044,3863.06958645575,C1,NA,NA
0.7371149108268387,0.09261296696150811,3869.9466228274687,C1,NA,NA
0.7361281666267794,0.0934601253500067,3871.917370574495,C1,NA,NA
0.7349399515568529,0.09239751087792757,3869.347055904099,C1,NA,NA
0.7358685684252342,0.0927891370695238,3871.3618555097055,C1,NA,NA
0.7391552128925383,0.0905968511046425,3870.263490185043,C1,NA,NA
0.7396341566793068,0.09338801263459912,3869.149512884013,C1,NA,NA
0.7368876561924704,0.09290192609717361,3875.1102249166056,C1,NA,NA
0.7362053093899507,0.09138850144341502,3872.140050008346,C1,NA,NA
0.7339584483480645,0.09165975327931494,3868.8761977535446,C1,NA,NA
0.7381336803632356,0.09405276615305763,3869.6900267065134,C1,NA,NA
0.7394758407767821,0.09058287639182591,3867.7692473057564,C1,NA,NA
0.7386323291538773,0.09161174776024616,3875.6460817353445,C1,NA,NA
0.7393002306493281,0.09175227418290703,3869.3757968829727,C1,NA,NA
0.7393525333956188,0.09279908561313929,3874.0421785484264,C1,NA,NA
0.7384752210269899,0.09439544640021907,3869.896296260631,C1,NA,NA
0.7378442510128035,0.09386945518753866,3873.9938213249984,C1,NA,NA
0.7368787755787024,0.0913739122168265,3874.329896384961,C1,NA,NA
0.7395430721607522,0.09215988212930368,3870.383749706001,C1,NA,NA
0.7366806253530788,0.08976555187838706,3872.34691847324,C1,NA,NA
0.7380422974721792,0.09048380679884449,3870.482051785342,C1,NA,NA
0.7352810973400928,0.09090857239243155,3870.1376269709917,C1,NA,NA
0.7374994592506132,0.09122420738189425,3871.2396607638343,C1,NA,NA
0.7373626236256282,0.0907552911998,3870.4359851095933,C1,NA,NA
0.7384869680964881,0.09243310019540685,3874.1918809047397,C1,NA,NA
0.7372282453966549,0.0903973507192153,3873.929662909393,C1,NA,NA
0.7368178466610132,0.0926885343953761,3874.3743414935448,C1,NA,NA
0.7410967768356909,0.09282374782882147,3870.8338753750472,C1,NA,NA
0.7395226245515966,0.09215389761742065,3870.357070543189,C1,NA,NA
0.7381312488499776,0.09170465521290327,3873.0425117108543,C1,NA,NA
0.7366104890414117,0.09226402438159276,3875.5576016696696,C1,NA,NA
0.7324413199818095,0.08976706202383804,3865.605277900884,C1,NA,NA
0.736760817549622,0.0902427820286528,3872.5269128442196,C1,NA,NA
0.7439132017657258,0.09151706251148373,3867.641659399718,C1,NA,NA
0.7380626584683193,0.09228349793825077,3867.359770141118,C1,NA,NA
0.7386133815212876,0.09198948741640339,3870.6855823815868,C1,NA,NA
0.7393813378466495,0.09082472785083479,3873.211347563859,C1,NA,NA
0.7372569911098483,0.09216213677427293,3870.822170068709,C1,NA,NA
0.7401330001707209,0.09251044540684655,3871.2623031235044,C1,NA,NA
0.735043226774379,0.08990012156561808,3870.4545562605463,C1,NA,NA
0.7362819328443926,0.0920671806094247,3875.3856166891574,C1,NA,NA
0.7375764608130463,0.08999778727337018,3871.776126566387,C1,NA,NA
0.7401093569441277,0.09304895814890946,3874.5114774759973,C1,NA,NA
0.7387448406694154,0.09199234457437948,3868.907479525902,C1,NA,NA
0.7365323250271508,0.09182520978311995,3874.008199482065,C1,NA,NA
0.7398395928692886,0.09189650464496636,3868.1598009193594,C1,NA,NA
0.7395868312991853,0.09157664028707305,3872.628817598253,C1,NA,NA
0.7377375069468858,0.09138773373422787,3870.910594713888,C1,NA,NA
0.7382238692110495,0.09104337548143676,3870.59823990973,C1,NA,NA
0.7398350783982897,0.09201516385944747,3873.471567647877,C1,NA,NA
0.7397129597611278,0.0924201296634437,3874.028956703426,C1,NA,NA
0.732483606405602,0.09233244772432278,3868.9762501608157,C1,NA,NA
0.7383614265923999,0.09063893108029109,3872.7769340365967,C1,NA,NA
0.7367215732340515,0.09277311548059315,3869.0895139959985,C1,NA,NA
0.7386648351159391,0.09197915044621384,3871.468504393848,C1,NA,NA
0.7368145732452468,0.0924715903258866,3874.3847114872974,C1,NA,NA
0.7393866882044396,0.09055146416603518,3872.2290787095867,C1,NA,NA
0.7378195465580587,0.0921933257032241,3874.5644406140436,C1,NA,NA
0.73829902798361,0.09267610046990607,3870.5278208797918,C1,NA,NA
0.738451999026929,0.09220374483853032,3875.7301532551946,C1,NA,NA
0.738877551197143,0.09077812352398197,3871.9065078428825,C1,NA,NA
0.741149161696287,0.09252763889838156,3867.8856938941444,C1,NA,NA
0.7372157257493747,0.09152646859387623,3872.3166508994605,C1,NA,NA
0.7346937834633998,0.09350733363774393,3870.442625903639,C1,NA,NA
0.7401735482028142,0.09254100288130422,3871.8990843277184,C1,NA,NA
0.7405728456052288,0.09142161299725679,3872.017163930606,C1,NA,NA
0.7379117405086097,0.093794431493417,3871.034693691015,C1,NA,NA
0.7374044398375328,0.091281403066154565,3873.6701880931914,C1,NA,NA
0.7402448958057368,0.09205129485779867,3874.7798040693874,C1,NA,NA
0.7369199145405706,0.09295419010625942,3865.6050523400654,C1,NA,NA
0.7374519619595422,0.0917529950539136,3869.972107858907,C1,NA,NA
0.7375226438507126,0.09204012998710198,3875.084865457305,C1,NA,NA
0.7366310214925373,0.0906886879469755,3871.7301763312207,C1,NA,NA
0.739141779681956,0.09155030293630233,3875.595530584394,C1,NA,NA
0.7368760226724164,0.09134070323754276,3872.8785005014124,C1,NA,NA
0.7380926320397755,0.09077523595492533,3873.515878742395,C1,NA,NA
0.737643284260524,0.0917486180733263,3871.6473897459236,C1,NA,NA
0.7375896263343144,0.0914591777044208,3873.0246488696203,C1,NA,NA
0.7374345709133319,0.09325680135482542,3874.314437666407,C1,NA,NA
0.7407460391510242,0.09198711001882014,3867.393541897505,C1,NA,NA
0.736395690917253,0.09257349750790698,3872.678808984694,C1,NA,NA
0.7395802945705098,0.09206047402367773,3870.3899914575018,C1,NA,NA
0.7382728422472062,0.09269509659574093,3871.1379979889457,C1,NA,NA
0.739700794786735,0.09269733531181412,3870.5436449593744,C1,NA,NA
0.7366390137498701,0.09297072459150849,3871.08339116339,C1,NA,NA
0.7400946569623221,0.09230477846647782,3872.224939099443,C1,NA,NA
0.7361538397192221,0.09278332804604367,3872.111980655677,C1,NA,NA
0.7329476356409755,0.09119670669037938,3870.1037894203696,C1,NA,NA
0.7362001544478931,0.09259587295954212,3867.3258436578367,C1,NA,NA
0.7390219532870778,0.0926224551242693,3870.7995537618835,C1,NA,NA
0.7357745980379593,0.09310379875991426,3872.0811768339213,C1,NA,NA
0.7412780463852484,0.09221317634933612,3869.178417549923,C1,NA,NA
0.7395881943448138,0.09410611240456071,3871.1571027390123,C1,NA,NA
0.73714833280824,0.09255115297145249,3874.1619749774754,C1,NA,NA
0.7405175637608952,0.09196003536141752,3873.4120708219375,C1,NA,NA
0.7397334877973216,0.09222061238710477,3871.6873396564697,C1,NA,NA
0.7403984942307059,0.09143692922278449,3871.4559320753074,C1,NA,NA
0.7371978837479585,0.09185941311012856,3873.25753599018,C1,NA,NA
0.7389844831916195,0.09186802677466634,3868.984678416142,C1,NA,NA
0.7367277092957188,0.0932122209866624,3871.8758763069627,C1,NA,NA
0.7394378796495278,0.09200780743641548,3870.3094094754942,C1,NA,NA
0.7370497115553281,0.08977875556965458,3869.5178240854752,C1,NA,NA
0.7362348023938865,0.0932356553153415,3873.669042933694,C1,NA,NA
0.7346796930675751,0.09399174200509977,3867.317112516761,C1,NA,NA
0.7396938753308444,0.09253962448047737,3872.585376622485,C1,NA,NA
0.7378411549480486,0.09107346695591921,3873.8551728834086,C1,NA,NA
0.7381661280689722,0.0921143265193011,3874.8599249135746,C1,NA,NA
0.7371863338929774,0.09350731791057257,3871.7551870391508,C1,NA,NA
0.7353441496213227,0.09150383778221985,3868.564010159105,C1,NA,NA
0.7385213113846376,0.09141898444300606,3870.8132729004474,C1,NA,NA
0.7406635908105416,0.09202071401405776,3875.470895626048,C1,NA,NA
0.7352206468059226,0.09118566968092427,3872.702609963792,C1,NA,NA
0.7380464514027592,0.09416820030432435,3871.2273426047186,C1,NA,NA
0.7366651559261026,0.09120747541485183,3872.325485999067,C1,NA,NA
0.7389216281660115,0.0935423833114157,3871.9102071122193,C1,NA,NA
0.7415936121208357,0.09435651705466855,3869.2525941371655,C1,NA,NA
0.7412251704736642,0.09327450069314373,3872.3920347262606,C1,NA,NA
0.7353978987131755,0.09290861646951969,3872.868796873083,C1,NA,NA
0.7372465424406034,0.09341499727396854,3867.0068508582963,C1,NA,NA
0.7363640519748096,0.09076027496605647,3872.5205662347134,C1,NA,NA
0.7362292396062812,0.09205417828488507,3871.8588226841966,C1,NA,NA
0.7359467327260002,0.09328819299734317,3872.7387316526833,C1,NA,NA
0.7391142241773421,0.09130215547836285,3875.9541667768012,C1,NA,NA
0.7372699043747221,0.09367072782793517,3871.8425643749893,C1,NA,NA
0.7388526294260916,0.08998304266106924,3870.5464303213694,C1,NA,NA
0.7407777068911883,0.09152606756087463,3872.83302241351,C1,NA,NA
0.73845128613404,0.0927675208088867,3873.205840296557,C1,NA,NA
0.7388689568881931,0.09043573054538048,3872.499675100796,C1,NA,NA
0.7408183864578105,0.09231496649265683,3871.2749105305425,C1,NA,NA
0.736035492286207,0.09205420832146488,3873.9258078549196,C1,NA,NA
0.7382676447890324,0.0908222233602794,3874.924936359677,C1,NA,NA
0.7392157970307033,0.09036299285856587,3871.3733903655807,C1,NA,NA
0.735422112328889,0.09205041755944264,3871.4752218737813,C1,NA,NA
0.7369144410637858,0.09210208708316475,3870.101619704031,C1,NA,NA
0.7361765223834918,0.09088608281097932,3868.306509129421,C1,NA,NA
0.7387258358931968,0.0917044784004791,3874.4998107689003,C1,NA,NA
0.7390054943587545,0.09299528111828351,3870.0871295034835,C1,NA,NA
0.7371804730759045,0.09132776158307813,3871.938478766127,C1,NA,NA
0.7368990293684553,0.0924703259681166,3872.5156029847562,C1,NA,NA
0.7383700336443665,0.09379140271377617,3869.0782765216527,C1,NA,NA
0.7422263300194931,0.0920061525697155,3869.0235304167654,C1,NA,NA
0.7377638607444809,0.0935715213348856,3869.390039359817,C1,NA,NA
0.7419843034768291,0.09172205690720897,3868.757529606228,C1,NA,NA
0.7364764016697994,0.09063672616770628,3868.5591672669457,C1,NA,NA
0.7373538775180245,0.0921229717162182,3870.078659692525,C1,NA,NA
0.7383846931005319,0.09258375075888636,3874.525750859457,C1,NA,NA
0.7382893882843657,0.09181446653007572,3874.028364705654,C1,NA,NA
0.7388228472764992,0.09287836173518567,3871.0193705160054,C1,NA,NA
0.7429127284476431,0.09354030683095788,3865.4325062307585,C1,NA,NA
0.7384789128504283,0.09070670893656732,3871.9723238405886,C1,NA,NA
0.738739500582429,0.09254632533489689,3873.4391699634375,C1,NA,NA
0.7362354062963495,0.09215689345807682,3873.300901028897,C1,NA,NA
0.7381244316257717,0.09157255476207944,3871.156506941314,C1,NA,NA
0.7374243389495054,0.09249138463292075,3872.135672255918,C1,NA,NA
0.7390833287617998,0.09113803980712734,3872.953595073419,C1,NA,NA
0.7377578782991631,0.09089645110671785,3873.2428019058216,C1,NA,NA
0.7379863532862947,0.09186302988295986,3875.177847114269,C1,NA,NA
0.737738036546325,0.09357648358382549,3873.158267486734,C1,NA,NA
0.7385128229428626,0.09188289530267307,3875.216067288327,C1,NA,NA
0.7367720874401112,0.09296717260809854,3873.211881124096,C1,NA,NA
0.7387662906492399,0.09274956394005354,3872.2216582514675,C1,NA,NA
0.7368077232852613,0.09060795230287694,3873.429734277944,C1,NA,NA
0.7366582980404929,0.09181305180756563,3869.204258808076,C1,NA,NA
0.740168047967072,0.09305446764999116,3872.399893940219,C1,NA,NA
0.7377851288668474,0.0918641273630391,3870.2608164624467,C1,NA,NA
0.7376303300632001,0.09105757196262187,3871.123062012226,C1,NA,NA
0.7340290848989857,0.09215377541046554,3872.049079769101,C1,NA,NA
0.7374611954167076,0.09115041522935198,3872.7609246437282,C1,NA,NA
0.7405035645624628,0.09137750145480886,3872.8988537722003,C1,NA,NA
0.7388543096138063,0.0928362153857444,3872.7104173797406,C1,NA,NA
0.7415381987901273,0.09200194128994102,3868.6032024428946,C1,NA,NA
0.7428371908616098,0.0923726909193359,3871.430148368381,C1,NA,NA
0.7358837622884293,0.09198239552267284,3874.36941279279,C1,NA,NA
0.7386584477428757,0.09162196377575248,3871.5850089271216,C1,NA,NA
0.7390814544905936,0.09303261824578221,3867.719739689761,C1,NA,NA
0.7379177459399803,0.09069953334527073,3871.618729964562,C1,NA,NA
0.7376572888524457,0.09341862483132486,3871.811121624786,C1,NA,NA
0.7390979787327916,0.09384723954330187,3870.5679039871243,C1,NA,NA
0.7395423764080505,0.09337501364709674,3870.5940128385173,C1,NA,NA
0.7365028065404001,0.09024972326018124,3872.4612175242264,C1,NA,NA
0.7377089436256679,0.09139108392692157,3873.907555746096,C1,NA,NA
0.7415279026929371,0.09241804938833502,3871.0596187059095,C1,NA,NA
0.7411674921046526,0.09060842789548798,3869.8785626096997,C1,NA,NA
0.7417271052052218,0.09343254195936898,3866.2932462311132,C1,NA,NA
0.7385816219215303,0.09258949398630005,3872.21424257199,C1,NA,NA
0.7392861193319246,0.09217530755697986,3872.818165578622,C1,NA,NA
0.7353595491101126,0.09370775219164307,3869.198820884511,C1,NA,NA
0.736292519705887,0.09329854755836017,3871.3235564292613,C1,NA,NA
0.7369760709111157,0.09244439781278203,3873.8154336836265,C1,NA,NA
0.741556268879833,0.09201115077918981,3868.9041767127433,C1,NA,NA
0.7361244257123989,0.09142911682155883,3873.387371177811,C1,NA,NA
0.7364632919081072,0.09290691146550774,3874.3022647152243,C1,NA,NA
0.736060918420902,0.09203092056705398,3872.7556960427432,C1,NA,NA
0.7381175207163307,0.09168545365266664,3871.1203897680803,C1,NA,NA
0.739252234658283,0.09231579122831776,3861.221103282304,C1,NA,NA
0.73719657860934,0.09002811843276509,3869.1321991538816,C1,NA,NA
0.738395386907346,0.09176668077164794,3872.993815128475,C1,NA,NA
0.7375539062384937,0.0937154493133851,3868.8479230947078,C1,NA,NA
0.7388567853242174,0.09206538491907126,3870.465159141348,C1,NA,NA
0.7352253768739215,0.09097647951436853,3873.1889432082717,C1,NA,NA
0.7371076963520902,0.09227509036638706,3871.9406366184403,C1,NA,NA
0.736650566979081,0.09304716807324998,3869.6161121518144,C1,NA,NA
0.7397604392967432,0.09138382664613007,3873.5566696850515,C1,NA,NA
0.7395096254884868,0.09168076996878326,3872.828568005279,C1,NA,NA
0.736224871194837,0.09102380416707981,3868.896141790089,C1,NA,NA
0.73419026680431,0.09099618945199556,3867.4114861996422,C1,NA,NA
0.7322530705092744,0.09210247094003025,3867.5426078827145,C1,NA,NA
0.7373787128697088,0.09297906426608343,3873.144881385736,C1,NA,NA
0.7350453710094894,0.0922870796627972,3873.295836314795,C1,NA,NA
0.7386955605493656,0.09072443507703117,3874.0122138061315,C1,NA,NA
0.7355062790663629,0.09127645890128948,3871.52018795656,C1,NA,NA
0.7369657672159093,0.09302251189290908,3871.9995559951103,C1,NA,NA
0.7394443085053393,0.09213227817597,3873.8370899530296,C1,NA,NA
0.7366382377877245,0.0932247436617583,3868.010475023161,C1,NA,NA
0.7360813214163153,0.09277905032196787,3873.5218562699774,C1,NA,NA
0.7387756830451127,0.09208783493913655,3873.7353118502497,C1,NA,NA
0.7383238088510771,0.08969619131312684,3869.083418970452,C1,NA,NA
0.7381051122275901,0.09153693022143303,3872.2724436455433,C1,NA,NA
0.7346238891307675,0.09295084541911537,3870.6210870482264,C1,NA,NA
0.7366912958282106,0.0910324001028409,3873.6505820611624,C1,NA,NA
0.7369906670608535,0.09088120459475034,3873.5386523651378,C1,NA,NA
0.7384677417776236,0.09171294315052739,3869.3459526918114,C1,NA,NA
0.7399938565590476,0.0896741215069635,3869.756513526728,C1,NA,NA
0.7375447585060055,0.09486920572978513,3867.388683335971,C1,NA,NA
0.7358298509967847,0.0931108779886016,3869.541307290356,C1,NA,NA
0.7377684675611662,0.09234110468745504,3873.811500590832,C1,NA,NA
0.7404083993112227,0.09294432761222274,3871.6978259084985,C1,NA,NA
0.7407811216931753,0.09303300617241905,3873.7011410513096,C1,NA,NA
0.7399212443493838,0.09180012967830033,3873.4939041556577,C1,NA,NA
0.73937106957554,0.09234730610846958,3872.470771380924,C1,NA,NA
0.7368467219319876,0.09267957393097692,3873.347308580094,C1,NA,NA
0.742247565485752,0.09361070881258945,3872.9584140239913,C1,NA,NA
0.7386811236189474,0.09169328234849408,3873.564349423638,C1,NA,NA
0.7373236341154885,0.09054843046284661,3871.9266297490517,C1,NA,NA
0.7361980624735781,0.09138083137775913,3870.9436289899163,C1,NA,NA
0.7366364996814406,0.0916407228204589,3873.591614762634,C1,NA,NA
0.7368855525308686,0.0933214109331924,3871.7610803100188,C1,NA,NA
0.7408014625026336,0.09206506338610446,3873.169950676353,C1,NA,NA
0.7347789461649091,0.09177975350434925,3869.87653371042,C1,NA,NA
0.7350067721720309,0.09035202065988372,3870.446623119445,C1,NA,NA
0.7376890778030774,0.09156866379188984,3872.758552396273,C1,NA,NA
0.7397191947719483,0.09253616992601342,3865.956311299512,C1,NA,NA
0.7401617586057103,0.09275459912608966,3868.5836821629628,C1,NA,NA
0.7427400062348392,0.09288014086233012,3872.181385974911,C1,NA,NA
0.7380190579862969,0.0913849723713641,3872.624196272642,C1,NA,NA
0.7396220628802003,0.09138870622164141,3872.402196034273,C1,NA,NA
0.7381506034750501,0.0943630606772028,3869.7712548496197,C1,NA,NA
0.7389724527706579,0.09379070530505108,3873.396357870468,C1,NA,NA
0.7420005675875565,0.09073577837876623,3869.8909183034584,C1,NA,NA
0.7404102961431863,0.09115158446141232,3867.492686332933,C1,NA,NA
0.7356813542857762,0.09372715733705178,3870.778548056236,C1,NA,NA
0.7383893612286115,0.09263211484758277,3871.7533072265956,C1,NA,NA
0.7379770029710844,0.09232219213491684,3872.470227177816,C1,NA,NA
0.7380939765076332,0.0918118779723528,3872.287948858333,C1,NA,NA
0.7346352799190122,0.09402173330898599,3870.132609221811,C1,NA,NA
0.7380549952408925,0.09142267075747848,3872.2283204498513,C1,NA,NA
0.736179329449517,0.09275323873645187,3871.142113866332,C1,NA,NA
0.7386361447466505,0.09221743596635357,3873.804338443538,C1,NA,NA
0.7360163351830713,0.09346303690176298,3872.4248571492403,C1,NA,NA
0.7369405878226357,0.09296798640437358,3872.227233168497,C1,NA,NA
0.7410046186629871,0.09261603245365282,3874.648656787497,C1,NA,NA
0.7360657344255928,0.09169975111876733,3872.8195656187545,C1,NA,NA
0.7392129091994472,0.09024768751117113,3869.2332974674814,C1,NA,NA
0.733452335284114,0.09296470740846068,3868.1138148279038,C1,NA,NA
0.7399857362626271,0.09234907520684763,3873.4563619656287,C1,NA,NA
0.7387501332728433,0.09188858124154485,3874.699392035616,C1,NA,NA
0.7370600167193777,0.09340392521966706,3875.028628927413,C1,NA,NA
0.7374049051005163,0.09270827928549061,3874.484323111535,C1,NA,NA
0.7383584556924082,0.0918356017234344,3872.2353883759565,C1,NA,NA
0.7380402877630361,0.0930516336758793,3870.257737761899,C1,NA,NA
0.7367460857419755,0.09442973191752585,3863.5738258044075,C1,NA,NA
0.7385933956101586,0.09221511824425552,3869.5985310342403,C1,NA,NA
0.7329444047215823,0.09221681662703678,3870.042004033419,C1,NA,NA
0.7387684255714319,0.09274162850995105,3873.6044164231994,C1,NA,NA
0.7393699634141291,0.09161580990670129,3872.7210007064427,C1,NA,NA
0.7392036070020287,0.09140268342688675,3872.9256451890737,C1,NA,NA
0.741545573866562,0.09178413933643166,3870.9705145856974,C1,NA,NA
0.7401280835652309,0.09264439593442889,3871.5019180607715,C1,NA,NA
0.7376427027882807,0.09120804620331824,3869.3316966218654,C1,NA,NA
0.7397661174106134,0.0935516776052307,3873.8693810841273,C1,NA,NA
0.7397074149575845,0.09325929839135216,3869.8837297964164,C1,NA,NA
0.7393219005870398,0.09322906930836206,3872.269125149851,C1,NA,NA
0.7384548652701138,0.09052520397346621,3870.897428866958,C1,NA,NA
0.7382932626826989,0.0910955787742674,3870.0656955132217,C1,NA,NA
0.7365240388466693,0.09186197604177244,3871.1987674901175,C1,NA,NA
0.7396313638356625,0.09114474588985563,3872.2491006089317,C1,NA,NA
0.736119756449238,0.09205460795529107,3872.456583345918,C1,NA,NA
0.7357150038400794,0.09294995467544602,3870.3829971833798,C1,NA,NA
0.7391795635575691,0.09317856927563697,3872.4176902076156,C1,NA,NA
0.7364221737149338,0.09283057147412442,3869.4418321370063,C1,NA,NA
0.738907021675601,0.09000257876368217,3869.5397630100233,C1,NA,NA
0.7382845183987025,0.09103335038161882,3874.2378600726674,C1,NA,NA
0.7360734945340517,0.09086159097842972,3872.165405423271,C1,NA,NA
0.7400387777427674,0.09321057062798582,3872.1158301118735,C1,NA,NA
0.7389211707375117,0.09155503353612882,3867.4124117522115,C1,NA,NA
0.7361998674419777,0.09171258086487943,3870.988836008106,C1,NA,NA
0.7397957983517041,0.09152948558519358,3872.843964757244,C1,NA,NA
0.7357973554251404,0.09356796516442009,3868.3923813231886,C1,NA,NA
0.7369217167247031,0.09201509968105988,3874.9351367058566,C1,NA,NA
0.7380138432713937,0.09252522069151412,3870.0550155698365,C1,NA,NA
0.7362049083717912,0.09395193412226165,3869.752309028548,C1,NA,NA
0.739476520314288,0.09255271723383433,3865.8261340216254,C1,NA,NA
0.7357404278412918,0.09099411217885225,3871.626525599528,C1,NA,NA
0.7396263421059451,0.09084269292067897,3872.347393216975,C1,NA,NA
0.7384613811711523,0.09276047049058309,3872.069545497638,C1,NA,NA
0.734017727517448,0.09201053706938214,3870.5050246471587,C1,NA,NA
0.7341104610095168,0.09121600518129216,3869.226228984826,C1,NA,NA
0.7373181788494002,0.09138543929157386,3866.5820186195706,C1,NA,NA
0.7418362378813931,0.09281548924624912,3872.057438158638,C1,NA,NA
0.7396404948490799,0.091156345475034,3874.3951685671186,C1,NA,NA
0.737920821383652,0.09376645772910779,3870.1899281806736,C1,NA,NA
0.7377818981130607,0.09069752694372718,3869.7188186544,C1,NA,NA
0.7389513318422986,0.09224571426009466,3872.481563175463,C1,NA,NA
0.7390225779582266,0.09130161863131273,3874.130232893068,C1,NA,NA
0.7382119495461945,0.09275570855466553,3872.095089581116,C1,NA,NA
0.739220655710635,0.0930915956402533,3873.8929109747414,C1,NA,NA
0.7361736735025356,0.09326740915103718,3873.7674465820405,C1,NA,NA
0.735773980399369,0.09093649144113118,3870.2558958047016,C1,NA,NA
0.7363154550425095,0.09415256022779399,3871.4120257971094,C1,NA,NA
0.7386816481651209,0.0907598917755719,3865.2909149197535,C1,NA,NA
0.7352357763217815,0.09346556385352553,3871.3519907958453,C1,NA,NA
0.7387837724091953,0.0912887771072898,3873.178313307535,C1,NA,NA
0.7399005156142894,0.09216388687122573,3872.930723627431,C1,NA,NA
0.7376152107286856,0.09272145238528998,3873.82768026471,C1,NA,NA
0.7380810334799262,0.09114331440152698,3872.1273682102455,C1,NA,NA
0.7388556224765639,0.0925429385009825,3871.9963439141297,C1,NA,NA
0.7377998284961671,0.09103321306727065,3872.244305522074,C1,NA,NA
0.7379408242698411,0.09105984794306306,3869.6340739276793,C1,NA,NA
0.7418307445714706,0.09117116603142834,3871.3944955455813,C1,NA,NA
0.7382191781464718,0.09130572096199283,3870.270336861469,C1,NA,NA
0.738313323428696,0.09359695317229672,3870.440015418266,C1,NA,NA
0.7407429342373631,0.0931951445046181,3873.5436325786177,C1,NA,NA
0.7378674940578024,0.0931396488557602,3868.509270962947,C1,NA,NA
0.7359809273577258,0.09151551915170741,3871.3631607515385,C1,NA,NA
0.7403404411354662,0.0924905985952538,3872.301293453406,C1,NA,NA
0.7370478434423902,0.09288589478232356,3871.0794352222397,C1,NA,NA
0.7367594783769618,0.09054846270675376,3872.7769015398217,C1,NA,NA
0.7370451401857818,0.09236483153576855,3872.845003788681,C1,NA,NA
0.738093864793062,0.09247824674624272,3875.426981774185,C1,NA,NA
0.7352275152622254,0.09221849703462016,3874.7085718996145,C1,NA,NA
0.7377956050891185,0.09311921425485044,3868.8957464859395,C1,NA,NA
0.7381396047436222,0.0928137296613365,3868.8296677708636,C1,NA,NA
0.7365612948519636,0.09164824952523283,3873.176322687186,C1,NA,NA
0.7392771685893699,0.09287795472106872,3873.17389984365,C1,NA,NA
0.7377411391833993,0.0908612611153088,3873.1986236161338,C1,NA,NA
0.7369120753028803,0.09165842434752655,3870.0622015997064,C1,NA,NA
0.7390925375385332,0.09366947839417122,3867.0059005914754,C1,NA,NA
0.7405529884233746,0.0916449829475329,3874.785048701167,C1,NA,NA
0.734855339360607,0.09318514701921193,3873.2467930858434,C1,NA,NA
0.739306830845641,0.09223473531878998,3872.2450291316172,C1,NA,NA
0.7403661106495987,0.09131658578314425,3864.729277261021,C1,NA,NA
0.7360940881470446,0.09267466871632393,3871.5338480710843,C1,NA,NA
0.7334980948256058,0.09244047452859808,3872.231388292404,C1,NA,NA
0.7393352615600232,0.09249928110173927,3872.3515091367417,C1,NA,NA
0.7402589161848803,0.09104603941037678,3872.9500758744516,C1,NA,NA
0.7380890820004103,0.09260190096821594,3874.8521988887564,C1,NA,NA
0.7367804605117948,0.0919994010609583,3872.945572245675,C1,NA,NA
0.7396935607819676,0.09207031968327133,3872.3840428308513,C1,NA,NA
0.7346247731020011,0.09049688714543311,3872.638975800621,C1,NA,NA
0.7338329832338971,0.09262246781018314,3868.6462189600247,C1,NA,NA
0.7364537246792956,0.09056855675061024,3872.5645131695496,C1,NA,NA
0.7351311549032424,0.09297423080777656,3871.6198850150104,C1,NA,NA
0.7387588428690031,0.09238360142942331,3869.941413832297,C1,NA,NA
0.740186743123701,0.0910881256900213,3872.468502690292,C1,NA,NA
0.7349736166718986,0.0908079063479316,3870.915814825078,C1,NA,NA
0.7374343551485221,0.09074714355106078,3872.46709201168,C1,NA,NA
0.7362486630290002,0.09057592383332075,3867.0451093974643,C1,NA,NA
0.740421874379384,0.09089194431430998,3872.696745722174,C1,NA,NA
0.7357500564490418,0.09308643159837258,3872.7502727357087,C1,NA,NA
0.7387188605954277,0.09199797400571996,3867.3134318498787,C1,NA,NA
0.739136384099683,0.09266713353246875,3870.3893118344467,C1,NA,NA
0.7368236719620435,0.09180851239498097,3873.9054590117703,C1,NA,NA
0.738070926671495,0.09400657345853622,3870.5566183205747,C1,NA,NA
0.7365196114271891,0.08967441182442236,3871.233250402625,C1,NA,NA
0.7388620753235694,0.09241659181557513,3874.552838872766,C1,NA,NA
0.7370908237098442,0.0924952377005399,3869.7614746539334,C1,NA,NA
0.7372669266585415,0.09155452103119749,3871.5584732850375,C1,NA,NA
0.7416280447361516,0.09259048130395119,3867.2772894857476,C1,NA,NA
0.7360355286420572,0.09095698985220238,3865.0029373126686,C1,NA,NA
0.7407327404391653,0.09185847628722979,3866.894605889837,C1,NA,NA
0.738317053670839,0.09253823881098329,3872.07003948572,C1,NA,NA
0.7361579071830503,0.09359364467455422,3872.279436091052,C1,NA,NA
0.7401605744113219,0.09143219436066835,3870.5452725799128,C1,NA,NA
0.7369178659776393,0.09212065533224251,3869.5051339270453,C1,NA,NA
0.7373622667130905,0.09325206696268774,3873.7360329724024,C1,NA,NA
0.7365041589156337,0.09218638063464969,3873.347289903236,C1,NA,NA
0.7393490414160129,0.09354787826979352,3869.971492962349,C1,NA,NA
0.7383634102540277,0.09279728553938746,3869.660922887473,C1,NA,NA
0.7408132020888267,0.09317794476243431,3871.9985499576615,C1,NA,NA
0.7385227871060888,0.09294397071417199,3871.8304792924205,C1,NA,NA
0.7381007016113571,0.0935216764835941,3872.967821365361,C1,NA,NA
0.7359012723285646,0.09442201955418339,3868.4014325122043,C1,NA,NA
0.7388735612769012,0.09196701359172056,3874.201236878543,C1,NA,NA
0.7399548052270811,0.09274906092245178,3870.25724416068,C1,NA,NA
0.7401386338898525,0.09238390177547061,3871.1845098817817,C1,NA,NA
0.7389249980608542,0.0926374227483289,3872.596458721065,C1,NA,NA
0.7369781300408075,0.09119591551952769,3871.4600339325552,C1,NA,NA
0.7378819249528201,0.09267900093498099,3872.176041293371,C1,NA,NA
0.7368865900765463,0.09127319416870897,3870.6247375190555,C1,NA,NA
0.7404122103698441,0.09278792644400825,3874.13879009501,C1,NA,NA
0.7381880453513621,0.09252452658996263,3871.8179578834797,C1,NA,NA
0.7402587208327076,0.09406823313517135,3869.1972753253717,C1,NA,NA
0.7411022831686505,0.09249846208536949,3869.8108381066413,C1,NA,NA
0.7384610594069174,0.0926105751004063,3870.8132551399676,C1,NA,NA
0.7406218930875678,0.09117491164488895,3873.491658531432,C1,NA,NA
0.7365547933095109,0.0920690945715344,3871.8998051522317,C1,NA,NA
0.739129264779785,0.09308594138088694,3872.910684212399,C1,NA,NA
0.7384683108276102,0.09037747905873868,3870.778450576039,C1,NA,NA
0.7367444157953035,0.09215638955767193,3873.7932345029103,C1,NA,NA
0.7356500338800505,0.09125530905039791,3870.5900985123412,C1,NA,NA
0.7391570400692575,0.09278614258574484,3873.364807202163,C1,NA,NA
0.7360440170181146,0.09219565074051521,3868.965897377496,C1,NA,NA
0.7375302681703719,0.09253747541084766,3874.0147696358545,C1,NA,NA
0.7418500801434155,0.09243224425217864,3872.9282878307927,C1,NA,NA
0.7400891210500052,0.09210789056119476,3872.2070708969945,C1,NA,NA
0.7360325136177722,0.09290803680209124,3866.9943877998307,C1,NA,NA
0.7384224382519822,0.09123005649517706,3870.564715888532,C1,NA,NA
0.7385454596792279,0.09319925802981094,3873.0702766469562,C1,NA,NA
0.7378628385729142,0.09173716324344514,3866.2643862175846,C1,NA,NA
0.7397498695374324,0.09356176504947325,3870.103982240799,C1,NA,NA
0.7382247314565129,0.0927163058087576,3874.4178612172414,C1,NA,NA
0.7358035354184601,0.09130152063697172,3871.8373720472996,C1,NA,NA
0.736466102993267,0.09024367495693754,3872.1407539768556,C1,NA,NA
0.7396658638303167,0.09289755177850001,3872.7783726027524,C1,NA,NA
0.7372347453532764,0.09056018270438954,3872.736285150804,C1,NA,NA
0.734679251821798,0.0928193741726181,3870.050210694172,C1,NA,NA
0.7375909755414475,0.09351643118731293,3869.672819306325,C1,NA,NA
0.7351349302592152,0.09135616267857775,3871.4620767250676,C1,NA,NA
0.7376501214292375,0.09256904098275372,3871.356055491367,C1,NA,NA
0.7408369368723581,0.09293484227637128,3869.2861897742782,C1,NA,NA
0.7405189758119393,0.09025919493065587,3870.3313555179197,C1,NA,NA
0.7366729579619358,0.09354317153562637,3869.022685444575,C1,NA,NA
0.7374246138148014,0.09352922339291135,3872.2434043456797,C1,NA,NA
0.7355798463472986,0.09123567715608483,3873.5068756224523,C1,NA,NA
0.7398538722315994,0.0915552475758391,3873.2473702510547,C1,NA,NA
0.7388819624530637,0.09383207029575848,3869.6515673718673,C1,NA,NA
0.7394158495754254,0.09226059041254579,3872.3924830036485,C1,NA,NA
0.7377993605312073,0.09120284317106465,3873.9533361262497,C1,NA,NA
0.7424141378725221,0.09195757383711348,3871.1995744579554,C1,NA,NA
0.7349400748049679,0.09239854484138432,3865.7267059610294,C1,NA,NA
0.738341037522983,0.09115797796104952,3874.335481690781,C1,NA,NA
0.7359451696634787,0.09222447365969555,3871.684289516507,C1,NA,NA
0.7391139762964642,0.09208005350298568,3871.9443191704813,C1,NA,NA
0.7371991220373411,0.09240262796933686,3873.5818223100887,C1,NA,NA
0.7371157516199508,0.09108176703287113,3872.095032045661,C1,NA,NA
0.7393677318314869,0.09182920580615675,3871.437658561628,C1,NA,NA
0.7384309881062013,0.09124196537516924,3871.2784925317433,C1,NA,NA
0.7400053499170276,0.09416300362197512,3871.1309294617286,C1,NA,NA
0.7381743824077982,0.09247638120273452,3874.327576824911,C1,NA,NA
0.7345160570972535,0.09107957844175554,3868.919195137299,C1,NA,NA
0.7368745788178236,0.0911856688710077,3873.736692015138,C1,NA,NA
0.7347477958129558,0.09287812933013287,3871.528351781576,C1,NA,NA
0.7355934846605455,0.09170595566676484,3873.535730123185,C1,NA,NA
0.737999739436755,0.09147089470126839,3872.538060582576,C1,NA,NA
0.7370440309479679,0.09136759712542403,3874.5883888109493,C1,NA,NA
0.7384108750407224,0.0915001500214058,3872.676026703949,C1,NA,NA
0.7370444699842699,0.09118065950277858,3869.9993939198357,C1,NA,NA
0.7421373276878228,0.09354030189991287,3871.6801046995624,C1,NA,NA
0.7396106591933883,0.09267134292541876,3865.1332584428,C1,NA,NA
0.739252723640484,0.09205399318169305,3872.329396289281,C1,NA,NA
0.737246444052499,0.09166844800049381,3872.263277899968,C1,NA,NA
0.7403258933275795,0.09286331320530533,3871.2021761823735,C1,NA,NA
0.7408777669894342,0.09326891563494942,3870.9632740006446,C1,NA,NA
0.7358251909295844,0.09366641375985911,3871.2838078556074,C1,NA,NA
0.734677924853239,0.09196545730082349,3872.779015417408,C1,NA,NA
0.742576293074306,0.09247920963899106,3869.0710955759496,C1,NA,NA
0.7393481589760055,0.09137378224031473,3869.1492415206503,C1,NA,NA
0.7377362503886139,0.09068478197846162,3872.9903002490028,C1,NA,NA
0.7366464812456587,0.09331989539188781,3874.5165986032343,C1,NA,NA
0.7402998725292588,0.09248817964029198,3872.658118051941,C1,NA,NA
0.734770522183645,0.09311362017104899,3872.734447854561,C1,NA,NA
0.7380911855633177,0.09134160388427628,3870.915582425877,C1,NA,NA
0.7371130095349395,0.09207784404417263,3872.722655896839,C1,NA,NA
0.7382243039889177,0.09089093016895909,3873.026899366181,C1,NA,NA
0.7381086004811376,0.09110841065155979,3870.97046723313,C1,NA,NA
0.738163178708105,0.09266695934226056,3874.029130838783,C1,NA,NA
0.7391253231836303,0.09223256429752184,3868.1966767723934,C1,NA,NA
0.7356762504583292,0.09082542079849877,3870.19057943255,C1,NA,NA
0.7394277867857194,0.09035396396068028,3873.8883076764014,C1,NA,NA
0.7367114461275509,0.09329705815604811,3869.378983219701,C1,NA,NA
0.7381298956781276,0.09217030181029331,3871.8382445210455,C1,NA,NA
0.7406568372062681,0.09245623307942727,3872.015148102111,C1,NA,NA
0.736574058515446,0.09217754489460246,3871.2694544649953,C1,NA,NA
0.7398429564254769,0.09420701267263394,3872.454592130955,C1,NA,NA
0.7358589309829319,0.09232710451135659,3869.6019248839734,C1,NA,NA
0.737301745372907,0.0943728851276155,3865.8159977974747,C1,NA,NA
0.7375895455518379,0.09179054975171239,3874.3066144572326,C1,NA,NA
0.7358429705234497,0.09285245392103131,3872.670226620792,C1,NA,NA
0.7370872908146704,0.0914601135718155,3874.943499780738,C1,NA,NA
0.736150507466509,0.09170479088445366,3872.301271889956,C1,NA,NA
0.7378026012965949,0.09258132142903899,3873.437409580683,C1,NA,NA
0.7391682264178334,0.09281294435824533,3875.3136568147997,C1,NA,NA
0.7394318472122465,0.09294458113261683,3871.4836843999888,C1,NA,NA
0.7338938907931943,0.093223471968944,3864.1746020119003,C1,NA,NA
0.7355668637319585,0.09061405041588069,3872.8796444497434,C1,NA,NA
0.7380039840133636,0.09124505652664296,3872.240992848641,C1,NA,NA
0.7406068196507514,0.09268715541901204,3872.8622210291746,C1,NA,NA
0.7421254558878854,0.09089478074019905,3868.3617546925207,C1,NA,NA
0.7387542348857576,0.09223179517362824,3874.5553822545858,C1,NA,NA
0.740260746115506,0.0936508379948818,3873.909297950872,C1,NA,NA
0.7387116796134119,0.0914643989904752,3873.7436690498275,C1,NA,NA
0.7377247450482805,0.09297251689193273,3867.0008589716053,C1,NA,NA
0.7394307205271754,0.0912079957349799,3871.693827742642,C1,NA,NA
0.737142535875976,0.09021799602078238,3868.676607971098,C1,NA,NA
0.738160440209907,0.09131486521832365,3870.481654555061,C1,NA,NA
0.7377166815584751,0.09065911632030021,3872.034606809165,C1,NA,NA
0.7362610522684996,0.09192786331260264,3871.2446504436843,C1,NA,NA
0.7396926666606115,0.09138083796346338,3872.9299622642575,C1,NA,NA
0.7376364619824751,0.09113146780561696,3874.6713184130876,C1,NA,NA
0.7391162799221948,0.09432883578364712,3870.934966317256,C1,NA,NA
0.7387875516205943,0.0903542263682122,3871.108425914377,C1,NA,NA
0.7412087708230478,0.09310027344913331,3867.6321854441526,C1,NA,NA
0.7379990577180745,0.0925910869774506,3873.2178786741088,C1,NA,NA
0.7377362275890355,0.09133536999622616,3872.546609499409,C1,NA,NA
0.7397813549792153,0.09284630749049982,3871.2187247562906,C1,NA,NA
0.7379806629141137,0.09191700215323642,3872.575061814784,C1,NA,NA
0.737275199288826,0.09276496154573996,3874.130309581283,C1,NA,NA
0.7361812213989845,0.09310627321879533,3871.6796940416025,C1,NA,NA
0.7387683203590156,0.09360979377907164,3866.3004164012355,C1,NA,NA
0.7394879336426381,0.09465019749149815,3871.2342822943147,C1,NA,NA
0.7394357551759304,0.09187853633200656,3873.8475340840932,C1,NA,NA
0.7403974115313433,0.09371017381406664,3873.2819128478236,C1,NA,NA
0.7359889245411483,0.09230484545212725,3866.568063964063,C1,NA,NA
0.7385014704891987,0.0914184308033631,3874.304846987108,C1,NA,NA
0.7401502074102748,0.09089808546597192,3871.01907735577,C1,NA,NA
0.738876970243774,0.0917094415868467,3875.0681097033207,C1,NA,NA
0.7360012376091731,0.09403765662571062,3869.0937965053927,C1,NA,NA
0.7414862939745808,0.09119357696576277,3871.4859864943787,C1,NA,NA
0.7377393378711914,0.09011306391539796,3869.1963734976225,C1,NA,NA
0.7400140130578151,0.09033696017733595,3867.25925074593,C1,NA,NA
0.7388737147313974,0.09160358067765521,3867.7982369804613,C1,NA,NA
0.7363244130534955,0.09115959474221691,3870.333875365768,C1,NA,NA
0.7380175602117123,0.09404531788773714,3871.258945266682,C1,NA,NA
0.7397538483112909,0.09311170728661486,3870.968633265658,C1,NA,NA
0.7414112723586305,0.09351206789074162,3868.017089024496,C1,NA,NA
0.7377578304267517,0.09139968087475997,3872.7593151987767,C1,NA,NA
0.7366151199647689,0.09079629229552409,3870.789730492184,C1,NA,NA
0.7367409931896902,0.08994882237818946,3872.0207000148202,C1,NA,NA
0.7386775372586478,0.09243620973879174,3869.598868857605,C1,NA,NA
0.7393606715864618,0.09324492970479129,3873.237305971233,C1,NA,NA
0.7368158787696599,0.09208272112111825,3872.0637983549727,C1,NA,NA
0.7354032058264514,0.09219551218427818,3873.8091238181323,C1,NA,NA
0.7384831478991218,0.09235861110414052,3873.473308306707,C1,NA,NA
0.7406441800420024,0.09273656253079242,3866.714111983632,C1,NA,NA
0.7349247211968964,0.09272192906724341,3872.0733514577882,C1,NA,NA
0.7405699084686064,0.09221198611675953,3871.9449273784057,C1,NA,NA
0.736405523504081,0.09138606413017669,3870.563009559182,C1,NA,NA
0.7372342974096419,0.09337856868057637,3875.0232055207643,C1,NA,NA
0.7387320188235356,0.09084071009892045,3871.872596210998,C1,NA,NA
0.7365045401902588,0.0917356416174158,3871.241244849954,C1,NA,NA
0.7375640710568219,0.09154520860611291,3875.619384502,C1,NA,NA
0.73895034872905,0.0925394186531143,3871.7274057147633,C1,NA,NA
0.7355371615727386,0.09152643516645098,3872.262918644716,C1,NA,NA
0.7406029340514527,0.09264583247226651,3874.668799854717,C1,NA,NA
0.7417141185003182,0.09116402258890749,3871.419568127801,C1,NA,NA
0.7385519617213269,0.09190328061486441,3874.3951018804864,C1,NA,NA
0.7394897730505103,0.09314557709965737,3873.353492709652,C1,NA,NA
0.7390203481398347,0.09076291992825551,3869.760610079314,C1,NA,NA
0.7389262451844181,0.09206757292603321,3873.1546446435123,C1,NA,NA
0.733165600986912,0.093320920741569,3869.999656943016,C1,NA,NA
0.740096398634336,0.0922553929681698,3872.20224392637,C1,NA,NA
0.7364678116026194,0.0924281120459596,3874.663947334916,C1,NA,NA
0.7403103090731813,0.09218454047726879,3872.367024448129,C1,NA,NA
0.7379080007240569,0.09175677879917048,3871.0141346922674,C1,NA,NA
0.7335384758009297,0.0931549455167609,3869.4893725383527,C1,NA,NA
0.738607797186052,0.09181559229913319,3873.112621569564,C1,NA,NA
0.7392854666609525,0.09197625794211395,3873.6948311806777,C1,NA,NA
0.7377375118675225,0.09072199581380079,3872.7927418242884,C1,NA,NA
0.7376363413026066,0.09260155650102672,3873.558799498113,C1,NA,NA
0.7401546599204958,0.09047571487206879,3874.07180530826,C1,NA,NA
0.7346476407037468,0.09278577307153313,3874.2302800466064,C1,NA,NA
0.7387819171971327,0.09300584656736256,3871.3643645063485,C1,NA,NA
0.7412158447288989,0.09213299399337578,3869.4175150528313,C1,NA,NA
0.7353171960761218,0.09155820724096689,3871.288255288189,C1,NA,NA
0.7397036901182251,0.09263441993727953,3872.6349931488344,C1,NA,NA
0.7382856068368647,0.09326171705114066,3869.0509145773817,C1,NA,NA
0.7363456142626407,0.09295699269402266,3864.5416598487045,C1,NA,NA
0.7336880270605975,0.09297250179276417,3871.662466194222,C1,NA,NA
0.7383423983981005,0.0918347340041743,3871.006522816077,C1,NA,NA
0.7365505478414849,0.09063770514006919,3871.0960921413484,C1,NA,NA
0.736496878968161,0.09114440541679042,3872.1706213684133,C1,NA,NA
0.7352511302758463,0.09091757559121541,3870.305969921842,C1,NA,NA
0.7371522911690598,0.0911528582314668,3871.321858993011,C1,NA,NA
0.741418532888124,0.09168509273005575,3872.2383019471176,C1,NA,NA
0.737441476134179,0.09140445251970175,3873.753904274874,C1,NA,NA
0.7356987779524511,0.09256949861659292,3870.346233142432,C1,NA,NA
0.7377596460485726,0.09270341756295375,3871.2437607513853,C1,NA,NA
0.7362718916059564,0.09192260150544548,3871.3626500298183,C1,NA,NA
0.7372539291455718,0.092465110543554635,3874.357397652449,C1,NA,NA
0.7366643343446534,0.09398205082262882,3871.401041948483,C1,NA,NA
0.7372550976614961,0.09423171163530213,3870.2297375055596,C1,NA,NA
0.740112124242369,0.09393485425619044,3873.1911858556455,C1,NA,NA
0.736525104546462,0.09134384047962821,3871.3428220318015,C1,NA,NA
0.7427851627948929,0.09239292107786062,3871.390502496236,C1,NA,NA
0.7382281987998747,0.09214497991932165,3874.859235834404,C1,NA,NA
0.7411194161786799,0.09235028856895512,3871.9730034847967,C1,NA,NA
0.7366162052125044,0.09203495865230858,3871.625343532093,C1,NA,NA
0.7378568738201402,0.09196379556796055,3872.5835307099355,C1,NA,NA
0.739391047210722,0.09112089698874498,3870.5161359662966,C1,NA,NA
0.7380969505178288,0.09156968785518643,3874.6521161175788,C1,NA,NA
0.7344724223185589,0.09331002466721774,3872.2467219775504,C1,NA,NA
0.7398140194842906,0.09218619522867373,3871.741613527324,C1,NA,NA
0.7378368259864897,0.09188770291903312,3872.250883267245,C1,NA,NA
0.7400804182685385,0.09228297319268941,3872.4972674244905,C1,NA,NA
0.7396287248803027,0.09183753778368667,3871.8624972273874,C1,NA,NA
0.7371258657993743,0.09189346046578285,3872.0193756247486,C1,NA,NA
0.7382321489439589,0.09207429629503273,3873.5309346035206,C1,NA,NA
0.7366526953019843,0.09260299155301543,3866.615706007985,C1,NA,NA
0.7381307730696114,0.09120609442312798,3871.646797102882,C1,NA,NA
0.7381326931162207,0.09318194568291312,3873.5578926090575,C1,NA,NA
0.7415445834437666,0.09259588793696476,3871.912221856861,C1,NA,NA
0.7407549005483712,0.09459678226406164,3863.070838876475,C1,NA,NA
0.7391194284142382,0.0929751312810005,3871.9989821898585,C1,NA,NA
0.7376519348581525,0.09222698646137088,3869.837518045062,C1,NA,NA
0.7361170535024495,0.09270341354291556,3870.0271805865386,C1,NA,NA
0.736510184707864,0.09244665580887698,3868.8849264565565,C1,NA,NA
0.7355788393006351,0.09166040635125201,3867.959821456907,C1,NA,NA
0.7394731438627186,0.09195768042284122,3875.2879785666023,C1,NA,NA
0.7399304296178901,0.0904980221271578,3870.33905562891,C1,NA,NA
0.7391887852712017,0.09233002193344048,3872.030266446674,C1,NA,NA
0.7384335107091498,0.0917716812293986,3874.9579575662256,C1,NA,NA
0.734242020474348,0.09172446643601477,3867.498955808283,C1,NA,NA
0.7379509684575831,0.09324770155173932,3870.5567199697784,C1,NA,NA
0.7389345000775344,0.09146630779872775,3869.6746329207986,C1,NA,NA
0.7376969313059673,0.09336193287999048,3872.4657722078423,C1,NA,NA
0.7425346350795013,0.09218838426343201,3867.7174773356646,C1,NA,NA
0.738161892281823,0.0915833660854832,3874.239113269467,C1,NA,NA
0.7345599603281362,0.09286302207567619,3872.944312667486,C1,NA,NA
0.7412914829875729,0.09156311446215284,3871.399557332615,C1,NA,NA
0.7391019938220657,0.09385174777207969,3867.48579672665,C1,NA,NA
0.7388495756169494,0.09141837566348965,3873.6658699876753,C1,NA,NA
0.7407137119882901,0.09012695744096778,3868.666348315953,C1,NA,NA
0.7404539421176703,0.09280011529809681,3871.55536955273,C1,NA,NA
0.73723089845478,0.09095468362039963,3870.173090710008,C1,NA,NA
0.7373900064830067,0.09153335099977787,3874.1957174245995,C1,NA,NA
0.7352396408080965,0.09299921254441404,3872.1092349903515,C1,NA,NA
0.7406578081116754,0.09270177959137772,3871.464512242588,C1,NA,NA
0.7416336531856853,0.09120622044944361,3870.60842959859,C1,NA,NA
0.7380375868451993,0.09179331715331215,3872.418250305398,C1,NA,NA
0.7390024600088947,0.09184845540205407,3869.5113335928895,C1,NA,NA
0.7411842495295826,0.09111482394785951,3872.1540846006537,C1,NA,NA
0.7370197196515572,0.09342722166830451,3870.3491022825187,C1,NA,NA
0.7408076131865429,0.09359658927776814,3870.8911744300744,C1,NA,NA
0.7405926537261075,0.09302413915287222,3865.7945798991245,C1,NA,NA
0.7380540875523668,0.09299780397872914,3875.3142795990607,C1,NA,NA
0.7374229528108475,0.0918596408057065,3873.3550794877374,C1,NA,NA
0.740915247356498,0.09272643065132624,3872.032448172428,C1,NA,NA
0.7365054553184688,0.09270175064015049,3868.4494229967236,C1,NA,NA
0.7404723587358087,0.09182038876875921,3872.05602178586,C1,NA,NA
0.7344606240878755,0.09357317224250884,3870.454538002081,C1,NA,NA
0.7361260333275624,0.09201786045935974,3872.961652294526,C1,NA,NA
0.7387478764411096,0.0927460329055922,3872.655709192704,C1,NA,NA
0.7416540568559633,0.09346185283361158,3866.7391128263093,C1,NA,NA
0.7393538336070056,0.09216275379378151,3870.565340937018,C1,NA,NA
0.7364051419780966,0.0928463805794117,3870.3999331338637,C1,NA,NA
0.7422119675720177,0.09307935921642668,3869.1717375112985,C1,NA,NA
0.7362625619779452,0.09175797122313709,3875.598905416248,C1,NA,NA
0.7390992773766397,0.09413304580994314,3869.949680019849,C1,NA,NA
0.7370496375206632,0.09275249069820082,3871.6340427874643,C1,NA,NA
0.7367539298399738,0.09251096854095946,3872.7404921829852,C1,NA,NA
0.7381140449197106,0.09173919548541434,3872.0311350728825,C1,NA,NA
0.7391111409431045,0.0913010129049291,3873.4205250487,C1,NA,NA
0.7420470664320947,0.09326286403366635,3869.2806207355243,C1,NA,NA
0.7368061388814574,0.09252788517194652,3872.6297828831657,C1,NA,NA
0.7349019624293484,0.09143727181699604,3868.772711057226,C1,NA,NA
0.737102273545837,0.09029154039349466,3871.1856198016976,C1,NA,NA
0.7370299902988511,0.09067465204110976,3873.1218910001903,C1,NA,NA
0.7407892649990296,0.09026034943141165,3869.867517427599,C1,NA,NA
0.7389044479151399,0.09427378473954046,3869.6939815079304,C1,NA,NA
0.7380959279976447,0.08980263230385854,3869.8139346597886,C1,NA,NA
0.7402225617375345,0.09174518200236073,3870.427327055558,C1,NA,NA
0.737878284716654,0.09144436716823294,3873.313515318651,C1,NA,NA
0.7405900608792062,0.09132000109960679,3874.4200301192436,C1,NA,NA
0.7395402348524082,0.09238752365453132,3873.6056304033696,C1,NA,NA
0.7401973007878082,0.09451690993149364,3870.292266343608,C1,NA,NA
0.7384682017579721,0.0933769208349162,3872.6881904854426,C1,NA,NA
0.7364000181809562,0.09223696455595332,3874.4272535228874,C1,NA,NA
0.7387373680128193,0.09066302189834842,3872.7831183777107,C1,NA,NA
0.7383481516133248,0.09186978276761026,3872.153364541113,C1,NA,NA
0.7376471843164156,0.0918134505319168,3871.8162214905824,C1,NA,NA
0.7408087395783876,0.09209926247798678,3870.4294761125693,C1,NA,NA
0.7344764704809734,0.09249035815753709,3868.670890738127,C1,NA,NA
0.7389902216473381,0.09356921342138648,3872.453903783467,C1,NA,NA
0.7380697463208256,0.09314977897429112,3870.4050869268035,C1,NA,NA
0.7373153578115035,0.09155413245490221,3875.5309189922114,C1,NA,NA
0.7365270399166454,0.09386200313218068,3872.602533425319,C1,NA,NA
0.7387327744502196,0.09102578712421101,3874.4886095909897,C1,NA,NA
0.7360463889100615,0.0915907946363685,3867.7112115253713,C1,NA,NA
0.7368777972330218,0.09102799877237498,3872.3158825672363,C1,NA,NA
0.7362919778072209,0.09176700460000646,3870.4373073251245,C1,NA,NA
0.7377979821724238,0.09225320604177593,3870.877819565048,C1,NA,NA
0.7387814190186393,0.09088346781749057,3874.1291784958294,C1,NA,NA
0.7375942205816551,0.09287534293846494,3870.4530514076246,C1,NA,NA
0.7341335172429557,0.09120512089640577,3867.362595106679,C1,NA,NA
0.7353740593600927,0.09124035929562625,3872.081071436611,C1,NA,NA
0.7371204764304315,0.09219404882546398,3872.3489194820268,C1,NA,NA
0.738805266514788,0.09368872817953436,3874.218208024074,C1,NA,NA
0.7396087524590899,0.09307802882983558,3869.2513574523155,C1,NA,NA
0.7376272785060706,0.09314394553412225,3870.3784519380183,C1,NA,NA
0.7383113496267657,0.09274816618807763,3872.1786339003165,C1,NA,NA
0.7380744289943978,0.0921627345928172,3870.4553738669365,C1,NA,NA
0.7369306761084066,0.09067664197139616,3872.4304122967974,C1,NA,NA
0.7391155364234441,0.09099957054435893,3871.1077742908637,C1,NA,NA
0.7389938739129376,0.09126851787492161,3874.415910462527,C1,NA,NA
0.7383040595208837,0.09395071286477784,3870.7345690374473,C1,NA,NA
0.7391167331649945,0.09278460127589248,3871.108993255541,C1,NA,NA
0.73947553785164,0.09183959492451314,3868.419880299352,C1,NA,NA
0.7344557758794364,0.09321036487399498,3870.9027770933103,C1,NA,NA
0.737379250565449,0.0927505477944284,3870.773183290161,C1,NA,NA
0.7379052439535041,0.09141609813288207,3870.3722153746357,C1,NA,NA
0.739055317078531,0.0933095896643285,3872.337834402558,C1,NA,NA
0.7401015780448871,0.09331106849698023,3871.0279435333387,C1,NA,NA
0.738847408334638,0.09177022171870544,3872.518627559075,C1,NA,NA
0.7366305746147512,0.09185479668969201,3872.573122788178,C1,NA,NA
0.739563038508943,0.09268220974190484,3867.7544165680356,C1,NA,NA
0.7375569284014262,0.09168917065136323,3871.2098988449147,C1,NA,NA
0.7398016334743918,0.09157648581874855,3872.7329792639543,C1,NA,NA
0.7366858490778161,0.09417140797811366,3872.2000416950814,C1,NA,NA
0.7378505685390238,0.09285461109115692,3874.678818075654,C1,NA,NA
0.7386437021090401,0.09172953422155557,3875.8795815960157,C1,NA,NA
0.7382334617255968,0.09188620780202372,3867.5777655931083,C1,NA,NA
0.738356871860001,0.09131986678978607,3870.8035777841906,C1,NA,NA
0.7391596642154814,0.09157676854223902,3874.073896774574,C1,NA,NA
0.7404996286036807,0.09217079462928826,3870.9297335639067,C1,NA,NA
0.7348325826210529,0.09269754266062324,3869.3417996360085,C1,NA,NA
0.7387759506206848,0.09171263412739988,3869.9778187789398,C1,NA,NA
0.7416830875147091,0.09256761526424712,3871.9849765275044,C1,NA,NA
0.7406320467033017,0.09213092935236686,3870.6461148659814,C1,NA,NA
0.7408434725484071,0.09255502145612587,3869.770509676937,C1,NA,NA
0.7405359314298045,0.09361493556359451,3872.452961659951,C1,NA,NA
0.7409447296314137,0.09139967178755025,3874.5844967923836,C1,NA,NA
0.7368955332520074,0.093073907581836507,3871.3702188087705,C1,NA,NA
0.7389739619868262,0.08988265388398597,3871.939211036609,C1,NA,NA
0.7382408373635024,0.09138562502471234,3873.472534379105,C1,NA,NA
0.7382895157092098,0.09323156093689802,3869.126118842188,C1,NA,NA
0.738647135680867,0.09206870294740944,3872.7134435108505,C1,NA,NA
0.7357528317208457,0.09219033081490335,3869.5102388392665,C1,NA,NA
0.7359941148252436,0.09248153187100341,3873.588679118678,C1,NA,NA
0.7382094227462347,0.09092085516969355,3874.56129740704,C1,NA,NA
0.7380812235838123,0.09151864162796246,3873.0618963886523,C1,NA,NA
0.7389766363120798,0.09175373946031412,3872.757434736712,C1,NA,NA
0.7359101700485056,0.09243161784612887,3874.097446930159,C1,NA,NA
0.7397843407054885,0.09126384271492657,3874.0112771892973,C1,NA,NA
0.7362038651570278,0.09312504720803666,3867.7730434048235,C1,NA,NA
0.7355764983564741,0.0902786243845071,3870.932522348537,C1,NA,NA
0.7379712195908765,0.09231805080447573,3871.029902496045,C1,NA,NA
0.7408022640127223,0.09104958152679599,3869.947132451625,C1,NA,NA
0.738067050870659,0.09086512428056685,3874.692379924962,C1,NA,NA
0.736452092344317,0.09177599644324783,3874.6518993485975,C1,NA,NA
0.7387987225145811,0.09339169952899895,3867.73028319943,C1,NA,NA
0.7403626322984935,0.09081973414375526,3873.258346518726,C1,NA,NA
0.7366843281903597,0.0930997084587237,3872.115384598644,C1,NA,NA
0.7383546607476092,0.09300574469315802,3875.6040656298637,C1,NA,NA
0.738932168862778,0.09088306160498763,3871.43371322346,C1,NA,NA
0.7388352012121939,0.09117989018233691,3873.0156143333916,C1,NA,NA
0.7389558143846631,0.09172879147343335,3873.472678875739,C1,NA,NA
0.7388336168266042,0.09113209749884348,3873.778808835682,C1,NA,NA
0.7377344451175983,0.09094677566934509,3870.2305758717253,C1,NA,NA
0.7368308502640365,0.09186206441904397,3872.3801646995357,C1,NA,NA
0.7389067886982703,0.09092522813546376,3870.704457522788,C1,NA,NA
0.736149110915423,0.09209842570857947,3871.3733197263655,C1,NA,NA
0.7398113055522377,0.09196535846854798,3873.2694913523255,C1,NA,NA
0.7371849689672563,0.09172842933004245,3873.5719773478204,C1,NA,NA
0.7392589914962372,0.09193666329088003,3873.6741995189195,C1,NA,NA
0.7397841710280156,0.09460319759512094,3869.569421498849,C1,NA,NA
0.7398505069996218,0.09160402542323079,3873.2597044861645,C1,NA,NA
0.7403136286675902,0.09263808375627264,3869.9241083544653,C1,NA,NA
0.7393525229013073,0.09140064407108822,3873.2234114931766,C1,NA,NA
0.7391163396229226,0.09257848412044359,3871.4980633339733,C1,NA,NA
0.7418801575920537,0.09216872864176966,3871.77827959597,C1,NA,NA
0.7417846880934283,0.09297679952808943,3871.703859850009,C1,NA,NA
0.7366157874071321,0.09310947418621339,3870.363583220008,C1,NA,NA
0.7403109436511623,0.0936825756743765,3871.951284457146,C1,NA,NA
0.7387488611670553,0.09180840379022681,3872.1693976508486,C1,NA,NA
0.7365522672053347,0.09220250488536438,3872.708516661702,C1,NA,NA
0.7339022797904244,0.09206265773710622,3869.277336685186,C1,NA,NA
0.7412047078222116,0.09279049018140925,3868.4579514623942,C1,NA,NA
0.7391817802403767,0.092762039324831555,3870.0773583204427,C1,NA,NA
0.737773737017826,0.0911651955871485,3873.4645741395743,C1,NA,NA
0.7382642366762007,0.09131332848445423,3873.2507203981004,C1,NA,NA
0.736717664823016,0.09184000909213497,3874.631894779112,C1,NA,NA
0.737441007527796,0.09232141926161773,3872.534647611649,C1,NA,NA
0.7389511614200882,0.09247309800657731,3871.968833757195,C1,NA,NA
0.7400850548669169,0.08999836736051844,3870.917925698111,C1,NA,NA
0.7394825998014005,0.09171255771168256,3871.3666419433907,C1,NA,NA
0.7344926604141605,0.09470435800508192,3870.2199541616114,C1,NA,NA
0.742186200347223,0.09171595387734126,3871.778246527728,C1,NA,NA
0.7379855110343142,0.09206243051066251,3872.6319541285816,C1,NA,NA
0.7383568476445644,0.0921222597112485,3873.088474409417,C1,NA,NA
0.7389260038401346,0.09347458579293776,3872.5095755187144,C1,NA,NA
0.7375550000667354,0.09119060934311571,3868.3585530063083,C1,NA,NA
0.7378213153369427,0.09401209764160462,3870.5935666906444,C1,NA,NA
0.7369297641406436,0.09245461725420687,3872.281227547508,C1,NA,NA
0.7385506021134406,0.09185465024720396,3868.408228735245,C1,NA,NA
0.7390310978967851,0.09231190383892647,3873.4648338684888,C1,NA,NA
0.7386473364821248,0.091612615354344007,3875.071316968567,C1,NA,NA
0.7381811732911797,0.09192820390046792,3875.644385405399,C1,NA,NA
0.7381700583616374,0.09212042398435918,3872.7680917471025,C1,NA,NA
0.7346534303406878,0.09203890627328863,3869.5696958418453,C1,NA,NA
0.7363282461314937,0.09279603803133385,3874.9620557177313,C1,NA,NA
0.7422221630046482,0.0934870369031045,3868.9149720164464,C1,NA,NA
0.7413737612707153,0.09372848655361973,3869.306421428035,C1,NA,NA
0.739529657707298,0.09106125709044596,3869.040432087484,C1,NA,NA
0.7382956235866571,0.09168949881383233,3874.4336178452522,C1,NA,NA
0.736660655647359,0.09344449292617008,3871.0424093456368,C1,NA,NA
0.7351403359163802,0.09277546590401792,3872.269147571247,C1,NA,NA
0.7389947471279608,0.09180915497447945,3872.9724241409745,C1,NA,NA
0.7451650229394627,0.09164591449278976,3861.8058174999774,C1,NA,NA
0.739425385755106,0.0906993372899359,3871.9207801550538,C1,NA,NA
0.7383709818222842,0.09259408567992553,3872.5631157035773,C1,NA,NA
0.7417070894358737,0.09395059263260094,3866.805332566794,C1,NA,NA
0.7391688717626766,0.09226244693428698,3874.0254047400185,C1,NA,NA
0.7395023648057459,0.09298008429440217,3874.6573226444234,C1,NA,NA
0.7384246416468095,0.09113856310373386,3873.8304689767165,C1,NA,NA
0.7406841488703035,0.09219560706779899,3871.732275912018,C1,NA,NA
0.7424684860893145,0.09177596922086889,3867.8397858335147,C1,NA,NA
0.7410365203253603,0.09186878433133412,3872.3043475949166,C1,NA,NA
0.7376002131591171,0.09113259238923394,3874.345231920944,C1,NA,NA
0.7411341438347462,0.09239146478459451,3873.0741416850337,C1,NA,NA
0.7352570344558277,0.09087213550752155,3872.218615767376,C1,NA,NA
0.7361623271669726,0.09095204331799553,3874.180470706956,C1,NA,NA
0.7381767103144284,0.09305254507522337,3868.5209390352907,C1,NA,NA
0.7375614686730732,0.09328048030492754,3871.6835845518563,C1,NA,NA
0.7382644303849405,0.09173748295400078,3872.0675615830396,C1,NA,NA
0.7399786504412855,0.09163879595770337,3872.3197918222054,C1,NA,NA
0.7354505030542609,0.09296166028425279,3869.232706994776,C1,NA,NA
0.73896629490371,0.09253784046560688,3874.094234792577,C1,NA,NA
0.7407764904753557,0.09211436469428214,3868.4690203324953,C1,NA,NA
0.7376025782397608,0.09251693121983519,3875.456455557909,C1,NA,NA
0.7417541316954065,0.09274216110030703,3873.0387128948632,C1,NA,NA
0.7364058585948007,0.09268581890965677,3874.0912117338426,C1,NA,NA
0.7352306879752636,0.09171254174855913,3867.7398567945334,C1,NA,NA
0.7377388618461196,0.09197959511606324,3875.415928519144,C1,NA,NA
0.7400455440845436,0.09283801617040818,3871.7476405717975,C1,NA,NA
0.7358172870774243,0.09065165172140759,3869.7104224373074,C1,NA,NA
0.7413165491543312,0.09368394298728683,3864.276038355765,C1,NA,NA
0.7386009212540645,0.09256937289068111,3874.920734300668,C1,NA,NA
0.7411018119130915,0.09295784795935082,3873.414413021798,C1,NA,NA
0.7388187589308335,0.09508094306634872,3865.6008513831325,C1,NA,NA
0.7379445317983413,0.09253068948817858,3874.907532778332,C1,NA,NA
0.7375842540262352,0.09237544656836727,3871.0993511232127,C1,NA,NA
0.7381711718039237,0.09199334232783435,3866.1041873593176,C1,NA,NA
0.7397857454475509,0.08982730781965804,3871.3167143797373,C1,NA,NA
0.7375863194644617,0.09061381136133081,3870.035841467924,C1,NA,NA
0.7403307881495365,0.09250722937416639,3870.25116139899,C1,NA,NA
0.7405047942353615,0.0929602719709717,3873.3845982949024,C1,NA,NA
0.7401816061378333,0.09201561686232121,3873.1095361700586,C1,NA,NA
0.7378411100159598,0.0916362161911756,3871.729057652876,C1,NA,NA
0.7371885268211082,0.09032900235874268,3873.5492981206503,C1,NA,NA
0.7368375092736706,0.0926335847987918,3873.7673560572243,C1,NA,NA
0.7388546187474863,0.09294701346404323,3873.1365515095063,C1,NA,NA
0.7352245381559821,0.08988830271548473,3871.649005065488,C1,NA,NA
0.736723973851438,0.09286471011202486,3872.6619791052167,C1,NA,NA
0.7386285183885452,0.09250423509073173,3870.7600311403435,C1,NA,NA
0.7404900628302151,0.09439865214036192,3871.378541656548,C1,NA,NA
0.739205084876054,0.09231141813664011,3871.675945049301,C1,NA,NA
0.7361377849338075,0.09177081861732356,3873.8923212797476,C1,NA,NA
0.7387041386633924,0.09179124433189484,3872.354473244036,C1,NA,NA
0.7374390281409244,0.09027719885610448,3871.745582582735,C1,NA,NA
0.734235862551802,0.09076664946454502,3870.2343119341613,C1,NA,NA
0.7415149095555374,0.09280366091588335,3872.183303616144,C1,NA,NA
0.7391217235363392,0.0915197630444447,3871.06371711082,C1,NA,NA
0.7352415758212967,0.0923051011718904,3872.3079298040466,C1,NA,NA
0.7386611971364534,0.09181424250461144,3873.278076807155,C1,NA,NA
0.7409207786592504,0.09250067463303895,3873.1957167131372,C1,NA,NA
0.7371087706233731,0.09240576274919965,3871.525076565348,C1,NA,NA
0.7366925534740504,0.09176642273853557,3869.074351800546,C1,NA,NA
0.7364761142238742,0.09139657354557601,3870.4931458624637,C1,NA,NA
0.739340825576977,0.09184724764464566,3872.5470418607856,C1,NA,NA
0.7430506567783782,0.09213521436199876,3865.6467614480916,C1,NA,NA
0.7390632511482316,0.09044657986436802,3869.81180137504,C1,NA,NA
0.736761633985175,0.09374311613723821,3873.130240642587,C1,NA,NA
0.7369083606809135,0.09201127040350973,3870.5289097687373,C1,NA,NA
0.7370878587873275,0.09199586482091374,3873.384246988182,C1,NA,NA
0.7414560884632525,0.09182389669746585,3870.075060846084,C1,NA,NA
0.7394221366114634,0.09167725046072708,3871.2637114247545,C1,NA,NA
0.7358704019128214,0.09205315509411244,3873.503200770536,C1,NA,NA
0.7371491933242927,0.09263045116396383,3874.6396829788882,C1,NA,NA
0.7364301738996918,0.09262349213701196,3865.1365024630495,C1,NA,NA
0.7343984111480938,0.09281811156351015,3870.4582254346683,C1,NA,NA
0.7378190906811064,0.09166819618115557,3871.300369753371,C1,NA,NA
0.7387343942516211,0.09114435027186232,3871.0500180064582,C1,NA,NA
0.7375595512025056,0.09300829070724902,3873.0775391419274,C1,NA,NA
0.7373832593444255,0.09428425446583392,3869.894312489495,C1,NA,NA
0.7353416025120036,0.09288162186575444,3873.5408155961472,C1,NA,NA
0.7363009376263184,0.0933612381069124,3872.951136466231,C1,NA,NA
0.7411236266464224,0.09239090719851514,3870.180527056288,C1,NA,NA
0.7398794361878702,0.09209212580707228,3868.3302373059437,C1,NA,NA
0.7394888310695507,0.09298675505365118,3872.1132047113238,C1,NA,NA
0.7365928916729964,0.09111190871962815,3867.7807328724057,C1,NA,NA
0.7363554002722953,0.09263684874413959,3871.547908135086,C1,NA,NA
0.7379036593227173,0.09126794116363914,3871.666807312437,C1,NA,NA
0.7372977221078582,0.09246687919835934,3870.6445132130816,C1,NA,NA
0.7418336812957713,0.09236155818612103,3868.0132767832024,C1,NA,NA
0.7425306842312844,0.091735310441594,3870.4319791269354,C1,NA,NA
0.7366369132588554,0.0919231925922333,3872.1418150341938,C1,NA,NA
0.7362044686208419,0.09184925920457315,3875.170963227127,C1,NA,NA
0.7393384640756929,0.09062865811110074,3872.583436350256,C1,NA,NA
0.738135657291974,0.09326360926126837,3868.849595465312,C1,NA,NA
0.73671233317671,0.09285739931925516,3870.5419815174123,C1,NA,NA
0.7393974553801846,0.09222570416548359,3873.246380556225,C1,NA,NA
0.7423240125048957,0.09237947484895677,3868.448277975106,C1,NA,NA
0.7369807253251334,0.09240210858886738,3871.702371515828,C1,NA,NA
0.7370495614860347,0.09354266470834942,3871.1408188653454,C1,NA,NA
0.7423882823899752,0.09207339085510455,3870.346586913188,C1,NA,NA
0.7379341386165311,0.09255785274526528,3871.5072431786734,C1,NA,NA
0.740095590835416,0.0918559523631691,3873.3460749100177,C1,NA,NA
0.7376640292620497,0.09147070005770862,3875.116044052065,C1,NA,NA
0.7341774893126003,0.09250728734450467,3871.6813264078733,C1,NA,NA
0.7396510927265424,0.0928456248848791,3869.513491290513,C1,NA,NA
0.7379613990702143,0.09371354728503935,3871.0084531823195,C1,NA,NA
0.7349403064434978,0.091171149918911,3872.1510651843078,C1,NA,NA
0.7390084177191951,0.09344999300772129,3872.9897453817402,C1,NA,NA
0.7367272669479478,0.09431797435333851,3872.330535766701,C1,NA,NA
0.740983536230129,0.09179812341659375,3870.1273758008174,C1,NA,NA
0.739149497221356,0.09167727232714962,3875.249051878972,C1,NA,NA
0.7375529626332107,0.0921261398580038,3873.8422999592317,C1,NA,NA
0.7427387937626316,0.09187873640729394,3868.0003949929915,C1,NA,NA
0.7407319284094382,0.09238830596825154,3869.4412279688577,C1,NA,NA
0.7401711879742846,0.09353453242515526,3864.87364438879,C1,NA,NA
0.7383795335836502,0.09212463103975033,3874.826209541622,C1,NA,NA
0.7372888361042373,0.09101194986094255,3873.112819132277,C1,NA,NA
0.7365631065118915,0.09225868910619112,3873.5740522127016,C1,NA,NA
0.7378071149234945,0.09139923808358347,3873.3301094588637,C1,NA,NA
0.7374771121066636,0.09153080252248251,3874.5533340212637,C1,NA,NA
0.7357876732928544,0.09156475010439741,3869.273528199985,C1,NA,NA
0.7346136195117988,0.09314495100695089,3872.2069322480056,C1,NA,NA
0.739466146820299,0.09226885412133219,3873.8526895134473,C1,NA,NA
0.7377220584272484,0.09148875108879789,3872.595086404535,C1,NA,NA
0.7353113309162382,0.09245342456762,3871.011711579484,C1,NA,NA
0.7379900925233206,0.0898760706112542,3874.372031318305,C1,NA,NA
0.73788101982116,0.09303197026454456,3873.3899118530053,C1,NA,NA
0.7419030830059158,0.09273568483649369,3867.3298920142406,C1,NA,NA
0.7344767389754375,0.09210651587086252,3871.404481013898,C1,NA,NA
0.7355767649026476,0.09126787928467084,3873.3245904077257,C1,NA,NA
0.7403860124695396,0.09266221397155983,3870.502054177904,C1,NA,NA
0.7379472803114561,0.09203278378921119,3875.682704831694,C1,NA,NA
0.7394189115230996,0.09335433101736379,3871.133143495772,C1,NA,NA
0.737604884783834,0.08992374471657472,3871.6146952159947,C1,NA,NA
0.7360064313063547,0.0922625947888215,3870.3255402491827,C1,NA,NA
0.7367922411438576,0.09144043786884741,3870.447596949208,C1,NA,NA
0.7382211546609412,0.09108217056081583,3873.0624626335184,C1,NA,NA
0.7391723174732413,0.09144488773888715,3871.1014320462286,C1,NA,NA
0.7374575718523039,0.09179982202460696,3872.7825536326545,C1,NA,NA
0.7386808248572899,0.0930073237162998,3872.6130869849258,C1,NA,NA
0.7391043235009502,0.09283690873886412,3874.2959022487266,C1,NA,NA
0.7343384790338747,0.09238914350027655,3870.169913217877,C1,NA,NA
0.7382240106803019,0.0928318147120799,3871.814811686794,C1,NA,NA
0.7396461930238131,0.09208978864680555,3873.558714737974,C1,NA,NA
0.7397053795786268,0.0933280568064311,3870.1530575073484,C1,NA,NA
0.7357037228639808,0.0910712057415762,3873.3242068615255,C1,NA,NA
0.7394043916561028,0.09174027735408112,3873.41913285416,C1,NA,NA
0.73753194797018,0.09207060228068581,3874.7099830575567,C1,NA,NA
0.7378574527624928,0.09097718540350976,3874.4396500396433,C1,NA,NA
0.7401073543358362,0.09160402631052474,3871.187880810856,C1,NA,NA
0.7364000180140685,0.09252550917473817,3872.485378202377,C1,NA,NA
0.7378689519004366,0.0919479055277223,3874.0894646720994,C1,NA,NA
0.7357898089019945,0.09087133055139918,3871.74504471386,C1,NA,NA
0.7397318963522161,0.09129216074878287,3869.6688379668544,C1,NA,NA
0.7359644933789109,0.09142037751653086,3871.435365028434,C1,NA,NA
0.7373497705409003,0.09312379889961472,3872.196239044589,C1,NA,NA
0.7396911245727769,0.09136535450976355,3870.38363668706,C1,NA,NA
0.7365970374151334,0.09226341448376477,3873.307368178344,C1,NA,NA
0.7392985147380284,0.09162024446431138,3870.7806278034705,C1,NA,NA
0.7389212340689933,0.09156846943658933,3867.268231170625,C1,NA,NA
0.7379636923862591,0.09183802191759684,3872.7868772251622,C1,NA,NA
0.736307940888565,0.09250899698634954,3867.5932863349813,C1,NA,NA
0.7384135845238184,0.09130414486402486,3869.8093553176864,C1,NA,NA
0.7396975093105743,0.09301741917576371,3868.351465407626,C1,NA,NA
0.7410526158618161,0.09226285738136475,3871.4287129668437,C1,NA,NA
0.7389786141629605,0.09408057879521411,3870.9442133245066,C1,NA,NA
0.7373155624793779,0.09213758160838623,3868.9589441423223,C1,NA,NA
0.7407025099143587,0.09339337994581302,3869.601532543037,C1,NA,NA
0.7352391274303567,0.09289587802763177,3872.768751128146,C1,NA,NA
0.7404718610232666,0.0925476466182101,3868.816216173709,C1,NA,NA
0.7383951437055006,0.09243421424565841,3873.8702954556175,C1,NA,NA
0.7376919646957113,0.09303722676964357,3867.0179279537733,C1,NA,NA
0.7396461736461928,0.09180646916357421,3871.107559655629,C1,NA,NA
0.7351876750529092,0.0925170165681319,3868.8219078469106,C1,NA,NA
0.7386591273761615,0.0907874894956946,3873.255178937124,C1,NA,NA
0.7384007954680112,0.09164876687208744,3875.7580414289832,C1,NA,NA
0.7387515989013205,0.09122282300854052,3871.2673450738234,C1,NA,NA
0.7378022287726983,0.09217347804183976,3869.331048147492,C1,NA,NA
0.7396021555613427,0.09330371230774605,3868.7156617817986,C1,NA,NA
0.7382703816860664,0.09307691603743595,3866.777543675773,C1,NA,NA
0.7369579770295505,0.09289864101852607,3873.437788873593,C1,NA,NA
0.7367822324848571,0.09191339188837025,3870.950478745925,C1,NA,NA
0.7371402991747364,0.09091075350458475,3873.0912910431257,C1,NA,NA
0.7392828801018626,0.09363681000949792,3873.5219167365017,C1,NA,NA
0.7390984745261955,0.09176221419887806,3873.2013684479552,C1,NA,NA
0.7391263673365562,0.09479140399772762,3870.441670631606,C1,NA,NA
0.7385737174338205,0.09192760321370856,3872.8177519079272,C1,NA,NA
0.7370080972508033,0.09321708984501893,3865.208416156704,C1,NA,NA
0.7386829363839318,0.09301363000378715,3874.2031619854256,C1,NA,NA
0.7397237041532043,0.09189959661061847,3872.6829488673925,C1,NA,NA
0.7382982769947243,0.09172770792952192,3873.17160380644,C1,NA,NA
0.7375478302733356,0.09077990323425773,3872.6337786965923,C1,NA,NA
0.7357963625007818,0.09215311009786926,3873.2954433002833,C1,NA,NA
0.73811416505687,0.09018173264915341,3873.1086729657613,C1,NA,NA
0.7362640464130701,0.09169855263108703,3870.4484646807637,C1,NA,NA
0.7366340490108031,0.09159579944577666,3872.401239755151,C1,NA,NA
0.7358420965547916,0.09192049320240886,3873.1577485149714,C1,NA,NA
0.7389780089777145,0.08969181424041377,3869.5226392177324,C1,NA,NA
0.7392826864239108,0.092535978661094,3869.9220918946803,C1,NA,NA
0.7374296306336764,0.0903671671754639,3872.9387621217916,C1,NA,NA
0.739300146352666,0.09161732255638556,3874.087063922278,C1,NA,NA
0.7359336276705223,0.09119715245945784,3871.2590549860174,C1,NA,NA
0.7383478042674635,0.09118369040545478,3871.4290097403787,C1,NA,NA
0.7407690622757518,0.09450078392685467,3864.709971664342,C1,NA,NA
0.740079568209689,0.09351544427569537,3871.722438113101,C1,NA,NA
0.7389673407782338,0.0917539963814579,3873.3781747708663,C1,NA,NA
0.7381658224683731,0.09125356035839527,3875.19204347178,C1,NA,NA
0.7392273969250359,0.09169068178382164,3874.546328865506,C1,NA,NA
0.7392986941139204,0.09179494359666175,3875.918626244053,C1,NA,NA
0.7404648732551313,0.09150145975775925,3870.2773362906487,C1,NA,NA
0.7372394334336292,0.0934669312829538,3870.2774731255977,C1,NA,NA
0.73762201349846,0.09294740402669127,3874.0650346036914,C1,NA,NA
0.7364023166342556,0.09287264330242447,3874.043633754421,C1,NA,NA
0.7427963859417812,0.09226269283755748,3869.0280081575074,C1,NA,NA
0.7385478708591647,0.09182169538192898,3872.578139217956,C1,NA,NA
0.741012965565349,0.09303906586170828,3871.198111839938,C1,NA,NA
0.7370374304171999,0.09188796517934382,3873.502030061946,C1,NA,NA
0.7377362331108914,0.0922518780805805,3870.224610335893,C1,NA,NA
0.7403517885046583,0.09165993875654034,3875.0057465555324,C1,NA,NA
0.7404044145393555,0.08991960851143702,3869.8386739914513,C1,NA,NA
0.7401379312114098,0.09162382251641846,3872.566402636691,C1,NA,NA
0.7397007238782274,0.09325169735332409,3871.032189384366,C1,NA,NA
0.7396166333720439,0.09328987780479622,3872.0767752546353,C1,NA,NA
0.7359298710967537,0.0923430695432548,3870.4314261162785,C1,NA,NA
0.7379664593637029,0.0921390726388095,3872.0560924810575,C1,NA,NA
0.7396354242180757,0.0923922559205832,3873.476248434955,C1,NA,NA
0.7375669799979401,0.09171893615493061,3870.5572947334217,C1,NA,NA
0.7431503651098132,0.09218510115576826,3867.243146141717,C1,NA,NA
0.7358873385170631,0.09300564232000175,3869.703415456292,C1,NA,NA
0.7392302769455471,0.09217701453194004,3873.007195570764,C1,NA,NA
0.7416945966382857,0.0928668762762471,3868.5787276126725,C1,NA,NA
0.7372367737846683,0.09315655065206627,3868.8087093295017,C1,NA,NA
0.7393680756622043,0.09201180798783447,3870.748640197656,C1,NA,NA
0.7357723636441599,0.09298508785332489,3867.9062959122152,C1,NA,NA
0.7363164561696441,0.09338581731707159,3871.1509290751596,C1,NA,NA
0.7359573347252967,0.09235574571582122,3870.3768794141956,C1,NA,NA
0.7355057058209175,0.09208646814692271,3872.9882756783118,C1,NA,NA
0.7390323723329923,0.09284602576832786,3871.72364556919,C1,NA,NA
0.7390790632110301,0.09140642177293329,3869.653782579949,C1,NA,NA
0.7363876065452193,0.0912398900739324,3872.13444954847,C1,NA,NA
0.7384837288934045,0.09193595442104692,3870.010531737626,C1,NA,NA
0.7373526002196419,0.09343515713618174,3873.652180504105,C1,NA,NA
0.7371135412155546,0.09162270867498437,3875.210528783022,C1,NA,NA
0.7376516139997386,0.09193343641704169,3871.4732910062144,C1,NA,NA
0.7393152378776964,0.09015305030753631,3870.399448495747,C1,NA,NA
0.7371809610942559,0.09173545084411122,3873.2988084826097,C1,NA,NA
0.7381670254608272,0.09094260735600265,3872.428093874531,C1,NA,NA
0.7387651503229193,0.09179639748190858,3873.088168763251,C1,NA,NA
0.7340758049559436,0.0926715036090385,3868.99643931257,C1,NA,NA
0.740487546650815,0.09375091417131824,3869.432286575952,C1,NA,NA
0.7401503709208742,0.09426644194742027,3869.462064214074,C1,NA,NA
0.7362965240363493,0.08955489791063101,3867.9616065883147,C1,NA,NA
0.7358535387962086,0.09113268157991156,3871.798800753697,C1,NA,NA
0.7405993730719522,0.09216227861511431,3871.797963882684,C1,NA,NA
0.7403153275485166,0.08987363413453237,3871.0274494500954,C1,NA,NA
0.7386888645881537,0.09233315603597754,3873.8900996326784,C1,NA,NA
0.7373121053960885,0.09069334779995625,3870.0024278599262,C1,NA,NA
0.7381700111322381,0.0921690250708424,3873.0714163901275,C1,NA,NA
0.741051546830684,0.09089344538333216,3871.873208606513,C1,NA,NA
0.7419109547646109,0.09148715877425932,3869.7819792744217,C1,NA,NA
0.7370742845675412,0.09346595468108743,3872.1113698151216,C1,NA,NA
0.7377694558984847,0.09309619434662234,3875.307185053207,C1,NA,NA
0.7387496431216688,0.09219466555656386,3875.1605691810887,C1,NA,NA
0.7363607547149241,0.09143410191862181,3870.4819445777134,C1,NA,NA
0.7388269485590617,0.09214303590725337,3874.346473674748,C1,NA,NA
0.7406230222667708,0.09117298730795748,3862.519582490713,C1,NA,NA
0.7402407598159448,0.09202980035362285,3873.845165351818,C1,NA,NA
0.7380929120344034,0.09338748024821045,3870.891361655115,C1,NA,NA
0.735790614553011,0.09241488510726112,3871.260453133785,C1,NA,NA
0.737335088734772,0.09136148544796718,3875.7558088981223,C1,NA,NA
0.7390085262546477,0.09398123169419957,3867.738380196032,C1,NA,NA
0.7363328009491149,0.08942822662396722,3871.254338056337,C1,NA,NA
0.7424996418716994,0.09243138495862144,3871.2474317470474,C1,NA,NA
0.7394723312964723,0.0922106557348833,3872.0753776933548,C1,NA,NA
0.7403095306964237,0.09064068667564949,3871.1805923198644,C1,NA,NA
0.7392502365840126,0.09263539599605762,3872.5310093785743,C1,NA,NA
0.7366274054037164,0.09194627685353249,3875.3553114549345,C1,NA,NA
0.7356394671819624,0.09321235983748925,3872.1221008161324,C1,NA,NA
0.7389486643110255,0.0925466230947445,3865.0139543391515,C1,NA,NA
0.7385089013682141,0.09151088389160374,3874.499300595673,C1,NA,NA
0.739927482049212,0.09166173905691687,3872.593245227948,C1,NA,NA
0.7392986941139204,0.09179494359666175,3875.918626244053,C1,NA,NA
0.7417264738314348,0.09364791702923081,3870.975369085098,C1,NA,NA
0.7386788608882624,0.09419540976956983,3871.846236874351,C1,NA,NA
0.7396448784184046,0.09179301679054891,3874.4646486294923,C1,NA,NA
0.7370216109515857,0.09279568054668041,3869.427406658287,C1,NA,NA
0.735218517779792,0.09070211520183238,3868.7730881415982,C1,NA,NA
0.7422608922130354,0.09165167177211019,3871.822539285859,C1,NA,NA
0.7393324199435994,0.09400801763663724,3867.27048672015,C1,NA,NA
0.7391998848092753,0.09257079793652888,3872.6970747307596,C1,NA,NA
0.7398592103825412,0.09166544826120171,3872.2459816942433,C1,NA,NA
0.7367048369789116,0.09096621158437708,3872.571727686903,C1,NA,NA
0.7372515855155595,0.09320700002799373,3872.96860452362,C1,NA,NA
0.7379660780039903,0.0926229227063393,3871.3007327928285,C1,NA,NA
0.7397607679825834,0.09314228636896577,3870.29063832918,C1,NA,NA
0.7403236630578545,0.09213934186028441,3870.5111513904335,C1,NA,NA
0.7357295503971225,0.09319391332547029,3871.483924203259,C1,NA,NA
0.7362866412952672,0.09003156670678406,3867.155980044513,C1,NA,NA
0.7348714035226269,0.08996402630292913,3871.7742021429663,C1,NA,NA
0.7370824121184386,0.09150588839965328,3873.919284679735,C1,NA,NA
0.7368572324935525,0.0916302427670343,3871.5288145176773,C1,NA,NA
0.7399574983322055,0.09239460147574152,3871.749291717175,C1,NA,NA
0.73741766337592,0.0909964119484197,3873.883634517913,C1,NA,NA
0.7360136498644879,0.09085406418070784,3871.013139251119,C1,NA,NA
0.7396928545059052,0.0926994258197872,3872.1252218580257,C1,NA,NA
0.7417095269802118,0.0935658831450481,3870.5127041586443,C1,NA,NA
0.7380758491183108,0.09165584933444013,3874.5171767782585,C1,NA,NA
0.7373912048948846,0.09168631304200708,3874.771467548401,C1,NA,NA
0.7374303807167165,0.090791922459762045,3869.1800459545793,C1,NA,NA
0.7375772778300168,0.09306840049897155,3872.213537363087,C1,NA,NA
0.7365162428327486,0.09280557777720219,3871.0615077214206,C1,NA,NA
0.7370504804525488,0.09232644363344142,3872.2585369246162,C1,NA,NA
0.7369875255577232,0.09130312425771828,3871.9005409739507,C1,NA,NA
0.739213977362255,0.09291336642288991,3872.008033850113,C1,NA,NA
0.7362834283430215,0.09331692873689942,3870.5651231004285,C1,NA,NA
0.7374309931777214,0.09104136235587994,3869.696154308738,C1,NA,NA
0.7384290005198357,0.09102528053760417,3875.305350525717,C1,NA,NA
0.7367584895487179,0.0921946104981853,3872.246182745818,C1,NA,NA
0.7400493696389,0.09342536255283503,3867.996417622371,C1,NA,NA
0.7404020579826803,0.09216940427358852,3871.47209247504,C1,NA,NA
0.741117878398494,0.09285232200780029,3867.7945692492585,C1,NA,NA
0.7386201167873993,0.0923160410586043,3873.5505369145617,C1,NA,NA
0.7372593975388207,0.09116716224433993,3874.1965361229322,C1,NA,NA
0.7383170033133952,0.0913657466554346,3872.4352580009363,C1,NA,NA
0.7385309344565575,0.09101307562064648,3866.7024148029286,C1,NA,NA
0.7365691569364912,0.09124534879685109,3867.5579910620004,C1,NA,NA
0.7409946046722882,0.09125115994539633,3873.649633992152,C1,NA,NA
0.7375350429016817,0.09318345798475694,3870.11932144811,C1,NA,NA
0.736036154659755,0.09273286115847998,3864.705888015415,C1,NA,NA
0.7403757755795368,0.09004795966061506,3870.12992058509,C1,NA,NA
0.7415509621739396,0.09227882795343167,3862.425449240073,C1,NA,NA
0.7393489385982284,0.09287782246185679,3869.7814956046655,C1,NA,NA
0.7391584964848521,0.09154372175465408,3868.960840812824,C1,NA,NA
0.7400233655908472,0.09216478714974127,3873.052667975098,C1,NA,NA
0.7391230714245722,0.09381231196587256,3873.2887561638927,C1,NA,NA
0.7372740500505601,0.09199466746558584,3869.846956759673,C1,NA,NA
0.7411289155277325,0.09078329565377909,3869.0576013995296,C1,NA,NA
0.7382676634213495,0.09229292899734323,3874.5832223432667,C1,NA,NA
0.7396735323135515,0.09253954646672592,3873.972426367739,C1,NA,NA
0.7353048848633794,0.09244774389815166,3870.2778700173926,C1,NA,NA
0.7403344227141012,0.08947840454237624,3869.1706697034597,C1,NA,NA
0.7363692139606932,0.091967144191271,3873.1167007303347,C1,NA,NA
0.7354174686438045,0.09098864813583483,3870.3679149156274,C1,NA,NA
0.7389413241849787,0.09432771448701764,3872.0644735620685,C1,NA,NA
0.7413079916188656,0.0918615503037884,3870.411222885502,C1,NA,NA
0.7395028682222027,0.09394272552488454,3871.620033012211,C1,NA,NA
0.7393709790038406,0.0907780577350286,3873.0513781678974,C1,NA,NA
0.7377532191860224,0.09227851392921047,3874.149863116526,C1,NA,NA
0.7402892763648558,0.09133154075584571,3872.889401614011,C1,NA,NA
0.7375236713226994,0.09281738157352117,3871.105397234904,C1,NA,NA
0.7376153657714976,0.0921453457375333,3872.3444139263775,C1,NA,NA
0.7395666400478903,0.09336659589187071,3870.38005555094,C1,NA,NA
0.7382658607522855,0.09230900834244304,3871.425842750766,C1,NA,NA
0.736511156313569,0.09191060654477216,3872.7111539372668,C1,NA,NA
0.7383219303566975,0.09249744638165877,3871.5455942863146,C1,NA,NA
0.7385403626005911,0.09148093942338947,3870.4314889685625,C1,NA,NA
0.7361202622160983,0.09181630411471936,3871.4551636350507,C1,NA,NA
0.739459136731691,0.09216928134097072,3873.6256401981054,C1,NA,NA
0.7382223980214107,0.09276029916470958,3872.000249322585,C1,NA,NA
0.7356218418661623,0.09027902590343058,3870.6669529789797,C1,NA,NA
0.7391713840794495,0.09238164140489884,3871.3773036538432,C1,NA,NA
0.7370505838997552,0.0936522920545766,3871.9317502550534,C1,NA,NA
0.7419231293936343,0.09275928675525451,3868.818063879051,C1,NA,NA
0.7361114801863602,0.09117739434127449,3869.5209060012044,C1,NA,NA
0.7390887900703038,0.09173053195493665,3871.99945720486,C1,NA,NA
0.7403759075476665,0.09257183165113113,3872.4029634629946,C1,NA,NA
0.7404685267221957,0.09143914245485726,3871.268277167547,C1,NA,NA
0.7401266239859682,0.09151815637034046,3873.5173534055352,C1,NA,NA
0.7394186200258126,0.09075075153664164,3870.9109278643787,C1,NA,NA
0.10225883755028593,0.20127248881195295,122.28737066001752,C2,NA,NA
0.07749256300651046,0.20182705633414513,120.94086565818972,C2,NA,NA
0.0891897206964823,0.19685941314411257,115.93746612037488,C2,NA,NA
0.10141052880460388,0.2058412776860779,120.50785371189212,C2,NA,NA
0.10848644359019104,0.21113421546860378,119.02340691360061,C2,NA,NA
0.08552227453689501,0.20366882990345256,121.45767334008792,C2,NA,NA
0.09274034706307101,0.20552027054676303,121.01425936330315,C2,NA,NA
0.10016020940920675,0.20676189387348964,122.41738408794636,C2,NA,NA
0.09314355881427264,0.1990949383323009,117.14573454455223,C2,NA,NA
0.10354356654610403,0.19934712744446742,117.921554665633,C2,NA,NA
0.10628927358345686,0.19865086109274838,122.1785723934033,C2,NA,NA
0.09048723954067367,0.19773606526033033,120.58330071390911,C2,NA,NA
0.08606552335266748,0.20443882667111724,121.74869802220817,C2,NA,NA
0.09307182366771598,0.19578770149190317,120.9460574733629,C2,NA,NA
0.09592477513723992,0.2021172804263277,118.71380950635697,C2,NA,NA
0.10712031525358119,0.19613514157910375,119.81868889862166,C2,NA,NA
0.08630831820671561,0.20077955870259634,121.25268294610596,C2,NA,NA
0.07788642290103281,0.19935784558569747,110.22304853881506,C2,NA,NA
0.10260757265670241,0.20286537029392887,119.8016370624043,C2,NA,NA
0.09006466700134298,0.20949814813927659,120.72982432108913,C2,NA,NA
0.09372962265290385,0.19995365694936557,121.26068306200236,C2,NA,NA
0.08915030080813724,0.1944713898923718,118.34707686063005,C2,NA,NA
0.09839045642191885,0.1987346405362113,117.4480205280287,C2,NA,NA
0.08370896101954114,0.1992109623120078,117.73527451918689,C2,NA,NA
0.07159363596445961,0.20423239575754762,115.9478121665751,C2,NA,NA
0.08670259880167283,0.1955479996647192,118.33351526779924,C2,NA,NA
0.10878935225282804,0.21173997471272277,118.42352493509041,C2,NA,NA
0.09756147324227603,0.20140253434958666,118.83566253355798,C2,NA,NA
0.10045838795675101,0.19793909068242052,120.49604474325064,C2,NA,NA
0.0984386081927646,0.20545889338736553,121.21837303261411,C2,NA,NA
0.09395722991014575,0.2016768713122447,120.82637522059458,C2,NA,NA
0.0983959860721053,0.20047754817257174,121.18248661280943,C2,NA,NA
0.0951964673745983,0.20298484013422707,123.36584720310452,C2,NA,NA
0.07419119999735915,0.20692842897610958,116.86785620006687,C2,NA,NA
0.10440087370866448,0.21095161586635208,115.43376040334174,C2,NA,NA
0.09990841955491377,0.19096193996321614,119.55985999049773,C2,NA,NA
0.10293336735894,0.20414746669525158,121.16726230886134,C2,NA,NA
0.10115496549331708,0.20042638768919518,120.91592687880046,C2,NA,NA
0.10356455683725094,0.20100201385092697,117.81276661802906,C2,NA,NA
0.07965302375850976,0.19589527446699492,121.22799386841648,C2,NA,NA
0.07623577629071532,0.19537145816868398,118.70853474943432,C2,NA,NA
0.08828250765374335,0.20027799787337183,116.29905824494841,C2,NA,NA
0.10921673516488577,0.20899381297875472,120.84233138749326,C2,NA,NA
0.08243666419545606,0.20064140288491586,117.36083997824933,C2,NA,NA
0.09412026347626738,0.19610800037031811,118.34858948263451,C2,NA,NA
0.10164284362836999,0.20715942931485637,120.71878512866282,C2,NA,NA
0.08376439938077002,0.19199410861047703,114.2190369084089,C2,NA,NA
0.10374986238717737,0.20216543648287666,121.61959384996815,C2,NA,NA
0.09392200382280072,0.20198558226698402,119.35121378701216,C2,NA,NA
0.10569642457953059,0.1968233621629979,116.85180367393352,C2,NA,NA
0.10633345875306562,0.20196856927325496,121.03148968051792,C2,NA,NA
0.09894370175035343,0.1883680693311191,117.692356331726,C2,NA,NA
0.0899547097346719,0.20815548501952225,121.02674689721523,C2,NA,NA
0.10649871261796034,0.2027761931909147,118.73906256108422,C2,NA,NA
0.09220809109142801,0.20708339225731134,120.4769322722177,C2,NA,NA
0.09379818697143386,0.20122588974084088,121.35099260906892,C2,NA,NA
0.0951634999723178,0.20298903371304997,120.31217752014678,C2,NA,NA
0.10812224373430623,0.2030427524384809,121.12241510285465,C2,NA,NA
0.10625137562733623,0.19910465958714904,119.2115859396134,C2,NA,NA
0.10557465097548706,0.21428735125252754,117.3033393568841,C2,NA,NA
0.10044414754820356,0.19952091696504137,118.95800891869358,C2,NA,NA
0.0942566734805573,0.19686074062852116,114.72367191038184,C2,NA,NA
0.08586480429951963,0.19132541494948277,118.81710250843904,C2,NA,NA
0.0878080254418332,0.1879429865329428,108.65052666339248,C2,NA,NA
0.09413629353346534,0.20096249681531733,120.55535644890888,C2,NA,NA
0.09827754575444286,0.20228187268165837,122.43179925456991,C2,NA,NA
0.09841274343006579,0.20614686157569476,121.680795685358,C2,NA,NA
0.11141474837101921,0.20112609295362116,115.3422941510079,C2,NA,NA
0.09824169682250511,0.20542583585813806,120.8553699446917,C2,NA,NA
0.09818861185736392,0.1950521253905556,120.99745725490608,C2,NA,NA
0.09350402792962398,0.2029431486363883,123.85508503047926,C2,NA,NA
0.11467652687834404,0.20209999112128807,117.39869845476801,C2,NA,NA
0.07840336284727499,0.20524058843657056,119.18091869449918,C2,NA,NA
0.11329576417510354,0.19639098728282695,118.54957913592693,C2,NA,NA
0.0892309463595923,0.1962403749962519,117.3570568881223,C2,NA,NA
0.09983223166408561,0.19759608081784538,120.12271852420301,C2,NA,NA
0.08067560101900469,0.20227425837595595,121.21719958163494,C2,NA,NA
0.08268761728732532,0.20573283915145457,120.04075845430907,C2,NA,NA
0.08492977018568625,0.20770174189988483,117.95702659307292,C2,NA,NA
0.10219017906009956,0.20072995778272681,121.28155746341291,C2,NA,NA
0.09701291661624256,0.20656571657826903,121.6294153144342,C2,NA,NA
0.09720912640244204,0.20711343027082094,118.08618533066846,C2,NA,NA
0.0920057468647094,0.1999744182664943,123.24467183277389,C2,NA,NA
0.10074183856002326,0.2033265554767228,116.80334315141965,C2,NA,NA
0.0809448184511187,0.20447130542423098,116.8914636902169,C2,NA,NA
0.08669936848892132,0.2031482150589427,119.99514500158426,C2,NA,NA
0.10950195650815939,0.20566333432700884,114.59409939382272,C2,NA,NA
0.08919328223423911,0.20166945245054416,120.60922424567936,C2,NA,NA
0.1175832482033867,0.2069975247425785,114.49009560668979,C2,NA,NA
0.12220832469830911,0.21345438141256884,114.31384047165366,C2,NA,NA
0.10053764312579494,0.20853535259414066,117.32935476203059,C2,NA,NA
0.09376287927223527,0.2048972888140747,114.54666434969127,C2,NA,NA
0.08749505844796598,0.20516306503214507,120.58599700753612,C2,NA,NA
0.10782145448195846,0.19735508097352233,115.82253409383532,C2,NA,NA
0.08882701713775157,0.2028421254893652,120.11260143534423,C2,NA,NA
0.07869169980711466,0.19508210345682475,117.28333298411994,C2,NA,NA
0.10427695675999417,0.2092858625491918,121.47742655984182,C2,NA,NA
0.0958320542725932,0.19259569274578375,115.39846190726516,C2,NA,NA
0.094019834457599,0.19368902195779847,121.22104790065656,C2,NA,NA
0.07703826222910953,0.2044991934657544,120.4334846534254,C2,NA,NA
0.10434748653746519,0.1957485212203411,117.85319070145086,C2,NA,NA
0.1120751315723532,0.19903935325085892,121.7943756879958,C2,NA,NA
0.1031767366769177,0.19370374470476917,115.28721752727968,C2,NA,NA
0.10484031083308906,0.1997976028732833,121.41164897870249,C2,NA,NA
0.10422103152882944,0.19945996924133913,118.24838320178236,C2,NA,NA
0.09141390244826578,0.2032312486114785,113.15720113004953,C2,NA,NA
0.12170650577306355,0.20323327216560913,109.93611367336402,C2,NA,NA
0.12263019727667329,0.19960578035295082,114.93174248524566,C2,NA,NA
0.10873469934093936,0.21106755940249686,116.61411912726496,C2,NA,NA
0.08791899628955559,0.20044834526047273,120.97636916582582,C2,NA,NA
0.07382111076743296,0.20695345713428612,117.16436932383023,C2,NA,NA
0.09957875488323724,0.1997367891056197,121.60142687633194,C2,NA,NA
0.10118013298152069,0.19581756628122618,122.21511911405614,C2,NA,NA
0.10763967059160132,0.21017590409837886,113.66473826618832,C2,NA,NA
0.09871046500006225,0.20939442269421998,119.00172239633086,C2,NA,NA
0.09760568652324393,0.19989579088654483,121.58151894314831,C2,NA,NA
0.0923756754444578,0.20594357017571474,118.39025097460137,C2,NA,NA
0.09942085452606736,0.20440031118708943,121.1740262849603,C2,NA,NA
0.09400403680423756,0.20488048137585244,122.88191339891112,C2,NA,NA
0.11025229271191066,0.1968472239219991,117.08337035688022,C2,NA,NA
0.0925420789955567,0.1942387983986835,120.10309603484443,C2,NA,NA
0.10334705791083469,0.1969983565923736,119.35803547430477,C2,NA,NA
0.10358447213225877,0.19720865000876459,119.68975238104981,C2,NA,NA
0.09542236196411717,0.20033838356454003,121.90308357071714,C2,NA,NA
0.0886856372271864,0.20005946155223345,120.56739611792169,C2,NA,NA
0.09997302026930018,0.1987316485758565,122.14118643952996,C2,NA,NA
0.09777925378956472,0.20516960596101297,120.524721566271,C2,NA,NA
0.0862541488276322,0.2007317613173914,120.93445105069168,C2,NA,NA
0.09649504744761964,0.2013932806586173,119.39253909444575,C2,NA,NA
0.10206007998820389,0.19793209041529458,118.72393411895605,C2,NA,NA
0.10573200681415151,0.2015652289094981,120.89309443385596,C2,NA,NA
0.10183986273702611,0.21489948659704694,119.64981908210116,C2,NA,NA
0.09228729129065187,0.20188303813146055,117.0017448465879,C2,NA,NA
0.09132444350796862,0.20798454445816894,118.11560016344063,C2,NA,NA
0.09070291886355206,0.2145653352101154,119.34104465150557,C2,NA,NA
0.08401067269792763,0.2000481168663594,120.2719011149292,C2,NA,NA
0.07539120373794178,0.21325179725384333,111.76918421826687,C2,NA,NA
0.0889675880209748,0.19899221041730275,118.67104057879905,C2,NA,NA
0.09343242721082567,0.21108098988690954,120.2584217205298,C2,NA,NA
0.09867627923348143,0.20059171734301273,118.30759550025013,C2,NA,NA
0.09690549715848186,0.20773776814036263,122.62490309298241,C2,NA,NA
0.10139106113496815,0.21202043832716283,110.9681256509859,C2,NA,NA
0.09743114786018386,0.19842863327803373,120.20149603003027,C2,NA,NA
0.08248356091756354,0.19404033851070587,120.00078276005551,C2,NA,NA
0.09344116898643362,0.20004338554431386,120.23794015455863,C2,NA,NA
0.08850684609765024,0.19662418484175423,122.13742746654022,C2,NA,NA
0.0990981194039173,0.19970148284507575,119.93139709829951,C2,NA,NA
0.09831329061134511,0.20801528089194513,118.69688235917818,C2,NA,NA
0.09015431997849642,0.20489968645250642,118.99378623918503,C2,NA,NA
0.09253014764354413,0.20670358585231718,120.3782249218508,C2,NA,NA
0.09153797519975451,0.1991928982380105,121.8903417906165,C2,NA,NA
0.09164618945288971,0.196627327962556,118.80679040958046,C2,NA,NA
0.08675451511795206,0.19880804352411802,121.31390473109758,C2,NA,NA
0.09557165873415081,0.19972860297753234,123.09566740998343,C2,NA,NA
0.10031019421624937,0.19829611431891264,121.11689942734985,C2,NA,NA
0.09729404893970715,0.2140548441773885,117.85752809505337,C2,NA,NA
0.1114771051228806,0.20443840122572524,118.9131531682877,C2,NA,NA
0.08913721997236566,0.20982115081724304,119.42359954060517,C2,NA,NA
0.08921565185895426,0.2058495167560629,121.67330287064983,C2,NA,NA
0.09253211657872315,0.20227194014256988,123.0025099497702,C2,NA,NA
0.0850794196913531,0.20128159435459142,120.07674696915207,C2,NA,NA
0.10245445886812332,0.20097083549893874,119.53616188483265,C2,NA,NA
0.0879559618373036,0.19824889009497557,119.78965101487742,C2,NA,NA
0.09970235349210087,0.2026596338541675,123.55507994011141,C2,NA,NA
0.0995624549332233,0.19773541060442185,121.89244870420129,C2,NA,NA
0.09664949000344575,0.20388548407567975,122.30521745192556,C2,NA,NA
0.08900430242289765,0.1969141902245497,118.80886332642115,C2,NA,NA
0.09262646594710806,0.19836755334640482,123.75874470950231,C2,NA,NA
0.09293521884082848,0.19871138944427308,118.88799045414785,C2,NA,NA
0.08547553553199962,0.20770475295187618,119.16747757305735,C2,NA,NA
0.08726213146555267,0.20196770782892723,122.05433902768254,C2,NA,NA
0.10820616177095513,0.19839851920503787,122.21248116960892,C2,NA,NA
0.1028108050297255,0.19823391384545766,117.88406834282124,C2,NA,NA
0.0952752452285439,0.21173077055572534,119.54668809882085,C2,NA,NA
0.0945241873498244,0.1970777011889592,116.44979011725731,C2,NA,NA
0.09788700561304246,0.20473943004317258,117.95033132078393,C2,NA,NA
0.09412228569860798,0.19806341755764625,122.88286105716789,C2,NA,NA
0.08669542630127965,0.2035788138421446,121.17924794998514,C2,NA,NA
0.10180595278337304,0.2067634349977945,120.28486381038876,C2,NA,NA
0.09156309994833423,0.19263705174303797,116.66743402674219,C2,NA,NA
0.11065050189047815,0.20425747132503624,119.37630377589858,C2,NA,NA
0.10664282096637011,0.1982364121586131,120.07283617638176,C2,NA,NA
0.10049761056010793,0.20706497363516535,119.42881059625458,C2,NA,NA
0.10596156693642046,0.20995651300879942,116.81742588245666,C2,NA,NA
0.10968049412277554,0.20407963397361975,117.72164218925722,C2,NA,NA
0.09142960784581691,0.20655488978976122,118.9559865820433,C2,NA,NA
0.10189692738281178,0.21098000687097795,120.22313190258421,C2,NA,NA
0.10950079716761105,0.21376621066535126,119.56337693996564,C2,NA,NA
0.0849609600316149,0.2011150120674609,119.32472335809567,C2,NA,NA
0.09412847318759246,0.2014536942062388,121.16029362277374,C2,NA,NA
0.10060347174260395,0.20301873528052022,119.0551822513871,C2,NA,NA
0.10664529558788753,0.20381731416656007,113.3643829116087,C2,NA,NA
0.0743627780762079,0.20739107368521492,115.23354695484628,C2,NA,NA
0.10408124685464408,0.19791807967251554,120.24272025961831,C2,NA,NA
0.08931059349487301,0.21211905962624183,118.36844736950528,C2,NA,NA
0.09690516966361695,0.20077862159836019,118.90053608882845,C2,NA,NA
0.08821960976435154,0.2113378007703466,120.4429924343165,C2,NA,NA
0.07363671138170456,0.20414796248063613,113.31882590692993,C2,NA,NA
0.09079360538848819,0.20310192221716888,118.6388908584752,C2,NA,NA
0.10201632432502815,0.20184057070518718,117.66955736567265,C2,NA,NA
0.10242940975853237,0.2016039705321843,121.56167919848768,C2,NA,NA
0.09564398194109437,0.19369117665167224,119.3939179701008,C2,NA,NA
0.09011647600348713,0.21015629758533133,121.97319192975954,C2,NA,NA
0.0925625067655527,0.19982870570106304,122.832886808716,C2,NA,NA
0.09747895768866406,0.2025685846396001,119.77941908668102,C2,NA,NA
0.09885679843060394,0.2018929463685931,119.5202150548967,C2,NA,NA
0.10278857407498966,0.20051363825026103,122.5427202996916,C2,NA,NA
0.09124373127216198,0.20425459584636257,118.73260696813607,C2,NA,NA
0.09001326883713041,0.19651499788553875,118.23687407994663,C2,NA,NA
0.09492904749028844,0.20274476431776792,121.72261064514272,C2,NA,NA
0.10218391167354797,0.20429266355979883,117.36172382660111,C2,NA,NA
0.09725948848670628,0.19770039274693288,117.04443011428494,C2,NA,NA
0.09589765440723488,0.19681897600395576,119.9262540580722,C2,NA,NA
0.09571879682035991,0.20020996753335168,121.11447163287987,C2,NA,NA
0.10046727061305319,0.2096137099748875,115.37351113314475,C2,NA,NA
0.0950201905884317,0.19726647560624272,120.311638328891,C2,NA,NA
0.09762717981142362,0.2025636304090818,122.46426498425653,C2,NA,NA
0.10360574670500226,0.20336003965152727,122.15915910476193,C2,NA,NA
0.09848322590251016,0.19847651951414233,121.52652426446231,C2,NA,NA
0.09652350619110217,0.20210352012819982,120.69114892526332,C2,NA,NA
0.10537236131759899,0.19855057139677,120.27539922127941,C2,NA,NA
0.09910037378044448,0.19291263244955542,121.40939606971455,C2,NA,NA
0.08783888157482987,0.20595509583295019,122.91134200520328,C2,NA,NA
0.0889619260207237,0.1993215561887303,117.47590459579693,C2,NA,NA
0.08863876611007337,0.20723630878751956,120.89855493993672,C2,NA,NA
0.08817361598311721,0.19669654863259312,118.89924777459804,C2,NA,NA
0.08772709823192074,0.1984783622315353,121.93805159105005,C2,NA,NA
0.09713577287177068,0.1994120766445076,119.08770745457183,C2,NA,NA
0.09425315330753258,0.20156520548739165,121.60340108142985,C2,NA,NA
0.10235401172813158,0.19650361402529354,118.9407766533723,C2,NA,NA
0.09929888437100667,0.20449291227329003,122.05271769828724,C2,NA,NA
0.08974089125590255,0.20126772699660386,118.69029140283502,C2,NA,NA
0.09313450362698411,0.2054242463197586,121.72049034260732,C2,NA,NA
0.09822146111274913,0.21499329637611425,116.09248563209584,C2,NA,NA
0.08194514489816804,0.19577316988670382,118.29167319937454,C2,NA,NA
0.08980099284074,0.19994745819355936,120.30531066210398,C2,NA,NA
0.09306650580391097,0.20305176086225613,121.16614752334829,C2,NA,NA
0.098952460207274065,0.19631518140619197,119.99209163835522,C2,NA,NA
0.09360261172987755,0.2022792266273822,120.06611639761677,C2,NA,NA
0.09927034857223974,0.2106929336682957,121.3064356398599,C2,NA,NA
0.10199090035020814,0.19822322800232076,120.66687261055168,C2,NA,NA
0.09388509981794593,0.19598604336676867,121.7968624429794,C2,NA,NA
0.10158068098481854,0.2009216494457866,121.13930285711335,C2,NA,NA
0.1060429956963177,0.20209919774836482,122.1499841856916,C2,NA,NA
0.08975892470547822,0.19723886132318863,119.87336572109089,C2,NA,NA
0.09415303059069212,0.20259975256089358,118.62736245536776,C2,NA,NA
0.10612196511537962,0.20678147413144304,119.78467523958201,C2,NA,NA
0.10293580808599474,0.19160621118843263,116.05158328951525,C2,NA,NA
0.10136364557296496,0.20919725694040814,118.43612068533788,C2,NA,NA
0.09832844243988419,0.1986605501218017,121.46448530686288,C2,NA,NA
0.09427378015891742,0.20065991715782522,119.31142862042039,C2,NA,NA
0.11141339546724609,0.20181457049441026,121.43406945936009,C2,NA,NA
0.08800670175524893,0.1964094024151698,115.96348323801256,C2,NA,NA
0.09205104348668294,0.19844220985242997,119.93991472896259,C2,NA,NA
0.10729505045703458,0.19887205857684181,121.51874471066365,C2,NA,NA
0.10292095029134848,0.2084772468870078,123.006199509303,C2,NA,NA
0.10923541633700042,0.20825999277662222,120.37490129554993,C2,NA,NA
0.09961391914526761,0.2053586583190421,120.40472035663078,C2,NA,NA
0.09888576938162419,0.207213646730714,118.46617946394097,C2,NA,NA
0.08371907348812127,0.2018205552042421,116.3941750587813,C2,NA,NA
0.08973823096864307,0.19610463445904489,118.44921191340907,C2,NA,NA
0.10653882879764787,0.20182053545735829,121.0799978957036,C2,NA,NA
0.10527779677060901,0.2035289877438864,119.33170419228985,C2,NA,NA
0.09107836371000289,0.19779135656577812,117.5008020789845,C2,NA,NA
0.08656743397775121,0.1911787100256629,117.04513782081841,C2,NA,NA
0.10140070687745228,0.2038485574983821,119.59896070149868,C2,NA,NA
0.10110387350032973,0.20420080621596592,119.74770600997648,C2,NA,NA
0.08750091174148424,0.20552283532775084,120.66131887803384,C2,NA,NA
0.10025932219711432,0.20160964018615082,123.10688044778833,C2,NA,NA
0.10923872944556695,0.20371086494731763,119.32484769154145,C2,NA,NA
0.08678470329248972,0.2159014406293247,118.46246885097429,C2,NA,NA
0.08952194465636769,0.1966696115030822,119.95378789515506,C2,NA,NA
0.09527999647937498,0.20209514848735888,118.7781188818009,C2,NA,NA
0.09891387190784828,0.2049877447638896,120.15014093229053,C2,NA,NA
0.09695452542390777,0.20784685844225922,120.87277898597561,C2,NA,NA
0.09361626918403965,0.20807923052429889,121.45721335192248,C2,NA,NA
0.09199712528023751,0.20802569668904772,122.38848724757193,C2,NA,NA
0.10673393993255424,0.21387810858170087,114.46281632214442,C2,NA,NA
0.0952988961554009,0.2025410617828322,118.77113232081285,C2,NA,NA
0.08995754356221672,0.20735875225022576,121.97203065559995,C2,NA,NA
0.09716524130942052,0.195111426951866,119.14898664761017,C2,NA,NA
0.09349701969029293,0.20064776873798335,122.0818343843907,C2,NA,NA
0.0891499722197238,0.20742340509752707,121.38282296509894,C2,NA,NA
0.08920758877121059,0.19779740146906055,122.10774835874338,C2,NA,NA
0.0969935758640706,0.19969857050758322,118.4427895145469,C2,NA,NA
0.08779751856954186,0.2095910754636322,118.26934762877458,C2,NA,NA
0.08951989236728994,0.20352092064938623,122.70027773405167,C2,NA,NA
0.08101137684546444,0.19451270056613418,118.0759387599146,C2,NA,NA
0.10498756533047202,0.19769377714518951,120.26498129481388,C2,NA,NA
0.109463096512889,0.20326585254740442,121.82002944057477,C2,NA,NA
0.0941694830165597,0.19528508788710774,122.05779522102895,C2,NA,NA
0.09557967937188092,0.19923151361216768,123.18136582043691,C2,NA,NA
0.08241150652160227,0.2052021202377125,116.37994314589473,C2,NA,NA
0.10137807363635594,0.1953399008219301,120.95699935752785,C2,NA,NA
0.11066144500936138,0.20729966306778813,118.20162812322867,C2,NA,NA
0.08330660005653141,0.2111740274918322,112.61753827668596,C2,NA,NA
0.0737572668733343,0.20018521429834574,114.41526026107113,C2,NA,NA
0.09913236472870954,0.19412451584085122,120.23186956478169,C2,NA,NA
0.09298263817619443,0.20044258253892783,123.81977296369989,C2,NA,NA
0.10963102095352661,0.20236383219883403,118.84096055493337,C2,NA,NA
0.10555283115065961,0.19753316331619858,115.35244293358336,C2,NA,NA
0.08182020285343004,0.20926718882785655,118.05337765057142,C2,NA,NA
0.11506823832751574,0.20424775895760655,112.7740601682898,C2,NA,NA
0.11246168953963133,0.20053325534052827,119.86943559687548,C2,NA,NA
0.09494862284293094,0.20619934990967162,114.37691383725956,C2,NA,NA
0.09754199344378174,0.20352921970983942,116.33441470544852,C2,NA,NA
0.09469156040029558,0.19726328048056369,123.10059205281297,C2,NA,NA
0.09247368411745538,0.1992284601894584,120.27078963067633,C2,NA,NA
0.09219459158260143,0.20535620623161557,118.21829524933405,C2,NA,NA
0.09711322237380964,0.20055056584871606,121.06954260576464,C2,NA,NA
0.11012984519523764,0.19755242377498652,119.69348485635511,C2,NA,NA
0.09956616658352713,0.196736484597332,119.13185064022841,C2,NA,NA
0.10222369625565311,0.20094254607894216,109.70854937828186,C2,NA,NA
0.0984895833535458,0.20325846587578594,120.37150301002296,C2,NA,NA
0.10591922712618232,0.1961654163463755,118.82877895671182,C2,NA,NA
0.08280369467740795,0.20811900089155178,118.48170984735111,C2,NA,NA
0.10223959903081406,0.20277376877865075,118.44919193006396,C2,NA,NA
0.08222649728936594,0.20423979639199508,120.15857221291851,C2,NA,NA
0.09924064524612888,0.20532741219672312,118.69719840227987,C2,NA,NA
0.09969169295997427,0.19281601578141738,120.93073023806367,C2,NA,NA
0.0861617463645252,0.19588194486775148,116.41626080931235,C2,NA,NA
0.09999376895246795,0.19554584502791547,119.63234203585489,C2,NA,NA
0.10227322398137886,0.21114696633897811,116.40957504089617,C2,NA,NA
0.10559074755277546,0.20574469152220154,119.98893616261267,C2,NA,NA
0.09708066671667172,0.19362874864780336,120.56865624517255,C2,NA,NA
0.08940923076273366,0.19925876539941892,116.11096464572647,C2,NA,NA
0.08889391676847685,0.20533023576788711,121.16846275758263,C2,NA,NA
0.07344602694830138,0.2076719403094611,119.3130667475563,C2,NA,NA
0.09992451150869454,0.20483183797497106,121.83485382593221,C2,NA,NA
0.08913494407494632,0.20357248965986427,120.15080114816277,C2,NA,NA
0.10625355111720339,0.19943211032191974,120.87193524997971,C2,NA,NA
0.09192092195714245,0.20496228049755055,121.62142910835902,C2,NA,NA
0.08532368065496874,0.19466204457567682,114.47401596671682,C2,NA,NA
0.09385675259214966,0.1919508651142958,118.31321205287777,C2,NA,NA
0.08377148854287429,0.19132709643102735,113.52460363246486,C2,NA,NA
0.09216407781939107,0.20082647899136305,120.9897315598443,C2,NA,NA
0.10097415221367961,0.1966202493603753,119.27326499890792,C2,NA,NA
0.10065879223777731,0.20624929927407404,116.68814637453669,C2,NA,NA
0.1149953593042712,0.20162417067453509,118.21201088573197,C2,NA,NA
0.11325600607640635,0.20931050024406264,118.98417036312937,C2,NA,NA
0.08200428603512351,0.2137789517262908,117.92407694453166,C2,NA,NA
0.08301347906789715,0.19198109828401796,118.90313829818447,C2,NA,NA
0.09169594342251222,0.19638630802746737,119.90128175275254,C2,NA,NA
0.085452027350553,0.20386315442260988,121.22698037552146,C2,NA,NA
0.10620976165040363,0.1930292191471196,120.40532029049143,C2,NA,NA
0.09474642214951409,0.2065830166941475,122.57492576179247,C2,NA,NA
0.09466960780454274,0.20230887652054785,123.22193553963457,C2,NA,NA
0.10331378977855295,0.19615951152637412,119.68118510155247,C2,NA,NA
0.10170708839384492,0.2079748323969917,118.62174907611312,C2,NA,NA
0.0995222552464352,0.20001357723641905,116.03713221833743,C2,NA,NA
0.10371038298297751,0.20260299004085747,118.86353496708297,C2,NA,NA
0.09518363935314907,0.1983194629390143,121.8661269834283,C2,NA,NA
0.09162606875411036,0.20014066309874562,120.25485497602864,C2,NA,NA
0.08274258015996666,0.1914648664757748,119.88552349785688,C2,NA,NA
0.09291626910185732,0.19890039006723653,121.26171003144692,C2,NA,NA
0.08455773906134205,0.20665768079702249,120.68342150714918,C2,NA,NA
0.1079813156480988,0.20927451462392319,121.37363496313893,C2,NA,NA
0.10117549581114384,0.21084307902810448,120.76012855434473,C2,NA,NA
0.0850576416319814,0.20280776448236193,117.91206714745468,C2,NA,NA
0.08746597198683927,0.19843461571846516,117.8703394635717,C2,NA,NA
0.08917159461763136,0.19749340935090626,120.79456594352723,C2,NA,NA
0.09899208359796188,0.20302573252726056,121.2771186224159,C2,NA,NA
0.10224037292557314,0.1921854862030921,116.52464954312917,C2,NA,NA
0.08901490165566513,0.20454007933905352,120.93379871885836,C2,NA,NA
0.09933577076198374,0.20293619632461635,121.02982689340851,C2,NA,NA
0.10021168916892244,0.19952357355640046,114.92268817445648,C2,NA,NA
0.09938314105336353,0.19676036223496546,122.23780189873652,C2,NA,NA
0.1171366323446989,0.1966054013307776,117.85089491516553,C2,NA,NA
0.10126423267688325,0.20227650443141348,114.01987051408958,C2,NA,NA
0.08761176666926213,0.20044254155468544,120.96483506847753,C2,NA,NA
0.11479262421150943,0.1930046489595325,113.5161947871123,C2,NA,NA
0.08901772408326951,0.2034656981650671,123.28981624470872,C2,NA,NA
0.1002091183113508,0.20321104301467285,121.77122532782764,C2,NA,NA
0.09817425300729826,0.20605408719231597,123.11045271283365,C2,NA,NA
0.0882803578200589,0.19635674468009728,120.54108573138153,C2,NA,NA
0.10226133565287145,0.20810877091324922,122.67543403218859,C2,NA,NA
0.10794683468768168,0.21166261970836345,117.62719748523422,C2,NA,NA
0.08677941592109241,0.20247283442206926,120.04723490429674,C2,NA,NA
0.10043937665657683,0.2114145947975858,118.35149840217662,C2,NA,NA
0.10591710230314715,0.2015061463652745,121.59532751072138,C2,NA,NA
0.11248894790728874,0.19352716653610494,118.78195002770755,C2,NA,NA
0.09912606889518429,0.20515115235089532,120.89878899977032,C2,NA,NA
0.10106332943640153,0.20399630352516643,119.09006539927762,C2,NA,NA
0.10386525358110663,0.19448365004844048,117.35840518570748,C2,NA,NA
0.10270906586416817,0.20246334841599845,120.35541732965729,C2,NA,NA
0.0992089431874198,0.20124108465421575,121.28012456639271,C2,NA,NA
0.11047483051291576,0.19921668659391253,120.40914066156463,C2,NA,NA
0.10567287672864427,0.20490180194065183,117.25286026407277,C2,NA,NA
0.09677757484942802,0.21181171238399626,120.85455955779108,C2,NA,NA
0.10208787172992868,0.20511848024826004,121.64648036301404,C2,NA,NA
0.09323596282043532,0.19797635825352186,117.3744018726963,C2,NA,NA
0.091696191236631,0.20572493364663957,122.09029202541453,C2,NA,NA
0.09132231199751983,0.2049666237910464,119.90724969105493,C2,NA,NA
0.1033712157085934,0.2157595755685935,115.73647042405803,C2,NA,NA
0.10169093118893067,0.21046292531679003,118.86624824636456,C2,NA,NA
0.0981644733126753,0.20475238659497147,123.64891129864482,C2,NA,NA
0.09781215702140808,0.20506088181797705,122.5335328387074,C2,NA,NA
0.09382752834814917,0.1945295611140035,120.02921685091081,C2,NA,NA
0.09254251838121191,0.1948268210181201,121.976440628791,C2,NA,NA
0.106992130063865,0.2079158339735152,118.17789651912062,C2,NA,NA
0.089757553523903,0.19600978553878798,115.9325732587759,C2,NA,NA
0.09785412096593893,0.19727295370395986,122.22051727668914,C2,NA,NA
0.11263714316616641,0.20405223759952687,119.08452948896601,C2,NA,NA
0.11501011447042334,0.19577099772146073,117.54568885318587,C2,NA,NA
0.09632445784416799,0.19650293841795732,122.38143758796537,C2,NA,NA
0.09573979984021633,0.2104709894992467,121.10748521280466,C2,NA,NA
0.10017610910401707,0.1974759155542944,122.05980667260584,C2,NA,NA
0.09262996700185637,0.20287558425578406,123.46806902797304,C2,NA,NA
0.11563575020078062,0.198619510228807,115.12621355073354,C2,NA,NA
0.09528924902965617,0.2022786826299698,120.22435679738388,C2,NA,NA
0.08509308455851755,0.20353529413712534,120.2898417826176,C2,NA,NA
0.10151854373513403,0.20037058010882935,117.88248687354229,C2,NA,NA
0.09917387694161779,0.21032125845428365,117.79851289358612,C2,NA,NA
0.10308411481962014,0.19873379925381762,119.2490374902448,C2,NA,NA
0.08101702023322546,0.2002947590611443,119.57092684053121,C2,NA,NA
0.09678001605592024,0.20217542445796852,120.49446117741616,C2,NA,NA
0.08747513786411269,0.203004172870287,118.4833034043285,C2,NA,NA
0.09193852259190034,0.1989739388317273,122.90801423007665,C2,NA,NA
0.09448018191994127,0.2031451693992313,122.20575869585488,C2,NA,NA
0.10343091020508224,0.20340966873771144,122.75273927913477,C2,NA,NA
0.08612243823335357,0.20306744420529416,119.6439582691045,C2,NA,NA
0.0890677407157259,0.20067750609058313,121.74215085227894,C2,NA,NA
0.1024468561443742,0.19980807629639585,114.76484527785533,C2,NA,NA
0.08143988466040673,0.2045006636340699,119.14101791624532,C2,NA,NA
0.09264990145478239,0.20429871105463032,119.4677186669071,C2,NA,NA
0.08331631305884757,0.20789318449424302,119.95617950106433,C2,NA,NA
0.08485940741184989,0.19480077437743643,119.50076978019753,C2,NA,NA
0.10454598628125643,0.2071239901480937,116.99330088767003,C2,NA,NA
0.09143598774493415,0.1967846684567225,116.470613405585,C2,NA,NA
0.09730019511193116,0.20276440875512136,121.39079631120774,C2,NA,NA
0.10521384187000386,0.19598979832557123,120.33055182516499,C2,NA,NA
0.09861840297622358,0.2025597874241528,121.47093214066871,C2,NA,NA
0.09653980411016426,0.20317432776413452,122.29997138665912,C2,NA,NA
0.09846239603992388,0.20369773908573532,117.9300201532228,C2,NA,NA
0.09800568719377223,0.1991988813798706,119.76359248426525,C2,NA,NA
0.08778007265412038,0.20201709589096944,120.71592281095805,C2,NA,NA
0.08731938978105858,0.20946217929513788,121.2528729899052,C2,NA,NA
0.09138865102910539,0.2144202052641246,119.5927229911805,C2,NA,NA
0.09568203398449121,0.19443897965822005,119.80743602012488,C2,NA,NA
0.10267510492448348,0.20221065957476855,114.48387220343903,C2,NA,NA
0.09158023914121305,0.19405566485461828,121.29337325626028,C2,NA,NA
0.0968072768621384,0.2069767156650007,120.2699867955934,C2,NA,NA
0.08739108769068632,0.2033682754152161,117.95033932357968,C2,NA,NA
0.09303792683547896,0.1958253217302003,119.62990613356882,C2,NA,NA
0.09680189879339957,0.20531648732671737,119.85541801108216,C2,NA,NA
0.098951441079799,0.2021750777144271,120.61848824697854,C2,NA,NA
0.08854869491554798,0.21276353896744366,117.32505955808767,C2,NA,NA
0.1051603786833147,0.2056205042948013,121.8957791847751,C2,NA,NA
0.1109598664092736,0.20431624551484392,118.66678537197807,C2,NA,NA
0.09820986169303697,0.211092589175271,119.2812275563359,C2,NA,NA
0.09992576628119254,0.20195667428656458,120.85515186040496,C2,NA,NA
0.08647975589032715,0.2042062460256292,119.83495322068524,C2,NA,NA
0.0891223011258506,0.20132650302329302,116.28118519248599,C2,NA,NA
0.09698723064116724,0.20266727919414934,120.8298051085871,C2,NA,NA
0.1041527585117249,0.20030412584415733,114.31454721166759,C2,NA,NA
0.10506117248758069,0.20408699857868082,122.25881642529845,C2,NA,NA
0.1017307302599117,0.19908859654757327,119.57236799840577,C2,NA,NA
0.1097092163705933,0.19777780840173828,121.19158229718937,C2,NA,NA
0.0892916016542626,0.1986454536492357,121.66729779596926,C2,NA,NA
0.08851339862709201,0.20838157472615698,119.2821331307958,C2,NA,NA
0.08502280524375085,0.19748057662572027,118.08535209847967,C2,NA,NA
0.0889406025916756,0.2102909004404446,115.61737489950912,C2,NA,NA
0.10287305705887126,0.20561010579716835,119.57676107492189,C2,NA,NA
0.08488444388540878,0.20540703098508523,121.12367402667239,C2,NA,NA
0.08751123909012198,0.19902049536299565,120.07738047415076,C2,NA,NA
0.09414237037728196,0.2087740311249115,118.39789957514087,C2,NA,NA
0.09180324274262865,0.2065202491503543,118.6083551720966,C2,NA,NA
0.09589904196518335,0.20528796664918236,114.89273078158169,C2,NA,NA
0.08942654680432767,0.20222784999911117,121.5513905778942,C2,NA,NA
0.09504779205260487,0.20058582323285595,122.57165493510932,C2,NA,NA
0.09892050325374968,0.19872829574231574,119.60034151367695,C2,NA,NA
0.09212425983170738,0.1988416173687997,121.03683118871558,C2,NA,NA
0.10004470319148308,0.21456961840805605,115.45619220111867,C2,NA,NA
0.08805234841791722,0.19773014342744943,122.85728116911973,C2,NA,NA
0.10816676418636062,0.1985840810705453,118.46239801727471,C2,NA,NA
0.08380076204454347,0.20495929616553551,113.38166259234364,C2,NA,NA
0.10939062793537897,0.2047349778493977,116.79324243019133,C2,NA,NA
0.08898054824417663,0.1972104574311552,115.11656847023211,C2,NA,NA
0.07936458260922524,0.2085812785469498,119.89533362271034,C2,NA,NA
0.09403886196215276,0.19926681004088007,116.800868108821,C2,NA,NA
0.10469997702639998,0.2015588976318393,118.34027474328717,C2,NA,NA
0.09523423813239187,0.19754415244643325,121.90702410260776,C2,NA,NA
0.0954264740683083,0.20407129564781484,122.34784379430378,C2,NA,NA
0.07978805873580175,0.2085102935190299,118.55429679235816,C2,NA,NA
0.1007255067720557,0.20342029931112016,119.87530728315546,C2,NA,NA
0.10599297912171014,0.19744076975945699,120.61257668566535,C2,NA,NA
0.10148096629750267,0.21147192269189313,119.04415364795588,C2,NA,NA
0.10461129770057993,0.19548569598589863,118.24921893504761,C2,NA,NA
0.0939619546326794,0.20436645871577463,119.86415854584169,C2,NA,NA
0.1023476854295031,0.20179028396304094,116.27466202775231,C2,NA,NA
0.09497504787611874,0.2102078596159025,114.87234097659838,C2,NA,NA
0.09630876293379757,0.20506312901989315,119.23466685248646,C2,NA,NA
0.09269757301982667,0.19683329274685443,122.5005335246853,C2,NA,NA
0.10852539191518748,0.20317152327774712,119.76695107276197,C2,NA,NA
0.09685148261142927,0.19911847468851301,114.89364019344691,C2,NA,NA
0.09098981275999275,0.19639144456863739,114.29444240351026,C2,NA,NA
0.10731460907525214,0.2019218078512658,121.14855816733865,C2,NA,NA
0.10604671022761361,0.20848051306951107,119.07178027434239,C2,NA,NA
0.0991060357965249,0.20459367266744802,121.11916908421145,C2,NA,NA
0.09434566395494409,0.19850448667401854,114.16334852908048,C2,NA,NA
0.08797291998180376,0.2027217810242454,122.01109599844686,C2,NA,NA
0.08435636146186233,0.20126914892011724,116.37682679887882,C2,NA,NA
0.08976158117334458,0.2139322197598671,117.21235612936016,C2,NA,NA
0.10715703309438748,0.20922927825521662,117.52610065612265,C2,NA,NA
0.09717140108671762,0.20223324399990894,123.07128790541597,C2,NA,NA
0.09676810461790694,0.19963913797580185,122.4880494025595,C2,NA,NA
0.09873559001636986,0.20309060793327244,121.55943310683107,C2,NA,NA
0.08842036367554908,0.21214948741934442,121.09167609853814,C2,NA,NA
0.09254793073655664,0.20453551056249328,118.56286505753228,C2,NA,NA
0.09944012504276775,0.2030006609269118,123.25806543455994,C2,NA,NA
0.09643979917120246,0.19227083012970242,119.48275754452648,C2,NA,NA
0.09475911898799728,0.19899904311879255,117.0668638383447,C2,NA,NA
0.09670449425003128,0.19343242641777256,120.44167307459563,C2,NA,NA
0.09814011325475519,0.19700045205797004,115.97072083623216,C2,NA,NA
0.09759514595574262,0.20364781275078786,123.05606384538707,C2,NA,NA
0.10041925922640188,0.19347752923619932,119.70092442376058,C2,NA,NA
0.10230593728987625,0.19818701462002167,118.18841148166335,C2,NA,NA
0.09195047203306406,0.20562108247346947,121.36217599620635,C2,NA,NA
0.08757225706767618,0.204662171331216,120.18970619854989,C2,NA,NA
0.10344327654165043,0.20098415171174042,122.50965850464502,C2,NA,NA
0.09125067064563867,0.20498340821565525,119.78427437664293,C2,NA,NA
0.08930295290454508,0.20343941694508014,122.32533321655038,C2,NA,NA
0.10163054440589007,0.19948993377444013,120.69488868878733,C2,NA,NA
0.1010894976896769,0.21056363167684072,118.95346477181108,C2,NA,NA
0.10799121526509989,0.20928141578992593,118.79684306924257,C2,NA,NA
0.10131784252509841,0.19669618372727124,117.93817400101464,C2,NA,NA
0.08909751462059454,0.2012166585308785,121.66657085248082,C2,NA,NA
0.09237252544279168,0.20724056661904566,116.8995515004824,C2,NA,NA
0.08955250788121295,0.19771425866183906,120.01498101435601,C2,NA,NA
0.09955210927788805,0.2064713150471227,121.50134867807456,C2,NA,NA
0.08866865034047816,0.19856861474828566,120.7312347169754,C2,NA,NA
0.09412554674195367,0.208883911536123,120.19054826786893,C2,NA,NA
0.09996540014112476,0.21020682422357165,118.90609545948082,C2,NA,NA
0.09545992796141155,0.20875462133761793,121.89107920792317,C2,NA,NA
0.09076725636043759,0.20797801660197696,120.33879291779247,C2,NA,NA
0.09821987505801269,0.19715217321585782,117.77699430281206,C2,NA,NA
0.10902081583785213,0.20991090373287752,115.99715607395314,C2,NA,NA
0.10969386209051482,0.2102103288864824,119.68443427512965,C2,NA,NA
0.09112141369589886,0.211249746803121,118.29289629084151,C2,NA,NA
0.10109821651765108,0.20143647087936745,122.38183136592164,C2,NA,NA
0.08584672942076771,0.20678467071924705,114.78787024530656,C2,NA,NA
0.09484553466778899,0.20690208019258455,116.29061271940809,C2,NA,NA
0.10964752715832349,0.19669772621116033,121.82016741629751,C2,NA,NA
0.10831573744458384,0.2072511873235433,117.15744867978151,C2,NA,NA
0.09715769350015971,0.19698418450180613,119.22489556950609,C2,NA,NA
0.10373869597386733,0.20236347510061847,119.35385699981548,C2,NA,NA
0.09206541411580467,0.19573482130017011,121.92378875001349,C2,NA,NA
0.08793494463561911,0.20845510012848756,117.21292200552064,C2,NA,NA
0.09846076548507435,0.19870382316576957,121.41541337286559,C2,NA,NA
0.10068584368062576,0.20533449544125146,122.85881364998777,C2,NA,NA
0.09072042107528609,0.21092907956873264,118.5861462226194,C2,NA,NA
0.09287875915892956,0.20645558133574726,118.3607797139796,C2,NA,NA
0.08290714063570936,0.20476905143964924,117.68269234444163,C2,NA,NA
0.08793195219108746,0.21453335164582749,113.73980194934198,C2,NA,NA
0.09213620329552968,0.19816571415034784,118.72297572232928,C2,NA,NA
0.10447904130702956,0.19948162579063083,120.65615127692601,C2,NA,NA
0.10131919285141497,0.2065747797493642,122.21195934614175,C2,NA,NA
0.09920681829343816,0.20440999335506077,120.97428174121559,C2,NA,NA
0.09304379334805324,0.20201757339529997,123.43681888281242,C2,NA,NA
0.10381861744474295,0.20568230047504704,119.94371377667717,C2,NA,NA
0.09748573657012086,0.19562456502185,120.18839898866221,C2,NA,NA
0.08883208554097108,0.2061175240149771,119.84790788332002,C2,NA,NA
0.1042663732378372,0.20567870824821433,117.91144535475156,C2,NA,NA
0.09387927538860259,0.20096705834774128,120.89592785667281,C2,NA,NA
0.1024977675683898,0.19488336082740293,118.71478807352966,C2,NA,NA
0.09947050832602414,0.20795263824124793,121.35441354424489,C2,NA,NA
0.08983662437401284,0.20691541336755034,121.36380606323615,C2,NA,NA
0.09901587997166054,0.20749008937369562,120.03665968234786,C2,NA,NA
0.09280770140801316,0.1948067107458587,121.43781992645779,C2,NA,NA
0.10368251375484822,0.19468465750708594,119.14981543978439,C2,NA,NA
0.0975275958726158,0.21165893132714317,112.6553132778615,C2,NA,NA
0.09098962837519044,0.2072831877693636,120.24261019891308,C2,NA,NA
0.09488401954666356,0.20266864329810966,119.00494901852102,C2,NA,NA
0.08445919938922787,0.2079279330855444,119.13360171864595,C2,NA,NA
0.09986794288833355,0.21402867076257365,120.69211032945815,C2,NA,NA
0.10627894221144141,0.20793129288405013,116.4424520949197,C2,NA,NA
0.10290140034469238,0.19951249220599904,117.76844267686242,C2,NA,NA
0.09716721266485821,0.20542843424146637,121.75060715291059,C2,NA,NA
0.10126450956629156,0.20909988395150553,119.82737452221812,C2,NA,NA
0.09582821702188767,0.20938655799369754,119.2273270246145,C2,NA,NA
0.10251471816823635,0.20589211422156026,117.46952352207141,C2,NA,NA
0.09340905113182371,0.20445579018551963,120.56336060057049,C2,NA,NA
0.08819136324563255,0.1934419105095264,121.70940666090661,C2,NA,NA
0.09679355065377429,0.20591162905608923,121.8463991381671,C2,NA,NA
0.09422546349116097,0.2107059015509952,119.73515725574761,C2,NA,NA
0.0910676016846407,0.2094185501493516,121.91764364999261,C2,NA,NA
0.09950052272918691,0.20204083186512972,122.49153771297887,C2,NA,NA
0.09776315058940575,0.19246951655349748,119.18205859222799,C2,NA,NA
0.09382589491304855,0.20474389804641255,121.81330969564965,C2,NA,NA
0.09555041799848499,0.203428470762187,122.43222081622145,C2,NA,NA
0.09175220493489976,0.2060203610411386,113.93158105147155,C2,NA,NA
0.09622277959504429,0.19457359011904118,121.22231365219915,C2,NA,NA
0.09822124392903109,0.21247147886709966,120.88538902126875,C2,NA,NA
0.09032937892316249,0.20948798656852427,118.36758190770882,C2,NA,NA
0.09803065428710972,0.2061703446824825,117.87330866067154,C2,NA,NA
0.0990444291130796,0.19430545301895089,121.2478994540316,C2,NA,NA
0.08664520413325161,0.2112621428747365,119.53943029731762,C2,NA,NA
0.1029263400856119,0.19759387760156452,121.29440800968115,C2,NA,NA
0.10083195427601759,0.19793046321889243,119.59705259510659,C2,NA,NA
0.09071568522598508,0.20523616947476375,117.75691403708174,C2,NA,NA
0.10282126584329265,0.19697313081250334,117.04846863580428,C2,NA,NA
0.10212046346205692,0.2036395539809863,122.19592284023135,C2,NA,NA
0.08787895723819926,0.2096256703071531,116.85411876588614,C2,NA,NA
0.08338569692242133,0.20002579167921,120.03919952608376,C2,NA,NA
0.09683721031959275,0.19137120818641243,117.36408615276287,C2,NA,NA
0.09563597574995017,0.2019038627835666,122.44325649054014,C2,NA,NA
0.09487034043695079,0.2002878876498472,119.06819770169973,C2,NA,NA
0.09902379793017632,0.19533278570292179,119.82283707845401,C2,NA,NA
0.09944261068849466,0.20225451169454597,115.17517774897826,C2,NA,NA
0.10340184986379077,0.19986902116795963,120.41062526871515,C2,NA,NA
0.10249147133960614,0.2106500567741203,119.84675602634289,C2,NA,NA
0.09917219142218514,0.20979624620812115,115.81669249285667,C2,NA,NA
0.09419300822270499,0.1952674532304065,119.29211381808511,C2,NA,NA
0.09317758440302407,0.1978357839526408,118.46931876892512,C2,NA,NA
0.08433938411861845,0.1998567685915701,119.46148732550624,C2,NA,NA
0.0860625143229449,0.20121655198963873,117.29338097727812,C2,NA,NA
0.08631310948476979,0.20376011916063091,120.1227681118094,C2,NA,NA
0.10539967814899946,0.21226939921429172,118.17782003702636,C2,NA,NA
0.08366429858236565,0.20086416839199533,119.65712829618015,C2,NA,NA
0.09203863720157555,0.20628766640184126,118.77508004043683,C2,NA,NA
0.09439377712528832,0.19773891507171706,116.39645642499615,C2,NA,NA
0.0860249377012129,0.2083095057813108,120.25355715584035,C2,NA,NA
0.10397220199634886,0.19806169641457533,118.17840976890625,C2,NA,NA
0.10641315023865801,0.2143257287884852,117.74990637872773,C2,NA,NA
0.08790155024386555,0.20028108615328225,121.43427925484299,C2,NA,NA
0.09946310548404295,0.19192247833934847,121.09496377699493,C2,NA,NA
0.07645491448191172,0.19729737586068566,118.20083814791089,C2,NA,NA
0.08859479743507312,0.19343537881661638,115.79881729699423,C2,NA,NA
0.08946580967430015,0.20014265070160023,121.12159174314107,C2,NA,NA
0.09432923769455237,0.20538845714467785,121.3756297613011,C2,NA,NA
0.09148341523501034,0.20537269347523476,119.78276064271671,C2,NA,NA
0.09594952759861404,0.2061674347795299,121.95513435650648,C2,NA,NA
0.1105144019695306,0.1973681530106664,115.83370291797176,C2,NA,NA
0.09157504321689543,0.21315319899418514,119.5198260882089,C2,NA,NA
0.10073414171838149,0.20346782228605625,117.11452846527914,C2,NA,NA
0.09306160701499441,0.2094765488408301,121.03224451544375,C2,NA,NA
0.08575876920178778,0.1967671277807364,121.77791072847076,C2,NA,NA
0.10013403658538404,0.199863066809845,121.46317670598579,C2,NA,NA
0.11162901258339432,0.20313993463440655,115.85303581895081,C2,NA,NA
0.10010935860084687,0.20951483554331404,121.69081320208157,C2,NA,NA
0.09383000833954058,0.20574385532132228,121.71567064642745,C2,NA,NA
0.0966297748377838,0.2113896935811257,119.96031033896861,C2,NA,NA
0.08812042232944553,0.20866474769086038,116.55982764160531,C2,NA,NA
0.0884784026834259,0.20301695381777587,120.49102100343725,C2,NA,NA
0.10653666100162866,0.1900664281387886,114.4732569361278,C2,NA,NA
0.10765612714976236,0.18989198353099374,114.54358477367417,C2,NA,NA
0.10306841732856896,0.20021169107266057,120.5800473907188,C2,NA,NA
0.09721441868194815,0.21254645951090004,119.39834733879586,C2,NA,NA
0.08660437622595465,0.20465714686234593,121.12057916492688,C2,NA,NA
0.08286690971457883,0.21031346224312758,118.58120793973538,C2,NA,NA
0.0883452600294276,0.19706851517016882,116.1885548938748,C2,NA,NA
0.10273645634752701,0.21088824983013937,119.87263823828414,C2,NA,NA
0.09226828215769035,0.2052873512188723,120.6686904227044,C2,NA,NA
0.08714387020511363,0.20438341796062517,120.36402942229627,C2,NA,NA
0.0902289946616285,0.21334293070815857,119.32555789230499,C2,NA,NA
0.11005423733190556,0.2022725235060282,121.8278480294658,C2,NA,NA
0.09626940486742454,0.19577846976364985,119.10726051972016,C2,NA,NA
0.1067888716223238,0.20469124581986295,115.80786651755557,C2,NA,NA
0.08865590168268321,0.2048787282645969,120.96684203912305,C2,NA,NA
0.08660397542391952,0.1991459448313962,121.12496075260428,C2,NA,NA
0.09992042528018334,0.203750436622977,122.27129835288238,C2,NA,NA
0.09534873937038811,0.20384880545563777,122.90080370099696,C2,NA,NA
0.09916011193990279,0.19072061941552076,119.69980853543122,C2,NA,NA
0.09715909836204763,0.19700578129022034,114.26157333149746,C2,NA,NA
0.10298987730578024,0.2012391340440374,120.41963206610225,C2,NA,NA
0.09941832479027028,0.2008995719831232,116.70540484385221,C2,NA,NA
0.09489522898271908,0.19073376063533207,116.8342550625713,C2,NA,NA
0.10104507539788092,0.20410309619288058,119.74630928288741,C2,NA,NA
0.09918337654771626,0.20532982752220225,122.22147215837042,C2,NA,NA
0.09643962366796476,0.19996146592747857,122.15414195991787,C2,NA,NA
0.08689390069581633,0.19161053802369638,119.18312928289218,C2,NA,NA
0.09253029935588103,0.21656688586629516,116.84620556503475,C2,NA,NA
0.09251469886197432,0.19876707183883222,121.06614554245138,C2,NA,NA
0.08679665466311642,0.20275443187231662,119.0200095771045,C2,NA,NA
0.08612067060382389,0.20477822084028202,116.44161282181462,C2,NA,NA
0.09522342914049335,0.2046464010940614,122.30090408702557,C2,NA,NA
0.10636036086123893,0.20416087987198644,120.88669348081699,C2,NA,NA
0.08159402225185486,0.20418444730067287,112.68955419013392,C2,NA,NA
0.09797134474879529,0.20833275569638401,118.59838066253049,C2,NA,NA
0.09618607064894166,0.19802285512084516,121.06332596508724,C2,NA,NA
0.0921977641458876,0.2052419720344464,121.27153666617878,C2,NA,NA
0.0900073976475884,0.201574797349285,116.95942533388097,C2,NA,NA
0.09794369103976973,0.20268360997014906,121.403553569759,C2,NA,NA
0.0966256816383687,0.20634616393713504,120.22259022466834,C2,NA,NA
0.10215598683561526,0.19364594122075157,119.71718970514462,C2,NA,NA
0.09093535043450446,0.20081009701249317,120.92785584309028,C2,NA,NA
0.10236440292305238,0.20419984735476993,118.51304177890154,C2,NA,NA
0.081741792825949,0.20157492777595667,119.96925407589885,C2,NA,NA
0.11309741171091657,0.20373089070614886,115.76042210927594,C2,NA,NA
0.09994761365015341,0.204608349928123,120.75318737478182,C2,NA,NA
0.10209872090254811,0.20415235413252517,120.90318731969855,C2,NA,NA
0.1019653056974793,0.20007064470729857,121.42650914984867,C2,NA,NA
0.09225364296945067,0.20217126950873282,120.5383306255445,C2,NA,NA
0.10342641711983595,0.2026249154826667,122.91083338174703,C2,NA,NA
0.10475760672880867,0.21205158223179577,120.97692703120603,C2,NA,NA
0.09397313529099233,0.20833461013119267,118.361870018758,C2,NA,NA
0.08021988491403083,0.19705251102309773,119.33001147536949,C2,NA,NA
0.09791464010800494,0.20476653918481522,119.26136695707423,C2,NA,NA
0.09295819595153924,0.19525552478508695,119.39434121885401,C2,NA,NA
0.10139507647263798,0.19546395070117079,118.38164210627497,C2,NA,NA
0.0982570272305409,0.19426581080926625,120.18561759630161,C2,NA,NA
0.10758182387804072,0.20120375904020202,121.05636096308321,C2,NA,NA
0.10070190057106546,0.20109587112153243,122.43992776650073,C2,NA,NA
0.1024593956961527,0.2086000893275023,122.20501296793915,C2,NA,NA
0.1042671378371256,0.20411007593700775,120.8255348512922,C2,NA,NA
0.10335766010483967,0.21043375903957756,117.0799543895525,C2,NA,NA
0.09817693806806496,0.19736387165603247,120.12323026485764,C2,NA,NA
0.09604264251788627,0.20361063806987087,116.63121510840922,C2,NA,NA
0.08685374921975085,0.1950320617937379,116.33697247130351,C2,NA,NA
0.10257716090758931,0.20473739640883615,122.06595152903022,C2,NA,NA
0.10112952874691736,0.2063227979712577,122.37484147604815,C2,NA,NA
0.09892088225024467,0.19536077794784357,119.6989263786644,C2,NA,NA
0.08998837526870312,0.1986482020415739,120.78194336906495,C2,NA,NA
0.09906464835652058,0.20572181035005088,120.8694526380765,C2,NA,NA
0.10256135211437085,0.20410332578249604,120.77246052971611,C2,NA,NA
0.09767461533568997,0.20178715557591814,121.32773268401544,C2,NA,NA
0.10525394317812692,0.19795048593338402,121.31826118385929,C2,NA,NA
0.09865169135396326,0.19733912833354655,120.52029564723117,C2,NA,NA
0.09519269716646643,0.21545960866600514,118.95148437862986,C2,NA,NA
0.0920093803205731,0.19771938131050254,114.77848084711403,C2,NA,NA
0.09654516026423891,0.19792048666484124,119.6141283990787,C2,NA,NA
0.08940916648335905,0.20385449542655362,121.42136495155933,C2,NA,NA
0.1011535357611622,0.19880037203979098,117.33633403494855,C2,NA,NA
0.09643358391024742,0.20656790984292103,119.50776313393627,C2,NA,NA
0.09770375564857228,0.2065902432182716,121.67260570231292,C2,NA,NA
0.07763970975103987,0.19831662984971882,117.23827511394589,C2,NA,NA
0.09503406371206924,0.20071907334218297,115.34505248598357,C2,NA,NA
0.0953563782983714,0.1976032744581084,122.23275686701363,C2,NA,NA
0.09621493513164836,0.1938415645248387,120.9911681435251,C2,NA,NA
0.09401086591469232,0.20291659018888383,117.84087046637778,C2,NA,NA
0.1089953792837569,0.21857777325030106,113.44993608265624,C2,NA,NA
0.09837791313578191,0.20923742250384264,117.53825524499005,C2,NA,NA
0.09713510455108748,0.19934086440707915,122.57432042339141,C2,NA,NA
0.09898018897991329,0.20135072065976412,122.3099801508238,C2,NA,NA
0.10080839959252955,0.20268347795844324,121.04510851179751,C2,NA,NA
0.09624761702722412,0.19801851225839381,121.91918220784378,C2,NA,NA
0.11014730684591527,0.20271980692557257,121.13586325685255,C2,NA,NA
0.08774899459882475,0.20368969836521889,122.20860266946156,C2,NA,NA
0.10695039337879615,0.20786490233481764,117.47061509099368,C2,NA,NA
0.09096275761947399,0.20299527040977133,120.8740147789568,C2,NA,NA
0.0971556918284002,0.20361693335474138,122.17227930665912,C2,NA,NA
0.09848686109171634,0.19774342294610198,116.40997460253371,C2,NA,NA
0.09893446758212496,0.20524022112807966,120.63136947146363,C2,NA,NA
0.10155476439207033,0.19177995329821235,118.62808901603687,C2,NA,NA
0.09919019451022112,0.19314342421413544,119.32957256029682,C2,NA,NA
0.09502548819654041,0.2009240832982789,121.93397323483435,C2,NA,NA
0.09819237330850145,0.20553305326666302,119.48883020394678,C2,NA,NA
0.09513192482895634,0.19962744173244384,120.10693815773745,C2,NA,NA
0.09856831318886343,0.19560633078938677,120.09093510529466,C2,NA,NA
0.09551101155308354,0.1946386383666191,118.90722931433548,C2,NA,NA
0.09808428342089733,0.19705799183076733,121.38092231117457,C2,NA,NA
0.08579267175316108,0.2096900163355643,118.48665047162226,C2,NA,NA
0.09332865830796994,0.19212026587190323,119.33087638951042,C2,NA,NA
0.08545951858257293,0.1945851276033151,120.18657071775026,C2,NA,NA
0.09654561150456274,0.20118466928632447,119.27136712038217,C2,NA,NA
0.089029489210152,0.20223828776404573,120.60136564896251,C2,NA,NA
0.09302627129185441,0.21434281173807743,116.69809897830075,C2,NA,NA
0.0961042787790901,0.20147925877575162,120.08189667354814,C2,NA,NA
0.10038490806992646,0.20027849478183446,121.55920979902686,C2,NA,NA
0.0988390710259966,0.20177697157045357,121.65833399155747,C2,NA,NA
0.09414270871845593,0.21720679420028838,118.41197848587807,C2,NA,NA
0.09552038738799315,0.22470629227083652,114.06804894382135,C2,NA,NA
0.10100852708950604,0.19859114457765728,121.62634465554038,C2,NA,NA
0.09958447005499811,0.19860870493733043,119.95543517309517,C2,NA,NA
0.09216671707987303,0.20315890578145457,122.38182006896693,C2,NA,NA
0.07486972615409346,0.19809754772229224,112.49479013194049,C2,NA,NA
0.09395364687334477,0.21312940153294058,119.3372292248706,C2,NA,NA
0.09491039110767865,0.19976133179817554,122.51849327342248,C2,NA,NA
0.07758732260884418,0.19995147109756528,118.88513555973498,C2,NA,NA
0.10163283754230666,0.18795427010360102,118.52447925232732,C2,NA,NA
0.10072917814565925,0.2051127069475297,123.47481281896368,C2,NA,NA
0.09673457536331988,0.20301588776621357,122.38386662077916,C2,NA,NA
0.08339955808819723,0.20470582707432902,118.52678273477954,C2,NA,NA
0.09401057464465438,0.2000682894183614,120.45687252693304,C2,NA,NA
0.09406364962226854,0.1977105492825395,120.78522234094272,C2,NA,NA
0.10392003512434012,0.19601310207223038,116.52939330388605,C2,NA,NA
0.10317355090415747,0.19475015766112552,121.58535265238527,C2,NA,NA
0.11414191007441139,0.20231261304347736,118.67636366609483,C2,NA,NA
0.09584876090639012,0.20036312879235119,119.13317214721306,C2,NA,NA
0.08459311227063127,0.19914660146203536,121.00990472613641,C2,NA,NA
0.10249243311464643,0.21879185853150485,117.7652443073393,C2,NA,NA
0.1041045123585986,0.20860304273272468,119.79147098533106,C2,NA,NA
0.0871308864318601,0.20026924151344533,115.18270805521585,C2,NA,NA
0.10386731302082829,0.21404822168502424,119.93893139853344,C2,NA,NA
0.08822565732472311,0.20627918832776737,122.05606721892144,C2,NA,NA
0.08133922427547911,0.1977378060530632,118.55166999867583,C2,NA,NA
0.09096989201896874,0.19807387774720386,118.45854425773886,C2,NA,NA
0.08404836372092747,0.2042348168887083,120.80249197175752,C2,NA,NA
0.10129793572724512,0.20439540109735632,116.17809488248041,C2,NA,NA
0.10421708949058893,0.19653781454801592,121.66194504050242,C2,NA,NA
0.08251833986835548,0.1979645860427566,119.07763459458674,C2,NA,NA
0.09486243562886626,0.19961883422301988,116.54098913539872,C2,NA,NA
0.10618899229920124,0.21455925499189285,119.23184646308667,C2,NA,NA
0.10179887108318744,0.20098955022498075,123.16368891098895,C2,NA,NA
0.08465946200884727,0.19806247895419138,119.39966330293873,C2,NA,NA
0.11086406613510741,0.19530410039428614,118.11594442174746,C2,NA,NA
0.09817722736054373,0.2070257448126504,117.09227665183568,C2,NA,NA
0.10029891663041925,0.19994007444555442,121.86266158939786,C2,NA,NA
0.09177582827089596,0.197987533102342,121.21937671875418,C2,NA,NA
0.11083746118627509,0.19721566924769204,113.4949095024889,C2,NA,NA
0.10241338696043686,0.1967547855007273,118.18783824872861,C2,NA,NA
0.0837030743775421,0.21027276937745476,116.20452441059915,C2,NA,NA
0.08991925651715325,0.19231893317270013,116.86065236182237,C2,NA,NA
0.0918161934576989,0.20201309048932972,119.11089991196467,C2,NA,NA
0.10332187720766221,0.19891573655188208,122.08885963378046,C2,NA,NA
0.10098761045245117,0.2071412233363059,120.7397993616666,C2,NA,NA
0.09095966496112914,0.2114395113908723,119.72710035991969,C2,NA,NA
0.09257700404799406,0.2057723429017141,121.71935500939381,C2,NA,NA
0.10657969765821032,0.20037261576799015,118.15552839296797,C2,NA,NA
0.10013547990645914,0.2060590734561944,120.58490402172598,C2,NA,NA
0.11733351195184684,0.20024610232251425,118.17592964173613,C2,NA,NA
0.0913392278982525,0.20460093537268093,118.92372948482435,C2,NA,NA
0.10236782644071382,0.1941295243213339,118.7504057172965,C2,NA,NA
0.10043120061295402,0.20815031274877674,120.19562006044657,C2,NA,NA
0.10411448408462094,0.1957701715871166,118.71193453379065,C2,NA,NA
0.09187122665243774,0.20463508988779788,121.14993917232209,C2,NA,NA
0.10174478311303937,0.19418914200182397,119.10477649799793,C2,NA,NA
0.1056677026331682,0.20566117784667187,120.93877457705437,C2,NA,NA
0.09060011647083892,0.19867387039449674,122.01355016188573,C2,NA,NA
0.08914621119265204,0.204573594138306,119.28769179366296,C2,NA,NA
0.0957038213127682,0.20523071520711897,121.54815512752472,C2,NA,NA
0.0998361811477143,0.20383177900870988,119.03997951693486,C2,NA,NA
0.1071642023607692,0.2110849993465831,115.01451108666662,C2,NA,NA
0.10187909412343024,0.19183847794751302,120.75452122341537,C2,NA,NA
0.09537031096171354,0.20072484609688646,120.57180805863327,C2,NA,NA
0.10084860021941185,0.19963505910562634,121.01169954355808,C2,NA,NA
0.09349459734875663,0.19105559238717357,120.29684635395301,C2,NA,NA
0.08541469855379788,0.19837922366062127,121.38765075697755,C2,NA,NA
0.0934379728106842,0.20639152545527076,118.92865040974245,C2,NA,NA
0.09051908087563842,0.20822909871398848,119.72489309397832,C2,NA,NA
0.0986652408138445,0.2112804531970438,117.61373870156207,C2,NA,NA
0.09468277650571146,0.19863283790175118,120.97246243036767,C2,NA,NA
0.09624761702722412,0.19801851225839381,121.91918220784378,C2,NA,NA
0.1018586049426315,0.20138149460729204,121.43048837418108,C2,NA,NA
0.09524596715947409,0.20905078126653112,120.79414034662867,C2,NA,NA
0.0825596874493701,0.19634374754503803,117.15785571944916,C2,NA,NA
0.10462757528626676,0.211295942026591,119.38836682455923,C2,NA,NA
0.10048971745118337,0.21068546103299923,118.70870218170873,C2,NA,NA
0.08674561278876376,0.1951424314942617,118.13466624927524,C2,NA,NA
0.09406576702264058,0.20424614951608852,121.20237443035086,C2,NA,NA
0.09767932123274317,0.19735177789618347,117.20107945374421,C2,NA,NA
0.09199726870561463,0.20277518547790385,117.3358126779509,C2,NA,NA
0.09358576256631038,0.210738527889458,118.0936398627612,C2,NA,NA
0.08889128187445285,0.2025281271850352,122.54244300344443,C2,NA,NA
0.10946576070268375,0.19777858363316594,117.9253864638879,C2,NA,NA
0.09892356770562383,0.209648867879774,120.23290026066427,C2,NA,NA
0.09910562057228876,0.19577412597553276,112.98246068134807,C2,NA,NA
0.09075443074667368,0.18643393030284294,118.09524949686934,C2,NA,NA
0.09218128554070917,0.2012974956245299,117.41422595781334,C2,NA,NA
0.10130918283225772,0.20526252969793707,121.3397766629512,C2,NA,NA
0.0924009600297821,0.21032070866787017,118.96703975305486,C2,NA,NA
0.0985572276205764,0.20315233544384143,119.4789332350131,C2,NA,NA
0.10045870638741876,0.20715970955913832,120.73845902310343,C2,NA,NA
0.09590609952939072,0.20308348666636022,122.70394308719987,C2,NA,NA
0.07877569726039206,0.208119535178892,114.07566021731061,C2,NA,NA
0.0885121613140996,0.1935810846283227,118.97171685429488,C2,NA,NA
0.09396198979804209,0.19357475158245796,117.60003449823117,C2,NA,NA
0.10849434642539896,0.19682504426528147,118.1745565268083,C2,NA,NA
0.09646273483197522,0.21409801075007476,119.20784609381974,C2,NA,NA
0.09491091654372014,0.2081966883049144,121.9986498532804,C2,NA,NA
0.0964429009254643,0.20265579490819893,122.4429991966577,C2,NA,NA
0.09872493095835735,0.209449401548724,121.07085744685695,C2,NA,NA
0.09025342073761371,0.2040304040996366,121.66170705608397,C2,NA,NA
0.09638366460074009,0.2086624932473631,118.08748842759836,C2,NA,NA
0.10414427932356808,0.19966611528154346,119.13861842100543,C2,NA,NA
0.09590952916816459,0.19709865232723914,121.52864023543827,C2,NA,NA
0.11532894335703746,0.20905274661961962,120.11256567988839,C2,NA,NA
0.10274416890631607,0.20734942237710774,117.44350704521786,C2,NA,NA
0.09654047598563464,0.19929342054574192,120.02621826943334,C2,NA,NA
0.1075544980912224,0.19447227363304515,116.97340491408654,C2,NA,NA
0.0940867621223108,0.1925975281642024,118.96861155083634,C2,NA,NA
0.0984397300067137,0.194298519393734,120.35766186371951,C2,NA,NA
0.09525700836396268,0.2065295045269454,117.9323355353468,C2,NA,NA
0.09954950779741943,0.2005694146133425,122.11333594549932,C2,NA,NA
0.10095728926689719,0.19290142485006032,119.13326083899827,C2,NA,NA
0.09652660501308391,0.20579853261186515,120.09459113341153,C2,NA,NA
0.10471890490485289,0.2099282779910452,119.43163189354796,C2,NA,NA
0.09554230526593178,0.20396571556200055,121.12615855162012,C2,NA,NA
0.09005215027760334,0.20736021121899711,115.85764230797295,C2,NA,NA
0.0876866100432397,0.19224680458451987,114.45756015964771,C2,NA,NA
0.10110480688772314,0.19616234059444157,119.83288703654961,C2,NA,NA
0.09341916136134591,0.2029233674445051,120.69026859956558,C2,NA,NA
0.08560677471108376,0.20651243501362293,121.6567053069252,C2,NA,NA
0.10421708949058893,0.19653781454801592,121.66194504050242,C2,NA,NA
0.08605474977815458,0.19274865097922766,118.16053220507736,C2,NA,NA
0.09721102019682426,0.20571629182632237,119.99238258796588,C2,NA,NA
0.1012090328336287,0.19882644200020644,119.44266265469179,C2,NA,NA
0.08583115231279127,0.21209406353896576,118.76495104087628,C2,NA,NA
0.09836880226277334,0.2076032298781484,120.32765158357522,C2,NA,NA
0.08805088483453725,0.19867173743158714,118.72780351087654,C2,NA,NA
0.09981707133739214,0.1940992647477355,120.37276347491499,C2,NA,NA
0.09419314604700103,0.20146586856056148,121.53665536967951,C2,NA,NA
0.09143885494932374,0.20486354368824888,121.64739024730784,C2,NA,NA
0.10645687936995007,0.20443862389171802,120.59273009572088,C2,NA,NA
0.08469707039549937,0.20373049141393945,121.62584934274268,C2,NA,NA
0.09770074430878198,0.2003764831712494,119.96929289620837,C2,NA,NA
0.10128329253481469,0.21255907019481401,120.33328438913802,C2,NA,NA
0.07983055134900571,0.1943573374153354,117.61691123647537,C2,NA,NA
0.09498613715178603,0.20958792474060567,118.14355310107736,C2,NA,NA
0.10110783393096005,0.20999259806080905,116.6287838283925,C2,NA,NA
0.09044717210909733,0.20832547919287547,117.74854429160618,C2,NA,NA
0.10718282656707681,0.20660370280642243,116.31983637059643,C2,NA,NA
0.09643123094609236,0.19572432359979766,119.61811146080427,C2,NA,NA
0.08747208074556638,0.20964682262344903,117.67242165582692,C2,NA,NA
0.10904393366205653,0.2181553853561574,114.2836142299185,C2,NA,NA
0.09377571260158787,0.20367097868236012,116.70305065344932,C2,NA,NA
0.08419718808170368,0.20372060208465329,113.18487659004182,C2,NA,NA
0.10509573924324964,0.215804051093481,117.24899145893569,C2,NA,NA
0.09042666640443615,0.20258899627171217,120.93393498616275,C2,NA,NA
0.08777998744663486,0.20229362982272336,121.07321431565609,C2,NA,NA
0.12095076909854995,0.207614078351476,114.64689590839727,C2,NA,NA
0.10281644492844272,0.21065111005642856,114.78052074719463,C2,NA,NA
0.08808677301192974,0.1941413727476054,117.96513581633025,C2,NA,NA
0.10821866413070282,0.20354272988202593,121.30694380524407,C2,NA,NA
0.08106855611185255,0.2114065666538681,116.0944677926769,C2,NA,NA
0.09907646363538192,0.20346701497463618,119.19420031716861,C2,NA,NA
0.08752306893986808,0.20233579241120858,117.24569228588152,C2,NA,NA
0.09444113994658856,0.20260835017354237,117.36336549859321,C2,NA,NA
0.10770599741241677,0.204057495784274,116.78651129860287,C2,NA,NA
0.09250060011357013,0.20593880125013744,118.7377553271624,C2,NA,NA
0.09535964105142311,0.1927506054589862,120.58722374025602,C2,NA,NA
0.10652860497431398,0.21084390601523714,117.8032453006843,C2,NA,NA
0.09669565792823273,0.19967322667602921,121.39734947976454,C2,NA,NA
0.09908332639930528,0.20361889044981057,116.90640564832445,C2,NA,NA
0.11459092375028465,0.2024787854330783,117.62586993330147,C2,NA,NA
0.1058810235647492,0.2033683501231441,119.288642563909,C2,NA,NA
0.10490991353249532,0.19900282676398237,119.72820596098907,C2,NA,NA
0.09936402103415437,0.20055181196309008,121.36267234410998,C2,NA,NA
0.09674411490505067,0.19364217690320196,117.01145159847897,C2,NA,NA
0.09410368410868467,0.20163640638035452,121.9739168577324,C2,NA,NA
0.09363560607517012,0.199837839616548,119.49857959529251,C2,NA,NA
0.09252363284396282,0.2084189500777176,118.46160074315233,C2,NA,NA
0.10421852996774701,0.20730896613967045,116.55637365096356,C2,NA,NA
0.10230304026702458,0.2010803571861851,118.47202105612578,C2,NA,NA
0.09289340920346664,0.20821354184573082,121.213991391627,C2,NA,NA
0.08913516444525665,0.20113786121500005,120.70954560753371,C2,NA,NA
0.09937699363780647,0.20101716578794285,121.99462638696318,C2,NA,NA
0.10035426028618917,0.2104064466357663,118.67164977526785,C2,NA,NA
0.10159644941652268,0.18752933788688517,115.92114815326929,C2,NA,NA
0.09895496763313838,0.1967978657554646,116.62994453487536,C2,NA,NA
0.09457666125433714,0.1964260887686735,116.88696382232706,C2,NA,NA
0.08422133477254928,0.1944505574803437,120.17723838864818,C2,NA,NA
0.095806412176126,0.19970056959052046,120.44081894152556,C2,NA,NA
0.09156533339736928,0.20728952837664308,119.76032106601028,C2,NA,NA
0.09416882698997132,0.1997773433305155,122.51726519759974,C2,NA,NA
0.09335370326249931,0.2028558278906351,118.08712030411606,C2,NA,NA
0.09868339710998089,0.20062867716250954,121.33613381867582,C2,NA,NA
0.09987201223264403,0.20026681460218626,120.52358870708348,C2,NA,NA
0.09959621173626829,0.20555995293257592,120.15015620391297,C2,NA,NA
0.09645542183164023,0.19970021154547354,120.28001801778692,C2,NA,NA
0.11074330203756207,0.2096207675422304,116.23699853350759,C2,NA,NA
0.08881992527594702,0.20627332872852794,121.21662365283753,C2,NA,NA
0.10987944042635059,0.20136869899617027,119.4416437876989,C2,NA,NA
0.08979285244991213,0.20352670539578355,120.63280760006658,C2,NA,NA
0.08398875179350179,0.20545369710237363,120.65001244982638,C2,NA,NA
0.09371605428862548,0.2017450017081353,121.85187734322132,C2,NA,NA
0.0977643931475304,0.2131059061974166,114.30384958358663,C2,NA,NA
0.09879780691551665,0.20311791963546905,121.39764354648251,C2,NA,NA
0.1084721584881131,0.1946725192302925,120.7719335300422,C2,NA,NA
0.09103528021845474,0.20367574945073497,119.83450379137955,C2,NA,NA
0.09135211100264407,0.2118670335198565,119.61268714894588,C2,NA,NA
0.10830011509904258,0.1937617458963748,119.21957672597945,C2,NA,NA
0.08887551993731939,0.19902308720536357,116.57020721122919,C2,NA,NA
0.10553155218836902,0.20728321234046732,118.22683562069204,C2,NA,NA
0.1165622656500145,0.21601378426194554,112.04892575935243,C2,NA,NA
0.0916510335428854,0.1910075749398058,119.68920349909618,C2,NA,NA
0.09347080789215521,0.19987829244857644,118.33101112616471,C2,NA,NA
0.08411198557645426,0.2075332857552921,119.26099620716577,C2,NA,NA
0.11583226127387664,0.2037103881722953,117.43763524883612,C2,NA,NA
0.10322477973232269,0.20414087113452384,118.3757472061965,C2,NA,NA
0.10583166502097811,0.1924196080215555,120.64120401089114,C2,NA,NA
0.10007063856452705,0.1980064486356836,122.56357279162683,C2,NA,NA
0.09474930092041035,0.1999443348260471,122.62469639593186,C2,NA,NA
0.0982600089734815,0.21022015430058283,119.79363726777906,C2,NA,NA
0.0842900124091404,0.19816359839670544,117.62024297828833,C2,NA,NA
0.08448953035085749,0.20608504121587584,118.33882659393292,C2,NA,NA
0.09460942437215702,0.19653273378282282,116.07820701567466,C2,NA,NA
0.09801817735905341,0.19999812272692147,122.11355856667836,C2,NA,NA
0.09990914428965823,0.20152460291070734,121.83068623158485,C2,NA,NA
0.09531336556451755,0.20436177186893725,121.75159920096402,C2,NA,NA
0.0958982912726726,0.21211494831130853,120.69395569409642,C2,NA,NA
0.09037673774732628,0.21392354016850307,120.26620493131887,C2,NA,NA
0.09094607733346266,0.19736225931302256,119.2115103522296,C2,NA,NA
0.0805781141806966,0.20254449161235424,117.93402712145273,C2,NA,NA
0.1128068686545478,0.20878370629703524,118.5024873448312,C2,NA,NA
0.09174363768603455,0.19938753342753548,119.3449001193033,C2,NA,NA
0.10281865912302948,0.19645151960217283,118.17568268380948,C2,NA,NA
0.09561604839937472,0.205574214213152,121.76881514426454,C2,NA,NA
0.10039598000862703,0.1963526898970727,120.25966564857129,C2,NA,NA
0.09809172571478147,0.19078952385489834,120.59043021219473,C2,NA,NA
0.09786987004330366,0.1980144610064966,122.1004938628603,C2,NA,NA
0.10995523980273189,0.20424266111434025,120.93160624875387,C2,NA,NA
0.10428595551924515,0.2038131154825935,122.12977655979914,C2,NA,NA
0.0897931792210955,0.20113112849894807,112.36263699515315,C2,NA,NA
0.0836074151383421,0.19626401846180533,118.51248907522283,C2,NA,NA
0.09641117782356363,0.20524039906443886,121.38515871710798,C2,NA,NA
0.10406118780557999,0.20407098403038795,118.21584543744463,C2,NA,NA
0.09628938446873432,0.19813233126777513,121.2654196686528,C2,NA,NA
0.09230770514300948,0.19676921297632208,121.61943288824925,C2,NA,NA
0.08731414451399154,0.1959606358288549,118.91081104917929,C2,NA,NA
0.08814138143244359,0.20491706384203634,120.45485631945732,C2,NA,NA
0.11239570532984895,0.20529393052382136,117.38369292970816,C2,NA,NA
0.09589266902786002,0.19912603053341613,115.71812097743232,C2,NA,NA
0.09526190361298624,0.20964340032186116,119.48891701950149,C2,NA,NA
0.09484934865593049,0.20395553710756947,120.83098797700492,C2,NA,NA
0.10710288712072587,0.19947530191018356,114.86081884324362,C2,NA,NA
0.09308378725683576,0.203084217377814,118.63843640893727,C2,NA,NA
0.08728945991325343,0.20122765737404139,121.77424037780656,C2,NA,NA
0.0976549412860057,0.19968597147486816,119.4571556731019,C2,NA,NA
0.08610682565195575,0.1984711208231597,120.53464792915925,C2,NA,NA
0.08999927620531854,0.2079438422208539,119.5157128344605,C2,NA,NA
0.09392118438605469,0.20189409730996755,120.66976810447613,C2,NA,NA
0.10867892578991212,0.19827329504047297,118.08551841278312,C2,NA,NA
0.09948287719478614,0.20396978830560467,122.57465688495986,C2,NA,NA
0.10248778791781717,0.20012052656712281,114.33452131749927,C2,NA,NA
0.0931807616560272,0.2076760292664468,117.7656733401448,C2,NA,NA
0.10944962675707288,0.197274846599317,119.19441762702485,C2,NA,NA
0.08832760120619403,0.19731311302056379,118.35570953516243,C2,NA,NA
0.08334603083818856,0.20572193801480365,115.20120309379449,C2,NA,NA
0.10252896162455996,0.19797918672510464,115.92667345066607,C2,NA,NA
0.10245237971941429,0.20111879412869096,120.84968278483211,C2,NA,NA
0.1043855097681862,0.19891583830756465,121.33854540755027,C2,NA,NA
0.08857795895026267,0.19700208514243117,121.90960043274477,C2,NA,NA
0.10238186699138288,0.19364486137868717,120.86736894667585,C2,NA,NA
0.09363774969401403,0.20847093859518387,122.41436087477275,C2,NA,NA
0.09514056775096494,0.2008435383379032,119.3096329265603,C2,NA,NA
0.10988808694097862,0.20346993289592363,120.41530672264585,C2,NA,NA
0.11132552956200013,0.20280168428293985,120.14728092758814,C2,NA,NA
0.11401085883464702,0.2027837657322824,119.48978765701362,C2,NA,NA
0.10461223773979587,0.19640571490754186,118.0089602773054,C2,NA,NA
0.0824843837063509,0.20977687515352972,117.34455232053998,C2,NA,NA
0.08927413018858237,0.2060606183888512,116.83046843986058,C2,NA,NA
0.09187845040825326,0.2016798163252803,120.99902532557434,C2,NA,NA
0.12136685966828532,0.19916221781919946,116.07271425124883,C2,NA,NA
0.09563868148312257,0.20078861362492917,116.41034716697509,C2,NA,NA
0.09895242816044927,0.20522650391082814,116.98272894073403,C2,NA,NA
0.1067556445722662,0.19459636814630427,118.57928267058155,C2,NA,NA
0.0889720067317909,0.20685881787777136,122.41349817741373,C2,NA,NA
0.09218658072453294,0.20062618139502225,118.71445186138415,C2,NA,NA
0.08967007303226433,0.20036003228815502,118.89959966793478,C2,NA,NA
0.09985625470560595,0.2064631823048804,123.03193254893327,C2,NA,NA
0.09866370148170027,0.20980782503244683,115.88968872757083,C2,NA,NA
0.1055000632642743,0.1921362994767711,118.70724459196144,C2,NA,NA
0.09452989915892034,0.19757373208501713,119.8830478763812,C2,NA,NA
0.08442890175479427,0.20081614354160304,118.87913194330137,C2,NA,NA
0.09581169183046319,0.1993106141405751,119.6012899827744,C2,NA,NA
0.0957775083044524,0.19857146124237707,118.78740942508499,C2,NA,NA
0.09267009867182842,0.2035786113610427,121.90139336355057,C2,NA,NA
0.09211929566821633,0.2010961086093297,116.83325433255295,C2,NA,NA
0.09992794475124345,0.2125979181050386,119.27797586533084,C2,NA,NA
0.10271520202782794,0.20750781165032955,120.71619879177469,C2,NA,NA
0.10018869922247502,0.19631097209508103,120.716012121506,C2,NA,NA
0.10158774862495096,0.19733514031809035,122.29397623423961,C2,NA,NA
0.09836481667863305,0.20284252837476263,119.56921820150919,C2,NA,NA
0.10693472060585334,0.20173345937331244,117.87302781656263,C2,NA,NA
0.09616402435647181,0.21126778541287344,119.82506879721421,C2,NA,NA
0.08930805799205489,0.19965886484334017,118.59347639485829,C2,NA,NA
0.10046415093940282,0.2021653731234908,117.09932313819856,C2,NA,NA
0.07948304054206738,0.19209014676779076,117.15381611183334,C2,NA,NA
0.08213621819739467,0.20449659954435537,119.5539768029253,C2,NA,NA
0.08831956257354832,0.19047959369129636,118.4558130990955,C2,NA,NA
0.10630027386640555,0.20073328574460803,117.06588673009081,C2,NA,NA
0.11217951615516396,0.19424617183664988,117.97558446386407,C2,NA,NA
0.09299371969396616,0.20152488815081981,118.48854636859218,C2,NA,NA
0.08976058917140375,0.21667508920575532,118.16454736016954,C2,NA,NA
0.09026974558376341,0.2098360107784816,119.52069606647655,C2,NA,NA
0.10278303226958971,0.19655631140597069,119.39647152355236,C2,NA,NA
0.10571643867173376,0.2079519381305112,118.51964068887477,C2,NA,NA
0.08750233614792972,0.19335158488145213,119.76574992961645,C2,NA,NA
0.09003858120836501,0.20642470656130524,118.81853867971994,C2,NA,NA
0.090032359806592,0.20328487885420823,118.77702289008293,C2,NA,NA
0.09243786715516936,0.19433690629737732,120.31084475286075,C2,NA,NA
0.088832009636687,0.20503000096735338,114.20602005475337,C2,NA,NA
0.09217869453634207,0.20594753223728812,120.69538190339955,C2,NA,NA
0.09525333988286062,0.2058204150207742,116.23620405404357,C2,NA,NA
0.10017721918078593,0.20517680395308752,120.22837661916641,C2,NA,NA
0.09215441026762748,0.19429174282461462,115.33826426912347,C2,NA,NA
0.08748221444204536,0.1966227657148184,117.58803603717907,C2,NA,NA
0.10779750262177426,0.203350903703054,115.65321217269619,C2,NA,NA
0.0933471599836239,0.1984670079450177,118.09058495059105,C2,NA,NA
0.09241480063597228,0.19492522265165066,119.86176233729584,C2,NA,NA
0.08829523128701743,0.1956072080825863,120.3070123131123,C2,NA,NA
0.09983309886304913,0.19799837065193981,122.42067805640298,C2,NA,NA
0.09689558946427952,0.20827206905593054,120.59614778063435,C2,NA,NA
0.10917448888496291,0.20298526316293097,121.3163735229903,C2,NA,NA
0.10082719580318857,0.19814460273893575,120.30577128082854,C2,NA,NA
0.10451286259179125,0.20445951207380172,118.77458356335485,C2,NA,NA
0.09052869747396165,0.20819520582084086,120.4066332119611,C2,NA,NA
0.1030147975037472,0.20218845084818715,122.03524247304134,C2,NA,NA
0.08188522068419268,0.19800861546825838,116.64254446729542,C2,NA,NA
0.10143277308927126,0.20077265399003427,120.68789980853178,C2,NA,NA
0.09275285251337852,0.2092433229613897,113.75244943786824,C2,NA,NA
0.11445568865528205,0.20892492947737995,119.12165785407784,C2,NA,NA
0.07617239352533267,0.19984050630214942,118.67062722951839,C2,NA,NA
0.09808660875087322,0.1989347986620208,116.56227702213934,C2,NA,NA
0.08376274061557859,0.20814572751478672,118.75741779768708,C2,NA,NA
0.09801226194732818,0.20671686509027548,121.7761409449994,C2,NA,NA
0.10017707206363438,0.20209750175401028,120.38148197457299,C2,NA,NA
0.10110692939888954,0.20531295431651864,120.09580838438065,C2,NA,NA
0.08309582267090772,0.20778719147998556,117.74724070402087,C2,NA,NA
0.09882690822748001,0.20215445062183574,122.50089424091746,C2,NA,NA
0.10098274064807782,0.2020868492419536,120.30900995261133,C2,NA,NA
0.10092411311667661,0.19728289550829517,122.89688785748031,C2,NA,NA
0.10045628512217834,0.20072511579211624,122.58849002025481,C2,NA,NA
0.11529489797040503,0.20203513994838856,119.20824202787433,C2,NA,NA
0.09975963150358041,0.20198326235312997,122.81224356261347,C2,NA,NA
0.10341619999072323,0.20325658111138595,120.16595279281309,C2,NA,NA
0.09267250718214726,0.2051063841831571,122.7576508662259,C2,NA,NA
0.09005898595433312,0.19399000620781814,118.36166289747628,C2,NA,NA
0.08633633896017935,0.20206518590917866,116.94298162831296,C2,NA,NA
0.09093430586116576,0.19796711513406023,119.8910966885516,C2,NA,NA
0.0875719058648972,0.21028197554932493,117.90169930649539,C2,NA,NA
0.09404148513625125,0.1914105183583989,115.32729719366408,C2,NA,NA
0.09706841295494345,0.1997044411726539,120.20128294618492,C2,NA,NA
0.09673597177702091,0.2057716550459966,120.13282703711715,C2,NA,NA
0.09449245349242966,0.19947454629830538,119.69233329978955,C2,NA,NA
0.09432851732571505,0.20958285532099466,121.35703266947631,C2,NA,NA
0.09773342608763408,0.2115370023116913,119.33577747539465,C2,NA,NA
0.10569025997620443,0.20744924331821404,117.58149151661564,C2,NA,NA
0.08898826314147637,0.19928157204704045,122.12814582362616,C2,NA,NA
0.09991703227672795,0.21291249554313582,118.00272914110492,C2,NA,NA
0.09275744132862915,0.19125507960503194,120.46639730409684,C2,NA,NA
0.09922668563431507,0.2032748026172777,119.36185665528984,C2,NA,NA
0.09124392350792593,0.19832342511670709,120.47726265004837,C2,NA,NA
0.10636738556040623,0.20366271327391358,116.36926781518422,C2,NA,NA
0.10556453799348141,0.2025102426637719,120.4326052100733,C2,NA,NA
0.09490389090383625,0.2028165839497244,121.46078617100945,C2,NA,NA
0.10809520919529865,0.20643731093557852,119.7083602483014,C2,NA,NA
0.09295486569216718,0.20536398797287714,118.51793154556806,C2,NA,NA
0.0954859236886125,0.1909322831267899,118.24706688220714,C2,NA,NA
0.10098677316654558,0.19925494328272939,121.8112446510685,C2,NA,NA
0.106119674786491,0.20475942829205568,122.61260574272661,C2,NA,NA
0.10783040289536565,0.19330193721086683,116.97938201480738,C2,NA,NA
0.08496578378997006,0.1940389475720408,115.69244546056692,C2,NA,NA
0.11366098712512515,0.197353800905177,118.02347474453988,C2,NA,NA
0.10138908237721726,0.2010462110655252,118.8463452279503,C2,NA,NA
0.10080688837245606,0.20356622698600116,117.56527221832405,C2,NA,NA
0.10098662448464765,0.19752253971260203,118.97135291224328,C2,NA,NA
0.10448544067600465,0.20215806014034443,118.1022893465219,C2,NA,NA
0.08933118906829007,0.19895864240150937,117.9894859010663,C2,NA,NA
0.09752001869051578,0.19832373378088855,118.8582918676699,C2,NA,NA
0.10278059585560932,0.2023502432898325,120.44659552245544,C2,NA,NA
0.10501643125463074,0.21011477624923305,117.30423651197553,C2,NA,NA
0.08629967880551301,0.1973640794355923,122.4933605474318,C2,NA,NA
0.08165700040178386,0.2015246417310659,114.49236507389818,C2,NA,NA
0.10038903716708156,0.2016626074148501,120.42663514806668,C2,NA,NA
0.10545335601330225,0.20326001167021474,117.54485156227047,C2,NA,NA
0.08799047599256364,0.20096303621508285,118.81579914203546,C2,NA,NA
0.10677139482513055,0.20041738618995011,120.52330479666746,C2,NA,NA
0.08363167846209096,0.20307267435489462,117.33667659770192,C2,NA,NA
0.09346925866594827,0.20307785047788962,120.39455920116465,C2,NA,NA
0.10144420517279075,0.19531067005112301,116.80429666724538,C2,NA,NA
0.09240187900025575,0.21055579915826875,120.84390933507143,C2,NA,NA
0.09191799766564845,0.20025089517985287,121.50620364348157,C2,NA,NA
0.09781666135771265,0.2080401935660592,122.28359387078696,C2,NA,NA
0.10508813046817995,0.20629282191968923,121.64077896891753,C2,NA,NA
0.10404088180228314,0.21562900040678037,115.34175745703244,C2,NA,NA
0.09006440794442376,0.19278373647612823,119.44012303256507,C2,NA,NA
0.0957554967519763,0.2045084868586854,121.49560780259449,C2,NA,NA
0.0987327793194811,0.19954188571028325,122.98075344057114,C2,NA,NA
0.10551070533376128,0.20570011232561466,116.13204701092059,C2,NA,NA
0.1018125247062809,0.20251246510373466,120.28204602385874,C2,NA,NA
0.08466507659842125,0.19672164538470688,121.5810696850021,C2,NA,NA
0.09398880372116085,0.1932452645923477,119.23570593897036,C2,NA,NA
0.10479099048068719,0.19791978546604125,118.27105868949396,C2,NA,NA
0.09948836078223751,0.19932385056010107,122.52362711482323,C2,NA,NA
0.08352481514613382,0.20329286392237048,118.500196997579,C2,NA,NA
0.1085986492429947,0.20567588924136632,115.72707661964385,C2,NA,NA
0.09004125499040151,0.20806883812033025,120.65041256398477,C2,NA,NA
0.09823628008139927,0.21059641155231246,121.33841817581117,C2,NA,NA
0.09749395706948637,0.20217089870289862,120.38287517077224,C2,NA,NA
0.09466438097957483,0.19067560280400703,119.49207029075585,C2,NA,NA
0.10602144087655523,0.21094752289019014,119.78039766463246,C2,NA,NA
0.09261009827335934,0.19621838484985032,118.74969915384669,C2,NA,NA
0.08910839580698289,0.2055955831079738,118.13637850352329,C2,NA,NA
0.09669893595520279,0.20024392255527407,118.56628124092562,C2,NA,NA
0.08897689663761899,0.19997993501825798,114.93565747140224,C2,NA,NA
0.10988863409588694,0.20155222892749852,118.33911063179603,C2,NA,NA
0.0942033958799342,0.20198585920121429,121.98471591751249,C2,NA,NA
0.09424876397597134,0.19440686022765902,116.6397658597071,C2,NA,NA
0.1005478868209508,0.20387951001912039,119.71300612711678,C2,NA,NA
0.08632960312228254,0.19981902985777866,121.59514245727556,C2,NA,NA
0.09615226458461426,0.20764838673225117,119.81799811659474,C2,NA,NA
0.08296533289511086,0.19208090826051458,119.92292176895623,C2,NA,NA
0.09247594437576584,0.1968160946922135,123.0120807840964,C2,NA,NA
0.10893062042085604,0.19739568873526353,118.28104665452909,C2,NA,NA
0.09965257249113203,0.20421979699273818,115.48943439896632,C2,NA,NA
0.0919126873955168,0.1982640723570026,120.5150125880967,C2,NA,NA
0.09225303551247165,0.1988731398371005,119.45878785688492,C2,NA,NA
0.10937519036415666,0.20604102134580776,120.98351220427362,C2,NA,NA
0.10076377879219149,0.20056409527611213,117.05606346233958,C2,NA,NA
0.08475569393422826,0.20068557081097355,121.6053580054469,C2,NA,NA
0.08626205747000343,0.20589904948299373,121.25525188785709,C2,NA,NA
0.10599258131795766,0.21220912728267377,115.87764037328856,C2,NA,NA
0.09296401604187858,0.19703486104515472,122.04668216590164,C2,NA,NA
0.08924679359532021,0.19873807220439274,118.82193410841542,C2,NA,NA
0.07865301024634559,0.20586560626337322,118.22508765449567,C2,NA,NA
0.10364614106078239,0.19606084097728288,119.34494039514762,C2,NA,NA
0.09602034074506431,0.2032394635887021,118.78346848475223,C2,NA,NA
0.08995600549405325,0.20188634536956318,121.70360264210429,C2,NA,NA
0.09650806864469154,0.20332593184860448,122.09304774943688,C2,NA,NA
0.09443839389334911,0.2028278575971857,118.58875280706049,C2,NA,NA
0.08821088841068275,0.19709005221505926,122.36812487593527,C2,NA,NA
0.10540292344365881,0.19757537819473955,119.61238605938159,C2,NA,NA
0.08735664265496255,0.20929479446354265,116.439050054108,C2,NA,NA
0.09974796041171569,0.2069855843739658,120.38969803831799,C2,NA,NA
0.07610739322313989,0.20135167530300288,115.43752268823755,C2,NA,NA
0.08194704998253488,0.19903491760715425,121.27662209363594,C2,NA,NA
0.08735121862168763,0.20769414129567978,122.74035234160189,C2,NA,NA
0.08626205747000343,0.20589904948299373,121.25525188785709,C2,NA,NA
0.0996137015076699,0.205619552997306,110.13278963224022,C2,NA,NA
0.1008596629894017,0.20383939097379608,122.55906228059958,C2,NA,NA
0.09622269385514515,0.20093279592753088,118.04054620698481,C2,NA,NA
0.11915348447206647,0.20028488320228288,113.34788926848213,C2,NA,NA
0.08639886901071835,0.20211236651853856,120.41470731673124,C2,NA,NA
0.09990665099693549,0.19626603072272925,117.47715447653897,C2,NA,NA
0.11502839285402229,0.19485124186255692,117.40724891216747,C2,NA,NA
0.1006623067805387,0.1982332787035953,120.42447712925922,C2,NA,NA
0.09584048398311652,0.20235604501861013,117.03999184360674,C2,NA,NA
0.09434081262484284,0.2050932702339296,117.30433621888892,C2,NA,NA
0.09462994935211327,0.20639387533923428,118.48709971333571,C2,NA,NA
0.09413589453710772,0.19301138309962518,118.41277142492585,C2,NA,NA
0.09199210777759032,0.19483053674783063,120.73860249210193,C2,NA,NA
0.09792298778899698,0.202069218680049,120.50270307277887,C2,NA,NA
0.10124805642350201,0.1979944634217134,116.06140714040119,C2,NA,NA
0.09086131813936825,0.20640236792262515,123.00493077072191,C2,NA,NA
0.11271707037966819,0.21182739292405606,117.89669264314192,C2,NA,NA
0.09846511246791098,0.19910821331072015,120.29390789644613,C2,NA,NA
0.0904110465192425,0.1983133722091451,122.35670385614164,C2,NA,NA
0.10681576541753439,0.1974118393070497,118.49452866492703,C2,NA,NA
0.0924560863899754,0.2040906971577898,121.47037956446256,C2,NA,NA
0.10137691440860898,0.20696613162423214,117.29167119464834,C2,NA,NA
0.08798591372997847,0.2085818476934226,120.92252687586746,C2,NA,NA
0.10200406290628203,0.19689308896055746,120.31230910474866,C2,NA,NA
0.08796581133691972,0.21345176389219042,115.70026945995829,C2,NA,NA
0.10882370072433267,0.20659889307072687,118.07479719785808,C2,NA,NA
0.09854700534475251,0.20586235962272298,118.95276987343114,C2,NA,NA
0.09552489938585307,0.1868872732055898,116.25416054896775,C2,NA,NA
0.10575020498587763,0.20459798172819496,121.04160488872122,C2,NA,NA
0.09599296891578678,0.208066469961594,120.47812694672159,C2,NA,NA
0.09586754415284578,0.20272521071577143,118.95252754204157,C2,NA,NA
0.08132315262215262,0.2067670470656377,117.86618597800167,C2,NA,NA
0.09385386164170843,0.203527817884932,119.98926755030352,C2,NA,NA
0.106319985868353,0.20164436092881632,119.47384878450801,C2,NA,NA
0.10488403859337897,0.20209621936839872,118.58274703579457,C2,NA,NA
0.10349577257305947,0.20029726921564356,117.18635943666102,C2,NA,NA
0.0927839060208958,0.19388989496066605,116.51477961600517,C2,NA,NA
0.10185528704985039,0.20358632799876025,119.24029135954201,C2,NA,NA
0.09069703414205418,0.1979909902654732,120.21506491041215,C2,NA,NA
0.09558905980372123,0.19562484631963264,119.35599189809587,C2,NA,NA
0.08752066887403333,0.19801973789369207,120.43917968626307,C2,NA,NA
0.09729029529808857,0.21010923405207102,120.39302075787958,C2,NA,NA
0.08467270430714104,0.2039009656653892,120.62452682385906,C2,NA,NA
0.0849794517578609,0.20224732148903296,120.16222791918474,C2,NA,NA
0.10778080168365775,0.2010922148211039,120.04101688367845,C2,NA,NA
0.08828852859738365,0.20098452780276377,119.52149413347941,C2,NA,NA
0.09703359314127509,0.19897769044691854,120.09251488423453,C2,NA,NA
0.10066819716406322,0.20185239658826445,120.8065273083045,C2,NA,NA
0.10551720706896013,0.20725983136571707,119.58202048690389,C2,NA,NA
0.08602604889109207,0.19499066499691628,119.50295303960759,C2,NA,NA
0.10548787878436862,0.20490369849105766,119.37598365969127,C2,NA,NA
0.08771561149399731,0.19752636242160843,120.38281253798336,C2,NA,NA
0.09619258473637896,0.20283877579782805,123.95899020591298,C2,NA,NA
0.1017238326700508,0.19220433328935876,117.92065225779758,C2,NA,NA
0.09149623826817688,0.19192314348089312,119.3600420824411,C2,NA,NA
0.09195806359535243,0.20368036363741546,121.61188370269622,C2,NA,NA
0.09727207898138036,0.20661660820536806,122.19790482309377,C2,NA,NA
0.10569397839438378,0.19987855353594372,117.19094751817167,C2,NA,NA
0.09946194031594628,0.2148781417179359,117.72376497322045,C2,NA,NA
0.08834372253939372,0.19423593828906902,117.85635046881956,C2,NA,NA
0.09310756594192975,0.19396295542825875,119.3329051515818,C2,NA,NA
0.1030270518116996,0.21539429249082304,118.43986708412967,C2,NA,NA
0.09349085106369706,0.2016541017272115,121.32256283635297,C2,NA,NA
0.08268493766787918,0.20358363907559102,120.32116229196389,C2,NA,NA
0.09772865293486192,0.20287078442905113,120.70855371973164,C2,NA,NA
0.08479247316302486,0.20003499574985917,118.71212554497129,C2,NA,NA
0.08315746544949656,0.20451670980147202,119.26135078810943,C2,NA,NA
0.0951332292686155,0.1920952479741449,120.62699589193056,C2,NA,NA
0.09202189646386655,0.19504571764252046,117.71889505182148,C2,NA,NA
0.09782392310212087,0.20405111255924385,119.86766996066606,C2,NA,NA
0.09943563349061019,0.20368277740162963,119.08931700255388,C2,NA,NA
0.0870917040581047,0.20323953342215334,117.00605411535405,C2,NA,NA
0.10382823441147504,0.19614534526779803,119.1153089178504,C2,NA,NA
0.09514624769481263,0.2108907692500776,115.12153440542917,C2,NA,NA
0.08384959498778345,0.2025826150757402,118.22824025548508,C2,NA,NA
0.09357387141713719,0.20311133693296923,115.3906145377202,C2,NA,NA
0.08061115761149557,0.20487906607776232,118.790930312678,C2,NA,NA
0.09936435362499048,0.21654618057068292,119.66401217435926,C2,NA,NA
0.09177473229833712,0.20484538065470706,116.41010302247338,C2,NA,NA
0.08930872648338889,0.19698810855565513,119.39686351744791,C2,NA,NA
0.09641519719398703,0.2068090524599185,121.37605876801298,C2,NA,NA
0.08077029268236342,0.20658426921730447,118.9526858511497,C2,NA,NA
0.08948678826460289,0.20413557828183657,116.41954969060274,C2,NA,NA
0.09628388670171716,0.20370736111907176,123.94973894348807,C2,NA,NA
0.09357747926651826,0.21301801242291546,120.30712507654269,C2,NA,NA
0.08365750275800778,0.2088149150607073,120.76495866625643,C2,NA,NA
0.09698425830797382,0.19371391607121763,120.54362022036823,C2,NA,NA
0.0967588314522235,0.1973728659618163,119.38549769923252,C2,NA,NA
0.10454632479848254,0.20567100950710543,119.27046288537822,C2,NA,NA
0.08995175701382044,0.20768106164760283,121.97674297399222,C2,NA,NA
0.08804878632292172,0.19974744356000132,118.38063161770692,C2,NA,NA
0.10854678518439757,0.20891279999316203,118.15386570375108,C2,NA,NA
0.09427595188736848,0.2082846614070601,119.43413719744443,C2,NA,NA
0.09742793526508588,0.20650444999132767,122.14892507821578,C2,NA,NA
0.10143266820214793,0.2024120702232599,118.74871128125857,C2,NA,NA
0.08542640962412228,0.195601578761883,120.28171213171257,C2,NA,NA
0.09649696435973265,0.18994820290915576,118.9361796344874,C2,NA,NA
0.09809484035637944,0.20070250336545525,120.91922085375286,C2,NA,NA
0.0958709820467394,0.20043094313274748,120.54759348318231,C2,NA,NA
0.10166378690553612,0.19833153027689593,119.13082732810237,C2,NA,NA
0.09152884760803408,0.20636953392317253,121.87266279041502,C2,NA,NA
0.10159074489219945,0.2074340740324348,118.21385350707028,C2,NA,NA
0.10622852473420093,0.20408179130544152,118.4436347958075,C2,NA,NA
0.08842702629833718,0.21416344814742289,119.76157280059837,C2,NA,NA
0.0794079627477718,0.20362891143966344,118.15280120769063,C2,NA,NA
0.09252614198489176,0.20367540294897635,114.68736550349097,C2,NA,NA
0.10118445467717675,0.2007233915165067,119.26702952121106,C2,NA,NA
0.10719827270754002,0.19304725388288158,120.8096663227286,C2,NA,NA
0.09406032799701425,0.20891318356173655,118.68011788913986,C2,NA,NA
0.07715370451984092,0.20904982146081777,116.50822880563845,C2,NA,NA
0.0990794282494548,0.20293473867126022,117.6536043504484,C2,NA,NA
0.1073715290232436,0.20671873812107716,118.87645393137863,C2,NA,NA
0.09206181246960467,0.19923916838695227,118.88034498437608,C2,NA,NA
0.10600826834064601,0.20163762985701908,122.01253351414938,C2,NA,NA
0.09519313423536438,0.20321171729360973,119.81752627138135,C2,NA,NA
0.10465652460300894,0.19779928409222017,113.78681877150211,C2,NA,NA
0.0975102291320774,0.20080830612727793,120.78356480182268,C2,NA,NA
0.07973329814962528,0.20328014652853588,120.2128601671694,C2,NA,NA
0.10364614106078239,0.19606084097728288,119.34494039514762,C2,NA,NA
0.08700094747442264,0.2031578732333902,120.04846506780923,C2,NA,NA
0.09691402026325319,0.20587445261928908,118.20323298628199,C2,NA,NA
0.09050437924881347,0.20527997716327714,121.48405588132071,C2,NA,NA
0.09673037933707579,0.1954797261701663,122.61232835925294,C2,NA,NA
0.09393253024784311,0.20889524551159327,119.74685987520445,C2,NA,NA
0.08651134198387452,0.20713930157463797,119.34832811739977,C2,NA,NA
0.09717978054376317,0.21378297969414067,114.6673890435643,C2,NA,NA
0.08341875304081463,0.20315515470868023,121.74274122497097,C2,NA,NA
0.08772023485374723,0.20411799278774012,118.30345242115581,C2,NA,NA
0.09723875690189673,0.18937058353430747,117.10996762561524,C2,NA,NA
0.09330488237094228,0.20455531627430382,120.51937319369692,C2,NA,NA
0.09465371958718036,0.2006845419200305,113.7378893666574,C2,NA,NA
0.0868508610383539,0.19349682515972705,119.00585299786073,C2,NA,NA
0.08609366737478613,0.20196299228339848,120.96008284031845,C2,NA,NA
0.10461529531722413,0.20452810219378859,120.4987882972667,C2,NA,NA
0.1019974224307062,0.20276709390026834,121.71344718385566,C2,NA,NA
0.10028731144827714,0.21043992771707176,117.08387540769057,C2,NA,NA
0.08718393453582714,0.20623562686971977,118.77410198316642,C2,NA,NA
0.10680370391938307,0.20094362574816627,121.94866960558281,C2,NA,NA
0.10175367267645757,0.1964547666223508,122.67272939637425,C2,NA,NA
0.09893383591625465,0.20277179481485474,123.10175213472489,C2,NA,NA
0.10840470827553927,0.20003902550443836,117.97388908037873,C2,NA,NA
0.09732912353790595,0.18797238735291372,116.49868626981039,C2,NA,NA
0.10188625868073875,0.20305023087387905,120.58190460168957,C2,NA,NA
0.09395772883338954,0.20017474092356774,117.77054071751249,C2,NA,NA
0.08294266235712837,0.21391900353171367,117.98926415646837,C2,NA,NA
0.08797215807361985,0.20076232192542967,121.9300699970256,C2,NA,NA
0.10083296214486602,0.1961537305027169,117.80455603313814,C2,NA,NA
0.08111360226515749,0.20816924876667703,117.62250414132772,C2,NA,NA
0.10282762777168025,0.20443462995898243,119.32681625950872,C2,NA,NA
0.09184921310696614,0.20955555762918415,118.4939638783027,C2,NA,NA
0.1093113767445079,0.19970588957119711,120.27800738953553,C2,NA,NA
0.08779043585813101,0.20408549290175887,117.26679882257953,C2,NA,NA
0.09195599908511673,0.20085306718099394,122.25486122830976,C2,NA,NA
0.08349041002596932,0.2079775806873464,116.76459528267758,C2,NA,NA
0.09909209340229148,0.20132926701399972,122.54828227930551,C2,NA,NA
0.09127311195675558,0.1984544184291112,118.39452618248338,C2,NA,NA
0.09738370782937596,0.1922726434649696,118.07946013143255,C2,NA,NA
0.10176340040448238,0.21588109953832882,114.5157551095539,C2,NA,NA
0.09238152370901818,0.20071028741154195,121.17864925691164,C2,NA,NA
0.09586409474774958,0.1973799416885608,120.22707310935657,C2,NA,NA
0.0954406249863296,0.21399338208873814,118.7546338882455,C2,NA,NA
0.08683396120946921,0.21179645102511863,116.61728648143642,C2,NA,NA
0.09494303979790727,0.2172781893910873,115.9356950597758,C2,NA,NA
0.0936470517023259,0.20488226870062368,117.26411448985668,C2,NA,NA
0.09220707172382882,0.20077696436757142,120.53602283101883,C2,NA,NA
0.09835539261937849,0.19814594572219052,118.47517937959095,C2,NA,NA
0.11574139701296637,0.2094237693475684,118.71767827438708,C2,NA,NA
0.09874903328478339,0.20484678709088883,122.05061808335034,C2,NA,NA
0.09632364602178445,0.20116112165972067,122.63519823405862,C2,NA,NA
0.10215180752937458,0.20665971786007056,121.59048747493041,C2,NA,NA
0.09011252167030993,0.20056064505091714,119.83427326291617,C2,NA,NA
0.08544719624035399,0.2025060902032893,117.52610272331495,C2,NA,NA
0.07411150146108321,0.20420481091994622,116.76554353486807,C2,NA,NA
0.0895058711941245,0.19123739274598323,119.07705512392921,C2,NA,NA
0.10433270376069083,0.1982451138101382,117.6054484427059,C2,NA,NA
0.09679872651908081,0.19835699516017397,123.09677305276509,C2,NA,NA
0.08910801551483494,0.20026620913912696,120.52738794294254,C2,NA,NA
0.09691046194226195,0.2098557211657749,118.21356438836749,C2,NA,NA
0.0891436044057573,0.2064448954354324,114.98171654284558,C2,NA,NA
0.09396564705424405,0.1937451695388135,119.76324725234736,C2,NA,NA
0.0774634602517614,0.2000035456158393,116.2914775283802,C2,NA,NA
0.09043890748872069,0.21386526006206966,116.84350324153398,C2,NA,NA
0.0919076897345315,0.2019949708508824,122.82956774942656,C2,NA,NA
0.09635199308478441,0.197163184177194,122.76397318126854,C2,NA,NA
0.0796001838917918,0.2030209795470257,121.45180507279005,C2,NA,NA
0.09381906742993068,0.2068936977186508,122.19278404520864,C2,NA,NA
0.10429843568106313,0.20640319318172473,119.9369796648662,C2,NA,NA
0.10568865783535585,0.200024218944374,119.60980492208765,C2,NA,NA
0.10288846110465237,0.21098821577099025,115.65062982736438,C2,NA,NA
0.08755314254607598,0.1941317938791676,121.44916802054028,C2,NA,NA
0.10499607598367285,0.19272522209231296,118.0485797923313,C2,NA,NA
0.08670885852212146,0.19664708295702188,121.18384340254619,C2,NA,NA
0.0943211986349412,0.1936833199170383,121.97379245921768,C2,NA,NA
0.08863995314524624,0.19550568336409457,121.13940634644523,C2,NA,NA
0.09234033109029892,0.1975180911987057,120.91810550800298,C2,NA,NA
0.08780152504873033,0.20317503043156268,118.77550400575059,C2,NA,NA
0.10373237308386835,0.2022485177226565,111.16730819886173,C2,NA,NA
0.10490985528580886,0.19661796323865788,122.33887664297299,C2,NA,NA
0.08985455688861879,0.20490618748546652,118.05925566785442,C2,NA,NA
0.09050686454874511,0.2089597417309968,120.01240031745564,C2,NA,NA
0.09698425830797382,0.19371391607121763,120.54362022036823,C2,NA,NA
0.10854236887420513,0.19338263219187204,117.07111252304787,C2,NA,NA
0.0992202871382377,0.19971226051787566,120.30423615635455,C2,NA,NA
0.08483859931454163,0.19802302909174874,119.11474389934236,C2,NA,NA
0.09024897962800896,0.20552810360785312,121.49317679447056,C2,NA,NA
0.09046518279192166,0.2014098750626354,117.70309110901634,C2,NA,NA
0.08478431248647755,0.19705055288171128,117.45338565901665,C2,NA,NA
0.1027796993375445,0.19821584613451235,120.60049905288054,C2,NA,NA
0.09175960532334042,0.20114290773581772,119.35259247127162,C2,NA,NA
0.09383168595140565,0.194056428750555,120.47570564619086,C2,NA,NA
0.09804400228522332,0.19617805605758037,119.19076339029306,C2,NA,NA
0.09611987734464783,0.18726530539745356,118.90252013379619,C2,NA,NA
0.09531933153502722,0.1980445340494998,121.24536199287179,C2,NA,NA
0.10091199430564654,0.20205990334718515,121.24218908846177,C2,NA,NA
0.10735632282808703,0.19951337508525888,122.0158414234179,C2,NA,NA
0.0878908314928058,0.2077561811229487,118.23892212686779,C2,NA,NA
0.09011487142651693,0.2033576452753677,116.61016247999059,C2,NA,NA
0.1081128964135851,0.20136506236931012,115.75354854486481,C2,NA,NA
0.09175626601519626,0.202237491586444,119.78489112225135,C2,NA,NA
0.08509894975393448,0.206149168657155,116.0867462071929,C2,NA,NA
0.08782805654843101,0.2059226507047633,120.85908493131717,C2,NA,NA
0.11277427221639041,0.20476707238599834,116.73498414677924,C2,NA,NA
0.10278356487026115,0.2003386838422375,116.29920126866463,C2,NA,NA
0.07957148836295616,0.20545992744450975,111.22359425619706,C2,NA,NA
0.09816758842019715,0.20023996674726013,118.86451191547914,C2,NA,NA
0.09066806271780933,0.2077839192654571,118.57229467818898,C2,NA,NA
0.09952531400269672,0.19624029686971123,121.9149145959896,C2,NA,NA
0.0898613010327133,0.20696688691564158,117.91907742581135,C2,NA,NA
0.09520839091447825,0.20996485378349672,119.01780252633858,C2,NA,NA
0.10024793210239057,0.2083001185510908,121.30748078708741,C2,NA,NA
0.10301959378039553,0.2014483330417282,122.04039065248074,C2,NA,NA
0.07736490251404074,0.2054644576808471,117.92828219675322,C2,NA,NA
0.08705019602311703,0.1977416944194535,119.57854209853235,C2,NA,NA
0.09887170284715949,0.2100379197213469,118.34189827771766,C2,NA,NA
0.09462886198919371,0.19779881487190007,119.07503585944875,C2,NA,NA
0.08937775247505851,0.19536996623864145,120.10038524347429,C2,NA,NA
0.10577713921624914,0.20667066671192413,120.02040187660765,C2,NA,NA
0.1014809870649155,0.20356237995938525,119.95148233101698,C2,NA,NA
0.10208313104567247,0.20168969330574377,122.6038333669649,C2,NA,NA
0.08925484540415707,0.20328226565133317,120.8055293218699,C2,NA,NA
0.08834956578492809,0.2075738084775563,119.8530753916834,C2,NA,NA
0.10705108517963974,0.2018700398954937,121.10540239890396,C2,NA,NA
0.09306296237367659,0.19725946169662253,121.94745487186806,C2,NA,NA
0.09641037954786452,0.19732120010466847,121.61380784336956,C2,NA,NA
0.09103316456756494,0.20212029029629472,116.94932607832654,C2,NA,NA
0.09037160115694462,0.206260880591428,118.5720018891012,C2,NA,NA
0.10388292076541364,0.2025201272086792,123.50232715228121,C2,NA,NA
0.12297890008331752,0.1973458348945857,111.19128742489431,C2,NA,NA
0.08496603309418821,0.21145214449433122,119.54189068695166,C2,NA,NA
0.08858722564588811,0.19808115287286387,120.42315397585014,C2,NA,NA
0.0868380772795952,0.21437050240997196,120.04013866832656,C2,NA,NA
0.10018570756198147,0.19577337873039935,118.28068368488755,C2,NA,NA
0.08085619097770114,0.20938894749779266,117.76481704782572,C2,NA,NA
0.09918478594185483,0.20502644542986256,121.0636999952454,C2,NA,NA
0.08506683500994022,0.20360123866442126,121.16163743573796,C2,NA,NA
0.09529330339831567,0.20483163652680061,119.38759785591938,C2,NA,NA
0.09270977050107476,0.20335502258840868,120.89921038989173,C2,NA,NA
0.08577160684763296,0.19776252582704512,119.32686777330099,C2,NA,NA
0.10036840224598613,0.20503905569039693,122.15253441459672,C2,NA,NA
0.10215561694302559,0.20295493514461138,119.1091581067095,C2,NA,NA
0.08910501970932483,0.19670039323109265,122.48142362949876,C2,NA,NA
0.10773992604431107,0.19094559882838225,113.19342502565986,C2,NA,NA
0.09149001037910212,0.20938645221567714,119.04964823828668,C2,NA,NA
0.0948379983344457,0.2076337208971475,118.3752922073978,C2,NA,NA
0.08468590218515161,0.1992097145946968,119.60070853758947,C2,NA,NA
0.09980027120641535,0.21289514964263054,118.41026736513062,C2,NA,NA
0.08627038598446292,0.20611507627948597,116.83829891623482,C2,NA,NA
0.0998609836907063,0.2121901792059825,120.6754694656241,C2,NA,NA
0.09717436022106041,0.19577196401171343,118.30333238815469,C2,NA,NA
0.10581581294812069,0.197372196044528,119.71559587079685,C2,NA,NA
0.09494137882502213,0.20037898595315723,119.05005799250222,C2,NA,NA
0.09786577895399162,0.20278103566753608,120.19089769936586,C2,NA,NA
0.11359581114428621,0.1976518120502002,109.8574619962616,C2,NA,NA
0.07172006050682977,0.20276175463303314,116.49925039057916,C2,NA,NA
0.08505065305760531,0.20721766663675087,120.8444119692683,C2,NA,NA
0.10551184430533682,0.20575142058141654,120.26766824588165,C2,NA,NA
0.08915068447474438,0.2000114912342785,118.92228187346065,C2,NA,NA
0.09867113853896355,0.2160897027359312,117.15861665972555,C2,NA,NA
0.09609415167802489,0.19933888314103532,121.77220542978601,C2,NA,NA
0.08557158997368827,0.20975105853022033,116.57567145500879,C2,NA,NA
0.1071137870706799,0.20435461416639056,119.4031906241996,C2,NA,NA
0.08378852706361661,0.20411621568058566,118.5693072634913,C2,NA,NA
0.10049743557263612,0.20708044799563669,122.67912888683033,C2,NA,NA
0.09874903328478339,0.20484678709088883,122.05061808335034,C2,NA,NA
0.08826921032338325,0.2014046164299332,122.00922834213303,C2,NA,NA
0.09623657751331022,0.2025047163784914,121.98362539487695,C2,NA,NA
0.09830111236445312,0.20685774856239497,119.05093680934218,C2,NA,NA
0.10954699927167383,0.19588210161521238,108.98043040174753,C2,NA,NA
0.0950183016093234,0.2115852507812948,117.92678241289782,C2,NA,NA
0.09743246937070689,0.21080537550213527,119.27207704396031,C2,NA,NA
0.10129961693569745,0.2035614082968151,118.38274665010948,C2,NA,NA
0.10037084096803307,0.20378122239308882,120.81305171558968,C2,NA,NA
0.10854022967974465,0.21158871972987092,118.79750843734206,C2,NA,NA
0.09786811723245764,0.2042324958456189,121.6578751091439,C2,NA,NA
0.09960726471047615,0.19703190890174938,122.78697898150514,C2,NA,NA
0.0929057205834816,0.21309376765073695,118.44937608649475,C2,NA,NA
0.1117367416779544,0.1954368993164584,117.91007018281286,C2,NA,NA
0.10695589057870498,0.19661559357529793,120.6771184826422,C2,NA,NA
0.1178206898610961,0.21144278196591965,113.56922328065147,C2,NA,NA
0.09715326138872067,0.21234344901003616,118.38648659252901,C2,NA,NA
0.09521429432399911,0.20837885251786095,118.76190914383011,C2,NA,NA
0.08350920778121279,0.20101552396082467,116.8390918392956,C2,NA,NA
0.09653138388021434,0.20091764534078502,118.68169643620938,C2,NA,NA
0.08430091444691999,0.2049102333496908,119.32035945682202,C2,NA,NA
0.08460114004595902,0.20500569873799127,120.55655826932399,C2,NA,NA
0.10778037123931733,0.20769543338471858,119.69029657983549,C2,NA,NA
0.09531396888718101,0.20198519141131954,121.72704998498313,C2,NA,NA
0.09824035630346066,0.2019732604628276,117.99207212223634,C2,NA,NA
0.0887810431847443,0.20687506051989601,118.64266113288375,C2,NA,NA
0.09888220694711118,0.20081929398623205,119.87979323131248,C2,NA,NA
0.10295623843564697,0.20283803024162037,117.90842665654054,C2,NA,NA
0.08438327330204802,0.19910500025009145,120.48571381655088,C2,NA,NA
0.1043160115410667,0.19914005358132247,119.99143144237404,C2,NA,NA
0.09207530086462182,0.1960567356519018,120.55830028540886,C2,NA,NA
0.10108086771775433,0.20124167862185005,120.61088111987078,C2,NA,NA
0.0926358324795851,0.1967917264116151,119.12046484414051,C2,NA,NA
0.0951422892858579,0.19822591812700657,119.09687524143573,C2,NA,NA
0.09916476792154044,0.20211414193143268,122.20191716815907,C2,NA,NA
0.09203047385520152,0.20035102842415842,121.62918699237596,C2,NA,NA
0.09568513439479291,0.20164717185135875,123.1757132862443,C2,NA,NA
0.09625606551437725,0.20383608171097242,116.21386466880851,C2,NA,NA
0.09224184397363765,0.20736124409509926,120.31739357971063,C2,NA,NA
0.10378665163907641,0.20194578870329782,118.42545563086043,C2,NA,NA
0.09173928966780744,0.2028208344762336,122.37819554178526,C2,NA,NA
0.0932189774363627,0.19071713671887502,120.22387050095598,C2,NA,NA
0.10400208436768466,0.20174186349223525,122.1403908920728,C2,NA,NA
0.09274461459186707,0.19636315675686158,121.82246113275515,C2,NA,NA
0.09460398367712065,0.19904249516943476,122.44457933559931,C2,NA,NA
0.10333705433807491,0.21412520572855792,119.18439756134961,C2,NA,NA
0.09785681086853164,0.2028463636416589,121.72171440846715,C2,NA,NA
0.09273647433915777,0.19943158012120688,122.11819000229492,C2,NA,NA
0.11624380081294652,0.19455446325368125,114.20609622279686,C2,NA,NA
0.10002834465740446,0.2075054170675527,118.6345318112655,C2,NA,NA
0.09736277930458888,0.20208551630104235,113.54123540778626,C2,NA,NA
0.07632808228433034,0.20766980069185692,118.1847322584465,C2,NA,NA
0.09708678195400142,0.21318908444323148,116.88039436854191,C2,NA,NA
0.10188218404054392,0.2015687945169153,120.63424310458203,C2,NA,NA
0.10177604507210107,0.20662677593437276,121.09171619834636,C2,NA,NA
0.09071955162605184,0.2101626032310538,119.08640573425471,C2,NA,NA
0.09258895788912128,0.201489971642411,120.95001677497875,C2,NA,NA
0.10160420120287246,0.20135292268963575,122.92620667559811,C2,NA,NA
0.09594851024599987,0.20122896690842826,120.83364782327314,C2,NA,NA
0.0790701993474429,0.19535859648503376,116.12249059053875,C2,NA,NA
0.09740015105831841,0.21151694983325997,119.62426547290514,C2,NA,NA
0.09111747168933021,0.2039608623532044,119.72280556242161,C2,NA,NA
0.09281525083368715,0.19596633207872013,123.31527842816743,C2,NA,NA
0.09530732060251167,0.2006503040650846,120.56170001534814,C2,NA,NA
0.09287629157965367,0.2007291412651082,121.3326988944753,C2,NA,NA
0.0934208183957853,0.20550062238872263,122.44933436000561,C2,NA,NA
0.08920725895025088,0.20817750836755905,118.79496505552996,C2,NA,NA
0.10036987451067156,0.20122501431063047,120.04524056507138,C2,NA,NA
0.08773724355812969,0.2102382253908823,118.40958346545112,C2,NA,NA
0.10020428440164311,0.2057528464173081,121.69917331234358,C2,NA,NA
0.08784914383794805,0.21267113577481195,115.11094243112277,C2,NA,NA
0.11128695546691163,0.20385587811840455,120.43931862002061,C2,NA,NA
0.09103218897521324,0.19081977495490654,115.80441707724165,C2,NA,NA
0.10946946743219947,0.18703562504447188,116.9831981902296,C2,NA,NA
0.08461640824370918,0.213020645669552,117.62366214257963,C2,NA,NA
0.10568584461579077,0.20244094873203167,120.58038922398359,C2,NA,NA
0.10295879062705826,0.20161186989543295,119.05624359779921,C2,NA,NA
0.09688098933661475,0.1946214831003129,118.4339289220171,C2,NA,NA
0.09967812857945234,0.19846845466927568,118.22586895694128,C2,NA,NA
0.08513459976201837,0.20018057593723715,118.48596026721151,C2,NA,NA
0.09572378674425555,0.20308894997617988,119.90641363486439,C2,NA,NA
0.09045980535561479,0.21399247094292967,116.66651824133284,C2,NA,NA
0.08718757620804451,0.1862922313226498,115.56882879515256,C2,NA,NA
0.0862254242880109,0.20278416252636372,120.54136079579825,C2,NA,NA
0.09108562352352312,0.20032557921185168,119.10690364227514,C2,NA,NA
0.08672693007425675,0.2050255662357089,121.76014378385436,C2,NA,NA
0.101685726206011,0.20212590784623974,118.10194167284995,C2,NA,NA
0.1022037978597656,0.20760599642721472,119.6743500930736,C2,NA,NA
0.09916689683589841,0.20769384350756756,121.08148493433971,C2,NA,NA
0.10592056676392995,0.19913621770994896,122.62619658816539,C2,NA,NA
0.10226947243816782,0.20911955028662726,112.8330765522738,C2,NA,NA
0.09937744256752411,0.20902470479093138,119.36973569740967,C2,NA,NA
0.09227943671514767,0.19758012802901775,119.4784879406192,C2,NA,NA
0.1047994223985981,0.19225818128145053,118.09943459388766,C2,NA,NA
0.10069337153987716,0.20169970801165105,122.55768484456128,C2,NA,NA
0.08712569425210326,0.1975282400121242,120.78994575445516,C2,NA,NA
0.09689679548104507,0.2029841023738984,120.5307693485899,C2,NA,NA
0.0960875066638379,0.21033655950727786,116.55902387382505,C2,NA,NA
0.08122863172330466,0.1953189427805248,117.15388784527684,C2,NA,NA
0.09715951848911347,0.20376364140764874,120.89935261814801,C2,NA,NA
0.10603158896699207,0.212191738450488,120.35184604419693,C2,NA,NA
0.0867299661613075,0.20173849842980426,119.67476477017512,C2,NA,NA
0.09358626002443184,0.20108961544999412,124.04303074802698,C2,NA,NA
0.09907470612949086,0.19801369150270756,122.0226836158851,C2,NA,NA
0.09650465166408932,0.1967244848811632,122.54262633371306,C2,NA,NA
0.11226630746969964,0.20928558353402657,113.82061121290117,C2,NA,NA
0.09657622759874243,0.2051979033586166,118.9912086891115,C2,NA,NA
0.07956656421695428,0.1974697735942314,117.4812724108724,C2,NA,NA
0.09986376931882603,0.2023112528090502,121.84284579181521,C2,NA,NA
0.08593824801658828,0.19783131728077943,116.5793815627229,C2,NA,NA
0.09039003163170578,0.19760892126186674,115.79363033729655,C2,NA,NA
0.08828401519432193,0.20451801268563513,121.43429211915459,C2,NA,NA
0.08509201479808541,0.2007777793636108,120.96969170039725,C2,NA,NA
0.10222893913809719,0.20564321587577122,121.92463066929544,C2,NA,NA
0.0994263954457138,0.19972664112701255,119.26203085764418,C2,NA,NA
0.0921625828739749,0.19614991988900055,120.30912432756237,C2,NA,NA
0.09620703130784274,0.20396540308257757,120.48825517683956,C2,NA,NA
0.10334251591264389,0.20336362881781045,120.76551028085873,C2,NA,NA
0.08679825587579464,0.20497554481591296,118.95934040307338,C2,NA,NA
0.08110084412386687,0.1973725805578338,117.01181943218234,C2,NA,NA
0.10960163978522809,0.21064000767514632,116.15036032152196,C2,NA,NA
0.0921900100397823,0.19947353135605247,122.20402073607359,C2,NA,NA
0.10270221104702425,0.21589260261596802,119.57043304877376,C2,NA,NA
0.09902396900125363,0.21539660911863542,117.25636068598865,C2,NA,NA
0.0994035790268869,0.20697455036262555,118.92256831866833,C2,NA,NA
0.10701779610904308,0.19705597367696556,117.39212695867877,C2,NA,NA
0.08417835900454025,0.20727116257040445,116.80123686339456,C2,NA,NA
0.09357255620656982,0.21484989169442967,117.60248155994496,C2,NA,NA
0.09382797350427521,0.20269958835473384,122.71840671693812,C2,NA,NA
0.10850478311539209,0.2076556958704593,118.92576696247978,C2,NA,NA
0.10158133390331385,0.1986544364320002,117.42756839261234,C2,NA,NA
0.09968821583993828,0.19863174485038426,121.7186549913319,C2,NA,NA
0.1038360831013334,0.2057512284830943,121.36592827143538,C2,NA,NA
0.08150923984781078,0.209962943437983,119.75859156033516,C2,NA,NA
0.10952047157612348,0.19533575470117567,120.57051514962266,C2,NA,NA
0.11056152241650362,0.2106707582239119,120.67589320891624,C2,NA,NA
0.11088099800030614,0.1898932550885737,117.4585202062227,C2,NA,NA
0.1105246990663596,0.20002511711422388,119.66699530416466,C2,NA,NA
0.10384225388116491,0.2074462032858263,118.20938616784572,C2,NA,NA
0.09287094832899621,0.19918367579714003,123.07366164972682,C2,NA,NA
0.09092059832925523,0.19674695848817186,119.78476874575344,C2,NA,NA
0.09620285597569898,0.20192644362992873,121.65904100882126,C2,NA,NA
0.08994847508075239,0.21128736477028187,119.62986120711348,C2,NA,NA
0.0916564473336443,0.20032000320902976,118.20835238863405,C2,NA,NA
0.0983706215948873,0.20461154262442532,119.82158000084125,C2,NA,NA
0.10023636779803774,0.1956371398806695,119.1081823857398,C2,NA,NA
0.09285824561711602,0.20435698945269154,118.61070227215946,C2,NA,NA
0.08602568254980786,0.20498555323041193,120.20655484100257,C2,NA,NA
0.11447887425968296,0.20838927619516362,113.42462466803525,C2,NA,NA
0.09600815891271473,0.198923011648044,122.35364500869416,C2,NA,NA
0.10257350662778089,0.20644285431098416,118.64838014655967,C2,NA,NA
0.09267782156947922,0.1963772729761,120.83805272471407,C2,NA,NA
0.0915646795291442,0.20544574536488072,116.01799014057043,C2,NA,NA
0.09921932479641436,0.2077039811938429,113.79966475495503,C2,NA,NA
0.10139973944730246,0.2038337982425685,120.83848073670352,C2,NA,NA
0.09804341998636622,0.189916004339824,117.86508131805931,C2,NA,NA
0.1014029289227014,0.20557211479661444,116.47088389473895,C2,NA,NA
0.10519377697813741,0.20344158115402688,121.3402601910785,C2,NA,NA
0.08889857154743232,0.19713585330925382,121.59520806415635,C2,NA,NA
0.09557864116689016,0.20268614670438428,122.68368697092274,C2,NA,NA
0.1039581438551964,0.19633357367707827,116.34328015399298,C2,NA,NA
0.09576589731882006,0.215245966415151,120.88746559856183,C2,NA,NA
0.0808274473641053,0.20646418274045358,119.26404022333222,C2,NA,NA
0.12199770877786635,0.19886910993598464,116.42457677567756,C2,NA,NA
0.10069592001848797,0.2027192011314196,122.69515824735619,C2,NA,NA
0.09830366203627326,0.20136290608989427,118.96424636851756,C2,NA,NA
0.09032760179065419,0.18950914175272981,118.04890347929349,C2,NA,NA
0.08530865804547258,0.20224507930438812,121.62633529671719,C2,NA,NA
0.09770303640931492,0.20442388271595607,120.26327149611068,C2,NA,NA
0.09852567285013633,0.203756428392724,120.76591773468455,C2,NA,NA
0.08494647223215024,0.20340376635689517,120.37750067691537,C2,NA,NA
0.1142327543562383,0.1992316030666014,120.2821321077183,C2,NA,NA
0.10892538299957255,0.19684656232129727,120.82611404027718,C2,NA,NA
0.09344974819185546,0.2077048623372478,120.84159366212012,C2,NA,NA
0.08973795555158881,0.20431377540177573,122.37637284523174,C2,NA,NA
0.08883745308550879,0.2038311413814372,121.04487212108202,C2,NA,NA
0.08915096346378659,0.2044989256281769,121.93519876488843,C2,NA,NA
0.10529112337336241,0.20128859597211526,120.89072700131234,C2,NA,NA
0.10134125496712505,0.20269783908550884,119.93636800261118,C2,NA,NA
0.09972794652417694,0.207073459560908,121.01567915132395,C2,NA,NA
0.10062988130715234,0.21308217073641486,118.04978316037979,C2,NA,NA
0.09335690003079167,0.2040211303514811,123.10864125344554,C2,NA,NA
0.09767736637256506,0.2038061896801098,120.23821581631894,C2,NA,NA
0.10023561829559681,0.2094663098032867,120.53482478363567,C2,NA,NA
0.08472388323075555,0.19972670079861254,121.02645621731436,C2,NA,NA
0.09501314391143811,0.19774161696414827,119.15057042894651,C2,NA,NA
0.09638259090787858,0.20247936576956754,121.25329775466173,C2,NA,NA
0.09095422302031943,0.20188032308710638,123.31426033679129,C2,NA,NA
0.10833786771706964,0.20531490564803787,116.88728780022089,C2,NA,NA
0.09486654576248248,0.20573451571095402,117.02676822038958,C2,NA,NA
0.10342793678453756,0.19679790080383217,122.31389788689486,C2,NA,NA
0.108825109872147,0.2036022402020864,120.77929318614099,C2,NA,NA
0.09373938385064516,0.19616629196345237,117.49102713905204,C2,NA,NA
0.0883812337730771,0.20531314310058227,121.7341319099082,C2,NA,NA
0.09561792062622367,0.19963665051432217,118.67578404594552,C2,NA,NA
0.10797000645453982,0.19456986067807808,117.95342956983595,C2,NA,NA
0.09139242431419536,0.19966524956946022,121.73210484232494,C2,NA,NA
0.09712468307875652,0.19617450481737853,122.05120163667628,C2,NA,NA
0.09440193964497252,0.19608288758160597,116.62805812475061,C2,NA,NA
0.08385893223730208,0.19165252025204715,119.41858335714578,C2,NA,NA
0.10251059827591853,0.2102435689917349,122.56948429476103,C2,NA,NA
0.09878149880279469,0.195240268470336,120.59109287333341,C2,NA,NA
0.10055196696885993,0.19570590415686565,121.10387487570426,C2,NA,NA
0.10879150610600148,0.19800030566193827,118.21620905794533,C2,NA,NA
0.10893169678645154,0.20299845008276043,119.64884716095614,C2,NA,NA
0.09546627636387324,0.19057941380016377,118.5342268188812,C2,NA,NA
0.09200639903970266,0.20300367700037972,118.94210544676054,C2,NA,NA
0.09112295269164165,0.19654621121886073,121.25560795514268,C2,NA,NA
0.08761528199831248,0.20858977420383035,119.7284752066481,C2,NA,NA
0.09797519594892144,0.20838675331543932,120.63757857512859,C2,NA,NA
0.11256785356404053,0.2033300599162176,117.84185754300493,C2,NA,NA
0.10075693147084978,0.1994804879046522,120.80327462184708,C2,NA,NA
0.10724460917837933,0.1998399877471638,118.6517865529393,C2,NA,NA
0.10423538052621725,0.20376424471021753,119.92216197060979,C2,NA,NA
0.10724108553946703,0.20013311741305412,117.79500285860786,C2,NA,NA
0.09678989353939366,0.19866122685180826,121.36331352125559,C2,NA,NA
0.08561058707911007,0.2012240650307348,122.09201617041576,C2,NA,NA
0.08604166868374982,0.20065437230547967,120.79043021328434,C2,NA,NA
0.0812210899658114,0.2053371111914234,120.77734354682563,C2,NA,NA
0.09015977482600135,0.19697608934556618,122.90417860409211,C2,NA,NA
0.09226050200719514,0.19494203480092956,115.20718352028338,C2,NA,NA
0.09940633678111192,0.20399351843042063,120.7635916590147,C2,NA,NA
0.10810168271615955,0.2132493819934928,119.77677068892704,C2,NA,NA
0.0737385571493048,0.21371282124272672,110.27645293124951,C2,NA,NA
0.09178341429103508,0.2030322013501163,120.75146924960232,C2,NA,NA
0.09419231107224044,0.2016390768367389,120.48453436952046,C2,NA,NA
0.10053576681583921,0.20516589956032869,121.24492527322103,C2,NA,NA
0.0906015592044351,0.2017199680863102,118.53818971527842,C2,NA,NA
0.08437119125562932,0.20445442639514932,118.81231556439927,C2,NA,NA
0.08458960309482112,0.19274933402265523,117.20816961313412,C2,NA,NA
0.1062533704822725,0.20374519101516594,119.71586674871884,C2,NA,NA
0.09323145892806889,0.2099222234019542,119.80214282939825,C2,NA,NA
0.09247804703934762,0.20229416381335977,122.2636128315954,C2,NA,NA
0.08538703651440933,0.196463213402077,119.58290855356799,C2,NA,NA
0.10564648097697449,0.20125205994474207,122.31513325095915,C2,NA,NA
0.09240509931723054,0.20312198340275683,116.47213318243179,C2,NA,NA
0.10594087373495052,0.20625607093455534,116.68775448953609,C2,NA,NA
0.09122916776578584,0.20565758118545724,121.47442154583142,C2,NA,NA
0.08341871379167139,0.2018030138846201,118.43527169730983,C2,NA,NA
0.08855636034354361,0.19144538558446458,117.37749282106515,C2,NA,NA
0.09413243525420932,0.2030997272862256,117.95406547655274,C2,NA,NA
0.09777712051059301,0.203834199141063,117.48402085549507,C2,NA,NA
0.09441530948334863,0.2080984452824166,115.72133689571774,C2,NA,NA
0.09234305906880153,0.20818945269327255,113.92760148186521,C2,NA,NA
0.09350158261625525,0.19637820244963922,122.34769993459966,C2,NA,NA
0.10784618959712845,0.20355743409557894,115.87861527675614,C2,NA,NA
0.10689729651016598,0.19680754149542623,118.59312592901088,C2,NA,NA
0.0975299047691637,0.20475638965412532,122.12747971790353,C2,NA,NA
0.0970680203891103,0.20494595921874376,120.16863477406763,C2,NA,NA
0.09534380306893878,0.19435601303682692,117.80452225482044,C2,NA,NA
0.0929279467666748,0.2008268517286579,121.43268911709941,C2,NA,NA
0.09268637045136027,0.2024323457500803,122.00864824263398,C2,NA,NA
0.0978361571841216,0.1942649193827926,118.64506988067478,C2,NA,NA
0.09981761420965077,0.21419825725348662,116.38800867779737,C2,NA,NA
0.09321742212006828,0.20641342060889037,121.35792194147483,C2,NA,NA
0.10629754892957159,0.20680452420302473,122.2216409221592,C2,NA,NA
0.09774795733767762,0.19867601488052594,120.67246516758748,C2,NA,NA
0.09493693638320065,0.19595730455776583,121.35810085083844,C2,NA,NA
0.10817105337357491,0.19829159776011326,116.25113186500698,C2,NA,NA
0.08708679662117179,0.20201493168551754,121.69610670614647,C2,NA,NA
0.08869094480946446,0.19585062958370114,119.7391115877589,C2,NA,NA
0.10150662071558128,0.20752185163796155,121.42423794384689,C2,NA,NA
0.10100096541431841,0.20167280006821942,120.2406872123279,C2,NA,NA
0.101815184469058,0.20395838442715658,116.83392058246751,C2,NA,NA
0.10519354841684425,0.1954768609799598,120.21828572707942,C2,NA,NA
0.0993968103155288,0.1966669802708913,122.10853809223782,C2,NA,NA
0.09286752165656041,0.20930200756046002,120.97629974173847,C2,NA,NA
0.10948643054568007,0.20234918442422742,120.82178779540189,C2,NA,NA
0.09617746690611492,0.1980137346284539,119.62187392412797,C2,NA,NA
0.07811887258558205,0.20075578736289862,119.61991760320728,C2,NA,NA
0.10140843969287258,0.2037744207391809,121.84853214048044,C2,NA,NA
0.1065604978121538,0.20506336696808428,118.39407797401867,C2,NA,NA
0.09856645971674538,0.196945485777803,119.15093790992015,C2,NA,NA
0.09780542145953763,0.21475328209615815,117.92030556347666,C2,NA,NA
0.09573104382229074,0.2009426971410411,123.31036855705628,C2,NA,NA
0.09540709514322199,0.20200365540760754,121.57704648271638,C2,NA,NA
0.09340125141781436,0.20040942803293138,122.9648713359897,C2,NA,NA
0.09248603991230459,0.20196750453258688,121.14296613294697,C2,NA,NA
0.09769391943132961,0.20588631233099605,119.41051750500645,C2,NA,NA
0.09748717150991622,0.20174380297013206,119.86875892234762,C2,NA,NA
0.09332833208777462,0.20365609804386386,120.89941135188694,C2,NA,NA
0.09416816551204485,0.20309187718063035,120.82509019607575,C2,NA,NA
0.09121487645447368,0.19436797736785477,117.58147661732487,C2,NA,NA
0.10413377713211529,0.19970134709456303,121.03100145447418,C2,NA,NA
0.09369264183505939,0.20439932817628695,120.55750624554372,C2,NA,NA
0.09891787115389743,0.20390562488853192,122.58091370882988,C2,NA,NA
0.09078563762041394,0.20349831228740922,120.19943817587762,C2,NA,NA
0.09271546887475796,0.20357687134472527,121.57900226523991,C2,NA,NA
0.09123618420882726,0.19910789680073485,116.48337955342392,C2,NA,NA
0.09440957726318513,0.20971605235542623,120.00237274181467,C2,NA,NA
0.1063456661344705,0.20980705791739093,117.01120022412604,C2,NA,NA
0.10606904684254984,0.20076991151051432,118.72300328255864,C2,NA,NA
0.08754494178074554,0.19917799716930673,119.70201747481102,C2,NA,NA
0.10032113167947455,0.19891456249256212,121.84048608143331,C2,NA,NA
0.10485942521298802,0.20519172384938414,120.7394332524395,C2,NA,NA
0.09997936411237625,0.19086390030894487,111.69762016083659,C2,NA,NA
0.09243616382113906,0.20084612645044062,120.28871577535385,C2,NA,NA
0.08528294098039521,0.2062683161900958,118.84626359893585,C2,NA,NA
0.1064058783978237,0.20593034487617945,121.41501417772916,C2,NA,NA
0.10166426589807143,0.20155047875822063,122.6019685851252,C2,NA,NA
0.08794162697156388,0.2009677733363295,120.88006658914624,C2,NA,NA
0.09372166628714354,0.1923364424862498,118.28600176374616,C2,NA,NA
0.10021583051532602,0.2041140908449232,119.21810271936414,C2,NA,NA
0.08751694113957213,0.20100487986980456,119.57188120964915,C2,NA,NA
0.09169633975281237,0.21019935468982595,120.65334827351481,C2,NA,NA
0.09719240964572065,0.19327511610678585,120.55784735335551,C2,NA,NA
0.10161227749117673,0.201839981643777,122.15382291281071,C2,NA,NA
0.11612086296234482,0.20744872170274847,108.8649435103586,C2,NA,NA
0.09279485715114946,0.199933717069691,120.43005844521885,C2,NA,NA
0.09034498308846539,0.2099004317530772,120.84054545921778,C2,NA,NA
0.09686380531074051,0.18851299427211754,118.72408200568805,C2,NA,NA
0.09171931104255797,0.2040595201703957,118.21623909350808,C2,NA,NA
0.09214526268783851,0.20185817389945204,118.05529353698724,C2,NA,NA
0.09142177330759112,0.19838483834409582,122.59998652026698,C2,NA,NA
0.10322955577271524,0.19835582142408326,119.10580024998644,C2,NA,NA
0.10716615570552654,0.20904712630658773,118.19514407696661,C2,NA,NA
0.10259230718515831,0.2007472324472165,118.02652150982895,C2,NA,NA
0.0863197692497628,0.19748298864880484,117.62660854828898,C2,NA,NA
0.09467241201070066,0.201530848823534,117.37673056328177,C2,NA,NA
0.10274117259160503,0.20269897438025253,119.86713142237592,C2,NA,NA
0.10207375570253492,0.20763567404923683,116.29887440908583,C2,NA,NA
0.09880805041528512,0.20106071335696762,121.68507384151198,C2,NA,NA
0.10161958493285764,0.1976991012912457,121.66567446617215,C2,NA,NA
0.10771401251558851,0.20986576644886193,117.33620463987369,C2,NA,NA
0.08377536544171847,0.20460754796026626,118.42637325675128,C2,NA,NA
0.11764246100051172,0.2021642103021566,118.03272776398148,C2,NA,NA
0.10372383637982058,0.19803778549848547,118.39211647918589,C2,NA,NA
0.08632527281339071,0.20926206714923484,121.1943206397762,C2,NA,NA
0.09194985068274161,0.20007618707948097,121.1448147585859,C2,NA,NA
0.09457056820666189,0.20348613937555965,123.75541909400239,C2,NA,NA
0.09582887446518588,0.2105763794915415,120.86500350250931,C2,NA,NA
0.08735839364960586,0.20819087416543497,121.7898275948375,C2,NA,NA
0.1123980415391935,0.19782336107176413,114.2462561607301,C2,NA,NA
0.10341623740225325,0.19739011480051538,116.45777371149849,C2,NA,NA
0.08936968151107526,0.20262878658690478,122.49197180505638,C2,NA,NA
0.09727681869373404,0.20998218407281347,114.05765861232445,C2,NA,NA
0.08994107368093371,0.19683617421904578,120.66376372105002,C2,NA,NA
0.08585400151598675,0.20348522583060674,120.22617622778294,C2,NA,NA
0.1063297136820131,0.20346284473715204,118.3794160674988,C2,NA,NA
0.08236862259051786,0.2075352605542325,121.49186958850923,C2,NA,NA
0.11331083075162449,0.20629431202986104,119.65235565340804,C2,NA,NA
0.10009707071434032,0.19879422544856154,121.00670012030307,C2,NA,NA
0.08193273724776196,0.2136405170031494,117.63618496545843,C2,NA,NA
0.101730948841245,0.20406550727145611,119.27425678231668,C2,NA,NA
0.10847051410022471,0.2046758496417224,117.64114453581739,C2,NA,NA
0.09217427809052468,0.20440692705556968,122.64407961152232,C2,NA,NA
0.08354279112199288,0.204851528545949,121.78599873607,C2,NA,NA
0.09605566586648619,0.20655766335476247,119.50330925014742,C2,NA,NA
0.07929853453556618,0.20076235722818578,118.49103603496906,C2,NA,NA
0.10742875462873468,0.20342756513815724,119.87491805008052,C2,NA,NA
0.09712138172757535,0.19644398658855183,120.65343493519276,C2,NA,NA
0.08421344807703761,0.20491737299982607,117.42019018800913,C2,NA,NA
0.09540658757749054,0.19251296597299028,115.85561324823868,C2,NA,NA
0.10087199912496177,0.20090682711991847,122.18115956797035,C2,NA,NA
0.09706817615877975,0.20032339441306907,120.02288274755318,C2,NA,NA
0.09477903818427111,0.19807808774365832,120.89618935644377,C2,NA,NA
0.09529209139632597,0.20722208745909007,121.46314418907951,C2,NA,NA
0.08422166094305922,0.19937854855671205,118.50631145977916,C2,NA,NA
0.09470613624234954,0.20816453303925103,121.57585864614228,C2,NA,NA
0.10528408937748951,0.20610485514467058,121.67795053707637,C2,NA,NA
0.09601665566798838,0.20244510980064395,123.05018611897422,C2,NA,NA
0.08901799512665241,0.20562294497068329,117.8455059498479,C2,NA,NA
0.09181729580811641,0.19959638069765007,122.26629550875049,C2,NA,NA
0.11622547706946708,0.2036212577288253,118.07958658480834,C2,NA,NA
0.0994888588060261,0.20478545551401353,123.64704379636555,C2,NA,NA
0.09622589407615034,0.1991333458927942,121.1451886882262,C2,NA,NA
0.10648578563002158,0.2040424918026956,117.66497131211938,C2,NA,NA
0.10083423554422787,0.2107072438659821,118.76677221651643,C2,NA,NA
0.08857521378981267,0.20811081765456613,119.06209396812028,C2,NA,NA
0.09202156724385435,0.20381716824378757,120.7381254393542,C2,NA,NA
0.09835064980496774,0.21260722159568077,120.90649824240866,C2,NA,NA
0.10758642758998288,0.20483783358093444,117.11823186597857,C2,NA,NA
0.11072946176408183,0.20722755399386558,116.28461894342948,C2,NA,NA
0.09967709504468296,0.20231840139122603,120.74344262594916,C2,NA,NA
0.09513677309831073,0.20358337218045353,119.34597658905207,C2,NA,NA
0.08944662977848947,0.20779147283665345,118.28915518770333,C2,NA,NA
0.11088151939893198,0.2045484827585548,120.84786774735186,C2,NA,NA
0.07799348700710251,0.20172942295056712,117.48788847209084,C2,NA,NA
0.10472844144832427,0.20481063517946194,118.7658100930955,C2,NA,NA
0.08710281585276,0.20142480486902736,121.03697688290575,C2,NA,NA
0.10303136908070169,0.21690536659050128,116.5852872496989,C2,NA,NA
0.08387267488007856,0.19235017190101794,117.1670534043634,C2,NA,NA
0.09934041031704038,0.20267857325216065,120.92176471755364,C2,NA,NA
0.10122503072468975,0.20879094278532945,122.36308784603818,C2,NA,NA
0.09987565452604916,0.20101547761591337,122.22720644352033,C2,NA,NA
0.09801891000799898,0.2025884689996823,121.93485628363638,C2,NA,NA
0.10018155771535966,0.2047564013781544,122.60610240025899,C2,NA,NA
0.0816124601850288,0.20045300743388006,118.14083409418899,C2,NA,NA
0.09749129183118968,0.19849095582313792,119.67309654658598,C2,NA,NA
0.10170544488112263,0.2069585618882264,120.97761087697062,C2,NA,NA
0.08747701536614971,0.19190158130444634,120.76937721590038,C2,NA,NA
0.09432210263874659,0.19676715985812954,119.68711053364723,C2,NA,NA
0.10771312036524547,0.1933001752929518,120.07610226352585,C2,NA,NA
0.09659036559122618,0.19755330368696655,117.89716130895857,C2,NA,NA
0.10293005101953807,0.19595300631862902,114.92518550623694,C2,NA,NA
0.08293344977731479,0.19593478961234323,117.0799777217714,C2,NA,NA
0.10154327795904466,0.19298379309984143,121.92624280838196,C2,NA,NA
0.09432446372318089,0.20303948975731803,120.60467790073211,C2,NA,NA
0.10411183166185008,0.20330350640681502,121.34202244525927,C2,NA,NA
0.09243157945776212,0.20214492159246672,121.33227871412966,C2,NA,NA
0.08645816022316982,0.20153356986652055,117.65348895945466,C2,NA,NA
0.08847071696168202,0.18904708237341195,118.05742944210358,C2,NA,NA
0.09869964415780078,0.20748150197816329,121.04636673409613,C2,NA,NA
0.09302831643708168,0.19877031834691486,121.01623425766604,C2,NA,NA
0.09588287226256491,0.20339632025564652,121.83789481888654,C2,NA,NA
0.08636954063289488,0.2050942553511812,118.16516441884484,C2,NA,NA
0.08586426051861759,0.20462285056003138,117.4839143195422,C2,NA,NA
0.09106069214419424,0.19787560100418847,117.75146625926283,C2,NA,NA
0.09875576026815032,0.2110788504834602,120.88177065452469,C2,NA,NA
0.1146266523126615,0.2044083769013104,117.14024087778085,C2,NA,NA
0.09420776778304572,0.2007850684628153,121.03401012045919,C2,NA,NA
0.10177848828347873,0.20136699861589852,123.21940588617748,C2,NA,NA
0.08176532502975098,0.19798192068441434,118.0289397192168,C2,NA,NA
0.09813356550493753,0.20985430816947773,120.26911306275882,C2,NA,NA
0.1003729167533545,0.20139221866695006,122.36073934598986,C2,NA,NA
0.09706292055703132,0.20530996023452563,119.67339429132478,C2,NA,NA
0.10169413303735864,0.19126054398461723,117.77903387343582,C2,NA,NA
0.09819300271435921,0.1967401681361703,120.59811424416846,C2,NA,NA
0.09940512608798509,0.20321411167156955,122.55075466206523,C2,NA,NA
0.09290485800837459,0.19872737903640453,120.20745389712381,C2,NA,NA
0.09270923067294971,0.20117787361439665,118.04664030588789,C2,NA,NA
0.09477295794845464,0.19906265254718414,121.71454620276336,C2,NA,NA
0.09495460076769648,0.2031509560181816,120.20258341194908,C2,NA,NA
0.0986084396630361,0.2132895723495634,120.08952282791095,C2,NA,NA
0.08780082267291336,0.2027833654872575,123.55950489256352,C2,NA,NA
0.0978639139547769,0.19812482337467988,121.27734080405264,C2,NA,NA
0.1151821806736921,0.20366358994747383,117.71760907724975,C2,NA,NA
0.1022300825733331,0.19838502665080698,119.3006977429484,C2,NA,NA
0.08843615190885759,0.20881857372621937,117.60038957845484,C2,NA,NA
0.10082328030695527,0.20452279156900194,121.77360072065552,C2,NA,NA
0.08488738276886458,0.2146706302733978,116.03577824134167,C2,NA,NA
0.10170401076713402,0.20415718988985043,118.22862149193912,C2,NA,NA
0.10519651227603048,0.20356856809033008,119.2791485719835,C2,NA,NA
0.09709318083379323,0.20979714072963662,118.2859992707877,C2,NA,NA
0.1085307359056144,0.19370650718640067,118.12522930838448,C2,NA,NA
0.10036370313728293,0.2001103076566543,120.39579616675707,C2,NA,NA
0.09223057562449903,0.19525139058217683,120.63874750116626,C2,NA,NA
0.10300847166642935,0.20318043634296137,121.19616597396451,C2,NA,NA
0.08917029707015783,0.19340644186079659,119.48970555585804,C2,NA,NA
0.09777290056800994,0.1953297416511682,116.65504847979402,C2,NA,NA
0.0871138211658768,0.20381259373657068,118.85995307283959,C2,NA,NA
0.09459262327363242,0.21109811210973417,118.67801912225971,C2,NA,NA
0.09074233463828461,0.19032759263373822,120.33917856094408,C2,NA,NA
0.09125763601321371,0.20332730530291282,117.21076692129311,C2,NA,NA
0.09398482161804746,0.20839098309181306,120.37119101787404,C2,NA,NA
0.10060312133602019,0.212651730449759,115.51264973937586,C2,NA,NA
0.10116248559230155,0.19629849539474364,121.0176604486482,C2,NA,NA
0.09935778319961876,0.19863292564264634,115.87757699334568,C2,NA,NA
0.090145677676232,0.19804858722803714,120.18566935712083,C2,NA,NA
0.08261296163877735,0.19685947906258033,111.55683070821452,C2,NA,NA
0.10137812976150513,0.20338976109889312,112.47062078144776,C2,NA,NA
0.0986849240717055,0.19607303689400257,119.00433901440209,C2,NA,NA
0.0819545714542521,0.20000548031883542,120.3881039165752,C2,NA,NA
0.09779603278755711,0.20686922342816594,118.47878571830492,C2,NA,NA
0.11333385737928872,0.203053261945932,119.80966225326321,C2,NA,NA
0.09174279099030581,0.1994583277010993,122.06396853891066,C2,NA,NA
0.07924978938588076,0.1978413254707401,120.70475480011757,C2,NA,NA
0.10358633667484358,0.2001120033808401,120.06642854024363,C2,NA,NA
0.09205410493973905,0.20840715622387357,119.94788165516411,C2,NA,NA
0.10908895241570554,0.205484483966332,120.62961460700181,C2,NA,NA
0.09365105125374304,0.20152984620784994,120.753961177325,C2,NA,NA
0.09793666685964374,0.20324088155665884,118.94263625131242,C2,NA,NA
0.10631810911069395,0.19729769300532554,119.12716039212721,C2,NA,NA
0.09990610334917695,0.20073196202946578,118.77440397965513,C2,NA,NA
0.07751600893491845,0.2199014025705552,112.05938735933195,C2,NA,NA
0.11202655906720294,0.19708138772982248,118.27486357181986,C2,NA,NA
0.09907534484204798,0.19397624673189418,118.77899786544499,C2,NA,NA
0.10444355924616809,0.20242049962743594,118.79087741629657,C2,NA,NA
0.09940212525065206,0.19463530896179254,117.66902989472055,C2,NA,NA
0.11724057193810689,0.21560173065899152,114.18909569385586,C2,NA,NA
0.08316351441227644,0.20935714592161117,120.22490483640775,C2,NA,NA
0.084491690313035,0.20260824584743936,121.55605254321702,C2,NA,NA
0.08845792096636897,0.20115056409908846,119.18698861192584,C2,NA,NA
0.09712559296998123,0.2107622239393016,118.3303841669534,C2,NA,NA
0.09896794028078403,0.20672780203889418,118.55184166079968,C2,NA,NA
0.09922039022263258,0.19749388681400398,118.42718818246068,C2,NA,NA
0.09217056574747422,0.2025903446257106,120.24890254965663,C2,NA,NA
0.09802002300887963,0.2024619354390256,121.84998514335382,C2,NA,NA
0.09820740001401874,0.19379794084995233,117.89266921166846,C2,NA,NA
0.10766947121400265,0.21246921412744602,119.29522200921772,C2,NA,NA
0.09835854660337408,0.20048566143241348,118.51313874758411,C2,NA,NA
0.10952158389721212,0.20590881611782097,116.34379864135244,C2,NA,NA
0.10405977391275655,0.20413861337423028,121.47577797112426,C2,NA,NA
0.1012270010796854,0.19844692104176465,121.587920548292,C2,NA,NA
0.09024620418159271,0.20498072865515593,119.84355661309296,C2,NA,NA
0.08222938892080316,0.20401761253111814,121.2408822545697,C2,NA,NA
0.10343247921724927,0.20941422376695173,115.9000812997429,C2,NA,NA
0.10929700061782553,0.20028277865647404,121.69742775939642,C2,NA,NA
0.08685555551772274,0.19468339626047193,120.97223821594703,C2,NA,NA
0.10126896882882468,0.20231475755204134,118.83740689852539,C2,NA,NA
0.10009660796889437,0.20315465015310546,119.88056143465032,C2,NA,NA
0.09921098538000064,0.19080778799094905,116.45972331693437,C2,NA,NA
0.09788612296377848,0.20350116442959482,121.5612783405866,C2,NA,NA
0.08049192932169232,0.2014546409532303,113.51952072420764,C2,NA,NA
0.09599024688839575,0.19155050262670875,119.47465670616282,C2,NA,NA
0.08220131089097367,0.20152120665503315,119.82228715113936,C2,NA,NA
0.10485780177217993,0.20114966042924531,119.50684610983414,C2,NA,NA
0.10370192868904574,0.1994214069265975,121.3217674838258,C2,NA,NA
0.10178737856884276,0.20602940207596138,120.78385970993713,C2,NA,NA
0.08816058768210511,0.197952121458221,121.1734955032507,C2,NA,NA
0.09864502947444491,0.20351348152358784,118.274354507455,C2,NA,NA
0.10379507966223245,0.1998518028631072,121.69116790733548,C2,NA,NA
0.07950409009311356,0.20005462282458492,117.61539205664363,C2,NA,NA
0.09030231447284494,0.20260145191113405,120.26311128198776,C2,NA,NA
0.09971340726443018,0.20275231220645995,118.42673109411169,C2,NA,NA
0.0835154120244035,0.20705753547397235,116.42294947144835,C2,NA,NA
0.09428382779462283,0.1936275506976781,118.79293002020098,C2,NA,NA
-1.4826996234254983,NA,-183.9288420185856,PZ,-0.21640190984615137,-1.0578266630486794
-1.8417001995447748,NA,-189.25504328124197,PZ,-1.1881603212665444,-0.14884753418871896
-1.3831100158353462,NA,-191.23761677749735,PZ,-1.231232018437568,-0.5792504525620163
-1.3765683641494995,NA,-192.4381747361936,PZ,-1.0193431918975953,-0.9045419725265723
-1.4022056547039556,NA,-186.90110855264834,PZ,0.42898611428202404,-1.5108620421250152
-1.3162637877310834,NA,-187.6042218225107,PZ,0.43353659195161715,-1.683304758653586
-1.4959843432604019,NA,-184.1289366740871,PZ,-0.38104621542442496,-0.9193886481318947
-1.6495822080199516,NA,-185.4625616337117,PZ,0.37739086627845897,-0.9843756485636016
-1.6888604632101778,NA,-187.28890008420058,PZ,-0.15403684027101874,-0.8040274980324571
-1.3615663631239066,NA,-183.8601045309164,PZ,-0.3874406661737827,-0.9577226973607748
-1.365485351358455,NA,-184.3516294642477,PZ,-0.5763982797534201,-1.0006092957774197
-1.5348366746109887,NA,-190.38044216849923,PZ,0.03119459151696491,-1.255995606519783
-1.1729011706471109,NA,-185.2718605115857,PZ,-0.3733537412294197,-1.0674906174167265
-1.39873032464366,NA,-186.15122225315633,PZ,-0.035831816776872236,-1.0852119904183706
-1.580580090189936,NA,-183.9086903727014,PZ,0.07607677761589876,-1.225574286069359
-1.5577429947450816,NA,-186.43290282629158,PZ,-0.08226459089718338,-0.6944640097906748
-1.4218967028118885,NA,-186.1599911405188,PZ,0.2689115031088541,-1.5394306132683633
-1.4619158214318795,NA,-186.48557894176972,PZ,-0.007685842369967007,-0.9767828042229624
-1.03688275138416,NA,-189.127100834645,PZ,-0.02578622885974359,-1.0301218787212427
-1.4344147799928082,NA,-186.9732365323133,PZ,-0.3415473932452836,-0.7792668072049027
-1.6897980663382726,NA,-186.2669240101415,PZ,0.029947690084066725,-1.2929252722586457
-1.1255790727813,NA,-187.33733210443438,PZ,-0.012033478353795299,-1.3945190307621524
-1.2310705899098304,NA,-184.51358837939432,PZ,-0.06563817486748563,-1.0136960065233867
-1.8504201802202258,NA,-186.66313633238119,PZ,-0.7407667959131575,-0.24348870016446905
-1.7452899639502473,NA,-189.53295910959378,PZ,-0.8178474131515079,-0.24842837355400713
-1.5616476692788288,NA,-185.65031887722398,PZ,-0.37299984914044426,-0.40183963248143006
-1.5049707076652,NA,-184.4792599136084,PZ,0.2729789943962283,-0.9468769628838798
-1.6438297009662672,NA,-189.6275934247831,PZ,-0.02441697406961385,-1.0008687338255606
-1.3808334985119999,NA,-186.590928345669,PZ,-0.1552867288740251,-0.8971131242432975
-1.460048595813599,NA,-189.38119094880756,PZ,-0.126150631814402,-1.4047321503991304
-1.446390536641612,NA,-188.56036894748652,PZ,-0.5170057935015547,-0.23906459359932325
-1.4451257421526604,NA,-187.4979275800426,PZ,-0.1046404758666789,-1.4166699167271237
-1.3937000647650832,NA,-188.52402711233768,PZ,0.06987129727779823,-1.3819116778983864
-1.867232147038886,NA,-188.59557088715067,PZ,-0.7382789965872796,-0.4318158947982873
-1.7450332438776481,NA,-186.6217170123519,PZ,-0.18843272761170862,-0.9232240784176846
-1.5330737573211097,NA,-195.23859912534425,PZ,-1.5918650383179933,-0.2732219000298666
-1.5791628781979623,NA,-189.39913629089938,PZ,-0.18118275821080793,-0.7087506716170301
-1.359393228399002,NA,-188.476480473343,PZ,-0.8058724513041222,-0.5146274832765518
-1.4556530529440308,NA,-185.8555538562759,PZ,-0.2211326261392478,-1.0953323271111048
-1.6944274319997228,NA,-187.81135644291754,PZ,-1.1175744933370322,-0.19799313351275832
-1.5271986261977366,NA,-186.0225527343798,PZ,0.11389372480510335,-1.2162045299738078
-1.423693960091679,NA,-184.62184445867354,PZ,0.0762398769676832,-1.2980877938123871
-1.713749240400751,NA,-187.47618925242705,PZ,-0.35134554815730357,-0.7039172911432047
-1.4888571986428005,NA,-189.3680241551699,PZ,-0.586747111164866,-1.0741525352101857
-1.594334278553689,NA,-188.21123871666734,PZ,-0.48234550452179903,-0.4047015077770818
-1.7502064154953216,NA,-187.7860808582963,PZ,0.6216208802529435,-1.30981003446072
-1.5658335112055657,NA,-187.54172874346548,PZ,-0.9420758892772154,-0.5480702166397025
-1.581471295983323,NA,-186.8001307178658,PZ,-0.7158265564395739,-0.5696306391416548
-1.6061338729578898,NA,-190.09150986377165,PZ,-0.5296850236227812,-0.9059738774958062
-1.46776685656426,NA,-185.83429073673884,PZ,-0.8730547746142984,-1.066511474498887
-1.5739847892092018,NA,-184.00001744151913,PZ,-0.25869294517730723,-1.0579442330576454
-1.5558986196030045,NA,-187.1814925018871,PZ,0.03700114711442276,-1.011794835401642
-1.489307416224032,NA,-185.16769492349616,PZ,-0.25778565642873486,-1.0677418489599013
-1.3268268466404882,NA,-191.982896430483,PZ,-0.09069786229626853,-0.9275868348084892
-1.7111213852871192,NA,-188.0801735657158,PZ,-0.09181582655680842,-0.5431974520293048
-1.4128613148097888,NA,-185.7589880386747,PZ,0.06192283800539715,-1.1965641664915292
-1.5449458872893074,NA,-188.42162936973676,PZ,-0.43044697226237094,-0.6575488531177827
-1.5475215174790633,NA,-185.8615686119894,PZ,-0.6209385737808795,-0.5511381454930245
-1.259665430534085,NA,-188.48024069199627,PZ,-0.11358668592034676,-0.7536752281207182
-1.5986193512978226,NA,-185.70858712427082,PZ,-0.9152296018058839,-0.8436266691975166
-1.5232235240194543,NA,-190.59259900016502,PZ,-0.33044789124123053,-0.7107682502797067
-1.3993866678450309,NA,-190.01575974803887,PZ,-0.6128266659761773,-0.3210247172597919
-1.5573667513399,NA,-191.11024817794683,PZ,-1.473576635215887,-0.21179117511535442
-1.2852994504134134,NA,-186.5620473156224,PZ,-0.8188645812310598,-1.0182305875126496
-1.4726193528863525,NA,-184.65400001720553,PZ,-0.06241377465173778,-1.0442498676324208
-1.6041492833914661,NA,-185.06754205634763,PZ,-0.5191290410678241,-0.6075153191052877
-1.890484970519977,NA,-188.17690148154713,PZ,-0.49853689100191073,-0.4228074065319667
-1.44990976917066,NA,-185.64373514615565,PZ,-0.4302605517502934,-0.37683423626249557
-1.7366621561696896,NA,-188.1396576101064,PZ,-0.4246291382456146,-0.5419734171491486
-1.6968302717541677,NA,-189.1541969131087,PZ,0.047560208016485556,-0.8654122057274146
-1.4597286250592467,NA,-189.55322402224996,PZ,0.0671577266261334,-0.9946968051084024
-1.2953819110042917,NA,-192.1918930035638,PZ,-0.4375778180366766,-1.745346979352397
-1.394728476434753,NA,-187.87920672512897,PZ,-1.0190449431895274,-0.16645462001975292
-1.3709967179348845,NA,-188.17606559694116,PZ,-0.05243976769396522,-0.9008799324950318
-1.2736289667778216,NA,-185.37803186803677,PZ,-0.15101732719428895,-1.4123177861645662
-1.266047601875749,NA,-186.30108996440168,PZ,-0.03281863929699433,-1.4955408016030836
-1.4480425935287413,NA,-185.49119307029574,PZ,0.030536273306455933,-0.9971589789133795
-1.432297935011712,NA,-187.18358982622917,PZ,-0.682790377194904,-1.0147568169284786
-1.2747523776891634,NA,-197.1550380999526,PZ,-0.6161187975505601,-0.09423701139739518
-1.5726064369310082,NA,-189.6819711827711,PZ,-0.5736342223650246,-1.0278059820778376
-1.4035768385163856,NA,-186.21437653499507,PZ,-0.6196678480580982,-0.8511560011422062
-1.559427136517013,NA,-184.73689193316798,PZ,0.13213504901926684,-1.0440407411839356
-1.488718802811465,NA,-192.43944185576518,PZ,-0.9928788929514398,-0.2903648030182927
-1.4067504132028292,NA,-187.6432188649934,PZ,-0.7015319177918038,-1.0944469052794568
-1.3442971439318836,NA,-188.74075280315822,PZ,-0.12430880588784371,-0.9068145334304165
-1.6266826162059804,NA,-183.89809140080294,PZ,-0.4052296293064439,-0.7783539765904068
-1.6222101109741378,NA,-188.98409313941906,PZ,-0.841567119144108,-0.8531317381980312
-1.5883022091935268,NA,-190.23732564153096,PZ,-0.12210989118439536,-0.9400111330694078
-1.5107919795645963,NA,-187.36124135752561,PZ,-0.5816965993851342,-0.7028895509731488
-1.8386501217291153,NA,-190.54931947762324,PZ,-0.7331517106726796,-0.6252996943446703
-1.4596165109342492,NA,-187.02826291899152,PZ,-0.33494521301717545,-0.8277017412379755
-1.5917749096919658,NA,-184.99207323487707,PZ,-0.5444728513009213,-0.6134543143185409
-1.6819280711212232,NA,-185.27023153510243,PZ,-0.1443709208349558,-0.9383292347333122
-1.4865692598350686,NA,-187.0924351228024,PZ,-0.11652033356530547,-1.1936801030624409
-1.4612727335182534,NA,-191.3050028382949,PZ,-0.0643760634269657,-1.041828920640875
-1.8509351811271981,NA,-188.20421750763558,PZ,0.2792216364569758,-0.8025754103487244
-1.3441128011867969,NA,-189.01496938120601,PZ,-1.099242006856942,-0.8592926804034251
-1.5230855713333136,NA,-185.64608790589742,PZ,-0.1554674157963218,-0.6740267698717953
-1.4160268955366844,NA,-185.37435493907313,PZ,-0.608658164720873,-1.0938400903269887
-1.4921684733611966,NA,-189.42762594969588,PZ,0.17896945298202782,-1.307023452943427
-1.528843151705455,NA,-186.4586218139155,PZ,0.3144690848841461,-1.4109411182575364
-1.5820503236721106,NA,-187.14544024132812,PZ,-0.07738668478903565,-0.9852047432661363
-1.237294068696715,NA,-193.6226091969128,PZ,0.049567226927873964,-0.5814091371789294
-1.5152012507658812,NA,-188.1980401425137,PZ,-0.004019683703040927,-1.0946169866914712
-1.5202336194556552,NA,-184.54878187850127,PZ,-0.22326142951962324,-1.1278984251894484
-1.460906975130154,NA,-185.51558161497275,PZ,-0.7893139348129754,-0.6894288815343087
-1.4322606485214264,NA,-191.2526432732733,PZ,-0.6398633216833087,-0.14237447079358878
-1.2857797586449755,NA,-192.02502967938477,PZ,-0.04548659792062426,-1.617755066359742
-1.5732120726494463,NA,-185.8719807900415,PZ,0.468559748889921,-0.931570838494049
-1.5336423858871011,NA,-192.46017946089574,PZ,-1.3182369803853256,-0.6688074203330987
-1.5359980609666273,NA,-185.25856043912106,PZ,0.21000504957224347,-1.0224431045869977
-1.4760315430168904,NA,-191.08092563828922,PZ,-1.1524255713824894,-0.6529049048154008
-1.5553757342387649,NA,-186.2764865748205,PZ,-0.3951478588557312,-0.8594222056135654
-1.6220499221057603,NA,-188.78518258340594,PZ,-0.556755259039028,-0.9227241168769139
-1.3593508044166116,NA,-189.14867806785173,PZ,-1.3171155675792101,-0.9253399800114631
-1.525862779239371,NA,-187.9058710699058,PZ,-0.5171770444566799,-1.2701164243785534
-1.3806228006584038,NA,-184.67246801193014,PZ,0.09746394067107464,-1.0983753364027333
-1.8950762183106833,NA,-189.90701393797568,PZ,-0.6076525120766769,0.1391563669873194
-1.387298522130902,NA,-187.59797268117512,PZ,-0.783991423138152,-0.9241395175041857
-1.570226428112564,NA,-187.077941389712,PZ,-0.8688460903950341,-0.730751396154348
-1.3742015942886552,NA,-186.21849706917268,PZ,0.2516153369211448,-1.3187220832196989
-1.5454863610875142,NA,-185.60169323209962,PZ,0.12527332119922024,-1.421809824698945
-1.5556413886401792,NA,-186.80132700487303,PZ,-0.47941746307429367,-0.640663714993061
-1.5857826946303266,NA,-187.68006928381564,PZ,0.5057953833833259,-1.4000048930096018
-1.595667493549787,NA,-183.92134418150079,PZ,-0.2910614485586397,-0.7212066704490026
-1.4484620548918026,NA,-185.71145587698012,PZ,-0.3923872385015822,-0.7444847723112812
-1.1671831009919815,NA,-187.69362323314098,PZ,0.30966182256213404,-1.3788755448252883
-1.4666875683354863,NA,-190.28483456123934,PZ,-0.3652036044729582,-1.1785890335721094
-1.4242755637305842,NA,-186.1178935343363,PZ,-0.35070603501979813,-0.8680423047887027
-1.5613649727030867,NA,-189.49617567128152,PZ,0.40802607800178836,-0.9168149024276588
-1.5030896944847711,NA,-187.88430830694725,PZ,0.2558706943385322,-1.0339792270577335
-1.542519713264634,NA,-184.67007594753548,PZ,-0.29545833974642777,-0.979510158803296
-1.1814823521561066,NA,-191.4079442826898,PZ,-0.40193380241588283,-0.9660207154037103
-1.2870992395697256,NA,-188.8663761756374,PZ,-0.9887560046533458,-0.7930587129013561
-1.5580915862474152,NA,-186.4080797872987,PZ,-0.7470420627005406,-0.451056425034419
-1.6659092387047187,NA,-184.30927334378217,PZ,-0.18262892788889418,-0.5556589295856753
-1.4725329382546812,NA,-188.28067428455643,PZ,0.27195543277920087,-1.3933146382057477
-1.4282424215949658,NA,-188.33898644184788,PZ,-0.003624005215899395,-1.0462876710356206
-1.4511459713577803,NA,-184.9758227070127,PZ,0.12035833637859975,-1.2245200893940513
-1.7371357081387406,NA,-187.49603813349194,PZ,-0.7450624994024315,-0.5285731570144052
-1.7690114052051056,NA,-189.10829448610806,PZ,-0.6544369232882074,-0.39367176948820404
-1.4062259217385884,NA,-187.39784113486377,PZ,-0.6176344661959497,-0.7573308908389396
-1.6890957047554902,NA,-185.28643664508084,PZ,-0.6751370436938469,-0.4765685020319699
-1.47619807815759,NA,-186.87690546908698,PZ,-1.1424425699104899,-0.7847918613119724
-1.342905813611484,NA,-185.2103843744131,PZ,-0.695590338176413,-1.0009562165420014
-1.431562136621237,NA,-186.1840882763149,PZ,0.26750344415383037,-1.2620604915738436
-1.3391182640413364,NA,-187.1152495654507,PZ,-0.37607043010483127,-0.8692074263700794
-1.5142808713458136,NA,-186.82225981612825,PZ,-0.580875252091011,-0.8739702092881549
-1.7812366585244566,NA,-187.83879968939988,PZ,0.33345786362025875,-0.8858727458874651
-1.4632547416557509,NA,-196.0692089361433,PZ,0.3419073244062513,-1.8385377925900819
-1.596100760195491,NA,-186.54565476484157,PZ,-0.4127297049016687,-1.018120106676708
-1.518148015584788,NA,-183.627603402015,PZ,-0.36484786268404423,-0.7154650595160327
-1.7879686120468656,NA,-185.7591501591957,PZ,0.3423581575601053,-1.0032524286693454
-1.4623128184395007,NA,-188.807641817167,PZ,0.25310188919075993,-1.1952013757297204
-1.8309074644216516,NA,-187.47592223076805,PZ,-0.5011362679532319,-0.38158350278082087
-1.6089931376253694,NA,-190.44161605284023,PZ,-0.7610739587700142,-0.45785053913344487
-1.4423666721907185,NA,-191.98288663842754,PZ,-0.3924212421327232,-1.042056869183408
-1.4344920413372915,NA,-184.86270300531777,PZ,-0.29082293392454034,-0.9967947431315433
-1.8268335712519275,NA,-186.77818397478924,PZ,-0.08203907762703144,-0.7690056268668857
-1.5719672689403992,NA,-190.09441029910658,PZ,-0.1383623985894587,-1.2158939386793333
-1.3687056748148176,NA,-183.52243014171347,PZ,0.0796634344759829,-1.328364872587342
-1.6939673080614677,NA,-189.0374405490254,PZ,-0.13887166009071522,-1.0404920427634248
-1.7484636658663772,NA,-188.4728298034164,PZ,-0.5196898080787243,-0.2120373768531388
-1.7406727612302624,NA,-186.1006565199495,PZ,0.19039022951284468,-0.6469306155019028
-1.783776213824695,NA,-187.6311606972498,PZ,-0.08414458606286573,-0.9784918658047256
-1.4107575651156388,NA,-185.48612578105366,PZ,0.038599580304676306,-1.1812808377268669
-1.4422921634252484,NA,-185.94014892938984,PZ,0.2758700028444008,-1.0440228550685133
-1.4893492652276472,NA,-185.8062328483405,PZ,-0.631320695865308,-0.8713245031776234
-1.486318310432103,NA,-184.5326868693184,PZ,-0.467037042834312,-0.7493789716138702
-1.1908022053301264,NA,-186.68466613195338,PZ,-0.8820349666539332,-0.98731618512871
-1.4338654687001113,NA,-188.2413114263699,PZ,0.01562380412428982,-1.0448196104324594
-1.9035258086966367,NA,-186.9397224174736,PZ,-0.1911431996303714,-0.2370041965170841
-1.5746530687608176,NA,-187.15477306733646,PZ,-0.2101671228760762,-0.778351238954705
-1.5160152229291968,NA,-186.2682355065709,PZ,-0.6587038790112844,-0.6179292029715837
-1.6260138071744763,NA,-192.1814021970444,PZ,0.1071270672448977,-0.9732163262405702
-1.2962701774985612,NA,-188.69624735238546,PZ,0.34819916397862505,-1.1840902940042584
-1.5542431743034981,NA,-186.93160549248907,PZ,-1.1827608097887827,-0.8298613602431129
-1.4084320107174109,NA,-184.42104221656928,PZ,-0.43638005747709885,-0.9873468841452614
-1.2766192804346344,NA,-191.43452535038205,PZ,-0.3846972488916178,-1.0488991783942607
-1.3057145951202274,NA,-183.6392724790859,PZ,-0.43431682901681457,-1.122870616676677
-1.7227224316024323,NA,-188.82750914082195,PZ,0.5674198265385281,-1.3245508207327483
-1.5782003879504558,NA,-186.96081340291101,PZ,-0.6581417573596244,-1.0000461865730037
-1.378351033132044,NA,-192.44890043601953,PZ,0.0801865892689062,-1.3119851266999267
-1.6434985558753161,NA,-185.09405878823685,PZ,-0.2551575341485946,-0.8742005093945333
-1.7971207322028564,NA,-186.1301002864827,PZ,-0.48697944175067487,-0.375871449541124
-1.3582648587823707,NA,-186.9273352254749,PZ,-0.10190122551141922,-1.5773451734462938
-1.19236245756342,NA,-186.81768014284947,PZ,0.23479292147419473,-1.50538027055181
-1.7492666362172058,NA,-184.22940972674496,PZ,-0.03301641652866508,-0.7364093827447886
-1.4704610166570384,NA,-186.3769676810012,PZ,0.11007709781300003,-1.166106390645933
-1.5721198153772702,NA,-189.84685801551433,PZ,0.3082641347151506,-0.8910893710890215
-1.4653590307787796,NA,-188.56484585888916,PZ,-1.1094720003942171,-0.5752730574503501
-1.5546852536219176,NA,-188.2781368219738,PZ,-0.1003676903539754,-0.9348086644523801
-1.1990043745504284,NA,-191.49862761190647,PZ,-0.41403474600144485,-1.0406969813272888
-1.2813570109307653,NA,-183.87783804979563,PZ,-0.23912144287745046,-1.0008167460216968
-1.7772196477800466,NA,-190.8896381026376,PZ,-0.1520946192518169,-0.5248772154652971
-1.4858022020817918,NA,-184.8922099580116,PZ,-0.7914180223335633,-0.8457109688417068
-1.7668533087547336,NA,-188.1341996198278,PZ,-0.4017190490893505,-0.8396167998982479
-1.323206788431326,NA,-187.97396895356056,PZ,-1.0157826016339755,-0.9160896135114609
-1.488006817593627,NA,-190.20923779246687,PZ,-0.24567648711617307,-0.9491586428146999
-1.5557930016888062,NA,-185.55102177330988,PZ,-0.24304306656803007,-0.8962162456391829
-1.4689612580324694,NA,-191.4131854429513,PZ,-0.8640036256504295,-0.20400636775865827
-1.7296939124044846,NA,-184.65753321468023,PZ,-0.2805600741693505,-0.3449332907475313
-1.703697039163123,NA,-188.83084262209448,PZ,-0.4126971593788254,-0.4890604091249856
-1.4114271474270934,NA,-189.34439287881375,PZ,-0.11504875146840776,-1.1147086096976306
-1.3315644976773566,NA,-188.87934215831774,PZ,0.028226340465102195,-1.2817163361022434
-1.6635546898196827,NA,-186.33306062877156,PZ,-0.42351668371400003,-0.9995347575076773
-1.7236845545249697,NA,-186.63652651536515,PZ,0.20934090502022715,-1.3423298163801802
-1.5619919867242333,NA,-185.67632375603398,PZ,-0.2828370198209067,-0.9844996629513354
-1.4678576659992322,NA,-187.7418220071303,PZ,0.03363280788295808,-0.7586855713679662
-1.6431752265300335,NA,-185.08213588235262,PZ,0.009113432214875011,-0.8891834108644789
-1.5949761864619043,NA,-185.7859463270247,PZ,-0.4558873821934771,-0.6237009821884066
-1.249419292113497,NA,-191.03867372744378,PZ,-0.2957579859462905,-0.8009119128367533
-1.6578789720837797,NA,-190.98992479023897,PZ,-0.6844025076657542,-0.11855330497062758
-1.1572982512993755,NA,-188.9795956454908,PZ,-0.8948460178682116,-1.2182538502922757
-1.4123404103176544,NA,-189.79729818969057,PZ,-0.25159567329047117,-0.8043973936753385
-1.3336496212498887,NA,-185.2535702680286,PZ,-0.1636372380931222,-1.129023788621614
-1.5486160270987086,NA,-184.91462607433598,PZ,-0.3870351865053678,-0.6265774625063216
-1.5500726942901029,NA,-188.8667553186805,PZ,0.41778450237708975,-1.2319304255862025
-1.498454706537517,NA,-186.91499481780994,PZ,-0.5548464397508782,-0.7686585855737906
-1.500407874207967,NA,-190.9761555105163,PZ,0.3076740199675464,-1.4109927484245777
-1.4921488218533012,NA,-186.12158909675261,PZ,0.08520470489215218,-1.135820204512891
-1.3577294800418076,NA,-187.63792914191308,PZ,-1.005012410216291,-0.8592442077698571
-1.8310882895454712,NA,-189.93439623445119,PZ,-0.6143320600826889,-0.9332479187772963
-1.5357235912753273,NA,-185.91803329530296,PZ,-0.23253114460400914,-0.8927878401412274
-1.5737476274799522,NA,-185.9961551411335,PZ,-0.6204489863114939,-0.4767199858844868
-2.1424126719602463,NA,-192.4906943172662,PZ,-0.5812222533466926,-0.43641195051674
-1.2497438500419666,NA,-188.76484469239014,PZ,-0.15747067918355392,-1.008536413962576
-1.122953306224057,NA,-190.29660079756556,PZ,0.3726417592498434,-1.4813598685883065
-1.5215931359936772,NA,-183.888396717821,PZ,-0.2735262825316679,-0.6777989508852025
-1.6401709970307667,NA,-186.50876838052503,PZ,-0.16582977137941635,-0.788182501253307
-1.3918624783942501,NA,-186.51367637864752,PZ,-0.1837388232164811,-1.1886852612743306
-1.4453423251806734,NA,-189.83414774079054,PZ,-0.15839145041574115,-0.8436477419730726
-1.7276614824897778,NA,-190.12191374084514,PZ,-0.3029988285634808,-0.5882840712420654
-1.2883134090557224,NA,-187.54009380635947,PZ,0.49364268133816736,-1.4121048116424506
-1.5768001446406976,NA,-186.86268575848447,PZ,0.3721919643159513,-0.9191328303791788
-1.5478193405101432,NA,-185.15863609713398,PZ,-0.13834352615276618,-0.8342656716674237
-1.6558753907242543,NA,-186.33510742690154,PZ,-0.28628323063836075,-1.0901737390100315
-1.719882303136836,NA,-187.17837026741353,PZ,0.1983377090137181,-1.114015565587757
-1.6098401209781248,NA,-188.68533262742062,PZ,-0.3665090730713809,-0.6690351568307487
-1.42839337915684,NA,-184.22492421228924,PZ,0.11104018966371539,-1.0259212230328179
-1.5847016365473456,NA,-190.77859072947285,PZ,-0.642042804353699,-0.1301730443232006
-1.5429518626164582,NA,-185.08472791912,PZ,-0.8093942269360489,-0.4514013823988694
-1.4255273287475807,NA,-188.66183528170043,PZ,-0.3135475592768312,-0.9054531300338163
-1.6335059719181104,NA,-184.2010156475196,PZ,0.023859001763390942,-0.9236813790384364
-1.6387440862780949,NA,-187.12637788520126,PZ,0.06169832471692607,-0.515704688070715
-1.5947378772412528,NA,-185.96573443974665,PZ,-0.2839577323118156,-0.6371643424493865
-1.4098248943275886,NA,-185.6039140490693,PZ,-0.27139253631286175,-0.7516821741504421
-1.4356739571132675,NA,-187.75542281387132,PZ,-0.28893087025625164,-1.477810663091319
-1.6609846450771135,NA,-193.13601896623442,PZ,-0.6428861725490096,-0.8426524184626571
-1.15227414757443,NA,-185.20289222103804,PZ,-0.037498492800847175,-1.2875674772296288
-1.3125431177131401,NA,-185.59700358207382,PZ,-0.14504853569832216,-1.072172218578849
-1.5986612142105288,NA,-189.62515291045648,PZ,0.3242860539963851,-1.297580862632376
-1.6614099719094322,NA,-185.45983874502792,PZ,-0.3432660729016818,-0.5327308368700014
-1.644726744774922,NA,-186.02068438190506,PZ,-0.624614657372272,-0.2897074545242523
-1.571939609777594,NA,-188.5624983577045,PZ,-0.5751018790815184,-0.899958780985818
-1.5230551004691184,NA,-187.26929521673338,PZ,0.16919585191311803,-1.1195534270116576
-1.4584981795875984,NA,-189.39145216715093,PZ,-0.5264262685766732,-0.18465624259340407
-1.4404427461631346,NA,-186.70755655795344,PZ,-0.3482045934749678,-0.6902737026944541
-1.2553790684533392,NA,-185.69643682014114,PZ,-0.02372347646945272,-1.5469361572595708
-1.3378882715908986,NA,-185.2833973750531,PZ,-0.37571740436136836,-0.7660209638112075
-1.4376999991898212,NA,-188.9419233577751,PZ,-0.2771059407386269,-0.679363892144196
-1.5378736380420694,NA,-191.5866028688615,PZ,-0.3951206527635097,-1.7657368368016932
-1.672365816588569,NA,-184.53795386691522,PZ,-0.5451340551531365,-0.43116596192360945
-1.7171238970839044,NA,-190.2521725434436,PZ,-1.0467633319464884,-0.45127531210495364
-1.4933298794334762,NA,-186.61435313953683,PZ,-0.3416454160177964,-0.9246319110376049
-1.5516966702428672,NA,-188.85210276778477,PZ,-0.005606270847578643,-0.7344448798292349
-1.6854640280508293,NA,-188.79021041440652,PZ,-0.5550030592453371,-0.6585369725711725
-1.4650320616794317,NA,-185.0640939332503,PZ,-0.5519784561309585,-0.5875320698966302
-1.5486696327167626,NA,-185.66010736647445,PZ,-0.15057825212393233,-1.1438581067854963
-1.625366815820156,NA,-191.34575178786176,PZ,0.3524288176087081,-1.3171359856011124
-1.418478824356306,NA,-182.94667664273814,PZ,-0.29193072397859116,-0.8317507291059043
-1.521265007289783,NA,-187.9527145678259,PZ,0.08655006987383179,-0.8702749393693696
-1.5878394188776883,NA,-193.26927661125183,PZ,-1.291405071098652,-0.42715057454723343
-1.5332051502251922,NA,-188.9259462328063,PZ,0.7178509844889633,-1.5040649889038784
-1.5499515999916982,NA,-187.12505242956684,PZ,-0.928022786949003,-0.36646928423563874
-1.5468750920831924,NA,-188.17853430085552,PZ,-0.49054787543619005,-0.29957496449311427
-1.6687172847089096,NA,-190.98988290126073,PZ,-0.544799126777044,-0.6928756309376886
-1.7003441000394641,NA,-192.36164195674883,PZ,0.7269541768622048,-1.7506196900912534
-1.6329399556283384,NA,-188.65123529576394,PZ,-0.4819979288224816,-0.7830343187205174
-1.2168111615649586,NA,-192.34187354888354,PZ,0.3007031938040336,-1.9436813677742117
-1.6513204166595286,NA,-186.58113339907655,PZ,-0.9562340559400815,-0.6421765100873367
-1.6156510151257435,NA,-184.2744342090027,PZ,-0.2871584163644525,-0.8219943397377727
-1.2812469643053883,NA,-191.28477683880232,PZ,0.8841903642303528,-1.6737566896507619
-1.3675934532013987,NA,-185.8673573095372,PZ,-0.07193145318095678,-1.0690369510646966
-1.4920136279296834,NA,-185.88984502457615,PZ,-0.39912348638563466,-1.308971229232459
-1.3941539187354162,NA,-184.84690841251998,PZ,-0.3296269113068973,-0.5586320630527883
-1.4960228904604682,NA,-185.4567987013678,PZ,-0.312116035598908,-0.7761664914938523
-1.4919364675357927,NA,-185.5451882559654,PZ,-0.36667124226207254,-0.6253906276405506
-1.5034455708678505,NA,-187.1212120661367,PZ,0.12868207724156705,-0.8929868992620649
-1.3904088024391024,NA,-186.62807123756255,PZ,-0.22088013832593126,-1.166265993608007
-1.258647536040866,NA,-187.6246481357058,PZ,0.5439597056739591,-1.6514106438443865
-1.3448355917966195,NA,-186.11657765753984,PZ,-0.1284658216546688,-0.8873973126470813
-1.4056358501232369,NA,-186.15306015953286,PZ,0.36261265024685296,-1.4500325142586066
-1.620375042893434,NA,-187.32465207248148,PZ,0.013629566176064088,-1.4969820786402885
-1.6372156872252188,NA,-187.37820303519766,PZ,-0.620406211382034,-0.5507840235012947
-1.6014525943738018,NA,-191.9624775200666,PZ,-0.5583471156869869,-0.4298017581564222
-1.4579860451644766,NA,-185.52632993934887,PZ,-0.36643685430296735,-0.7829246387538611
-1.3021302461213577,NA,-185.97650759245997,PZ,-0.5215647879514338,-0.7322624527329333
-1.7254038679719654,NA,-186.94935501981848,PZ,-0.3554513898717235,-0.8125470663707248
-1.2297693020508575,NA,-184.70647328246648,PZ,-0.44879025067268385,-1.1912419373320335
-1.5705613239874212,NA,-187.00140649323072,PZ,-0.059158242822385854,-0.759417275889166
-1.6546665758646697,NA,-186.34339058117385,PZ,0.00823467274688866,-0.8565872085703805
-1.6877495134199079,NA,-186.96368564294752,PZ,0.3365422171573793,-1.2057419656975312
-1.290883094513879,NA,-186.42998854182,PZ,-0.017837755405715666,-0.920884734649313
-1.7406188460204248,NA,-189.64654915170922,PZ,0.07158784992178863,-0.9589102944892679
-1.5743752467985648,NA,-188.6160358982406,PZ,-1.0432225992670483,-0.6911576195620722
-1.41508035578959,NA,-185.79979725741978,PZ,-0.12884096152109664,-0.8928749630400001
-1.242920473832439,NA,-192.43530047778037,PZ,-1.571442656094709,-0.5089681537764635
-1.709592068364922,NA,-184.88253381385275,PZ,-0.3294581025214265,-0.6254645555397924
-1.37416632329032,NA,-186.70076162593494,PZ,-0.46421703481602306,-1.1350899900206648
-1.4336388466990795,NA,-191.66599577814202,PZ,-0.4446807005106102,-1.0535427691091033
-1.4716814538634906,NA,-188.87504575357016,PZ,0.6188916236870778,-1.222927514571464
-1.5474096735182865,NA,-185.23532093536778,PZ,-0.8706281542916687,-0.8564517841908923
-1.26000024164262,NA,-184.75639945866166,PZ,-0.1305706631575197,-1.1801880209452165
-1.472867532824338,NA,-183.2229104912066,PZ,0.09153633494153812,-1.176459309543385
-1.2915059826605377,NA,-187.00411622952555,PZ,-0.7588084462337935,-1.1312313442573405
-1.2558525106035314,NA,-187.40407597714778,PZ,-0.4572383860686238,-0.9630434148533698
-1.4349947165457682,NA,-185.45969007422605,PZ,-0.3057576907718417,-0.8992705722208397
-1.6528461254743902,NA,-185.24537535636415,PZ,-0.08012267449155534,-0.8663857478904686
-1.6882663537442433,NA,-187.2499286605955,PZ,-0.5255211417609513,-0.04804242125719055
-1.298186790729499,NA,-187.0987993630212,PZ,-0.8176471946768813,-0.7777275969201896
-1.4598143641724504,NA,-184.24483160834728,PZ,0.20946751623323911,-1.1608648829951367
-1.6083901707522008,NA,-186.1118157246051,PZ,-0.3702016526752181,-0.9324393739989169
-1.503993478806041,NA,-184.64225958174208,PZ,-0.615439394085757,-0.47838406009383927
-1.3773165004387,NA,-185.06230533516373,PZ,0.14710280714370455,-0.918460031735175
-1.5650871505168549,NA,-189.98491050729066,PZ,-0.336119508115447,-0.6119655766431602
-1.6779928636976862,NA,-186.0569635072089,PZ,-0.6676529726472692,-0.5602776570227994
-1.6411035980304673,NA,-183.6595959127538,PZ,-0.24489463272452922,-0.6131288672982498
-1.8494049214984416,NA,-191.37672682493678,PZ,-0.7517308896155072,-0.3486315719993175
-1.7507295147567927,NA,-189.10053011795873,PZ,-0.6799284314149698,-0.5640684516892857
-1.5345722161817905,NA,-190.2848589522892,PZ,-0.33100529619948865,-0.5328226049597947
-1.3098119929871708,NA,-184.57218684454924,PZ,-0.7556340376712332,-1.0072205824410438
-1.8216861112102087,NA,-188.0369278870502,PZ,-0.4178533521706942,-0.44148112875868056
-1.5507684170401115,NA,-188.11584351230587,PZ,-0.8873096933327353,-0.5695244508134808
-1.534687633645671,NA,-188.00741477212026,PZ,0.42421718437120487,-1.053142280936614
-1.4201425534480607,NA,-191.55571469044193,PZ,0.6767191914806435,-1.9712985285799602
-1.4759808148806601,NA,-186.3543103170269,PZ,-0.5095763164766053,-0.807521059190951
-1.5666759406141917,NA,-185.76831176096115,PZ,-0.02009609365165335,-1.114973833976704
-1.4873668426406426,NA,-187.03169497121505,PZ,-0.6224464157546996,-0.28682528508351113
-1.510694480560579,NA,-187.7362013569291,PZ,-1.16557553505464,-0.2512607272446868
-1.2968370641289724,NA,-186.6525145212428,PZ,-0.32640405019078156,-1.2668239305175835
-1.558699172874917,NA,-186.64297254678016,PZ,-0.05198748003493677,-1.1277521841288278
-1.4772667952096206,NA,-186.05878497733863,PZ,-1.1115824919296347,-0.6658771325048343
-1.5377680033864605,NA,-186.99278770819134,PZ,-0.3900201368843063,-0.6917568599755571
-1.2935284045668693,NA,-185.88067438204916,PZ,-0.44922959144212393,-0.812405070256894
-1.5187343933710413,NA,-190.7121521330447,PZ,-0.6762338565294921,-0.7611215162155729
-1.9175739402114655,NA,-191.26771162423364,PZ,-1.2916417479967417,-0.20788074391629124
-1.7133582096060034,NA,-186.20836492425917,PZ,-0.19897420626436108,-0.5079884674778775
-1.7161325705542712,NA,-186.3683634312681,PZ,-0.7782865480435166,-0.32210758024862957
-1.3547613611853622,NA,-185.1048182486797,PZ,-0.6608460681120771,-0.8520167121492854
-1.7194164410205601,NA,-188.5421877579869,PZ,-0.3994448109612249,-0.3824228084857677
-1.4349967746933328,NA,-188.1610067739507,PZ,-0.8739174894019892,-0.573303466749487
-1.6472875253608692,NA,-186.80812020067407,PZ,-0.10372991876235932,-0.7847999816539876
-1.6186387780936569,NA,-187.22078446185387,PZ,-0.8104037372887158,-0.17902178681786912
-1.3213698566730885,NA,-189.68230943271527,PZ,0.4399490517559851,-1.2420685502566153
-1.7294604718053195,NA,-186.82285954419362,PZ,-0.5448254499874151,-0.6209606096028343
-1.230106287446076,NA,-187.51792194356,PZ,-0.3061661522030591,-1.603066180491408
-1.6689625602579252,NA,-189.41390714904742,PZ,-0.23930830577540965,-0.9514951909246333
-1.620936150109722,NA,-189.5784672426239,PZ,-0.5574210196964657,-1.118645889401872
-1.535231189159823,NA,-185.9225782132816,PZ,-0.06906941492483118,-0.9531070935332832
-1.314845998143752,NA,-184.79175927737603,PZ,-0.06159387557283613,-1.205689294276836
-1.5200045620325824,NA,-185.1945086352143,PZ,-0.7631148631206585,-0.8839872626938553
-1.175674160518363,NA,-185.87367863938022,PZ,0.11515387869694686,-1.6120373682820244
-1.5645114577369619,NA,-184.43280850387592,PZ,-0.1706070464821346,-1.1307042262655302
-1.6479342520525335,NA,-188.8397670113348,PZ,-0.32412769821056847,-0.8218985987797239
-1.4043749465291715,NA,-188.92437756468914,PZ,0.2172914582641534,-1.347740222763504
-1.576859889669474,NA,-184.48839765795105,PZ,-0.06313836619509167,-1.1541120823071367
-1.4429960002192825,NA,-184.97119205611705,PZ,-0.23702728377672258,-0.912830681203278
-1.4664407242775594,NA,-185.7099378321029,PZ,-0.4976838894732418,-0.7301252314296054
-1.849027066019335,NA,-189.47911725652946,PZ,-0.29997757638614897,0.02339448325932536
-1.2932819764830088,NA,-188.52116903896575,PZ,-0.1963075148652394,-1.2763686595845354
-1.6161687045514201,NA,-186.5973172907988,PZ,-0.42487590473946946,-0.6615007761779047
-1.4888562851913392,NA,-193.70493697493387,PZ,0.7871549092346368,-1.786825753828763
-1.543369709347681,NA,-184.38668707805837,PZ,0.10295969736912827,-1.1103649994178921
-1.716537275650932,NA,-185.65552601855163,PZ,-0.07161529187897958,-0.6387603553929838
-1.4757399266289948,NA,-186.53249469232364,PZ,-0.5109752287281828,-0.8291380376261882
-1.4606959938763446,NA,-187.53888896768854,PZ,-0.7351358075478179,-0.4656699249388069
-1.483265746022391,NA,-186.6772094044332,PZ,-0.6427647766502707,-1.0099322111142783
-1.3056086246799432,NA,-185.80380590566,PZ,-0.9421434530219139,-0.5507395514251594
-1.4729506061799202,NA,-187.34979097667483,PZ,-1.1125146520668237,-0.1979653136566385
-1.3662319929795932,NA,-188.8676159294682,PZ,-0.7173954971239644,-0.6858098141418449
-1.7971749110064603,NA,-189.48790617667473,PZ,-0.7457908289489452,-0.9863307261910756
-1.789363982224312,NA,-185.56800301165643,PZ,-0.23252704744057712,-0.9688229277149873
-1.4322085737509997,NA,-186.5372712828979,PZ,-0.41784213801872233,-1.504708823354512
-1.7092634723647941,NA,-187.08964921459406,PZ,-1.2708171617212014,-0.15967350289485333
-1.777308398364686,NA,-188.55506734938749,PZ,-0.4588518497836229,-0.6906439317326541
-1.5403732461679045,NA,-184.5825400687944,PZ,-0.3601994875734552,-0.8903322356740566
-1.3694746790292998,NA,-187.75348799113075,PZ,-0.3616647222132755,-1.0619506773278728
-1.8148460098843278,NA,-191.92156650700858,PZ,-0.49162105342886325,0.0806983007766805
-1.622093609988368,NA,-185.51351920594976,PZ,0.5220612369327591,-1.3611087993693478
-1.7549938004424082,NA,-188.38154170090695,PZ,0.24770156511829985,-1.3611270026085496
-1.316582571580377,NA,-187.00364998251268,PZ,0.008893890083424328,-1.1533497545380202
-1.4949128058365333,NA,-185.43167681449154,PZ,-0.5761318544035181,-0.49116366913447995
-1.5223325182041956,NA,-185.93975502803244,PZ,0.32550836681968404,-1.2000502755289968
-1.524992521662717,NA,-185.24506065580874,PZ,0.15981946778936965,-0.9032386520808177
-1.5369696417156073,NA,-184.88278765954308,PZ,-0.017156941863171085,-0.8858010603043242
-1.5566759259425142,NA,-189.34773574622716,PZ,0.5306777392446372,-1.1748086463323077
-1.226536047330248,NA,-189.07796455509987,PZ,-0.557942138430608,-1.5107299898855158
-1.6141978365619245,NA,-192.51096906402958,PZ,-0.7887476170170912,0.006073171256469889
-1.488516210723694,NA,-187.53662173310633,PZ,-0.417628226508181,-0.7240521611890675
-1.4496298372436038,NA,-183.36587130700153,PZ,0.02664610892641691,-0.9161384136027528
-1.4425191927710508,NA,-186.7188629978686,PZ,-0.9145465039645269,-0.6029414482761877
-1.4247504841801875,NA,-188.7535830298646,PZ,-0.26066479846010915,-0.805663063804491
-1.5746933144442963,NA,-188.5917008681637,PZ,-0.6207454151191664,-1.1867156797100007
-1.7192440837096903,NA,-193.3866580608368,PZ,-0.23015226716867065,-1.051603576826417
-1.1412204856213881,NA,-187.86370641826758,PZ,-0.021559290344584814,-1.264662987849255
-1.6080725932574609,NA,-187.55315416711068,PZ,-0.9001258316841438,-0.14609796664437172
-1.3870403562915066,NA,-184.66127413207784,PZ,-0.25266386686856895,-0.8827269144099666
-1.6923350503695547,NA,-191.3027612284105,PZ,-1.0824472651288515,-1.117112427456099
-1.2895967733294738,NA,-191.72425273350777,PZ,-0.48185174104580314,-1.1750200393509973
-1.319928052256373,NA,-186.7886303786727,PZ,-0.038647254825752764,-0.9198541394632439
-1.3437003617864434,NA,-189.24402502919287,PZ,0.6551041470801815,-1.5232858660942532
-1.776033216672219,NA,-187.3218335550916,PZ,-0.09328293885783101,-0.40016207784744917
-1.6321597864309614,NA,-189.04729695068815,PZ,-0.8267815531421092,-0.5188082589566553
-1.6161464818717592,NA,-187.33656140627133,PZ,-0.533988485337379,-0.3067987015425191
-1.1681443641629743,NA,-186.7883414424876,PZ,-0.1824822734102063,-1.0756725351036045
-1.269944507408024,NA,-186.8194236812686,PZ,-0.2849535847245036,-1.0657223785094243
-1.6004264272860376,NA,-187.96720673255203,PZ,-0.8901402216193122,-0.27846936668913363
-1.309044402541311,NA,-185.4359031061513,PZ,-0.16424366211333483,-1.1476413972196495
-1.3859100407607468,NA,-190.173325353115,PZ,-0.35298036050119397,-1.7671828146156359
-1.7349291419469788,NA,-188.8820485095601,PZ,-0.7493535771467251,-0.5520810360934646
-1.422100818580903,NA,-185.06455569776696,PZ,-0.39665101677171577,-0.9545027702246869
-1.5261163955692856,NA,-187.19210682171243,PZ,-0.5761104092933143,-0.3684981721266641
-1.476523557494455,NA,-188.84846643538444,PZ,0.3892237568479729,-1.4794434786664838
-1.3215918075189457,NA,-185.20252438329027,PZ,0.04331941672142274,-1.1348127129527465
-1.5869059301397457,NA,-189.13976750166185,PZ,-0.9777807846564088,-1.2322039463229972
-1.5639053883770364,NA,-184.53087614431658,PZ,-0.35700914226603014,-1.0038309824124252
-1.4542568970290906,NA,-186.48236394538932,PZ,-0.4683451985012661,-1.0631965216695969
-1.4740192033907598,NA,-187.00919366039355,PZ,-0.3020417828978954,-0.7941406157502838
-1.482478707194866,NA,-189.97366409215817,PZ,0.2827901520816311,-1.2350365204409604
-1.4765300083632302,NA,-189.67988498906107,PZ,-0.4595390002822739,-0.8203704629361488
-1.4167524962146556,NA,-187.90320504185937,PZ,-0.3412003707555633,-0.741882859884038
-1.8111701033292809,NA,-190.57218935768972,PZ,-1.5378979705629523,-0.09118888738239378
-1.4503069130146684,NA,-185.73936822485632,PZ,0.12764943350555963,-0.9600527736618338
-1.60110080597539,NA,-183.83664224060894,PZ,-0.17261582696655572,-0.8848005274168411
-1.561307330523895,NA,-185.9700078845337,PZ,-0.27187991160041614,-0.6172691348660226
-1.5392035628069647,NA,-188.48338750810507,PZ,0.18602112784119196,-1.6421826854169983
-1.1775640767189572,NA,-185.17240684325785,PZ,-0.46035270194812883,-1.274833481572293
-1.5752872304757106,NA,-191.18353367261574,PZ,0.15594499335956385,-0.8442200300231604
-1.658476984505599,NA,-186.7494283793053,PZ,0.07417336163291166,-0.6901633303935781
-1.571613379404164,NA,-191.86046176407282,PZ,-0.2589610176136415,-1.03919034557196
-1.3714919782676258,NA,-185.5521543308203,PZ,-0.4643413290225471,-0.9131810599089367
-1.5458638448853534,NA,-189.17541652026458,PZ,0.41193398146299276,-1.6026719212467782
-1.4474678767277362,NA,-186.18045705479855,PZ,-0.6970980467957215,-0.7741771756357274
-1.3108912962037167,NA,-187.96569440873458,PZ,-0.7369210504824184,-0.8583904922419091
-1.4746062596067282,NA,-190.37199670274592,PZ,-0.400568069988518,-0.6179040696057903
-1.5463285604356616,NA,-186.43084384880976,PZ,-0.49000305432747904,-0.8040322233635053
-1.6052382277353863,NA,-185.67759976895576,PZ,-0.05443961676850578,-1.0653910478234188
-1.659948388750579,NA,-185.4996956882148,PZ,-0.9275465506306402,-0.6716429412993337
-1.4914359096967895,NA,-189.546806209187,PZ,-0.031719667509454624,-0.8469580284855276
-1.4837365861763758,NA,-186.11342055104373,PZ,-0.049456183030952075,-1.1313947316698445
-1.6416080133512496,NA,-186.13027638699742,PZ,0.004302124520047856,-0.7868362355941991
-1.5626955945855254,NA,-184.89379702446922,PZ,-0.04268457494718808,-1.25677863247208
-1.562331197900806,NA,-188.66996033625685,PZ,-0.7131880484506661,-0.6147168137103872
-1.5926360444231495,NA,-185.15038513925427,PZ,0.07997767177846365,-0.869431968213833
-1.5890228968428457,NA,-183.956484282473,PZ,-0.6586648802178802,-0.6276594176718868
-1.3543976087615202,NA,-188.13790964926994,PZ,-0.5630825345914109,-1.1162078678073002
-1.3641482554425217,NA,-185.42180815820717,PZ,-0.3833094127226706,-1.1344428147959569
-1.5371326549382915,NA,-185.13749340374704,PZ,-0.038751294277695914,-1.1987562638138367
-1.4704245292887401,NA,-184.82080781243073,PZ,-0.12109408848476777,-1.3532216458083455
-1.4170606460644006,NA,-185.29778452098466,PZ,0.020113836878238672,-1.1229216118970635
-1.5897564552308243,NA,-185.30650047779554,PZ,-0.22620521293810936,-1.1147592112962097
-1.2958965051034896,NA,-186.24472244596274,PZ,-0.9216782523514431,-0.4734467045195301
-1.6686186046603537,NA,-187.6727479205235,PZ,-1.059852071482283,-0.6312655728763972
-1.3286446581692115,NA,-186.4126330569803,PZ,-0.24013500220296846,-0.9236462130633781
-1.6414867574152985,NA,-184.98122076534844,PZ,-0.30595626417625976,-0.717727477759486
-1.2873321367539274,NA,-186.08964487639952,PZ,-0.5492345544517523,-1.3512752721833243
-1.8337842238803084,NA,-191.357956435787,PZ,-0.41388023895003856,0.06962680104369767
-1.2134203835702886,NA,-188.07536971695114,PZ,-0.04223314535556426,-0.7279921899198264
-1.7105593056144948,NA,-188.9960029407858,PZ,0.4959084308626508,-1.280735105728618
-1.4777359609721894,NA,-189.9973557653573,PZ,-0.9628857347173576,-0.7496366905850789
-1.6222804850014094,NA,-186.84598682006958,PZ,0.299886017787718,-0.8595969707028476
-1.5049804362248052,NA,-186.96644397454966,PZ,-0.05066455170187311,-1.465764624000667
-1.5114203491019043,NA,-186.75947363071168,PZ,-0.9473151442374146,-0.8665801711762299
-1.4164773615129478,NA,-183.58979666162037,PZ,-0.024705000816564668,-1.2158289430557025
-1.4831456695841172,NA,-186.25528571134504,PZ,-0.7623013223748001,-0.7067591866365839
-1.693402752147359,NA,-187.32678159243113,PZ,-0.31034017667290326,-0.7488180489754062
-1.7279531378873916,NA,-183.8698882118895,PZ,-0.07561068336314622,-0.8028549607197919
-1.46051621787027,NA,-184.7948770081605,PZ,0.024206993766189455,-1.1935889092321368
-1.7244088451403137,NA,-188.48403405230803,PZ,-0.2723897915008343,-0.286551251577293
-1.2062421331138418,NA,-189.67283341498782,PZ,0.21747647002738232,-1.6513535942003825
-1.3854712707130241,NA,-186.31784279784674,PZ,-0.23859771193619211,-1.0415742413416458
-1.1023870854248077,NA,-189.86735560072356,PZ,-0.6404332979436096,-1.0926298734009547
-1.489762136930503,NA,-190.8493900233289,PZ,-0.2608797222954248,-0.7276479283347993
-1.5148962222099902,NA,-193.07849456759075,PZ,0.15827660979014901,-0.8352808822336859
-1.570909285431203,NA,-186.7658706204034,PZ,-0.8723050966152748,-0.4552316164054392
-1.4806214397305006,NA,-187.77022967690155,PZ,-0.5550546092654157,-0.23320071005791648
-1.4439714895016622,NA,-186.31332730693038,PZ,0.40716502918932496,-1.1653928768103694
-1.5382883271875756,NA,-185.67357322065521,PZ,0.15544529115820188,-1.33744510301039
-1.379735819734233,NA,-187.29339465577837,PZ,0.22974783708514007,-1.201331857638533
-1.6887779463470562,NA,-189.7107427264947,PZ,-0.31026696640697166,-0.4749943387194474
-1.4818372720731945,NA,-185.18257103694833,PZ,-0.4299077364298994,-0.7774734978034853
-1.4451730484058072,NA,-187.68420458461316,PZ,-0.03062484535737564,-0.9902064641041064
-1.4547348257896728,NA,-186.22971221920827,PZ,-0.025422494916544164,-0.8000415121744928
-1.6024007685854245,NA,-188.90888764190376,PZ,-1.1039073551992107,-0.18760922590560114
-1.5488347981531512,NA,-185.4632890059654,PZ,-0.1616371384441848,-1.2539733443113397
-1.7024165880324869,NA,-187.73877113660538,PZ,0.18722362187102054,-0.5248961595207863
-1.8392077476206374,NA,-188.07817235329,PZ,-0.8518367664109998,-0.23888189335011825
-1.1936457036868078,NA,-187.86566892409027,PZ,-0.7096328033748712,-0.9258485759041106
-1.6094492301059642,NA,-187.07154862825047,PZ,0.3196340891605881,-0.7997723026189969
-1.569628912577311,NA,-186.560863559873,PZ,-0.575589857689289,-0.6375041105759127
-1.2041508285720888,NA,-188.03826410285126,PZ,0.08522610878755663,-1.257283183632358
-1.5686125078524973,NA,-184.26049897758796,PZ,-0.10954941450970529,-1.0106826020588624
-1.3604471334055583,NA,-186.54887627794716,PZ,-0.6561811107529679,-0.5368978128751681
-1.5372986611962536,NA,-183.92433958588776,PZ,-0.1534526160373213,-1.0482621557937908
-1.507915577871119,NA,-188.70110655413868,PZ,-1.2615713647127866,-0.10788657233062607
-1.530999259030315,NA,-183.86021381151374,PZ,-0.11477438424924195,-1.0247585143495657
-1.2899900868968939,NA,-187.5966265893724,PZ,-0.10393680453645958,-1.1202063260609605
-1.469543894328023,NA,-189.00794043945803,PZ,-0.45171601865929034,-1.1062213264001048
-1.4359075123418223,NA,-185.53921360330443,PZ,0.011940155954157983,-1.1469049115184624
-1.6918382753307835,NA,-187.09451335868584,PZ,0.7213000929633983,-1.2113699905923418
-1.4880470948624327,NA,-188.21397528142788,PZ,0.5249776562139382,-1.4227074422208674
-1.3491128018892165,NA,-193.29017121157324,PZ,-0.3404824468259657,-1.154107324660542
-1.656718407309255,NA,-186.23914126127374,PZ,-0.9653959329950204,-0.22586750209263082
-1.6074015107482986,NA,-187.47932635331748,PZ,-0.6111508332131397,-0.8472992609533094
-1.68738550677956,NA,-185.47894232699971,PZ,-0.5169506548972422,-0.7096066541216864
-1.7839476810512045,NA,-191.73899856158226,PZ,-0.25415833588903025,-1.2146905637759895
-1.3310789096958635,NA,-185.42744728118606,PZ,-0.02681032625945344,-1.4011266220484535
-1.2739344392024738,NA,-193.1332040668771,PZ,-0.38315044716789926,-1.8334088377653346
-1.6918477003020245,NA,-189.03970791353618,PZ,-0.6183484260413132,-0.7558562221524107
-1.4093140310646197,NA,-189.22212160356244,PZ,-0.23030806778231955,-0.8210589583410306
-1.629315403401355,NA,-187.38974355016256,PZ,-0.253921825794639,-0.7432641316261779
-1.6124374392894192,NA,-182.79823747733627,PZ,-0.11582651906593823,-0.9063595946162327
-1.7614618231700938,NA,-196.7554351079839,PZ,-1.0171215990844182,-0.1409015791955747
-1.4078844776891823,NA,-186.07540597613834,PZ,-0.7815552210536156,-0.930465292645802
-1.5281064668240318,NA,-195.05688513688526,PZ,0.06848642664582719,-1.341067309727722
-1.710414219438922,NA,-186.6174096249661,PZ,0.04756083557455963,-0.8119567251742612
-1.2517184387319453,NA,-189.1887157540299,PZ,-0.7508728321268434,-0.9943321704092507
-1.4513514377057186,NA,-186.39969331203622,PZ,-0.9403708838822573,-0.49228967904163823
-1.3079801267311353,NA,-188.31706573830087,PZ,-0.4998237889530601,-0.9454531573696792
-1.2568003223955007,NA,-187.780737515794,PZ,-0.27448944261066155,-1.326311053187474
-1.5559922224931906,NA,-184.7669427261843,PZ,-0.2975286011341901,-1.0363590011893882
-1.471316536671387,NA,-186.57013796127077,PZ,-0.5491120122269624,-1.0345447949934816
-1.543487147326406,NA,-188.73397514049466,PZ,0.12457513218544496,-1.4218497213115406
-1.7998696694549239,NA,-190.40639690252894,PZ,-0.5432294968235712,-0.32475190850216207
-1.447135494444906,NA,-189.24380117986914,PZ,0.1314151143618362,-1.3527302212401409
-1.435425621468764,NA,-184.3497217827214,PZ,-0.01736895363622024,-0.9753677337938967
-1.418972875121004,NA,-186.66501784283687,PZ,0.193262858308316,-1.1648624949212223
-1.4885246999198598,NA,-187.04735919991353,PZ,-0.7288658077902179,-0.809288001473766
-1.476363197310516,NA,-190.7545877618858,PZ,-0.5423622628340825,-0.928150960727438
-1.4677878970807097,NA,-186.21143984780122,PZ,-0.7015735559212153,-0.40177291562652073
-1.2284814894628138,NA,-186.20471549770616,PZ,0.3850542296550855,-1.2917111971050939
-1.4817004462683057,NA,-185.0741963325759,PZ,-0.8258404479783066,-0.9047506493906696
-1.506619350531365,NA,-188.8928062486216,PZ,-0.6919794625705614,-0.7848534325333177
-1.4409486614637443,NA,-184.07585716442685,PZ,-0.18664502651105017,-0.9395033046123387
-1.3420346226727806,NA,-188.92859968372045,PZ,-0.7212788037334905,-0.8566370319750002
-1.5633399599861082,NA,-183.40792246353732,PZ,-0.03585274772503691,-1.2391992322885992
-1.1980575305449048,NA,-186.37495266712472,PZ,-0.2296710434444269,-1.1885944571485316
-1.2992994499692299,NA,-185.61054956299188,PZ,-0.044758797427636415,-1.1330282355800534
-1.6147226044368266,NA,-186.57134454129397,PZ,-0.11828270954997447,-1.1631800968453847
-1.583807859457393,NA,-188.13729255999007,PZ,-0.8782020439966305,-0.6293534405199297
-1.4064466702010547,NA,-189.68370896464182,PZ,-0.6005763562737847,-0.7832030966633331
-1.568355553506311,NA,-186.22676940191528,PZ,-0.17451939648959788,-1.0505617359783077
-1.6886178017086246,NA,-188.45984053858083,PZ,-0.2774730654391627,-0.9003109606155533
-1.8390671187235286,NA,-186.10280188813994,PZ,-0.4625061270641937,-0.4385598345973395
-1.5648839849326335,NA,-188.82536790943263,PZ,-0.16716647873324159,-0.8619420533148503
-1.9081812888361207,NA,-190.7512467414053,PZ,0.7237102486332528,-1.2983454019102425
-1.4662541143844152,NA,-184.49820076255753,PZ,-0.47010117782082717,-0.6080247869480055
-1.5748037483618194,NA,-185.19948018836806,PZ,-0.8902502901580048,-0.5782335998242727
-1.4794575229133071,NA,-184.39238635897698,PZ,-0.09607263427320092,-0.7297554956606072
-1.773078426840049,NA,-187.85286354918176,PZ,-0.4908010043759329,-0.6703122056318276
-1.665451968580068,NA,-186.4478422489572,PZ,-0.21072474321650503,-1.1349548818524144
-1.5322028994353216,NA,-184.6066523045143,PZ,-0.039477028419661095,-1.0078324810790897
-1.4411571895151831,NA,-185.23999236153335,PZ,0.0501497805674847,-1.1374903164382233
-1.4094611449365673,NA,-186.49084706972943,PZ,-0.1617577127636377,-0.8707867093305677
-1.6185500273126934,NA,-188.12930761842955,PZ,0.10230500465978484,-1.1808737278275072
-1.43054801674163,NA,-188.21941637614768,PZ,-0.3363308895871852,-0.6704963802195503
-1.2403386139497292,NA,-184.72536766358976,PZ,-0.26316334473947595,-0.8880337847362103
-1.6271436644359267,NA,-188.68518168109972,PZ,0.49414826841073356,-1.4785085707985677
-1.6491091777213667,NA,-185.95156329752612,PZ,-0.011386483806035907,-0.874934953954159
-1.3130454006395067,NA,-186.8299524973726,PZ,-0.5580360117164884,-1.2107716240984827
-1.4029746726395553,NA,-193.3526803705002,PZ,0.15066391117084163,-1.3874327634853079
-1.7574166392044428,NA,-190.61501514701155,PZ,0.044920845518649055,-0.7111904015795021
-1.5028833468403078,NA,-185.91412677979616,PZ,-0.0710539448172993,-1.2929014777004788
-1.5680294696507262,NA,-184.43662716984338,PZ,-0.7762362187874002,-0.9104959534442087
-1.5274596027749936,NA,-185.1021241410848,PZ,-0.8643945438162807,-0.6039849732394641
-1.635912110912045,NA,-183.5719134568882,PZ,0.0075477089933571745,-1.1534280109627735
-1.7553924516721398,NA,-185.20300608477726,PZ,-0.20673224605633822,-0.5932582822617757
-1.7865076077239177,NA,-188.28090979328326,PZ,-0.31924848809921574,-0.7333101295863057
-1.0658531949907994,NA,-191.11219453452006,PZ,0.1299995857902757,-1.3969575279422963
-1.4169552868202637,NA,-188.9504236091962,PZ,-1.3939768511854786,-0.6269927432914402
-1.3962717365614972,NA,-185.77611945029344,PZ,-0.6404204545481158,-1.1771392583450482
-1.7905404892896288,NA,-184.96303102387884,PZ,-0.17877017472337467,-0.6680044478327459
-1.2722106509572328,NA,-185.15466484223953,PZ,-0.6766979002770934,-0.8783246551994738
-1.623389258216851,NA,-187.3698494744041,PZ,-0.8805370100040578,-0.9996512440658302
-1.6374156587213686,NA,-186.7894490343338,PZ,0.5054700906435146,-0.9697655372648787
-1.5816988875134668,NA,-185.9236441138953,PZ,-0.6379102940327921,-0.522353814407003
-1.4780069474541562,NA,-185.02544567759332,PZ,-0.36775737381785834,-0.9092031369751508
-1.3976839814590987,NA,-187.03466495319577,PZ,0.008961748027429134,-1.1022711818090283
-1.2908431046892643,NA,-187.5442959320911,PZ,0.09774517947268521,-1.4676354823410085
-1.6232928922698064,NA,-186.94018480721482,PZ,0.35848010273841835,-1.316127240451003
-1.2945321785724944,NA,-191.2586300569501,PZ,-0.4941319703103974,-1.0791499038656793
-1.363274363982596,NA,-186.24999389786998,PZ,-0.24814652649540853,-0.8325648718683347
-1.3883376476841784,NA,-186.34160626430875,PZ,0.12496926827061108,-1.3561377158960768
-1.1623089283204677,NA,-187.1598753483298,PZ,-0.6997776706455472,-0.9367063431947136
-1.3818541190804368,NA,-186.17221509006453,PZ,0.31644295544609724,-1.5040074531549723
-1.2512174617186318,NA,-187.91050385142296,PZ,-0.6491306833848871,-0.97899906652438
-1.2638280156891661,NA,-185.5411469482655,PZ,-0.2269376632993837,-1.351511193180274
-1.4702644740382755,NA,-184.3932419705438,PZ,-0.47559332437139,-1.0854336459069271
-1.484439920487444,NA,-185.82797009025936,PZ,-0.5775891748970736,-0.9472470060043184
-1.5543719223438877,NA,-190.9285240869572,PZ,-0.47564178758710307,-1.193615437708608
-1.3381213255271722,NA,-189.1348714289724,PZ,-0.19239520173149488,-0.9473606058900297
-1.5378242745512187,NA,-184.09796299399855,PZ,-0.07993358254962724,-1.1995076805535736
-1.4692483957091245,NA,-187.30864477425942,PZ,-0.22399845710677982,-0.7457419620757024
-1.5019070347754846,NA,-186.1872392462887,PZ,0.03488941685033749,-1.2598617601501663
-1.6697696621368248,NA,-186.32369365418648,PZ,0.11152973830383942,-1.223091498806118
-1.737451863532682,NA,-187.25616690216947,PZ,0.1155487359930269,-0.6727905418166498
-1.5186220828529342,NA,-185.5761019523921,PZ,-0.08538074933493892,-0.8535634139567827
-1.4241498293024455,NA,-189.75814953170357,PZ,-0.5849970059695465,-0.5081598929884524
-1.8572048074535648,NA,-193.16924823011448,PZ,0.42193473067260107,-1.0300206589661856
-1.561541544826257,NA,-184.40248532120518,PZ,-0.1416993486633984,-0.954726131396804
-1.502405583506527,NA,-186.9884269726497,PZ,-0.8152116058275007,-0.9994133611798145
-1.4255060780569988,NA,-187.47793891998782,PZ,-0.6931234232934371,-1.0136349254237182
-1.693381092978181,NA,-186.40995630140182,PZ,0.30860763131893837,-0.9683874930190717
-1.1724661361848296,NA,-192.8018019729676,PZ,-0.15786111399397304,-1.2765046437504177
-1.7272868533826642,NA,-189.8062486001808,PZ,-0.42607572883443245,-0.6253437849607546
-1.4846917560116126,NA,-187.58347304085538,PZ,0.5143926872303848,-1.6981156243945545
-1.480111460124091,NA,-191.64387317807302,PZ,-0.2464632750060385,-0.7446685764835359
-1.4619378299869341,NA,-187.5042033167195,PZ,-0.6200760781586876,-0.9115693576080512
-1.4063676980782636,NA,-186.80883838978758,PZ,0.16775187793197485,-1.4230346437185555
-1.576391937390697,NA,-184.96925166636356,PZ,0.026444964018542794,-0.9486760042681314
-1.5422352777766444,NA,-186.9284395183521,PZ,-1.0244243466711342,-0.8254132843829987
-1.186944924882867,NA,-188.47120181947702,PZ,0.4394837058117722,-1.5328368499442198
-1.5544393040353117,NA,-186.8787924434762,PZ,-0.09185739662141919,-1.256068086938724
-1.492081811995686,NA,-187.1947831953457,PZ,-0.3597007090412497,-1.0130750624834046
-1.5473239611988046,NA,-190.88989329937957,PZ,-0.44567412103772686,-1.2391344006077722
-1.8153850149312762,NA,-187.43990868813555,PZ,-0.6167210243146628,-0.33427702190046543
-1.4887129591006694,NA,-188.99029975583738,PZ,-0.5144333773824916,-0.9702353931308527
-1.4498386399694052,NA,-185.8573998891701,PZ,0.06943288512955052,-1.3537041455724301
-1.5198198382867776,NA,-187.8449838594067,PZ,-0.9630365813177517,-0.3477176031665181
-1.3455108658140673,NA,-186.78771980292962,PZ,0.38272921183495107,-1.2492233342664336
-1.616586432760379,NA,-184.46676195004824,PZ,0.3276105133974631,-1.0829114115745404
-1.4909138188159916,NA,-186.7591676521257,PZ,-0.7538832789411258,-0.8438543599222548
-1.2474211586693171,NA,-186.95022906799898,PZ,0.229574565619224,-1.765797348341976
-1.6619891845370125,NA,-189.36897401937372,PZ,0.07090454085997196,-1.0514773392536738
-1.5574057181303558,NA,-185.97752114036538,PZ,0.039355713610332854,-0.7533801068444511
-1.665133455166501,NA,-187.06088179850533,PZ,-0.43848041268279997,-0.7834044993924446
-1.421835387977467,NA,-183.5306143175608,PZ,0.16598464693911313,-1.251348777076173
-1.5435017822513566,NA,-185.9219942492399,PZ,-0.18342148172292894,-0.7308118552531836
-1.6295652800139182,NA,-192.58768600680767,PZ,0.2607905531148963,-1.3484113987672612
-1.507497668790692,NA,-189.31158349354627,PZ,-0.25774692615768124,-0.8189327276637428
-1.4794575229133071,NA,-184.39238635897698,PZ,-0.09607263427320092,-0.7297554956606072
-1.3042195219334154,NA,-188.35691826212087,PZ,-1.0540431802046744,-0.444787209930288
-1.5687251049697057,NA,-186.28513118191046,PZ,-0.16942684261208152,-0.7127826298422261
-1.931145450727536,NA,-188.19442386596077,PZ,-0.3426895158789467,-0.21706608668698307
-1.2273414543945484,NA,-185.59280873339978,PZ,-0.2485227461258651,-1.2452788210023296
-1.5504001018486175,NA,-187.36841849318242,PZ,-0.21469024398014822,-1.2825972379439958
-1.3065454961324003,NA,-186.8578386213789,PZ,-0.28412311537495233,-1.2435082989928907
-1.5640361665398477,NA,-185.91615382044887,PZ,-0.4567035153089898,-0.6933134012903197
-1.4549108264191914,NA,-188.02892124255246,PZ,0.1355384599424767,-1.2549067356383057
-1.5031603219379701,NA,-185.27064577271568,PZ,-0.33957149083926785,-0.6493554746752525
-1.1885301763685308,NA,-190.27307095483906,PZ,0.4510360942648006,-1.7342200300634854
-1.5445515214716268,NA,-189.31665207137178,PZ,0.1709673276129022,-0.983060749055038
-1.7438048988345993,NA,-185.41854188000417,PZ,-0.1900557037429957,-0.977224200969668
-1.6145885991735585,NA,-186.1073572137421,PZ,-0.004593897556595977,-0.9743113715745861
-1.6018215159672646,NA,-188.61962341109833,PZ,-0.8084349617383605,-0.6567110467407878
-1.4238747680733979,NA,-190.0034765354678,PZ,0.08419938106488123,-1.1468995655571332
-1.6238534827831443,NA,-186.15598651627232,PZ,0.32872881356090844,-1.1396292075088381
-1.3685955816625726,NA,-187.0199338978771,PZ,-0.5641180580374703,-1.0932930785673538
-1.5534310001115534,NA,-186.5666718294539,PZ,0.1125073508458547,-1.2583368988658112
-1.4741685341758772,NA,-186.02677660418968,PZ,0.2617096110066213,-1.475543266623464
-1.4551336323641981,NA,-185.51248943426063,PZ,-0.46998136392893064,-0.6861037920241155
-1.4530653365096586,NA,-187.5726573242016,PZ,-0.20106586212260613,-1.1078573146894741
-1.7515605982272144,NA,-187.1422777853864,PZ,0.2357793784271803,-1.1173859153819086
-1.1696186188393274,NA,-191.28586602140328,PZ,-0.4766637303067317,-1.3040531985023835
-1.3435343911652602,NA,-186.97582866258284,PZ,-0.9291750664682842,-0.480815896896323
-1.7370767168253134,NA,-186.46538523801024,PZ,0.6679347107872885,-1.2078845507572695
-1.289437710812102,NA,-186.55399554536316,PZ,0.09312231423826317,-1.1299355658637147
-1.5037056813675902,NA,-191.7844285012533,PZ,0.027144371949759022,-0.8547960148379457
-1.4178181008020054,NA,-192.53420778033168,PZ,-0.5734881935742184,-0.3038998513453965
-1.1524028519991771,NA,-186.58567904328692,PZ,-0.21022445330512868,-1.6176031939422826
-1.9183004034962274,NA,-187.69547642640313,PZ,0.11468945359917623,-0.8664551298156249
-1.455842156257868,NA,-184.79769812068486,PZ,-0.0780483057724552,-0.8693395527277101
-1.2215121140184249,NA,-192.01174351874923,PZ,-0.7403173236469428,-0.6086001515777535
-1.7078645713714913,NA,-185.16665570431735,PZ,-0.04821045570119893,-0.6949503555280008
-1.5171293132557262,NA,-184.52824167894906,PZ,-0.6118571729860879,-0.4791368342393765
-1.3373669953999179,NA,-185.2682374209038,PZ,-0.24166704522252924,-0.8728244027017025
-1.7066784949319354,NA,-186.21434668301328,PZ,0.15141269753251685,-0.7934553889178961
-1.5320429255445587,NA,-192.50330071691153,PZ,0.015802946400782142,-0.7754028889722943
-1.3275184188963716,NA,-188.30942326820252,PZ,0.08689522101459704,-1.565236742572389
-1.4598000251709757,NA,-186.05674718454574,PZ,-0.27368703562983654,-0.5687100028149465
-1.3771426203203674,NA,-185.2557916389622,PZ,0.4512473287212264,-1.2844819171389459
-1.5788591748960623,NA,-186.5527995069385,PZ,-0.7207796451906908,-0.609489625836741
-1.6548892090815877,NA,-188.0624219852688,PZ,-0.02946630643911527,-0.9339913314347479
-1.6195396572610878,NA,-186.69706367401145,PZ,0.0017582112954036,-0.8263457232238234
-1.4010615327993303,NA,-184.16825996029078,PZ,-0.31444997013306575,-1.067289822550581
-1.3271997531510986,NA,-185.73852643908796,PZ,-0.7450164421991015,-0.7076048020253289
-1.342295671762462,NA,-186.9330995092256,PZ,-0.13499559888935003,-1.2314659977036098
-1.4417988327235856,NA,-188.38770846470496,PZ,-0.04176153317128874,-1.3942508781067418
-1.4564655273171307,NA,-184.39083427356138,PZ,0.04588805663899219,-1.517629816285296
-1.3958169918774703,NA,-188.00938664955382,PZ,-0.6918326898061764,-0.78056192547802306
-1.553682441707695,NA,-186.08987121240935,PZ,-0.3155444368908972,-0.7931223167355638
-1.4533567599325774,NA,-185.13034590070416,PZ,-0.5699110338223767,-0.6541398954541133
-1.4214678801637426,NA,-184.7080559484364,PZ,-0.7874239241461811,-0.42576922147138047
-1.23223639320396,NA,-189.3548452194863,PZ,-0.2925368366441884,-0.8019401747348291
-1.168496476376506,NA,-189.97173238796407,PZ,-1.0600313205692415,-0.6698040344932961
-1.5105086917306534,NA,-188.3265731361006,PZ,0.1983492240495678,-1.1908312708076316
-1.622400788166157,NA,-188.12272799397738,PZ,0.33951264083863414,-0.9363073165796731
-1.4317048116513138,NA,-184.6763523003628,PZ,-0.20714178855342977,-0.825985986570754
-1.4252678549911355,NA,-184.4420499777513,PZ,-0.5652615162560686,-0.6918619114764641
-1.3964400215914428,NA,-185.4128422440289,PZ,-0.41867462673226197,-0.9420621354477864
-1.7391198960200378,NA,-186.64795077393782,PZ,-0.9555744134183497,-0.5528599118284192
-1.3336539287025915,NA,-187.12275127083362,PZ,-0.5692260160081559,-0.7044461293333155
-1.4144819916746127,NA,-185.38920894590143,PZ,-0.4094969808405874,-0.7569003973566668
-1.6389835353789268,NA,-187.5380784318925,PZ,0.3137948784740872,-1.102894811885574
-1.254886706043314,NA,-187.14517513932213,PZ,-0.01713173837445156,-1.188667726378984
-1.5496748664179707,NA,-186.16641738639294,PZ,0.509343275666665,-1.1908999881380673
-1.4193608959746866,NA,-193.15872309856059,PZ,-0.16403666903781455,-1.0983343777198904
-1.738883920584022,NA,-187.70779398261385,PZ,-0.5060625506072086,-0.8530353907038166
-1.5274957622392888,NA,-186.56065967692655,PZ,-0.5898117231961132,-0.5501187821593615
-1.3469017535861239,NA,-189.25402291538245,PZ,-1.1331862121279774,-1.0087001752277074
-1.4613852451868672,NA,-183.64682321862557,PZ,0.13903883474853374,-1.1592616251325505
-1.4678240440219295,NA,-184.24377484632768,PZ,-0.6595253345690313,-0.6190512407579014
-1.5989720968127745,NA,-185.91334043349403,PZ,0.4160019357844587,-1.1457881776118377
-1.3372943828436803,NA,-188.50225475799635,PZ,0.22045816147004865,-1.3469918273529877
-1.714599276621866,NA,-186.93090870629808,PZ,-0.07696976562896621,-0.4873311409114923
-1.529833283178693,NA,-183.78078880561344,PZ,-0.5026448082142729,-0.8020547824190152
-1.5945203245961468,NA,-188.23011801185146,PZ,-0.5320494021362185,-0.6774746268333118
-1.6484272072892194,NA,-188.70250408570467,PZ,0.20934492768544466,-0.6489834826411461
-1.2239682738613982,NA,-186.9515517160797,PZ,-0.06805443553727755,-1.2812986508438915
-1.3924981642757617,NA,-187.92577336238637,PZ,0.34643914070772663,-1.6894775340767696
-1.2558616568142427,NA,-193.44234934959962,PZ,0.6574845508540772,-1.456518974436778
-1.6096770479334008,NA,-187.67556321879212,PZ,-0.6809392103795412,-0.9397992531002923
-1.5189688106010863,NA,-189.93469468755634,PZ,0.5578328139132602,-1.136146365712126
-1.4752455444406074,NA,-185.74566020816587,PZ,0.3958907387265018,-0.9406456568177998
-1.5455665358660762,NA,-191.78455562586566,PZ,0.6138479708201154,-1.2056840303581708
-1.3898190355530398,NA,-188.99733306403894,PZ,-0.11181205600268185,-0.6056679276857313
-1.3441746691621235,NA,-188.16088932792826,PZ,-0.7593470542025703,-0.9479565636212022
-1.6467915996221518,NA,-187.79520652120752,PZ,-0.7060114183887062,-0.5684540929075251
-1.3136986787078786,NA,-185.02499826139982,PZ,-0.4416564958460626,-1.2842279993007146
-1.5147233099564537,NA,-183.5111387334714,PZ,-0.5424553223876599,-0.8873608782316236
-1.474019697007095,NA,-186.1151777478274,PZ,-0.6257978844192386,-0.7810182685198929
-1.6129185770437946,NA,-189.90161731868724,PZ,-0.03335550794610633,-0.8718643826945387
-1.3189878890989866,NA,-188.5949736427255,PZ,-0.4089262752400262,-0.8550498583721446
-1.4607900663829154,NA,-186.62246158645016,PZ,-0.771077257773464,-0.7346246522754831
-1.5948464175235253,NA,-190.436174828251,PZ,-0.22696809319338374,-0.35549818091211177
-1.599741694829213,NA,-187.0297879564667,PZ,-0.2802847600928795,-0.8267773743274711
-1.2504956982513178,NA,-188.17203193848718,PZ,0.6347722251618144,-1.543148975163142
-1.394819372529755,NA,-187.69261640804697,PZ,-0.6892590311457146,-0.6863877777218215
-1.3584370443871934,NA,-188.5014309518599,PZ,-0.12539479555395455,-1.3869846730861894
-1.7036292379769258,NA,-186.80215765435392,PZ,-0.19396161873249051,-0.8617077102376487
-1.3747565975927916,NA,-187.96051795268556,PZ,-0.6390609502123674,-1.1654482051940662
-1.221350221173088,NA,-187.0508733633142,PZ,0.1703293978541275,-1.3822812030829652
-1.581611920277976,NA,-183.50813901951147,PZ,-0.12113444126735162,-0.695909427101363
-1.5189565532933786,NA,-184.92951454926174,PZ,0.06789122080087262,-0.7622412709482985
-1.644038476242132,NA,-185.91275687885846,PZ,-0.6443115605967048,-0.5461952147818954
-1.5316840832946133,NA,-188.31836693807938,PZ,0.12580499037814452,-1.1797964110404822
-1.7462026688009737,NA,-189.43828183170623,PZ,-0.14035908188842128,-0.774690291990684
-1.5346959913509308,NA,-184.87992129261008,PZ,-0.0867205951332069,-1.189560084604965
-1.548821257927457,NA,-185.787044954907,PZ,-0.5137330648061488,-0.834951302510084
-1.5163011182075243,NA,-185.42262125252537,PZ,-0.16535822415502,-1.054925300644115
-1.72357489796464,NA,-188.9668469332719,PZ,-0.06256349973635902,-0.7160782774719779
-1.4711844488606205,NA,-190.11096164648347,PZ,-0.3246133429830537,-0.8074190477645182
-1.7524001357915993,NA,-188.01689888194173,PZ,-0.3042527526878487,-0.4231121228558486
-1.7105518550747913,NA,-185.55171489519205,PZ,0.1647857480443618,-1.1406944074407641
-1.315923564715299,NA,-185.7938564427723,PZ,3.4693593690639235e-4,-1.4217456626838156
-1.3132685094256213,NA,-186.75451267978633,PZ,0.48250629296256176,-1.8339902104256796
-1.4685709469731534,NA,-186.09094987274733,PZ,0.07441325867957949,-1.2027895561372786
-1.4824827433736893,NA,-186.19142528475123,PZ,0.028749395259149435,-1.1320470376328908
-1.6380543205276543,NA,-186.22962243763322,PZ,-0.09164680277574984,-0.8587421058717969
-1.2150279669210218,NA,-186.25191389532583,PZ,-0.6273552735553811,-0.7043937845552963
-1.3193955490157705,NA,-187.4398371707009,PZ,-0.7121934105174507,-0.49620240568266594
-1.728836693120576,NA,-188.30293759773417,PZ,-0.3622577877743167,-0.7211033920096857
-1.3282909753785137,NA,-186.8670978256576,PZ,0.17152672522764134,-1.544730010150099
-1.486046095872526,NA,-184.8078804999047,PZ,-0.22629255893385875,-1.353848978904169
-1.7640148169554237,NA,-189.24617444262742,PZ,0.07613761303773803,-0.9310716194984039
-1.4453763093778549,NA,-183.04523307214367,PZ,-0.5737564846653178,-0.563995336016722
-1.895481583752738,NA,-186.50891809634828,PZ,-0.4297253010532744,-0.5225779854019006
-1.2081374416485704,NA,-189.14115059780838,PZ,-0.2160810086719532,-1.4381991337112847
-1.3237720262028019,NA,-189.83929592226607,PZ,-0.8669703874502908,-0.4553304321450559
-1.1488453131109917,NA,-187.8777125091117,PZ,0.17544362705004804,-1.5514818433479294
-1.177970536080331,NA,-193.16150743607898,PZ,0.03638522779973205,-1.5602499135793622
-1.515321865291105,NA,-187.60172598142776,PZ,-0.2240808181654611,-0.9795338834088283
-1.5078109229928573,NA,-184.5694358405117,PZ,-0.34846697732280396,-0.7981363602774147
-1.382809225086315,NA,-186.67370960876508,PZ,-1.1691199658098888,-0.6519284395018228
-1.830247638822788,NA,-185.6570176787728,PZ,-0.49550098320828506,-0.4124824951854677
-1.5891638955956726,NA,-187.2322152505623,PZ,0.03640203110140122,-1.218309168105714
-1.4429539447513822,NA,-188.03318347998973,PZ,-0.31420344638211306,-1.6242667194740568
-1.7225161770244355,NA,-189.49980369096292,PZ,0.041324391748473924,-0.39296200433847983
-1.2991881158631158,NA,-185.41406807050515,PZ,-0.4572652054908466,-1.1767743599905462
-1.39116698060232,NA,-186.5978642750875,PZ,-0.6206279570612451,-0.9837835939829186
-1.3185926053099346,NA,-185.87443643754824,PZ,-0.2882975466432218,-1.3194666137503432
-1.8300608891266312,NA,-185.5145233329778,PZ,-0.44638216816179616,-0.47640764428431776
-1.9103875760830058,NA,-190.92545753522583,PZ,-0.5576517748120631,-0.3167920204374851
-1.7670730596680404,NA,-186.30575300021846,PZ,-0.6672635451911678,-0.6186079171176193
-1.556602791685337,NA,-187.1054223976657,PZ,0.0624967021612694,-0.5761057604335833
-1.4274697001100212,NA,-187.33046153544953,PZ,-0.20614796780164862,-1.2153642497245167
-1.6568939537261549,NA,-188.93910529983322,PZ,-0.046894088385786487,-0.7143039589032671
-1.575708307823429,NA,-186.6637610258891,PZ,-0.8590531112722372,-0.5976086413042191
-1.6814706604601628,NA,-187.6081078887997,PZ,0.24065146923134462,-1.217465007409149
-1.3009776906255703,NA,-185.48593042917454,PZ,0.05300614237560638,-1.2463388626762144
-1.4744550469020494,NA,-185.84374401208476,PZ,-0.07944666201737036,-0.7264145554681085
-1.442272783936359,NA,-189.09954482519507,PZ,0.03289626043328199,-1.2850572598522902
-1.4236549825884166,NA,-189.66506973728875,PZ,-0.30842356361961004,-1.0199708314764557
-1.4279785051834823,NA,-190.81782257296317,PZ,0.5235600470537412,-1.196436531946258
-1.3574381099088095,NA,-185.8817079406637,PZ,0.013838291001337578,-1.282228518133181
-1.6132185415136102,NA,-186.26138553512192,PZ,-0.27297313532672784,-1.0043233083703769
-1.5606425485481386,NA,-189.65969330934644,PZ,-0.3398460459956338,-0.2311539406337373
-1.4175197570450198,NA,-192.6478245126139,PZ,-0.015680859703930794,-1.1778889174835647
-1.7250135125370303,NA,-184.76618948280606,PZ,-0.6727594928989745,-0.24047156577926102
-1.3980559990620152,NA,-186.61718741174673,PZ,0.1858101087784082,-1.1205852872608422
-1.522266291737357,NA,-184.95517275950633,PZ,-0.3000851100140078,-0.6291589591951352
-1.6466104856255324,NA,-186.76588227030834,PZ,-0.6694884427168245,-0.479659822184497
-1.2792432392318114,NA,-185.3202705541772,PZ,-0.17480179210031965,-1.094256717885714
-1.3765176812110584,NA,-187.97158763775204,PZ,-1.078929900911168,-0.9316332403066183
-1.6444779678244756,NA,-188.16278607157903,PZ,0.4401133915422437,-1.6299211358078172
-1.568117139429892,NA,-184.501869143166,PZ,0.23722147809800256,-0.9515649557757822
-1.4679032138769277,NA,-193.9401499558974,PZ,-0.6410847914767048,-0.34211512614174033
-1.4249385438105762,NA,-184.97114540128766,PZ,-0.33020096941047405,-0.8562159490183179
-1.5456923353801555,NA,-184.98139979802107,PZ,-0.14300187744186565,-0.7914431290552386
-1.3892786974273208,NA,-189.4620370437609,PZ,-0.10929462299027803,-1.0981795512115253
-1.4790533948071731,NA,-183.5926325061362,PZ,-0.12224675042050472,-1.017194771810018
-1.168651728460179,NA,-185.29471576064782,PZ,0.19936877560635194,-1.64612022153351
-1.7469337314447326,NA,-187.39704461566757,PZ,-0.4468365669833607,-0.6649157501907595
-1.5072068825261022,NA,-186.08392386637837,PZ,-0.4101634549499362,-1.1705860616076829
-1.39913861557626,NA,-194.64990812153832,PZ,0.1789111479919026,-2.208630244848907
-1.408864459173895,NA,-187.1332029028576,PZ,-1.1102001916244693,-0.652805061125205
-1.5322388394292714,NA,-188.47469671714444,PZ,-0.39393753207527704,-0.7410118874323693
-1.5589030824193935,NA,-185.48648968833382,PZ,-0.21677258438151625,-0.5146305375970031
-1.3686402192863647,NA,-191.3276270373632,PZ,-0.3931202039113564,-1.5736719593053725
-1.8792338958221613,NA,-189.11420033880174,PZ,-1.0622133089397812,-0.1604773191915022
-1.4788063047214446,NA,-190.65190060193416,PZ,-0.5841278195557333,-0.9292392767906297
-1.2930522049652293,NA,-188.64498957744436,PZ,0.18517558261458014,-1.3807519722353998
-1.772617561906319,NA,-193.1718241226386,PZ,-0.16615948825570603,-0.3998163665143611
-1.5671820592391643,NA,-190.30719526233278,PZ,0.25669907562106203,-1.1747739870906542
-1.739044542159824,NA,-186.6681051347895,PZ,-0.07666584001544306,-0.9331308391962665
-1.4818586528422006,NA,-188.84211574989502,PZ,-0.7964570062039091,-0.4360177468144799
-1.7506131433300998,NA,-188.06009344012298,PZ,-0.5844835864897118,-0.4317766451798268
-1.1927180812466212,NA,-188.24362540785668,PZ,-0.9897248238874903,-0.8055765957676247
-1.6283051982913805,NA,-188.3277011658414,PZ,-0.8642371748386698,-0.8087825594997262
-1.7153595225824585,NA,-184.8750247961697,PZ,-0.165494840833128,-0.47863866755287743
-1.4168769242750787,NA,-186.3547161519061,PZ,-0.45134899053793354,-0.9644283814388586
-1.5913623142947546,NA,-187.22761584479292,PZ,-0.9594727107600278,-0.5057584703199675
-1.6403142435513036,NA,-187.25789935529576,PZ,-0.23245425279348203,-0.8631017148302137
-1.4820134942639247,NA,-185.31193560762,PZ,-0.3932502103607559,-0.5873367552398921
-1.5797449026621442,NA,-188.6144659410273,PZ,0.5059819792070019,-1.0528754078041702
-1.3923957870503467,NA,-186.00533118944412,PZ,0.08587111341645284,-1.0883633646623132
-1.5634468558840342,NA,-185.74278557640397,PZ,-0.7636041378621412,-0.35816398513870445
-1.4587313243416586,NA,-185.6392953891043,PZ,-0.2916251251757439,-0.8904607406294025
-1.2969725670218706,NA,-185.41693755288023,PZ,-0.5471968598279017,-1.104989385738606
-1.5657668406243452,NA,-189.57598578242022,PZ,-0.0465312247192301,-1.2076533137851142
-1.7838780289689344,NA,-190.13530457942903,PZ,-0.4895688027301472,-0.45212900372949816
-1.6590210158760488,NA,-185.07158078353666,PZ,-0.3683622131502251,-0.7353384271856597
-1.1307111120359443,NA,-189.84603652418417,PZ,-1.132741221670604,-0.6940276220673072
-1.3054066107654254,NA,-184.98498271074746,PZ,0.12781046750059255,-1.116944115278383
-1.8357384688669318,NA,-189.28200942009698,PZ,-0.9705876125135511,-0.3964903743309344
-1.2603933103072915,NA,-185.57989251019018,PZ,0.08504870265092286,-1.2430176475691008
-1.818645044057626,NA,-186.67817098344304,PZ,-0.2210671359090668,-0.3957326498751175
-1.1242038518597401,NA,-188.33170161958097,PZ,-0.2690029700941381,-1.3845836916374878
-1.4692483957091245,NA,-187.30864477425942,PZ,-0.22399845710677982,-0.7457419620757024
-1.427170701461515,NA,-189.08349373544308,PZ,-0.3377948178606031,-1.5282971975236652
-1.4177326953385019,NA,-192.57911097680156,PZ,-0.9793210851695091,-0.2817882918599522
-1.5460812023798818,NA,-184.30398623858272,PZ,-0.4693427462327333,-0.6059618596491024
-1.7686139233592144,NA,-196.24027788425565,PZ,-0.3074299283350423,0.2445024449134487
-1.1658921272073612,NA,-189.8550213928031,PZ,-0.41444177803882026,-0.7836608712270423
-1.5186874633705498,NA,-185.88062113942243,PZ,-0.23757983784782494,-1.2962946200645473
-1.5308759333950568,NA,-188.1097543831223,PZ,-0.6375326136815813,-0.2991674812082239
-1.3250434282039496,NA,-187.58263875214573,PZ,-0.5625345587576218,-0.7204801719449185
-1.5374423819950913,NA,-183.56273030841527,PZ,-0.07423478642308395,-0.904393360062164
-1.3773582578283234,NA,-186.39717834236745,PZ,-0.6285774322392893,-1.0063734521963044
-1.4791386314785866,NA,-185.80875757037865,PZ,0.19495796138052623,-1.191719034397573
-1.514596540211837,NA,-194.0759503038374,PZ,-1.4900795711040844,-0.37966676616014206
-1.5855755572571917,NA,-186.20490545367466,PZ,-0.20027589304319018,-0.6510398802627114
-1.3545581401057751,NA,-187.2235966846447,PZ,0.007335710068691242,-0.8316122719271491
-1.4919911463399989,NA,-184.337062592194,PZ,-0.08986736366454715,-0.6970725838623089
-1.319398604576566,NA,-185.41179461546668,PZ,0.09890627675321402,-1.2889248330620906
-1.5789727408348821,NA,-188.34937978319147,PZ,-0.7776830884498513,-0.44259317888602173
-1.8089787107043083,NA,-187.60059439065031,PZ,-0.3085225172952423,-0.5782011164842517
-1.3490224755302591,NA,-187.74635071776643,PZ,-0.6120328455914139,-0.8396483376641495
-1.2600357521868126,NA,-185.7400950465305,PZ,0.5291966546749252,-1.5994628748539583
-1.6626722502329196,NA,-185.53122121780675,PZ,0.05249320057373433,-1.041605601759117
-1.5356903326275246,NA,-187.1548775336616,PZ,-0.19151221567808174,-1.0780951981960205
-1.5594248245540685,NA,-184.16276786142856,PZ,-0.13000351493443474,-0.7718286695545621
-1.4085221106889794,NA,-185.83831239347103,PZ,0.0736499430407799,-1.1745277070300335
-1.396731629373854,NA,-186.598044075664,PZ,0.2449946182837673,-1.4055366671540135
-1.7057185675701172,NA,-184.58565988228543,PZ,-0.290849160003683,-0.747638503996273
-1.1984955698220676,NA,-185.43027105017813,PZ,-0.045806694627778186,-1.5956750016195613
-1.5331780121145173,NA,-186.0795277279518,PZ,0.06744629783396677,-1.4674039747090253
-1.1920255688939279,NA,-187.89474400509667,PZ,-0.3688064603282596,-0.9903311067300894
-1.5350938543243018,NA,-185.39017529826197,PZ,-1.0265273322328556,-0.5599843447661831
-1.678075710446226,NA,-193.71039251000767,PZ,-0.25545653210476515,-0.6843066659424766
-1.3459942298902488,NA,-188.3770633071537,PZ,-0.33641272407575973,-0.9515154759668258
-1.374771230680895,NA,-186.00041214696435,PZ,-0.7465413675082282,-0.7957099442695412
-1.4588272183895956,NA,-185.8069293406465,PZ,-0.28439867145440545,-0.5116963933139622
-1.6230401470838656,NA,-184.9661086344936,PZ,-0.7781767931643181,-0.7388346481141314
-1.468697502501526,NA,-189.82697280982615,PZ,-0.23009291900824835,-1.343910626588851
-1.3823395206285018,NA,-186.87513150804017,PZ,-0.7423117804893871,-0.6895028801887919
-1.4660682719150289,NA,-187.8546777998201,PZ,-0.28422475525657637,-0.8172211739465991
-1.5289468399625592,NA,-187.04206310400673,PZ,0.19124103906680825,-1.0449339154308168
-1.3940263534142063,NA,-186.4840558522277,PZ,-0.31371900180578627,-0.7847615709134151
-1.3719589722500447,NA,-191.59531739508787,PZ,0.6316955263890314,-1.9056871406376445
-1.4251649286744457,NA,-187.12934378182854,PZ,-0.5500354349611869,-0.45553440290467434
-1.2274872721596906,NA,-189.84886862847264,PZ,-0.2038111958122601,-1.4881083446329555
-1.7149426807751111,NA,-188.27525550671032,PZ,-0.1676520221293286,-0.6959634406983477
-1.4149590931099867,NA,-190.59512895761037,PZ,0.16027973859706143,-1.0701154050452026
-1.5126215191003143,NA,-186.64511248336999,PZ,-0.3752246345428165,-1.029645453806008
-1.3789515793475093,NA,-192.0874956287872,PZ,-0.9338913496027665,-1.0396824749127807
-1.4627719118181073,NA,-186.4357158070901,PZ,-0.586607933686559,-0.5104961949430734
-1.7195754955330342,NA,-187.49573116217317,PZ,-0.3529107954983397,-0.6216242157910975
-1.6545130272546775,NA,-188.9819816325264,PZ,0.04320867064283018,-0.6010791753814557
-1.522218512128879,NA,-184.3830056858851,PZ,-0.7403968072728627,-0.7461188767994056
-1.437311834296956,NA,-187.2333638247533,PZ,-0.34983271572118385,-1.0462281563808626
-1.403192191476718,NA,-188.34939778087053,PZ,-0.7909201700905586,-0.5464741722225352
-1.6782213740498448,NA,-191.12633299239633,PZ,-0.4277971331648633,-0.8894176590825784
-1.1630540660999975,NA,-184.8903217503601,PZ,-0.6628380526680424,-1.1497995381514121
-1.4144922331478238,NA,-188.7899564751758,PZ,-0.3904581643664014,-0.49921503066478606
-1.4179788978888501,NA,-188.66933438362352,PZ,0.15906231808316695,-1.1043346824268063
-1.4442295265883067,NA,-186.40886805940147,PZ,-0.4818028901231821,-0.8992156029070381
-1.5525265768256895,NA,-188.70963456091638,PZ,0.6919275114644992,-1.5455971597201723
-1.5021158011880682,NA,-185.45217718691114,PZ,-0.13295469242543087,-0.9282798143276387
-1.1149423334544208,NA,-193.6506070042554,PZ,0.7168286739776114,-2.096866240180585
-1.5576252587000838,NA,-184.36190085838763,PZ,-0.14474868100799151,-0.889328194743506
-1.7894331382418054,NA,-191.64252937078194,PZ,-0.6103675788423535,-0.2802534716455219
-1.6130869267621164,NA,-187.64011788040628,PZ,0.13663527667564768,-1.1272122765211536
-1.4733479419717275,NA,-185.74838949726347,PZ,-0.7791373280550491,-0.440697173958245
-1.4974391704407977,NA,-187.49661801939365,PZ,0.18773150221206736,-1.3881618643918694
-1.7115315748640787,NA,-186.53535021217718,PZ,-0.3434290646538928,-0.7169137672207362
-1.3514842631693973,NA,-187.15317861097873,PZ,0.1571307739300612,-1.5844638442568169
-1.3555066542127057,NA,-189.78147511251336,PZ,-0.28627970515761303,-0.8528752299784765
-1.5637558830675338,NA,-184.81700814908524,PZ,-0.5905190708829628,-0.5829329301856176
-1.4887640837588223,NA,-184.5538207614318,PZ,0.03377533584132411,-0.9870813582886158
-1.4025755750849873,NA,-188.4115035889311,PZ,0.027835560875130283,-1.2240503894857933
-1.4572486072311994,NA,-187.5344146273665,PZ,0.3230319060832885,-1.1894615630266123
-1.5965160491043515,NA,-193.56613384185914,PZ,0.8258700354214871,-1.88124030577274
-1.5455916081112182,NA,-186.1758655734764,PZ,-0.07134775711577357,-0.8375327140379447
-1.5275645830193019,NA,-185.11705839368426,PZ,-0.8232614245947021,-0.8241996256897068
-1.2110907245619864,NA,-185.95501681152663,PZ,0.25381336475093164,-1.443832373635432
-1.7750231843599402,NA,-188.230685504969,PZ,-0.24321758251976877,-0.5583615408809685
-1.545636827763453,NA,-186.14389855177654,PZ,-0.20280115144117405,-1.1197659768697747
-1.7198495422878297,NA,-188.30220749169075,PZ,-0.3120338213848589,-0.17626850785121007
-1.5933858340854476,NA,-184.49573607119845,PZ,-0.11538120841864724,-0.8934012642675032
-1.689639860061792,NA,-186.91235905312104,PZ,0.08159776393242288,-0.7649501973536396
-1.6834843612395631,NA,-184.84624720414985,PZ,-0.007032957361315373,-0.7367844206883429
-1.5702404165585773,NA,-186.6716094938411,PZ,0.4076343301268601,-1.3436266602169962
-1.517805474746896,NA,-184.83173639855488,PZ,-0.009322679722058844,-1.150864085691464
-1.2126662747978698,NA,-184.82494101716614,PZ,0.25984337880332625,-1.2735202994903838
-1.3336697592050588,NA,-192.2666870917004,PZ,-0.029525849770239112,-1.2416497369188262
-1.5309892480459564,NA,-191.85883165924668,PZ,-0.8557331941740173,-0.9463515314019422
-1.409904534803323,NA,-184.0372453365524,PZ,-0.3789339829261064,-0.9115958360975015
-1.6077704569832378,NA,-186.19306001269157,PZ,-0.6856214919066449,-0.42182892686909934
-1.5035874628239558,NA,-189.7233213226406,PZ,-0.004714145575935122,-1.0181034833008078
-1.6395130046379955,NA,-192.49696702515328,PZ,-0.9550194303556002,-0.8055703138346381
-1.6441111297127855,NA,-186.95981113867228,PZ,0.040690212628529676,-0.47750664947308724
-1.9442946996990438,NA,-190.77032662432057,PZ,-0.10226653289119872,-0.8716996504591467
-1.8598814980925584,NA,-186.27631695208123,PZ,-0.27193322909935624,-0.6223340033680448
-1.7178206634132467,NA,-185.81980753661807,PZ,-0.9050862901125613,-0.4109618279043331
-1.6248655613359153,NA,-189.3687696780899,PZ,0.9443164332784737,-1.4332073788686481
-1.5299262355866337,NA,-187.23668186576026,PZ,-0.547906311663937,-0.8159248686295139
-1.5725421912877513,NA,-185.9814794219394,PZ,-1.087103362316845,-0.5898315681295904
-1.6535226589227594,NA,-185.55164568750035,PZ,-0.49003246350014606,-0.9019617504365458
-1.5163886266889537,NA,-184.25797601590378,PZ,0.09169481067071666,-0.9521130348103244
-1.5607144280616672,NA,-188.95855494548817,PZ,-0.4851609560577804,-0.5875919641376736
-1.3846239219530518,NA,-187.97825473201277,PZ,0.42906679314291324,-1.2525391108261381
-1.6318093963288836,NA,-192.6897637953546,PZ,1.0939573779859488,-1.9476432727050763
-1.3277706590787668,NA,-191.94975945703385,PZ,0.34321815970569647,-1.7210526157742094
-1.7027238901368262,NA,-194.13800377697223,PZ,-0.584378965329999,-1.3036030302733124
-1.5894416549816994,NA,-187.602345000012,PZ,-0.2299648521939423,-1.0262909698886238
-1.21099274811035,NA,-188.48625265696035,PZ,-0.3862718944655519,-1.479310155420571
-1.5142873341494567,NA,-186.6431431663221,PZ,-0.6791036437083268,-0.3108616758914499
-1.4868769597976084,NA,-188.4147632830593,PZ,-0.11888217664142853,-0.7551314181570925
-1.3285109903573216,NA,-190.31801209857886,PZ,0.6792270241306526,-2.0357971183080155
-1.451883985735117,NA,-187.71677988871397,PZ,-0.6786897136462122,-0.5966108637443892
-1.4811715473820304,NA,-186.5105547722226,PZ,-0.03463197072327806,-1.2427038004615323
-1.6218951964534205,NA,-187.3918383318006,PZ,-0.3652121788921957,-0.7755288650509802
-1.238159132954824,NA,-186.53411416336917,PZ,0.3321108484680281,-1.598097657228954
-1.2203782450822513,NA,-192.65526548660728,PZ,-0.5529600993541326,-1.2451234038877075
-1.416904812678872,NA,-194.11498194654217,PZ,0.38091653827598426,-1.7868429055913884
-1.4942070050849823,NA,-189.13859819769993,PZ,0.47738524161597184,-1.0787961439558313
-1.3170375258692117,NA,-187.9150439264202,PZ,-0.014487558438804338,-0.8522891292779962
-1.2662663585786569,NA,-186.39248832912645,PZ,-0.011350387851515653,-1.4560047644606982
-1.646195314714743,NA,-185.8112640259605,PZ,-0.2518685556939022,-0.9363760455187558
-1.5574941672306353,NA,-187.0545009776946,PZ,0.2519733084930442,-0.9780103270126762
-1.433759543977808,NA,-184.62758570671235,PZ,-0.1472667394644837,-0.7337283072029421
-1.323806203431025,NA,-187.49083848193948,PZ,0.09092185415550458,-1.4569161929406784
-1.9458597999853422,NA,-190.5400250747368,PZ,-0.37694953535611675,-0.12704674099464353
-1.6422410872550381,NA,-187.91416409997018,PZ,0.5735040840711517,-0.9271619629609821
-1.5222521063828347,NA,-186.6353842196681,PZ,-0.4270932864325363,-1.0733237172695853
-1.573031893852663,NA,-188.20666318580723,PZ,-0.26878570581876693,-0.666122162483105
-1.3740119069870285,NA,-189.23479213844712,PZ,0.44304831320140436,-1.458731231981111
-1.534337683693228,NA,-186.18630837582197,PZ,0.26126405891323445,-1.2314248759131667
-1.5494372502972173,NA,-186.99886219673215,PZ,-0.44025989511003194,-0.9125637406271343
-1.5427098979825524,NA,-188.4059299838429,PZ,-0.3264533491674335,-0.5763652177699146
-1.4353166240152113,NA,-186.26968672964864,PZ,-0.4102667971171594,-0.5339670347233874
-1.605140660868825,NA,-188.07253281522046,PZ,-0.17006220820663656,-1.1722276787156056
-1.4188900735166072,NA,-185.76239337877823,PZ,-0.16479179802469993,-1.1122033092121701
-1.5995537412998417,NA,-186.08844222785166,PZ,0.018214539967048,-1.1472839189173856
-1.4449769696798043,NA,-190.39479208323618,PZ,-0.05112982116312548,-0.8900982201173457
-1.549639485286987,NA,-183.97682886495585,PZ,0.006142214960395364,-1.0954281475827634
-1.2532227523906059,NA,-193.41312567734536,PZ,0.12949507595947835,-1.062396700125726
-1.4018868019718693,NA,-187.0138469719622,PZ,-0.9181502811911353,-0.4552785015417241
-1.674830992585052,NA,-188.94050064468956,PZ,0.13640237658222013,-1.1837197199245368
-1.3333401344653197,NA,-188.47373209497528,PZ,-0.5007718149076329,-0.5931322491881368
-1.5262428742297753,NA,-190.41300151506667,PZ,0.36876677842066186,-1.0934489147964606
-1.5301561540373583,NA,-187.88814692850033,PZ,0.23019154465656094,-0.6860602771270363
-1.527933918660372,NA,-184.73404919433224,PZ,-0.10585254232737185,-1.099962489617531
-1.5860915445229342,NA,-186.5897279213283,PZ,-0.25026573871079905,-1.248384451682886
-1.7629582097153618,NA,-184.93161575390207,PZ,-0.2844922204175486,-0.39465799068846524
-1.3573068874004832,NA,-185.7561745078076,PZ,-0.41729208379989696,-1.2016623249376561
-1.5871347425079838,NA,-186.17716891423555,PZ,-0.5374309432506397,-0.7153103758275805
-1.4004236319060523,NA,-186.1636638005435,PZ,-0.031003264225478333,-0.919746970376875
-1.7311840776124934,NA,-189.8212392671632,PZ,-0.06258014029555145,-1.1971080675601526
-1.4889247364037077,NA,-187.4800657362602,PZ,-0.4719638705046121,-0.6057267810826109
-1.5563730884007296,NA,-185.9913755693344,PZ,-0.31412273228954724,-1.2550999918937424
-1.4879491657684736,NA,-189.4180718079804,PZ,0.8113898206598503,-1.091297355440718
-1.62935140520737,NA,-187.13347053726227,PZ,0.2939414452401465,-1.1656914234389175
-1.569378074212138,NA,-188.31200543374476,PZ,0.05262631138826998,-1.2595036924351193
-1.6732106628159182,NA,-184.44448115269452,PZ,-0.5794088211658794,-0.7122743373962834
-1.4335444737913172,NA,-184.9652296342123,PZ,0.05862753725610387,-0.941485900971054
-1.4009563556339153,NA,-186.2732702925566,PZ,-0.2605036199554993,-0.5741560031722789
-1.5098779853911455,NA,-186.27567223309777,PZ,-0.6633576355170607,-0.5033986841303129
-1.343550610706172,NA,-184.55762568681655,PZ,-0.23092033922772215,-1.0774377040205736
-1.3523232190004306,NA,-190.14070265284286,PZ,-0.19661113458551738,-1.6134714905319039
-1.425305292908862,NA,-185.16604963772727,PZ,-0.15360638359558654,-0.9186512378236795
-1.5730553481711065,NA,-187.1807375330561,PZ,-0.12397893689991774,-1.2682716309593922
-1.4783935879956485,NA,-186.35757730784107,PZ,-0.26053650563683733,-0.892927648020778
-1.6788571016401106,NA,-184.3825983424193,PZ,-0.07407492867860688,-0.6595098506875965
-1.7547128652371606,NA,-187.72574143855778,PZ,-0.24306653542788947,-0.6135520730476642
-1.5117284806745106,NA,-184.32872729389388,PZ,-0.34962197463257527,-0.6925018349540144
-1.2188165549368675,NA,-188.3510407630733,PZ,-0.8535128596021575,-1.0061491870112849
-1.540196683453919,NA,-185.37687787720185,PZ,-0.2989961491638332,-0.8538605095684224
-1.766041902158341,NA,-187.83644412641874,PZ,-0.013381464880285507,-0.7019850688872205
-1.4565982644818312,NA,-184.12480013180004,PZ,-0.3044674001146997,-0.5923163212674883
-1.780550354576149,NA,-188.83024342508205,PZ,-0.23234500640339692,-1.0262134342095468
-1.619510681669439,NA,-186.71853871908587,PZ,0.309600215083809,-1.302289684903926
-1.4872865077905604,NA,-184.417069804198,PZ,-0.09941661459330424,-1.1665770298580629
-1.4714749165448924,NA,-184.87807859213552,PZ,-0.8562435045767469,-0.653405272267284
-1.336244108844827,NA,-188.7163010301289,PZ,-0.48097191793399674,-1.345689159502818
-1.805332968141406,NA,-189.01272024181256,PZ,-0.1441246075882372,-0.8218989528006015
-1.7099832175616834,NA,-189.15465718718636,PZ,-0.25073115462535256,-0.7975106570693947
-1.1445571559501313,NA,-192.99330359992004,PZ,-0.5329778401831857,-1.556811513262494
-1.5993355494594117,NA,-188.08483019640215,PZ,-0.35121084064985086,-0.6644675969339899
-1.8343236204147455,NA,-188.21792518007624,PZ,0.16223373889815096,-0.8809550999546483
-1.673945184647023,NA,-194.09840004750106,PZ,-1.3129774625453066,0.02008077468080699
-1.265262933784632,NA,-190.07560850934246,PZ,-0.8955347533669166,-0.10876379702273564
-1.5744538042359588,NA,-188.94172943199968,PZ,-0.42674716323303685,-0.617670112608995
-1.7866019339890067,NA,-188.4402070169805,PZ,-0.5017139664692055,-0.46743396073858445
-1.8534393584644269,NA,-186.35729093013117,PZ,-0.02775282239405477,-0.8283328399777636
-1.4980415667577027,NA,-184.85466157624552,PZ,-0.8876058047200523,-0.7547474751846226
-1.6780413374883778,NA,-186.87428937723087,PZ,0.28848634061217227,-1.392085639398133
-1.712499693885934,NA,-188.72428656513003,PZ,0.39746299846615885,-1.4290847084921916
-1.353912506956264,NA,-189.31463843450655,PZ,-0.17953627565686447,-1.50581203650213
-1.406879594010287,NA,-190.1821161986213,PZ,-0.7980814935185025,-1.0484923376313111
-1.1383092803803927,NA,-189.76234919300748,PZ,-1.0227014054239072,-1.2289748185967697
-1.4789017967189317,NA,-184.92435356892724,PZ,-0.24119965775928864,-0.7959052677062073
-1.4595159117355927,NA,-184.74436622617378,PZ,-0.6089694113287333,-0.618862878390424
-1.5457182836917938,NA,-190.29163653950388,PZ,-1.6219827158710918,-0.5530777801417843
-1.4297629560388696,NA,-190.60188856561686,PZ,0.7956993282738223,-1.8142619067318602
-1.3681817550432935,NA,-187.36931004047239,PZ,-0.5304351006085064,-1.0478907705962721
-1.5593954473398963,NA,-183.56308419319177,PZ,-0.07109629816758628,-1.1178833124559167
-1.3777290789926806,NA,-188.2908672031011,PZ,0.06319241698658046,-1.08149154018462
-1.5540033104438324,NA,-186.9416580836826,PZ,-0.8887884266233053,-0.7530981100215989
-1.4683247129022854,NA,-187.0772880941666,PZ,-0.228236875209927,-0.6879260035069328
-1.4357404921629204,NA,-187.41687415448618,PZ,-0.6114012207361597,-1.0973666668973492
-1.6241789746704476,NA,-188.94868746535383,PZ,0.0046155919634877085,-0.9557817019401039
-1.6021664419355912,NA,-184.91164843831848,PZ,0.10094291263084874,-1.2979857141246898
-1.8777160023894746,NA,-190.4364389180047,PZ,0.12255985108382876,-1.1360134385192735
-1.6573167837901224,NA,-183.93646885784588,PZ,-0.3854866914426024,-0.5951534376071521
-1.5869972998758217,NA,-184.5713585901595,PZ,-0.1442429032785422,-0.6303853408473763
-1.3166791572777068,NA,-185.46871288770046,PZ,-0.6913916124900188,-0.888449356194842
-1.5722104307158076,NA,-185.64377620785464,PZ,0.06565773040509276,-0.9663122457622939
-1.3962979915788007,NA,-191.0072313677296,PZ,-0.12587621876851512,-1.0420767350604563
-1.5158498465502463,NA,-184.26649267836686,PZ,-0.27294940646867255,-0.8677453341043462
-1.5127703378797641,NA,-188.68229033200814,PZ,0.17128472991057472,-1.4768916310950713
-1.9531318112469294,NA,-190.8809964479473,PZ,-0.1625957537316074,-0.819006633411381
-1.5997161683860006,NA,-184.35558315345236,PZ,-0.2124161072560362,-1.026338498523309
-1.3228601238094984,NA,-186.61029657622436,PZ,-0.6003267492756801,-0.9826988746997574
-1.3474140835377901,NA,-185.90508264682734,PZ,0.282843248942789,-1.4249989057427301
-1.4046007012460777,NA,-185.60853949335984,PZ,0.4372342841872525,-1.4892577820357975
-1.3583660931195507,NA,-188.47214581012574,PZ,-0.4916641129976473,-1.515609425204853
-1.9510699301261698,NA,-191.9626682769195,PZ,-0.7443491439363086,-0.2754461262999139
-1.3251712363012502,NA,-184.65683357179884,PZ,-0.0644214315339319,-0.9952077196957336
-1.3554886226345542,NA,-186.15564181927064,PZ,-0.0986006596778774,-1.0531308010788585
-1.5094913778339383,NA,-186.27752067373987,PZ,-0.23960923502096898,-0.5978258180711254
-1.6686189082850775,NA,-185.36208240579805,PZ,-0.617393402148097,-0.37993107850605096
-1.6492787366905164,NA,-188.57513762561922,PZ,0.4685454784940305,-1.3464183837141366
-1.5092566290601142,NA,-183.33899967190578,PZ,0.05314534341156698,-0.8093867651202978
-1.7359075314437553,NA,-185.64320681123618,PZ,-0.06033898911243146,-0.7669181758335353
-1.6447676540125986,NA,-185.2009238887958,PZ,-0.17114262012979717,-0.8268276847443614
-1.7850181655818431,NA,-193.5991645388491,PZ,0.20919053249216021,-1.1127424983022562
-1.502276374251607,NA,-184.09391878556326,PZ,-0.2549219415296136,-0.7798785826653791
-1.407141979882805,NA,-197.28180164558935,PZ,-1.003384595748881,-1.092811917601606
-1.157353734069356,NA,-187.02032764347362,PZ,-0.23366307717408757,-1.2583777923196344
-1.7116322619366302,NA,-190.38413218447042,PZ,-0.21197168619766033,-0.8440332780068275
-1.1888835728468192,NA,-189.15507875160014,PZ,-0.5532635001900434,-1.222103518227018
-1.4222824251842061,NA,-186.79467912696026,PZ,-0.36380149157775743,-0.8494003594036614
-1.5365851528092531,NA,-188.0370308385101,PZ,0.2678532751946771,-1.5521171170846726
-1.5908412617691166,NA,-188.90372235827056,PZ,-0.34845360721556634,-0.6625670530037345
-1.3157834021633912,NA,-188.6082889181681,PZ,0.4089283432681008,-1.6407105216103202
-1.4646528098127858,NA,-189.9224482140021,PZ,-0.456500019055353,-0.8242365607821039
-1.7296786976270193,NA,-195.320438969373,PZ,0.5672676304705955,-0.8722727719051808
-1.695184726765545,NA,-183.81396374265816,PZ,-0.6280200672774011,-0.4950319619340266
-1.2910325794181152,NA,-190.99880553602344,PZ,-0.6732449849444037,-0.8223430525641975
-1.4875215544270464,NA,-183.18452157735027,PZ,0.12257928369214191,-0.8507162025942058
-1.5623424027569597,NA,-188.64836734949773,PZ,0.9908650420376285,-1.3692247494065095
-1.6578362090018572,NA,-184.6226132903456,PZ,-0.848455659277516,-0.4300115058554672
-1.2881286550557707,NA,-187.85505774823935,PZ,-0.5602901222564101,-1.037453267483069
-1.481246169245496,NA,-185.70408531088316,PZ,-0.5436764666467074,-1.1245062313937937
-1.2214778155298078,NA,-190.3936067443596,PZ,-0.44644700546078697,-1.3409678557819893
-1.534176753310609,NA,-184.31778883584064,PZ,-0.28593560886411074,-0.9346600088873235
-1.307533123184266,NA,-188.92994568848476,PZ,-0.2080603289977202,-0.6179516467309394
-1.3749700008897192,NA,-187.31641338313872,PZ,0.3080556633002006,-1.5905050243358647
-1.5613374253638803,NA,-185.06526127348388,PZ,-0.5733960964832382,-0.8494452964115535
-1.2088174028351375,NA,-188.27187642104755,PZ,-0.35502426817957033,-1.1567112550478602
-1.1913783593694942,NA,-189.7346348331411,PZ,-0.2555211205933267,-1.56992718868865
-1.5133864727567479,NA,-185.0447480197003,PZ,-0.017893976776607062,-1.1994527241902753
-1.3177567277568234,NA,-193.0863539191305,PZ,-0.28949994201630885,-1.3981594306922969
-1.327984057443644,NA,-185.80612217608603,PZ,-0.21305035292807917,-0.7863445171231174
-1.384605204380857,NA,-186.27526387044534,PZ,0.06326787580176324,-1.1600792682208148
-1.6921254058268087,NA,-188.69481022795154,PZ,0.6480345822079618,-1.0247801492756148
-1.1715898860735388,NA,-191.56547946906232,PZ,-1.1113701772405602,-0.5056076438748759
-1.3945394965920617,NA,-188.03835484104937,PZ,-0.8700702302355104,-1.0834690885405451
-1.5973954611628496,NA,-187.24792944117388,PZ,-0.1737182479416267,-1.1279636876765626
-1.3590809055682682,NA,-187.42422575597803,PZ,0.3722647035682287,-1.543247512346689
-1.4212778022193617,NA,-191.51354661651828,PZ,-1.1463894679315116,-0.3389521139867345
-1.4139718812749824,NA,-189.16464011565884,PZ,-0.7656938619278466,-0.6879625308186639
-1.4544501150420277,NA,-191.47488913062534,PZ,0.28524468681431175,-1.843614953043219
-1.5808328412557104,NA,-183.9038076595994,PZ,0.20022150594995658,-0.9961922748295798
-1.444580070375288,NA,-182.49430164344983,PZ,-0.3976397174540966,-0.9182812812529276
-1.620219374767823,NA,-189.9490525408573,PZ,-1.4233130911273106,-0.6641512688766239
-1.310486421784989,NA,-186.45604338200968,PZ,-0.4213330640359374,-0.8146407307637151
-1.4869476664263779,NA,-184.34326849800144,PZ,-0.3458669364148883,-0.7621277913559615
-1.3492293158947897,NA,-186.8899119286428,PZ,-0.4438915801877072,-0.5613942823860468
-1.6876224882709452,NA,-190.33128951884026,PZ,-0.6276573201762226,-0.8472725345630668
-1.6252864947115628,NA,-184.2412245301278,PZ,-0.1465964668813879,-0.5474357861380466
-1.9361312627344605,NA,-189.50900990357766,PZ,-0.5443428666155941,-0.45855459689087497
-1.3828580414175915,NA,-188.84375106697652,PZ,-0.7228289227466185,-0.9463101690149616
-1.61781431110437,NA,-186.8518554418299,PZ,-0.16719332324789957,-0.9623473245415779
-1.6825632622509366,NA,-188.33847641427934,PZ,0.15090711810388618,-0.9512106308484246
-1.7164457174154875,NA,-186.34001304150686,PZ,0.14570015595322988,-0.6386612206006227
-1.3395071988506648,NA,-186.64414750247838,PZ,-0.15463140071629208,-1.352555288737484
-1.067692099296755,NA,-188.9294834350173,PZ,-0.26261872644424894,-1.653430816455633
-1.4047100550095895,NA,-187.09793281652188,PZ,-0.0874022585972761,-1.0892497249749054
-1.4383833107549926,NA,-184.94516909734196,PZ,-0.31571320886603366,-1.1516375717640166
-1.4256535797967858,NA,-185.9155582011837,PZ,-0.28600500177092836,-0.6137643459378923
-1.8902136737121615,NA,-188.46414199449208,PZ,0.008680433217521849,-0.4785886805663457
-1.4192428050417507,NA,-187.38315297889653,PZ,-0.27930503234979986,-0.8696688316724792
-1.3168577463305737,NA,-187.137451458945,PZ,0.14380132375381105,-1.3465141836003827
-1.7186960119094687,NA,-188.85267282085502,PZ,-1.366154321108318,-0.15191408589569616
-1.7708772073833343,NA,-189.38286272535942,PZ,-0.9841379855732071,-0.2777800973762097
-1.4408838777640813,NA,-192.3576397083725,PZ,0.6126681546603663,-1.4240288942037402
-1.3633966999106688,NA,-189.70594032388337,PZ,-0.7235115342485229,-1.1141899561359196
-1.7405830013004306,NA,-184.0232414000272,PZ,-0.17244972536417774,-0.9923500795683128
-1.1983544980146559,NA,-187.46910216089168,PZ,0.032853489371617306,-1.1173443507025382
-1.6501556194091151,NA,-189.44719688564894,PZ,-0.6311727880440814,-0.5666698121154842
-1.8490812323590857,NA,-189.11241131782592,PZ,-0.27425796906347794,-0.873548980168444
-1.3065625843683744,NA,-187.41481299481404,PZ,-0.009577044776009819,-0.7059050458229813
-1.536140722478706,NA,-187.65622982073205,PZ,0.10415411071945424,-0.9269232790084638
-1.2516944328197805,NA,-187.64310411541237,PZ,-0.07055803990882992,-0.9356539315858942
-1.1457984360574447,NA,-197.05686552447375,PZ,-0.7357320239838907,-0.6627114502876251
-1.4661687944269006,NA,-187.43769049471447,PZ,0.3191132122442442,-1.24060286676612
-1.2844780313903377,NA,-183.91612818226216,PZ,0.11698410869203935,-1.3625030800023545
-1.4807183796930834,NA,-189.4898728930878,PZ,0.1813657978384614,-1.9070810342912612
-1.5610610237738833,NA,-186.93112338656522,PZ,-0.3921150715903984,-0.6605342121980661
-1.3219642376464884,NA,-184.3437961778677,PZ,-0.24793679525483708,-1.3706259853796021
-1.7486404253734982,NA,-187.4188212050034,PZ,-0.1487626818468543,-0.6929357663911655
-1.5856436197585126,NA,-186.98503535434628,PZ,-1.1491249652378284,-0.7825929580372941
-1.6425001790380511,NA,-185.75640393241602,PZ,-0.3423612168583026,-0.5398895318488535
-1.4823773713511603,NA,-193.4596074378356,PZ,-1.0471037700015358,-0.36422830069692314
-1.4755068159821214,NA,-184.20103025382107,PZ,-0.366011195509645,-1.0346410492463118
-1.541462235434674,NA,-187.9222767906269,PZ,0.32303410854199976,-1.379981428249887
-1.4008996333765913,NA,-189.6568823050209,PZ,-1.2422042936877224,-0.5871402868771762
-1.2911384086986002,NA,-185.63120045432984,PZ,-0.21727619870503811,-0.8722157294559875
-1.5603338481064124,NA,-185.04576907102933,PZ,-0.05133023901748919,-0.8739707523573732
-1.7350353208072369,NA,-185.06177487067782,PZ,0.1437571990170406,-1.025094384359601
-1.3729927122378225,NA,-191.75231164096223,PZ,0.4811369667449082,-1.0983728674533633
-1.532546633021515,NA,-185.86244136686182,PZ,0.24704944525319303,-1.0221206905950149
-1.7158168926577726,NA,-187.5345781824883,PZ,-0.35780941690424023,-1.1290011055266405
-1.8126353471818606,NA,-190.49285211171352,PZ,-0.20060191687139542,-0.30276978638215546
-1.4277275457055607,NA,-184.7211042418979,PZ,-0.22532586700786117,-1.0839546249908372
-1.5170160538461666,NA,-185.97468304055724,PZ,0.4084889105885756,-1.309396674860205
-1.4623640069144093,NA,-183.2219009911399,PZ,-0.08462084922697748,-1.1904737692973755
-1.5455301662998175,NA,-188.21462988677348,PZ,-0.5028719477862741,-1.036633650167717
-1.6400346885885033,NA,-183.34918145928515,PZ,-0.7186307559438763,-0.7180871758539338
-1.4461873973160058,NA,-184.9750887878749,PZ,-0.16042966237160228,-0.7982269190365614
-1.300251338489078,NA,-186.83165007653275,PZ,-0.44546419451245456,-0.9197912571340542
-1.073046850032392,NA,-191.10497649409268,PZ,0.2086114454046355,-1.8608567739853517
-1.3973704048732951,NA,-184.8073589920319,PZ,-0.48969926773169026,-0.7780603738824025
-1.6466373093783957,NA,-184.96572889888714,PZ,-0.015571920661273022,-0.7524762503027912
-1.3665719335912825,NA,-186.6321763615518,PZ,-0.32427758488244435,-1.1907584768494521
-1.6192869102518865,NA,-185.88915835396318,PZ,-0.23206117064538434,-0.7413200731370051
-1.376043647376907,NA,-186.00101386778516,PZ,0.0753827502989145,-0.9311469575625138
-1.475642068666789,NA,-184.05020446120247,PZ,-0.3453996364104758,-1.1652153050948415
-1.3167669437397411,NA,-188.83577161760536,PZ,-0.7312495258364351,-0.8489951423155702
-1.4028451524085102,NA,-186.52674628833304,PZ,-0.6616808899926567,-0.3899632080368031
-1.4828453429036572,NA,-185.10894896355498,PZ,-0.43384675907291864,-0.5318806726902827
-1.3565089343310652,NA,-185.70963477466083,PZ,-0.1426311074038435,-1.0587432124467375
-1.5484558918951135,NA,-186.9523726318651,PZ,0.036610056254173184,-0.7909288281837016
-1.3963614563293125,NA,-185.66895677237792,PZ,-0.8233437554685107,-0.6639757655061062
-1.76900937810779,NA,-188.89465520163597,PZ,0.2377033604374683,-1.0227449666773836
-1.631062982426215,NA,-187.45714257215047,PZ,-0.041598279831676355,-1.0681257317162247
-1.5969310412839097,NA,-187.462675558048,PZ,-0.4319221407641135,-0.7384997062660662
-1.8299869940789901,NA,-187.3253652089059,PZ,-0.10274348083113796,-0.4721226553715986
-1.2749416036140655,NA,-189.25650526979067,PZ,-0.17387812321094,-1.3549035172349353
-1.3504878439017118,NA,-185.70886971074026,PZ,-0.269857026928504,-0.7356336357571283
-1.398968241942988,NA,-188.71798374094857,PZ,0.3901951882152023,-1.533265198339114
-1.1841264424891598,NA,-190.62793042479623,PZ,-0.5213373459592555,-0.6093796342576918
-1.5308320541420464,NA,-186.13717854185663,PZ,-0.6212460920925501,-0.3766821573078929
-1.6100277687749844,NA,-187.02401912701475,PZ,-0.35348147094359933,-0.921604267575726
-1.530046071626394,NA,-187.334028766123,PZ,0.1869096321250806,-1.0139331858540483
-1.5541885840626484,NA,-186.8640106012749,PZ,-0.9316295015017231,-0.612320769389791
-1.3091892830869285,NA,-185.4040305702247,PZ,0.1269297740238307,-1.4351707268494773
-1.53559094607802,NA,-184.87736004910553,PZ,-0.380227530580088,-1.1845653570900694
-1.546899811912671,NA,-185.8285863160956,PZ,-0.26837609159176923,-0.8080304576683148
-1.4339450567333414,NA,-188.81397056851057,PZ,-0.15435713952717875,-0.6815075547638503
-1.4167727852179939,NA,-187.83504778860194,PZ,-0.2578568402837413,-1.1604268763318828
-1.7887667406423586,NA,-185.3268980173616,PZ,-0.11860657359886646,-0.694115049969527
-1.354363347003833,NA,-183.08243310184972,PZ,-0.04011309121949784,-1.2005198851944656
-1.502301453605734,NA,-190.92837597888212,PZ,-0.27028380255140805,-0.9975050472370119
-1.6468639289792986,NA,-187.51150968809335,PZ,-0.15459057361370473,-1.1178211451266078
-1.2762691729746767,NA,-189.89405113589905,PZ,-0.07124226186923782,-0.8012951050293016
-1.5234728294497495,NA,-186.86485824869249,PZ,-0.15212464674619441,-0.9463729393140375
-1.4281400427283817,NA,-185.66920280314008,PZ,-0.2233548331947364,-1.2945497965174313
-1.587962147047694,NA,-186.40449970822763,PZ,-0.4184965929825718,-0.6761890175439818
-1.4872415300334692,NA,-185.41596324693182,PZ,-0.26209576932422046,-0.7590028334290256
-1.366840886595596,NA,-186.86338665712898,PZ,0.13379986843720199,-0.8353725204419076
-1.7446621908445152,NA,-187.9381449075171,PZ,-0.3662433856604568,-0.21268772372579398
-1.3514586612125563,NA,-186.18154503736335,PZ,-0.3923458677998318,-0.46068479936580664
-1.4186567525822764,NA,-190.2256586367545,PZ,0.3530737358958811,-1.146316781735991
-1.498777598596974,NA,-188.07570175864268,PZ,-0.07509670985068916,-1.193433986583777
-1.6425337092119163,NA,-185.2264456744494,PZ,0.1388736250275578,-1.2099716895071722
-1.2118081197157704,NA,-187.9944042188002,PZ,0.0232571426131105,-1.3436175150065568
-1.7431619464512362,NA,-187.07200565824175,PZ,0.05335960221016768,-0.783560025924938
-1.5635227591352368,NA,-185.07232773355952,PZ,0.002578870680020967,-0.7862887933851794
-1.5721390721955397,NA,-186.74885166634783,PZ,-0.29369917082406943,-1.2697647984966982
-1.400267665448317,NA,-184.36993138543016,PZ,-0.8184100829194688,-0.8641237543560705
-1.5173827883448807,NA,-188.6640631198642,PZ,0.3313012070226271,-1.2330023312065783
-1.618787353231403,NA,-184.51180505021202,PZ,-0.4078454537520258,-0.4458269727374952
-1.7614109222113357,NA,-187.34012211313345,PZ,-0.3417884760453338,-0.7187359492036326
-1.6569769255659725,NA,-187.1943100985097,PZ,0.014194845038489001,-1.20884449600638
-1.4558498152653323,NA,-183.15044232978101,PZ,-0.5013182409134179,-0.6946363676642211
-1.29178047356224,NA,-191.20191253996256,PZ,-0.5187708386122591,-0.7087894969877335
-1.5372275849311434,NA,-184.5125977161153,PZ,-0.4115043756097331,-0.6614351740742683
-1.4699251271438039,NA,-184.92355345867313,PZ,-0.41954433388696777,-0.8412323798511637
-1.6003507588335308,NA,-188.24926336498746,PZ,-0.23322084843505525,-1.0360785726095316
-1.6574580270521835,NA,-186.44240668491915,PZ,-0.2368513031038063,-0.6480979294804448
-1.3070348461726082,NA,-188.52494928740845,PZ,-1.1913119264926104,-0.5547292635714678
-1.7290731846816934,NA,-186.26279492238226,PZ,-0.2597925264496371,-0.871847989610982
-1.5645820001958297,NA,-185.65040731024723,PZ,0.00469530689200115,-1.1260619704946477
-1.2914318221739145,NA,-187.33043059421198,PZ,-0.7648944205775915,-0.701891445912732
-1.3202341453511386,NA,-186.44129134433237,PZ,0.19201235157422714,-1.0843325165747393
-1.784572534488014,NA,-187.28793871984502,PZ,-0.7616371710544998,-0.02687641562906603
-1.3521487219138915,NA,-192.1331125432406,PZ,-0.056032439954430135,-0.7286665083945827
-1.3520661956918003,NA,-185.20993195089423,PZ,0.0011790463721572664,-1.4608061055559438
-1.2713278905442373,NA,-190.27212440401448,PZ,0.5087401506773873,-1.6176348897200228
-1.5870777874331414,NA,-193.5282485719518,PZ,-0.5950157729200659,-0.18414811646832877
-1.26436820768288,NA,-186.95740570863086,PZ,-0.8102112368971046,-0.8157324958587444
-1.2482673086275422,NA,-188.08575540431679,PZ,0.11950708405026798,-1.3912288251075189
-1.3083332737763687,NA,-189.80870236185046,PZ,-0.805738870267982,-1.154610935830957
-1.8831086400481374,NA,-189.8994223900879,PZ,-0.25187464742164073,-0.9981220982581015
-1.7049410346317209,NA,-186.12533635346915,PZ,0.002812469211914439,-0.42306543812390324
-1.463636176002117,NA,-186.5694710771235,PZ,-0.14894413872907658,-0.7977365040012738
-1.6663499058881714,NA,-186.77836301758435,PZ,0.3251020913178233,-0.8664583433681537
-1.613202870070469,NA,-188.48344262474808,PZ,-0.18699530797035,-0.6648970675679279
-1.6489828729504994,NA,-185.76837125761094,PZ,0.2713921406205488,-1.1568893383515482
-1.4206718667975011,NA,-189.78741037405445,PZ,-0.9010257261504496,-0.5770093928504318
-1.4106826773085386,NA,-184.1925691281592,PZ,-0.3936968764760496,-0.682006150863975
-1.6403902002684274,NA,-185.43487683516858,PZ,-0.6677586192514368,-0.5044230857945393
-1.584220782180491,NA,-196.29973021410618,PZ,-0.5723295654470173,-0.9005482509520046
-1.7086847777105096,NA,-189.6776219988196,PZ,0.24601607321047925,-1.2064925438410317
-1.2696817480029992,NA,-191.02095337179082,PZ,-0.8821949117720213,-0.5047309244421221
-1.6021573852512576,NA,-190.17876223495963,PZ,0.10604323068460215,-0.7745088473611781
-1.8413119858260867,NA,-186.3174884672191,PZ,-0.36333166535172623,-0.6427418780314968
-1.7656368728082155,NA,-186.9175714480845,PZ,-0.3185570121916703,-0.8732296777236856
-1.717982736175318,NA,-185.99327617921983,PZ,-0.2172666934495303,-0.6707826763259348
-1.3862305799929477,NA,-184.69721206882667,PZ,-0.6614165797667687,-1.1043282050462107
-1.4368585098887308,NA,-184.13522202310634,PZ,-0.5564011104640945,-0.6458690365427422
-1.369462341002393,NA,-186.75277513763282,PZ,-0.15146171003035114,-1.0082998927610891
-1.5743094000755296,NA,-185.6616006431404,PZ,-0.2741530532211489,-0.8510629885257778
-1.7174260248785573,NA,-184.64536102971832,PZ,-0.5199793460963389,-0.7674178493795504
-1.370075079464736,NA,-184.52046904669993,PZ,0.1449685270867142,-1.1360243446561908
-1.4520043545777928,NA,-187.36528871647133,PZ,0.3899797402169533,-1.3825874069991542
-1.4073882206384123,NA,-195.84120524282645,PZ,-1.2354080007415986,-0.07941350030917954
-1.5653784017979442,NA,-186.2896063679108,PZ,0.20342105540575844,-1.0957984726524148
-1.5566134960999405,NA,-189.0192363437389,PZ,-0.23809856548421132,-1.310441464569761
-1.5579939969465222,NA,-186.1718502409286,PZ,0.14589895087468308,-0.7661269238721355
-1.5599010754691607,NA,-185.61346104766858,PZ,0.14373263120187943,-1.0491917410308311
-1.3420866377663163,NA,-186.12874032514537,PZ,-0.29229217112593947,-0.8184309855535483
-1.4090194380037495,NA,-185.62228045489448,PZ,-0.39975002519197944,-0.8159380564178087
-1.4328531740703048,NA,-184.50874963147598,PZ,-0.34950722327535705,-0.8717352228801029
-1.4292102074858808,NA,-184.6377090476744,PZ,-0.27249744693319317,-0.9975111404730289
-1.2428189383411747,NA,-185.80523447741373,PZ,-0.9610770253820349,-0.7218384741371956
-1.5370364125495675,NA,-183.6032068949672,PZ,-0.33803597513747285,-1.1405180847428689
-1.6434475388688354,NA,-187.24223845053228,PZ,-0.5621506438757629,-0.6416185982950202
-1.6733986670948582,NA,-187.31283750710998,PZ,-0.49263040014561194,-0.6971429303285095
-1.4909312581775302,NA,-185.74427948567075,PZ,-0.6846388307991035,-0.786570037082918
-1.7806202196655947,NA,-185.44211133235507,PZ,-0.08266940226372425,-0.7649446606957979
-1.5452933290677875,NA,-188.05001005449859,PZ,-0.575104877915341,-0.2897744972415618
-1.49405334422897,NA,-186.83811329095434,PZ,-0.007999339212694967,-1.5398430402836076
-1.743138799466471,NA,-191.70219512940412,PZ,-0.8295767708429171,-0.7766979191571792
-1.326148412175718,NA,-184.72250988128107,PZ,0.12351782699080187,-1.2507603549666204
-1.7605764311280896,NA,-187.09174495163361,PZ,0.01887140705438496,-1.11283016889011
-1.3474510034633684,NA,-186.06942304653865,PZ,-0.3880258250016932,-0.6434362026043358
-1.2596434100940765,NA,-187.90027000943107,PZ,0.032133757830326196,-1.2970732014514423
-1.7057550784330924,NA,-187.62601660987508,PZ,-0.4350535540448631,-1.0528701853515356
-1.6766582732500195,NA,-185.36523472019098,PZ,0.09809178840509747,-0.795033807588395
-1.838988994037449,NA,-189.0220240259767,PZ,0.27291726570126723,-0.6742100618760978
-1.4457115506429972,NA,-185.24342941405334,PZ,-0.13837061483563906,-1.3993969331773173
-1.1733230616348536,NA,-187.9103668926844,PZ,-0.02766527201565938,-1.582587402543452
-1.5625808833958534,NA,-184.41516052254704,PZ,-0.20064975477574615,-0.8471238786012023
-1.504166786968731,NA,-184.83978797515468,PZ,-0.6011597236350756,-0.7560328413256949
-1.190057255730542,NA,-196.13327862259925,PZ,-1.0716479127339245,-0.6644604935614373
-1.2446259873714796,NA,-187.4600368031378,PZ,-0.07973638180239323,-0.8271856767422116
-1.1961386776324336,NA,-187.8873153517959,PZ,-0.6557530187695825,-1.0717965852762463
-1.210660430047036,NA,-186.98326325123702,PZ,-0.30066002048319806,-1.4193892118377411
-1.4970777981684131,NA,-186.6331782101066,PZ,-0.4744133890978285,-0.6803090935981915
-1.3995133541903253,NA,-184.82197579734125,PZ,-0.07021695371213171,-1.2046695142093653
-1.7000250148301643,NA,-187.02109959381278,PZ,-0.7882680387793448,-0.39477736882560693
-1.636604602286638,NA,-186.92277831370149,PZ,-0.9030088887590575,-0.7467807549780503
-1.5320249367130372,NA,-185.34665881879886,PZ,-0.8007873770527905,-0.5536771987508107
-1.6122509736251251,NA,-185.11679704219844,PZ,-0.4416783521120208,-0.3767914248449224
-1.5332722105549905,NA,-186.22836296909966,PZ,-0.0512657039089337,-1.05370599002973
-1.6643888684853942,NA,-191.91534282349056,PZ,0.5359812308589054,-1.65618053347612
-1.5255318232819268,NA,-189.04229415563066,PZ,-0.5420807245668827,-0.2624810019174588
-1.3740007819701567,NA,-189.21106328195515,PZ,-0.26589875889891074,-0.6040953847131801
-1.38450988214759,NA,-186.35201135944237,PZ,0.18737051132266533,-1.0918267643169195
-1.868175193775144,NA,-186.9960927534362,PZ,-0.4760268036164301,-0.5076151786574223
-1.5344733999424909,NA,-184.6607180554352,PZ,-0.09727779078450391,-1.1556860570295786
-1.6023664830425233,NA,-185.57122911321,PZ,-0.4640392140127474,-0.5491813929105959
-1.4695301579857574,NA,-186.12071784763606,PZ,-0.9690243978090369,-0.5295607786452516
-1.4650467096679674,NA,-183.76827343244483,PZ,-0.3036747427676601,-0.785092166703725
-1.5261219713643595,NA,-187.20977001587002,PZ,-0.9100315928652383,-0.8582754697609405
-1.7199546493853584,NA,-185.80318548504343,PZ,-0.4348975636842649,-0.43758265586956807
-1.601943751557794,NA,-188.5029591030393,PZ,-0.09712023438642112,-0.9363366458211945
-1.4176772130081299,NA,-186.6140189672749,PZ,0.18607460490728459,-1.4819827926975737
-1.362721784645477,NA,-186.08797428395107,PZ,0.42520091035870416,-1.3421182647118333
-1.526089819661663,NA,-185.96814449476784,PZ,-0.41625578368415606,-1.2121804770648203
-1.557235080855054,NA,-189.4673882185641,PZ,-0.5379120790161543,-0.6348494224305491
-1.661106133594368,NA,-190.23234647467905,PZ,-0.2116727842544853,-0.5479515384676289
-1.537273965490742,NA,-186.77483745866493,PZ,0.3413155083228449,-1.4075005384846075
-1.3428832882664028,NA,-186.46766996438978,PZ,-0.951485999104971,-1.0586766123586124
-1.7577212935298479,NA,-191.32165985588634,PZ,-0.3584103284655755,-0.15185871197473888
-1.512309775761006,NA,-184.97102414830243,PZ,0.16519955966269415,-0.9263534308819745
-1.4986782929755522,NA,-187.46140434404376,PZ,-0.7042616715768654,-1.0528788728435519
-1.2326076269245907,NA,-186.62914412407392,PZ,-0.3444610571150181,-1.2617533303154784
-1.5086369377059672,NA,-185.8371713002153,PZ,-0.13820140532786745,-0.7917154242689567
-1.463636957295031,NA,-188.12581503263453,PZ,-0.57597704667368,-0.8501489358662381
-1.7445574216259718,NA,-187.92225712946455,PZ,-0.16870416842546662,-0.4539901868396343
-1.326140274723723,NA,-187.77827363211307,PZ,0.2458631982131499,-1.446558072262138
-1.7079434854280104,NA,-186.64555778720126,PZ,-0.7934638602809246,-0.668404429443882
-1.6233976263615233,NA,-183.73923006900628,PZ,-0.48592023646634025,-0.6283340702157141
-1.8665817086069587,NA,-187.59341328341085,PZ,-0.06510825924719545,-0.8697795002889341
-1.8803361403039789,NA,-190.70461550859966,PZ,-0.3885418618598305,-0.5630529967556298
-1.511169719406291,NA,-185.0451217115192,PZ,-0.24300513773697646,-1.1002173409770597
-1.4965001776427242,NA,-184.6523757628137,PZ,-0.4923726071773265,-0.739592803795065
-1.430902718693094,NA,-183.76613709113718,PZ,-0.5177555526907567,-0.7774442434699448
-1.507840533171657,NA,-187.39516370350094,PZ,0.01763150869169844,-1.0198371512477786
-1.6825147698504133,NA,-185.72656532812016,PZ,-0.3141877128717232,-0.410549850942814
-1.6276863621994822,NA,-188.1038810758973,PZ,-0.4059092382084388,-0.7119729243420512
-1.3874581397572694,NA,-185.28598566111833,PZ,-0.007630102121670014,-1.2018800359184278
-1.4126827883570194,NA,-183.54092630235093,PZ,0.04280468123461406,-1.2795628681676439
-1.6364897565921819,NA,-185.5734724555581,PZ,0.030367158484398554,-1.1907106041888653
-1.5698058607139687,NA,-185.72034325212226,PZ,-0.008834930330602897,-0.7684771325147287
-1.586747096565924,NA,-184.35783020449463,PZ,-0.16968336499835251,-0.764647243499266
-1.4841244688101305,NA,-190.88887613569145,PZ,-0.870526328465497,-0.5715974510625543
-1.8150793762142925,NA,-189.7910924868991,PZ,0.1671427616654403,-0.7161666380766041
-1.3342877383243388,NA,-187.8675010672767,PZ,-0.04817454999480964,-1.1033442639282707
-1.4717429542225111,NA,-187.34238453976346,PZ,0.09578715027732902,-1.3861565289927453
-1.5778062065034728,NA,-186.71629260078404,PZ,-0.15802856246274277,-1.0210814054282495
-1.4465002443903254,NA,-187.6319357521397,PZ,-0.6057096795835114,-0.51083720962175
-1.4224544157141985,NA,-190.30404708358589,PZ,-0.3230567274923549,-0.8856743529156352
-1.7627838820145454,NA,-190.34995972202262,PZ,-0.26921302357619326,-0.3170142308364212
-1.674669249956937,NA,-187.707253474101,PZ,-0.6420701429420566,-0.5571538964180198
-1.4501271063377794,NA,-184.12843466922743,PZ,0.22247834504995498,-1.4379301696557703
-1.3056413647271976,NA,-184.72318673872886,PZ,-0.3660856157619995,-0.9860767968486909
-1.3807475021457034,NA,-191.73974698810235,PZ,-0.33697321602975877,-1.8518556698383835
-1.5617494500827978,NA,-192.17903428857596,PZ,0.5771832307564442,-2.000267007253698
-1.5456683398920739,NA,-187.08418844622062,PZ,-0.2839056143260673,-1.0042762032958743
-1.610292640345257,NA,-187.20271870581837,PZ,0.3002622750700534,-0.9645760118354549
-1.7256001509984906,NA,-194.27269052108048,PZ,-0.06407236685406295,-0.8752732963498332
-1.4264767125602111,NA,-184.12726724349017,PZ,-0.32282886547098794,-1.0673034307242037
-1.3922912863846155,NA,-187.1343647440366,PZ,-1.0661574961203018,-0.6354509723672702
-1.5981827324453948,NA,-188.58304316445776,PZ,-0.17120042390276524,-1.1608300740647408
-1.406654654005664,NA,-184.2147207334206,PZ,-0.5994027170604816,-1.0326142972705614
-1.639238368648423,NA,-188.45849075602993,PZ,0.2890514321614318,-1.130461848602159
-1.3457879481068264,NA,-186.58786423165975,PZ,0.2890522513964326,-1.4508866392637596
-1.311232652061808,NA,-189.27889565643721,PZ,-0.5751162435101809,-0.7081441669886596
-1.5703015592254297,NA,-185.69648365859993,PZ,0.09376596258430722,-0.8719660979791508
-1.6012555165172533,NA,-189.5564035524395,PZ,-0.671995853068428,-0.9143760511645556
-1.511343601328242,NA,-187.46875769200466,PZ,-0.19167436970347485,-1.2167853628900742
-1.289269450311789,NA,-187.58586816500895,PZ,0.243078877610237,-1.391449281373482
-1.495663570609338,NA,-185.60810538900793,PZ,-0.13335284624062255,-0.8305624012706737
-1.7250863775270828,NA,-187.14156646602225,PZ,0.06022805259565444,-0.7201877192790271
-1.2592335310415383,NA,-189.0418523749433,PZ,-0.11021865509345566,-1.2251891834917559
-1.260164941931077,NA,-189.69512081115408,PZ,-0.6124618358018675,-0.9661742715386709
-1.7567718800923209,NA,-186.47021623180095,PZ,0.3414497062657291,-0.9993900972813164
-1.3627628009998476,NA,-184.80617668875823,PZ,-0.19861587768067007,-1.527272208645998
-1.385363640932789,NA,-187.79226278820087,PZ,-0.28999684128996644,-0.6136773277420542
-1.4431346880852127,NA,-191.62975494594963,PZ,-0.637000923622594,-0.14016647022653636
-1.5440548941279453,NA,-192.58830835510037,PZ,-0.07908805265335848,-1.1882004832143018
-1.2960943244822691,NA,-188.66890069934573,PZ,-0.4048089877993478,-1.4489949667697422
-1.5810543364421317,NA,-185.1687633422795,PZ,0.231132781395334,-1.2024669428367123
-1.4802595836953225,NA,-188.16270782442817,PZ,0.013567212947619756,-0.7744944670473838
-1.469963270917477,NA,-184.41475057891967,PZ,-0.8783239003816444,-0.8599639187118486
-1.326757769648766,NA,-183.9744818395638,PZ,-0.38065423796216113,-1.0884632657751108
-1.3820083150132922,NA,-183.60704704907428,PZ,0.07289477324522148,-0.9127609426254604
-1.416211426992646,NA,-188.6515488566286,PZ,-0.18967878136684585,-1.006722327420396
-1.4671222554652248,NA,-189.55236842152422,PZ,0.07212121677859379,-0.7045252793510399
-1.464547498815787,NA,-190.36215648441427,PZ,-0.2751836272846936,-0.9119897207234205
-1.7964457096379272,NA,-188.6905090739815,PZ,0.47419078879067034,-0.6288860941375365
-1.9450845476185585,NA,-187.79349192057916,PZ,-0.4637493738385565,-0.6269384734985849
-1.4343106856400356,NA,-183.85666173854167,PZ,-0.2616798724256723,-0.9465793437874495
-1.3417235723935617,NA,-185.88696705268404,PZ,-0.4690287714274298,-0.7977670222154778
-1.4276271015623052,NA,-187.07415607639894,PZ,-0.039317349391069956,-0.8935833063333316
-1.233565906240704,NA,-187.3533586341757,PZ,-0.2343225613771318,-0.952659051230336
-1.6965574189474728,NA,-188.96515177385135,PZ,0.05790931958875832,-0.8433809534878929
-1.1334846081946797,NA,-188.31406697670863,PZ,-0.7087383184439081,-1.1101165632575367
-1.5352083924725841,NA,-189.48724178452116,PZ,-0.12375426740503997,-0.4743858795507549
-1.5907988089392315,NA,-187.58397813069283,PZ,0.5417415077656675,-1.3976778238992404
-1.3524464808388788,NA,-187.27220958299094,PZ,-0.1561276412008608,-0.9192064508283058
-1.3874051254923885,NA,-187.5120514027048,PZ,-0.6536150147904649,-1.2390366037346958
-1.2617415752659333,NA,-187.4215871955398,PZ,0.19009396405354717,-1.26148678251473
-1.3288040061742181,NA,-187.53800105284998,PZ,-0.31980010437725703,-0.8875535726656831
-1.264566900279539,NA,-187.8171208848849,PZ,0.38965361876419224,-1.5180631885420324
-1.4967519130555202,NA,-183.78852636148412,PZ,0.2339723593426592,-0.8994749653807514
-1.3339102310628388,NA,-191.89796587193058,PZ,-0.7097247701861368,-1.2356402675328284
-1.4806446564122047,NA,-185.01415657620132,PZ,0.4586444189600929,-1.3389498400697586
-1.4514425436230378,NA,-185.2023498284771,PZ,-0.8381257435866564,-0.7643092093599684
-1.6894980253884901,NA,-186.2048462610792,PZ,-0.3742560651560585,-1.0421930177024916
-1.4528528086344703,NA,-185.84962326634306,PZ,0.30134249424105225,-1.4018435915060148
-1.4146664103012032,NA,-189.28882789546105,PZ,0.2529276920218455,-1.6850608773280276
-1.2994027502543433,NA,-187.61506386520043,PZ,-0.17575240905925749,-1.3359901928162854
-1.2577307112412273,NA,-186.26374410531045,PZ,0.02277117691092201,-1.0578298375826334
-1.3231252490825323,NA,-191.46707051820087,PZ,-0.8359860545335527,-0.8573145946840179
-1.5691990368841942,NA,-187.29190658255104,PZ,-0.7307742681290503,-0.9892688809326681
-1.4630099817833218,NA,-186.1141903003925,PZ,-0.9321080308233952,-0.5040453017873437
-1.6296025326961365,NA,-185.70708139147007,PZ,0.014584217718271592,-0.6858149082497726
-1.3626722389699262,NA,-188.52997799726307,PZ,-0.7366795974072238,-0.2978826325545443
-1.6228033198786442,NA,-184.94998731783485,PZ,0.03728022705887937,-1.2543045948454161
-1.389695798829025,NA,-184.1134806877647,PZ,-0.2087364274070454,-1.047522507984345
-1.6009031921550843,NA,-184.97532873965352,PZ,-0.40829085577392954,-1.0013343294418364
-1.6837734629624874,NA,-184.819226806062,PZ,-0.4488540259061122,-0.7687117674739663
-1.5842614316725487,NA,-185.78858110661693,PZ,-0.8900064772163592,-0.49896380888072733
-1.37664071718369,NA,-185.309030482884,PZ,-0.5305794632125206,-0.8152505873706871
-1.9873807474535525,NA,-189.20144984373184,PZ,-0.4963638533274908,-0.6392466700691736
-1.3907213772289337,NA,-184.39700791831336,PZ,-0.17029558920416432,-0.9435612997467332
-1.196376085751113,NA,-190.12707753305446,PZ,-0.993260414945538,-1.1480563152557313
-1.431312856634683,NA,-187.93776027764,PZ,-0.7990439982639952,-0.5657926178128021
-1.3141890467342727,NA,-184.13191021104032,PZ,-0.3191922995910474,-1.0834322923621602
-1.418280426043346,NA,-184.57211851111828,PZ,-0.01900558263171781,-1.118190377285844
-1.5703074630725602,NA,-185.61237954019634,PZ,-0.7579138873867045,-0.8020723217647149
-1.3066828959011139,NA,-189.10408706836188,PZ,-0.13692231010796194,-1.2441922566922108
-1.5289516155619298,NA,-184.54005695815053,PZ,-0.232825932097653,-0.6893755887696899
-1.5903172815323252,NA,-187.6325429643688,PZ,-0.43895230160108667,-0.4481785492155546
-1.2780252115472255,NA,-186.91571598791825,PZ,-0.8923250221234867,-0.9494502095028934
-1.9294699153841925,NA,-187.0629200385103,PZ,-0.13962769516539397,-0.39624330667815616
-1.8729593037932148,NA,-190.6520458873409,PZ,-0.7935929684162353,-0.8456204848774719
-1.7862374327304225,NA,-184.20511399707402,PZ,0.2041737379819279,-0.8781860750177989
-1.4423322430874463,NA,-185.43001796853395,PZ,0.018404824151624755,-1.2078721148179166
-1.4855573771007071,NA,-188.86067628161854,PZ,-0.8058749810410633,-0.44108553839117837
-1.5938321872881291,NA,-183.9091908292076,PZ,-0.3368232033571218,-0.8365960217654138
-1.3742205579351403,NA,-189.89559596106457,PZ,-0.4504239600041821,-0.8725596573329877
-1.3182285217683987,NA,-188.88811205058485,PZ,-0.6646739570462135,-0.4442126934706295
-1.3966979643707245,NA,-188.07799027407788,PZ,0.624420081476545,-1.3618001073586683
-1.7983872043815003,NA,-185.74943658858845,PZ,-0.2399513827997794,-0.6298178814452076
-1.7054819617276145,NA,-193.2399531982284,PZ,-0.03931008367330925,-0.8811477663402388
-1.3762074269349849,NA,-186.20549581898,PZ,0.529863340085471,-1.8112796821516608
-1.220545457317065,NA,-184.45801729591201,PZ,-0.423739079239191,-1.1044139143477691
-1.4161653536423853,NA,-185.00730553500557,PZ,-0.4582541633937811,-0.9290704291683564
-1.5255151822211928,NA,-184.4426504793536,PZ,-0.5028540165068242,-0.6848926273271537
-1.3076073809034425,NA,-186.00041560290774,PZ,-0.849532213689324,-1.051557670078691
-1.247052532065412,NA,-189.03218173064406,PZ,0.255833427948827,-1.347170858928579
-1.5410735067054282,NA,-185.03154083251695,PZ,-0.13499228735809993,-1.1999091069505932
-1.6823658504977346,NA,-183.37574488327922,PZ,-0.4992266712471028,-0.5106928650973265
-1.2597691387499528,NA,-190.26231719644449,PZ,-0.30589001540279787,-1.4769109361395796
-1.5126866647750632,NA,-184.7581742456168,PZ,0.0028258724761274223,-1.419759400675296
-1.5535840812192747,NA,-184.1097614621669,PZ,-0.21365114689970433,-0.7559057842955623
-1.4433478305043168,NA,-187.68879118301493,PZ,0.0637329134482297,-0.7238107764877603
-1.4007197722355755,NA,-184.3997921629277,PZ,-0.07719757139102418,-0.9239778496843192
-1.7884941250874808,NA,-184.80914176448948,PZ,-0.10959418496774528,-0.6018353459483049
-1.3910436181658914,NA,-185.24477258060176,PZ,-0.350357833976063,-0.7692428115569865
-1.6707923968309921,NA,-185.97183420595695,PZ,-0.512470002953063,-0.7070376205847638
-1.4468331333772968,NA,-185.94972011097988,PZ,-0.6174503733323782,-0.8836284726224922
-1.6655751856416714,NA,-186.69794833527214,PZ,-0.836430203461489,-0.6345037311764639
-1.5774907495787525,NA,-186.76581359238557,PZ,-0.3720235939198699,-0.7820935800401011
-1.1632773835876236,NA,-192.140483547206,PZ,-1.2853216751911238,-0.4956171059872365
-1.2851126668834671,NA,-186.09879420413753,PZ,0.07118667121399622,-1.3464321787225182
-1.4574727561255314,NA,-186.17516811217135,PZ,-0.6279647658933664,-0.648433953916209
-1.4886789772484992,NA,-194.12982401039605,PZ,0.22253263877791674,-1.5540346633839974
-1.2597661238304112,NA,-184.72848729269796,PZ,-0.19503335306275688,-0.7840039843782349
-1.4890562174749742,NA,-187.04210036352373,PZ,-0.47226955241894875,-1.0035148372301648
-1.6664717720469588,NA,-186.42860621246865,PZ,0.4168445037738864,-1.2739728148770917
-1.3940432271354608,NA,-186.886323507172,PZ,-0.001930290121801348,-1.005306348108517
-1.0460125231689974,NA,-191.07822525276634,PZ,0.30681182726517403,-1.8552224614694866
-1.563289897011684,NA,-190.95738468443056,PZ,0.27826220658876255,-0.8795020311933356
-1.6467092114301862,NA,-188.69171333687623,PZ,-0.18398907149190166,-0.651355258819722
-1.7447823230002555,NA,-188.97357367962707,PZ,-0.821023830190742,-0.7166335060643013
-1.4720226689015945,NA,-183.04114105726612,PZ,-0.15444526248406554,-1.1277160614557182
-1.4027439997002031,NA,-186.98075585281103,PZ,-0.707787635485915,-0.9790070393953181
-1.3573300645439565,NA,-184.94331649458618,PZ,-0.694520303265135,-0.8236680705717991
-1.438069746758554,NA,-185.20783128582096,PZ,0.10808246724723165,-1.347611544476668
-1.5371354821376029,NA,-189.31879019256723,PZ,0.07130822307789783,-0.876419968156885
-1.4697382805451351,NA,-187.90048187409494,PZ,-1.0557722074291573,-0.6456220992009438
-1.6863071181065041,NA,-187.63370856637454,PZ,0.18316738178242048,-0.8526396610799721
-1.5682863128880178,NA,-187.21193325646703,PZ,-0.4511011392168923,-0.8525048622174838
-1.6822790934201517,NA,-186.04437694570768,PZ,0.2536229431838502,-0.6979498845826603
-1.5031023593423465,NA,-187.34758719753947,PZ,-0.4642231406800421,-1.0102422180185537
-1.459663587081634,NA,-187.74580634231754,PZ,-0.4742260972107618,-0.6739821086070392
-1.386803515886359,NA,-186.863096931367,PZ,-0.7435564372955086,-1.0476685282535274
-1.5015121612203919,NA,-194.9234032400701,PZ,-1.1901666534304167,-0.4127394024765175
-1.6739970397727764,NA,-185.76636882217989,PZ,-0.6329991437080812,-0.24464808954985617
-1.2409937006023752,NA,-191.21613712645927,PZ,-0.8902745976922125,-1.3277271929811576
-1.3166042251710224,NA,-186.74548302455733,PZ,-0.49593912041964144,-0.8632077685321676
-1.3712228440186895,NA,-186.22535012929723,PZ,-0.5174333880573825,-0.689462458911035
-1.8848845396159393,NA,-199.2282498598574,PZ,-0.22268030664640187,-1.4564377429275666
-1.2302575710467565,NA,-185.9746806365089,PZ,-0.8641787632772239,-0.8019377220584317
-1.5920171492634836,NA,-184.82252852603617,PZ,-0.6850903451134667,-0.5690817149238314
-1.1374815157007256,NA,-192.7760462187946,PZ,-0.5062153032061472,-1.1298505763726838
-1.4265570321660916,NA,-185.088229891966,PZ,-0.6739970728061189,-0.831531383872508
-1.1214730999875355,NA,-188.4967869715488,PZ,-0.2823232603503143,-0.7148708991078874
-1.5449718612474663,NA,-189.71365160198826,PZ,0.6549069319325769,-1.7370773839545952
-1.7060536811878535,NA,-187.38433058507567,PZ,-1.1179930648990428,-0.4145777582891744
-1.600961686194514,NA,-184.26581558133216,PZ,-0.17060664933108494,-0.6281532807123982
-1.6143627985855202,NA,-188.23014979058507,PZ,-0.2281247164726096,-1.242166258316774
-1.4091853108312096,NA,-192.3919003850254,PZ,0.6464907640854569,-1.9807842085124274
-1.6417509651349318,NA,-184.60662164950432,PZ,-0.477750031758147,-0.8724419927567362
-1.5080800552750193,NA,-190.2574717874077,PZ,-0.1403985610064497,-1.099117695079002
-1.5166401517060748,NA,-187.19752183644,PZ,-0.1590885308983515,-1.169193293163389
-1.3056837409536082,NA,-186.62453278980843,PZ,-0.19618416432146346,-0.8912481387606922
-1.4591599658557455,NA,-187.3421100455829,PZ,-1.1396246751790824,-0.6421291959777022
-1.6517350457923445,NA,-185.83449400717555,PZ,0.20306239051888023,-0.8065700220711296
-1.6950396612536651,NA,-183.53207099586876,PZ,-0.11598196237228743,-1.0405841257378223
-1.7321495909182756,NA,-191.08305374970791,PZ,0.6071176543535575,-0.9836404774620076
-1.44683546064596,NA,-185.84172076814016,PZ,0.5285477917985629,-1.2562342106810702
-1.6861837944705926,NA,-187.95409643824522,PZ,-0.0752164190947138,-0.4385098051234928
-1.7082767267452301,NA,-188.00710930927815,PZ,-0.29797677686231,-0.6187262866587655
-1.4427518439954874,NA,-187.33193426241334,PZ,0.23103049412499582,-1.7547553227876778
-1.7159959499495168,NA,-186.33258084409306,PZ,0.4742855338197583,-0.9670711503289735
-1.5695173533095352,NA,-188.37123155618005,PZ,0.418408981253108,-1.5606645888204724
-1.7243576862626195,NA,-185.7102561303938,PZ,-0.17038043144053572,-0.7478735400832462
-1.4115966051367634,NA,-185.5058000898349,PZ,-0.07269032543683401,-0.9122974068368864
-1.446733140774402,NA,-184.90513403696863,PZ,-0.6240955632620586,-0.7449736064558384
-1.514492453167631,NA,-186.79869660562994,PZ,-0.43576001297059913,-1.0420279577091467
-1.523435734311502,NA,-185.5814468867981,PZ,-0.2738420546760948,-0.8277502718574314
-1.5005833938680462,NA,-184.9355435551047,PZ,-0.5074657290208854,-1.1958332782067331
-1.503482188486142,NA,-185.23056227696966,PZ,-0.3428154184414624,-0.8567247349563468
-1.4239583522321544,NA,-185.37202346252687,PZ,-0.1880689940941745,-0.6618052930814694
-1.8202399535588465,NA,-188.11345244811753,PZ,-0.13402925583485245,-0.839901785170996
-1.6085807592795311,NA,-186.07630070726793,PZ,0.3040558722015493,-1.3046091620523812
-1.6238284904648965,NA,-191.2846110782218,PZ,-0.7357665291584363,-0.8527960766703108
-1.140827011231543,NA,-192.65639787637303,PZ,-0.22547327790397384,-1.6940592463667843
-1.7140607863371697,NA,-185.30377308415325,PZ,0.13527283907038612,-0.9740994622064
-1.6895103770157882,NA,-193.55785317319283,PZ,0.3887879869971697,-1.127663963761725
-1.2543017744097078,NA,-187.454267570678,PZ,-0.11690705940430796,-0.9629221638399911
-1.6123038198579247,NA,-184.57480566806348,PZ,-0.5883341328155075,-0.8368355019345488
-1.4716032380485249,NA,-184.1333323790241,PZ,-0.10042043238058068,-0.8420236465874754
-1.6214777636163478,NA,-186.67855971481816,PZ,-0.06206800456329642,-0.8365688713455962
-1.6657512873533964,NA,-185.33423119847708,PZ,0.22652036196535863,-1.247456608162834
-1.477159224951539,NA,-187.87689535154107,PZ,-0.07034040746051477,-1.1798703964142834
-1.6818652721233895,NA,-187.92535701081448,PZ,-0.3752956502750313,-0.6034772726876507
-1.4977588652492837,NA,-188.3250617784235,PZ,-0.32901618424391665,-0.5701317376609705
-1.6286226182768706,NA,-185.99544902863417,PZ,0.09981317348627294,-1.3776599119911364
-1.437411600078313,NA,-184.96208124524452,PZ,-0.5960514318258673,-0.8340748552976156
-1.5330457706430094,NA,-188.79044903976282,PZ,-0.37614022428016797,-0.8454617764216358
-1.3977377896270027,NA,-186.17583846493702,PZ,-0.21345588965245604,-0.8885313435175604
-1.2915043188946373,NA,-189.9201224998005,PZ,0.20497712033686924,-1.4973924292721517
-1.4500340004533252,NA,-188.0492126142561,PZ,0.07134583430286313,-1.428378377728861
-1.6334154636136171,NA,-186.4096197840796,PZ,0.04163742606714842,-0.7734007411286984
-1.572815909510009,NA,-185.44242095136985,PZ,0.5674547944516553,-1.3249744226473232
-1.5124227639231682,NA,-187.21725502289527,PZ,0.5568938204314737,-1.6128317963734269
-1.6812884226816522,NA,-187.40037810543413,PZ,-0.7205380113085746,-0.24664889487182695
-1.6653794050415485,NA,-184.76323046178914,PZ,-0.4508906926994643,-0.41665706206646635
-1.315951728602917,NA,-189.3396424306961,PZ,-0.7210517080424109,-0.7065155049273819
-1.7994308688493466,NA,-187.62826542783264,PZ,-0.7702338303967268,-0.3520190353035514
-1.3814097777257814,NA,-187.60176781833778,PZ,-1.2139595454689927,-0.15165650275774192
-1.6199620997653645,NA,-186.32803904998693,PZ,-0.06682118394594005,-0.8116569322574695
-1.7956245210966917,NA,-188.37998549057917,PZ,-0.10844689700435889,-1.1654906931590487
-1.5298434766318878,NA,-192.2807965686936,PZ,0.25940873934368486,-0.9527609457237928
-1.362198377641711,NA,-187.0694631313312,PZ,-0.2008636693886374,-0.755458675122574
-1.6959974078889004,NA,-186.63019412197266,PZ,0.32576115796593436,-1.4625363129744988
-1.3266026870622252,NA,-186.5545965276321,PZ,-0.40723084346395383,-0.6654449716967884
-1.4923537372704474,NA,-191.3986125326624,PZ,-0.6591348446253389,-0.5147758488769629
-1.6599932514031446,NA,-188.0024054204069,PZ,0.2047912261955256,-0.8676600802734175
-1.3896006750982848,NA,-192.5505446099159,PZ,0.48162705984215115,-1.2707755325061747
-1.6340432398565001,NA,-188.5725720634472,PZ,-0.29511842346840816,-0.5423183321320658
-1.6078402476148264,NA,-184.81207700395117,PZ,-0.7396682865701145,-0.7828263453165335
-1.3695188009209336,NA,-184.90663558942046,PZ,-0.23659853729590308,-0.943335407866178
-1.5738479811171864,NA,-189.219387986728,PZ,-0.07557561677499386,-1.2594660665242443
-1.4849480870967884,NA,-185.97278088187258,PZ,-0.16483189576843701,-0.9491723848382072
-1.5115899653976486,NA,-189.7212361416654,PZ,0.5709237066566424,-1.7626719152964911
-1.2534195826460364,NA,-187.18781468651375,PZ,-0.03767130549717636,-1.0686446575927577
-1.4175049877290267,NA,-186.08605818255063,PZ,-0.2986269797783814,-1.2652397066123944
-1.6168200613008206,NA,-187.89323350998504,PZ,-0.8680437166173858,-0.7440758846497699
-1.5425824525893457,NA,-189.15994133944142,PZ,0.5228973891997635,-1.2908045403947186
-1.7198560693488067,NA,-186.08722988415593,PZ,-0.30137431924071545,-0.9043309492032039
-1.5764173853033843,NA,-186.71104698406347,PZ,0.5268153223905878,-1.3072902453957975
-1.5167985220511633,NA,-187.05985790995157,PZ,-0.42540788517461814,-1.1930061634723397
-1.5036755493637508,NA,-186.1495972287605,PZ,0.12256125333970935,-0.7791924695697314
-1.563081579424687,NA,-189.86916652116713,PZ,0.47403266312774683,-0.9312222888998438
-1.3742107511473434,NA,-187.2241051746572,PZ,-1.1433689107233063,-0.6685959699037446
-1.6410991184807282,NA,-185.54437506475014,PZ,0.28203987190602475,-0.8562807133604038
-1.4353941612739367,NA,-186.29221350175945,PZ,-0.030829294074547375,-1.3086344881219922
-1.593421245969438,NA,-187.4146821152025,PZ,-0.28203600238964777,-0.44920280708426974
-1.665112883891879,NA,-186.16304397198599,PZ,-0.18034743332650766,-0.4896653296539454
-1.3540502506621686,NA,-183.80869161706755,PZ,-0.004795505221202909,-1.2361692187302415
-1.513801920723566,NA,-185.52189215516603,PZ,-0.3041886765158455,-0.9729457397997405
-1.2106278883710409,NA,-187.42685156272674,PZ,-0.6162344658272703,-0.8162042504501617
-1.345174404532056,NA,-187.74760346114115,PZ,-0.32227100606831444,-1.2393909279669213
-1.3237928966105632,NA,-185.52090039388287,PZ,0.24733025824756266,-1.4167819971963882
-1.3246038310056096,NA,-186.5774653183494,PZ,-0.8378113789789698,-0.8423163420708363
-1.5925163699468086,NA,-186.26268163323184,PZ,-0.52534260608706,-0.6260420654627326
-1.3904257990167632,NA,-185.49651854507542,PZ,-1.0273337463808625,-0.7591273753287862
-1.4182928925716962,NA,-185.84874146717914,PZ,-0.17685568399058127,-0.6817660245686541
-1.647860984329855,NA,-183.76923284140247,PZ,-0.13324542195031286,-0.7884262306872539
-1.47515024852057,NA,-186.45282031950143,PZ,-0.4568244902973605,-0.9204311115549441
-1.591132342095317,NA,-183.48166603445557,PZ,-0.3108204234752046,-0.9024028226315521
-1.3864626697678673,NA,-195.91528569350638,PZ,-0.26827188143489833,-0.44890421374066
-1.3910816677162365,NA,-187.7704844807874,PZ,-0.036715007109826836,-1.1102697221215818
-1.5069149966416133,NA,-185.74609828089,PZ,-0.39088662317693335,-0.6463157003976413
-1.5915275074515818,NA,-185.42527526014905,PZ,-0.5163191689304403,-0.8246459435807316
-1.6974756780604456,NA,-188.41976825443638,PZ,-0.05127427117268757,-0.6599160317935022
-1.6337368632217748,NA,-188.26135339679277,PZ,-0.09375272422752191,-0.5918114612350833
-1.8015288985751652,NA,-192.12895863654853,PZ,-0.37999717496767693,-0.3471868318521005
-1.630532484278467,NA,-187.76455808875252,PZ,-0.5111576365462333,-0.5669192799358156
-1.6382846077666529,NA,-190.98956990791203,PZ,-0.8630130854788876,-0.7388694132957538
-1.775516528304905,NA,-194.71956833969685,PZ,-0.1375204312945322,-1.2178954940119084
-1.6472730313992727,NA,-185.3611116155857,PZ,-0.46111609141616006,-1.0602440603271108
-1.3264675871277085,NA,-185.1960059164733,PZ,-0.37095780374318055,-1.0668590148847041
-1.5399953954027583,NA,-191.0525722576727,PZ,0.01191612211862289,-0.6880965380738929
-1.4956635962578464,NA,-187.94915956749847,PZ,-0.37716002656291064,-1.035816163908637
-1.7428887029122526,NA,-186.67326383545185,PZ,-0.38762119125966094,-0.8177725675507983
-1.4141101971469194,NA,-184.99258306689586,PZ,-0.4065734927282894,-0.7721794683546154
-1.257877839079947,NA,-183.67981438608243,PZ,-0.2716062736240744,-1.0276494895708894
-1.493299787405209,NA,-188.4214975227887,PZ,-0.7135899488275718,-0.982899093920423
-1.7954781809639937,NA,-185.76217249402228,PZ,0.4708760493713313,-0.9257098992917985
-1.6068606880660121,NA,-186.4024228968744,PZ,-0.5158081385080341,-0.4943769990985835
-1.364624744740543,NA,-186.92467715294632,PZ,-0.6659213631492353,-0.9249530969938473
-1.7478072249233847,NA,-185.8933333946236,PZ,-0.44908385295863157,-0.5559967508868747
-1.4618728233341511,NA,-186.88192781395892,PZ,-0.27832031717576733,-1.0352307135377468
-1.5514002007859033,NA,-183.12069100119672,PZ,-0.4976156849275252,-0.8609409743255336
-1.6110284845128902,NA,-187.51027811297857,PZ,-0.30061615198822905,-0.4469328664790241
-1.7836802068086866,NA,-189.64180135994076,PZ,-1.2078877580419969,-0.5643416868077304
-1.707034200570783,NA,-185.0185754522935,PZ,-0.37985537734634955,-0.4428218301202905
-1.5610347137310778,NA,-185.86456773971395,PZ,-0.5840561998814812,-0.5335714568389399
-1.501392638724782,NA,-187.97844637964616,PZ,0.25332329894130007,-1.4067240547151547
-1.6288426818788337,NA,-184.0382369748891,PZ,-0.862653503128368,-0.5885910861106278
-1.2148997181637482,NA,-185.82881820206455,PZ,-0.2047195424428147,-1.1010214025227114
-0.9419474366938226,NA,-191.0881065008891,PZ,-0.2668419839827756,-1.5414226510073428
-1.3603426616589889,NA,-188.09713364459668,PZ,-1.2179567375538118,-0.5694144160067081
-1.587601745461328,NA,-185.36578075228843,PZ,-0.2179738237285972,-1.0254341688238497
-1.453212382406162,NA,-187.0274777993588,PZ,0.010989922357397167,-0.9040196798917055
-1.49653501271019,NA,-190.15332846583115,PZ,-0.29022931808973396,-1.0371013691639255
-1.5096368615738007,NA,-185.05392941000355,PZ,0.05776345612185839,-0.860808061655886
-1.5030815427130155,NA,-185.92390771826663,PZ,-0.6093387511103602,-0.9730147834844154
-1.2088437817211768,NA,-191.86491351803002,PZ,0.4501098252525804,-1.6346857349797785
-1.438440253704034,NA,-186.07448981444787,PZ,-0.48311787492333746,-0.844251610800472
-1.4012107378316572,NA,-187.61856795552,PZ,-0.9019829081787037,-0.796281180937959
-1.361065394535066,NA,-185.50644712699633,PZ,0.6652284091658321,-1.6816213652481191
-1.3346553514190675,NA,-191.1566606092747,PZ,0.13361913773962064,-1.4077137775564772
-1.4379203086195065,NA,-190.82453375429893,PZ,-0.4809663937904197,-1.0342230641487173
-1.354806357348829,NA,-186.48083932340498,PZ,-0.03258231617843793,-0.8765444299434941
-1.6394214821499598,NA,-184.37156557380374,PZ,-0.5895560055065903,-0.5627659618838405
-1.2270698191789442,NA,-190.65746084527427,PZ,-0.11961766500117585,-1.040635286154336
-1.6197718788124726,NA,-187.0824106128901,PZ,-0.8374543016012741,-0.811543925291792
-1.5914079048754755,NA,-186.47755252430267,PZ,-0.20871787814827011,-0.5540456071215872
-1.5375476326355901,NA,-188.75786118573657,PZ,0.10196622259317824,-1.222378616477729
-1.4434494503252038,NA,-190.68583334232247,PZ,-0.5434387282735754,-1.1045225872473017
-1.4514498740028414,NA,-186.8497558646858,PZ,-0.017999282238807757,-0.9958644643800465
-1.7940037067218448,NA,-188.27330373404664,PZ,-0.37099702046106153,-0.6377662009484757
-1.895779003319134,NA,-187.33007136624173,PZ,0.01614090363452131,-0.7493391728610045
-1.3469443911997725,NA,-185.32659380766853,PZ,-0.4935084234341357,-0.9114432176442241
-1.8139010260095934,NA,-192.35401761103068,PZ,0.1882145523213545,-0.579265819337555
-1.7066007263720646,NA,-189.77143890949515,PZ,0.17127590214303925,-0.9952188869720444
-1.2797784895528104,NA,-185.18368059657902,PZ,0.29459907793222473,-1.353519639603884
-1.4036149326829492,NA,-184.81942037273922,PZ,-0.367038440724221,-0.9826256202971777
-1.434063361525175,NA,-186.04472612766787,PZ,0.15622876954264509,-1.4565737318951166
-1.4322754269464189,NA,-184.46648687139054,PZ,-0.7564515593071043,-0.8196634788319676
-1.442795018813836,NA,-187.78142172958061,PZ,0.3435235738294277,-1.1892621768823228
-1.5427853091776529,NA,-184.61075369049465,PZ,0.36088846302520283,-0.9221603489141865
-1.478512585690697,NA,-185.27773813810023,PZ,-0.6467124061764347,-0.9880370087508117
-1.3231085759675272,NA,-185.87218417870133,PZ,-0.6913717915953344,-0.8623656537355973
-1.7544361978396013,NA,-187.7620264458215,PZ,-0.5042040736609696,-0.7336289603748815
-1.535501292733982,NA,-191.34118617053403,PZ,-0.5605758850930729,-0.7459924533846594
-1.4123089835180465,NA,-185.08826656777165,PZ,0.19983743815379643,-1.4641188579496394
-1.5060243436165432,NA,-184.233706504058,PZ,-0.07742942745176828,-1.092724914872172
-1.5487162837309965,NA,-192.95576512238594,PZ,-0.15094952644107312,-0.9187380022913203
-1.6365311555594935,NA,-187.19146513218294,PZ,-0.8513235239906531,-0.19261934973908418
-1.325646154169868,NA,-186.1780697600532,PZ,-0.9551400922053849,-0.8892683342412109
-1.8616768460300879,NA,-189.4528764433182,PZ,0.1770757645807684,-0.9997267773066915
-1.1442710768379587,NA,-187.9222006980665,PZ,-0.759712373768117,-0.8485187264941214
-1.5936940072280699,NA,-191.66274359538247,PZ,-0.16571557214078453,-1.1114967210627231
-1.543836616669442,NA,-183.72392203984725,PZ,-0.7869781976813401,-0.4741879175121444
-1.5482828066374488,NA,-186.00414689209117,PZ,-0.9054415885973914,-0.6329821513332345
-1.587475938607862,NA,-185.16052558218837,PZ,-0.5951540591877675,-0.7610668667090571
-1.5436210734139328,NA,-188.741380441306,PZ,-0.022308442306960163,-0.4589992365024229
-1.5623596108401563,NA,-187.06986987573498,PZ,-0.5467873449257616,-0.8765514235018349
-1.327733879294898,NA,-189.21179967173768,PZ,-0.8318196486873494,-1.0449735511271518
-1.3763195777642918,NA,-186.1258055225796,PZ,-0.451667827582995,-0.504351798496885
-1.6661021688056907,NA,-184.3622546729162,PZ,-0.2934906312831817,-0.6455631720021104
-1.4576714797428942,NA,-185.8855670376427,PZ,0.05987106640739798,-0.8803591842339329
-1.4207780993320203,NA,-183.7095683640967,PZ,0.2880402174712562,-1.3688252493329471
-1.6326204152425008,NA,-189.03059897307318,PZ,-0.39754823520318905,-0.4433911296345218
-1.5782630108100737,NA,-188.8410157677866,PZ,-0.7372214728614499,-0.25702821449855523
-1.655411592598232,NA,-189.87220751638486,PZ,0.2820061340970814,-1.101682125074443
-1.415609665411269,NA,-191.09748025994818,PZ,0.17169714663864513,-1.874461647957776
-1.4556126340703623,NA,-193.51896712588675,PZ,-1.054772997487967,-0.8553926977511181
-1.295994999603954,NA,-188.53939606495476,PZ,-0.15131133184745554,-1.3442376510273868
-1.3192548369308794,NA,-186.24433176791487,PZ,-0.3778710624374393,-0.6751657150333629
-1.3925147276069503,NA,-185.16563229187545,PZ,-0.5097241498723535,-0.5669097671780439
-1.4428467164311374,NA,-192.04478377716927,PZ,-0.29676752014857916,-1.113862105989728
-1.6019361042596791,NA,-191.48370336488708,PZ,-0.28574665655829107,-0.9065611488341508
-1.6046421314217503,NA,-186.39137167373974,PZ,0.04058859051717051,-0.5606649657863922
-1.725504149228688,NA,-188.9460390777977,PZ,0.07012427941683197,-0.7352437704615432
-1.7482472398082307,NA,-188.18685297286623,PZ,0.3019868899072065,-0.8935240685398631
-1.2903821120808288,NA,-187.1620353199386,PZ,0.12503703360868695,-1.3632579457185758
-1.519555008494167,NA,-188.38871787181992,PZ,-0.08308571950313032,-0.8547350889250114
-1.6641232249470497,NA,-188.29453558213953,PZ,-0.5182874956588339,-0.9985615408418467
-1.3954949177723484,NA,-184.86722486503078,PZ,-0.3825233591237711,-0.9042386485631643
-1.6519425511831682,NA,-190.4010156461687,PZ,0.22651142711017969,-1.3408127102240197
-1.1933259303148032,NA,-186.80768182034177,PZ,-0.5129373523906324,-0.9473779152082645
-1.5991499366475772,NA,-184.26566592807626,PZ,-0.2585024579203382,-0.6822971027936008
-1.5153483132078338,NA,-186.72823980835952,PZ,-0.189102207740226,-0.84984629726457
-1.3850448408818703,NA,-186.74982248669968,PZ,0.13886611148073558,-0.941523715933915
-1.4780844727121025,NA,-183.8436469777946,PZ,0.30571961364501427,-1.1718676094132716
-1.6642980676074604,NA,-186.3149266270168,PZ,-1.1323660380500034,-0.41145293963535035
-1.3273165982201363,NA,-184.6925250725943,PZ,-0.8702719633471339,-0.6058599974574754
-1.5265166063331355,NA,-185.43035354335296,PZ,0.12524183241669176,-1.0299149191956238
-1.5136802791048807,NA,-188.04426537261645,PZ,-1.1710722839805647,-0.341376646461716
-1.5804926640377526,NA,-184.15742708375683,PZ,-0.24356479236276934,-0.9656719909461657
-1.6827322466209347,NA,-186.3438025126517,PZ,-0.18248333740011324,-0.4739858333522073
-1.504620492587455,NA,-185.3100577202303,PZ,-0.1542253977365356,-0.4876130831362889
-1.5486698637873335,NA,-195.08727192285463,PZ,0.5211631965912807,-0.7985014826281442
-1.5713536956515897,NA,-188.3235050636343,PZ,-0.04034929193228065,-1.4003945898641599
-1.4474351503621488,NA,-186.27748418547066,PZ,0.31218819082358007,-1.3944233608048164
-1.619589238409315,NA,-188.53750702959866,PZ,-1.1203668724291054,-0.6507886338345873
-1.6892307394982256,NA,-184.85928997834384,PZ,0.28557615425262267,-1.0059422806637588
-1.198098174746847,NA,-191.5086259338663,PZ,0.7236850612062633,-1.5648382454580556
-1.2430330956809381,NA,-189.20890316056594,PZ,-0.8576733452292172,-0.8918895583389279
-1.5284022109722806,NA,-188.52523875159727,PZ,-0.1712607130161344,-0.669613776787077
-1.1662268278623549,NA,-188.44543041897325,PZ,-0.37202883959485233,-1.3237925449451153
-1.4851588332416188,NA,-183.13819562042806,PZ,-0.11849685939219548,-1.0366776334718726
-1.6313476515933762,NA,-185.14194441645225,PZ,0.09005838291312765,-1.081301251506705
-1.1306241839410014,NA,-196.35876317606787,PZ,-0.43693510039552763,-1.0820861429208002
-1.0832807751756763,NA,-187.35247290759852,PZ,-0.05473993025870577,-1.4026080804914507
-1.585791313274377,NA,-189.94552123361666,PZ,0.5991338968109078,-1.4546374152921844
-1.1762934181079174,NA,-190.59891356603538,PZ,0.4177633394836491,-1.3815432717165843
-1.3214406395926253,NA,-187.9897151636554,PZ,-0.2878761764594048,-0.9269712999381912
-1.1980393335494854,NA,-191.62908957556138,PZ,-0.5230255674041427,-0.6292896041704934
-1.5893969487365813,NA,-192.3548224375071,PZ,0.1981374406191198,-0.6639506531112553
-1.6313830429856064,NA,-189.82194598552292,PZ,-0.35877602805684733,-0.7134366969226577
-1.622825854319882,NA,-188.32941711389637,PZ,-0.6429554155255829,-0.8308625645250438
-1.4427667643052189,NA,-183.77892247689596,PZ,-0.38851609641309265,-1.1047968911082684
-1.7442624916487193,NA,-184.46742578034562,PZ,-0.16936664365508924,-0.9251865106471391
-1.6099563191944872,NA,-184.30320245104465,PZ,-0.41485968111693405,-0.5898997774032732
-1.4162054027820747,NA,-185.7455702613019,PZ,-0.02118061083622263,-1.0719012993789898
-1.4654223251632197,NA,-185.9523587941877,PZ,-0.3984890987043608,-1.0255750448151981
-1.7965107720098379,NA,-187.34825403675654,PZ,0.002578542072277229,-1.0684640453927623
-1.4568840972968655,NA,-185.5450936588189,PZ,-0.5538201600265906,-0.9973771963545871
-1.657588238004658,NA,-188.73106417031553,PZ,0.21975135389014883,-0.8874478143436327
-1.6454318152112632,NA,-189.4792843512262,PZ,-1.3521228188899121,-0.41258304899114645
-1.4680537871876165,NA,-190.959095844048,PZ,-0.7740041714817962,-0.6435640050039136
-1.675152323342671,NA,-185.18793042166004,PZ,0.29552164372714235,-0.7578676531185149
-1.5126471644410133,NA,-190.94523265691103,PZ,-0.2603143105287135,-1.3325707963900382
-1.5008048832384233,NA,-186.3725344996224,PZ,-0.03001310384495323,-0.9948087181016545
-1.683190791152786,NA,-183.97821271753378,PZ,-0.32735211302508294,-0.5501575728476862
-1.2590290684182457,NA,-188.3769162826346,PZ,-0.15995026431698509,-1.2081250841664233
-1.4611494701540813,NA,-188.88329411219212,PZ,-0.24756426360362,-1.042692381899014
-1.6246368907637285,NA,-186.66637301246473,PZ,-0.08470614185831873,-1.1453344822524367
-2.0688659374871583,NA,-190.56876108788606,PZ,0.03151236488156234,-0.44476061801271355
-1.4896553929726977,NA,-186.70705825845891,PZ,-0.7454471805929366,-0.767021116053927
-1.464739452187262,NA,-186.89449364658034,PZ,-0.9511315797639053,-0.6920901481016941
-1.6908660351448093,NA,-185.8349327056109,PZ,0.30524906207877944,-0.9464475197680845
-1.4919648172634827,NA,-184.2887844673913,PZ,-0.0786055177926388,-0.8884242565131747
-1.3978670411218903,NA,-186.7405330471125,PZ,-0.2812826873952599,-1.257339288786091
-1.609868452474274,NA,-186.59587184263157,PZ,0.22516044577990812,-1.1703063855687124
-1.421786866654851,NA,-186.3734630828284,PZ,0.5884143947839813,-1.3962277379193844
-1.6104420299535296,NA,-186.93442071274666,PZ,-0.3508140148571909,-0.9786510647825437
-1.3027349591559612,NA,-186.0682699567456,PZ,-0.48067592260293657,-0.7903681559764877
-1.34011941542905,NA,-191.80412548260333,PZ,-0.6497619380193591,-1.4515561068051546
-1.5093113445170858,NA,-186.48061751912752,PZ,0.3701701600975639,-1.4019131657299062
-1.3989863493136425,NA,-190.20358464282214,PZ,0.41159848129094934,-1.4873111669256587
-1.3594257408176484,NA,-186.88269958970972,PZ,-0.37000196464648694,-1.136218406946937
-1.3190446396103153,NA,-187.79846963434073,PZ,-0.6670241842262148,-1.3598720650695058
-1.411383013250455,NA,-186.30412264694502,PZ,-0.4411934473794856,-1.1542325109899974
-1.8243605034248074,NA,-187.0343987281295,PZ,-0.01073055733262554,-0.8967781862265474
-1.6636468869874947,NA,-192.05738812954922,PZ,-0.012546773859531735,-0.9519704417597625
-1.5181547052929902,NA,-187.43916191559404,PZ,0.5882668310536139,-1.4629362100073482
-1.374688858323851,NA,-186.86151743137947,PZ,-0.4191393519518917,-0.9428582077281623
-1.1575762104475176,NA,-194.78088075401647,PZ,-0.41069500819081217,-1.073871629114367
-1.6151380457303697,NA,-186.17604845767937,PZ,0.2634736273724382,-1.0255940996285995
-1.5800446826844796,NA,-184.24550117689407,PZ,-0.3307567444760299,-0.7904507864019006
-1.4931771831728,NA,-186.66567119287754,PZ,-0.7433735249835433,-0.6852293686572588
-1.7951711276480973,NA,-186.36356483583776,PZ,-0.04733202403606612,-0.4209977548542987
-1.318462817609564,NA,-189.23282979235924,PZ,-0.3393086011056305,-0.8390222495011024
-1.8115432175488564,NA,-186.0499026744967,PZ,-0.3932896836083529,-0.47027623754158443
-1.347170732840181,NA,-186.46520092369744,PZ,-0.33533483394142216,-1.039394795841263
-1.4372367872928022,NA,-191.94747969166664,PZ,0.1833659006875623,-1.1045806646616194
-1.7234003651757748,NA,-187.60586582839667,PZ,-0.40607173500974136,-0.5816007281493378
-1.5819825820120377,NA,-189.55259076550308,PZ,0.23906900708577378,-1.1950353160245202
-1.7217043827185194,NA,-188.4514028246939,PZ,0.7748480532994055,-1.154085832607099
-1.6008200360721483,NA,-184.92112984991277,PZ,-0.21029678226098583,-0.8460522142579951
-1.7900751238023447,NA,-185.12806728472967,PZ,-0.30135146505381405,-0.5203266992286559
-1.4644554469030941,NA,-185.56821684693898,PZ,-0.40283905433435385,-0.7894537141090606
-1.4638607498985323,NA,-190.69733300169563,PZ,-0.15159651283674352,-1.1475161629620962
-1.6700064199918583,NA,-186.82647378135056,PZ,-0.3920899087063576,-0.6550503771989298
-1.2489336886549016,NA,-187.9998384221911,PZ,-0.4186757855000605,-1.111863345628071
-1.7989013772026894,NA,-189.28376814938628,PZ,-0.2217788432355835,-0.8214996719932103
-1.4737612495865011,NA,-188.7819849799812,PZ,-0.29923232664423827,-1.375511141949075
-1.4709524756154322,NA,-189.138900294575,PZ,-0.8347114966300196,-0.6598108417075842
-1.5331896009054227,NA,-190.96327993384452,PZ,-0.19774032519640372,-1.461914736288926
-1.284522759182993,NA,-186.99658274299202,PZ,-0.5723640988041228,-0.9147593469770097
-1.5749656022096634,NA,-184.4991912242526,PZ,-0.6055018336535335,-0.7111528314735684
-1.4035242204393639,NA,-187.0927914506653,PZ,-0.34573461639348746,-0.6107018533121626
-1.6452756110791664,NA,-187.92731282961634,PZ,0.22519795571870038,-1.0122612174554104
-1.660749590385206,NA,-187.16537883677455,PZ,0.2740244006526973,-1.181073767023705
-1.3760468990027659,NA,-186.93562595736017,PZ,-0.5754989936868221,-1.1444707231297746
-1.2487584402745604,NA,-191.9810533110417,PZ,0.08826354642845091,-0.7814179656360773
-1.516467381954228,NA,-184.23498670619946,PZ,-0.3977159697433246,-0.7561779523901712
-1.4779936635889515,NA,-189.75783324181967,PZ,-0.29518340732570175,-1.104211709973788
-1.4821946269224537,NA,-188.36774523074598,PZ,-0.7300987762079497,-0.4833532717018296
-1.1035809191335617,NA,-189.4460811721601,PZ,-0.6171811683316651,-1.0969748283387832
-1.4303667731918053,NA,-185.88696856704271,PZ,-0.5310265983953975,-0.9595900762187647
-1.4524417988775342,NA,-189.67064060899122,PZ,0.07764142733825895,-0.8433645125793872
-1.5702528600047394,NA,-186.21482286478835,PZ,-0.34475157515787214,-0.5656409085877849
-1.4675993446473004,NA,-191.8894857369119,PZ,-0.9616780585229763,-0.6769627343450448
-1.605409621092617,NA,-185.91265810032635,PZ,-0.1494614939366279,-0.7571292551569613
-1.1946020322696487,NA,-186.84759001478585,PZ,-0.18930143992733103,-1.1619068847393212
-1.3822823919135327,NA,-190.723586213679,PZ,-0.004903706429941701,-1.107945554917475
-1.3726527325424114,NA,-185.21791853399452,PZ,0.610168839185723,-1.3979078813276344
-1.4735394368560624,NA,-188.1228024829782,PZ,-1.0423701559942993,-0.36614686881173963
-1.4089111659559421,NA,-193.4413980692914,PZ,-1.2696405483845195,-0.2581384428453449
-1.467840416768728,NA,-187.13889155962394,PZ,-0.7701032044226853,-0.45269532184216155
-1.34580699520325,NA,-191.32657353694364,PZ,-1.3030823085305578,-0.6884426155388281
-1.3545082723329582,NA,-186.94903182818314,PZ,-0.09772837873040813,-1.25646775255029
-1.5193691894745491,NA,-184.3402834743271,PZ,-0.793653020560051,-0.7756994002703608
-1.2204372046576326,NA,-188.33776593828185,PZ,-0.3985171485820881,-1.1243072529010092
-1.6509084006249233,NA,-187.55125195632843,PZ,-0.6352039950833658,-0.6461094976993643
-1.4837604942310876,NA,-191.38899639125916,PZ,-0.15391485352326478,-1.018140788382275
-1.3744173700246423,NA,-185.30661643797393,PZ,-0.9023710372619964,-0.39123148215473164
-1.7320564226243111,NA,-186.098234573656,PZ,-0.5776261681942332,-0.6142922310442261
-1.8132243114153543,NA,-189.6612111350243,PZ,-0.7101499975997516,-2.7117516759161964e-4
-1.6272447264244074,NA,-187.70741343845447,PZ,-0.1462588845172146,-0.8174802008843839
-1.2796235033939174,NA,-190.5190023807987,PZ,-0.20003367852130227,-0.6727219626388738
-1.3878585335313485,NA,-185.42986659724934,PZ,-0.5894935737138914,-0.912937981996425
-1.3930935518778456,NA,-188.11095333927219,PZ,-0.39799238154050665,-0.6853837295016727
-1.4086634442768544,NA,-186.55745036501287,PZ,-0.8661963729676765,-0.4989204267520144
-1.419912431468146,NA,-186.29287030850395,PZ,0.014138613518265841,-1.2774958925166193
-1.6852395696858902,NA,-191.38706129212008,PZ,0.35674541083158773,-1.3100982718700453
-1.4789224627220217,NA,-187.94101757558175,PZ,0.6482515876835145,-1.1952207671172532
-1.5547854514218808,NA,-186.2071777297028,PZ,0.054297002850239834,-0.9944303394808478
-1.8402261938301228,NA,-192.27398095790588,PZ,-0.5057304206472596,-0.6869991267750082
-1.6084627181346245,NA,-188.00674337621513,PZ,0.30312459185182006,-1.2775423901959648
-1.662963224907011,NA,-185.67800656832588,PZ,0.4276551013535817,-1.43073453322556
-1.7079193879461685,NA,-184.86992282716906,PZ,0.1488946219034996,-0.6752023806799664
-1.6435244641779045,NA,-190.79651290911588,PZ,-0.6121094909525193,-0.21191905824548243
-1.3547968531795107,NA,-187.33194610567352,PZ,-1.1096988944942567,-0.3461783493375886
-1.5521404020774034,NA,-188.88848763518064,PZ,0.5075114445031332,-1.149754598179776
-1.311717112991199,NA,-192.33611316257844,PZ,0.9081209599367308,-1.6130949482647232
-1.4736391646853446,NA,-184.44368401819227,PZ,-0.48262332035612665,-0.7100812163800997
-1.3331177940584547,NA,-184.9839493523933,PZ,-0.6091796059452165,-0.5628300791061915
-1.4176643998044636,NA,-183.54974114412633,PZ,0.12825013342953362,-1.3200402392127768
-1.772692301848255,NA,-188.18487428599533,PZ,0.6098276503826017,-1.176905024381466
-1.3595062077416273,NA,-192.87304213874054,PZ,-0.4720545137796406,-1.1042347956714496
-1.711382907179748,NA,-186.73634950995157,PZ,0.39236851091303565,-1.1198944775787847
-1.5731192973776573,NA,-186.15760954985,PZ,-0.23738345664302984,-0.9665189967663963
-1.5149534633893038,NA,-187.82640673606753,PZ,-0.3131468472376644,-1.092738813600684
-1.5324759588928276,NA,-194.14341113931846,PZ,-1.0890842514856671,0.10737630251627088
-1.4111539979508827,NA,-184.675160786476,PZ,-0.22524907476370012,-0.9432301664132146
-1.353076170605271,NA,-183.7201965619232,PZ,-0.14434753500792086,-1.2275751716567647
-1.6251894505288293,NA,-195.30594763486332,PZ,1.0895324735144976,-1.570666746668072
-1.4862442972679148,NA,-184.88110131772663,PZ,-0.3147668287263295,-0.654007382370537
-1.4272837147668023,NA,-187.8601734581741,PZ,-1.0147659771641053,-0.5140798120691414
-1.724255717433663,NA,-185.82726025402192,PZ,-0.19577357374362928,-0.5863144232329197
-1.5257644502448646,NA,-186.4883642221681,PZ,-0.31810142632815647,-0.9369992087278267
-1.3948692858240639,NA,-189.9990503136756,PZ,0.49277810621546697,-1.6063478233144892
-1.819192056381744,NA,-187.14466755276547,PZ,-0.040413064337641996,-1.1094008597181968
-1.302743287503999,NA,-183.67223658370398,PZ,-0.1312416568053813,-1.3868951273222445
-1.4643195405586484,NA,-186.02552505766633,PZ,-0.7002996679487821,-1.0770997468312287
-1.5737016329840632,NA,-195.2455355046691,PZ,-0.349519169435338,-0.9655799770722078
-1.705892082515252,NA,-190.54779080947537,PZ,-0.29091132882357507,-0.6030962716737294
-1.829367933074478,NA,-186.89380792044392,PZ,0.31363363732378696,-0.8086890042251778
-1.5657566394938152,NA,-188.69840838843464,PZ,-0.48740998023193777,-0.9683827307367504
-1.1978424996285804,NA,-189.60403582737374,PZ,-0.444898096535744,-1.4196470664993162
-1.5493506150724803,NA,-188.6015788030933,PZ,-0.03823307113108112,-1.1062498705256292
-1.4279862058911668,NA,-183.47575766141395,PZ,-0.6846470190234613,-1.0101375379757593
-1.8892593995940588,NA,-187.655252973387,PZ,-0.1399468009297678,-0.5601486067678486
-1.6742783813414623,NA,-187.80526154622908,PZ,-0.021461079133135302,-0.5667685267490241
-1.2423248616566611,NA,-186.61666380455486,PZ,-0.5712146931180974,-0.8086128804527601
-1.6058207135332732,NA,-189.11354835998125,PZ,-0.41824167012130775,-0.477415380657525
-1.2295501723301228,NA,-186.6184883131171,PZ,0.20490148711269582,-1.2839862987072543
-1.6410188575986746,NA,-187.99866876393045,PZ,-0.2580977297281848,-0.4031845078609478
-1.6891175682638713,NA,-187.30916548217868,PZ,-0.3076602811900898,-0.5364507834395007
-1.4910199990678794,NA,-188.1831988756954,PZ,0.2655446646549841,-0.8465082200850862
-1.5216684160116338,NA,-189.03911274483647,PZ,-0.00449095129171382,-1.4305239449521099
-1.2994660847949597,NA,-184.11327796751763,PZ,-0.22662624561211303,-1.3866448203377675
-1.2679256087876702,NA,-188.67972647302082,PZ,-0.12256930255475082,-1.091672285186154
-1.4608367999350265,NA,-190.89460905006166,PZ,-0.6443089133345705,-0.3294672472423399
-1.3366421438891203,NA,-185.41086062488031,PZ,-0.6431388873777433,-0.9909294279747966
-1.483199004694133,NA,-183.60891870107434,PZ,0.2383948495624819,-1.1793140087542373
-1.307257526821463,NA,-186.1367880242558,PZ,-0.5849596797730352,-1.1006662546242478
-1.4870902467283569,NA,-184.30116185712185,PZ,-0.2000298138474396,-0.8196155363527379
-1.6364538278439287,NA,-184.51745897872556,PZ,0.33426731077124583,-1.0832847351007797
-1.7063372955963456,NA,-190.40260704015188,PZ,-0.1044977782640237,-1.3723022138634622
-1.4145942465459156,NA,-186.34659772653382,PZ,-0.33504943731562714,-1.0095090590963605
-1.6740467810430302,NA,-197.09643180419107,PZ,0.4252852819151608,-0.8593948053215548
-1.2746382089825936,NA,-189.0883677819348,PZ,-0.3330032208325484,-1.7062374164738197
-1.5189803187369992,NA,-184.51983844326693,PZ,-0.21734201101233652,-1.2473358578357236
-1.4097604754458746,NA,-189.6234343665179,PZ,-0.35671492368729124,-1.1547886752828282
-1.5501984041962875,NA,-186.67056514936596,PZ,-0.6010430201613307,-0.5740835166872829
-1.4617222776802257,NA,-188.3804340104685,PZ,-0.1274796001190216,-0.692958963275692
-1.5326384919875002,NA,-190.868594242946,PZ,-0.9218235729648376,-0.5487671376261983
-1.6675224179168244,NA,-191.4984931900179,PZ,-0.5374990700626516,-0.9238912055326652
-1.35902452293968,NA,-190.29745977967514,PZ,-1.1170469203639906,-0.775302966783979
-1.7071827122124508,NA,-188.81291886692776,PZ,0.22607974580760756,-1.108930274110477
-1.7551255597572601,NA,-188.74730684999952,PZ,0.037385675503251184,-1.1718150598363386
-1.7836250759701127,NA,-188.7949047739643,PZ,-0.48084725312125987,-0.3307852946922662
-1.6467598968359274,NA,-188.81870853656957,PZ,-0.6521602175622276,-0.49827556926259037
-1.4327413813799996,NA,-188.6529468429232,PZ,-1.085475907646447,-0.005432060101165093
-1.4766767319966352,NA,-192.6585464756639,PZ,0.049255153336545676,-0.8873467356086628
-1.24171539637061,NA,-190.52890361161496,PZ,-0.25058397715269504,-1.0536050720210315
-1.5599331080741095,NA,-186.39133936031314,PZ,-0.5126370199229163,-0.7086526209666878
-1.6256121126370624,NA,-184.0906435962669,PZ,-0.2072623708880898,-0.9082919686889707
-1.5720384477370246,NA,-185.90095833985293,PZ,0.047287782987708527,-1.082961284762646
-1.5347706916107884,NA,-187.1199704977971,PZ,-0.8295747882475449,-0.580819158969097
-1.3903644722126904,NA,-184.33008046186617,PZ,0.10548979955300411,-1.424143811533478
-1.3637840379056303,NA,-185.65003332520325,PZ,-0.8905098919955294,-0.9491045043235099
-1.4600050944901102,NA,-189.7116684624146,PZ,-0.15250151186543465,-1.0393470072759
-1.4829191624174194,NA,-185.5303110613332,PZ,-0.4261882563701482,-0.6762780713736748
-1.2674716306512375,NA,-184.89763323365713,PZ,-0.33909532573196016,-0.9703571384726205
-1.5738593915913086,NA,-187.73069991891708,PZ,-0.5839549513212916,-0.8483803239942873
-1.4961170878010488,NA,-189.8398199691162,PZ,-0.12216012259569697,-0.8194433324709061
-1.4257741593380504,NA,-186.10688643732396,PZ,0.32127649288141247,-1.626987865767053
-1.4116234017879266,NA,-187.3181176252691,PZ,-0.048962411997401256,-1.2777649155437263
-1.5607670558699838,NA,-184.66184061746586,PZ,0.18807143312878605,-0.8759106764015447
-1.6200508752873537,NA,-186.1688257160412,PZ,0.018735967248805552,-0.8233914672192029
-1.3706779111019471,NA,-184.46234507004405,PZ,-0.6328468252907027,-0.5615601986032197
-1.4362590461614095,NA,-188.07374744151753,PZ,-0.21763215546118564,-1.1857311582680485
-1.8351598393981252,NA,-190.84512834852097,PZ,-0.2848215850042486,-0.5934619030470116
-1.5222057677458498,NA,-187.27955328835216,PZ,-0.24617994022093698,-0.8140628702221124
-1.5778720672775282,NA,-187.6882492611288,PZ,-0.3301864187120791,-0.7127127353122851
-1.6097831753955738,NA,-186.71216270673415,PZ,0.008418471231095973,-1.0652079057089605
-1.9496491005558463,NA,-193.99073634216722,PZ,-0.3164453498070653,-0.9075219551997749
-1.481606715035488,NA,-185.03021503538088,PZ,-0.17393979160250295,-0.9546988706916775
-1.5865161927442937,NA,-193.9014824776002,PZ,-0.44693381684066624,-0.621792434500936
-1.3756781033589744,NA,-188.3461899709302,PZ,-1.2366963906306268,-0.7221475455687196
-1.5294170778028422,NA,-183.48451140665566,PZ,-0.2839934392837843,-1.0405881665270884
-1.1941099849265806,NA,-185.4357129829124,PZ,-0.2582863360478642,-1.1139910707978251
-1.3838753791475225,NA,-186.14969831414126,PZ,-0.037238517076308444,-1.227272683922879
-1.4201961390478368,NA,-186.1676320897546,PZ,-0.16813382872783045,-1.1082330315489586
-1.5659746759703717,NA,-185.38407978210208,PZ,-0.34625413861000387,-0.8479544107750433
-1.5450711929018317,NA,-188.656740891886,PZ,0.5535135290796354,-1.036163544936269
-1.5813121385139848,NA,-184.97459851936262,PZ,0.012637665426482689,-1.0416648061496656
-1.468757707271261,NA,-188.02632688382732,PZ,-0.30801687372962294,-1.215706430033303
-1.4840802179430224,NA,-183.94450564353716,PZ,-0.5216263313576248,-0.5448708849410435
-1.4449780671126433,NA,-186.79779415406898,PZ,-0.09623252380568027,-0.7599340313615321
-1.3551507193549537,NA,-186.33409755193492,PZ,-0.28570824922413396,-0.7773086201334788
-1.4759862405976956,NA,-185.89336137728563,PZ,-0.04770497520250859,-1.4630119561017703
-1.5258381632861486,NA,-189.52774995332697,PZ,-0.7299988850541856,-0.32049879999504205
-1.4511371083914628,NA,-188.19763225646628,PZ,-0.2640755764137177,-1.2008561179643815
-1.4459979169585002,NA,-186.53031324810726,PZ,-0.29854292910604185,-0.9318301237846358
-1.5017412141722473,NA,-188.0011352817731,PZ,0.26003259522619343,-1.1076091515102253
-1.5341445082450325,NA,-186.5033721293609,PZ,-0.8316550409570057,-0.6065076572365348
-1.4419493440778957,NA,-186.65581630767286,PZ,-0.9863757097060837,-0.4907973446915505
-1.6174352515326214,NA,-189.28138866499012,PZ,0.1406614475895044,-1.0311047346856392
-1.3877803121600547,NA,-184.52849049408968,PZ,-0.7420529920329569,-0.7233130408963855
-1.5686422043691128,NA,-192.63935406957228,PZ,0.19921505298118028,-0.5142885299713813
-1.4472958534646627,NA,-192.8361883185115,PZ,-0.43242262193026343,-1.170866882928482
-1.5070074158275644,NA,-186.33493550268227,PZ,-0.5509514162185526,-0.2046473855447815
-1.5757340830489162,NA,-186.46642839924675,PZ,-0.399408955244746,-0.78054774881747
-1.573687972431111,NA,-191.61812304936367,PZ,-0.8692658421717667,-0.0795536850074605
-1.4512764317936766,NA,-186.17696958357214,PZ,-0.3308687766477886,-1.1466048272260303
-1.3801313148107088,NA,-186.99947908439563,PZ,0.4724555451192926,-1.5559980618194313
-1.569480742558531,NA,-184.1716167138852,PZ,-0.2181060021174963,-0.8778624793992439
-1.4025797585839066,NA,-190.61082305224554,PZ,-0.4992697325186842,-0.8455593345819232
-1.2993986678899918,NA,-188.8868052267516,PZ,-0.1206736635770427,-1.3661679382043372
-1.6098382879718631,NA,-188.04910539317643,PZ,-0.839934514039995,-0.5796729992601818
-1.3962267106494277,NA,-193.6535166898583,PZ,-0.7024348994003857,-0.5591014739824465
-1.6738331800662112,NA,-189.5160331570591,PZ,-1.4942437954775516,-0.4918512944429419
-1.5785455451541168,NA,-183.13787728837346,PZ,-0.09332312751301397,-0.8904473610811555
-1.2667604020843228,NA,-185.8209081341784,PZ,-0.5895294643664202,-0.9929476424111604
-1.577068326844339,NA,-185.5045693696111,PZ,-0.2964578866256815,-0.8821639638555693
-1.384315935132619,NA,-187.90613741980056,PZ,-0.15642984365330062,-1.1228746116242523
-1.5078730724597635,NA,-189.6457648416198,PZ,0.07476754780945144,-0.5826090382393042
-1.6072741505102728,NA,-186.6454687006841,PZ,-0.13896532030381908,-1.012454677926891
-1.52791471051052,NA,-190.62693313468841,PZ,0.6111447522044282,-1.678130503140936
-1.811083517011911,NA,-189.91657295011765,PZ,0.021344488780346442,-0.8711140924727024
-1.5537414016111473,NA,-184.87092612198398,PZ,-0.3855221324470576,-1.3190205937132127
-1.5606569644747734,NA,-187.64396442205967,PZ,-0.43748334240337955,-1.0531432489135755
-1.6220718836428831,NA,-185.65393629921851,PZ,0.23041181304742014,-0.6734439412939827
-1.4150649807905757,NA,-186.31363358110067,PZ,-0.41600482682926854,-1.0933592505383067
-1.6104041673279235,NA,-185.83333269161102,PZ,-0.5065378469695435,-0.8688636172097208
-1.772389292012374,NA,-188.49755537937818,PZ,0.1790159741800366,-1.3450355758767252
-1.5806733209640615,NA,-184.34222495713857,PZ,-0.5791504849277955,-0.4740414884884404
-1.674899233635701,NA,-185.89336359941888,PZ,0.002732003403066764,-1.0326728637384228
-1.1988375539248401,NA,-184.9095153607089,PZ,-0.5223104835976341,-0.907732424688205
-1.4164770486096767,NA,-190.03894948552193,PZ,-0.4557662482510758,-1.1962240474377257
-1.4965273100996614,NA,-186.87747980446187,PZ,-0.3751649333506084,-1.1864356517666659
-1.4687026416659505,NA,-185.32830407409608,PZ,0.1504934520050101,-1.163842900294944
-1.6458745522780323,NA,-185.53640715412777,PZ,0.1882324686154927,-1.303160711999422
-1.3513831203673445,NA,-191.26243951975965,PZ,-0.9518621093179422,-1.0153128986831443
-1.6070816341680632,NA,-183.72076032879943,PZ,-0.35169970005624984,-0.9354339717233785
-1.9206888304184435,NA,-190.46394547280576,PZ,-0.6170537709957077,-0.04887154614340383
-1.419456539299499,NA,-188.51592481375766,PZ,-0.2524586092583722,-0.7570223488113089
-1.6059709103460547,NA,-190.8213660162345,PZ,-0.20049589815316263,-1.3006409689171767
-1.235563196003969,NA,-186.04696171709358,PZ,-0.6642965908270868,-1.047805709497988
-1.800406177549038,NA,-194.25084128644824,PZ,-0.2819399152933506,-0.2294276645117426
-1.3695964118962087,NA,-189.4408142892746,PZ,-0.41792816223832996,-1.2672324433481355
-1.5123324619222036,NA,-190.1694484285149,PZ,-0.46794179612966846,-0.5290624046370536
-1.4449711169122426,NA,-192.5639404509732,PZ,-0.716979997144637,-1.0208486406915471
-1.4164452891768105,NA,-185.52084886640802,PZ,-0.48425480823249717,-0.6514234483196127
-1.5146467805201902,NA,-185.10498011344208,PZ,-0.2231354587533817,-1.1650902919384163
2.3173226572459202,NA,-1919.752433063468,PC1,-0.5152868214935222,-0.6910086260548878
2.45368600120879,NA,-1923.848392865845,PC1,-0.7978482617401347,-0.6133543319576553
2.352464825973716,NA,-1918.638260748943,PC1,-0.7484586605886726,-0.5159194356345217
2.1998530381018226,NA,-1928.989282494043,PC1,-0.7649759741117543,-0.5658809452295164
2.252832904406626,NA,-1921.3883791338678,PC1,-0.8221927588759661,-0.3384334337487139
2.2928652997361714,NA,-1920.2745710088157,PC1,-0.6766554561498614,-0.47182056473861883
2.449730731176997,NA,-1923.2875534267412,PC1,-0.946898327112575,-0.5715702135196183
2.3212382187191802,NA,-1924.7233337193095,PC1,-1.0539025950981333,-0.41786424477241524
2.3230564681871124,NA,-1921.5093528419334,PC1,-0.7832932574364739,-0.5068023314470422
2.2946645175320213,NA,-1920.307916871367,PC1,-0.7243344161810568,-0.5580690921803872
2.428628889932954,NA,-1918.5655181650252,PC1,-0.7028662786040129,-0.6667716744641451
2.4691848468623636,NA,-1922.965006421295,PC1,-0.7266180453962083,-0.532254979352563
2.247453801451821,NA,-1924.3750855989097,PC1,-0.5338236736967473,-0.6555257862436197
2.3622801087096383,NA,-1919.0708827876047,PC1,-0.9204256834580815,-0.3671252933235346
2.343626680991999,NA,-1920.4402836414004,PC1,-0.6863334980142196,-0.6624534452983195
2.2905159482628967,NA,-1921.356397011221,PC1,-0.6369081981599573,-0.6033282069345701
2.5184863343175325,NA,-1921.1450027445533,PC1,-0.7689414596921438,-0.7019986335499464
2.4435660437384006,NA,-1919.901736263586,PC1,-0.7611326577301187,-0.6377521530727568
2.3974480505855342,NA,-1919.7197546378104,PC1,-0.7693044673207969,-0.6429838449209071
2.193153404611626,NA,-1919.6634632687435,PC1,-0.7422857827503075,-0.4315937406087592
2.446500220826436,NA,-1917.925791071107,PC1,-0.7275529354093375,-0.6593571074817507
2.443775512708342,NA,-1925.0825230594494,PC1,-1.0648276949867805,-0.3822438499604667
2.5411919810823584,NA,-1925.8270867104793,PC1,-0.7869338774004384,-0.6767216578528561
2.178295394835585,NA,-1921.5429503202733,PC1,-0.7876774931217354,-0.4748433582577387
2.2378657487117133,NA,-1920.8480413732134,PC1,-0.5433194279267223,-0.6505369200020393
2.3823733047464524,NA,-1924.1310883652088,PC1,-0.6017110804720632,-0.6774580960946726
2.4659793660744094,NA,-1921.442835567542,PC1,-0.7801151492586368,-0.6516108566471621
2.4167840309723374,NA,-1924.1931182598296,PC1,-0.8260656136496641,-0.5394733104628863
2.3074751878259936,NA,-1919.8704553901048,PC1,-0.6191274046328031,-0.597868695814818
2.3357010358225367,NA,-1919.9770904551572,PC1,-0.7201610830770788,-0.61636253127306
2.1685294995256137,NA,-1922.171007788185,PC1,-0.6998432057870234,-0.4310132123225878
2.2008538256479158,NA,-1918.873127958634,PC1,-0.6312040842140016,-0.4695265288749961
2.258085998808117,NA,-1921.199199889973,PC1,-0.8438538777510214,-0.4641713606304538
2.4802375956258302,NA,-1922.829340195499,PC1,-0.8795790099325569,-0.5844331932559454
2.41302713102847,NA,-1917.3475715713676,PC1,-0.7699182122045274,-0.5638263633784152
2.1590628129450535,NA,-1923.1477967275148,PC1,-0.7177424279684486,-0.3635300546993846
2.439986169945503,NA,-1919.2754362824205,PC1,-0.7380507696974132,-0.5844635890281752
2.1771984736569228,NA,-1918.8252240789982,PC1,-0.7204318407322672,-0.45004793025043743
2.3322698965665927,NA,-1918.7139550691227,PC1,-0.6868016660074835,-0.5910016924206072
2.3101132399478312,NA,-1923.232391295056,PC1,-0.7781669357246424,-0.4096660722858457
2.458906585756604,NA,-1920.3026235226384,PC1,-0.7361827090245148,-0.6902461891464
2.3221787950412534,NA,-1922.1621569935764,PC1,-0.6019500485081036,-0.66167146739222
2.371330966141705,NA,-1923.0130502315799,PC1,-0.9993753764043213,-0.5201330575071056
2.3092397590258886,NA,-1921.933959159506,PC1,-0.7475710922362248,-0.6149996517491456
2.2022730989967325,NA,-1929.0734725157017,PC1,-0.6182668634928309,-0.5072914791862307
2.4690377086762845,NA,-1924.4589208437694,PC1,-0.5995479589594359,-0.8185774987768631
2.2030749882225247,NA,-1920.7184567621507,PC1,-0.8641950051411125,-0.33366643174805705
2.2901475256047594,NA,-1925.51791846375,PC1,-0.6583179956261633,-0.632653584057426
2.3222774453038717,NA,-1924.6506441142644,PC1,-0.8318134598183998,-0.4659406218719215
2.357236537586319,NA,-1922.6873294144416,PC1,-0.8595238062470397,-0.44841203102698873
2.463198530363034,NA,-1920.124934740809,PC1,-0.8477282874553981,-0.6378192201139937
2.5279271521055104,NA,-1924.7291789958906,PC1,-0.8551541935690772,-0.7063352400901541
2.387423079221599,NA,-1921.5658736814926,PC1,-0.7425303326145679,-0.6455730414141231
2.416820508335176,NA,-1920.5410237121882,PC1,-0.9796076127778112,-0.4547128167816458
2.38480687825137,NA,-1920.3228130297596,PC1,-0.8869057966987721,-0.42403721917924286
2.3123921306028614,NA,-1919.6479434673395,PC1,-0.6993714448223446,-0.4868666577878302
2.260797742839126,NA,-1918.5924782786108,PC1,-0.790454297322234,-0.3660329468782936
2.414271965468957,NA,-1921.1013977385182,PC1,-0.7304501524446632,-0.5626726597598414
2.2991690029282403,NA,-1917.6214715335543,PC1,-0.7972504506558411,-0.4152474314263879
2.2611110593885098,NA,-1917.6393191038069,PC1,-0.632364656709403,-0.5665368936654394
2.493727833360949,NA,-1919.417426749551,PC1,-0.8649316910534939,-0.5815241520156045
2.258513323194459,NA,-1919.2760402798956,PC1,-0.6896955745282006,-0.5074871478030538
2.188968413470985,NA,-1920.390218100482,PC1,-0.7595783408947872,-0.3938434329097213
2.4838872683009723,NA,-1921.2061465481222,PC1,-0.8472949072908302,-0.5965342485869777
2.319617250367386,NA,-1919.2910607241386,PC1,-0.8733133720794085,-0.4668271932215585
2.393360042207082,NA,-1920.2706519029289,PC1,-0.7486556708280327,-0.6188117594950444
2.5423259186454867,NA,-1930.517079706908,PC1,-0.6673470724214788,-0.8437907377897454
2.4508627149899396,NA,-1922.6686561066065,PC1,-0.769060086522745,-0.5330734167746487
2.4219117099192293,NA,-1917.3243590954507,PC1,-0.7409326693036979,-0.6521420439266324
2.365698554759402,NA,-1916.5435279150597,PC1,-0.7592271759592536,-0.5872608744775806
2.481578255804887,NA,-1922.9822973705923,PC1,-0.660998194905863,-0.6425061957358416
2.5702958754744656,NA,-1921.5883892300217,PC1,-0.7712991162361525,-0.6289772308205207
2.2632137033237916,NA,-1918.877014310542,PC1,-0.7375013598025351,-0.4911421129070315
2.4418651769799826,NA,-1919.8567475424582,PC1,-0.9541455749552721,-0.48225578020019266
2.5012601591691426,NA,-1918.2184145378233,PC1,-0.8189318170092266,-0.610850287930226
2.3745640454960824,NA,-1919.2010611152211,PC1,-0.9045735167475788,-0.4034448976107023
2.434857328090624,NA,-1921.6721622991429,PC1,-0.8129900629024951,-0.6009593846818582
2.251993769693468,NA,-1920.4649536877112,PC1,-0.6953155862804498,-0.5475680981880553
2.388849659622563,NA,-1920.7986362632796,PC1,-1.0109352335910544,-0.3708768354581063
2.302252853820872,NA,-1922.1444599153372,PC1,-0.6715812376484931,-0.47798799416351917
2.251351682718155,NA,-1920.888687744444,PC1,-0.8454062252083623,-0.3258135423932265
2.4269311272271006,NA,-1919.1431484194181,PC1,-0.7140160933859467,-0.6579172561826114
2.34844157601709,NA,-1922.2670928223151,PC1,-0.595750545859313,-0.6711712743981916
2.237918999467543,NA,-1922.0666191255743,PC1,-0.8507148568528805,-0.30019766737190046
2.275193591006495,NA,-1923.1513855817311,PC1,-0.6898627956164193,-0.47591063529019856
2.268121439441496,NA,-1921.378513364277,PC1,-0.6625530790210417,-0.5467481799016385
2.471597573480102,NA,-1920.5039793351687,PC1,-0.8829861101723718,-0.543892846204755
2.3181765789222197,NA,-1921.4523497230011,PC1,-0.8028501335453563,-0.46945938157441414
2.256462588791187,NA,-1919.1773191552331,PC1,-0.7597301936066474,-0.5351572941581868
2.4632787716671305,NA,-1920.5705095928895,PC1,-0.6904682786989906,-0.6668737191212171
2.229549313857596,NA,-1917.8401655108244,PC1,-0.6836008346936309,-0.49026765163961034
2.3540651244037942,NA,-1919.0157911558986,PC1,-0.7036545381130248,-0.6220767403396223
2.355025693999804,NA,-1923.141026818276,PC1,-0.7788421775024036,-0.5186213884676467
2.200054867475602,NA,-1923.0853822930333,PC1,-0.7944585677803185,-0.42349740576609973
2.3991484338009044,NA,-1919.8223587676357,PC1,-0.6186598232070939,-0.6903726955479341
2.43820710892283,NA,-1921.3316293130601,PC1,-0.7520346254085598,-0.676198316000615
2.3548155945247085,NA,-1917.884524923729,PC1,-0.6366278748328353,-0.6395822520633382
2.3456375357696824,NA,-1920.0762128080262,PC1,-0.8657024358658185,-0.5275085963223074
2.45744560369964,NA,-1929.2865640742386,PC1,-0.8389624263201567,-0.586853419180879
2.3390188930136016,NA,-1920.5436894121183,PC1,-0.8436422350142293,-0.44445636132764726
2.2413256303283133,NA,-1919.6233257157692,PC1,-0.7242800193948973,-0.4833089812729685
2.3629146349702785,NA,-1920.252424082309,PC1,-0.8541999682044771,-0.5379075195183326
2.469432284742098,NA,-1921.3182683204575,PC1,-0.6879965425017059,-0.6718587994542798
2.375533592525121,NA,-1926.596551035031,PC1,-0.8019229414962643,-0.5754500065605971
2.464390990716829,NA,-1919.4007490233878,PC1,-0.7242585865008971,-0.6993452119129064
2.4725317120690606,NA,-1920.2188009925385,PC1,-0.6498454828859244,-0.6905584115937803
2.1839542691781277,NA,-1919.7605606866396,PC1,-0.6913304111430592,-0.5021122990900675
2.3540584974758807,NA,-1919.6818268296317,PC1,-0.8950843723917812,-0.49149824257961366
2.3617797855311484,NA,-1922.7707424493656,PC1,-0.6136913641030562,-0.6268936105641594
2.3073040535500016,NA,-1918.022117004021,PC1,-0.7736106432489672,-0.5532100895744587
2.4771616685997855,NA,-1925.8578767092101,PC1,-0.9583157325615694,-0.46147130675792186
2.383508668040204,NA,-1919.7508605028231,PC1,-0.6118957004191269,-0.6539629245943049
2.2450764425600984,NA,-1922.875852553487,PC1,-0.9875801373941996,-0.21964495472750548
2.2415136766018975,NA,-1921.3109047519542,PC1,-0.9038550218596395,-0.32178317422764763
2.314861866194245,NA,-1916.7852314828267,PC1,-0.7116173932835947,-0.5869302397666885
2.364206811076812,NA,-1917.5993289649336,PC1,-0.7135913835729472,-0.6232592289575895
2.362112658307728,NA,-1920.8845947286918,PC1,-0.6231097175821488,-0.6372362153762563
2.294429643502753,NA,-1918.83833225722,PC1,-0.7579896885591819,-0.4639783518656145
2.380939418457797,NA,-1919.1122904292336,PC1,-0.6522565337823167,-0.6481255121580161
2.3314253845886834,NA,-1923.4779473684484,PC1,-0.9315081411862021,-0.34643793507322707
2.346981256498085,NA,-1921.786506068036,PC1,-0.7001265007547176,-0.634094262206125
2.2351518354842583,NA,-1919.898355955575,PC1,-0.6848865804161015,-0.39777797421637145
2.3630594660314315,NA,-1923.3089488172322,PC1,-0.8326798412485862,-0.48276839925616266
2.2227191311392094,NA,-1920.7486477444672,PC1,-0.653918515533342,-0.4877850468363139
2.47942942025302,NA,-1920.181349345741,PC1,-0.672325188371616,-0.7554155777316329
2.3314631790186047,NA,-1918.1587112742259,PC1,-0.9471326745607508,-0.41027939685447085
2.288301775399579,NA,-1920.604280879456,PC1,-0.6105883334609069,-0.6217931793382566
2.425219670517378,NA,-1919.9388716627248,PC1,-0.8587239208226759,-0.5899221853688433
2.2228233768779058,NA,-1924.8600307256143,PC1,-0.5672641368651942,-0.5700341115102142
2.4063863318721967,NA,-1921.8941303027625,PC1,-0.7186128543858,-0.6037701133443005
2.2366100057661185,NA,-1918.706670942426,PC1,-0.8016287035003846,-0.37569172215233826
2.583896007135912,NA,-1924.3837965701227,PC1,-0.711931565285121,-0.846723377665074
2.6442581793628324,NA,-1924.8422442139672,PC1,-0.7672621348133906,-0.8112447183666935
2.256915378669171,NA,-1919.167026401334,PC1,-0.6689715078093368,-0.6110752779020796
2.349840996151343,NA,-1920.7896152597275,PC1,-0.706997784393929,-0.6625174601551299
2.391602328576452,NA,-1921.468307225953,PC1,-0.7461465665548149,-0.6165244602896655
2.3321549859587685,NA,-1922.1046523254158,PC1,-0.7675820063355258,-0.5108779417506303
2.356213905656032,NA,-1919.9774411835006,PC1,-0.7582919333307836,-0.541591542904164
2.3590637045913834,NA,-1918.4859622173208,PC1,-0.5551784119633563,-0.7208436585496119
2.375221779222722,NA,-1919.5389694690443,PC1,-0.7492598359547668,-0.5297544941514891
2.331610970900715,NA,-1921.159323404688,PC1,-1.012132025349216,-0.3399210183266455
2.2508662548739484,NA,-1919.8353355603488,PC1,-0.8537468780683439,-0.4861583769722002
2.315189629847015,NA,-1923.854383178107,PC1,-0.841264428492608,-0.5372842760233997
2.377668878900076,NA,-1920.3743153871299,PC1,-0.9099463060757507,-0.5815631810384603
2.244960209669016,NA,-1922.0653565348316,PC1,-0.7988005047428667,-0.47907671839871424
2.3184680796274244,NA,-1918.506742483864,PC1,-0.8393920368170487,-0.4393627711670396
2.37418876793994,NA,-1917.6154301773147,PC1,-0.6753973511110356,-0.6427619910022007
2.428248518409619,NA,-1917.22251035664,PC1,-0.6585377907240462,-0.7237341849221377
2.496163827701603,NA,-1922.8030574947331,PC1,-0.8811871326937887,-0.5340584193350081
2.414621022647006,NA,-1919.831420874366,PC1,-0.7316393418490775,-0.6568278617944494
2.3358571560184855,NA,-1918.7361999983348,PC1,-0.8455028917389342,-0.5172212495380505
2.5152045571020714,NA,-1920.7114638602711,PC1,-0.8645912985584296,-0.5691665433256489
2.385562025993143,NA,-1930.6329438708242,PC1,-1.0228977767984944,-0.2917897911992896
2.4324977896898154,NA,-1924.385917258391,PC1,-0.7207219846270718,-0.558127343040291
2.3086256991356304,NA,-1918.610672120961,PC1,-0.8640333654655634,-0.5581368246144728
2.2409475045156655,NA,-1923.1364781342668,PC1,-0.8307232168180704,-0.3393975274747966
2.327049903588825,NA,-1919.1432939335264,PC1,-0.8045595804064349,-0.49690223333009675
2.391158054407936,NA,-1922.0209703543599,PC1,-0.9124951153979604,-0.43189794590503117
2.43581453181174,NA,-1922.6341160028273,PC1,-0.9728852439229041,-0.5123135761349172
2.476515108501176,NA,-1919.4157862543152,PC1,-0.8492215093851626,-0.5346367403775335
2.476972912937538,NA,-1922.2558769019777,PC1,-0.6212957107093017,-0.8715670884341795
2.2367273573245225,NA,-1919.0454209316988,PC1,-0.627258458427567,-0.5522064748227703
2.3365482132439612,NA,-1921.4684578230522,PC1,-0.8614255181031405,-0.5173988894138167
2.2763121664997796,NA,-1921.7844268832569,PC1,-0.7237140163617982,-0.5932583948874149
2.4188507846622116,NA,-1919.4745584929212,PC1,-0.7450900306017049,-0.6017727620749352
2.301924366196138,NA,-1920.9753421767202,PC1,-0.7936003441725595,-0.4310514657996227
2.3470282449701454,NA,-1921.0951056148158,PC1,-0.688626931382948,-0.5987742994482489
2.302699771467886,NA,-1919.7406467674655,PC1,-0.7679473640914739,-0.581304249405454
2.5058768877867954,NA,-1923.6826891692945,PC1,-0.9499296609102096,-0.4303759744881186
2.279327440612131,NA,-1920.416911818894,PC1,-0.6329818400422783,-0.6126200828652273
2.156424419143233,NA,-1920.9486274645308,PC1,-0.8392138880082217,-0.23667913221253958
2.182834739498644,NA,-1923.2758224203635,PC1,-0.6766688805611568,-0.3751792901063042
2.464453476423709,NA,-1921.0105996197003,PC1,-0.7896697368852572,-0.5887365517344915
2.3985116651300724,NA,-1919.88694061309,PC1,-0.8052625342171297,-0.4522854628564218
2.2804220212101995,NA,-1919.1685179195017,PC1,-0.7390599751387714,-0.4930812541413278
2.533695911396071,NA,-1918.6496210190794,PC1,-0.8405504455800495,-0.6450131862974824
2.533793282345763,NA,-1928.2732020846447,PC1,-0.6645792176561398,-0.8795482703361467
2.290329187737939,NA,-1920.498257920219,PC1,-0.8541215867532078,-0.4025898258550701
2.4012878437854903,NA,-1918.8829787315608,PC1,-0.6084720796216408,-0.5912899280245414
2.2209995232506867,NA,-1922.6796075482328,PC1,-0.7411076448883696,-0.3989249903284051
2.3400337660626063,NA,-1921.4054098728193,PC1,-0.8247327515257175,-0.5972566463428152
2.3768331773909104,NA,-1924.656424525817,PC1,-0.6259510960107331,-0.6163692941951094
2.3087208876835925,NA,-1918.9889484018574,PC1,-0.7556850041078258,-0.4978681574207069
2.389532061269265,NA,-1920.7040886470663,PC1,-0.8225249872241592,-0.5927861983360125
2.309800396751428,NA,-1923.0253003869782,PC1,-0.6225649046164045,-0.6648472892023681
2.3106643438036754,NA,-1918.503053711663,PC1,-0.6922841999293925,-0.48401042837671765
2.3677447325976617,NA,-1919.9234050370028,PC1,-0.8632038557421265,-0.4633738323483705
2.4476979127777767,NA,-1924.2821234457915,PC1,-0.9557614696207392,-0.4615019788264549
2.450944633639926,NA,-1927.8877634659152,PC1,-0.7026541895517251,-0.5386535975164061
2.3802124784359036,NA,-1920.8940451762687,PC1,-0.8503127437240893,-0.5796144313506825
2.2417194092674366,NA,-1920.1310012695662,PC1,-0.6584038484519336,-0.46115203260690296
2.445205731505483,NA,-1920.553284181773,PC1,-0.7930529501361071,-0.7012405559081836
2.3919069264811768,NA,-1918.2261820970648,PC1,-0.8250682257851355,-0.5110930873174467
2.3792619812916502,NA,-1920.8476170481217,PC1,-0.7319554352318282,-0.5269468135070635
2.2930383754050254,NA,-1919.731455340608,PC1,-0.7627290931185087,-0.45330438929640693
2.3412179624868092,NA,-1920.5159939776076,PC1,-0.798511476149603,-0.48636643657572715
2.2830406268253887,NA,-1919.5931632890558,PC1,-0.6120310311068289,-0.5181988518673522
2.2881207987582672,NA,-1920.0602385851982,PC1,-0.7859806747386268,-0.45559582657240105
2.337711276942765,NA,-1918.9988064224483,PC1,-0.7343810818271347,-0.6351223354665703
2.289106658980613,NA,-1918.2839359265254,PC1,-0.6966353822555389,-0.6070798344229489
2.2909675204421682,NA,-1919.3107975725077,PC1,-0.693401255687601,-0.5555205681663254
2.363781624816357,NA,-1919.4768522179309,PC1,-0.8026187688193239,-0.5864719583675845
2.2620485357725064,NA,-1920.616833923192,PC1,-0.6169827917028831,-0.6354315427176422
2.372598946253855,NA,-1921.226028423511,PC1,-0.6958926775166522,-0.521783720233982
2.38428403956224,NA,-1919.658767540531,PC1,-0.5952482150401404,-0.6886285657016187
2.2508165028525644,NA,-1928.3941415352515,PC1,-0.5158112614564359,-0.586504528458967
2.46499022814261,NA,-1921.4053725059246,PC1,-0.8824407187162103,-0.5022208294748702
2.32125704009519,NA,-1922.2369744244434,PC1,-0.7947343243072059,-0.5003865185484215
2.303895639330335,NA,-1922.8652312561458,PC1,-0.7421830354492136,-0.4945856562584228
2.3533990896537347,NA,-1925.91218745662,PC1,-0.9239423211255074,-0.4550266812707087
2.329590289792115,NA,-1921.4414559404981,PC1,-0.7405771906979647,-0.5903588356332026
2.572931229600012,NA,-1922.9040075871465,PC1,-0.7807271891946427,-0.7845562992079054
2.4053525424959132,NA,-1922.4668189757735,PC1,-0.7611802845745592,-0.5765981896407748
2.444607373455988,NA,-1924.079102690174,PC1,-0.6514098691813951,-0.7513835147823363
2.472208505851503,NA,-1923.2418347361308,PC1,-0.978525631226171,-0.491889414632641
2.3715258161737647,NA,-1917.5747522332322,PC1,-0.6247673524736718,-0.7079599854925932
2.3569337195641418,NA,-1921.1409010106552,PC1,-0.7852068630866574,-0.48859791350316295
2.3641051851748824,NA,-1921.665470483893,PC1,-0.6181232410240951,-0.6043001222365005
2.518652246479777,NA,-1924.2631992804381,PC1,-0.7305581047713191,-0.7962020338308291
2.4140915390047013,NA,-1927.020274049643,PC1,-0.7328575307909194,-0.7226060448163666
2.5236710981468304,NA,-1919.6299007152622,PC1,-0.7495168891647422,-0.6251535993195216
2.373076439033156,NA,-1918.5350801480358,PC1,-0.8094303158010004,-0.5780316000275212
2.456479169932432,NA,-1922.9385908699905,PC1,-0.6698052907542703,-0.6225785422235155
2.3104157403699817,NA,-1921.3733553892723,PC1,-0.5794350427251013,-0.6832860893994205
2.2779910141649067,NA,-1919.3010146588704,PC1,-0.7269749841355552,-0.4392874566092837
2.4442627930715157,NA,-1923.4292608047967,PC1,-0.5357849761234299,-0.7066653091200953
2.4456393739078357,NA,-1918.8323424608404,PC1,-0.8130236062843349,-0.6040354785395212
2.288930534553704,NA,-1921.4548994194195,PC1,-0.6267763640613319,-0.4895964667034702
2.19122361554445,NA,-1919.2900542242216,PC1,-0.745635283333111,-0.3788221799668982
2.167714364143492,NA,-1923.469331438878,PC1,-0.9647352672718971,-0.2430510771653751
2.512719711299089,NA,-1923.6257744166128,PC1,-0.8198133046348183,-0.7181062429783812
2.3663205100561457,NA,-1920.7483721865563,PC1,-0.7929081426556259,-0.45053177321202764
2.3310680532679338,NA,-1920.5369521324078,PC1,-0.6557251259582871,-0.4771892899251434
2.339547918171019,NA,-1917.4372051845498,PC1,-0.8956013692170444,-0.4234111156577963
2.4510142963377124,NA,-1924.2906384565042,PC1,-0.770539598916828,-0.5594084849242684
2.3825781673805,NA,-1917.9907499592064,PC1,-0.7580264317924966,-0.5847003064278822
2.2241320361120476,NA,-1926.7336174396814,PC1,-1.0908169296456438,-0.18072338449900116
2.470684229094928,NA,-1922.8951186980025,PC1,-0.8186772226098273,-0.6741201730277538
2.36000288367513,NA,-1922.3549070661113,PC1,-0.9102233954891914,-0.4846322353087973
2.2842257055584385,NA,-1924.6075114087266,PC1,-0.8190824030977691,-0.3527964376941717
2.2632326295594343,NA,-1919.4551042357107,PC1,-0.699788877872048,-0.5844572127133179
2.2781637116721565,NA,-1923.2979510798446,PC1,-0.5649211019489955,-0.5859522440667811
2.329463342994134,NA,-1918.0814012342726,PC1,-0.8515709791900627,-0.4664068184977906
2.3191274150344268,NA,-1920.0024339238025,PC1,-0.8425366855423716,-0.5490063434660097
2.305592975893839,NA,-1919.899425800578,PC1,-0.7399855929123861,-0.5428136536116503
2.3275908357076154,NA,-1917.9623757963896,PC1,-0.7203355490540987,-0.5855361253102684
2.223329955338026,NA,-1918.9066657167825,PC1,-0.8360948242488981,-0.4075107045436829
2.336990286966553,NA,-1921.8449694052817,PC1,-0.642929019821286,-0.6139364147172998
2.503565094560356,NA,-1919.80850659807,PC1,-0.7768409800118322,-0.6205799128251644
2.3014469637862502,NA,-1922.2689933525705,PC1,-0.7807803598568408,-0.5640873765696176
2.497384551703308,NA,-1924.5548408416369,PC1,-0.7763264852373106,-0.6439959573404973
2.1621806441501383,NA,-1924.3529433015578,PC1,-0.9374366149369415,-0.258783786062855
2.3441027844820588,NA,-1919.792342956009,PC1,-0.6833179046142531,-0.6231844936672598
2.4913661611636333,NA,-1925.222512379267,PC1,-0.757229671107746,-0.742915324582484
2.3881235066912354,NA,-1925.6030687182642,PC1,-0.6125763950942228,-0.6978780511981745
2.454022684821307,NA,-1921.1001923034617,PC1,-0.6719958932363574,-0.5821804845296263
2.427698519144945,NA,-1919.2890205237684,PC1,-0.6912713675452062,-0.6184994377129849
2.4976412444983542,NA,-1920.116095428274,PC1,-0.7838499871654179,-0.6373190272685535
2.3944093783664884,NA,-1922.0941656700113,PC1,-0.8262459851458882,-0.7137656761110402
2.3947587655147973,NA,-1920.5685748097899,PC1,-0.7504582568348384,-0.6381854433558325
2.4349051235125865,NA,-1921.6848561434676,PC1,-0.7241403626201985,-0.7677999709117846
2.2605360769991596,NA,-1927.5942955832832,PC1,-0.7746499607761719,-0.5115990813903544
2.330446285282016,NA,-1926.6928347212977,PC1,-0.9201362619396772,-0.473254122146278
2.323561251220552,NA,-1923.1247302594861,PC1,-0.6381667187981553,-0.6105939426070771
2.2924443813020527,NA,-1922.8516984955763,PC1,-0.965903196913728,-0.2849265091339373
2.317574417287967,NA,-1921.911156685579,PC1,-0.7687068747719418,-0.4366702428040211
2.2065927508098393,NA,-1922.3282763751893,PC1,-0.6270993719484168,-0.4667902284673701
2.3074555168003563,NA,-1922.2466995609932,PC1,-0.5921224719865124,-0.6150788287754974
2.197995058821016,NA,-1924.0149710418032,PC1,-0.7732168670747461,-0.43947887201972996
2.35097813135221,NA,-1922.444204467466,PC1,-0.4895317527866183,-0.7593929013047436
2.3282564487610644,NA,-1919.1728185731067,PC1,-0.81955617129704,-0.4638528740609951
2.393710891818735,NA,-1920.4981936005465,PC1,-0.6833511502756127,-0.6200855882711911
2.416755922561781,NA,-1917.542700330016,PC1,-0.7272222137717332,-0.6271512446266945
2.385692619642895,NA,-1919.5131228927194,PC1,-0.9306103086077813,-0.38654415810396137
2.3535785812670396,NA,-1919.566837168237,PC1,-0.7100554757987128,-0.5426246181462233
2.3978169042354835,NA,-1924.4095673093425,PC1,-0.6900861613780213,-0.6935669930801668
2.54993255831771,NA,-1923.9059968553347,PC1,-0.6327405436843712,-0.9043093974774856
2.435123238396719,NA,-1920.581522419506,PC1,-0.6788379366601754,-0.6640289110115583
2.338930579351419,NA,-1917.5601188464786,PC1,-0.804555135937995,-0.461334040817683
2.4248992219664007,NA,-1919.8475132099172,PC1,-0.854195130571011,-0.49179644475360534
2.468546905245935,NA,-1922.9439901667008,PC1,-0.6030357916725405,-0.7413445541090066
2.2808129468670297,NA,-1918.876127839396,PC1,-0.8568721359838174,-0.44561833412566
2.413295470644602,NA,-1918.2958076825244,PC1,-0.6392915748115687,-0.64743265315371
2.3944009195354132,NA,-1922.1810409457923,PC1,-0.5683361254162952,-0.7634210852644179
2.4058232836076114,NA,-1923.0204887681093,PC1,-0.7319969921165773,-0.6104101464197524
2.3472696362563608,NA,-1924.5038422893501,PC1,-0.5262325769289935,-0.7383658129872079
2.3892069418856634,NA,-1923.003132164483,PC1,-0.7828099154282707,-0.46791850732886586
2.4251180528551513,NA,-1919.5509381489017,PC1,-0.6960301732526615,-0.635190404949724
2.2858612608710764,NA,-1923.8199258511745,PC1,-0.6326682337829296,-0.6023303534324882
2.4650973388412076,NA,-1920.7531736667597,PC1,-0.8927597098290092,-0.6269252594208845
2.4203734679156717,NA,-1920.4174942057173,PC1,-0.869519291499972,-0.4744585243757211
2.6152657868548452,NA,-1928.241698257857,PC1,-0.7358125793056782,-0.7244341447147795
2.519457551603638,NA,-1921.8539918348135,PC1,-0.8007369642563819,-0.7165326170364068
2.271579510479523,NA,-1921.1856734620826,PC1,-0.893938646940318,-0.5290836632103686
2.243621906808328,NA,-1927.347665826097,PC1,-0.751335475492351,-0.31498170085194527
2.352212930116638,NA,-1918.1479071724125,PC1,-0.6524301856753251,-0.676375481876044
2.4724059409827563,NA,-1922.6870536470542,PC1,-0.7497679786944038,-0.6508474748074111
2.2335451764144327,NA,-1921.6575559720193,PC1,-0.780807819512176,-0.441188560717262
2.3572413584832157,NA,-1921.542126902165,PC1,-0.6941705476942145,-0.5740261349801122
2.5413178840347084,NA,-1923.2915082602735,PC1,-0.6336809567807411,-0.7196579245619912
2.4220038539160123,NA,-1918.0523279758613,PC1,-0.8010555915998943,-0.49838137962159584
2.1362039878134453,NA,-1923.9678873071698,PC1,-0.6271864983034413,-0.4960462204818501
2.4493121512253433,NA,-1919.817832525068,PC1,-0.7471494964245814,-0.6058301965277622
2.229541827510289,NA,-1921.419116639435,PC1,-0.6232755027200484,-0.4888669001393879
2.3220567978168356,NA,-1924.5365970708458,PC1,-0.7625691853893384,-0.6402962587807022
2.4042138524415058,NA,-1920.4686332790795,PC1,-0.8654257871532026,-0.5104544575777269
2.4446463931009044,NA,-1921.0590991941972,PC1,-0.8998799643554506,-0.5041872985450427
2.449017461810464,NA,-1920.2015373291943,PC1,-0.756264943687384,-0.6564407999431741
2.4210358525344753,NA,-1918.921021946485,PC1,-0.8142261236982382,-0.5652013566767193
2.2966615035252924,NA,-1919.7470633678302,PC1,-0.8756725306784049,-0.33448173152496385
2.3219594414435933,NA,-1917.0100236382073,PC1,-0.7016944105464271,-0.5965645836898229
2.4004091251170223,NA,-1918.2568937677695,PC1,-0.9122836751949723,-0.4870131934691792
2.3163591786247495,NA,-1924.7020965454358,PC1,-0.6885417550413827,-0.5564510993096072
2.209058210534844,NA,-1923.4501936597765,PC1,-0.8944690099359419,-0.3223235764018911
2.3464835577583476,NA,-1919.5315991867028,PC1,-0.6700664354833398,-0.6718450434665649
2.596611397060391,NA,-1923.7804695525622,PC1,-0.8304037791142885,-0.7169588778597301
2.3235631639720573,NA,-1917.3841362330975,PC1,-0.7237853116762902,-0.5812257252989159
2.3210941248720953,NA,-1921.3011577238178,PC1,-0.4912956650262882,-0.7299050731173133
2.3219324107953536,NA,-1921.3860393946402,PC1,-0.7166335228852837,-0.5241756266591433
2.2545040636263582,NA,-1918.82488747498,PC1,-0.7379260422475241,-0.49867879053494063
2.3495321265036466,NA,-1919.9826269733626,PC1,-0.7350754747556725,-0.5376468095656634
2.451470138781631,NA,-1921.3359764212025,PC1,-0.5988643280655624,-0.7365554458731136
2.388837052411529,NA,-1923.051550940602,PC1,-0.8243843349553287,-0.6377864429221018
2.398485655219795,NA,-1922.1245027026182,PC1,-0.5410201903903832,-0.7079481959337509
2.453701520325579,NA,-1921.8191823252018,PC1,-0.7182091152832247,-0.6308293890264548
2.372831630584791,NA,-1922.2892799219674,PC1,-0.8611886322055448,-0.5401445855855903
2.321998950601808,NA,-1921.331845579558,PC1,-0.831893960475785,-0.5809828727276829
2.477578265882049,NA,-1923.7493397266694,PC1,-0.6394213447595279,-0.7261735911346826
2.2646544676462477,NA,-1920.7426848528553,PC1,-0.7063884060347683,-0.5782180380498448
2.3386307171718235,NA,-1922.6941029282384,PC1,-0.7484983162896702,-0.631951109886366
2.332694899171882,NA,-1920.8904730118902,PC1,-0.701390175773807,-0.6029171106897669
2.1803279894509844,NA,-1919.9279627176415,PC1,-0.8091913399039429,-0.4729365340584475
2.4484535610719838,NA,-1920.9561387963993,PC1,-0.7511821754402251,-0.7477171882006407
2.4026460996100836,NA,-1917.416143329047,PC1,-0.7312658545158217,-0.5413585419678112
2.4104557157561373,NA,-1919.5189016390555,PC1,-0.7893571807594367,-0.616857130843211
2.2520979869539905,NA,-1921.9589826668657,PC1,-0.7849639873010408,-0.5686043454636094
2.366071110620799,NA,-1925.9181319270838,PC1,-1.08931907827503,-0.3023385793364923
2.4852462600902308,NA,-1918.4807344027438,PC1,-0.7548135818089855,-0.7188761755030842
2.313203972156072,NA,-1921.0561631665498,PC1,-0.5701978286422059,-0.64459072749936
2.3512047799576186,NA,-1919.7865298346612,PC1,-0.6485384618165562,-0.5926388166820828
2.2533698853542132,NA,-1924.58374213811,PC1,-0.5588874174003259,-0.5493295420405363
2.4944295407735,NA,-1922.206613685372,PC1,-0.9359914597638936,-0.4722116864822156
2.32869645757609,NA,-1918.6967928702607,PC1,-0.7985988108430652,-0.5743669609921175
2.3831965292389086,NA,-1922.914330677813,PC1,-0.6875170603261053,-0.5270026625407511
2.448068137892999,NA,-1923.2612304580086,PC1,-0.7540603976095023,-0.7181274882785675
2.4585737380476167,NA,-1921.2684275517145,PC1,-0.6604636604998054,-0.7441907860974556
2.5563270507996187,NA,-1923.9579539136525,PC1,-0.6136884216181898,-0.9567772131848976
2.3707035008113646,NA,-1918.1099231009969,PC1,-0.7816436830206092,-0.540344927550762
2.3609731536766057,NA,-1927.7693386607814,PC1,-0.9227684000398804,-0.3957333975825716
2.336765163295919,NA,-1921.7201982675306,PC1,-0.6705452322378755,-0.592407810194936
2.345784548905857,NA,-1917.7890076048034,PC1,-0.7661040339921795,-0.528166433397306
2.4608275506227564,NA,-1919.2987184599485,PC1,-0.6579394861818297,-0.6962457139042252
2.252699303201008,NA,-1920.749430419419,PC1,-0.8891473468705385,-0.2864245434108278
2.3699559245288784,NA,-1921.6857671952857,PC1,-0.6891391260325199,-0.706467355683965
2.3236188506469566,NA,-1920.132548461475,PC1,-0.7506614246039185,-0.5105713479541701
2.493531429636487,NA,-1919.1604542427785,PC1,-0.7930699620142825,-0.6313786124231453
2.3814189147372233,NA,-1920.1027128049404,PC1,-0.783064917019061,-0.5157709845665656
2.3502011095360813,NA,-1922.5107539344147,PC1,-0.6843847100431145,-0.6793975108866194
2.3204166331351597,NA,-1918.5449530052329,PC1,-0.8336119402721321,-0.4290061890324269
2.3561301197338613,NA,-1919.8664111241098,PC1,-0.7417523062160613,-0.6689491656812954
2.3134541876059447,NA,-1918.6528481168734,PC1,-0.7204250260869771,-0.6853579195929157
2.4868296735180455,NA,-1918.211281045005,PC1,-0.6438116856508288,-0.7451565723117072
2.484821911238284,NA,-1933.5634712831902,PC1,-0.6146976703953211,-0.6194727374955977
2.238927126976274,NA,-1921.1039252964506,PC1,-0.7070400070794669,-0.4779721354637229
2.2132522627019275,NA,-1921.7642588346166,PC1,-0.8932122777902269,-0.29002437382498075
2.407384125240388,NA,-1919.6483210396375,PC1,-0.6666677242210877,-0.5704087878009098
2.373029223999323,NA,-1920.292306877462,PC1,-0.9559037768039147,-0.44945054741985346
2.341080012666056,NA,-1920.88336362714,PC1,-0.7608867870226222,-0.43879694386816837
2.2506755561187504,NA,-1917.9786974109118,PC1,-0.9041470255009656,-0.3892898925271355
2.446660681064283,NA,-1927.714545202618,PC1,-0.7216904154137178,-0.6459833307577117
2.4349352155826396,NA,-1926.3150635420961,PC1,-0.6205248737050285,-0.5513263780725838
2.346967772242377,NA,-1920.9864008180273,PC1,-0.6330374481773051,-0.6189291237235589
2.1676159917134847,NA,-1929.1845846291003,PC1,-0.945931521257791,-0.2967486987901709
2.4081086875694884,NA,-1919.7072351409531,PC1,-0.685898317961882,-0.5649802466307591
2.3050382440884896,NA,-1924.14707265918,PC1,-0.6434241173131541,-0.5825021121702763
2.5169129817995994,NA,-1928.49182412039,PC1,-0.5807769946048322,-0.8442704615260866
2.3101916558388975,NA,-1919.9099862623914,PC1,-0.8715648177489617,-0.4555541302866476
2.2752048736210857,NA,-1917.9146555356654,PC1,-0.7847587077058427,-0.47021888829985053
2.4058676524698033,NA,-1918.7838631543332,PC1,-0.7407419156552223,-0.6704118031142031
2.4977406129200177,NA,-1922.4388695978985,PC1,-0.83600020718908985,-0.6560328623810225
2.3047151130667087,NA,-1922.842608739969,PC1,-0.8316808078431983,-0.46991756020097575
2.2985377417123387,NA,-1918.8571040708418,PC1,-0.6942762399342369,-0.5282584679039788
2.3536807179170616,NA,-1927.6436365032432,PC1,-1.0994767689316691,-0.19465559432907906
2.3671682086127057,NA,-1924.8602612330071,PC1,-0.8817779982897201,-0.4917777416526228
2.2432312686088225,NA,-1922.596283331961,PC1,-1.0854319205504865,-0.19107893911874602
2.360902337568188,NA,-1918.9262721950395,PC1,-0.6290955520492107,-0.6109131309231662
2.3726107319889915,NA,-1920.237015174077,PC1,-0.9242700466768823,-0.41151019703170827
2.3024284890159525,NA,-1921.617984601446,PC1,-0.6064705621567534,-0.6979399168450704
2.357575920520227,NA,-1918.6563830200362,PC1,-0.5908590122982954,-0.6784928689489748
2.3813547464890616,NA,-1918.8347821449215,PC1,-0.7888135360510075,-0.5180693653129769
2.359735683905694,NA,-1916.60526846367,PC1,-0.7773556048370105,-0.5261663844427833
2.5250988527047573,NA,-1925.707006095322,PC1,-0.8056713433849623,-0.6145099687481541
2.4121141571784617,NA,-1920.1305333411087,PC1,-0.7485369792318997,-0.5033525998856071
2.2357912162454276,NA,-1919.8271832357848,PC1,-0.5673912158525101,-0.6196478311876208
2.277276137866903,NA,-1917.7111457396536,PC1,-0.8533678363339872,-0.41866300125641087
2.2698034434417003,NA,-1919.8860155615525,PC1,-0.734306155323857,-0.5953471170207495
2.263489512848382,NA,-1922.106228732219,PC1,-0.9845447782151736,-0.2703679432246568
2.3565573283123507,NA,-1921.482469885247,PC1,-0.8836385531545646,-0.5232340655259682
2.422370917521972,NA,-1918.49461447997,PC1,-0.7020253066707012,-0.6562103969437025
2.4265591203074224,NA,-1922.6187097362742,PC1,-0.9497958362354595,-0.5799808574419546
2.242855122480127,NA,-1920.3465761950333,PC1,-0.6920846646792183,-0.4989039739042365
2.3404745572411803,NA,-1919.5209256206565,PC1,-0.9440088268460962,-0.39411298601537503
2.2718734851543982,NA,-1922.0098903604596,PC1,-0.7466951818258972,-0.5092342060793615
2.436680432798585,NA,-1923.030034518939,PC1,-0.7959243355560435,-0.5644876583900921
2.354695596910616,NA,-1925.6999450111641,PC1,-0.6179143753088918,-0.6015579245101561
2.444525751376396,NA,-1919.3525526295803,PC1,-0.7630567027626994,-0.5886582526645069
2.3755919610871667,NA,-1922.9746217910572,PC1,-0.6260810818438184,-0.6621577001235476
2.3618498197319586,NA,-1924.405676317225,PC1,-0.779849511109597,-0.41959747580474543
2.26643954356305,NA,-1919.6884273293465,PC1,-0.6761263013602663,-0.4929988019176103
2.463540586997768,NA,-1921.961766786964,PC1,-0.7304006814581939,-0.560207392042249
2.323926241322197,NA,-1919.9826124720014,PC1,-0.7248796001801485,-0.5859987024626252
2.223182598004914,NA,-1923.5190596662442,PC1,-0.6504309653278045,-0.6552714141220656
2.4108811303072417,NA,-1920.9595042445487,PC1,-0.9067356860539163,-0.525835897599266
2.380645481190236,NA,-1919.936786235012,PC1,-0.8435419018756956,-0.5529739294212754
2.3609081979106055,NA,-1920.681803597114,PC1,-0.8615247409405747,-0.4627000099354236
2.4218505738386855,NA,-1922.9782580940803,PC1,-0.8876138602148621,-0.608412583452459
2.1426735685478437,NA,-1924.0791453231855,PC1,-0.7538195174831067,-0.360705162588868
2.4536748518431537,NA,-1926.4095378392549,PC1,-0.8433264202040829,-0.5224064596430112
2.31085919502929,NA,-1918.949964343416,PC1,-0.9054328337564317,-0.4028701952203716
2.509522039933692,NA,-1919.5659471847953,PC1,-0.713435417848513,-0.644610518178306
2.3457394607869686,NA,-1921.277983627461,PC1,-0.8748568291060169,-0.41466262589366276
2.2386423614890294,NA,-1918.3640914202392,PC1,-0.7085968441519065,-0.46878506593160835
2.500940275542585,NA,-1921.321728513316,PC1,-0.9004810060004105,-0.6586735358564626
2.6129403475014774,NA,-1923.9296543164605,PC1,-0.9235651495299142,-0.6502599232400427
2.284222730828213,NA,-1919.4327432762318,PC1,-0.5980467703120917,-0.6100211007680687
2.3422828595298366,NA,-1918.8828229002063,PC1,-0.6712416886849998,-0.6602224080450048
2.219527690874708,NA,-1919.6772235340422,PC1,-0.7360487860528805,-0.46420554558811516
2.387302352512451,NA,-1921.2616618527436,PC1,-0.7620908323094518,-0.5081454640910227
2.5176788319578516,NA,-1922.7842454877155,PC1,-0.8627295332252862,-0.6048291056671691
2.596591694307699,NA,-1927.0968995904414,PC1,-0.76743640894037,-0.7504449706782921
2.424554500286183,NA,-1919.6875031396733,PC1,-0.7764638557033403,-0.7020205310232642
2.3101897376076592,NA,-1920.7973114405231,PC1,-0.8558924433984435,-0.35990375044257805
2.326647495008279,NA,-1916.7120382314376,PC1,-0.7334362014697728,-0.6324255476706113
2.2704146702881127,NA,-1924.1836478175355,PC1,-0.9285669070518728,-0.3939712867884913
2.4121874933645016,NA,-1918.8684896381544,PC1,-0.6924852108714983,-0.6943151321772935
2.4626505970449752,NA,-1921.2542292794894,PC1,-0.8131306679295697,-0.5635931691462694
2.4002838303260425,NA,-1920.8086525542885,PC1,-0.5333690687880857,-0.7802631914573572
2.3190076827490542,NA,-1918.8220004519317,PC1,-0.9441671137858435,-0.37109408840611785
2.2833673506350705,NA,-1924.9424582049417,PC1,-0.867519936706704,-0.34570465542330486
2.412396795032929,NA,-1920.912227870158,PC1,-0.7528525451289887,-0.5261334551494575
2.3248686248974817,NA,-1921.5441582243259,PC1,-0.7892800808223502,-0.5354631525889618
2.3394924164499513,NA,-1920.104978478316,PC1,-0.717806540338995,-0.5938487231904048
2.4365180025398345,NA,-1921.700493029856,PC1,-0.7804530034958719,-0.6690769794112174
2.1806354907499883,NA,-1922.2720447442853,PC1,-0.5801704928402851,-0.5792870778958831
2.2583319200151757,NA,-1919.3372735842981,PC1,-0.8807893225850245,-0.48661075712772295
2.2682078736214537,NA,-1918.320367945173,PC1,-0.7167092589399625,-0.5018795786763748
2.251462634286926,NA,-1921.804065156674,PC1,-0.6453620262757301,-0.5957273557085835
2.4197966318782336,NA,-1920.4173701394186,PC1,-0.9223470321829585,-0.5052761308560009
2.422645755979625,NA,-1925.7182396000762,PC1,-0.8816808138176885,-0.4072655049433119
2.1321473088914136,NA,-1922.6885315554025,PC1,-0.8346898633026536,-0.31304489434048133
2.404917702811958,NA,-1922.5001949805094,PC1,-0.7333689133226773,-0.5392210581500739
2.424544726124094,NA,-1922.3812690901887,PC1,-0.7510600714771558,-0.6882012421376565
2.407993089931559,NA,-1920.4727443946595,PC1,-0.809081778994742,-0.5140598322278582
2.4228922123966568,NA,-1920.6238281842031,PC1,-0.8206350304910847,-0.6600108876414043
2.4470657582277187,NA,-1920.7723803265403,PC1,-0.8667998832013701,-0.5702889221380333
2.3918868456469404,NA,-1921.2956778567993,PC1,-0.9285094677579725,-0.5005041732991655
2.2570032775176476,NA,-1918.4528154167504,PC1,-0.7936177986721898,-0.4414011186459986
2.307418637952443,NA,-1922.7065014707148,PC1,-0.8409907093815728,-0.5216238103117844
2.3371013568672603,NA,-1918.5159429335965,PC1,-0.8351204015148366,-0.4757315056100323
2.4133536494488435,NA,-1924.829642761554,PC1,-0.9133223321211776,-0.4395908085019995
2.4893443210872714,NA,-1921.7390066145438,PC1,-0.788643933207704,-0.6265040684049038
2.406793062789919,NA,-1918.5326729883573,PC1,-0.8421098666607036,-0.4973590896904532
2.4875078404501587,NA,-1920.5118280221022,PC1,-0.7697339988528205,-0.6602446333335711
2.317995230128927,NA,-1919.939875942954,PC1,-0.8236769614030431,-0.4623757045114826
2.4673341640883963,NA,-1920.3352365212966,PC1,-0.7154667000000172,-0.6461500334750789
2.4138592683426174,NA,-1923.1215159546452,PC1,-0.804200105256571,-0.6071009076787376
2.346818549657112,NA,-1920.0159043111566,PC1,-0.6732277153430725,-0.537495674682942
2.2480469000156544,NA,-1921.4903715469115,PC1,-0.8532212860580847,-0.40846106203087856
2.4598684490731797,NA,-1921.2494365021055,PC1,-0.6778085963447966,-0.6658622801265681
2.2964429366122294,NA,-1922.5539388642535,PC1,-0.8212871797515692,-0.5426524580194445
2.249400689943616,NA,-1919.2669062026764,PC1,-0.7076730415107191,-0.42619360615628804
2.3994770687264384,NA,-1920.0443467558312,PC1,-0.7811360194235736,-0.5556129151508855
2.434575217843205,NA,-1919.0371949482387,PC1,-0.7200295568026835,-0.7261315442574429
2.2051462955873653,NA,-1923.8607475202493,PC1,-0.7329620028716961,-0.5779882247994488
2.427435925349883,NA,-1923.1984433277441,PC1,-0.7200104485787375,-0.6813600649428652
2.4539426738711425,NA,-1918.8533562643545,PC1,-0.7717862114562852,-0.645187042131998
2.2947996690072445,NA,-1921.2099875582358,PC1,-0.6859975492009596,-0.5634149727274537
2.4854433273715157,NA,-1920.8752514256291,PC1,-0.8258222609024224,-0.5496619398081639
2.4416280391575547,NA,-1923.4509521488856,PC1,-0.8284216531509437,-0.6379824926149111
2.431913293737242,NA,-1923.3337164485567,PC1,-1.0511530012336705,-0.45194176379873474
2.1657406333837033,NA,-1925.246180538842,PC1,-0.8590941270091055,-0.3618589800840586
2.3724960252905385,NA,-1921.0808057910897,PC1,-0.7301684170110624,-0.52237657409806
2.2527540824500103,NA,-1919.073583847365,PC1,-0.8184896235692981,-0.46394637557255025
2.344162083679509,NA,-1918.8349888614841,PC1,-0.8255704274230578,-0.48766018003299016
2.3263410632597985,NA,-1918.3307462906337,PC1,-0.8593710321232174,-0.384605806481494
2.2736302067152785,NA,-1917.8388296690448,PC1,-0.7268814654494601,-0.5233201454805665
2.3441973927185176,NA,-1917.4000422036452,PC1,-0.6901640554554117,-0.6311721469306426
2.252234522451681,NA,-1921.579734344296,PC1,-0.6550447788227867,-0.6905360011967993
2.460798534778951,NA,-1919.8738443533457,PC1,-0.687114223627282,-0.7118165074697395
2.3590981122212518,NA,-1919.444020027063,PC1,-0.8134571100285108,-0.5475156174273296
2.445056738327962,NA,-1924.299092174405,PC1,-0.701761542397798,-0.561500849166721
2.417346265891968,NA,-1919.5542762184639,PC1,-0.7985115285106865,-0.5608048202133178
2.3583610634705825,NA,-1926.3041566325014,PC1,-0.501780660014804,-0.6435180558193087
2.2093881687517576,NA,-1920.9812712410078,PC1,-0.6635962674906541,-0.4976068578371729
2.3490018525350465,NA,-1918.4061031409008,PC1,-0.7446653906335248,-0.6040935032231781
2.456597778043477,NA,-1918.6862003051963,PC1,-0.7176390702008465,-0.6588351093416092
2.3614284845437306,NA,-1918.8615527410989,PC1,-0.668121386571904,-0.6863963836679575
2.3763179654163813,NA,-1917.4730794935106,PC1,-0.7833830898363507,-0.558277571032681
2.4287899415707734,NA,-1924.109763899984,PC1,-0.7738859970391763,-0.5923078060343964
2.343652544270668,NA,-1923.6720661729325,PC1,-0.5775590620703421,-0.6498017327345574
2.444769495045241,NA,-1917.0145114799261,PC1,-0.7394745361736953,-0.6388429506236307
2.4785314676574015,NA,-1923.2807958959593,PC1,-0.5845050964590864,-0.7263544946477175
2.321436180598836,NA,-1926.9816544884422,PC1,-0.6137188868305752,-0.5142967200851385
2.469806480304423,NA,-1919.9789644771447,PC1,-0.6375636364123646,-0.6418641552895179
2.280255838077765,NA,-1926.1975655413535,PC1,-0.3987978654503653,-0.6443166774607078
2.2672768098604688,NA,-1921.7941408765123,PC1,-0.8026492283764946,-0.39999260381614243
2.26989393727869,NA,-1919.9360459865957,PC1,-0.67689569694205165,-0.5647815766927297
2.2669467187579833,NA,-1924.3415570504267,PC1,-0.8232710827817842,-0.45628708638859683
2.3026608150873416,NA,-1917.360462944142,PC1,-0.7930570582437741,-0.5243312100751868
2.2751316462092643,NA,-1922.780099776615,PC1,-0.8806247532072591,-0.37551528162703635
2.471576135634379,NA,-1923.6056502960796,PC1,-0.9320755028830991,-0.4840123573888128
2.246011452710979,NA,-1923.144313954522,PC1,-0.8272296781957995,-0.38009127153140054
2.279098482931676,NA,-1919.3807730553306,PC1,-0.7667088863711827,-0.38549443568983516
2.152024841820171,NA,-1922.5089419447418,PC1,-0.8165738535018142,-0.3179095443716309
2.2651539490118835,NA,-1919.9791018350056,PC1,-0.7105046623099994,-0.4978389459610493
2.3950813741948234,NA,-1921.2774172342117,PC1,-0.9215695375822694,-0.5462668173886035
2.3691618792316875,NA,-1918.4531694242191,PC1,-0.8416747085826733,-0.46360646201165606
2.315301309681357,NA,-1922.1675077674458,PC1,-0.8381446570903451,-0.4986716781344226
2.267212173755342,NA,-1918.2769493075732,PC1,-0.6717939708480648,-0.5100731269931132
2.408391958606564,NA,-1925.125390756368,PC1,-0.8190709103005053,-0.5784661077286296
2.3236876278303518,NA,-1917.9136076356046,PC1,-0.8438082456771603,-0.5389124718062267
2.494444218408163,NA,-1920.7885467129095,PC1,-0.7023806972161807,-0.7650398212808728
2.3591625085220307,NA,-1919.2952307804949,PC1,-0.9241760654981958,-0.3797353056463372
2.4121452186417316,NA,-1922.0317615702384,PC1,-0.655572004952084,-0.6623868923625761
2.3193524232250846,NA,-1921.1466146377795,PC1,-0.8088525312369813,-0.3429132994163713
2.298657477598927,NA,-1918.4680951922178,PC1,-0.8297669820926803,-0.5201184025532287
2.3185754115041117,NA,-1918.4729053132992,PC1,-0.7946324624052656,-0.48571289993684175
2.5245796356359946,NA,-1924.4373331613092,PC1,-0.5972052393433076,-0.7452666650473191
2.383014189010684,NA,-1920.2462843756396,PC1,-0.7899043568279356,-0.5330320519643339
2.648894556521151,NA,-1929.4853006398928,PC1,-0.810502662966807,-0.7703799707691904
2.405782012238231,NA,-1921.2452330990518,PC1,-0.8017271927066636,-0.6333771076682221
2.3092671211215845,NA,-1921.8436149361805,PC1,-0.7522320586474114,-0.5420281161230879
2.386200641330329,NA,-1924.2591546746633,PC1,-0.767992573892378,-0.6579774101733149
2.4616466055537067,NA,-1924.9782687837376,PC1,-0.8416329681547122,-0.5984433136430777
2.220019336213603,NA,-1920.0921691011301,PC1,-0.7192119651340932,-0.49455438024220255
2.423812786011043,NA,-1921.2989049235268,PC1,-0.9336579289707396,-0.5336604186985696
2.444671133181977,NA,-1923.6816614430663,PC1,-0.9190895768594046,-0.4629390719303945
2.4721246039014186,NA,-1921.2796207666481,PC1,-0.6268090360921139,-0.6628150551377396
2.4180484210066453,NA,-1920.057235487537,PC1,-0.7940064532079771,-0.4988853426978668
2.289281147812121,NA,-1918.1876565719263,PC1,-0.6916075392146642,-0.585116105797536
2.5711545313028346,NA,-1923.416870718703,PC1,-0.7991554592135786,-0.6740878200901043
2.338411507569381,NA,-1916.9210534694125,PC1,-0.6697357731285798,-0.6250457093409145
2.254667354430274,NA,-1920.1395364050952,PC1,-0.5974706392812362,-0.6553154818410767
2.3969860143551966,NA,-1923.09879304142,PC1,-0.7725581257234967,-0.6224636735238738
2.3306259907174405,NA,-1922.329632915864,PC1,-0.7177633391877482,-0.5595893461116251
2.244931324441801,NA,-1922.0389634092005,PC1,-1.0140111606143687,-0.31876357870302174
2.442115635163463,NA,-1918.184656980035,PC1,-0.8192247648112763,-0.5304863769815793
2.45242437842446,NA,-1919.5014780783526,PC1,-0.7373657618573177,-0.7082915042810356
2.337129355830941,NA,-1921.6825706491586,PC1,-0.7755836817460012,-0.48987803426046617
2.411719659877913,NA,-1921.789753474595,PC1,-0.6151119311827794,-0.6271019039751614
2.382473142990833,NA,-1918.2103849588898,PC1,-0.7124759893585388,-0.6539864988540258
2.4382796151442205,NA,-1918.520609876653,PC1,-0.8436254000801667,-0.5525528591490159
2.3116900166933703,NA,-1919.1169316744067,PC1,-0.8422375414333403,-0.48599206355736235
2.3161181246600315,NA,-1920.7233862939588,PC1,-0.9041957529984286,-0.39806913477604305
2.2637996481609632,NA,-1919.7987217543348,PC1,-0.7084355903980235,-0.5275683273475261
2.275759929041546,NA,-1922.4249559738996,PC1,-0.7470043317890533,-0.5506420090519376
2.4127905394984888,NA,-1920.8859143658985,PC1,-0.8357285015285139,-0.6110975829911116
2.353579140199809,NA,-1922.3818486704304,PC1,-0.601312491223472,-0.6751010003578054
2.3873129317782036,NA,-1923.2720372977449,PC1,-0.872205206079862,-0.3383470844391244
2.4474726229199413,NA,-1921.882541978687,PC1,-0.6798746024119265,-0.6746289880440293
2.3257677620907993,NA,-1918.4325084470645,PC1,-0.7979847413529524,-0.46072108599338024
2.4045193991011558,NA,-1920.2284402268515,PC1,-0.6364268293921219,-0.6396854485720529
2.324130346918388,NA,-1920.7764629250858,PC1,-0.5087463493350326,-0.6364295050902471
2.3724393118269798,NA,-1920.165364601402,PC1,-0.8523751500834924,-0.4696521542321779
2.331573338381595,NA,-1920.5962042469105,PC1,-0.9001514703359222,-0.5235147204949797
2.2763549356030808,NA,-1919.8988724446185,PC1,-0.5706098741233853,-0.6233644847306328
2.400004622413745,NA,-1924.565662941386,PC1,-0.617943119907905,-0.7376421886657676
2.419440574690971,NA,-1924.1483669707945,PC1,-0.6754163215311088,-0.6727401024527051
2.3048186910766195,NA,-1918.4417064453582,PC1,-0.6251296279041493,-0.6475297496346443
2.350283833797946,NA,-1920.9755754409223,PC1,-0.8437638042181913,-0.6117340209526031
2.3199967216816693,NA,-1921.124849459408,PC1,-0.99425817764131,-0.46599640373624795
2.415029676291596,NA,-1921.5038233483406,PC1,-0.667946499140092,-0.7272302788419635
2.355154442319606,NA,-1921.3713769743617,PC1,-0.7508758527379523,-0.6081272797231181
2.3524392568670445,NA,-1919.1074706468758,PC1,-0.805683510264851,-0.5185206743353995
2.307833895906659,NA,-1918.1115487051197,PC1,-0.7631719451572524,-0.5095881553081477
2.2424943292380806,NA,-1920.2297587810872,PC1,-0.7150204799333914,-0.5835679136648491
2.3021842774535775,NA,-1920.5220736860708,PC1,-0.6601314111021335,-0.580777888803536
2.2826540644337245,NA,-1921.2653956517008,PC1,-0.5757939640902268,-0.6785519767136496
2.1814393562051566,NA,-1925.9630186827155,PC1,-0.9747253171785271,-0.26877798961546723
2.4202788881731965,NA,-1922.8535225689207,PC1,-0.9427215697842363,-0.4261474972823902
2.3299130836863964,NA,-1918.1943415675203,PC1,-0.6814788187312207,-0.5555061122788049
2.330242842809917,NA,-1920.2405829409226,PC1,-0.7459856656013335,-0.5512256460936072
2.3519568438025673,NA,-1918.1815472593391,PC1,-0.6993419402143497,-0.5738398254356559
2.3411777439826476,NA,-1919.157139337184,PC1,-0.6508188006675298,-0.6648087747104434
2.405368151268129,NA,-1919.0038348422263,PC1,-0.9469154029154451,-0.48362789943027895
2.355132800164366,NA,-1925.1442251640644,PC1,-0.688473405332535,-0.5177266415156013
2.4226028061005276,NA,-1926.2264051382315,PC1,-0.6066369702843387,-0.6051051369608993
2.3824036960870827,NA,-1919.4908777155717,PC1,-0.8410843759318741,-0.5178932455480273
2.377921695338315,NA,-1922.2512561806284,PC1,-0.6849091411780661,-0.5867624634323849
2.493029417930621,NA,-1921.2331510532815,PC1,-0.7773232658976319,-0.6953845628544043
2.4603752598649757,NA,-1917.9461402877982,PC1,-0.794725013240303,-0.6146676699349761
2.3938588079915273,NA,-1917.9483724790307,PC1,-0.8692654809654773,-0.5304373388837716
2.3560274989753536,NA,-1920.8941913823178,PC1,-0.9194007800216915,-0.4685019947867252
2.203562940134413,NA,-1918.1073443275834,PC1,-0.8205714679738857,-0.33983672097044115
2.3024832611651798,NA,-1924.4191335122975,PC1,-0.6980044861941481,-0.654959352384753
2.393372155800443,NA,-1922.739610919466,PC1,-0.847015597073448,-0.5034332949101836
2.2514280815933314,NA,-1922.409768512839,PC1,-0.9324200849652193,-0.31181902373595305
2.1635218443060436,NA,-1920.7335986618227,PC1,-0.7499513589548776,-0.4270142291264135
2.607338553227722,NA,-1922.2036853474442,PC1,-0.7039615111999715,-0.8842865417616251
2.39199066267593,NA,-1920.2942553748658,PC1,-0.7959842722253827,-0.40489352239938664
2.382014994357775,NA,-1921.7244136093811,PC1,-0.5994740129281176,-0.709549651571299
2.262579707801934,NA,-1923.1282412384853,PC1,-0.8525118432649285,-0.4822875364899115
2.216587131389731,NA,-1924.2017780215408,PC1,-0.7708458218138485,-0.45078673067396186
2.4038598427890894,NA,-1920.17914837654,PC1,-0.7131459366867537,-0.6268891289555812
2.3737150029731007,NA,-1917.4328319909569,PC1,-0.7924786642706418,-0.5392810328411524
2.231175340777866,NA,-1923.2921425552713,PC1,-0.8049949687687274,-0.4654609331452835
2.3456476928757732,NA,-1920.484588756483,PC1,-0.7261923118921285,-0.6127249065396132
2.457283059159257,NA,-1919.950098341975,PC1,-0.8128119187827507,-0.5504613401457912
2.289858242455708,NA,-1921.8827498559515,PC1,-0.9864301929879085,-0.34025569310368836
2.418720880186899,NA,-1920.0512951148137,PC1,-0.841150820973711,-0.5705902703722334
2.3658714834730348,NA,-1919.2782779646645,PC1,-0.755263481235466,-0.5867292740550075
2.367034413353611,NA,-1921.9659906179954,PC1,-0.6944036988175512,-0.6546943499566079
2.217947052969313,NA,-1920.527823065444,PC1,-0.6690885132331107,-0.575399521705367
2.3552268322500103,NA,-1919.6782284801097,PC1,-0.7064388831589208,-0.5435044256379472
2.311927711016094,NA,-1920.2748321621298,PC1,-0.8105454841731257,-0.47717406670392337
2.473523678526584,NA,-1922.052031345503,PC1,-0.6759638324130524,-0.7276549784239786
2.347593705250623,NA,-1920.8597161840812,PC1,-0.9555371566754585,-0.5067953945898451
2.191002160692438,NA,-1922.3430143971887,PC1,-0.7737024560120341,-0.4900068017373486
2.4037675835957524,NA,-1920.912076870175,PC1,-0.6735680687610167,-0.6167246627071925
2.3084239265594038,NA,-1926.0218026330595,PC1,-0.9008081448998452,-0.4466482822501168
2.333208541347787,NA,-1918.9116198639028,PC1,-0.8991064520798897,-0.4430349189642823
2.5293056462527805,NA,-1920.6566674360904,PC1,-0.8457687112203971,-0.6444383746590537
2.395190952891177,NA,-1919.4323030809119,PC1,-0.6507838712388253,-0.6526958162961771
2.391841676517582,NA,-1921.5893795211489,PC1,-0.8100461954195037,-0.5069928779940429
2.251363829650194,NA,-1919.3507901521266,PC1,-0.6580383252927559,-0.5604559126027681
2.308597639552171,NA,-1918.5863003210707,PC1,-0.6993830991892733,-0.5071162264256495
2.415438656714834,NA,-1919.1004973216523,PC1,-0.7275745943827103,-0.6154286998354743
2.4599838626578228,NA,-1919.0589552913432,PC1,-0.6910738553251435,-0.583372335830596
2.1555870030819215,NA,-1925.4797865537153,PC1,-0.8791841658598533,-0.4231512102153555
2.3790312649308407,NA,-1916.3901650442988,PC1,-0.8035551464456158,-0.5477125856228825
2.4566582126967087,NA,-1920.4783180160027,PC1,-0.7854214840920679,-0.729204676110603
2.2759099450564837,NA,-1920.453972624373,PC1,-0.7029453883744999,-0.5372521148436448
2.349227884717827,NA,-1918.6721689120948,PC1,-0.6406170794829269,-0.6406069590485991
2.3710214094119757,NA,-1920.7285091572353,PC1,-0.5981865953058954,-0.7251673843907799
2.3495778240855847,NA,-1928.798627898146,PC1,-0.8994892131995655,-0.4572155972437479
2.346687536814337,NA,-1920.8690229115398,PC1,-0.8861460555290046,-0.45656591419756853
2.3728599831614603,NA,-1920.9011097462899,PC1,-0.7706595849695549,-0.4490731782128708
2.374078723435184,NA,-1924.8058537510926,PC1,-0.5907425336288509,-0.728459943366088
2.3162516286325405,NA,-1922.864092460458,PC1,-0.5921201703167673,-0.6477138454578193
2.4158270868139375,NA,-1919.6003164358267,PC1,-0.9351250441195074,-0.4508423787586885
2.2904881876212553,NA,-1918.8665159828108,PC1,-0.7771870201354532,-0.40262132601550615
2.3908240228423687,NA,-1925.0943902210504,PC1,-0.8077775268014395,-0.5643542979976546
2.44197973309732,NA,-1920.8066553949607,PC1,-0.7191754409364719,-0.7605450477554301
2.26251342912155,NA,-1920.8113343730934,PC1,-0.8310965956270052,-0.5875134416769696
2.3668661128268464,NA,-1925.8586062945674,PC1,-0.5026719758210254,-0.7286307937574257
2.496082166286392,NA,-1920.4479776375867,PC1,-0.6916297895363793,-0.7367867706647488
2.4384861645122506,NA,-1920.0555507566348,PC1,-0.9668652933508086,-0.43764733682617246
2.39471552262167,NA,-1921.3698744625133,PC1,-0.7123811986028342,-0.6385031493514571
2.393755954328818,NA,-1919.0771393607174,PC1,-0.7692090659121901,-0.6469366184789684
2.202247078962059,NA,-1923.0869145666334,PC1,-0.8570498755233643,-0.2540287731385938
2.2316892452624555,NA,-1920.0711329706926,PC1,-0.7479178397433928,-0.45781244183390385
2.312860561703987,NA,-1921.511815805753,PC1,-0.5930619352375842,-0.6651660564956734
2.243701333899678,NA,-1920.888467834366,PC1,-0.7360956098401739,-0.5450833801520302
2.2674676108515266,NA,-1921.4851893825903,PC1,-0.8277765375256786,-0.5033531402434218
2.407992335119509,NA,-1922.8356870265536,PC1,-0.6275354454881934,-0.7661686462633882
2.361840345023683,NA,-1924.130079699298,PC1,-0.5620468941429466,-0.7758166973210299
2.255379473774623,NA,-1919.7282468152132,PC1,-0.6514899112762514,-0.5931787566431032
2.514624513219953,NA,-1922.6438463917495,PC1,-0.7578919769471645,-0.8235571048719694
2.3707465213257928,NA,-1922.7305036899518,PC1,-0.8258348322897088,-0.5207584254233891
2.421527227920084,NA,-1922.204502391633,PC1,-0.7916357519730677,-0.6310734219350291
2.3627917081041994,NA,-1919.0939177946657,PC1,-0.6035196967360104,-0.6029667174517975
2.4216202672650105,NA,-1919.584041611537,PC1,-0.6526337585251121,-0.6524377522585734
2.2707419908733706,NA,-1918.7399361962046,PC1,-0.8864397489724548,-0.361467635143862
2.317251473016121,NA,-1916.6810113877602,PC1,-0.6551172568302295,-0.5836271834880796
2.2434314229073142,NA,-1921.137039502608,PC1,-0.9251256074407576,-0.45295300043486264
2.3303107916630483,NA,-1920.6723774616528,PC1,-0.8001760115040198,-0.4973870752467997
2.363647749641143,NA,-1919.2565508596197,PC1,-0.6480358894228947,-0.6557697477013605
2.3869333634509218,NA,-1923.1814844235785,PC1,-0.7932536363084228,-0.6024822369422967
2.4150808134451434,NA,-1921.5110364243544,PC1,-0.7617040567830875,-0.5305134644614775
2.422633686558784,NA,-1921.191058405723,PC1,-0.5816794968704482,-0.6993202400499783
2.29531350203628,NA,-1919.11121273972,PC1,-0.8558096671129222,-0.4864487140287354
2.4133360210567925,NA,-1921.9364332810458,PC1,-0.8205336924391641,-0.4498972647210112
2.4169512414527166,NA,-1926.1813901512478,PC1,-0.8086860410796549,-0.5652746116913113
2.345036564256931,NA,-1919.211979837433,PC1,-0.850645115092308,-0.49267319156234524
2.4476660232874003,NA,-1921.1704731190318,PC1,-0.6416626190308238,-0.7446980461185672
2.4272926729715856,NA,-1923.7939066257688,PC1,-0.9239407321519217,-0.4507244971681115
2.393687424343842,NA,-1923.569520450317,PC1,-0.649919668134396,-0.8329352434080083
2.3881200972892778,NA,-1921.8341307302962,PC1,-0.7631965819530967,-0.6386335310324981
2.4197912632148415,NA,-1924.5446306331037,PC1,-0.6656704343647722,-0.6027412479919702
2.2917940818220286,NA,-1917.626298564571,PC1,-0.8185724746458983,-0.5234409437115237
2.338391499929532,NA,-1921.4608365698878,PC1,-0.9441948820351882,-0.4553234950953932
2.305821180347278,NA,-1921.3550300486884,PC1,-0.7727766084638004,-0.5149224934383767
2.314822954953518,NA,-1921.8039767384396,PC1,-0.6254733033425346,-0.7487511012316186
2.2730713375729437,NA,-1926.7866003159886,PC1,-0.45250741303771463,-0.6970704427998308
2.380471454366487,NA,-1920.0668825905532,PC1,-0.8176490601438433,-0.6269994907539466
2.394504677233023,NA,-1919.9053357710943,PC1,-0.7649492850534182,-0.6287311144879416
2.244401533397666,NA,-1921.2591168610077,PC1,-0.5230937792612473,-0.6461736654027341
2.349081855936682,NA,-1921.627314185414,PC1,-0.5703615605984734,-0.7248616021391547
2.388416857480454,NA,-1917.557809943854,PC1,-0.7090289184042122,-0.5702431130017943
2.4026500010026197,NA,-1924.2132869868572,PC1,-0.7249534447524308,-0.6950363120633478
2.4459337648345403,NA,-1920.1943556599674,PC1,-0.7742687859851535,-0.6037520399105438
2.505749998503083,NA,-1927.4503475884324,PC1,-0.6661388545970635,-0.80422465509722
2.1996963179396007,NA,-1923.561999159901,PC1,-0.5937691986740817,-0.6033502945973742
2.611578497382608,NA,-1922.5730086201836,PC1,-0.8430622873079033,-0.7274648207566186
2.205727766577184,NA,-1922.0197672635227,PC1,-0.850629475631589,-0.4286556659353794
2.2362506389656334,NA,-1921.8517554741807,PC1,-0.8012379919821373,-0.36665898985404294
2.315804436107923,NA,-1922.8800839340545,PC1,-0.5887462204029451,-0.6547530382449235
2.345921907051221,NA,-1918.8493312190535,PC1,-0.8142662562654395,-0.5681856609340497
2.410566186522112,NA,-1920.3557131345628,PC1,-0.6580770211767312,-0.8070884467153198
2.36472453748094,NA,-1922.2097787714472,PC1,-0.6866793499567909,-0.6643254179674993
2.179620008431248,NA,-1923.1889065242265,PC1,-0.7739945893841529,-0.3027184016831899
2.321237067289333,NA,-1920.3296893243255,PC1,-0.7799618184364819,-0.4098660798603219
2.4113165369658325,NA,-1926.3062728863752,PC1,-0.6167605935015059,-0.6059785793852268
2.498908872841343,NA,-1925.3355742040021,PC1,-0.834545457874298,-0.6206518566527907
2.314431005286423,NA,-1922.3969796946672,PC1,-0.8501306945416512,-0.41186334827233095
2.3577182060477733,NA,-1920.162716445341,PC1,-0.8467759540668565,-0.4398490731000272
2.2291418243958088,NA,-1920.7118191636907,PC1,-0.7004385241195463,-0.42737049998113896
2.5020844982672106,NA,-1920.4540536500854,PC1,-0.9213615219734643,-0.5886411093490813
2.3186365260830235,NA,-1919.8851511102762,PC1,-0.8452963875875127,-0.41981764818426814
2.3749454190141526,NA,-1918.5314193924007,PC1,-0.7949062947283934,-0.4591650452351371
2.4518695570376043,NA,-1925.3458767023928,PC1,-0.9395643399686632,-0.5514578408173173
2.2859703635174546,NA,-1919.6007938024375,PC1,-0.6961507465904576,-0.5093513556725463
2.1867395846542546,NA,-1923.3308662062936,PC1,-0.5762773564024173,-0.5093178115405358
2.4571179308885567,NA,-1920.3638061933775,PC1,-0.652707282253539,-0.7186483432455497
2.278458856008717,NA,-1921.246109517232,PC1,-0.6608483407945288,-0.5413776762683086
2.5108187417538073,NA,-1926.1569101898747,PC1,-0.7320213015523267,-0.8248620464779536
2.209428023821233,NA,-1920.5034474362733,PC1,-0.6628522101275066,-0.4649895687037952
2.305882475209589,NA,-1919.882052358822,PC1,-0.7409005318399894,-0.5047668859871175
2.335671688138238,NA,-1920.440477393277,PC1,-0.6567360189437977,-0.6562272074064759
2.442913808442037,NA,-1921.5118129102916,PC1,-0.5872389676668648,-0.7467352459932652
2.523090121598095,NA,-1919.9549194937292,PC1,-0.7268599687218701,-0.698289930935207
2.3045987019479934,NA,-1921.9346127542894,PC1,-0.7921361677207288,-0.47109372482816
2.341280573182594,NA,-1916.2719952191696,PC1,-0.7350605428835824,-0.6003463820860143
2.5569381916318803,NA,-1923.3574441075443,PC1,-0.8284816859454875,-0.7306647454686195
2.328107418005335,NA,-1921.2434838316685,PC1,-0.7424682617444525,-0.6267630291644504
2.200549391421134,NA,-1923.8740887012168,PC1,-0.6663697159923009,-0.5796245971519557
2.4610244295418093,NA,-1920.712687604145,PC1,-0.7368392379923281,-0.7148251081212539
2.403729098035619,NA,-1922.9675143863496,PC1,-0.9262262138080701,-0.41297335442758865
2.3145708000032514,NA,-1922.4433075000259,PC1,-0.8281038674831381,-0.4568605861605908
2.4035605589282407,NA,-1917.4052094539963,PC1,-0.8945761200355085,-0.5302445665556668
2.3935616014981025,NA,-1921.9900446947418,PC1,-0.9528797863099062,-0.5420620282834752
2.454945043400395,NA,-1918.8133130054418,PC1,-0.6736409632087944,-0.681250451652865
2.473588813465343,NA,-1921.2486926632332,PC1,-0.8356688414390552,-0.5486883132265097
2.2560735417838202,NA,-1918.8754454352265,PC1,-0.806187166681495,-0.41081255876351574
2.2721392655976884,NA,-1926.274897940064,PC1,-0.5613770654197818,-0.5641764641214879
2.450922870985964,NA,-1922.2515921075276,PC1,-0.8787259064134421,-0.5619644973517226
2.40417501947969,NA,-1920.2927660238674,PC1,-0.821301409857442,-0.5474352543663122
2.211606795577687,NA,-1921.0139648235704,PC1,-0.8358239523018695,-0.41677217575182673
2.490829075959878,NA,-1921.5541469464697,PC1,-0.8999118610267367,-0.4792320922972926
2.2903956326707773,NA,-1921.7397822235316,PC1,-0.5732621353699947,-0.6452594471378712
2.4784774015562725,NA,-1925.6762434981897,PC1,-0.6573472016912917,-0.787234388006024
2.4091472931723,NA,-1918.385793127881,PC1,-0.7787895501096561,-0.5123550137644093
2.405489887709274,NA,-1920.3443392390463,PC1,-0.7086857571415561,-0.7570952086083634
2.416568309742505,NA,-1927.3400884112757,PC1,-0.643347524365719,-0.6563866928986559
2.4060605110972415,NA,-1922.1946664959255,PC1,-0.7864954832655399,-0.5960788937915075
2.4363323582892016,NA,-1920.8877854209863,PC1,-0.7729855938576202,-0.6298466420291031
2.3465998528881213,NA,-1919.2547710382125,PC1,-0.5701679947896003,-0.6391150533842925
2.2805426685391836,NA,-1924.0416697291894,PC1,-0.6403438615885749,-0.6541709327536563
2.3700597818443114,NA,-1923.9867876304625,PC1,-0.7080102134765315,-0.5824711099082489
2.3759700602587386,NA,-1918.80530615258,PC1,-0.7966414459593393,-0.6303185799109655
2.1287090685702434,NA,-1926.6094908577259,PC1,-0.8171241976059194,-0.31677286090885165
2.409056307308775,NA,-1918.013925449621,PC1,-0.8553110131713474,-0.5425062131700461
2.2316083622407814,NA,-1921.6600977454236,PC1,-0.640303924818641,-0.6112743887055723
2.323539475453292,NA,-1922.207305392877,PC1,-0.930107450638868,-0.3763825561491189
2.3691821216374445,NA,-1919.3669829549237,PC1,-0.7901976953758667,-0.588245665526067
2.4501531636430656,NA,-1923.3808158326885,PC1,-0.9272488298862436,-0.5154460839088136
2.3031293205704055,NA,-1922.0904019333611,PC1,-0.7785700498652371,-0.5463692642778445
2.3457882917472146,NA,-1921.311739651227,PC1,-0.6951972508028716,-0.5720203348240863
2.268442917421694,NA,-1919.9121390999999,PC1,-0.8582786135081855,-0.3536557883330506
2.2781919776028263,NA,-1919.2803598126523,PC1,-0.7092149846842463,-0.5364968610018248
2.4253386878021432,NA,-1924.8306540012763,PC1,-0.8635095975341791,-0.5517323133947245
2.3212262850311967,NA,-1921.0781943866375,PC1,-0.6142025937607767,-0.6515541919783495
2.5302547309698706,NA,-1925.5846233552168,PC1,-0.5510743025295017,-0.8958431527056243
2.3295115781905498,NA,-1917.800544493094,PC1,-0.6874985311427751,-0.593892147810757
2.3257865993800406,NA,-1920.4664564582495,PC1,-0.7811649777357067,-0.517061845671522
2.353030926000851,NA,-1921.2239348532212,PC1,-0.63734330016297,-0.6743026371512653
2.531944405123691,NA,-1919.933608242084,PC1,-0.6695786912471469,-0.79778998929365
2.248832722761582,NA,-1923.0482571896396,PC1,-0.9203580644491665,-0.34232030835194815
2.2739497902750365,NA,-1920.3565201623067,PC1,-0.6743693341595518,-0.5898718258451495
2.2965017665351346,NA,-1920.9154059835641,PC1,-0.9094990693199092,-0.4661406533444893
2.365012948992773,NA,-1925.5675239558445,PC1,-0.8284137694984439,-0.4173836590960134
2.3245324582546583,NA,-1917.7544928285158,PC1,-0.7065665611970733,-0.5969234850371322
2.1824283946570824,NA,-1919.0609624565925,PC1,-0.802787879806406,-0.3976759308434823
2.3157388679981734,NA,-1918.2837918767084,PC1,-0.7989062221146115,-0.5104690175832156
2.196615646809325,NA,-1922.3514625770845,PC1,-0.6798917360501538,-0.4023369120521447
2.3832856410486953,NA,-1920.9702077887155,PC1,-0.552609784463919,-0.683333814921546
2.2876604011734725,NA,-1920.035449906632,PC1,-0.8011002731407153,-0.4980758313482791
2.293829387187573,NA,-1918.214185952728,PC1,-0.7163295465337987,-0.5131538234370712
2.3001297776500325,NA,-1922.1630365543383,PC1,-0.811066729258482,-0.44050733063017394
2.3166927278145444,NA,-1920.2875468593652,PC1,-0.7890222598585177,-0.43340823518488725
2.4001248542427045,NA,-1921.3424945513955,PC1,-0.7935322615836068,-0.6204631886601619
2.2401514514782996,NA,-1920.9064214607502,PC1,-0.6555944843767492,-0.5567706299159842
2.474796276078276,NA,-1920.3407655251247,PC1,-0.9418526366393141,-0.46600810106537366
2.3034224006864776,NA,-1921.8150550208277,PC1,-0.8302249957096072,-0.4174162279764553
2.2286731296286755,NA,-1921.223519717601,PC1,-0.8776102390371822,-0.43200475558384716
2.361250718826568,NA,-1923.6209608977863,PC1,-1.066566836710527,-0.26972965619568035
2.391103640259113,NA,-1921.0757987413106,PC1,-0.6927257939512605,-0.5967377780534335
2.238544450182716,NA,-1920.6262890219532,PC1,-0.6814172708221914,-0.5250984542438653
2.2623346421693564,NA,-1924.0788574851654,PC1,-0.5918083690041964,-0.5854699731075126
2.393743395559261,NA,-1918.5955696862368,PC1,-0.7747712275892323,-0.6204076123634538
2.3403171346833354,NA,-1922.4320987113601,PC1,-0.8636439611698817,-0.4741461393653902
2.1507108507895634,NA,-1921.457007664573,PC1,-0.7797075910694796,-0.44001878076632817
2.393387553964623,NA,-1920.4921661059661,PC1,-0.6781117844564568,-0.6140525836345022
2.4627364236024705,NA,-1924.430930362567,PC1,-0.7309844983286813,-0.7456908537744262
2.4841745887214315,NA,-1921.5865869447462,PC1,-0.65278206183135,-0.7431407571915164
2.473395884715765,NA,-1920.0735462326031,PC1,-0.6613938696760518,-0.7016407208029726
2.4271775263260165,NA,-1917.6366729186125,PC1,-0.8587718900349398,-0.5156445395823249
2.3092145406185667,NA,-1918.1878111598155,PC1,-0.7286893525823085,-0.5529617429904166
2.212420323893786,NA,-1921.1929575231022,PC1,-0.777860312569758,-0.3630962945521745
2.5196730133965746,NA,-1918.8051706939511,PC1,-0.720348763686852,-0.77314980127102
2.279900314969607,NA,-1923.0451950522101,PC1,-0.6242942772880866,-0.4665701580591352
2.122486731982756,NA,-1922.6756759594607,PC1,-0.6826558970204653,-0.47235943718941187
2.258428620222273,NA,-1921.4280372519295,PC1,-0.8145715799796962,-0.5475962554032241
2.365969298245341,NA,-1919.9280555676519,PC1,-0.7594244262721458,-0.532244863459031
2.3468915633272824,NA,-1919.7968074524795,PC1,-0.830376389383816,-0.401690219654572
2.446838686727304,NA,-1919.2621236635875,PC1,-0.7759658069658123,-0.569664755707344
2.3646922172966622,NA,-1920.4336441530886,PC1,-0.673222738007304,-0.5932802578046218
2.307453522243499,NA,-1924.9459446507694,PC1,-0.7147061412698675,-0.7016657217714886
2.3299168044266323,NA,-1919.296414206684,PC1,-0.7877718300949275,-0.5663869267622719
2.316450025508802,NA,-1922.4300894521928,PC1,-0.649928201442358,-0.7038354214210365
2.3132718171271223,NA,-1921.5650256586703,PC1,-0.8507144706500788,-0.545259602678961
2.1969383554342135,NA,-1923.76916292292,PC1,-0.9389160643221043,-0.30072844309746233
2.152500514070236,NA,-1919.7766016001158,PC1,-0.7536119748403005,-0.3936036815149853
2.4402432885494916,NA,-1922.5918570211463,PC1,-0.6443171681309132,-0.6812151351686683
2.2628961152042355,NA,-1918.3122757646893,PC1,-0.6973473058991945,-0.5147232779963212
2.3240660499558405,NA,-1919.625044470377,PC1,-0.7741995585095794,-0.5496763005990812
2.2892844934656167,NA,-1920.9458949455022,PC1,-0.6443662207696306,-0.663526492306642
2.2872725359031523,NA,-1927.2283520606934,PC1,-0.6374615513051163,-0.5898046504175879
2.261552059641116,NA,-1919.9278358155834,PC1,-0.9511515208130743,-0.33240596634272546
2.3176436324679606,NA,-1919.42719465856,PC1,-0.6034361767224699,-0.5773519668123208
2.426103775662225,NA,-1928.834287785122,PC1,-0.957941149428495,-0.4327702062318019
2.2428007251109365,NA,-1917.5635586582432,PC1,-0.8095563548991822,-0.4882706067691795
2.5085936568701452,NA,-1921.8201274750095,PC1,-0.9306181173368447,-0.5998938157617065
2.447988666713815,NA,-1921.7718595749043,PC1,-0.933187911495451,-0.5203796144931818
2.3285901081033056,NA,-1921.1208519750735,PC1,-0.5833621045026681,-0.685704457602008
2.459428767232239,NA,-1924.3269528336014,PC1,-0.5522447657264385,-0.8053242792650871
2.2929878564842046,NA,-1921.3191186904007,PC1,-0.9588649475722377,-0.29602489144657573
2.233288049984884,NA,-1922.070796198593,PC1,-0.8010909361654671,-0.5807267516029898
2.341845362412784,NA,-1923.8530357449536,PC1,-0.6672264855716018,-0.505043482144954
2.342620276316032,NA,-1920.5605822623872,PC1,-0.7628150671049612,-0.6050952269085441
2.3396424193343193,NA,-1927.8416269860593,PC1,-0.49396604007529005,-0.655159739612639
2.3297128119137054,NA,-1922.9958231871408,PC1,-0.7349779095448853,-0.5944317065376573
2.396385685092253,NA,-1918.5043272840483,PC1,-0.7584752433707823,-0.6999442750842225
2.3219206314408405,NA,-1919.8446957246197,PC1,-0.6457119548904746,-0.5807232228824998
2.253223401687262,NA,-1921.2309426981205,PC1,-0.7319832401404964,-0.43801114028275434
2.164536618135645,NA,-1923.6140063876658,PC1,-0.6160795214288501,-0.4934227855748879
2.3466835402164583,NA,-1927.0509900922784,PC1,-0.6116727388413972,-0.5009564905102877
2.48844191523132,NA,-1920.1558823555852,PC1,-0.8370920019139283,-0.7163316944804705
2.3384320129391445,NA,-1918.4332815568534,PC1,-0.9028603774368466,-0.5448067157588763
2.2946248346298304,NA,-1919.1188299557937,PC1,-0.7327838435264984,-0.5332469520506036
2.340996332680666,NA,-1927.5630868786166,PC1,-1.0123852144544878,-0.2694259917462307
2.3418554021906908,NA,-1925.506666107425,PC1,-0.9062122606202803,-0.2693108063499184
2.3772254309656353,NA,-1921.6743445720845,PC1,-0.7924750987156383,-0.4427245751166121
2.352813557614923,NA,-1918.6008472899834,PC1,-0.606013831915968,-0.622479841570901
2.337774858672746,NA,-1918.8197153133724,PC1,-0.6269135400740699,-0.6748983565123541
2.4039186712545457,NA,-1919.0539928742814,PC1,-0.7389821029956151,-0.5582441707554093
2.46925894290493,NA,-1922.7125176127781,PC1,-0.6689678595924258,-0.704736718852538
2.3113880960867697,NA,-1920.179136326162,PC1,-0.8787692161153449,-0.3707587804136839
2.3550478298908413,NA,-1921.287518835333,PC1,-0.7265276618124838,-0.5704881898343093
2.304161085622033,NA,-1922.442266415749,PC1,-0.8675652973905235,-0.37322663426496144
2.2185952754136506,NA,-1921.9155348756833,PC1,-0.7147291194760147,-0.44827530776666524
2.25992830463055,NA,-1919.1166145342836,PC1,-0.7887869811056637,-0.44823090623055895
2.4833377648909107,NA,-1919.1486483731019,PC1,-0.7485301827600068,-0.6695565920440868
2.448009687286277,NA,-1927.618802717733,PC1,-1.0490725155161356,-0.47365657780116904
2.423420737969247,NA,-1920.2083193049323,PC1,-0.6856104140429624,-0.6287399128942802
2.2646025202337823,NA,-1918.9634945296007,PC1,-0.8284431777742025,-0.44824891640157005
2.3711218810097643,NA,-1922.2300393345827,PC1,-0.7577722322515735,-0.7326191808636211
2.429731800248506,NA,-1923.7035259344375,PC1,-0.6253996764695184,-0.7664088346387967
2.310875297829034,NA,-1923.2082641430504,PC1,-1.0239751218470938,-0.3039488820012341
2.392830983973979,NA,-1921.4560693645376,PC1,-0.7386250050335099,-0.6163531385517441
2.1394407816726035,NA,-1920.9465236294493,PC1,-0.7568793797546762,-0.4274154532851516
2.3331132415729687,NA,-1920.409116832895,PC1,-0.654274589565318,-0.57476644166279
2.3276993058368105,NA,-1923.3806998290327,PC1,-0.7283201399484056,-0.4188756857229755
2.294548434759051,NA,-1924.8839673794578,PC1,-0.8272933630227735,-0.4851144740483505
2.2673655534925587,NA,-1925.634856796956,PC1,-0.4835665569192439,-0.646468859047837
2.306940509772339,NA,-1918.523192682813,PC1,-0.7094644039934209,-0.5620220630870687
2.245237227013342,NA,-1918.154766310856,PC1,-0.8306935843013207,-0.4574266956520481
2.2971403175227985,NA,-1920.0072592735912,PC1,-0.6378405662878173,-0.5868004127953639
2.361063798179033,NA,-1922.9252830101332,PC1,-0.6443874334857802,-0.553217106537382
2.415564714369558,NA,-1916.816423099202,PC1,-0.744321093221408,-0.6317791226842708
2.4644448624716406,NA,-1921.6526449642722,PC1,-0.7325952624420943,-0.7675511326253909
2.430237440283455,NA,-1923.8383831537124,PC1,-0.7799420540297534,-0.598168054981979
2.385759006361296,NA,-1920.5659988913806,PC1,-0.5803285951827838,-0.6940085651559654
2.2961489708433156,NA,-1917.3547334175269,PC1,-0.8588549332348896,-0.4456905747608255
2.316254257973437,NA,-1919.3881123002902,PC1,-0.7254239295164393,-0.47183113758495687
2.4027900106614175,NA,-1919.4998404984333,PC1,-0.7460805319831695,-0.5644148525492754
2.202929796406613,NA,-1923.3123617231745,PC1,-0.819900144553558,-0.43771534150113817
2.345614943377922,NA,-1923.2505626600898,PC1,-0.6604464696516105,-0.655497146787168
2.388712083273089,NA,-1919.0730102657155,PC1,-0.6085636247287668,-0.6817654818816941
2.303806492927039,NA,-1919.8351406114311,PC1,-0.874180665002755,-0.5114990539663076
2.3442238808638467,NA,-1922.2839197706635,PC1,-0.6503893910036476,-0.7239140454376145
2.346874346537991,NA,-1923.7508276184656,PC1,-0.8111246157524149,-0.5478286222457504
2.430665394908096,NA,-1920.632609068938,PC1,-0.7830289994822224,-0.6735287023322396
2.3664335315437395,NA,-1923.470137624017,PC1,-0.684314374076193,-0.6533470887304055
2.429150946693409,NA,-1922.4483438601098,PC1,-0.6622360500405894,-0.6131560705772903
2.354092650972263,NA,-1922.4993000970314,PC1,-0.7789905400577157,-0.5273736493797557
2.3110005788289483,NA,-1919.8836740313445,PC1,-0.7673323888933586,-0.49703007444445996
2.3406669253402597,NA,-1919.722421659721,PC1,-0.7021526619386196,-0.5661371079867833
2.2913511647385003,NA,-1922.670785870499,PC1,-0.5779001773223268,-0.6708112080850585
2.248301772332905,NA,-1919.4432774619834,PC1,-0.6610554709404263,-0.5830352891991812
2.3310216668287977,NA,-1922.5863054711224,PC1,-0.8024629991569634,-0.5557456168117573
2.3156361856898555,NA,-1919.5282377289602,PC1,-0.9219721045774381,-0.4062323607920938
2.3078499371291015,NA,-1919.9318770136927,PC1,-0.7622340841431604,-0.43525374830221303
2.351458513958287,NA,-1925.1178875337157,PC1,-0.7956040634785756,-0.4699974484875653
2.2239023170793963,NA,-1921.6592508528524,PC1,-0.839170826419135,-0.4615733635495714
2.266774298429841,NA,-1925.3287500071633,PC1,-0.9565855677126985,-0.2829459729904924
2.3879075341158704,NA,-1921.4103396714295,PC1,-0.6505495137896591,-0.6848788833428326
2.355096024327618,NA,-1918.5518996836006,PC1,-0.6855637329416735,-0.59443835834546
2.4176090532226238,NA,-1921.904320766254,PC1,-0.6401805886229002,-0.7700121975406325
2.358919805202321,NA,-1918.6399359248512,PC1,-0.8527802733888488,-0.5537284550774451
2.2039621395169626,NA,-1921.9670465596857,PC1,-0.9159258945847537,-0.3548447864493063
2.4721054211218685,NA,-1920.6070734741577,PC1,-0.875890815435592,-0.5548166809615129
2.484150021855145,NA,-1923.3061065290385,PC1,-0.6996001093538605,-0.6878245332403992
2.539335647918995,NA,-1928.3932088883944,PC1,-0.609691152011411,-0.7224382504424132
2.283327387824709,NA,-1919.068034370632,PC1,-0.7551774005351487,-0.4703926207774928
2.356823406550754,NA,-1922.736868058535,PC1,-0.4602036393158291,-0.8681561809356838
2.4099826129727493,NA,-1920.8476574690444,PC1,-0.9837050234296056,-0.5262609026745474
2.3450070502525433,NA,-1925.8313055524482,PC1,-0.8982085560359995,-0.42176154666143245
2.374681386945869,NA,-1920.2404699535161,PC1,-0.6605455852698959,-0.7164491323531347
2.534370353141925,NA,-1925.3873326678865,PC1,-0.8811180722760847,-0.5959404652505512
2.399636524003658,NA,-1919.114937942656,PC1,-0.689548458646942,-0.6267728436548807
2.3999414129537056,NA,-1921.6356685372295,PC1,-0.6432010054348515,-0.6708292873321833
2.331178141489873,NA,-1923.6288960144598,PC1,-0.6803612664731656,-0.6349499915412707
2.3307392362158095,NA,-1918.8680122422943,PC1,-0.8596752135072369,-0.5064535750394348
2.3250470372958936,NA,-1920.2574424101895,PC1,-0.6684722178039817,-0.5962658374919163
2.319955713571277,NA,-1919.809257232632,PC1,-0.8852358275031644,-0.5560618655368539
2.2235731775939387,NA,-1923.035422169799,PC1,-0.8957761541046931,-0.36982157275264194
2.3920789599483583,NA,-1922.522281191788,PC1,-0.6671852048159523,-0.7942456797938889
2.4116042619706644,NA,-1921.915708594112,PC1,-0.7725445335330772,-0.7842866009374805
2.3206297287145157,NA,-1919.7948236765035,PC1,-0.802046511695684,-0.4527212524609608
2.493203213396645,NA,-1918.7665437039568,PC1,-0.7514487352229979,-0.6618492162181623
2.405517350180587,NA,-1920.9625199919417,PC1,-0.8520847965806803,-0.6806372858868825
2.4545764809531976,NA,-1919.8905565686619,PC1,-0.866105789306785,-0.5345542287620815
2.3033468023069408,NA,-1917.7538503484384,PC1,-0.8158276921056478,-0.46432398267534786
2.412126268560561,NA,-1924.1134609443234,PC1,-0.8022202210788507,-0.669909321302928
2.354262047062826,NA,-1920.846495796792,PC1,-0.7631148438969039,-0.6116695920952715
2.3671979417428726,NA,-1918.8930519812293,PC1,-0.667312320627736,-0.6173843083386121
2.4414602509282433,NA,-1923.570920563617,PC1,-0.7326097868325917,-0.7125754444848973
2.333200025127321,NA,-1920.439630949693,PC1,-0.803852026506777,-0.5956014986822527
2.4264114975579414,NA,-1919.7545427705772,PC1,-0.5851233491676049,-0.7901291976107878
2.5160637674074398,NA,-1922.8712502448811,PC1,-0.723791278040489,-0.8128611744187673
2.3855854279115096,NA,-1922.1422135888397,PC1,-0.8314033824022208,-0.39587806442415835
2.3394777262628326,NA,-1918.5136044053413,PC1,-0.6435424037672948,-0.5637237313909129
2.368664788887808,NA,-1919.0678657846731,PC1,-0.8535131582225737,-0.5565176605638414
2.2533854132584255,NA,-1920.3421102335876,PC1,-0.6285269564693071,-0.5045586994731055
2.318745989753184,NA,-1921.5453561833706,PC1,-0.8386263191796864,-0.4774718474794913
2.2645362156136493,NA,-1920.5451612447985,PC1,-0.7754236783438513,-0.3746711534916641
2.263959936567155,NA,-1929.2183751151847,PC1,-0.5830787410414604,-0.5788783256298615
2.34887737075001,NA,-1921.8039178817312,PC1,-0.7359023037052453,-0.43200455386346226
2.385194077342658,NA,-1917.8735367714346,PC1,-0.8449071331243654,-0.5841354538311212
2.2795844812415362,NA,-1920.4440786638595,PC1,-0.8119580198877202,-0.5069620366927032
2.358798981017395,NA,-1921.4439180200845,PC1,-0.7859406605274464,-0.557609198037868
2.635601095821972,NA,-1926.0213239253317,PC1,-0.8266779577100014,-0.8319808634623294
2.3587923169837315,NA,-1917.7565565062855,PC1,-0.7480149343063895,-0.5768370675347054
2.336392136013481,NA,-1923.968892299654,PC1,-0.8667928848810058,-0.3882133019428435
2.339024227661965,NA,-1919.6736772111792,PC1,-0.7197136860787897,-0.700289637740829
2.3151975568819316,NA,-1917.8453946897362,PC1,-0.8524848016879731,-0.40070393977737767
2.433435428254806,NA,-1919.1412546520437,PC1,-0.7577060864234033,-0.6398656361342514
2.2460476200159056,NA,-1925.4293747847717,PC1,-0.8624804907140105,-0.42617130143479653
2.2490897553008593,NA,-1920.9509054455348,PC1,-0.6799120389434815,-0.5535529025329877
2.427314023272528,NA,-1917.9825080329604,PC1,-0.7020020224415238,-0.6237804773119228
2.300522427598917,NA,-1918.2568483003665,PC1,-0.8408557743548865,-0.44568545330265363
2.2859556874199813,NA,-1923.8690985973635,PC1,-0.8772471283735206,-0.45586016703926857
2.432207333822591,NA,-1921.3562345579649,PC1,-0.6285245862752121,-0.7323055008005187
2.4115382633640388,NA,-1919.7550174751423,PC1,-0.7568542056004477,-0.7202123933447432
2.4124078842143817,NA,-1929.6212618375912,PC1,-0.7176436171835484,-0.6564622214488418
2.329099076247045,NA,-1917.188212785002,PC1,-0.7669633705924473,-0.5292174906521494
2.3357339824328096,NA,-1918.789450065216,PC1,-0.7491731816498258,-0.468814501387405
2.4001536059810724,NA,-1919.6303047273987,PC1,-0.8754487655660979,-0.5720131165357327
2.278647338108372,NA,-1924.111465521969,PC1,-0.5760914771594392,-0.7482028486490829
2.368751808430669,NA,-1920.522598292884,PC1,-0.7675636195992602,-0.5382754336767347
2.2561074985916107,NA,-1919.5172160334134,PC1,-0.7992488636992533,-0.48616585679282964
2.3432721406323394,NA,-1920.0584495336354,PC1,-0.92428321303445,-0.3677634089445331
2.3966350982112403,NA,-1919.9853344491928,PC1,-0.7897317691804355,-0.5622353149512105
2.379228945603096,NA,-1921.5063655492083,PC1,-0.8124914743151805,-0.5510663356484743
2.2960694437524722,NA,-1919.5913140839104,PC1,-0.8180101445381117,-0.5689449771604909
2.3073918835531924,NA,-1922.744943565896,PC1,-0.737413317378738,-0.381406782709365
2.484773774925393,NA,-1923.1494292981713,PC1,-0.670983545253852,-0.639374112437249
2.566953157518107,NA,-1921.540028153452,PC1,-0.8546753155632126,-0.7039694595300291
2.287675226050252,NA,-1918.740482261513,PC1,-0.8493307914914396,-0.5140767803536581
2.393895897553723,NA,-1918.732814712328,PC1,-0.7606820433814242,-0.5658052569251637
2.299062884978935,NA,-1921.018263476766,PC1,-0.8261210013485653,-0.4823877807794332
2.3123200817863347,NA,-1920.7500963605314,PC1,-0.6945979642079738,-0.6452150595084333
2.459403912627835,NA,-1921.4098225824205,PC1,-0.8658506554040335,-0.6404656425047508
2.316408716178156,NA,-1917.8832682401387,PC1,-0.8333562437244928,-0.45519678849881307
2.240262008007079,NA,-1920.417611893116,PC1,-0.6616134551751145,-0.5091747641509311
2.312078617555004,NA,-1918.737211695553,PC1,-0.7455117522307192,-0.4814615315035691
2.305947022786917,NA,-1920.6704534744335,PC1,-0.7043620264281132,-0.5424849676895244
2.4013403845383072,NA,-1918.8491953916134,PC1,-0.7761822584229504,-0.5798105605116979
2.3592111231874546,NA,-1918.8652728560933,PC1,-0.883110714456229,-0.5161019568412808
2.4464254095727553,NA,-1919.933841783273,PC1,-0.7041190796555374,-0.656541125731405
2.3804367086541065,NA,-1924.782688590931,PC1,-0.574593459481396,-0.7501214475252898
2.160882311448139,NA,-1922.9672479141068,PC1,-0.873006804288605,-0.25355455716402114
2.181383337343031,NA,-1921.5038656191768,PC1,-0.7364131649131394,-0.4134162577586262
2.2935284904928044,NA,-1917.5506695800302,PC1,-0.7302528606059219,-0.42257765345697684
2.239809345222308,NA,-1919.7657408429056,PC1,-0.5884382395291842,-0.5453366488613259
2.1798539792440863,NA,-1922.6397726288214,PC1,-0.7596068526727672,-0.5633484863634155
2.297872362067217,NA,-1918.321468222657,PC1,-0.7084206348125911,-0.5472876605092916
2.335951109144658,NA,-1918.572296833915,PC1,-0.707375221801233,-0.486190915979539
2.2436085247866693,NA,-1920.2527218603916,PC1,-0.8047166963962942,-0.3998912327540681
2.3296046792525997,NA,-1921.978681046102,PC1,-0.698620850083123,-0.5075054138211472
2.439273853495374,NA,-1918.500712495473,PC1,-0.7335042949812253,-0.7064104771911963
2.32096748479812,NA,-1919.6850940732618,PC1,-0.6389730786457486,-0.6657893284773089
2.312561109264396,NA,-1920.7698413134676,PC1,-0.775149682153743,-0.5582005281017104
2.5474846746024005,NA,-1920.3264160527165,PC1,-0.6844189343294442,-0.742295051003204
2.5868316137930223,NA,-1924.1451972631519,PC1,-0.8740473892552301,-0.632134422146418
2.330951745692367,NA,-1919.866439653306,PC1,-0.8199595985678109,-0.5506741853435084
2.302187654363546,NA,-1920.51501170446,PC1,-0.7721033702308648,-0.5682715548107886
2.2954310708829215,NA,-1918.3483925081073,PC1,-0.8017312994479021,-0.4355432263276212
2.4433770035442963,NA,-1918.8878879937217,PC1,-0.7076048648120611,-0.7432692982593754
2.299901125654643,NA,-1920.4862277655247,PC1,-0.8019436608049074,-0.4292202299029087
2.3527043709721953,NA,-1918.5552678401077,PC1,-0.7814423030599729,-0.519220797501446
2.304350966327486,NA,-1920.0290641294835,PC1,-0.7456008649469452,-0.4475674668807931
2.4521039872544694,NA,-1918.839503973905,PC1,-0.7016438864816577,-0.7070283480510585
2.3528359786016506,NA,-1920.4284169795194,PC1,-0.8062841073662814,-0.5447926017795254
2.2962354870613293,NA,-1920.4787510906483,PC1,-0.7152417897375,-0.5523347772369229
2.3407073719503133,NA,-1921.0721545496413,PC1,-0.6768762004352551,-0.6155140901513716
2.3132998270678904,NA,-1921.8345307486184,PC1,-0.5727436346006815,-0.7324268813778013
2.3116960687682457,NA,-1917.5213606870877,PC1,-0.7615466059201399,-0.5071075604458746
2.339247296962922,NA,-1919.8423104988253,PC1,-0.6486763245150623,-0.6691704664189417
2.3184018975727776,NA,-1919.5926053330404,PC1,-0.5818842577030898,-0.6945050661897922
2.508367775940662,NA,-1923.0555433000093,PC1,-0.7475746364505228,-0.661762315178553
2.292629358268893,NA,-1917.5383036387489,PC1,-0.767545609967806,-0.5372439376766296
2.4664905523916545,NA,-1928.4397809685404,PC1,-0.6716759114252898,-0.8025390826091062
2.299647858770431,NA,-1918.6517690155306,PC1,-0.7486600209573439,-0.5536244776893819
2.3303147408917706,NA,-1919.3095500130987,PC1,-0.6839805999335355,-0.5849465204163157
2.3494181994147074,NA,-1922.7327548104727,PC1,-0.45949400591519607,-0.6841083192578352
2.4060362465587053,NA,-1920.590764486782,PC1,-0.7450453226365948,-0.6204044399887372
2.3603632760376336,NA,-1917.8132106242115,PC1,-0.8188634484321589,-0.4971507230342723
2.2942903946347215,NA,-1921.718029335163,PC1,-0.6406792535306788,-0.48946807275822085
2.1679204146749242,NA,-1922.7984054101612,PC1,-0.5814906352666008,-0.4736198594717167
2.541522685299045,NA,-1922.0331023966373,PC1,-0.8530243857216745,-0.626740544922942
2.446443226101815,NA,-1922.2618636683997,PC1,-0.6140751602193971,-0.6978057703885377
2.2954710731766017,NA,-1918.6162869350712,PC1,-0.8249351341338595,-0.5011701628616093
2.52235435143227,NA,-1919.3273340708117,PC1,-0.8913140737300882,-0.5883493049468765
2.4007917430884644,NA,-1922.2542906228505,PC1,-0.8845116349346891,-0.36223270106126876
2.3045662454684575,NA,-1920.0168661176199,PC1,-0.7276196896573136,-0.5292348494056724
2.2723246942936237,NA,-1920.4029679755577,PC1,-0.6947633185975407,-0.5256529600711967
2.407095143392841,NA,-1922.0134819258926,PC1,-0.9195209584688061,-0.4516328499560458
2.265312897113985,NA,-1922.9209550349663,PC1,-0.7345181409996455,-0.4603035218481277
2.3668412270108905,NA,-1917.5484298898623,PC1,-0.8757726925169755,-0.5003817752328051
2.1887047298840896,NA,-1926.660988220813,PC1,-0.820969624895827,-0.37431026845105037
2.5149585814898474,NA,-1921.134684385569,PC1,-0.6887415610598936,-0.7406216220949846
2.4425836122125584,NA,-1922.6925800749723,PC1,-0.7905642919984005,-0.7104969511306101
2.5323342267139224,NA,-1927.043504331333,PC1,-0.6861276862185677,-0.6459552229317358
2.219731162944098,NA,-1922.9802811455318,PC1,-0.7280860844642097,-0.5751767207280754
2.3035978542775886,NA,-1921.167200095716,PC1,-0.5834669223066693,-0.6202229607541305
2.3368992482007496,NA,-1920.3969206055506,PC1,-0.8538611314558902,-0.5358686445007537
2.499059348370216,NA,-1921.423912176734,PC1,-0.8189362173196575,-0.6253059047914417
2.332853894308651,NA,-1919.9554259866911,PC1,-0.693537278676319,-0.5544681458646474
2.318435741283086,NA,-1919.3063631025484,PC1,-0.830779087334524,-0.4852302647075126
2.611489071666955,NA,-1924.124787354338,PC1,-0.8850559733114874,-0.6874173215819914
2.3266329904524468,NA,-1917.332984148311,PC1,-0.9335272188604734,-0.35386369081677066
2.4851341772003877,NA,-1918.7479473558367,PC1,-0.7810768984744871,-0.6181643703410551
2.316883599765759,NA,-1918.4717598729908,PC1,-0.7105881616285656,-0.5860559548867962
2.3771027248970844,NA,-1922.384322450162,PC1,-0.836595084606593,-0.4841246888134657
2.316096441936683,NA,-1922.1218814118024,PC1,-0.7566706110619462,-0.60317839111253
2.400787260763568,NA,-1922.0443575452234,PC1,-0.7193195301099311,-0.5389472198393485
2.345615767639457,NA,-1920.420002844824,PC1,-0.7405289930045016,-0.5872591130067591
2.24089613479637,NA,-1919.8903306946813,PC1,-0.9077896592725178,-0.3801522720260967
2.387773199459298,NA,-1921.833114522692,PC1,-0.7201897140942095,-0.524899484988684
2.3336958605128237,NA,-1919.3324179054284,PC1,-0.7753743465450037,-0.5060489753715934
2.3055782587681586,NA,-1918.0073197502486,PC1,-0.7643442932899245,-0.47110223555798797
2.203176459061156,NA,-1919.0438707834192,PC1,-0.895128593133712,-0.3234991557436593
2.3129031670757447,NA,-1923.086767352841,PC1,-0.7290860613503696,-0.6525206213566715
2.3602214710646328,NA,-1920.5676392319053,PC1,-0.8123182464086519,-0.6082691034385698
2.4312184799084453,NA,-1924.863646678025,PC1,-0.8024514329899789,-0.72954534084426
2.3048874591137047,NA,-1917.9106958655511,PC1,-0.7210532751710836,-0.6247627495473227
2.2991774187737435,NA,-1918.9035321733786,PC1,-0.7436973729085729,-0.5923794280058076
2.407670000139603,NA,-1918.8017018405553,PC1,-0.7357083172165151,-0.5323662370207515
2.351821421651941,NA,-1919.3650964921208,PC1,-0.8805312183505787,-0.4299453823713318
2.4052367429122476,NA,-1924.059235574879,PC1,-0.8751877649509864,-0.5396660024334841
2.378866768394958,NA,-1918.5381355475533,PC1,-0.6958012036427985,-0.6644942401775759
2.4380398849972975,NA,-1922.9292083646562,PC1,-0.5884626142706197,-0.6567676185906858
2.4003153678290703,NA,-1918.207836291044,PC1,-0.6702820736724993,-0.674201219674275
2.2661358582256432,NA,-1921.0063415403629,PC1,-0.556896748585967,-0.5177986297441352
2.3511971497046713,NA,-1920.3625697593545,PC1,-0.9687930951667271,-0.3658271388397995
2.1148769731477497,NA,-1920.5138374474586,PC1,-0.7684853683197365,-0.3848416871380214
2.2123875193921987,NA,-1918.3621413827746,PC1,-0.7194463452764014,-0.4689353078829472
2.5057757692831912,NA,-1921.7309807256684,PC1,-0.6778625123631006,-0.7743474461428526
2.362349582765576,NA,-1921.5511513336762,PC1,-0.6526272396923092,-0.6374452185081679
2.2450641475427973,NA,-1918.9336183667776,PC1,-0.8934487931976494,-0.3178501054663786
2.3845832313446795,NA,-1919.8258474501522,PC1,-0.7586636773420917,-0.5335015475915151
2.33551103132846,NA,-1923.2208617414854,PC1,-0.6634359928868284,-0.6775268944054011
2.377894030038874,NA,-1920.1739097371683,PC1,-0.6124924161714976,-0.5878214326309834
2.4290488209597894,NA,-1919.9151241114726,PC1,-0.8040124130527071,-0.5985502228822324
2.3292159582617393,NA,-1920.5623208128877,PC1,-0.7307218449270417,-0.6123122129513507
2.3038516927143045,NA,-1917.999645811896,PC1,-0.8607765601352462,-0.42487057898389247
2.381910386863576,NA,-1921.1379027658602,PC1,-0.9963575043181067,-0.371686592332395
2.3533462800874116,NA,-1917.6444115298243,PC1,-0.8245688701197795,-0.5024642223871907
2.386806482840268,NA,-1922.194193664408,PC1,-0.8108535601915995,-0.4204591394698357
2.34069122736766,NA,-1920.2874585970837,PC1,-0.6461791169038021,-0.6085168161895992
2.4065250177781894,NA,-1923.4784410399132,PC1,-0.6528982414911866,-0.6970243878172581
2.292229064404522,NA,-1918.6906365210286,PC1,-0.68152139013117,-0.5580542822431698
2.249145239110261,NA,-1919.3379836830327,PC1,-0.7266478728559266,-0.4521485300824182
2.2347677250508182,NA,-1921.381713613249,PC1,-0.9215666030983837,-0.32607664508750067
2.3578645875321356,NA,-1919.1806693556216,PC1,-0.7211594885741957,-0.5714795075005515
2.4171814500580524,NA,-1919.5848422182023,PC1,-0.6611142547628489,-0.6666557468590725
2.425073279256001,NA,-1920.5742494530245,PC1,-0.7580782718202205,-0.5884372698622423
2.342534413529996,NA,-1922.6161557458136,PC1,-0.7438760852692405,-0.6540072592241698
2.4491551978777855,NA,-1920.363601713901,PC1,-0.6581947715775095,-0.5797092629182659
2.40603677124509,NA,-1918.6028700003792,PC1,-0.8426877770719913,-0.5509483380782243
2.4628299115791883,NA,-1922.3857604358247,PC1,-0.7857046216408246,-0.656080499246531
2.3576179793509118,NA,-1918.9405977490683,PC1,-0.8069968192283374,-0.5270040970317098
2.4092571680708,NA,-1918.336549134768,PC1,-0.7656121801424519,-0.6562216609465913
2.442555497705738,NA,-1924.9288922858275,PC1,-0.8222471835945151,-0.49488493884391493
2.3617706464321366,NA,-1922.064685549484,PC1,-0.5663882445002252,-0.6516924586120919
2.4388164703359134,NA,-1917.704444721146,PC1,-0.741484897924268,-0.6600590143214297
2.2968093779895953,NA,-1916.2879144437652,PC1,-0.6768035633758085,-0.5693929370307512
2.351156403749939,NA,-1919.8472711553331,PC1,-0.8239031119991576,-0.5031957202272275
2.3993569772860455,NA,-1920.1457281125502,PC1,-0.8995622831001314,-0.5434213393240052
2.3696987736501156,NA,-1921.9745742881998,PC1,-0.9046657184657468,-0.5451424565609334
2.363301464575553,NA,-1918.9767486820404,PC1,-0.6982727751701823,-0.6414710835371175
2.2552460067551805,NA,-1922.2989034833345,PC1,-0.8152915635662544,-0.38766769552143876
2.279979979489234,NA,-1920.987454528298,PC1,-0.8691746324785992,-0.34940100870894136
2.2855918763686796,NA,-1923.5468415853716,PC1,-0.7632267788571295,-0.6540019099557027
2.1556153164719887,NA,-1921.2297578671448,PC1,-0.7892551553724898,-0.37812663720423617
2.3523343902754417,NA,-1918.061623655518,PC1,-0.9564845846234561,-0.4179569542289909
2.3889425555442934,NA,-1920.2261640222105,PC1,-0.8787932402566543,-0.5370103720034585
2.3644642269437983,NA,-1921.7093508429484,PC1,-0.7419838902504102,-0.5711283472783321
2.3323336959320984,NA,-1921.5590053006192,PC1,-0.6641024962235478,-0.5949076123346161
2.3201763368503867,NA,-1925.2076853769158,PC1,-0.5643644587195954,-0.6667921312275676
2.4269322477305932,NA,-1922.7500073142608,PC1,-0.8667915735827418,-0.5098215327954166
2.411488368742527,NA,-1922.1969184194143,PC1,-0.620107086651157,-0.6378405826104546
2.4035130567281366,NA,-1919.4763650529505,PC1,-0.7523622767718744,-0.5508710634753015
2.2587193607779357,NA,-1925.236490306734,PC1,-0.9108048493761074,-0.498895551862814
2.393782042355292,NA,-1923.9102736259424,PC1,-0.6754645427341368,-0.7067947562950735
2.310676839493825,NA,-1918.9501717156759,PC1,-0.7053232853038411,-0.5071621679308614
2.5008764111862383,NA,-1919.2358040889574,PC1,-0.6543291413901776,-0.798514331860868
2.231809473525408,NA,-1920.0057150477055,PC1,-0.6192297937413579,-0.520210850226616
2.2521858667257955,NA,-1922.1512024855435,PC1,-0.7612492728368119,-0.4546389285853025
2.300184912894811,NA,-1923.6612713119678,PC1,-0.7612202463198989,-0.5357499262157089
2.422376610138716,NA,-1924.2473023628816,PC1,-0.7935174447220971,-0.5762557876161443
2.3097557970918303,NA,-1923.551111516983,PC1,-0.8140058147780501,-0.37101523958896393
2.317273279023291,NA,-1918.5963386602093,PC1,-0.9587910595149884,-0.4464076670883602
2.209226514114748,NA,-1918.647695320036,PC1,-0.8302001694885434,-0.4330757957495537
2.357107994369857,NA,-1924.868281927129,PC1,-0.4688974988537552,-0.7676536080197226
2.2908596870263414,NA,-1922.9160701671183,PC1,-0.7478189731375183,-0.4091633782813091
2.300871217154922,NA,-1920.6086916638596,PC1,-0.9471838758063691,-0.39738433747415275
2.260492844026702,NA,-1919.6804240827637,PC1,-0.7863974716018625,-0.3496983290032825
2.329157135591856,NA,-1918.4074387627388,PC1,-0.6805488887677857,-0.6580590900301653
2.3342040197113003,NA,-1921.40773858452,PC1,-0.7750390104789464,-0.45473290649862586
2.4077653170896305,NA,-1924.6596216416883,PC1,-0.675818721758112,-0.7641105769502702
2.3512467097847893,NA,-1919.9572141708065,PC1,-0.7752454405284934,-0.45294811143372304
2.2914311641480345,NA,-1925.9049072750283,PC1,-0.7178679787993743,-0.6513530946002675
2.451623065927007,NA,-1921.6010974404849,PC1,-0.5537793789994567,-0.6941755382699886
2.296398377681715,NA,-1921.2546147812814,PC1,-0.7742682961546067,-0.5328359980041504
2.2129347015007017,NA,-1920.235887605397,PC1,-0.7317608511148251,-0.46006390942603936
2.3049433347156056,NA,-1920.0321125479643,PC1,-0.5714833314334664,-0.6723246887354726
2.3086180805080936,NA,-1919.838255480665,PC1,-0.6301350701146922,-0.5389951217177573
2.306183560836164,NA,-1921.1813363237854,PC1,-0.7879613962035849,-0.6074205091091741
2.239115204889989,NA,-1926.86206516158,PC1,-1.0583115318875427,-0.19642876196351694
2.236502407036616,NA,-1928.5529130631373,PC1,-0.7795775912586039,-0.27734055241421046
2.280552524672865,NA,-1921.1484649211027,PC1,-0.7757633881753976,-0.4540716488313251
2.3885545427709975,NA,-1917.0144621424502,PC1,-0.8523913050072405,-0.5179792753262247
2.4732002520397924,NA,-1922.861309535189,PC1,-0.7886809197083569,-0.549613479049661
2.3687207036710785,NA,-1918.6676723017945,PC1,-0.8554740656106467,-0.5121866768554648
2.313913021307647,NA,-1920.8098285914232,PC1,-0.7349348355544191,-0.5766046814399874
2.3491198202488035,NA,-1920.0027080429552,PC1,-0.9339324993549455,-0.37292387231628293
2.148553525980058,NA,-1923.452842103586,PC1,-0.7076329687933817,-0.311273234736508
2.4766150043897786,NA,-1921.9720238461712,PC1,-0.6389852811123046,-0.7731603473929668
2.446907640511656,NA,-1921.7983758802782,PC1,-0.9239296739254658,-0.3786345587947657
2.2908462253209683,NA,-1920.7220847679062,PC1,-0.869583501651878,-0.3021773613344057
2.255052682874767,NA,-1918.430682696763,PC1,-0.9106418919428506,-0.3828926499773001
2.3919956919548504,NA,-1923.0389542767493,PC1,-0.5266670242381101,-0.7391196239617145
2.450411128762253,NA,-1918.8043806891162,PC1,-0.8760531481086548,-0.6439565243480199
2.3304493864444034,NA,-1924.9456763549551,PC1,-0.7296439270292591,-0.5179060364543503
2.200298812350081,NA,-1924.8411140737937,PC1,-0.8133416790975887,-0.4703702267369585
2.2863391406971845,NA,-1918.9729952652888,PC1,-0.762775189916502,-0.49992346994695874
2.467037415063037,NA,-1924.7779897714431,PC1,-0.9549362493436542,-0.5472825485038281
2.4166679084120646,NA,-1923.2023587265844,PC1,-0.7047981594667703,-0.5973323652842177
2.375758533899713,NA,-1920.2763665555747,PC1,-0.6767728530416506,-0.5840360667494093
2.402141166440897,NA,-1924.8511728670705,PC1,-0.9171033665163756,-0.5483845923125381
2.4736348985950034,NA,-1923.92354289734,PC1,-0.9480595721372467,-0.5313324528212017
2.530095963875196,NA,-1922.2881852806033,PC1,-0.7375826923227581,-0.7492422613243993
2.303565478862492,NA,-1917.622838376432,PC1,-0.7452152681279672,-0.5105223367585764
2.2859362903590204,NA,-1920.482074258744,PC1,-0.7548257965198532,-0.5637199209716167
2.290616679008328,NA,-1920.0864284859194,PC1,-0.6022721675826435,-0.6445548540974538
2.337788994339542,NA,-1919.947841143495,PC1,-0.7124277878428298,-0.6174688054979838
2.581873922994583,NA,-1923.2914599862754,PC1,-0.5841708335858492,-0.8818789428246869
2.3117465733246765,NA,-1917.5235507337636,PC1,-0.6502223457883662,-0.607170038907062
2.45261384935475,NA,-1923.5881937943775,PC1,-0.8978489975656977,-0.6564961082136026
2.2916887385572,NA,-1922.6545106245176,PC1,-0.9443981760196386,-0.4546743292507416
2.396960293054216,NA,-1922.8281148698582,PC1,-0.7727131648627589,-0.6694193060420421
2.382046139178511,NA,-1918.0005172326946,PC1,-0.8640464537154467,-0.5121882736243345
2.4044794572528767,NA,-1918.7109756650268,PC1,-0.77390479082913,-0.5322180810356274
2.4696893022316333,NA,-1923.3468140269351,PC1,-0.6885208979317545,-0.7874603791177062
2.2518975270909336,NA,-1919.5028884713738,PC1,-0.8756539224177581,-0.3320262959447605
2.426917008880035,NA,-1918.1097900373356,PC1,-0.6013793922235705,-0.6822024459797047
2.379676870753845,NA,-1918.8899284570164,PC1,-0.6995048559012316,-0.6855559345556788
2.352369700367835,NA,-1917.5987518674692,PC1,-0.6096257291700293,-0.6561481430043725
2.2758233753762798,NA,-1917.944355113869,PC1,-0.7359504388152908,-0.530698426685814
2.2367852984900196,NA,-1918.0524892948033,PC1,-0.6637648378953147,-0.5519602590289574
2.4074594355765293,NA,-1918.869335298551,PC1,-0.6598624077281605,-0.7186240420081271
2.2280425026840733,NA,-1923.281243799621,PC1,-0.7578079735682334,-0.4186473950800718
2.2111021055212223,NA,-1922.0905677063965,PC1,-0.9496339948777299,-0.25744335180582656
2.4156068197173846,NA,-1922.3365299185873,PC1,-0.8235686820482859,-0.5324558534877805
2.310853598128724,NA,-1918.6184325440402,PC1,-0.8561846229725901,-0.4829498709967681
2.383595971376237,NA,-1928.071214134546,PC1,-0.9086371296450741,-0.6306280190228373
2.2917344142566454,NA,-1922.5678100575253,PC1,-0.6401903611474233,-0.47688925482596545
2.3192067170379014,NA,-1920.299155304055,PC1,-0.9337612056155586,-0.4558629970101168
2.324067195931301,NA,-1919.0668881275997,PC1,-0.8817921422621557,-0.43433188065000294
2.399850837173796,NA,-1918.3179763207888,PC1,-0.8099533459064346,-0.5453363488697107
2.439363555902651,NA,-1923.4067313229868,PC1,-0.6909250323712288,-0.6995557313462614
2.2844323107385143,NA,-1919.4784474297637,PC1,-0.7744987592732187,-0.5412084932380524
2.3754925633745843,NA,-1920.2947759573854,PC1,-0.5824907790108579,-0.6680481691915514
2.1475818467507843,NA,-1921.2716805947487,PC1,-0.6362289492707971,-0.5397399312836012
2.4096387678576994,NA,-1918.1524300993422,PC1,-0.8610888245781972,-0.4671654635597289
2.412757852718619,NA,-1920.8459785369216,PC1,-0.7196321455300292,-0.7185071808763875
2.4044033951853168,NA,-1917.4101461554205,PC1,-0.6740583934647136,-0.6535455499825551
2.3467630967929356,NA,-1920.8624173609705,PC1,-0.7565115051923068,-0.5346045523839387
2.195171085582689,NA,-1919.5884812503175,PC1,-0.6627106588485839,-0.529648640695899
2.275217214972093,NA,-1927.322914065061,PC1,-0.6940694298222143,-0.5142507224231896
2.3909125055431493,NA,-1919.878415414614,PC1,-0.7639838883187139,-0.5032931766414952
2.4259957417757683,NA,-1921.4453227363038,PC1,-0.7801092811067992,-0.5352300320963655
2.332334226552428,NA,-1918.9514504541748,PC1,-0.7412498081321102,-0.577864331432439
2.385972547895432,NA,-1920.9879127936347,PC1,-0.7899956297973896,-0.5803441279616626
2.3068610789904485,NA,-1921.6042792763087,PC1,-0.6833993235966616,-0.5164205373763278
2.393654195482857,NA,-1917.869742997379,PC1,-0.7626145953253081,-0.5713825386448184
2.3773561419998184,NA,-1920.5894307908907,PC1,-0.6883073282115425,-0.533239090079946
2.369318859221798,NA,-1920.4729270945575,PC1,-0.8888327948704131,-0.4631387035264636
2.278058738819358,NA,-1918.2307225052907,PC1,-0.7490463790598376,-0.5299572018330533
2.2350928668483157,NA,-1924.8094952082458,PC1,-0.8409132884632418,-0.3642941372465607
2.238520054993618,NA,-1922.5144448183607,PC1,-0.7292228405124286,-0.5339588594949459
2.3562876837543065,NA,-1919.2163556379933,PC1,-0.8425125418225278,-0.5566306097463224
2.369688988891825,NA,-1921.1908019205548,PC1,-0.7397741240644228,-0.6237631366584019
2.419883785900853,NA,-1919.1672708749875,PC1,-0.7626906826364807,-0.692145355472709
2.2998187944085884,NA,-1918.520064611951,PC1,-0.8759000341156612,-0.44399202222794115
2.4535073316647025,NA,-1918.5884957856877,PC1,-0.7048300291362215,-0.6443094281380229
2.1806140592115724,NA,-1924.271670192729,PC1,-0.7481482045286916,-0.4164195952691665
2.4522045029870285,NA,-1921.9914495860376,PC1,-0.9451023866258459,-0.4355475375567642
2.489260572508893,NA,-1920.2526901651206,PC1,-0.8275473545917356,-0.6943057914745444
2.2489553536721014,NA,-1920.1839719635145,PC1,-0.8068998287211406,-0.5503662110136575
2.2712609867231457,NA,-1923.138432294647,PC1,-0.9062458470250268,-0.40955344747085454
2.272286062503673,NA,-1924.019871701995,PC1,-0.809775931081303,-0.41695951918541235
2.501330053981306,NA,-1921.3804062093589,PC1,-0.8706750610369997,-0.618599746871213
2.396419525681728,NA,-1920.205615553506,PC1,-0.49016000668640236,-0.8034862865968541
2.2913637631036115,NA,-1916.751986605045,PC1,-0.7458888426920434,-0.5261298225770076
2.289525241743837,NA,-1921.6426697886516,PC1,-0.8806442935592255,-0.44055157762088004
2.280765223549378,NA,-1918.068714175512,PC1,-0.7902439165650236,-0.4991830717107816
2.4847327351411015,NA,-1920.1353298348306,PC1,-0.9058997027594625,-0.6267659289638352
2.492800389835691,NA,-1920.4851746256472,PC1,-0.8588744690946113,-0.6407286747604347
2.3342663710216174,NA,-1920.4740872675932,PC1,-0.7563047259858583,-0.6303501657288946
2.20423659000007,NA,-1918.8328369461856,PC1,-0.6364380944734896,-0.5791028019210925
2.215662774673989,NA,-1924.0306365697877,PC1,-0.7473015556419526,-0.5160810008166243
2.403962411937873,NA,-1919.5103921623265,PC1,-0.8441682484991934,-0.5609786389209879
2.3990961923021397,NA,-1925.5781948717022,PC1,-0.7008267806565436,-0.7002749553775023
2.2782840496024184,NA,-1921.1987315927026,PC1,-0.8144560878994048,-0.49838578502180203
2.271081717463911,NA,-1926.5772206995537,PC1,-0.42461040318292226,-0.7717405472006248
2.2813993639999546,NA,-1919.117378981436,PC1,-0.7935828824477179,-0.4024908312275215
2.4754305172243005,NA,-1923.1254944482475,PC1,-0.689663792586506,-0.6056040849577526
2.4379813990378163,NA,-1923.7168510454894,PC1,-1.001611720440876,-0.5893160822872825
2.3005369481113673,NA,-1920.6859078886757,PC1,-0.7912180740482238,-0.5079703911255886
2.448871033480608,NA,-1928.515976407547,PC1,-0.7785131894387574,-0.5964748050441472
2.4736673863973544,NA,-1922.013683461889,PC1,-0.583207717844615,-0.7327080605390726
2.430208273035876,NA,-1918.2980500970025,PC1,-0.7295645368304645,-0.6196810386554733
2.346154042610628,NA,-1917.38464488817,PC1,-0.6471544365558143,-0.617925762109543
2.426587539031325,NA,-1920.0210568920745,PC1,-0.7938129638014413,-0.5961019284730834
2.2507211930297246,NA,-1923.0704634160925,PC1,-0.9454842731823409,-0.18597288471618847
2.316651192667593,NA,-1920.328087367226,PC1,-0.8207022230323862,-0.5367235357925615
2.452722015894764,NA,-1925.5644604748256,PC1,-1.0546415215368754,-0.34147972703335144
2.330503854962229,NA,-1918.474212951535,PC1,-0.7050894202909765,-0.6441959980018768
2.2248371549451695,NA,-1923.3982573916653,PC1,-0.5162997739881624,-0.6830948267265623
2.313720271795172,NA,-1919.5880976464075,PC1,-0.7209803084907637,-0.48647178499169025
2.344906211900252,NA,-1923.0682401071476,PC1,-0.5198500497572837,-0.7768840052209236
2.4607726783749895,NA,-1919.7542244316935,PC1,-0.8213476100153344,-0.5424566576100897
2.3552489680749757,NA,-1919.4407601851015,PC1,-0.830058212783798,-0.5731616248763769
2.2416674979181987,NA,-1916.8366145049238,PC1,-0.7815664346957873,-0.46860015884307343
2.4833983561308726,NA,-1920.6803635202625,PC1,-0.7952402425971207,-0.6136330458160641
2.441679080766955,NA,-1921.4339177357963,PC1,-0.6005312765945682,-0.761582447043077
2.342426097412358,NA,-1918.2957371494294,PC1,-0.7164295149896247,-0.5195760460534845
2.311810337802666,NA,-1924.5971004197202,PC1,-0.9381914221722654,-0.31524761747671004
2.2839380277979657,NA,-1922.3462905916263,PC1,-0.9154920709937361,-0.5383480466320254
2.482519595313945,NA,-1921.5171282001445,PC1,-0.6511374822585809,-0.7309535502014827
2.369305467879273,NA,-1916.8112379453523,PC1,-0.6150480429737657,-0.65341925509965
2.279600940809044,NA,-1922.0456954937197,PC1,-1.022388258482328,-0.34016788757964933
2.2334563114458104,NA,-1921.5107924983024,PC1,-0.8666444868556028,-0.3456947712079549
2.34184341908273,NA,-1919.7066276019407,PC1,-0.7449154483095777,-0.4514482994357716
2.3600436483117098,NA,-1919.7540408723185,PC1,-0.8116134258150896,-0.648458342640227
2.47775511612871,NA,-1922.0874520620328,PC1,-0.5296076273544555,-0.8611626568637901
2.2596993606307327,NA,-1921.2956941926643,PC1,-0.5885508677967788,-0.5988737291117258
2.1110543098992487,NA,-1924.4514246405188,PC1,-0.637420948011767,-0.3947571513114083
2.4566812753772758,NA,-1920.4455023509445,PC1,-0.8771778127173117,-0.5153859028336959
2.3172035035927188,NA,-1926.2429305561272,PC1,-0.7045576875456505,-0.7352274905862682
2.2933421356068067,NA,-1922.5407934854434,PC1,-0.6872429018199475,-0.4293243920532539
2.344628034720914,NA,-1921.3984568581209,PC1,-0.6749200998779139,-0.6627436437698556
2.265563579239084,NA,-1920.4176903121686,PC1,-0.6674325269760277,-0.5053674388981823
2.3447622456115655,NA,-1917.8929474655745,PC1,-0.6852425337431527,-0.5721606873499328
2.3471075072672845,NA,-1919.8395744112709,PC1,-0.7156632089526136,-0.6728044671843845
2.4092813391415575,NA,-1921.936708840131,PC1,-0.6826599880836179,-0.5555889597407975
2.3382951772574776,NA,-1921.1044363040412,PC1,-0.8566836193733427,-0.5042447052488285
2.3347387011559926,NA,-1920.3442902534741,PC1,-0.6987942198860043,-0.5554666647873054
2.288762932270284,NA,-1922.0173315225818,PC1,-1.0433796816147742,-0.27776262815293695
2.3960747788547136,NA,-1922.6454242780283,PC1,-0.6861933442054785,-0.6243457021812777
2.3595679639102283,NA,-1922.7605819356572,PC1,-0.7047137549910923,-0.5736946006954506
2.476543608668807,NA,-1921.0434498636416,PC1,-0.5517050398378581,-0.7975159589132816
2.2294706214481645,NA,-1919.820275772763,PC1,-0.7707123799912055,-0.41404317852572076
2.3546839788879055,NA,-1919.051276046912,PC1,-0.9328499272116063,-0.42573419819264513
2.478160192147403,NA,-1922.5978271522097,PC1,-0.7983876100868419,-0.6001422819415997
2.4808701480637216,NA,-1919.8244008320617,PC1,-0.7774321747891407,-0.6697870767266174
2.366683393808202,NA,-1917.5527188894644,PC1,-0.7497061536202058,-0.6069863522304935
2.318832400189922,NA,-1918.409254081816,PC1,-0.6728907958908888,-0.5381604582690147
2.240073799524336,NA,-1919.5124032723745,PC1,-0.6192400132178969,-0.6512745111584288
2.365152009055459,NA,-1919.6953044843692,PC1,-0.8224370502330631,-0.48439386861169503
2.3457543583381995,NA,-1922.0452948886327,PC1,-0.8901419859760903,-0.520747432826654
2.4347522482045743,NA,-1920.3133972277776,PC1,-0.7121627097389118,-0.6906353779441436
2.5382406149607837,NA,-1921.7905130174731,PC1,-0.7351878404196424,-0.7003942786442867
2.3632238567006194,NA,-1917.8992263361345,PC1,-0.703988527401354,-0.6090379697037092
2.3678136098942737,NA,-1917.891369413389,PC1,-0.8157760914476531,-0.548077746806232
2.4378453942298295,NA,-1918.7164364293901,PC1,-0.7789712501023698,-0.574525645791439
2.361160366332125,NA,-1916.9274529129227,PC1,-0.8388157420611446,-0.572785793999485
2.325978709897662,NA,-1918.5733345552244,PC1,-0.738259523989197,-0.5082689947637973
2.1827947498020173,NA,-1919.8421374940522,PC1,-0.6643850151846302,-0.5473620088131431
2.459194532667803,NA,-1923.5238480091605,PC1,-0.903689537289236,-0.4976382064970392
2.4241723656103202,NA,-1921.8391895355714,PC1,-0.8917199431950139,-0.6194122239162064
2.4799519731090993,NA,-1923.973109991626,PC1,-0.7760918135552602,-0.6662242685303514
2.30065558116414,NA,-1922.4003986612477,PC1,-0.8781047829400104,-0.4569651302917403
2.5151572203253783,NA,-1924.5706622431294,PC1,-0.9307997527262181,-0.4668419271996247
2.388273930798492,NA,-1919.427742897986,PC1,-0.72405685559887345,-0.5275099256391941
2.297614983657914,NA,-1918.6562591502643,PC1,-0.8485667963311896,-0.45081918175374835
2.3529338618149467,NA,-1921.6238554205338,PC1,-0.6402806764154153,-0.6789501474684658
2.476972733448681,NA,-1921.5370030433828,PC1,-0.9251708924441252,-0.6822823330786645
2.5090187932778254,NA,-1924.866827843231,PC1,-0.7056968974759297,-0.6455559313306923
2.1531770478327252,NA,-1921.6230632868937,PC1,-0.7890292091308987,-0.3882138279994588
2.259101140992156,NA,-1920.3313344168203,PC1,-0.7958241139086858,-0.4935149638539963
2.356857483616837,NA,-1923.689457115257,PC1,-0.8560698213534838,-0.47814486201323375
2.178008506957755,NA,-1920.637731301625,PC1,-0.6496446405929485,-0.48589265887745836
2.440746606016952,NA,-1921.6326852921243,PC1,-0.9748467580039591,-0.3880319096203528
2.330160969722522,NA,-1921.3813272502068,PC1,-0.9745656038631798,-0.45023797991043807
2.2270554284789976,NA,-1919.6674843254789,PC1,-0.8153493664383402,-0.48739747132844635
2.3864013352336197,NA,-1923.7515993595955,PC1,-0.9924935144283096,-0.29740507836102253
2.4330655042074714,NA,-1922.2915249996913,PC1,-0.7244544149943988,-0.71140857021284
2.5040886031700302,NA,-1918.5901802529197,PC1,-0.867904872996147,-0.5840893614692797
2.3779784406124826,NA,-1922.2659166146734,PC1,-0.8361582354939753,-0.484466157297768
2.2700469750120096,NA,-1921.279024091271,PC1,-0.8328284670550556,-0.4898666960323998
2.441279673077522,NA,-1921.358964902952,PC1,-0.6402209991739077,-0.6171410543298981
2.352861898281315,NA,-1918.9095235026648,PC1,-0.7438504051216863,-0.5326091634849784
2.315194714371132,NA,-1921.903085375584,PC1,-0.9089926461795722,-0.42608638310266755
2.28500666545102,NA,-1924.3856733134166,PC1,-0.791810313377752,-0.44963495389137687
2.3319611877187874,NA,-1922.2811547920248,PC1,-0.8084846703595986,-0.511876981411077
2.3165832610298214,NA,-1919.127442050208,PC1,-0.716869397766061,-0.5421861197041543
2.258798320860771,NA,-1921.5537403431822,PC1,-0.6128376764249397,-0.4719169067971067
2.41047977239157,NA,-1920.8673502083238,PC1,-0.8590037185655955,-0.47641832763388653
2.353515986007879,NA,-1921.1878686879172,PC1,-0.632929387802376,-0.653443344638848
2.480007973963278,NA,-1927.5635434539251,PC1,-0.6958546856544712,-0.6472218087999023
2.5711488853871125,NA,-1925.9010619402948,PC1,-0.9385218689525705,-0.6037006911731448
2.373709360303023,NA,-1921.2677223841472,PC1,-0.7290254965213253,-0.5659635175390104
2.527153967393391,NA,-1920.7309222838526,PC1,-0.8969777977765464,-0.6223554996074159
2.302612261135628,NA,-1919.5431496251347,PC1,-1.0219455390619485,-0.32301860245985986
2.408624502764084,NA,-1919.2336872204976,PC1,-0.5288383332538313,-0.7879535388275236
2.242592291847532,NA,-1923.502769933792,PC1,-0.9015691218257279,-0.32900817416182604
2.3073074206551625,NA,-1925.4572421961586,PC1,-0.6901527923937335,-0.5974557693001233
2.364939459134786,NA,-1922.4531881567095,PC1,-0.811307821333091,-0.7190952258840757
2.409785937090665,NA,-1917.707068038617,PC1,-0.7716284405045608,-0.6204062567168487
2.152774022426783,NA,-1924.690093795819,PC1,-0.7357340323890723,-0.417834781536256
2.4742112589242153,NA,-1919.4849892257055,PC1,-0.8775569267522736,-0.5873328006295414
2.3869475356647465,NA,-1922.4398717341064,PC1,-0.5656277845993187,-0.8189655192629333
2.370659580208254,NA,-1917.8350629325819,PC1,-0.7213668425540471,-0.5564061004367455
2.341759409737071,NA,-1917.227633938486,PC1,-0.7222627934962814,-0.5922882262355127
2.2621764041701184,NA,-1918.6885459163313,PC1,-0.6882490616430085,-0.5815425789020054
2.3016491789486033,NA,-1919.5494296958054,PC1,-0.7116532252280274,-0.5128627606813525
2.555801278796576,NA,-1924.8291481219321,PC1,-0.6500221692113822,-0.8249486660336567
2.441130793752408,NA,-1919.379010649145,PC1,-0.7478964789268009,-0.6181779882853365
2.261079248699773,NA,-1921.2575169874142,PC1,-0.5983816149913473,-0.5479823304902882
2.3244304311825323,NA,-1923.8463998444515,PC1,-0.5865312411804431,-0.6196724331805751
2.283548378524259,NA,-1920.6494647096563,PC1,-0.6833546848230554,-0.5316730844854233
2.4062261282913835,NA,-1923.8873847979976,PC1,-0.8116649932653393,-0.4684368968400594
2.393688968126459,NA,-1920.7798399523158,PC1,-0.8789268865371879,-0.5671275588447586
2.3065577581248107,NA,-1920.7237227172395,PC1,-0.6521527125160724,-0.5264678657421646
2.427998766408198,NA,-1919.0210646363287,PC1,-0.9280420230321539,-0.4903496560113373
2.312844662098107,NA,-1922.5439138630697,PC1,-0.8238080353003678,-0.5866556754576875
2.4398801088615913,NA,-1919.1564257731889,PC1,-0.8046550283879489,-0.6608990775533723
2.323051637594031,NA,-1920.3330558229773,PC1,-0.8768220404704837,-0.3878196494772177
2.4501664732272403,NA,-1920.4081878801521,PC1,-0.806711640259315,-0.624864794960663
2.2920219683169836,NA,-1918.421778707399,PC1,-0.7859351878138936,-0.49230125638628314
2.3350044685330786,NA,-1922.386974784384,PC1,-0.6852582322070706,-0.6919059708045059
2.2870057396338055,NA,-1918.1737814185142,PC1,-0.8043012370491598,-0.5293090650569241
2.2216476909483553,NA,-1924.3868407126033,PC1,-0.7461189493399145,-0.4757079062102892
2.4780446789082133,NA,-1920.2692656741403,PC1,-0.6757035430429198,-0.6956200318126486
2.39065123843725,NA,-1917.4101896233974,PC1,-0.7554304466544195,-0.5870211602051791
2.487014151848591,NA,-1921.6092362328873,PC1,-0.9497820891075138,-0.47468421281858625
2.413693232777898,NA,-1918.9003399966018,PC1,-0.7591045348939633,-0.609822888291351
2.409327333545744,NA,-1923.7824911067407,PC1,-0.9660530845023526,-0.4101081671813679
2.3455847718865246,NA,-1919.6439458794537,PC1,-0.6430761584659167,-0.5046333254427892
2.3406689300471264,NA,-1918.7199657208496,PC1,-0.6971042188377435,-0.5204239510671234
2.2807349243515813,NA,-1921.1840076385797,PC1,-0.7230069656676754,-0.5179244502655574
2.3428240212916,NA,-1918.1605740133396,PC1,-0.7263760567768682,-0.6391897416887224
2.436650376086847,NA,-1917.9700020808034,PC1,-0.796708731930532,-0.5441813922978794
2.2927887196830374,NA,-1920.6927812769347,PC1,-0.732963016903845,-0.5168014240498443
2.376946794995669,NA,-1920.850789401591,PC1,-0.5852764835702787,-0.692929976031123
2.3473333487202415,NA,-1922.9617452029702,PC1,-0.7160956969780478,-0.5576274530575549
2.3104356577408227,NA,-1921.4223664439137,PC1,-0.6141058585255602,-0.7174855582434221
2.2717738767950677,NA,-1920.843695735476,PC1,-0.6953943629879211,-0.5994879880386529
2.283831154073524,NA,-1918.7232734350132,PC1,-0.7171396567428528,-0.5858653825563548
2.2530220539439676,NA,-1921.0920960428264,PC1,-0.7422764844520197,-0.5412183447167888
2.3393238959801463,NA,-1923.1337832231804,PC1,-0.8986636450405449,-0.46259101069519637
2.285196269451477,NA,-1922.1881898788254,PC1,-0.7868044192933432,-0.5477982392338111
2.2387815986786754,NA,-1921.419210306341,PC1,-0.7000108495757379,-0.5104792427568742
2.3939259389298133,NA,-1922.257099089618,PC1,-0.7377271567655743,-0.7525922168205426
2.468021828901424,NA,-1921.2550332471599,PC1,-0.9008539447934968,-0.603103219964237
2.390874092914187,NA,-1921.8796070593871,PC1,-0.8314969843939464,-0.5008556558255385
2.293164487041275,NA,-1919.1900568008034,PC1,-0.8526624979488039,-0.33856733227989216
2.5085759131980283,NA,-1924.7043778638147,PC1,-0.5402052885583912,-0.8235548446423758
2.2259529825450213,NA,-1926.0459412385653,PC1,-0.7457222580256074,-0.3370221012681051
2.3946866943778344,NA,-1916.6804964041478,PC1,-0.8105411477316495,-0.6168477103730768
2.330898244582332,NA,-1918.4051156457624,PC1,-0.5798575746784971,-0.6092285929048976
2.357541576031066,NA,-1925.911623077325,PC1,-0.8063562929554392,-0.43175680678219386
2.541727994917479,NA,-1924.3079231408817,PC1,-0.6314403506562263,-0.7227366450880552
2.461926711341279,NA,-1918.6090745997858,PC1,-0.6968701171915765,-0.7132106581065984
2.5153376318741283,NA,-1923.4226833327414,PC1,-0.6338828028150965,-0.784457631583419
2.3777781879649287,NA,-1920.353577659255,PC1,-0.8370430773407966,-0.6300511347387259
2.319246578565399,NA,-1920.1669162479616,PC1,-0.676195839703902,-0.6872889094273982
2.2520756202805075,NA,-1922.6174656773776,PC1,-0.6411450478509735,-0.6424779282175908
2.1895458736928934,NA,-1919.413290479183,PC1,-0.8188128511051825,-0.3684231434283378
2.3706622959260564,NA,-1919.6292580637328,PC1,-0.819275004546833,-0.5310758452646441
2.2790875625335207,NA,-1920.3513385058504,PC1,-0.7664243417452582,-0.5740012944692823
2.301103387329466,NA,-1925.706611596638,PC1,-0.7926112239241547,-0.5972739861645233
2.53705847093258,NA,-1924.399294641283,PC1,-0.6704474059690861,-0.6998301717742353
2.372875596381808,NA,-1920.5035211595805,PC1,-0.7944629838759419,-0.5453580758716522
2.4548297001750763,NA,-1919.6974731048551,PC1,-0.829642960385818,-0.6308784967576219
2.3364172352628017,NA,-1919.3862728283477,PC1,-0.8078066841294387,-0.5488796943669092
2.2061937535269243,NA,-1927.9289008949374,PC1,-1.016846434816454,-0.22633394752072528
2.379601111657742,NA,-1918.0619901760783,PC1,-0.8142147359262808,-0.613115091099667
2.32502964245957,NA,-1919.755672676489,PC1,-0.6779991186202274,-0.6356176399459202
2.330528644077763,NA,-1923.8224889334056,PC1,-0.9891774949854987,-0.27237551660138354
2.2170528965812175,NA,-1920.3829456219182,PC1,-0.6993600502319945,-0.5143952493112383
2.2612680155070173,NA,-1918.763045527582,PC1,-0.6729601220814101,-0.582149426349561
2.461437561780566,NA,-1919.532802563605,PC1,-0.8114114715094851,-0.574245590191442
2.387652204791343,NA,-1919.731782739714,PC1,-0.820129104226099,-0.5364631969849781
2.494943209519553,NA,-1923.3401934079911,PC1,-0.8544876168008211,-0.6286197946412801
2.318926236865295,NA,-1919.9398790145062,PC1,-0.6026205821439057,-0.7000806630939521
2.3993653976488334,NA,-1925.0638984124234,PC1,-0.8032110878122627,-0.4628646103854195
2.3931605696309566,NA,-1924.6156362606655,PC1,-0.8426627678095109,-0.6230343655719017
2.3832061496302748,NA,-1920.7619814693728,PC1,-0.8382809428990041,-0.4382921428557655
2.5437679344735367,NA,-1922.0273191506035,PC1,-0.6963485706439123,-0.733104332898771
2.39214051458736,NA,-1919.2127890649538,PC1,-0.7117860456491956,-0.6006760430426875
2.4210637374258672,NA,-1923.8333863173623,PC1,-0.6085282442862038,-0.6532408072562167
2.25620292051049,NA,-1925.5077322637594,PC1,-0.8660060227284533,-0.3282930840040007
2.3668588196416818,NA,-1919.88345381723,PC1,-0.7330487031937492,-0.4946437466672793
2.38796300583583,NA,-1924.234203914622,PC1,-0.6777892325994777,-0.6912887976400395
2.2779128158328272,NA,-1923.8045091625313,PC1,-0.8204078362248921,-0.3612985002545036
2.2526723162437325,NA,-1921.6872571987544,PC1,-0.7925851964128635,-0.3978973002984275
2.4195329946590434,NA,-1919.644333495321,PC1,-0.813058421854002,-0.596996640247653
2.4420899034308197,NA,-1920.6725722079136,PC1,-0.7282491444986766,-0.6647232672524068
2.4192856656334616,NA,-1919.5067644098315,PC1,-0.9023693475055754,-0.4891934176295376
2.27529694971609,NA,-1919.0738163444398,PC1,-0.5823060503987034,-0.606941547399105
2.319889996419201,NA,-1917.8844234611095,PC1,-0.702365527889413,-0.5656994740278478
2.4461257906666405,NA,-1917.8959245169078,PC1,-0.8215067660515682,-0.6131478411784383
2.399254635554038,NA,-1918.6565499974802,PC1,-0.8780049479582193,-0.49666294573526565
2.4393014053710353,NA,-1920.5825067656438,PC1,-0.7586478973852839,-0.6718783148848311
2.354327385343554,NA,-1920.1791377479992,PC1,-0.6739271603227409,-0.55101067985522445
2.437126681917842,NA,-1919.0834810631839,PC1,-0.8401801554348614,-0.4547752230473843
2.3386847931476358,NA,-1919.8150557379563,PC1,-0.6700958606651878,-0.509641387203985
2.351417514322115,NA,-1919.6775489036277,PC1,-0.9011591052979593,-0.44535564406616923
2.2461176909332643,NA,-1922.542527459103,PC1,-0.5413768297334729,-0.6665135498053661
2.3005109341474608,NA,-1916.9830067574476,PC1,-0.8222058301756993,-0.4548329043848246
2.474353980180497,NA,-1918.3975643206281,PC1,-0.6950521051261804,-0.6528479110347122
2.2873592027805714,NA,-1919.7618506758713,PC1,-0.7235934676903043,-0.48845149760450474
2.5024558601256968,NA,-1925.9720240665768,PC1,-0.7618432867679995,-0.6803523017706296
2.490290253348026,NA,-1918.3386544838272,PC1,-0.7558088799886623,-0.7237704879831667
2.2249612388396187,NA,-1922.4369684611675,PC1,-0.7076033459649437,-0.4216861648832423
2.4082081170608185,NA,-1916.8246756476362,PC1,-0.7657123526623212,-0.6276136483796431
2.3416418863278468,NA,-1917.3465027142415,PC1,-0.8092850769766488,-0.5180008559796133
2.2906189474201053,NA,-1920.956105712433,PC1,-0.8087374723690497,-0.4870403019922933
2.292012441642974,NA,-1920.1057337968116,PC1,-0.79011708956796,-0.5351557684796037
2.5085581942711785,NA,-1922.164518292561,PC1,-0.9117597370126088,-0.6004139555205102
2.4172946655964695,NA,-1923.052490223591,PC1,-0.7972227798608252,-0.6041450296507386
2.1596361282090086,NA,-1925.4585665935779,PC1,-1.0190127621407339,-0.33721059017522087
2.3784160885169765,NA,-1920.2120904464136,PC1,-0.8072801908663152,-0.5870676780843238
2.3783843246046237,NA,-1920.5327007357423,PC1,-0.8420424985314364,-0.6114165884082916
2.359316715533827,NA,-1918.7479347559158,PC1,-0.6994979239229937,-0.6765350457376241
2.2477864820284448,NA,-1921.1657831537802,PC1,-0.7361277278913183,-0.520252925777588
2.3078462152690236,NA,-1921.2319601069894,PC1,-0.8323588990063762,-0.4369862709177834
2.4264833912991515,NA,-1920.8550970394085,PC1,-0.8412718609623564,-0.5690527597981879
2.3947854400597812,NA,-1917.83704548943,PC1,-0.7496402105585452,-0.5508332792951549
2.2533622348261657,NA,-1919.4022191751908,PC1,-0.7127484895348841,-0.504764460192325
2.4238294999210015,NA,-1919.2636278261127,PC1,-0.701366623923552,-0.6666659918139112
2.400691573422373,NA,-1921.205838862211,PC1,-0.8946907259932994,-0.4870466237403741
2.4537006103384997,NA,-1921.4567772940777,PC1,-0.7007489900278903,-0.6288297947332995
2.2602180391872424,NA,-1919.5016157301739,PC1,-0.8402026044519633,-0.4337303283551908
2.3651305033523338,NA,-1919.7153925682026,PC1,-0.6209602851647797,-0.7702512481860478
2.2700548949433665,NA,-1918.456830372484,PC1,-0.8895147706535231,-0.37673157226199877
2.5414231890649837,NA,-1922.2336097267955,PC1,-0.7478452377437681,-0.7344769275560622
2.301229698539281,NA,-1920.0152114577793,PC1,-0.812443886183378,-0.3833846158992076
2.418600864041394,NA,-1920.1205701341407,PC1,-0.882088672659508,-0.45344268130515847
2.3226457708904147,NA,-1919.4518395835314,PC1,-0.72900557702429,-0.4519963357790575
2.2556643256129636,NA,-1919.2985756865567,PC1,-0.7889245796709579,-0.4698720126608134
2.473920628837954,NA,-1922.1954552472018,PC1,-0.6447112099602312,-0.7568768633101226
2.3849510274614154,NA,-1919.7689943022951,PC1,-0.7531012704036609,-0.5191349467444972
2.4242465067475307,NA,-1921.0831705111675,PC1,-0.9094373228855501,-0.6399698255086802
2.3818618669345057,NA,-1925.1154363684664,PC1,-0.7226693946923587,-0.7185980765816116
2.339184293455487,NA,-1924.8068194986406,PC1,-0.7384385603081387,-0.4356717692082154
2.29798088922294,NA,-1924.8864151268588,PC1,-0.8394134363707725,-0.36576918086228966
2.4043136196342663,NA,-1919.2125498597127,PC1,-0.7261240165617806,-0.6278900480867924
2.513010271428879,NA,-1919.2010732399522,PC1,-0.8596554838925404,-0.574534819745345
2.330951925611963,NA,-1921.3106476213138,PC1,-0.7320523666105713,-0.4983317317595394
2.3760626393739845,NA,-1923.7250787102853,PC1,-0.9724668348959344,-0.4000003622657266
2.2698709351707596,NA,-1920.6724339421608,PC1,-0.8617139174341238,-0.31412629569791123
2.291485818553473,NA,-1920.7428302914082,PC1,-0.6556266039576955,-0.5651564576988009
2.203731377625072,NA,-1921.511037072314,PC1,-0.7421106680270009,-0.40014792757771633
2.2231655183415495,NA,-1922.8135414336132,PC1,-0.7937388237096189,-0.5527989651021988
2.35125567889962,NA,-1919.7628327839072,PC1,-0.6139842384183374,-0.6794655892520876
2.287407224953042,NA,-1916.922126258131,PC1,-0.7865208916463298,-0.4423247646286977
2.328089211242364,NA,-1917.081934789531,PC1,-0.7798835938962478,-0.5483384158840323
2.2142173093773954,NA,-1922.6352981795785,PC1,-0.7475849404298316,-0.43446105711021676
2.255286405094698,NA,-1923.0071132691926,PC1,-0.774498454041537,-0.47558347551228475
2.2207643464636777,NA,-1924.419014643337,PC1,-0.8290267658423732,-0.4009563265397622
2.4462181990388427,NA,-1923.3747399369927,PC1,-0.7122434536965278,-0.5797320036230309
2.213713348806917,NA,-1923.3275458334097,PC1,-0.7626991418076031,-0.59638797631117
2.4139285016701484,NA,-1921.2171575932523,PC1,-0.9961793363093496,-0.44042050551587436
2.3687503955786817,NA,-1920.2168748564707,PC1,-0.7160514177328411,-0.6194559661695637
2.383945791202719,NA,-1918.9586467010108,PC1,-0.646677472381081,-0.6803338090896575
2.2884362149230824,NA,-1921.0825346575796,PC1,-0.9090435337230437,-0.4237108656118536
2.2421845924683597,NA,-1922.2532937115877,PC1,-0.8041382311695656,-0.3581679812047554
2.4181091598450895,NA,-1921.258114324312,PC1,-0.7684745077155197,-0.7385275994161737
2.2598212772053334,NA,-1920.1325362366738,PC1,-0.7521280658006199,-0.42189737597795374
2.4829809623503074,NA,-1921.864205557575,PC1,-0.6504851157430845,-0.8158548687047044
2.3867744146157173,NA,-1920.7142892459424,PC1,-0.7942460602995033,-0.49648735237073394
2.2838884541394804,NA,-1924.0394764380535,PC1,-0.8152427383628091,-0.4605542526916504
2.3008921036925094,NA,-1920.9742091237154,PC1,-0.6632767031562984,-0.5130832214753909
2.4180556144922507,NA,-1925.98539279506,PC1,-0.7844993729809873,-0.6571040762475726
2.3689072566284497,NA,-1917.232490011459,PC1,-0.6974147251220502,-0.6483817189984235
2.2733663357015264,NA,-1920.1628555699665,PC1,-0.8409167916972072,-0.3684006372540757
2.310866287492153,NA,-1919.5828132776323,PC1,-0.7481975273032707,-0.44154779541128464
2.1917709194839348,NA,-1926.196729685335,PC1,-0.7692443776632615,-0.3041292453891474
2.175294575328117,NA,-1923.80998575461,PC1,-0.6804315755256758,-0.414034968374148
2.2780806856643463,NA,-1921.0675954606018,PC1,-0.7172978038772404,-0.4942047645194376
2.3490483175502916,NA,-1920.9518899654681,PC1,-0.9276359711501466,-0.4868059700291627
2.2141833693126047,NA,-1919.8743206362292,PC1,-0.8115170731079867,-0.35909894970978384
2.254089611899671,NA,-1923.781052614271,PC1,-0.5283943751642834,-0.537124016803999
2.337078737754725,NA,-1922.6139001416952,PC1,-0.5291633382285345,-0.6356209344131207
2.157509068429129,NA,-1924.0439413844604,PC1,-0.7973857067141776,-0.2961251990450797
2.155085081086614,NA,-1920.7474270486823,PC1,-0.8051304405466253,-0.4054860949084082
2.428353366493315,NA,-1920.9605246681228,PC1,-0.7747884832525199,-0.5420318179135739
2.404903788706751,NA,-1919.636615896917,PC1,-0.6240287622658776,-0.7011014266317998
2.4196694393992515,NA,-1922.541941316464,PC1,-0.6192960915774776,-0.5689030443407815
2.2604426917751357,NA,-1918.5647300800504,PC1,-0.7399427079891776,-0.43282848976727395
2.241222047538937,NA,-1925.9334516982842,PC1,-0.6970296602327704,-0.5282807284509161
2.249077398512651,NA,-1918.7546622589068,PC1,-0.7684288565247199,-0.45723556222090267
2.2179843252759253,NA,-1919.604327577475,PC1,-0.8531854316591497,-0.3911991236600538
2.3364346943134766,NA,-1918.9483542794344,PC1,-0.5480182154067113,-0.6117427758842335
2.227209825173681,NA,-1924.1106892585988,PC1,-0.8990903426695133,-0.3784806925466656
2.3148130654610646,NA,-1919.1421793573222,PC1,-0.9523451698494715,-0.48463034067081495
2.358958615600929,NA,-1918.5548383361374,PC1,-0.8759183137037218,-0.4264146412543211
2.2574522763297864,NA,-1919.3275006798262,PC1,-0.6681897202907774,-0.606617751155083
2.5172643060300905,NA,-1922.1087747257145,PC1,-0.5963221794571331,-0.7893815279911769
2.353776002215803,NA,-1922.395757092786,PC1,-0.8685077161677379,-0.455642991960072
2.3590283435559645,NA,-1921.7392998452312,PC1,-1.0169058840071659,-0.4546960123446771
2.3321842811204707,NA,-1921.7179130529273,PC1,-0.8202206393896678,-0.39224492906303393
2.2336816821304266,NA,-1929.1954425512604,PC1,-0.4767624074213095,-0.756821598526812
2.3932275401487186,NA,-1921.854227053288,PC1,-0.7631781959898791,-0.6176737760486133
2.423676643429275,NA,-1924.1374356803003,PC1,-0.7273910683452911,-0.5679913916207427
2.312706765806984,NA,-1923.442959264001,PC1,-0.7381351115868079,-0.39555738110675204
2.317136739944763,NA,-1917.9592595603767,PC1,-0.7688794248389242,-0.5779239246740717
2.3900546474396607,NA,-1916.82986008641,PC1,-0.7845058319762234,-0.5644743675966124
2.37420119017579,NA,-1921.085080149525,PC1,-0.7957935840274897,-0.5171517165496007
2.281097651448187,NA,-1920.1829663500262,PC1,-0.8374315934290583,-0.5262492574547973
2.417370428844346,NA,-1917.7824296378571,PC1,-0.7605707487131717,-0.6630468211912368
2.3428179361971417,NA,-1924.300798156556,PC1,-0.7948832572797336,-0.5060627864594835
2.2560564810995563,NA,-1923.3730919084092,PC1,-0.7994040355389527,-0.4534029879999983
2.2582944748317764,NA,-1919.3255053673663,PC1,-0.7655745140650807,-0.46232299503974555
2.4449140468592,NA,-1919.7254812219176,PC1,-0.8426759190892783,-0.5595781548869083
2.397706108764617,NA,-1919.7616049895823,PC1,-0.8374215833634752,-0.5589368027088708
2.2937484915086728,NA,-1923.0217137178,PC1,-0.8420660368376905,-0.38584530410661083
2.3160507939480373,NA,-1920.3269655468305,PC1,-0.5583339196448864,-0.6609923652214471
2.2951887242012954,NA,-1917.6560012934017,PC1,-0.5745815277462907,-0.6643977080313014
2.2843388957271906,NA,-1917.2068637813225,PC1,-0.682023886902899,-0.6119109811356179
2.5121786338570797,NA,-1920.7293609671963,PC1,-0.7001265677712984,-0.7189060073523915
2.2926453348131655,NA,-1919.0734730844838,PC1,-0.8989515406682053,-0.3651682754076062
2.256043358190999,NA,-1917.9529428726728,PC1,-0.8635357443029505,-0.3818962441679601
2.5150907710256805,NA,-1923.3962630734652,PC1,-0.8422727755867303,-0.6453970987239672
2.315707461390056,NA,-1920.894481129452,PC1,-0.8285881359053124,-0.5291214444461789
2.3291142613572906,NA,-1923.4820402299772,PC1,-0.9829367864184969,-0.4776495706314142
2.5043241184613145,NA,-1926.7779319803628,PC1,-0.815972390747848,-0.648117591815546
2.4278627373717323,NA,-1920.8654626497366,PC1,-0.802993870341008,-0.611598530867409
2.3546877341233428,NA,-1927.3529429925863,PC1,-0.670932953267718,-0.5441043584302948
2.2921671167458357,NA,-1922.2918156186893,PC1,-0.673725938393083,-0.592744218749683
2.3304901391028894,NA,-1919.3370626007327,PC1,-0.9514350189766658,-0.41316599346064375
2.3619416358527694,NA,-1918.7979327267137,PC1,-0.7569554743414343,-0.5442565819311321
2.340612429547279,NA,-1920.310740399941,PC1,-0.7405383377052361,-0.6252629990843607
2.32322528193698,NA,-1922.446669073006,PC1,-0.6937926526806008,-0.5173938091155822
2.406925585551833,NA,-1921.4104349739882,PC1,-0.5755442417381849,-0.6697868772332914
2.3554953707734367,NA,-1923.1435465261459,PC1,-0.5955866607157002,-0.6679308375167005
2.3368592081681725,NA,-1920.4450080448303,PC1,-0.6999373476466393,-0.4837043803479958
2.4226427823367747,NA,-1923.2990031541292,PC1,-0.49522451965776526,-0.7870679923915298
2.125068041612747,NA,-1922.5993574773272,PC1,-0.7186163631558017,-0.38155043327609706
2.3505687670707087,NA,-1918.490612949012,PC1,-0.8940369749537909,-0.4510640357952769
2.3258238917145317,NA,-1926.2955353177867,PC1,-0.9289510355404795,-0.38286225933682155
2.2672087483480805,NA,-1921.0025889708984,PC1,-0.7732715197240935,-0.41822588752647216
2.577601795374972,NA,-1921.1952324211702,PC1,-0.631400594678027,-0.7693632855172094
2.2513157389306375,NA,-1920.1599806893469,PC1,-0.7183761954785947,-0.5649523787568987
2.3170288297067967,NA,-1923.2489839823265,PC1,-0.6318695835946079,-0.6737460827002539
2.4065918614571418,NA,-1924.434261180797,PC1,-0.7573064936449525,-0.6824056026141473
2.297282704841476,NA,-1919.661461324897,PC1,-0.6969993471049444,-0.6242866911116105
2.4465936239973076,NA,-1919.267276194704,PC1,-0.6241280373848138,-0.6963178527891534
2.343527664952472,NA,-1923.9947916688698,PC1,-0.9396196610382324,-0.4912526029684147
2.4136646556147197,NA,-1918.6538302725878,PC1,-0.7207875284454445,-0.6448403384146043
2.3326334968393247,NA,-1924.8772512298133,PC1,-0.7439008390742031,-0.6411310287972223
2.4865475869627285,NA,-1921.8712022622447,PC1,-0.7321888293937364,-0.8077126027327861
2.4221444942151247,NA,-1922.5017561370428,PC1,-0.83615438183484,-0.58559459568331
2.3138937433541726,NA,-1918.8523003714515,PC1,-0.5453023698897892,-0.693528728186741
2.3955314473281724,NA,-1923.3200500210621,PC1,-0.8670370988589529,-0.42542966862120846
2.206660137157698,NA,-1919.5044687555246,PC1,-0.8236423279145954,-0.4391129142115069
2.466295218797391,NA,-1922.130175145481,PC1,-0.6710073320275476,-0.7592031584869869
2.3180445410047996,NA,-1922.098305243022,PC1,-0.8204061836702238,-0.45083374059152037
2.472502225599383,NA,-1921.4651952226334,PC1,-0.7154681362122839,-0.6708361809638319
2.499761757613526,NA,-1917.0316336881067,PC1,-0.7318955764543345,-0.6950602151863542
2.344009868948242,NA,-1919.8736145032615,PC1,-0.6867098247740878,-0.6097211660228612
2.4521833943652607,NA,-1919.5277179440734,PC1,-0.7963374347564183,-0.557060759375244
2.3038072115273422,NA,-1919.0818042057124,PC1,-0.8325217318514211,-0.47591001757346957
2.276921746077852,NA,-1921.2188009744832,PC1,-0.7773205048612798,-0.36358734012830984
2.3187049306724568,NA,-1920.6476019844274,PC1,-0.6541816952867875,-0.5785113659494896
2.2623063034677937,NA,-1921.3326030695303,PC1,-0.7208934441429675,-0.5758672069030284
2.3251159161570842,NA,-1919.7019430162484,PC1,-0.6552801243586569,-0.5895053242124508
2.371947012695276,NA,-1921.3682703537454,PC1,-0.928614130087757,-0.3539467837671781
2.399245936818441,NA,-1920.4971967113995,PC1,-0.6778312234424322,-0.5405871639416039
2.3737059329497523,NA,-1922.558302868252,PC1,-0.5970414408156355,-0.5869979296477108
2.349925037079009,NA,-1921.7246847557171,PC1,-0.6416244416287413,-0.6319346974412253
2.3602618022553745,NA,-1917.605875193426,PC1,-0.7844793966196222,-0.5652401651364855
2.2391863276332504,NA,-1921.7457916872288,PC1,-0.7129382350476625,-0.4829936382119717
2.3833414191238655,NA,-1918.2988213310325,PC1,-0.8671443473916278,-0.5104866371453481
2.2940719569634425,NA,-1922.935832271295,PC1,-0.742814690643684,-0.37877638894929916
2.3137914037278167,NA,-1920.011961611332,PC1,-0.649389291216845,-0.5693847692375331
2.213159740191449,NA,-1923.8317555335577,PC1,-0.647414341129099,-0.529378910654183
2.2241375110247943,NA,-1919.777488120471,PC1,-0.6869294146689566,-0.49905869659554764
2.22212413851961,NA,-1922.4747864900974,PC1,-0.7022063739067106,-0.5579072574531024
2.3048816563722605,NA,-1918.8917926789145,PC1,-0.6564346761679385,-0.6877449142949883
2.3559369484274213,NA,-1919.6163548711163,PC1,-0.7238233692256724,-0.4818068025312851
2.454179399328918,NA,-1917.6753052329746,PC1,-0.8698752888133798,-0.5799783181103583
2.379310662101302,NA,-1919.2476321634788,PC1,-0.7388399777450503,-0.6449341837267613
2.2846223072782026,NA,-1921.8000022825893,PC1,-0.8845122059655542,-0.399056243776948
2.517060854024396,NA,-1920.3992933583681,PC1,-0.7467472188304806,-0.7337473501722476
2.413032648982652,NA,-1922.658199943771,PC1,-0.6466484991137851,-0.7682370251121485
2.365745100717813,NA,-1919.2089236957363,PC1,-0.8046745916852897,-0.6276575934707388
2.3034766821959773,NA,-1921.8927056569628,PC1,-0.8896024683952277,-0.5021897414152547
2.158462376841264,NA,-1922.4865592527271,PC1,-0.8501407881776187,-0.3923022915432697
2.325405495050585,NA,-1918.8488427268387,PC1,-0.8032303279671071,-0.4773204683915283
2.4556474006689686,NA,-1918.0765403582948,PC1,-0.8481856098845475,-0.5590867925444286
2.2248310009766277,NA,-1918.3211330256931,PC1,-0.7606824780053194,-0.38754514863424316
2.4051885954297925,NA,-1925.2415317168982,PC1,-0.8226246527473395,-0.5718251018360114
2.232764619535631,NA,-1921.4222094303934,PC1,-0.9569892599199025,-0.2979571952650882
2.437865543809695,NA,-1924.4977383989149,PC1,-0.6940268293362567,-0.5863339462650881
2.3473746661844297,NA,-1924.3071622756513,PC1,-0.65100817585274,-0.6157746492145737
2.2099270556453674,NA,-1921.5695404339042,PC1,-0.8188222023489455,-0.40128114901151535
2.3456925457843454,NA,-1920.8513373799915,PC1,-0.7556794200572943,-0.45575142329955676
2.491431965407861,NA,-1919.8599953559649,PC1,-0.894143258049617,-0.5694012349028293
2.4405190083335926,NA,-1923.7722062369578,PC1,-0.7410982514845995,-0.6815051278534927
2.413687085145199,NA,-1926.3938007950878,PC1,-0.6463528563609606,-0.6868939240674599
2.2046684017243243,NA,-1926.2334704643895,PC1,-0.8797676793651019,-0.3491730405295281
2.3262959791330604,NA,-1920.8075558062444,PC1,-0.7527177420762284,-0.48747707506025034
2.3697425901439217,NA,-1917.7421756659626,PC1,-0.762391193626154,-0.5651105497095412
2.1497474996132997,NA,-1922.9162298876856,PC1,-0.6448447883396566,-0.38903583965863087
2.3023484908923075,NA,-1918.9440556303184,PC1,-0.7044794206620588,-0.550772873645681
2.3278793823693498,NA,-1922.5672770109488,PC1,-0.6855352621058574,-0.6135980589310516
2.318218540026311,NA,-1918.4492441837215,PC1,-0.7989108288999576,-0.42354121154305097
2.2265633348192857,NA,-1918.6928881650251,PC1,-0.6893349768943045,-0.4525373894828975
2.2780921195158887,NA,-1917.4527176416009,PC1,-0.6801452791683305,-0.5617083501349667
2.1969808728180893,NA,-1927.6343206494603,PC1,-0.7916929258928177,-0.323786343497134
2.2995201084765484,NA,-1921.2643514902754,PC1,-0.9379534649187571,-0.39330047275793517
2.365319217297107,NA,-1923.4545832095591,PC1,-0.64811962395549,-0.7898617123602807
2.327268405539502,NA,-1917.9277135597486,PC1,-0.9148474825185774,-0.3686954142835248
2.2888582860880855,NA,-1920.044614507514,PC1,-0.8283507335211191,-0.4857096035242612
2.2910234706224175,NA,-1919.0906512302408,PC1,-0.9439628928855276,-0.38447264700033806
2.3221117887564673,NA,-1919.5036030171382,PC1,-0.5439699714243249,-0.6169474329286849
2.236520869330722,NA,-1925.4193654827482,PC1,-0.6772519999156289,-0.6142542119631803
2.3995958484468582,NA,-1918.8382355782176,PC1,-0.7293119349198811,-0.6374735032102614
2.2833691512320975,NA,-1918.6168392170325,PC1,-0.8709688104687239,-0.4442226952301925
2.4092521947084076,NA,-1917.459414620478,PC1,-0.6867085716467873,-0.6119872939565387
2.3403940465434476,NA,-1916.829851678048,PC1,-0.7307597380461699,-0.5533116309406257
2.2691294058523694,NA,-1917.8324446746292,PC1,-0.8043220226848099,-0.4623104780969146
2.2800753230201054,NA,-1920.70272694621,PC1,-0.5728413927085475,-0.6817291542551074
2.427348002844879,NA,-1921.4579717127478,PC1,-0.6575867009909071,-0.7206856855550754
2.3835192510454535,NA,-1919.4244924953712,PC1,-0.7455201625064645,-0.4969504453486377
2.3811003898260035,NA,-1917.535298682357,PC1,-0.7204706055268354,-0.6036528053206092
2.317597612365145,NA,-1919.955156586287,PC1,-0.683209750882193,-0.659543426335641
2.3638642064968134,NA,-1921.7114983828155,PC1,-0.8140962081350832,-0.4094556113138996
2.2634788889071173,NA,-1926.85511030718,PC1,-0.5056981227369817,-0.577834283546542
2.3679395572015367,NA,-1921.6567925681388,PC1,-0.6526918794438826,-0.5585903976851949
2.2833742681032465,NA,-1925.9032388249716,PC1,-0.822016952034959,-0.5124829276721757
2.2323785439232213,NA,-1922.9267847672254,PC1,-0.5828648479706917,-0.7528775277273445
2.3435382204645805,NA,-1918.9377815527089,PC1,-0.6851066336973792,-0.6497556393219921
2.3431027010918455,NA,-1920.5937010743883,PC1,-0.8988453948255025,-0.4807727954745436
2.434378603404852,NA,-1924.381847048266,PC1,-0.8859258717118098,-0.5846880846408252
2.523965942592084,NA,-1924.9202804843856,PC1,-0.8875313296784192,-0.5749666389181932
2.287544009123758,NA,-1923.6956901807657,PC1,-0.8332503432806533,-0.3925782570117017
2.599137066490989,NA,-1924.7299118082597,PC1,-0.7391268751515693,-0.7965067278897013
2.326211906159071,NA,-1920.754181091707,PC1,-0.7152683694009155,-0.5895041033085264
2.2924050831541605,NA,-1921.502723809194,PC1,-0.6339951607786718,-0.6495140646943673
2.36375012837019,NA,-1919.895932158033,PC1,-0.718861648338006,-0.5898049827600852
2.2832287073092385,NA,-1924.4663484156486,PC1,-0.868059808318013,-0.46327634035730725
2.397015497052834,NA,-1917.0283564814772,PC1,-0.6632454713967514,-0.668032027351721
2.227704449070996,NA,-1923.6544762836845,PC1,-0.6823340935956458,-0.5166276283570757
2.3129398293764063,NA,-1917.8260287651087,PC1,-0.6641324383323063,-0.6042586136571018
2.375221100708365,NA,-1920.5477348173688,PC1,-0.6889126427847281,-0.5028432515534872
2.4169514102551997,NA,-1919.3298166232619,PC1,-0.7450229224053797,-0.6124125347917935
2.237104138091474,NA,-1918.7872930695091,PC1,-0.71527754743234,-0.4634277998428748
2.2664429914286774,NA,-1922.7798060233442,PC1,-0.5602225287830811,-0.6494461889956352
2.525735265771388,NA,-1921.2928913637393,PC1,-0.6950521406568136,-0.7888163618656577
2.289330720600158,NA,-1924.9968361281292,PC1,-0.6401673510511466,-0.5123028350353231
2.3557213180301986,NA,-1920.0471967881483,PC1,-0.6061739082487658,-0.5955161122502457
2.4119372452964223,NA,-1921.8669327819712,PC1,-0.5496073415116091,-0.7225508628897793
2.4411835170807166,NA,-1918.9699637137444,PC1,-0.7279476489418456,-0.5978830058351843
2.405289122466752,NA,-1920.0479439096584,PC1,-0.6379183322512332,-0.7798380862968162
2.4250662441122786,NA,-1917.2534058337133,PC1,-0.8262643697861146,-0.5503700304508541
2.2034682854517444,NA,-1917.985255105453,PC1,-0.6838571659035296,-0.46258471268997287
2.40546303633174,NA,-1918.1184919373964,PC1,-0.7286250997347153,-0.6584854889214498
2.484031029496912,NA,-1920.5324514947622,PC1,-0.8458938030706941,-0.5974650996335079
2.301726435183116,NA,-1920.3848009064347,PC1,-0.7453241431507232,-0.5624424824987125
2.341285573987899,NA,-1917.8102079943747,PC1,-0.6655145545552676,-0.6612671831963475
2.5224309877637308,NA,-1919.2888785652278,PC1,-0.7473712659826997,-0.7012573976174258
2.19439881127334,NA,-1922.0659146844762,PC1,-0.7963556421436566,-0.46836354422996834
2.4111658668134535,NA,-1920.0440467633398,PC1,-0.7401955196313239,-0.6023253924899045
2.450480883959331,NA,-1920.9063164650725,PC1,-0.8885535422028794,-0.41259805062274413
2.3434120051520284,NA,-1922.774188162193,PC1,-0.9635520476849936,-0.4311394208894651
2.3064886960196427,NA,-1917.9425113494597,PC1,-0.6985391914091955,-0.5117424209615514
2.4680790883696835,NA,-1922.4410629730621,PC1,-0.8682259236560532,-0.6147388800931309
2.4226714868876424,NA,-1920.0316533450932,PC1,-0.7844209059088842,-0.6844300075052011
2.2259266729864033,NA,-1924.881127046016,PC1,-0.704045618288381,-0.47886993080740675
2.377639796835554,NA,-1916.9025253581544,PC1,-0.7411239570263309,-0.6226383767844136
2.3821987359705874,NA,-1918.2582950353794,PC1,-0.6484828115051091,-0.6218702693163486
2.3473228496151757,NA,-1926.2147815660983,PC1,-0.6850952610805937,-0.5129275669562027
2.32735848804257,NA,-1920.4084474288707,PC1,-0.7530206671455892,-0.5610890110745073
2.6108387097784713,NA,-1922.474455479573,PC1,-0.638319919073454,-0.8231984980055631
2.3725095025521807,NA,-1921.4318621960392,PC1,-0.6153580332865269,-0.7942290101300374
2.335717740006687,NA,-1919.404257353181,PC1,-0.8865182123895429,-0.4773177840302435
2.465360934329944,NA,-1921.8803905704356,PC1,-0.7682111384345406,-0.7415685550555154
2.3926189321818288,NA,-1918.0221750704497,PC1,-0.7156385595068516,-0.6851080297006978
2.3336763232029623,NA,-1919.5009128675263,PC1,-0.6933307881689023,-0.5676852430351504
2.336908320160944,NA,-1918.6714999542316,PC1,-0.8804090506629112,-0.4652486953645291
2.2669844100004806,NA,-1919.5642883916053,PC1,-0.7802526016112407,-0.5137038770486402
2.3589617627892565,NA,-1922.4250033156075,PC1,-0.6889103423075132,-0.5010982208793581
2.3022672497084096,NA,-1920.4711027723945,PC1,-0.8592075376962448,-0.3639387812100368
2.359936700445062,NA,-1918.4400381023454,PC1,-0.7271526304597349,-0.549293216041867
2.4208099733635216,NA,-1919.487582567872,PC1,-0.7186249560667433,-0.7122848166260403
2.157837896467156,NA,-1922.3465885721823,PC1,-0.8208871772809108,-0.3215984392949032
2.288826253323059,NA,-1922.125822267372,PC1,-0.9268154657656975,-0.5107862554813718
2.2833559927563893,NA,-1921.1752703182315,PC1,-0.707356953946316,-0.5893315144317766
2.3539870333205677,NA,-1922.718877927198,PC1,-0.8368921487223273,-0.49569076705750037
2.4973939601009554,NA,-1919.8052489145587,PC1,-0.9129760820542814,-0.6063334757360297
2.3204179288591096,NA,-1917.8281490965142,PC1,-0.8330059817543182,-0.49677942065429964
2.35845848740826,NA,-1921.8837542622996,PC1,-0.7463826217965753,-0.49120512590925125
2.1867423701091306,NA,-1921.8651323052393,PC1,-0.7858072238166571,-0.49851502251840085
2.4825337020763554,NA,-1921.8580567576453,PC1,-0.7406615484220342,-0.6332210290756815
2.215895726471687,NA,-1920.5896392689647,PC1,-0.7017017608508458,-0.4798447222208794
2.493271853166664,NA,-1920.7727277309295,PC1,-0.7727483140570947,-0.6604009966330056
2.437431259329612,NA,-1918.4879881969325,PC1,-0.7082608910724766,-0.6116850228760603
2.239799677899658,NA,-1921.4450927431342,PC1,-0.7013305884611992,-0.42263847836318347
2.480749413997523,NA,-1921.0915262938452,PC1,-0.7574123780829569,-0.7491272987012382
2.4585414900819025,NA,-1923.3841106911334,PC1,-0.6586702730648315,-0.8653036144349138
2.391545726825832,NA,-1918.5939869383642,PC1,-0.7589110458950665,-0.6694028513738547
2.3313320767788874,NA,-1920.4490650005507,PC1,-0.8182660524534815,-0.4287722499643643
2.3916246116419138,NA,-1922.2041599100667,PC1,-0.7436800676824852,-0.6966736584900902
2.325167296028591,NA,-1916.5843146845757,PC1,-0.7602663386146441,-0.4534630624812424
2.4961459952140657,NA,-1919.026348594628,PC1,-0.8253416410505814,-0.5912619697851719
2.4160234083642362,NA,-1918.9494547922745,PC1,-0.7567111288538961,-0.6130975213096406
2.341759357251617,NA,-1917.5823075614148,PC1,-0.7212814634184337,-0.6324836969579869
2.498788256715337,NA,-1924.8514694109826,PC1,-0.7184033427547823,-0.7790204944359752
2.4478715480978415,NA,-1920.5340150652764,PC1,-0.9048555182469206,-0.5356129647287344
2.4526707083393324,NA,-1924.6232050219694,PC1,-0.620362015925153,-0.7211918261490637
2.12836664026719,NA,-1923.6530034510893,PC1,-0.7812057684242066,-0.31337742688222997
2.5555755897922405,NA,-1924.1902728972782,PC1,-0.5690268678506057,-0.9372709054623058
2.2593500111323377,NA,-1922.2993305688688,PC1,-0.6213700750743226,-0.46167109255654554
2.4470360219730978,NA,-1928.8199002737026,PC1,-0.4747889181217047,-0.7967328865680029
2.387466802319112,NA,-1918.1249979634886,PC1,-0.7584209446026299,-0.6011028395829731
2.3524706296491713,NA,-1918.368512581356,PC1,-0.6547461703948353,-0.655017575411741
2.226268891942378,NA,-1919.6323277862,PC1,-0.5766215078932968,-0.6144934366117578
2.3278540677725736,NA,-1922.9740032891846,PC1,-0.6796280800317119,-0.5338066932480933
2.302775671415405,NA,-1919.6945409165241,PC1,-0.6223095346881883,-0.5482127538394764
2.3282184332262994,NA,-1918.568646609504,PC1,-0.8037768316054116,-0.5691327632757446
2.460628258143564,NA,-1921.3421157896075,PC1,-0.6301195412283966,-0.7995815917135048
2.4302976861101424,NA,-1923.0867843736403,PC1,-0.6494449411482335,-0.7180319489724744
2.35775455384358,NA,-1920.0548813471644,PC1,-0.886945542269227,-0.39278712903553054
2.4964617981950945,NA,-1925.267952077284,PC1,-0.6556315051778442,-0.8103297789448028
2.3427806488011127,NA,-1918.122430906149,PC1,-0.7267736837530786,-0.5399389489747026
2.306957427545184,NA,-1918.804923722577,PC1,-0.6950011198720221,-0.6123573097471974
2.3611360795154175,NA,-1923.1754811063686,PC1,-0.72338841468189,-0.6927448803740539
2.408561576574531,NA,-1918.6755880891926,PC1,-0.589128857137634,-0.6602440541986507
2.3677685129459745,NA,-1924.4065170642157,PC1,-0.8293690018387812,-0.47801233300529916
2.450775360282133,NA,-1922.1243469913427,PC1,-0.9145036911504328,-0.4084245795175494
2.355456007269768,NA,-1921.0738298441597,PC1,-0.7168860922385285,-0.5864033989592435
2.445809948733311,NA,-1918.5554510214702,PC1,-0.639443875198387,-0.6760570388385347
2.420630447097604,NA,-1916.905952489142,PC1,-0.7765267297002257,-0.5841695027559577
2.321200158137951,NA,-1919.739102822022,PC1,-0.5299826380820549,-0.7010372455082234
2.244900454056641,NA,-1921.5578924608067,PC1,-0.6002598979081466,-0.42084139204680937
2.2408516085874055,NA,-1919.292361339054,PC1,-0.8245632858675007,-0.45533285596036555
2.1934611911785886,NA,-1924.115292595833,PC1,-0.8681063973381392,-0.3614604403051352
2.469449633293458,NA,-1922.551461513102,PC1,-0.6411271695306655,-0.71959670093744
2.427393935401081,NA,-1923.3544877725474,PC1,-0.6821629916558631,-0.5629468598309955
2.361082131805464,NA,-1921.4630888823503,PC1,-0.5540496906910475,-0.7822985115109223
2.2654543103476437,NA,-1920.2220791172792,PC1,-0.855401414114053,-0.4032756023502113
2.31775715839859,NA,-1921.987297668821,PC1,-0.8116543044545016,-0.5539175733454432
2.301389401047878,NA,-1920.4407699189435,PC1,-0.7464857547989637,-0.6198617670101417
2.3297922444717725,NA,-1920.5628227886666,PC1,-0.7735041207582204,-0.5577061916446135
2.3416515423578974,NA,-1918.047873718879,PC1,-0.6405467760904662,-0.6480997225374295
2.421554589949493,NA,-1919.8471405404928,PC1,-0.8556038960358145,-0.5542930866690984
2.3674760703919047,NA,-1918.265199641175,PC1,-0.8775995970694842,-0.4579400345868414
2.3469144584612254,NA,-1924.2306908947974,PC1,-0.7846842130277585,-0.563654360879092
2.222565936224021,NA,-1927.1611550679393,PC1,-1.0055314943340887,-0.3517850593648216
2.124105091734747,NA,-1921.6860158569996,PC1,-0.7641938429773228,-0.445250102136718
2.4686380339228835,NA,-1921.4650775560528,PC1,-0.898988236816793,-0.5963852465343269
2.36099346821701,NA,-1917.8622631506566,PC1,-0.7912609636837812,-0.6314956774181509
2.307700332330226,NA,-1919.6514852926052,PC1,-0.8076454768013523,-0.4785915453689821
2.4178050120903296,NA,-1925.0673227184345,PC1,-0.583367499552279,-0.7081751778620815
2.4678798645731823,NA,-1920.5730584946605,PC1,-0.6729996825779538,-0.6451446098818159
2.3933236522285837,NA,-1921.4945707897482,PC1,-0.6398606088135829,-0.6856581457684631
2.1163325853643506,NA,-1921.4074756834361,PC1,-0.7048414931192285,-0.42974779645178973
2.4813648874921923,NA,-1918.0283790634844,PC1,-0.8218192367956534,-0.6112168780694085
2.3324890688671482,NA,-1922.746432253659,PC1,-0.8991739187509666,-0.30706314724670947
2.411177040456367,NA,-1919.442566179184,PC1,-0.6905611850436468,-0.6175528205867953
2.361596256264181,NA,-1924.4890639422135,PC1,-0.6604014386774499,-0.5345957559293137
2.1476953686258873,NA,-1921.9704441832384,PC1,-0.8917544952351933,-0.2917685898979417
2.2749134867358753,NA,-1919.609528391348,PC1,-0.7171553572983691,-0.6057145736389655
2.2594551418560846,NA,-1919.8445199221262,PC1,-0.6509849919085017,-0.6311215958005809
2.4448648833111712,NA,-1921.088094626827,PC1,-0.7224007645579511,-0.6825398594668126
2.4417213400503557,NA,-1919.13350700378,PC1,-0.638744525447514,-0.7422148518493054
2.36822574259977,NA,-1919.217632389231,PC1,-0.5693756002441903,-0.6423114029770344
2.403806877421047,NA,-1919.8743448145872,PC1,-0.7925071275048329,-0.48028907850012637
2.492608183942413,NA,-1921.5977238940688,PC1,-0.6192406867243194,-0.6760478172517392
2.2391352391304307,NA,-1921.3688953859667,PC1,-0.7034877546567508,-0.5699188006152395
2.368799999229614,NA,-1920.972888719348,PC1,-0.7980751716608089,-0.6474140407703631
2.337395052040898,NA,-1920.0493958711265,PC1,-0.8030649763380395,-0.45864724425582787
2.306292238226708,NA,-1917.524116967233,PC1,-0.8219812750723627,-0.4114443673032278
2.4198223395169984,NA,-1918.3313449859374,PC1,-0.8103858217642088,-0.577600535930919
2.2130669492507624,NA,-1922.5345749401208,PC1,-0.7906707819243822,-0.3165986771755688
2.3023337555368264,NA,-1919.5892660429167,PC1,-0.7442324797857361,-0.483731585474428
2.3474321815085912,NA,-1919.444113209136,PC1,-0.8972370820230735,-0.49696129590383353
2.3531058091193273,NA,-1920.728919850957,PC1,-0.726617217711998,-0.7001278002728033
2.3824328545711015,NA,-1919.907880839773,PC1,-0.7346671980140979,-0.6042922863464781
2.258176205653874,NA,-1923.4723277868711,PC1,-0.6545908285509603,-0.50018227613148325
2.5064797076522383,NA,-1920.690675409357,PC1,-0.6130845027710489,-0.7549216868035841
2.2055704303992347,NA,-1919.1937249675807,PC1,-0.7283133346274259,-0.5063595413374318
2.3210528862054645,NA,-1919.8744166752965,PC1,-0.8449944090101164,-0.4352152864269917
2.2981028515162114,NA,-1919.0505490892176,PC1,-0.6288276945196527,-0.6226712989323983
2.4231716093274396,NA,-1919.0446056804553,PC1,-0.68416656761868,-0.6412439736396216
2.498215603713132,NA,-1926.3336844048597,PC1,-0.6501838024027078,-0.688713876772046
2.3728191252703814,NA,-1919.9795851252552,PC1,-0.7086513066183281,-0.5808376010895067
2.3604977693740867,NA,-1920.2350350751126,PC1,-0.6525886884363119,-0.6572887173823001
2.430117342509977,NA,-1918.8960323842728,PC1,-0.8571802829215734,-0.5350366331536744
2.4474829180581867,NA,-1920.4524710466253,PC1,-0.8328757949479254,-0.5663782791573602
2.4680600711264535,NA,-1922.7248420695992,PC1,-0.746749818602399,-0.49006515140405316
2.3993354060291607,NA,-1919.760014955025,PC1,-0.6223237584560836,-0.7474442846209922
2.4284785861931515,NA,-1920.0540605542194,PC1,-0.8455530606734785,-0.5612358554118957
2.3571528710266163,NA,-1922.1026143382192,PC1,-0.8142577571459225,-0.6237332657115942
2.4331302851415724,NA,-1919.6286493638524,PC1,-0.5811801802589434,-0.7147367266212291
2.326039693806816,NA,-1918.8986699502734,PC1,-0.6336051351961036,-0.6365017440830792
2.4824786525823406,NA,-1920.6298518411309,PC1,-0.9025498771746788,-0.5819472324850886
2.2753251907609835,NA,-1919.1966968499225,PC1,-0.6324862842168472,-0.5947395098547505
2.292933493404344,NA,-1917.0933838173166,PC1,-0.7048586907735784,-0.5448024808575241
2.381851600058195,NA,-1918.8661094317927,PC1,-0.8554314249449154,-0.45291161504061733
2.270019016721217,NA,-1927.2355769366445,PC1,-0.934236519568468,-0.49852105243711436
2.3540923647726144,NA,-1918.3799374782038,PC1,-0.771056633730106,-0.5759734478633219
2.3294906271055518,NA,-1920.1648262161643,PC1,-0.8050887843670639,-0.6099037592807947
2.3181126656522135,NA,-1920.08014991036,PC1,-0.9744965436889186,-0.3227638840735939
2.398112788229384,NA,-1919.4176251069728,PC1,-0.8862604774826269,-0.5129683195511645
2.427756058126464,NA,-1919.5075717509214,PC1,-0.5647599667803821,-0.718682822258402
2.2306790102981644,NA,-1920.3388876971508,PC1,-0.6183810476237482,-0.5637337541452477
2.373299942138254,NA,-1918.244787773561,PC1,-0.7747398923775901,-0.6814651307198024
2.403252046176862,NA,-1921.2036085074426,PC1,-0.5543437729595179,-0.6668847130895414
2.3777480760791123,NA,-1920.5038001450273,PC1,-0.8297186295524621,-0.5516949701693493
2.3501770525852272,NA,-1922.396259059909,PC1,-0.9394767440614319,-0.3302676262643465
2.3803605846777254,NA,-1920.551449821962,PC1,-0.7936918216574015,-0.5419712191593944
2.312715946868592,NA,-1918.044050912126,PC1,-0.7071488306590754,-0.5852549728747575
2.321660967716441,NA,-1920.0602776876206,PC1,-0.6287421410242959,-0.5359548022567208
2.3915923533830963,NA,-1923.0151840657988,PC1,-0.6956360088764606,-0.576586964081184
2.344178849492355,NA,-1919.1012692503518,PC1,-0.7475789065648413,-0.6429754767263737
2.270914536234875,NA,-1918.93403237828,PC1,-0.7352461770790207,-0.5055800518031759
2.356746147371033,NA,-1919.3894478980899,PC1,-0.6027866154983863,-0.5934866069664829
2.33844053582286,NA,-1920.0773503472255,PC1,-0.80615251416256,-0.46094635908011466
2.2803175765313544,NA,-1920.470286483126,PC1,-0.6290357085552261,-0.5396158787548863
2.2696643724798107,NA,-1918.940501627803,PC1,-0.6550532962803478,-0.596895254990912
2.266801159493774,NA,-1923.1577341383656,PC1,-0.7985071038723378,-0.37769474635907235
2.4869962647966206,NA,-1923.078636119015,PC1,-0.7629658763211905,-0.6886332684519381
2.321680033235503,NA,-1917.6868497573364,PC1,-0.8070148707385026,-0.4768709124077223
2.584485630998243,NA,-1923.688974739892,PC1,-0.7845892648435566,-0.6671749871593526
2.2755075137826375,NA,-1921.8249620250085,PC1,-0.7537041864002082,-0.38794272269077323
2.1947328022122146,NA,-1923.678212088897,PC1,-0.6618575500244068,-0.483727582867405
2.309298925763395,NA,-1919.0898964133235,PC1,-0.8956029859343313,-0.3714896870687236
2.2735338573319677,NA,-1918.6659291217331,PC1,-0.7702403843820146,-0.4039416058480748
2.3559323027413672,NA,-1917.4550299471719,PC1,-0.8476024421013234,-0.5194761745223933
2.42226887577328,NA,-1919.5957834157375,PC1,-0.7064732883799607,-0.6579951962060857
2.4514654764587758,NA,-1919.876788306481,PC1,-0.625228121188249,-0.7507712589990928
2.2698258981006516,NA,-1917.8382241085726,PC1,-0.6357634164756314,-0.5908494913669837
2.4084662108995887,NA,-1920.6114636505788,PC1,-0.8086234872383813,-0.6680021431936777
2.2673330374686165,NA,-1917.9302655718288,PC1,-0.8788269242379443,-0.41623504693346797
2.353334320036811,NA,-1918.9373596303983,PC1,-0.6161538124731313,-0.5589702304561119
2.360366458738111,NA,-1917.6195644333948,PC1,-0.8005557712160897,-0.5760776195471407
2.3828869366469303,NA,-1919.4778731036997,PC1,-0.7715188782976181,-0.48062927855669896
2.3444379434347273,NA,-1917.9229465872595,PC1,-0.8745135642849338,-0.4464463402490695
2.3246568845930216,NA,-1918.8369346773914,PC1,-0.7362608237948668,-0.49539954377154716
2.2568341310252107,NA,-1917.7278155615293,PC1,-0.7152998678409448,-0.5127383505215417
2.4342359886066314,NA,-1923.0688547674652,PC1,-0.7168013732578679,-0.6511076559731162
2.303508633498304,NA,-1921.9172157166277,PC1,-0.7512376768481677,-0.5120902272116479
2.361238106983651,NA,-1918.1109777600138,PC1,-0.657182654305732,-0.6363614650153863
2.4424237563398683,NA,-1922.5938677396516,PC1,-0.8027382071580826,-0.49794275158846063
2.2785465835791467,NA,-1919.6603909291396,PC1,-0.8437104635131291,-0.49348270176917847
2.357250827026697,NA,-1917.2961413478424,PC1,-0.7806921097615902,-0.49491077910464565
2.346370312902609,NA,-1919.5204357753112,PC1,-0.7249931947503127,-0.6399998675759403
2.3492748112066475,NA,-1921.8282123487961,PC1,-0.7125711850726134,-0.5543226478664256
2.382100708704546,NA,-1917.8587335824675,PC1,-0.6944294111216127,-0.6550277631667445
2.3925993129649026,NA,-1920.6521687319475,PC1,-0.7488559146833037,-0.6156471003284435
2.437621960039119,NA,-1920.4895222250432,PC1,-0.742761567708303,-0.6509040446731478
2.422774075629964,NA,-1920.4156635179038,PC1,-0.7984108824259271,-0.6778917587148864
2.4250451325395215,NA,-1920.0507572086374,PC1,-0.7665321133923312,-0.561373783896031
2.1932322926644354,NA,-1921.4429760800354,PC1,-0.6533839350453328,-0.45395904688623134
2.490605750762422,NA,-1919.4089862720307,PC1,-0.8706910687430663,-0.6481194636055614
2.543697707344714,NA,-1922.2127725887315,PC1,-0.7553300977286561,-0.6758926036263702
2.4046578608329776,NA,-1919.9202368796953,PC1,-0.8360702771699084,-0.4555438519298803
2.3599948383303526,NA,-1924.406856642872,PC1,-0.6926002802656642,-0.7233963903660974
2.379585500260329,NA,-1924.9008672216091,PC1,-1.031621040937763,-0.4408618789708341
2.258832717116869,NA,-1921.668424223389,PC1,-0.6303774277925074,-0.5351610213881456
2.2298742677324705,NA,-1921.8367537644638,PC1,-0.6480648931352846,-0.480722319648227
2.451338330624124,NA,-1920.011162594476,PC1,-0.8381669411805736,-0.6117242713675878
2.3139307248972356,NA,-1919.4851731957276,PC1,-0.6137854522484071,-0.6431065534076688
2.366197677061676,NA,-1920.5075821900334,PC1,-0.6891936119179517,-0.5307418201116295
2.3825227309588333,NA,-1926.0805173544422,PC1,-0.7391359280331471,-0.49268053240238036
2.3965768463558854,NA,-1918.826718132771,PC1,-0.7959706885948156,-0.5466409602615152
2.4260821108566173,NA,-1918.8524181946975,PC1,-0.8139351854722713,-0.5614391761017099
2.338604618158174,NA,-1919.588102488033,PC1,-0.7335072811692759,-0.5758461199050483
2.3344984679989347,NA,-1920.7849554227905,PC1,-0.5794721599052421,-0.5714062653199362
2.3864992482216167,NA,-1919.591267939912,PC1,-0.841573103023054,-0.4726738649975085
2.3109241074980824,NA,-1921.4439491945504,PC1,-0.9109705681893872,-0.5073600162357778
2.2605344006034462,NA,-1920.5785717654387,PC1,-0.8615110204409887,-0.4250531560492782
2.4003313078727064,NA,-1920.2651663989664,PC1,-0.8686090025999813,-0.4936319647492289
2.383586981076441,NA,-1918.6647858529327,PC1,-0.7341543901674863,-0.5547473034300884
2.2531968221575758,NA,-1924.7785286540925,PC1,-0.9848450198815194,-0.3364501088178335
2.4965867525902,NA,-1919.98957119905,PC1,-0.5933121036359034,-0.8016062210213621
2.255419070997193,NA,-1922.2141839948602,PC1,-0.7403607977682723,-0.41449097262600165
2.3774218870411508,NA,-1919.825110237743,PC1,-0.6836275189456655,-0.7115426222684231
2.3994966325498437,NA,-1921.0504557558272,PC1,-0.844020494644716,-0.5103152634380376
2.1887283362764163,NA,-1920.6374875726917,PC1,-0.8387243841645177,-0.34433686617590076
2.3275396886922324,NA,-1920.7435358385078,PC1,-0.6223407582986841,-0.5374516081652626
2.49893230079939,NA,-1920.1414205819253,PC1,-0.7906833621988312,-0.7236786770264404
2.34562763258356,NA,-1920.0731029122087,PC1,-0.8942336042468744,-0.43902196999977655
2.4130415019832445,NA,-1918.068984246817,PC1,-0.730413064441774,-0.6182472940683992
2.3550428407013704,NA,-1921.4917213425094,PC1,-0.7677538082865952,-0.4730199502288148
2.393356819465727,NA,-1918.689174204961,PC1,-0.779046045290225,-0.5561992614130452
2.3297057125872684,NA,-1921.4164850092543,PC1,-0.7919991398673002,-0.40602652606689316
2.3274008274373252,NA,-1921.9940774536847,PC1,-0.8662637492133473,-0.4296599238947911
2.3606627382449785,NA,-1918.9612098286614,PC1,-0.7416421143764781,-0.6133700030630348
2.304844866806029,NA,-1923.3538281093279,PC1,-0.5541752985147926,-0.5903628417169963
2.413132476655249,NA,-1923.1146363768119,PC1,-0.6647205918229561,-0.6366306474080471
2.238045571664751,NA,-1918.9490231908574,PC1,-0.7006941110926648,-0.5527798529024908
2.453057436218011,NA,-1924.6875410141945,PC1,-0.8138359508381006,-0.47348882940385417
2.3583795179126357,NA,-1919.2278752167965,PC1,-0.7055629991358157,-0.5151972694675453
2.418545953615867,NA,-1922.4141912450993,PC1,-0.7761048988563506,-0.6145240220173602
2.190309941250658,NA,-1921.4353104046425,PC1,-0.858049794486337,-0.3467924957474264
2.2168824739336537,NA,-1922.3443842050456,PC1,-0.5804739465615228,-0.5934998722075868
2.250000845560448,NA,-1925.857468081617,PC1,-0.4928815962673313,-0.7163386521163732
2.4885431197704513,NA,-1920.57368705292,PC1,-0.8518754826260451,-0.5941729091651327
2.2623283018553852,NA,-1923.4322560944463,PC1,-0.7976168971962201,-0.4839575674588534
2.326543800174215,NA,-1920.3081605281486,PC1,-0.869200802550286,-0.41390113283950647
2.409544858553097,NA,-1923.870433619985,PC1,-0.5914291607022557,-0.6851988645510799
2.337711049244659,NA,-1918.8692048799535,PC1,-0.7557373409460721,-0.5418989610009958
2.3635836138950737,NA,-1922.038493567721,PC1,-0.9609808634716542,-0.5042431398233408
2.0689832929802012,NA,-1925.3848279896001,PC1,-0.874820161748124,-0.20170762909826223
2.257917694025786,NA,-1920.4253923217123,PC1,-0.5770927978924549,-0.7127391152971554
2.5373090336892523,NA,-1920.406869711844,PC1,-0.810765880220845,-0.7265613032890027
2.4324849362168903,NA,-1918.8160959761067,PC1,-0.6952794277909462,-0.6627191286533457
2.354625603159999,NA,-1917.207354230222,PC1,-0.7238320892521388,-0.5690447872067033
2.508663987518456,NA,-1920.6060927949582,PC1,-0.7415573761670541,-0.6208290601858335
2.2316391501352806,NA,-1921.2077849493148,PC1,-0.7584233038283102,-0.4560740437672867
2.223745031458242,NA,-1920.7693066706875,PC1,-0.8637544564862013,-0.3335504421806671
2.3737435416031722,NA,-1924.1662217495543,PC1,-0.7388859106800999,-0.5048634174679812
2.4735303247989915,NA,-1922.5773192466736,PC1,-0.778176395062008,-0.6391402181143948
2.2733540255622526,NA,-1922.0081626741012,PC1,-0.8665864855701031,-0.40419532213704634
2.2778478775939894,NA,-1922.2539822565564,PC1,-0.881779383755163,-0.40102925713059634
2.3989868003757744,NA,-1920.9104457289354,PC1,-0.827860623037539,-0.5226517343530849
2.211285548946643,NA,-1922.8775637578005,PC1,-0.7798763498050051,-0.4429388854448751
2.386491699518479,NA,-1919.649462436692,PC1,-0.7666870926099066,-0.6020626457208733
2.3694557224473662,NA,-1922.6381015549173,PC1,-0.6633667085549985,-0.5983055531209774
2.2929644685959816,NA,-1923.0626491158246,PC1,-0.5379386324183864,-0.5793906022071919
2.442618656928128,NA,-1923.1522463548665,PC1,-0.8013247740719499,-0.6100960412253247
2.2872516146625297,NA,-1920.0905348034885,PC1,-0.8141489448837758,-0.4496537221252008
2.309604077935675,NA,-1918.9538320914276,PC1,-0.6049057712573682,-0.6646650292247882
2.341544811968648,NA,-1919.606323029247,PC1,-0.9648142425042797,-0.44958399691571893
2.3807095937613743,NA,-1917.3954187859645,PC1,-0.7256334434505061,-0.554986061617155
2.352010642253165,NA,-1920.3852360756111,PC1,-0.6753165592503723,-0.667368447856447
2.515258147580463,NA,-1920.5978415530358,PC1,-0.7005272003568972,-0.7594978263950487
2.4081166247360324,NA,-1918.2547221735063,PC1,-0.8957580108820067,-0.5399672761790475
2.2922255099935964,NA,-1918.8134325601434,PC1,-0.7362861391454099,-0.5429701942565406
2.3772106597632656,NA,-1918.6124272837626,PC1,-0.7430812502959596,-0.5917126060567085
2.3681623076396097,NA,-1916.2282238647608,PC1,-0.7812276637541796,-0.5357451107231672
2.382952662305394,NA,-1921.8750374602132,PC1,-0.7204421978835519,-0.7155673826982143
2.3524787673486363,NA,-1920.0054692019514,PC1,-0.6582504733224396,-0.6077381190974924
2.4305636438562925,NA,-1918.8915548441755,PC1,-0.6578889763885728,-0.6992518647246426
2.299714246706739,NA,-1922.247179140163,PC1,-0.876748153061609,-0.5072344803765322
2.403869241268468,NA,-1918.0803781216534,PC1,-0.6329043441824744,-0.6816981944702682
2.269093115147492,NA,-1920.667794022219,PC1,-0.7954876321368346,-0.5226105450195291
2.2299073297205245,NA,-1918.3002371599946,PC1,-0.7853822622889916,-0.42567941136663595
2.336232004250599,NA,-1920.7989333847001,PC1,-0.7440202256549974,-0.528988747451664
2.329511748600503,NA,-1922.1580542157888,PC1,-0.6435356544295618,-0.5692066317991834
2.3728783564627025,NA,-1924.76759476092,PC1,-1.0598750978684934,-0.3670999640872858
2.357726585626122,NA,-1920.6136904061218,PC1,-0.557066600103561,-0.7192251504162182
2.468719337188761,NA,-1926.779475462781,PC1,-0.7817058555943435,-0.47396644204800453
2.4058462150546647,NA,-1916.8035329969357,PC1,-0.7201995821330005,-0.6615891117102501
2.313985160686387,NA,-1921.0791519494367,PC1,-0.602670770713256,-0.7238640750179782
2.2491058900585097,NA,-1921.3270192112282,PC1,-0.7896241112217214,-0.40363125339433165
2.246556710958286,NA,-1921.5453848965426,PC1,-0.7951355887816681,-0.5007170912010279
2.2331552932514076,NA,-1922.0874589294772,PC1,-1.0253561646737197,-0.2491203769737727
2.51532671477291,NA,-1924.285185103969,PC1,-1.076959846920706,-0.5431466051759628
2.345587466677987,NA,-1922.123997139838,PC1,-0.7683836703113367,-0.5695882709015799
2.3402267030522244,NA,-1927.4444458207986,PC1,-0.8350487240946506,-0.4639972753302812
2.4450304316083993,NA,-1919.6090330684951,PC1,-0.7366002476985584,-0.6012286981924566
2.502925851668393,NA,-1921.3954614233471,PC1,-0.7774037044474993,-0.7049437495631856
2.2164515379696708,NA,-1924.3742044186702,PC1,-0.7276816091542992,-0.41264318666719657
2.3651875999080296,NA,-1920.0147652523574,PC1,-0.69757872932802,-0.49188256326763224
2.461309506436172,NA,-1919.5228005343913,PC1,-0.7762490460592494,-0.562262306146083
2.262025063677973,NA,-1922.881251937932,PC1,-0.7876326975388329,-0.46382865186018307
2.3728967628277817,NA,-1920.0601717236862,PC1,-0.9300896770356982,-0.40790525293308444
2.3086307864455256,NA,-1919.240331196647,PC1,-0.8049742490976803,-0.5636128020204918
