b0,sigma,lp__,Model,bd15,bd30
0.6926194507267601,0.1077569558133299,338.3122816884146,C1,NA,NA
0.6917457602924714,0.1072780059533425,336.8387176060312,C1,NA,NA
0.6866967699718386,0.10681399666510763,339.1171656818421,C1,NA,NA
0.676371994239998,0.10170790817157348,336.5577051381987,C1,NA,NA
0.693718123689884,0.10468316183623824,338.1440368747804,C1,NA,NA
0.6712572444829094,0.11205762733789901,336.6822438937115,C1,NA,NA
0.7054456270732531,0.10890256993760698,336.74719467800725,C1,NA,NA
0.6771371864871881,0.10707849334135087,338.0452423415122,C1,NA,NA
0.6847829278268353,0.10895262129271507,337.40554809117634,C1,NA,NA
0.6833570755305081,0.10878335692514894,337.8863754473919,C1,NA,NA
0.6851806758500144,0.10884497059120052,339.085007991984,C1,NA,NA
0.6954116135192743,0.1074071821152829,338.619760979864,C1,NA,NA
0.6816851704826478,0.10895659671646317,338.91496034484135,C1,NA,NA
0.6934653572469877,0.1090208429970411,338.307669599192,C1,NA,NA
0.6950648272797993,0.11061481463137422,338.2698698486684,C1,NA,NA
0.7005490230522742,0.1139670072375922,335.2306837036755,C1,NA,NA
0.6859488477569793,0.10692309080395712,337.11706773954927,C1,NA,NA
0.6956303401327563,0.1148057436996703,337.0114543830284,C1,NA,NA
0.674304246061366,0.10700214499279323,337.70362454430983,C1,NA,NA
0.6878768482001096,0.10530668523730477,338.78054539655983,C1,NA,NA
0.6913695252160258,0.10695119249541736,338.4985747259409,C1,NA,NA
0.6745184260136444,0.11352140535354723,336.13896881955645,C1,NA,NA
0.6909643891542547,0.11090361458157132,337.6628539377111,C1,NA,NA
0.6944946523139284,0.10726336836152076,338.8253910889791,C1,NA,NA
0.6952198674506855,0.11250970179172481,336.97807890845866,C1,NA,NA
0.6823967795655267,0.10668840692101401,338.9448274776802,C1,NA,NA
0.6817200660635173,0.1073126287075487,338.94611559770345,C1,NA,NA
0.6931338325477229,0.10420784647791426,338.2742878636457,C1,NA,NA
0.6835754209542451,0.10944075189805771,338.6913716978706,C1,NA,NA
0.6903966256158414,0.10716024789097854,338.26811566402256,C1,NA,NA
0.6818732316079872,0.10542724008300676,338.1755940411152,C1,NA,NA
0.6794683274987375,0.10672421981951663,338.3475500850321,C1,NA,NA
0.6767592280318235,0.10517214433038569,338.22141485988533,C1,NA,NA
0.6830693144863129,0.10513199260998193,338.1992730564839,C1,NA,NA
0.6741521683794011,0.10610123539530192,337.90200212252654,C1,NA,NA
0.6983130484159997,0.1076010254448212,338.28227538756886,C1,NA,NA
0.6842171889118474,0.10439504871551124,338.72886958822573,C1,NA,NA
0.6884231667092523,0.10895002557812457,339.136351984561,C1,NA,NA
0.6734146674373698,0.10653619811506969,336.84523988348724,C1,NA,NA
0.6926204802862778,0.10735371476855242,338.4573891866305,C1,NA,NA
0.6737169511842742,0.11057748188976202,337.116589393777,C1,NA,NA
0.6976786164755885,0.10998749119619075,338.20606138072924,C1,NA,NA
0.6909803288304687,0.10704023664578369,338.98551031182035,C1,NA,NA
0.6834235123772806,0.11327602149973831,337.85876018569064,C1,NA,NA
0.6921017601635168,0.10598340169166673,338.95118808664546,C1,NA,NA
0.6703280759045047,0.0995293092263101,333.85762241579414,C1,NA,NA
0.7002158813737924,0.11505860059769366,336.0416712221533,C1,NA,NA
0.6916026381336762,0.1062429786647939,338.6308572073667,C1,NA,NA
0.6775037072309924,0.11192719552347545,337.3525875549791,C1,NA,NA
0.6996301829096987,0.09990680906670345,335.326819000327,C1,NA,NA
0.6900929646415829,0.11369126067550012,337.44276545872174,C1,NA,NA
0.6763358820686952,0.10824283095496992,338.35471884297465,C1,NA,NA
0.6841614203838099,0.10562217327796213,338.93673122109647,C1,NA,NA
0.6901746290846145,0.11363252136639705,337.84189518610884,C1,NA,NA
0.6933702462642547,0.10574072170503679,338.621771412509,C1,NA,NA
0.6832007752488525,0.10223822716418653,338.05459141801765,C1,NA,NA
0.6864831860340047,0.11448916287950572,337.01642914778023,C1,NA,NA
0.6798983360537652,0.11014415522022121,338.59437865814715,C1,NA,NA
0.6981260803539473,0.1051739382527683,338.0771521791098,C1,NA,NA
0.6827028611139768,0.10883885841020138,338.9019492468273,C1,NA,NA
0.7049140826699823,0.11004107102773114,335.29471797011104,C1,NA,NA
0.6742901364176491,0.10721277947733251,336.763745472441,C1,NA,NA
0.6723667093762765,0.10876985215805317,337.5861637056896,C1,NA,NA
0.696671536009986,0.11168641813784022,337.79098992052786,C1,NA,NA
0.687609763376795,0.11029226192272101,338.8861059010961,C1,NA,NA
0.6817694216656973,0.10995216760382862,338.0153326452577,C1,NA,NA
0.7018126169345754,0.10421898994515003,337.00419093658735,C1,NA,NA
0.6832971082884367,0.10795906358692355,338.9047610109667,C1,NA,NA
0.6818809416616725,0.11121495442982579,337.8787332137129,C1,NA,NA
0.6637427981069405,0.11354709658126644,333.65646453676015,C1,NA,NA
0.6991296059770528,0.10517507255691809,337.76737071768645,C1,NA,NA
0.6792194856280184,0.10550340891395418,338.5897202419724,C1,NA,NA
0.6898079372757081,0.10773183349938747,339.01122598463064,C1,NA,NA
0.6955724503641987,0.10190851964697695,337.0613127615049,C1,NA,NA
0.695935478745086,0.11031580194991149,337.55627312018487,C1,NA,NA
0.7039161255782266,0.1030060244057292,335.2358086603754,C1,NA,NA
0.6810561322327413,0.1103989576635854,338.22636294028354,C1,NA,NA
0.6752044401951888,0.11182070390305218,337.3666597127391,C1,NA,NA
0.6830638077982731,0.11173704967370576,338.31795903378435,C1,NA,NA
0.6749580442281468,0.11080344729595076,337.4405047896581,C1,NA,NA
0.6684889331083848,0.10582406832624125,336.4837192232926,C1,NA,NA
0.6966510134226931,0.11070935155763631,338.16191368220086,C1,NA,NA
0.6933476223932582,0.11125656297207935,337.6754868238341,C1,NA,NA
0.6975545367049065,0.10607914140641295,338.30518696869615,C1,NA,NA
0.690012551756785,0.10123782913199673,337.47340353426694,C1,NA,NA
0.6907273590847719,0.11304070966574341,338.03258985010433,C1,NA,NA
0.68831573150238,0.1091914049496525,338.6990410075466,C1,NA,NA
0.6904054334007848,0.10680273048315404,339.1083813013349,C1,NA,NA
0.6776887419045979,0.10128687663036852,336.41639199454625,C1,NA,NA
0.6923895357272207,0.10294269872307954,338.1182595306215,C1,NA,NA
0.6821717962684141,0.10616949847159396,338.882145967433,C1,NA,NA
0.687821578551373,0.11774104870999333,335.87772131789507,C1,NA,NA
0.7037827904571594,0.11885011774786336,333.534348279673,C1,NA,NA
0.6763420642623427,0.11040039307354962,338.09699036006236,C1,NA,NA
0.6919987077659614,0.10472144671303907,338.06124117635807,C1,NA,NA
0.6858636320320686,0.11023722862613335,338.73021777458405,C1,NA,NA
0.6905163536991721,0.10598213632023783,339.05286912853677,C1,NA,NA
0.6818048574435719,0.11245660175741688,337.8093502948231,C1,NA,NA
0.6908179569440918,0.10861230034496629,337.8649910464178,C1,NA,NA
0.7012376570341196,0.10991347577714769,335.87249483708877,C1,NA,NA
0.6884151577615226,0.1081623194624519,338.26461570942683,C1,NA,NA
0.6929760707226607,0.11231402947237708,336.7853933284509,C1,NA,NA
0.6749952071051347,0.10636047823757643,338.10013487119545,C1,NA,NA
0.674808653579852,0.10923001404723404,337.3588384110518,C1,NA,NA
0.6968081659166154,0.10670787537957796,337.7628996908801,C1,NA,NA
0.7038752162465971,0.10339705304439241,336.0872268644882,C1,NA,NA
0.69489449039786,0.11023413595234252,338.47375980446367,C1,NA,NA
0.6874519032651932,0.10516444574232148,339.03702323275746,C1,NA,NA
0.6946606357279277,0.10970923636188448,338.4057582423966,C1,NA,NA
0.6790327390736177,0.10352549773915284,338.1255535322976,C1,NA,NA
0.6790921340070569,0.10623685367837943,338.52127687242796,C1,NA,NA
0.6862549566583638,0.10594233538414966,339.11616681393843,C1,NA,NA
0.6735163240302652,0.11239845911602803,337.1111605278738,C1,NA,NA
0.688735812706093,0.10981524995977066,338.3867768834195,C1,NA,NA
0.6834670794390701,0.11047295073099117,338.8087832608145,C1,NA,NA
0.6955417418826579,0.10846980233422379,338.67029195659836,C1,NA,NA
0.6965925012342473,0.10855111490765246,337.92423291389065,C1,NA,NA
0.7005328097898667,0.11525100117096197,336.1408132205496,C1,NA,NA
0.6758027216975253,0.10705572032776757,337.5413891464363,C1,NA,NA
0.6699681790674558,0.10994508270787823,336.91207325315065,C1,NA,NA
0.6978512884071175,0.11176499372078334,337.7078265017168,C1,NA,NA
0.6836848316013551,0.10086328855997707,336.80147169053896,C1,NA,NA
0.6841038991236131,0.11053762198802232,338.10122858328447,C1,NA,NA
0.6773681050566386,0.10787650292670654,337.9626658199163,C1,NA,NA
0.6956508605663838,0.10798172684200838,338.65493772802853,C1,NA,NA
0.6802886187499073,0.10528656379118594,338.3369095489368,C1,NA,NA
0.6756520493586948,0.10880755747332362,338.20694777422443,C1,NA,NA
0.6904297714702234,0.11038820068371967,338.5205692144369,C1,NA,NA
0.6906114627099132,0.10635697730725271,339.04128452884515,C1,NA,NA
0.6770910317193695,0.11479778790006775,336.2503938597351,C1,NA,NA
0.6844474744497289,0.1089227572880225,338.99241098316236,C1,NA,NA
0.6677189064771122,0.10602999913553547,336.0073635572443,C1,NA,NA
0.7034071360475874,0.11045874841999637,337.08645878243914,C1,NA,NA
0.6859356587602364,0.10515184368534757,338.80765601112535,C1,NA,NA
0.692272052608016,0.10558535077206674,338.8561159999615,C1,NA,NA
0.6847674690969799,0.1076675832469553,339.18346840915535,C1,NA,NA
0.6734734382318263,0.11084980023488086,337.30804106020935,C1,NA,NA
0.691603431768992,0.10737188336850129,339.0812081567789,C1,NA,NA
0.6856882980005649,0.10247772157556076,337.5595796109664,C1,NA,NA
0.700582967656524,0.10894595195082803,337.7186005930552,C1,NA,NA
0.6902357531496814,0.10611299776190292,338.6338830655959,C1,NA,NA
0.7014457095248394,0.1053667183863889,337.44135875332387,C1,NA,NA
0.6954640475421934,0.10942100981413644,337.81115332070266,C1,NA,NA
0.6884437162028768,0.1117924199157842,338.5686712968091,C1,NA,NA
0.6816915539963135,0.11324635956919954,337.2744846507722,C1,NA,NA
0.7019249553845315,0.11073903239649108,337.06734580663556,C1,NA,NA
0.6698171199209301,0.10504385983028731,335.76546455195836,C1,NA,NA
0.6703023074293185,0.10815096563637035,337.1575279979339,C1,NA,NA
0.6877762124440164,0.10429670187749472,338.84674375376113,C1,NA,NA
0.6758263196301693,0.11051231779215574,337.95095865611876,C1,NA,NA
0.6864782464896696,0.11038102700267965,338.7028154176234,C1,NA,NA
0.6943961271909597,0.10945459921942605,338.30958387910823,C1,NA,NA
0.6911226458513163,0.10067675675420808,337.19697688004015,C1,NA,NA
0.6913685285714463,0.1064766207503623,338.3548458527027,C1,NA,NA
0.6889502206084559,0.10703740118689935,339.20011464120637,C1,NA,NA
0.6759068025768235,0.10449685465531894,336.18529362511265,C1,NA,NA
0.6954535418851095,0.10689606354700189,338.66966203183665,C1,NA,NA
0.6858562698886269,0.11320981186940399,337.9331793319768,C1,NA,NA
0.6697778784657585,0.10845345751695463,337.01915783667573,C1,NA,NA
0.6781876883478133,0.11325693645776082,337.47037913263324,C1,NA,NA
0.6790278095887556,0.10443250583982064,338.2643295713042,C1,NA,NA
0.6783680003899422,0.10478714950151817,337.8483387579469,C1,NA,NA
0.6892500717141766,0.11034402463568203,338.6817594575958,C1,NA,NA
0.6913942033975191,0.11115335464059653,338.4818694891411,C1,NA,NA
0.6885003925505595,0.1129710530272182,338.15943820953373,C1,NA,NA
0.6800146487767581,0.10640588254293938,338.18989050092773,C1,NA,NA
0.6848211761451233,0.09961011525539964,336.3809152446787,C1,NA,NA
0.689379898146507,0.10559752865703806,339.05334807218065,C1,NA,NA
0.6832015433196524,0.11574601146801783,336.6439215254789,C1,NA,NA
0.6866489988804667,0.10294758799337596,337.95466330826156,C1,NA,NA
0.6892017220388138,0.10495117706816803,338.4815983356836,C1,NA,NA
0.7090892098017116,0.10610794689477525,334.8703418758776,C1,NA,NA
0.6793460187243698,0.10426075693207085,338.13433708268917,C1,NA,NA
0.6860624257032713,0.10791510655695462,338.64291456754154,C1,NA,NA
0.6797310113509307,0.11244501206812052,337.32502022524415,C1,NA,NA
0.6827250476843737,0.10654579632615917,338.75495960954675,C1,NA,NA
0.6904027839419886,0.10402306072824563,338.32651602557274,C1,NA,NA
0.6854159160602387,0.10842831818978799,336.9390403614947,C1,NA,NA
0.6789331360161689,0.10471372394373121,338.0418185360105,C1,NA,NA
0.6846952067578003,0.12157579324930426,332.48365283275365,C1,NA,NA
0.6867074519713946,0.10431195502783366,338.5648390049203,C1,NA,NA
0.6921014588159983,0.10986533059557932,338.8090295626134,C1,NA,NA
0.6843503322184564,0.11073138665871327,338.7735219815457,C1,NA,NA
0.6868290359793796,0.10198172566959515,337.1782859400201,C1,NA,NA
0.680312684182009,0.10412028343355832,338.45612565876513,C1,NA,NA
0.6818088348035473,0.11012431179267823,338.2201053148494,C1,NA,NA
0.6780677935858606,0.10688905197985146,337.0293643703822,C1,NA,NA
0.6940684242207866,0.10584136041104357,338.0907077440458,C1,NA,NA
0.6753162138894696,0.10962694442844556,338.0016679135162,C1,NA,NA
0.6902764144300583,0.11344459480295047,337.85674411234396,C1,NA,NA
0.6824523150124745,0.10571021234466495,338.578019113768,C1,NA,NA
0.6930951367684673,0.10764653753623357,338.85366911210656,C1,NA,NA
0.6960102862756943,0.10518960027257045,337.8823313265295,C1,NA,NA
0.6878826867483425,0.10303456450329657,337.86354504818746,C1,NA,NA
0.6808108723448254,0.10750472470874131,338.7923792893091,C1,NA,NA
0.6832870366273818,0.1079742918720155,337.5682092330729,C1,NA,NA
0.695923939665759,0.11647486844408257,336.171630846254,C1,NA,NA
0.6988963443316497,0.10946779056046635,337.47291242220876,C1,NA,NA
0.6818011247757065,0.11093923639078598,338.5893245105459,C1,NA,NA
0.6929715309005361,0.10844419912918488,338.83237493216194,C1,NA,NA
0.695834498571252,0.09970905558769869,336.07181428827624,C1,NA,NA
0.6897516961514712,0.10484856630281827,338.4293016666848,C1,NA,NA
0.6816391012171794,0.10290676944071873,336.4621397509372,C1,NA,NA
0.6847413019488338,0.10491596193574687,337.9929771821148,C1,NA,NA
0.6806488524138505,0.10088552412929885,336.64616076729277,C1,NA,NA
0.6937282348431227,0.10640672731785218,338.64329910863756,C1,NA,NA
0.6760023045383498,0.11038342833022152,337.7276413587919,C1,NA,NA
0.6798156988091066,0.10511652033650774,338.6044028811711,C1,NA,NA
0.7093780240621906,0.11241167363048184,334.5260070186615,C1,NA,NA
0.6865706814946467,0.10609983217558625,339.054780892288,C1,NA,NA
0.67196876522666,0.10969684275392673,337.34631951304607,C1,NA,NA
0.6890193061561476,0.10633484196066326,339.0486165494528,C1,NA,NA
0.6975325631729744,0.1102640685741703,337.7440002111086,C1,NA,NA
0.6851065547506857,0.11626195235175926,336.31365372608354,C1,NA,NA
0.6880305035091452,0.1055403208546534,338.9149611925181,C1,NA,NA
0.689584587064443,0.10571128793599957,338.4193732878435,C1,NA,NA
0.6821597178045737,0.1095200623474679,337.41849828637044,C1,NA,NA
0.6864105356915817,0.10635373362736282,338.1602490672926,C1,NA,NA
0.6921764755342383,0.1044036580484905,338.5399423470132,C1,NA,NA
0.6855194501601206,0.11306530145383964,338.09155438241487,C1,NA,NA
0.6778809195473373,0.10765479297103592,338.6009684440929,C1,NA,NA
0.6902440304437724,0.10624561480989028,339.0808983953254,C1,NA,NA
0.686511129798003,0.10951846729169287,338.94004928416655,C1,NA,NA
0.678401744492158,0.10469993281193053,338.3821050521206,C1,NA,NA
0.6940630311991873,0.10875248420950498,337.5581045319089,C1,NA,NA
0.6851897834828264,0.10941670414287524,339.0223667253654,C1,NA,NA
0.6777110233403434,0.1081714850500737,338.5297311042077,C1,NA,NA
0.6805601003491109,0.10636700011065023,338.64674945748357,C1,NA,NA
0.6847453926819272,0.10983891062210599,338.96149546456274,C1,NA,NA
0.6851143099916922,0.1119434015896943,338.50298448576035,C1,NA,NA
0.6861950630393507,0.10209779054955877,337.618368410936,C1,NA,NA
0.6891540369918138,0.10413491871356333,338.7799578904609,C1,NA,NA
0.6899649903069498,0.10318120528197375,338.4596150667759,C1,NA,NA
0.6766720265359446,0.10396340058819724,337.92949296646464,C1,NA,NA
0.7010129390336631,0.10928918474122468,337.58281523082525,C1,NA,NA
0.679779757378664,0.10939044027875723,333.22728191317026,C1,NA,NA
0.6730250808061731,0.10819845581381304,337.70181676340457,C1,NA,NA
0.6877025118973484,0.10860054124915074,338.8878339588814,C1,NA,NA
0.6889892509875206,0.10399200979210618,337.5180723763108,C1,NA,NA
0.6957240456214948,0.1058497366427298,337.9701041424081,C1,NA,NA
0.6960115839144029,0.1101594407871746,337.64403676279176,C1,NA,NA
0.7002801826220847,0.10353593616599181,337.0991075927476,C1,NA,NA
0.6976903544377303,0.1113143127918764,336.13191837519287,C1,NA,NA
0.7017767672332582,0.10913613707905886,337.60203960796525,C1,NA,NA
0.6866095353923234,0.10786780263704646,338.70522736218544,C1,NA,NA
0.6818237867513252,0.11004146836770591,338.32678607155515,C1,NA,NA
0.7009943665593963,0.11137503850163527,337.3457975491218,C1,NA,NA
0.6929959764785627,0.1024290055738705,337.945783125112,C1,NA,NA
0.6909504208243274,0.11441208342985462,337.4635568220718,C1,NA,NA
0.6946685289081529,0.10729140492543227,338.59570467329587,C1,NA,NA
0.6755606233718243,0.09942154125044247,335.4232529158265,C1,NA,NA
0.6757153503413384,0.10737338423592604,337.53099038200685,C1,NA,NA
0.6780876833289345,0.10251897305700516,337.66329652186886,C1,NA,NA
0.6729627765044819,0.11046626532158209,336.93142263680704,C1,NA,NA
0.6715478500216226,0.10640711124623849,337.04512901840815,C1,NA,NA
0.6816541338866777,0.1060903082146949,338.67960848356705,C1,NA,NA
0.6864383010385005,0.10952216756131755,339.0363129121161,C1,NA,NA
0.6958156104543548,0.10968526970851017,337.55263735542127,C1,NA,NA
0.6801312233192026,0.0999881512710104,336.2746641961975,C1,NA,NA
0.6849578549307584,0.10050130392386009,337.1350764072814,C1,NA,NA
0.6979398636182628,0.10569168785172446,338.1773445875641,C1,NA,NA
0.6998890164282316,0.11098388396198867,337.6236284183268,C1,NA,NA
0.6721376271401167,0.11246736924285851,336.8228105153986,C1,NA,NA
0.6847618003631323,0.10352632285729294,336.99607863711833,C1,NA,NA
0.7057171416220874,0.11179191859182946,336.2457925089623,C1,NA,NA
0.6854276472033844,0.10942464951645886,339.0288409401117,C1,NA,NA
0.6919420768163577,0.10385255811824855,338.5257250728672,C1,NA,NA
0.6800909060862357,0.10763513868325261,338.8344259255915,C1,NA,NA
0.6877995460469868,0.11350321307541666,337.3886433979387,C1,NA,NA
0.682968485177203,0.11089791923791883,337.6781907366283,C1,NA,NA
0.7037068183728229,0.11297102767855295,334.21482749680916,C1,NA,NA
0.6772489734623551,0.10457515669165375,337.53207229416574,C1,NA,NA
0.6914230476140376,0.11398247902124507,336.7988005783788,C1,NA,NA
0.6829152032757133,0.11248742212468038,337.5144080759451,C1,NA,NA
0.6872461259787047,0.10362517056608081,338.67026376561427,C1,NA,NA
0.6986109263174828,0.10723697034430804,338.23453428016813,C1,NA,NA
0.6933953408253357,0.11104952152582354,338.5108512175706,C1,NA,NA
0.6859166658127919,0.10862698374312493,337.9588754551287,C1,NA,NA
0.6957742719719818,0.1058200418435069,338.4777208266559,C1,NA,NA
0.676607651959062,0.10635569070272005,338.22755975079275,C1,NA,NA
0.6826448190724268,0.1102439624151482,338.11134993592975,C1,NA,NA
0.6761980164786399,0.1059617483976137,338.18369079411593,C1,NA,NA
0.6842152768705447,0.11133099334845245,337.96650222799536,C1,NA,NA
0.6947054990299234,0.1069294338690807,338.1287017365573,C1,NA,NA
0.6858128986867059,0.1082418758443298,338.28525354206704,C1,NA,NA
0.6806207516010028,0.10895241938787194,338.8300573209835,C1,NA,NA
0.6876753954264196,0.10771125631298957,338.71073774614814,C1,NA,NA
0.7042620234003585,0.11172645790715055,336.62798338604046,C1,NA,NA
0.6916375744895388,0.1081658011861162,339.02435961705083,C1,NA,NA
0.6901104344106399,0.11193232230820316,338.47225683707177,C1,NA,NA
0.6838836724364842,0.10570074371098634,338.96971145522133,C1,NA,NA
0.6890371301448657,0.10879421378216429,338.9002346282077,C1,NA,NA
0.7019564665822768,0.10793972986478648,337.022408509319,C1,NA,NA
0.6888292586960856,0.1072730421958955,339.2027052380797,C1,NA,NA
0.67948299907184,0.10881306185825987,338.5494106297363,C1,NA,NA
0.6888417210746286,0.11584750755063208,336.6282953615448,C1,NA,NA
0.6769954826851721,0.11050726510683785,337.4169392175284,C1,NA,NA
0.7026268816401691,0.10638146971546933,336.8177881244006,C1,NA,NA
0.6828418916049789,0.10909090612644756,338.99360717646005,C1,NA,NA
0.6886822474382264,0.10763239418156682,338.23772953866666,C1,NA,NA
0.6905513352187631,0.1093358372874117,337.926326167251,C1,NA,NA
0.688453429469649,0.11239469922289766,338.37020791805537,C1,NA,NA
0.6898239044786982,0.10489618294542923,338.7345340382456,C1,NA,NA
0.6894947624250704,0.10186396283300701,337.9448837697321,C1,NA,NA
0.6805985344157658,0.11203365834927788,335.3824738843019,C1,NA,NA
0.6874005188441401,0.10451570958429388,336.82447037159596,C1,NA,NA
0.6880476703526393,0.11113007003604794,338.7427548753715,C1,NA,NA
0.6739960115182259,0.1090394716962871,337.89972515496453,C1,NA,NA
0.6895174369158033,0.10737916021096403,339.0119291409102,C1,NA,NA
0.68214447101721,0.10541364395396531,338.8696177992834,C1,NA,NA
0.6777187310301256,0.10798089768878605,338.56824642042113,C1,NA,NA
0.6856021394228123,0.10396566839818089,338.6087749309096,C1,NA,NA
0.681440675930969,0.10947741691214881,338.69165805223685,C1,NA,NA
0.6931539295492348,0.11502724092312272,337.12543223153585,C1,NA,NA
0.6906873019041508,0.11032265537017566,338.83752000383197,C1,NA,NA
0.6831749776506744,0.10053530869912496,336.6758090255274,C1,NA,NA
0.6914271571439341,0.10551956504820077,338.81567787201465,C1,NA,NA
0.689696839049934,0.103058699998955,338.3459138618522,C1,NA,NA
0.7035007003058104,0.10675043938675807,336.8281395931017,C1,NA,NA
0.6922084324309006,0.1099272708726457,337.95293039274935,C1,NA,NA
0.6850067537425281,0.11138586435264755,338.52225885474013,C1,NA,NA
0.6859488477569793,0.10692309080395712,337.11706773954927,C1,NA,NA
0.6807154143215937,0.10395917463744442,338.28020203379094,C1,NA,NA
0.6918092391773041,0.10615253901865285,339.001672744889,C1,NA,NA
0.6908004469090082,0.10712505607852327,338.8521379350376,C1,NA,NA
0.6870269792701367,0.10894146239610379,338.64653156410895,C1,NA,NA
0.6904155412061921,0.109960004098245,338.44219351005677,C1,NA,NA
0.6819689303361514,0.108902061722525,338.5299985457034,C1,NA,NA
0.6889116869087097,0.11043370516897144,338.7965383254283,C1,NA,NA
0.6877057806705984,0.10648422436791896,338.94502195683344,C1,NA,NA
0.6836480202050018,0.10841452723482792,338.7837102584341,C1,NA,NA
0.6915463179436969,0.10743586013456008,338.1147129573778,C1,NA,NA
0.6915966973231537,0.10773720334992458,337.1014002459029,C1,NA,NA
0.6856728051610823,0.10714495921910508,338.9005540389884,C1,NA,NA
0.6751644876665096,0.10551098400724127,338.02411475255775,C1,NA,NA
0.6828194630105702,0.11216130345518235,337.00127841655944,C1,NA,NA
0.6968757048984001,0.10642047146564247,338.2903908942809,C1,NA,NA
0.6957035790378961,0.10762558134779997,338.2645015938949,C1,NA,NA
0.679512855071161,0.11064608185982176,337.62034488429765,C1,NA,NA
0.6908627650901464,0.10368800748985078,338.49131612291467,C1,NA,NA
0.6894764329847054,0.1036638970817517,338.35562943022506,C1,NA,NA
0.6955791385442675,0.11107602429867197,337.2142245136465,C1,NA,NA
0.6798588839975092,0.10862453572909088,338.74804223254125,C1,NA,NA
0.6823805266389563,0.10879805487712979,338.89385610083394,C1,NA,NA
0.6916538846434762,0.10336210127483139,337.8736609623218,C1,NA,NA
0.7006455493438084,0.10593609669416101,337.6469723914932,C1,NA,NA
0.6838139927159126,0.11138996087518219,335.26547023628075,C1,NA,NA
0.6882433322693238,0.10924863051595339,338.2278294260319,C1,NA,NA
0.6978247556429397,0.11262825574273737,337.3727686018807,C1,NA,NA
0.6904833670419499,0.10685033797219828,338.94614237269917,C1,NA,NA
0.6929026498331167,0.10869658404318182,338.85864134187716,C1,NA,NA
0.6976093960831521,0.10656766346871163,337.87607338797295,C1,NA,NA
0.6875677617898712,0.09705041693618677,334.55970234203375,C1,NA,NA
0.6883281488330106,0.10829536062538736,339.1648699945455,C1,NA,NA
0.6848018334409618,0.10917587180773104,339.06537764235685,C1,NA,NA
0.6799221032063694,0.10882601703380486,338.53703801261656,C1,NA,NA
0.6953424286745359,0.11919920477982368,334.62141890439125,C1,NA,NA
0.686603319572387,0.1069848286287637,339.08418180512024,C1,NA,NA
0.692972196252421,0.1106788781031253,337.3018199788513,C1,NA,NA
0.6907274636135989,0.105837870820301,338.96327147317595,C1,NA,NA
0.6785919186641389,0.11036135375063526,338.17161117057657,C1,NA,NA
0.6875811172847006,0.11795194008576303,335.52333760019036,C1,NA,NA
0.6970771840779244,0.11048901435298858,336.04674666658354,C1,NA,NA
0.6670718519789072,0.10315983217381255,335.27669453755095,C1,NA,NA
0.6712075422677941,0.10671492568889233,337.1985789310513,C1,NA,NA
0.7075390138160749,0.11013866250205795,335.5029387966807,C1,NA,NA
0.6841779481167758,0.10866092869143895,339.0599902870311,C1,NA,NA
0.6816476499782651,0.10626885668291733,338.0730034250366,C1,NA,NA
0.6882925330293601,0.10532806729531731,338.7480426874118,C1,NA,NA
0.688443930171008,0.10982903715637496,338.7704281037277,C1,NA,NA
0.6816392416450228,0.10686229320755089,338.9093507188613,C1,NA,NA
0.6877986182752795,0.10918583452608695,338.6308553232959,C1,NA,NA
0.6915413306787799,0.10978574592503879,338.8213296480538,C1,NA,NA
0.6771655146508824,0.1092365848911857,337.58813822663484,C1,NA,NA
0.6730759445712713,0.10600101523476206,337.4999987940955,C1,NA,NA
0.7027270148894486,0.11115006968612091,336.16776733971835,C1,NA,NA
0.6779443836642886,0.1054655847249252,338.41824304815077,C1,NA,NA
0.6773887614858948,0.1043813280514118,334.9367264900857,C1,NA,NA
0.6999086236314703,0.1086754516055124,338.0062691858844,C1,NA,NA
0.6884395755570851,0.10778359177228078,338.65401397077943,C1,NA,NA
0.7020323481501254,0.11281552540723676,336.71823196239677,C1,NA,NA
0.6805593525392261,0.10701051904499467,338.8653848895897,C1,NA,NA
0.6927238219777141,0.10539127683981374,337.8955410025543,C1,NA,NA
0.6823027577858919,0.1046184649339635,338.6912131843585,C1,NA,NA
0.6690418063810349,0.10829814464714205,336.15148250305464,C1,NA,NA
0.6912414862399571,0.10175436293948531,337.352334007221,C1,NA,NA
0.6929185869776961,0.10675939741029865,338.6937339327762,C1,NA,NA
0.6773629269057024,0.10585893439925428,338.2830919238196,C1,NA,NA
0.6920196791960869,0.1043913618766737,338.4838897560683,C1,NA,NA
0.6908744647872869,0.11145874305740908,337.19141160400306,C1,NA,NA
0.6874637866396616,0.10595485613521834,338.22314488752244,C1,NA,NA
0.6829597929579567,0.10126268952867817,337.550557156901,C1,NA,NA
0.6904935563547625,0.10848765333963083,339.0277265060944,C1,NA,NA
0.6889046503445335,0.10910983303232324,338.5571524418239,C1,NA,NA
0.6887564613942326,0.1060928111724608,339.1437329065905,C1,NA,NA
0.6814851697404578,0.10940869759843713,338.30447274485357,C1,NA,NA
0.6888292586960856,0.1072730421958955,339.2027052380797,C1,NA,NA
0.6793254642761996,0.11093716719975602,338.2126633893401,C1,NA,NA
0.6888376557180005,0.11026331864850782,338.9306485947429,C1,NA,NA
0.6874810664070254,0.11117379367290624,338.3919214193146,C1,NA,NA
0.7017026008444819,0.10706716311927407,337.55358553516214,C1,NA,NA
0.6644488954599956,0.10885545061948518,334.23775620419,C1,NA,NA
0.691014617133771,0.11316074649665175,337.99493132974425,C1,NA,NA
0.6907279901915346,0.1033352270880469,337.9589049740198,C1,NA,NA
0.6852983913829638,0.10507274838654027,337.83862944451664,C1,NA,NA
0.6824822594234998,0.10822210339071323,338.64361703692174,C1,NA,NA
0.6762735400863961,0.10747354319253419,338.1922983832824,C1,NA,NA
0.7002647249235953,0.1155796689088371,335.9493878939088,C1,NA,NA
0.6926433055989212,0.108421577757326,337.75486750829697,C1,NA,NA
0.6867195254165493,0.10713203160650267,339.2244653217572,C1,NA,NA
0.6802327281296147,0.10658806333296779,338.8285749258029,C1,NA,NA
0.6958145583768731,0.10540164030733334,337.48959137200984,C1,NA,NA
0.6762097496597954,0.11023596102862328,338.1046107662274,C1,NA,NA
0.6733660867685785,0.10855885916267974,337.79208371777503,C1,NA,NA
0.7014303757333985,0.10646037160205074,337.04412915339094,C1,NA,NA
0.6837852088934618,0.10958701171618533,338.6956375718691,C1,NA,NA
0.6839461141384383,0.11375472776240075,336.9263166537251,C1,NA,NA
0.6946826534776677,0.10412169770325852,337.65385835074517,C1,NA,NA
0.6815645804389515,0.11198802024792369,337.7856431708144,C1,NA,NA
0.6905641961513421,0.10490539380162824,338.5990362222154,C1,NA,NA
0.6786146231377831,0.10578028185146643,338.2401298172652,C1,NA,NA
0.6906195706060073,0.10371377666573656,338.5643429576324,C1,NA,NA
0.6854197799285571,0.11197247274831801,338.0536065194792,C1,NA,NA
0.7067585624882914,0.10871240729092972,336.3476264933011,C1,NA,NA
0.685486872774856,0.1068154630273807,338.2514554933776,C1,NA,NA
0.6969438232375788,0.10422814634429713,337.87914062282505,C1,NA,NA
0.6961415402281395,0.1067404792639777,338.2734327036372,C1,NA,NA
0.6769934421644226,0.11247121565148088,336.78043052935834,C1,NA,NA
0.6854539980393756,0.10773152803734576,339.2074041938595,C1,NA,NA
0.7034075745656289,0.10794185210549581,337.26422101399356,C1,NA,NA
0.6965864093673567,0.1116424014303302,336.4820651386759,C1,NA,NA
0.6947699810864422,0.11129324900023152,338.1768265013244,C1,NA,NA
0.6837080063356177,0.10800645189663131,339.0814746170961,C1,NA,NA
0.6800615981288729,0.1090101704904535,338.7541588427063,C1,NA,NA
0.6914912053406681,0.11484941273201468,337.2884797152015,C1,NA,NA
0.686763304550039,0.11173226395061868,337.32465246902973,C1,NA,NA
0.6928638892527402,0.11562860020278011,336.25061873763167,C1,NA,NA
0.6849579522653968,0.10674835219646418,339.13737665577014,C1,NA,NA
0.6868601641668075,0.1048900093644598,338.6515620144394,C1,NA,NA
0.6938167047300321,0.10419646386683068,336.89889622297636,C1,NA,NA
0.687026370071969,0.11086986082324099,338.26762401478237,C1,NA,NA
0.6828628651299329,0.10614772228699819,339.0086648102243,C1,NA,NA
0.6863669160690719,0.11026267595787403,338.66499653258273,C1,NA,NA
0.6855191340813539,0.10467292376661595,338.8994747330554,C1,NA,NA
0.6868670994255915,0.115034992775657,336.73224762883814,C1,NA,NA
0.6904299413280225,0.10608144136089123,339.0487986831107,C1,NA,NA
0.691912838316317,0.10677822108539659,338.9288023065469,C1,NA,NA
0.7001507916198833,0.1053597317403841,337.7588937607056,C1,NA,NA
0.6893674066677649,0.104681050729752,338.90227547591,C1,NA,NA
0.69005819637094,0.10880712166609052,338.20740700892884,C1,NA,NA
0.6773095383694817,0.10496567275753023,338.27049170687684,C1,NA,NA
0.6845628708228949,0.11342678743774506,337.13400963949226,C1,NA,NA
0.6885737719417839,0.10577988791414417,339.10667582671556,C1,NA,NA
0.6927694113149869,0.10338254284518837,337.24104008862423,C1,NA,NA
0.6724801177299775,0.10688430072939091,337.54343017239773,C1,NA,NA
0.6870711964340535,0.11076205281911487,338.6584092558884,C1,NA,NA
0.6846783738785284,0.11077868780853094,338.71775039628466,C1,NA,NA
0.6690427746621381,0.10628326853487005,336.743286614962,C1,NA,NA
0.6830670853615337,0.10922345318209582,337.0929475187561,C1,NA,NA
0.6814928482110082,0.10726438792812333,338.4670000710792,C1,NA,NA
0.6872700146882591,0.1093875723319741,338.01925909640164,C1,NA,NA
0.6971398817195975,0.10867623932924306,337.34760601998835,C1,NA,NA
0.6921373624203924,0.113753880026835,337.00265865444834,C1,NA,NA
0.6793673408296717,0.10918239725384414,337.954385594026,C1,NA,NA
0.6871148878140252,0.11178629839446852,338.4943008513319,C1,NA,NA
0.6915315761207167,0.10549414266746798,338.926525196613,C1,NA,NA
0.6743617813259154,0.1097273674939566,337.3570779573188,C1,NA,NA
0.6928546262098351,0.10704836269463358,338.94151133591265,C1,NA,NA
0.6834743173625906,0.10698423174865565,338.7380262206383,C1,NA,NA
0.6806705507306715,0.10407923266211172,338.1132577327238,C1,NA,NA
0.6901910091280945,0.10965260777473998,338.973145872973,C1,NA,NA
0.7038740068560381,0.11327845144281362,336.1216756211433,C1,NA,NA
0.6972925716621334,0.10753421108058123,338.4217277955173,C1,NA,NA
0.6978723094390304,0.11279836917790755,336.6958920958718,C1,NA,NA
0.6775149923498699,0.10506294702700308,338.13966373655927,C1,NA,NA
0.6774440097035249,0.10318884507684681,337.1647069881168,C1,NA,NA
0.6730432311616189,0.1064633634194583,336.202676051603,C1,NA,NA
0.6875607542594129,0.10217501497359868,335.54099052989216,C1,NA,NA
0.6917659717715767,0.1029866767306028,338.2775231391948,C1,NA,NA
0.6776030438902058,0.10855081024646494,338.433511319283,C1,NA,NA
0.6909771791071392,0.10555270926494706,338.67671504285926,C1,NA,NA
0.6694747592109834,0.10380695092114144,336.33614220747586,C1,NA,NA
0.6833258202007437,0.10600737678884536,339.0531146212911,C1,NA,NA
0.6929939940362655,0.11122728065074897,338.36576776573685,C1,NA,NA
0.6785808566776418,0.10815421749550022,336.4936946716385,C1,NA,NA
0.6951892512794647,0.10292878601987152,337.86946273386985,C1,NA,NA
0.689970561345706,0.10658608195555261,338.86592331327495,C1,NA,NA
0.6810093642305122,0.1099148660592959,338.71361113463706,C1,NA,NA
0.6817697233444191,0.10353222647488515,338.27684432173675,C1,NA,NA
0.6796312816999912,0.10018609138747672,336.44695863954047,C1,NA,NA
0.6792519701406223,0.1070165266101151,338.63105456664204,C1,NA,NA
0.6827611426253827,0.1080040123148223,339.02848456713735,C1,NA,NA
0.6787799992911476,0.11327009138877443,337.52320242448707,C1,NA,NA
0.6828637975682155,0.11308163891520652,337.7288445868231,C1,NA,NA
0.6925426683841447,0.10451947473949338,338.21016095258597,C1,NA,NA
0.6811117213856099,0.11274939319632105,337.7417898816734,C1,NA,NA
0.6787307253277551,0.1061602247113362,338.6497879660474,C1,NA,NA
0.6902039728280109,0.11156133848847069,338.4666422520224,C1,NA,NA
0.6881766098712554,0.10519946886194599,338.43536341902586,C1,NA,NA
0.6889586602713291,0.10776524113071448,338.15801587074947,C1,NA,NA
0.7006181174823942,0.10894134129914475,337.8363858335529,C1,NA,NA
0.689895151933655,0.10921252175946203,338.22884429720995,C1,NA,NA
0.6856184863158319,0.11102022782872727,338.5652483102853,C1,NA,NA
0.6935026787392413,0.11300456096546291,336.5861899782813,C1,NA,NA
0.6844262534112665,0.10719607427186909,339.08536539302526,C1,NA,NA
0.6907399039458683,0.10298461615308585,337.5318277896786,C1,NA,NA
0.68017689428215,0.10691783272968167,338.8669440670997,C1,NA,NA
0.6931031864667778,0.10722587361908756,338.9486563896944,C1,NA,NA
0.6939507931176904,0.10916806969186675,338.32402405738833,C1,NA,NA
0.6987875616564015,0.10270412737263199,336.44632800291424,C1,NA,NA
0.6797875193674274,0.10857339979809026,338.5562307115165,C1,NA,NA
0.7003139841403264,0.11092100608340537,337.54280404217246,C1,NA,NA
0.6862066320342097,0.10074668023958694,337.0220166955817,C1,NA,NA
0.6855922032248603,0.10591042466241785,339.12862608161413,C1,NA,NA
0.6903652851601887,0.11108675742448637,338.69539587998077,C1,NA,NA
0.7000453428058485,0.10812167746013585,337.9715551638774,C1,NA,NA
0.6900549032282303,0.1176534098796943,335.18935825969925,C1,NA,NA
0.678231766687262,0.10975138264531988,338.1739820190337,C1,NA,NA
0.6867717105440512,0.10504685218125909,338.9659855988518,C1,NA,NA
0.6978779277647691,0.10710307066451215,338.33900790668247,C1,NA,NA
0.6860514869716735,0.10618505504223333,339.151467011528,C1,NA,NA
0.6792014846094664,0.11469197102232377,336.73671653530704,C1,NA,NA
0.6745195045619937,0.10183340371040536,336.4873131971759,C1,NA,NA
0.6843800092540322,0.11261277961649663,338.1284573115728,C1,NA,NA
0.7014744758983904,0.10752380571676842,337.15143309265056,C1,NA,NA
0.6745791898944874,0.11115097490289524,337.3131235364715,C1,NA,NA
0.6817621276365281,0.1133305593811003,337.36506494758925,C1,NA,NA
0.6824049647803132,0.10934504450879846,338.52224902923706,C1,NA,NA
0.6902823989819379,0.1139225386967007,337.7771982773974,C1,NA,NA
0.6933316041815517,0.1028626848306017,337.949937808397,C1,NA,NA
0.6850295361554174,0.10815740984371784,339.1373447746185,C1,NA,NA
0.6881084057102473,0.11020161066914685,336.2181320967211,C1,NA,NA
0.6872616688750326,0.10470289379373934,338.9188761615111,C1,NA,NA
0.6915453766149439,0.11253535729099694,337.79492382340663,C1,NA,NA
0.6872789880102909,0.10377548652875535,338.7181230470827,C1,NA,NA
0.6913650136136514,0.1025958418875359,338.14693385322306,C1,NA,NA
0.6777648260523444,0.11111949058869698,337.8768692163612,C1,NA,NA
0.6959301752671101,0.1138886901894137,337.3487975243594,C1,NA,NA
0.6932725672008013,0.10651131363320242,337.3394365484253,C1,NA,NA
0.6791095853089613,0.1076914570971116,338.585653684078,C1,NA,NA
0.6873169517461618,0.10253772561241106,338.28717346751904,C1,NA,NA
0.6856288050155778,0.10837688131029886,339.1771471945511,C1,NA,NA
0.6843433548758215,0.1064360922928642,339.1236689198393,C1,NA,NA
0.6824344390226317,0.10399919578207502,338.4937861014196,C1,NA,NA
0.6879949123722359,0.10650560902331538,338.9183548848203,C1,NA,NA
0.7013945651083909,0.11006415262937332,337.29003995998664,C1,NA,NA
0.6992761052809936,0.11438214591852222,331.1518185357249,C1,NA,NA
0.6964608737294962,0.11112044086739878,338.15107915055165,C1,NA,NA
0.6812504777951099,0.10375787472991954,338.4373639473034,C1,NA,NA
0.6933729133190674,0.10147250988143729,335.98744360447864,C1,NA,NA
0.6757250359098752,0.10923781458413687,337.4183668252574,C1,NA,NA
0.682692891618523,0.10170625137446959,337.32287126888167,C1,NA,NA
0.6904928174983685,0.10459524473131294,338.7580675180837,C1,NA,NA
0.6838445762165093,0.10804822584251408,338.9752335293521,C1,NA,NA
0.6740710300365124,0.10248942116769968,336.59347692488404,C1,NA,NA
0.685308938497155,0.10265873705094297,338.29913526873554,C1,NA,NA
0.6921375364783807,0.10427863299649355,337.76451912515074,C1,NA,NA
0.6830167609070703,0.1066703702645039,338.0972078557931,C1,NA,NA
0.6746652148660068,0.11053890480182947,336.8709908534471,C1,NA,NA
0.6855775687549871,0.10996332582337795,337.683780625513,C1,NA,NA
0.6877286148627967,0.11064647793744171,338.6227269004121,C1,NA,NA
0.698098709344283,0.10602158618090138,338.0784630758838,C1,NA,NA
0.6878079768143279,0.1154774541236932,337.13350854337784,C1,NA,NA
0.6846083890513649,0.10733144831971664,339.05038865868073,C1,NA,NA
0.6919052899130321,0.11153360446141936,337.6809261179338,C1,NA,NA
0.6813395056804753,0.105308786497971,337.969976015836,C1,NA,NA
0.6780194031053687,0.10617341809575212,338.51451930728575,C1,NA,NA
0.6911082061520285,0.10721385047563395,338.71097432986994,C1,NA,NA
0.6845325855039697,0.10468179131764661,336.87240501458945,C1,NA,NA
0.6920692190775778,0.11030328854822005,336.05227857555747,C1,NA,NA
0.683273699964556,0.11476556700196537,337.2908139455747,C1,NA,NA
0.6947823195772396,0.10429549480233691,338.2740027561926,C1,NA,NA
0.7015543501095127,0.11109780799518347,336.9997612575776,C1,NA,NA
0.6922044541927944,0.10576746726391983,337.78847060158216,C1,NA,NA
0.7013856832617805,0.10979417003305415,337.5995878646599,C1,NA,NA
0.6876909334991759,0.1060816757489444,338.5790663390009,C1,NA,NA
0.6937477904081576,0.11247255290343731,334.89703130050657,C1,NA,NA
0.6962228984903054,0.11003375145971121,338.05718773606003,C1,NA,NA
0.6863849381538359,0.11121295816982556,338.63989164369366,C1,NA,NA
0.6731152804621607,0.10523872396406479,337.0433263239146,C1,NA,NA
0.6964013720273124,0.10267488411362789,336.96459037873905,C1,NA,NA
0.6910919719921761,0.10549076125281769,338.3712077663044,C1,NA,NA
0.6873291224545878,0.1034195957477916,334.5849593001074,C1,NA,NA
0.686805775911058,0.11154055775519296,338.4113167872661,C1,NA,NA
0.6872497045367166,0.1060181814780981,338.4248288331541,C1,NA,NA
0.6996710965896313,0.10417460058670314,337.5551585301521,C1,NA,NA
0.700598745319018,0.10691282814040354,337.7715131701126,C1,NA,NA
0.6794970259817041,0.10925077662752139,338.673565107538,C1,NA,NA
0.678062563182804,0.10231996747723433,337.50523627703234,C1,NA,NA
0.6786391781400579,0.11008166455943978,337.96010023148386,C1,NA,NA
0.6817382170573274,0.10412025773337719,337.974808811855,C1,NA,NA
0.702634246433952,0.11243493113681031,335.81325918649515,C1,NA,NA
0.6926152984417023,0.110300821986136,338.73106653372747,C1,NA,NA
0.677572138970181,0.11231148164681415,337.7584853277064,C1,NA,NA
0.6981568504870432,0.11144698718624049,337.67269235466136,C1,NA,NA
0.6848386541626427,0.10705501762448469,339.1865784777703,C1,NA,NA
0.6849452925696706,0.11289952885430488,337.7959268421971,C1,NA,NA
0.6881124906558586,0.10703069992580126,337.9673262615769,C1,NA,NA
0.6770682449591595,0.1106973390976043,336.9781486236797,C1,NA,NA
0.6838126114818166,0.10431055536080197,338.7447536788503,C1,NA,NA
0.6859267220461072,0.11066412850789402,337.52709802696603,C1,NA,NA
0.6799484781524046,0.11661741942152015,336.1830318254578,C1,NA,NA
0.6853833951293454,0.10997854928225534,337.21014657713914,C1,NA,NA
0.6961207463799114,0.1097253875795743,337.2799470763979,C1,NA,NA
0.6777417334252039,0.10687552098099734,338.51911118100276,C1,NA,NA
0.6803487303668012,0.11108573086086831,338.3015113940903,C1,NA,NA
0.6937803615851542,0.11538827884688782,336.8085912960209,C1,NA,NA
0.6929811637725132,0.10658455163504237,337.09486022524726,C1,NA,NA
0.6685741293579461,0.1120619168072686,335.9585547927306,C1,NA,NA
0.6781276230618771,0.10276429108161553,337.75304922570683,C1,NA,NA
0.6986362788260563,0.10853708860232511,338.1269606876088,C1,NA,NA
0.6934904291901924,0.11413580333710299,337.4747913977833,C1,NA,NA
0.6906082442640169,0.1056632458025894,339.00937299975294,C1,NA,NA
0.6904271279337132,0.10629602470188798,339.06218807014295,C1,NA,NA
0.6955265687314022,0.11433523226062518,337.22552375489164,C1,NA,NA
0.6910481515584824,0.10916536443296809,338.2348910405803,C1,NA,NA
0.6779636835458517,0.1103581608048519,337.6747641480648,C1,NA,NA
0.6797930379867149,0.10719239351733154,338.83554056057613,C1,NA,NA
0.6863441135499055,0.11550069294629968,335.24788443526694,C1,NA,NA
0.700300941965186,0.11712558522556914,334.6892882464997,C1,NA,NA
0.6716749552679254,0.10893905376011262,336.926794775102,C1,NA,NA
0.6879603200325526,0.10514226382981703,338.724671546275,C1,NA,NA
0.6806669445606391,0.1061084218658294,337.8640378835177,C1,NA,NA
0.6770112517540905,0.10589139369654617,338.21113562387137,C1,NA,NA
0.6833536685687642,0.10534165926642117,338.5080868411112,C1,NA,NA
0.6973563877210731,0.1056774614922678,337.06617781039415,C1,NA,NA
0.6784621953595622,0.10448852615137394,338.1880289533376,C1,NA,NA
0.692631977558239,0.11136565727524128,335.1767203595332,C1,NA,NA
0.6722919200207802,0.10970887417233369,336.17753912219416,C1,NA,NA
0.7001592866976436,0.11003134610710015,337.376285317901,C1,NA,NA
0.6976266480521176,0.10610918289648262,338.32690406126363,C1,NA,NA
0.6916021295912486,0.11133857379443668,338.310706229417,C1,NA,NA
0.687412359205352,0.11027864728304729,338.33325790128384,C1,NA,NA
0.6982767377109093,0.10103137510108992,336.5095688585705,C1,NA,NA
0.6877243612239871,0.10337222017632959,338.57197970129414,C1,NA,NA
0.6888135035796366,0.10201480187332938,338.0332206395615,C1,NA,NA
0.6921837154957673,0.11177593599142285,335.4964435254762,C1,NA,NA
0.700698056766689,0.10842261981834889,337.84918707126457,C1,NA,NA
0.6924232447149063,0.11550366002575299,336.8492923415457,C1,NA,NA
0.685315802339557,0.10925424851997403,338.90551541283094,C1,NA,NA
0.6878195941135755,0.11199679719128343,338.00276751768763,C1,NA,NA
0.6787136928782346,0.10936521618002105,337.65814249071775,C1,NA,NA
0.6793062033686577,0.1067167376499452,337.6825793097794,C1,NA,NA
0.6946195827128075,0.11063358764098657,337.8420090267429,C1,NA,NA
0.6858387735817069,0.1155149332600368,337.043509681889,C1,NA,NA
0.6906075209716805,0.10999551596791175,338.53925082708435,C1,NA,NA
0.6826458828301449,0.10109036221010435,336.6892232671177,C1,NA,NA
0.6859248420364188,0.1061448089683864,338.1358194287769,C1,NA,NA
0.6941300360949496,0.10989100762578444,338.4555617363435,C1,NA,NA
0.6820053379632318,0.10963267351745103,338.57996630073495,C1,NA,NA
0.6912086925622749,0.10203319839224739,337.91602998126314,C1,NA,NA
0.6789918410034556,0.10540835534906172,338.5508534118146,C1,NA,NA
0.6884613973920415,0.10724453211254653,338.7736506747551,C1,NA,NA
0.6899456308439356,0.10989451723248492,338.61679876160696,C1,NA,NA
0.6778813941423285,0.1095774661683463,338.0035359008625,C1,NA,NA
0.6922122250752483,0.10581259037950348,338.6304613702301,C1,NA,NA
0.6960141745386467,0.10811271228280522,338.06728192058836,C1,NA,NA
0.677413105785379,0.10876957530493032,338.4558697440678,C1,NA,NA
0.682965676930823,0.10836824770301201,338.7869301810332,C1,NA,NA
0.6875868519617819,0.10222095278332385,338.0257218779111,C1,NA,NA
0.6797844149706568,0.10476016782757301,337.40746186489116,C1,NA,NA
0.6773231175896728,0.10306518454320737,337.7545686036318,C1,NA,NA
0.6906451771921922,0.11070107332843408,338.6657018511727,C1,NA,NA
0.6898358895891779,0.10612178864676358,338.5187032386491,C1,NA,NA
0.7005706704660358,0.1074559556688273,335.20274801540785,C1,NA,NA
0.6983386437133143,0.10881648260467902,337.5575367962055,C1,NA,NA
0.6946825829866509,0.10989470101002943,338.60318453302386,C1,NA,NA
0.7016784865334422,0.10471146556365878,337.27795661538113,C1,NA,NA
0.6889960285628074,0.10826508589552031,339.16922135803026,C1,NA,NA
0.6810240202644395,0.10289430756376058,337.1526062478701,C1,NA,NA
0.6980821660207132,0.10829682008139656,337.0037848262239,C1,NA,NA
0.7004210873311025,0.10775562511486333,337.4869761624643,C1,NA,NA
0.6835365093529585,0.10651379414226518,336.78971977618363,C1,NA,NA
0.6864491683882936,0.10528147082380042,338.1125323643796,C1,NA,NA
0.6996599517351036,0.1093083220957286,337.98820830378844,C1,NA,NA
0.6846833988865623,0.10574781967547367,339.06721380264133,C1,NA,NA
0.6799843822487621,0.1069074962658794,338.27503036627536,C1,NA,NA
0.6827510982087042,0.10635299982645668,337.6955413512374,C1,NA,NA
0.6787272893135702,0.10363977408516623,337.8932732255849,C1,NA,NA
0.694697471835381,0.10971396788603253,338.57794494210714,C1,NA,NA
0.6801445864138925,0.1019422793656315,337.5632637122972,C1,NA,NA
0.6916741926130878,0.10724084124607847,337.0567613539301,C1,NA,NA
0.690060259395852,0.10532652707481349,338.8333098471099,C1,NA,NA
0.6908623408566577,0.10535349587423715,338.38578132158705,C1,NA,NA
0.7016466995842481,0.10703308979697927,336.96064410821185,C1,NA,NA
0.6958552684898611,0.11199708185451261,337.86221628041335,C1,NA,NA
0.6883743252208896,0.10490841707597982,338.5047970113244,C1,NA,NA
0.6913280594830533,0.10841442017018943,338.9874022848405,C1,NA,NA
0.6947975956597746,0.10641547238608454,338.5851130899539,C1,NA,NA
0.6874246140738542,0.10679373405008026,339.20583511607634,C1,NA,NA
0.7002838698869429,0.11315973651187047,335.9887458796968,C1,NA,NA
0.6890326362653129,0.10643100879053088,338.135829568706,C1,NA,NA
0.6879580374027742,0.111437573742302,338.67216092534903,C1,NA,NA
0.6829596265292901,0.10964678176445358,337.5728874830933,C1,NA,NA
0.6890602230884512,0.1038354589458177,338.3448351755882,C1,NA,NA
0.6974138118988991,0.10901558377617684,337.69753580722073,C1,NA,NA
0.6938362672065301,0.11160739575572635,338.1428703382062,C1,NA,NA
0.6896425260032808,0.1082461544072099,338.7755585277495,C1,NA,NA
0.6874589891642087,0.11017631477720843,337.8666746264598,C1,NA,NA
0.6867017546554113,0.10682204204685415,338.31949349176256,C1,NA,NA
0.6839040196147593,0.10382210654850738,338.40043462946755,C1,NA,NA
0.6785300694380998,0.1087534319824539,337.6427667596895,C1,NA,NA
0.6927479904969566,0.1121756844816383,335.1866360130718,C1,NA,NA
0.7091783121372666,0.10842396455286232,335.6871981884572,C1,NA,NA
0.6898253730275163,0.11214194393440251,337.9875740603829,C1,NA,NA
0.6910708561649577,0.11086886805286715,338.6191059878724,C1,NA,NA
0.6872342726891728,0.10143052416991358,337.5980249903114,C1,NA,NA
0.677729376383125,0.10494322788704859,338.2117742223062,C1,NA,NA
0.6834010231087607,0.11445002685435518,337.1921460149709,C1,NA,NA
0.6776578127457346,0.1068261142072327,338.5407667805776,C1,NA,NA
0.6827375597746131,0.11618357336648658,336.5911867633904,C1,NA,NA
0.6871329828306062,0.11586514302878786,336.895384270574,C1,NA,NA
0.6868438713914209,0.11331711130248096,337.719092542821,C1,NA,NA
0.6981941529369875,0.09971217982749422,335.6861801698916,C1,NA,NA
0.689072142199129,0.10636189393447676,337.7816563566774,C1,NA,NA
0.6969891164872498,0.11005304379886388,338.30945099460445,C1,NA,NA
0.6861898339469397,0.10505428577645053,338.8415776335568,C1,NA,NA
0.7008820337033814,0.10806664092549487,337.3172904564049,C1,NA,NA
0.6866169596570835,0.10016806015621912,336.92438841846734,C1,NA,NA
0.678839195073958,0.10506988537749742,336.78366418244354,C1,NA,NA
0.6903664215931115,0.1081853273106382,339.1264765762988,C1,NA,NA
0.6839220927362958,0.10822509591417956,335.8079176661314,C1,NA,NA
0.6782720771402451,0.10182925836320567,337.3876486083376,C1,NA,NA
0.6918645763274387,0.1092977434129713,338.92065935840645,C1,NA,NA
0.6686823837296266,0.10578657578659721,336.06867796970437,C1,NA,NA
0.6917037453729141,0.1099542041472446,338.6975355057373,C1,NA,NA
0.685578319159124,0.10561758558225025,338.6359981996887,C1,NA,NA
0.6820179855336007,0.1073300289915663,339.0373680013436,C1,NA,NA
0.6898111154522312,0.10320123982788337,338.4357944940583,C1,NA,NA
0.684324476159236,0.10673272537234178,338.70018932006803,C1,NA,NA
0.6876777323942016,0.10121891167308392,337.6759416391256,C1,NA,NA
0.6922743470337417,0.10032865067486729,336.93370272723877,C1,NA,NA
0.6833526623654487,0.11076469771382244,338.6990159958958,C1,NA,NA
0.6946931658251457,0.10481462313896876,338.422655407534,C1,NA,NA
0.6903975549282133,0.10979273609353761,338.79694717511904,C1,NA,NA
0.6845832393770209,0.10862381795761682,338.9525468581074,C1,NA,NA
0.6927451852815227,0.10541355774641031,338.5599550957692,C1,NA,NA
0.6870123325378461,0.11436570286705168,337.26124316872165,C1,NA,NA
0.6920296779120917,0.10649106690516724,337.1871998764381,C1,NA,NA
0.6980056030018521,0.10977606960614031,337.46005383921505,C1,NA,NA
0.6757680715358271,0.1075773637423415,337.5856971302265,C1,NA,NA
0.6697491979885621,0.10402535845498218,332.97896540276673,C1,NA,NA
0.6944380153995775,0.11037688431956597,338.5618724442731,C1,NA,NA
0.6796595164913908,0.10856256024735479,338.2408451789822,C1,NA,NA
0.68974784425007,0.10591068147885044,339.08739135804717,C1,NA,NA
0.682900201361957,0.10915525382579447,338.99393605091154,C1,NA,NA
0.6972194399412331,0.10924203573793598,338.2778306641571,C1,NA,NA
0.6733469142490902,0.1046855420445142,336.7274681219885,C1,NA,NA
0.6840771235656571,0.10976334291135446,338.93186724411925,C1,NA,NA
0.6927858025452056,0.10486626097595673,338.525664907709,C1,NA,NA
0.6891367501612247,0.10134153920444758,337.6286159693831,C1,NA,NA
0.6888693374645158,0.11024945043693328,338.678159351584,C1,NA,NA
0.6900549293958064,0.10800420787917109,338.36610454115134,C1,NA,NA
0.6797400394580038,0.1061731188714262,338.68911601795656,C1,NA,NA
0.6662394485696352,0.10612366960318875,335.9105827990683,C1,NA,NA
0.6889998446020753,0.1087947408324012,336.5079987673335,C1,NA,NA
0.6954765530426961,0.10333013812592141,333.5111719253232,C1,NA,NA
0.6924022988190713,0.10273233439459231,338.05542158446957,C1,NA,NA
0.6803962612996058,0.10433326330849699,338.4891370099658,C1,NA,NA
0.6955866210549554,0.1072836385474331,338.6586055756911,C1,NA,NA
0.6868334295838506,0.1043132067668155,338.21726261801695,C1,NA,NA
0.6948139563752089,0.11541008721288895,336.78939863713094,C1,NA,NA
0.6970982517640215,0.11422552156427643,336.78300318120887,C1,NA,NA
0.6850175627689844,0.10666451617660377,335.4600159919216,C1,NA,NA
0.685795114512956,0.11189220895564095,338.1102729227584,C1,NA,NA
0.6745558484697994,0.10992676667343301,337.52676030204265,C1,NA,NA
0.6855887643401908,0.11097664527392968,338.4048107497725,C1,NA,NA
0.6856620988786659,0.10946868540954699,338.9834794376194,C1,NA,NA
0.6955039997390832,0.11398342953181824,337.37091086163497,C1,NA,NA
0.668261297691825,0.10884908322213041,336.5975072451094,C1,NA,NA
0.7007077737316523,0.11014760469616744,337.11458260427054,C1,NA,NA
0.6963098269892842,0.10927332159009279,338.03426568443194,C1,NA,NA
0.6859148530113969,0.10442981693945236,338.42000110287006,C1,NA,NA
0.6861287853275311,0.10553710189425058,338.7077349788748,C1,NA,NA
0.6998813567945007,0.10687497210805517,337.7333624392759,C1,NA,NA
0.6806320082744886,0.10775267136722058,338.91662109439613,C1,NA,NA
0.6666354068016405,0.10746473317077865,336.15531187358084,C1,NA,NA
0.6874353772025796,0.1091593650173896,338.82045967787485,C1,NA,NA
0.706434498921964,0.10699895731993611,336.2018973778795,C1,NA,NA
0.6824545531233536,0.10304899099018588,337.4261816673879,C1,NA,NA
0.6867557032113158,0.11032335666993158,338.7805960780362,C1,NA,NA
0.678507367005863,0.11071664442270268,336.7383869778956,C1,NA,NA
0.6867437409905873,0.10521743822993944,338.82375047047356,C1,NA,NA
0.6780409213998403,0.11213100017578236,337.80009342526415,C1,NA,NA
0.6864814129041087,0.11116176260893944,338.59968553353656,C1,NA,NA
0.6886519433475339,0.11371309553337906,337.6710536104416,C1,NA,NA
0.6825465516822672,0.1061772924490623,338.64967684004057,C1,NA,NA
0.6972212884183011,0.106618909744138,337.7066522314223,C1,NA,NA
0.6877228383530497,0.10405559619392998,338.788391479241,C1,NA,NA
0.6893850280855732,0.10797280144290944,339.0904720947275,C1,NA,NA
0.6820794122328829,0.11513765809443469,337.0384507248044,C1,NA,NA
0.6875015502143548,0.1116763963238792,338.61109500127316,C1,NA,NA
0.6933253173676036,0.10290286549819143,338.0050298455674,C1,NA,NA
0.6816081282156606,0.10796196945031011,338.971965045084,C1,NA,NA
0.6709670683059673,0.10918972693433697,337.19453302379947,C1,NA,NA
0.6630198028520602,0.10709678591221825,334.41965724134684,C1,NA,NA
0.6890824242529416,0.09572942587106598,333.14936972574856,C1,NA,NA
0.6993808467223123,0.11207698695179304,336.1010105600865,C1,NA,NA
0.6891703384735214,0.10655607032488226,339.0176285169445,C1,NA,NA
0.6894509813804665,0.10904119334023363,336.92824512645285,C1,NA,NA
0.692470079275185,0.10389009829578641,338.322657643462,C1,NA,NA
0.7030634915734776,0.10841588637502418,337.3620363504649,C1,NA,NA
0.6840354103106705,0.10996964937980443,338.7934291337075,C1,NA,NA
0.6835071085179352,0.11022406214943045,338.81273317808314,C1,NA,NA
0.6844039166767167,0.1062958950032121,339.129541224325,C1,NA,NA
0.6830125396207523,0.11177238147394465,338.2586779206682,C1,NA,NA
0.6783706076496461,0.11167868747177309,337.7961746851504,C1,NA,NA
0.6781415225190948,0.11069623953379568,337.83375367843183,C1,NA,NA
0.6922003584293537,0.10125664162969117,337.46865329160073,C1,NA,NA
0.6884554495348736,0.1124562735581225,338.36048699037366,C1,NA,NA
0.7009990695569726,0.10629535731016843,337.70467810259146,C1,NA,NA
0.6960939349810885,0.11080418933931482,337.0784305502009,C1,NA,NA
0.6938996364461305,0.1108231935514742,338.4765436268715,C1,NA,NA
0.6782733136819196,0.10728045451076249,338.38321015705355,C1,NA,NA
0.6802220844782794,0.10951184697313056,338.6901481958409,C1,NA,NA
0.6766757043560704,0.10335082595697077,336.75118986733844,C1,NA,NA
0.6981506062710823,0.11484543486087126,336.6166213837857,C1,NA,NA
0.6876516814697305,0.10318707362334424,337.68558283715635,C1,NA,NA
0.7031394802846277,0.10359949553683688,336.33223480210245,C1,NA,NA
0.6935243287473248,0.11031241092846142,338.10940895005217,C1,NA,NA
0.686436409014001,0.10950270257722539,338.38175304253537,C1,NA,NA
0.7039667397451387,0.10338326972102338,336.19774688817085,C1,NA,NA
0.6978736141407907,0.10790909387906569,335.55974513644264,C1,NA,NA
0.6916578641844303,0.1095646305786599,338.92206435369485,C1,NA,NA
0.6798580606807584,0.10504389244368201,335.8954575151526,C1,NA,NA
0.6779901623211777,0.10475408448738541,338.2206242460274,C1,NA,NA
0.694249512106275,0.10168129891672222,337.3616969228513,C1,NA,NA
0.6903478883021309,0.10999021384367566,338.408080547133,C1,NA,NA
0.6867604196422583,0.10470997300665039,338.00112120865447,C1,NA,NA
0.6919118595931136,0.10674371907860594,338.2362747100027,C1,NA,NA
0.6753996604530471,0.10702760502789005,338.18844477052613,C1,NA,NA
0.6784406031828684,0.10063541050048627,336.74784311660545,C1,NA,NA
0.6847129752318405,0.103639527619771,338.2449213043318,C1,NA,NA
0.6997506879330353,0.10937595893736698,337.78975887050376,C1,NA,NA
0.6829310970218909,0.10605532778935166,338.7100779570687,C1,NA,NA
0.6786273982761866,0.10482264224601948,338.15888241591415,C1,NA,NA
0.6967564515947158,0.10257561967780653,336.6486930533056,C1,NA,NA
0.6760618989697249,0.11746557511649096,334.4629262121054,C1,NA,NA
0.6885349452177111,0.10808711695706359,339.18405149514007,C1,NA,NA
0.685250776965732,0.11138237741414153,338.15312195613285,C1,NA,NA
0.6864336421990405,0.10731466056559025,339.1189974665126,C1,NA,NA
0.691887505528674,0.10789793343100115,339.0537716525805,C1,NA,NA
0.6801819837318995,0.106635358213726,338.8305218321218,C1,NA,NA
0.6788727728166342,0.10613729520650968,338.5900382311358,C1,NA,NA
0.6841155741257353,0.10897094170359493,339.07307683561004,C1,NA,NA
0.6869202159331187,0.11280578467757534,337.4174322953281,C1,NA,NA
0.6808861487455239,0.09940035742644153,334.8056268957388,C1,NA,NA
0.679964495864582,0.10529887332715233,337.2369707519678,C1,NA,NA
0.6772411451722843,0.10062173923434051,336.54456660388144,C1,NA,NA
0.6864251109146766,0.10622317787151231,339.1753184907452,C1,NA,NA
0.6813952084322732,0.10902202325091413,338.2035574531569,C1,NA,NA
0.694265022255581,0.1048866050317989,338.48270848675503,C1,NA,NA
0.699444135189374,0.10938466851277273,336.94238112243187,C1,NA,NA
0.6819349634667636,0.10347837072580739,338.3306920529663,C1,NA,NA
0.6884995512092942,0.11387491291740817,337.6924557173241,C1,NA,NA
0.6977593215493412,0.11413300066691126,337.0353069281587,C1,NA,NA
0.6736002075356591,0.1000639972173605,335.3846792798856,C1,NA,NA
0.680767196806192,0.11044047842110134,338.4667960845291,C1,NA,NA
0.6924502268128748,0.10665432986042003,338.98894817397314,C1,NA,NA
0.6962390012517067,0.10644096508338231,335.4673384127341,C1,NA,NA
0.6910271760525665,0.10196654840855807,337.7199493951444,C1,NA,NA
0.7025586257872712,0.11134116836709,336.91293657583856,C1,NA,NA
0.6854617382397357,0.10496329186352596,338.98265673397606,C1,NA,NA
0.6874741290644563,0.1035998548286423,338.61958392064776,C1,NA,NA
0.6937270009187142,0.10850733708182714,338.786380489441,C1,NA,NA
0.7087463952012496,0.11377493858819049,334.6198492678674,C1,NA,NA
0.6765042910689993,0.10814163320661088,338.1931407675985,C1,NA,NA
0.6867995161386529,0.10592757546968776,338.7506198533561,C1,NA,NA
0.6834684379532632,0.10713299480480973,338.6404259135838,C1,NA,NA
0.6818033453117713,0.10637661579232759,337.8817652724272,C1,NA,NA
0.6798621626592332,0.10951472330378939,335.46577329953516,C1,NA,NA
0.6837233597978579,0.1032460023845427,337.4672360568051,C1,NA,NA
0.6838125170628939,0.1125868210869502,337.9971326484743,C1,NA,NA
0.6786660460618819,0.11266451750722359,337.678680187438,C1,NA,NA
0.684550116219476,0.10614416893375864,338.28955030753247,C1,NA,NA
0.6823103146871907,0.10251677151403488,338.06127939877314,C1,NA,NA
0.6845980317803323,0.10749899852520285,339.0164874202085,C1,NA,NA
0.674282803839734,0.10475047748184614,337.185592721707,C1,NA,NA
0.68318959015598,0.10746545344363383,339.03616092591295,C1,NA,NA
0.6926490900992551,0.11064584536637481,338.2739686972247,C1,NA,NA
0.698199513254667,0.10607063236592122,337.5924514421744,C1,NA,NA
0.6906178446490383,0.09991113747124157,336.78986988848817,C1,NA,NA
0.6866082295416948,0.1044434652665245,338.2928046186413,C1,NA,NA
0.6951089182583248,0.10973101595184326,337.9524953555414,C1,NA,NA
0.6765348268559574,0.11497608396915258,336.5274499008897,C1,NA,NA
0.6821599941351958,0.10459505421600603,338.74799867118145,C1,NA,NA
0.6967853396822686,0.10481490885535202,338.0310192950182,C1,NA,NA
0.6797206811597213,0.10615127940314642,338.4807769689781,C1,NA,NA
0.6848049098102027,0.10103361604889982,331.7375516717937,C1,NA,NA
0.7016543959020881,0.10305109608604704,336.0748314150007,C1,NA,NA
0.678801160004486,0.10621147104858722,338.4594336207848,C1,NA,NA
0.6895132449856295,0.11089432975778031,338.3589720094214,C1,NA,NA
0.685751422528272,0.10266136118965839,337.0206888070182,C1,NA,NA
0.6739548052016887,0.1112376526067481,337.50962739231704,C1,NA,NA
0.7004673420835114,0.10479906311185966,337.2265213031391,C1,NA,NA
0.6967685403192181,0.1063153519740511,338.12865317772633,C1,NA,NA
0.6894339846895557,0.1013096693112433,337.14597080406,C1,NA,NA
0.6898670723451611,0.09859520886949065,333.7167082879125,C1,NA,NA
0.678765735718709,0.11203966601391666,337.9014788962956,C1,NA,NA
0.6888409898006189,0.11164836959885231,337.7037528614661,C1,NA,NA
0.6922257682122361,0.10422511441347168,337.3013262813637,C1,NA,NA
0.692610052127198,0.10952848689370243,337.36405453487185,C1,NA,NA
0.6872760054581227,0.10610405539335933,339.11978239769167,C1,NA,NA
0.6838664091114399,0.10706918507767664,338.46050101154395,C1,NA,NA
0.6875887561838882,0.10975136980027429,337.31358081755724,C1,NA,NA
0.6796919600238076,0.11305761596149029,337.7231280557444,C1,NA,NA
0.6773442170204492,0.1161690242225767,336.02428166310074,C1,NA,NA
0.6795271936782339,0.10487067261464104,338.55240487362187,C1,NA,NA
0.6858013944590663,0.10546974409851763,338.38593127689256,C1,NA,NA
0.6845428498183955,0.11405563493089793,337.3205829804047,C1,NA,NA
0.684554093258853,0.10678508089236416,339.16933870460736,C1,NA,NA
0.6950923200922468,0.10917482132420805,338.66178606647014,C1,NA,NA
0.6885724017619969,0.11202511807679588,338.4440672396245,C1,NA,NA
0.6842973025494006,0.10556967836996128,338.8247947100862,C1,NA,NA
0.6818156855004152,0.10608975279071299,338.59522924503455,C1,NA,NA
0.6794686372547765,0.10804993139024335,338.199572631013,C1,NA,NA
0.6824722610849323,0.10579530753482246,338.4969673021693,C1,NA,NA
0.6729910173744823,0.10886652035530073,337.63062856556337,C1,NA,NA
0.6938776770790235,0.10975654422813572,338.07841026585396,C1,NA,NA
0.6692935542539669,0.10964267017974633,336.50896472678346,C1,NA,NA
0.6966487961142931,0.1098885948272406,337.3062733583439,C1,NA,NA
0.6888223004197185,0.11261336749391045,338.2670134801869,C1,NA,NA
0.6740917219390241,0.10966619413924128,336.7144910864501,C1,NA,NA
0.6807700014897615,0.11080461469443775,338.2007041737063,C1,NA,NA
0.6863764470234257,0.10310615896902194,337.91473995879124,C1,NA,NA
0.6861839503263399,0.10508434716319189,339.014710697513,C1,NA,NA
0.6880850173256062,0.10162328744299076,337.2710605179008,C1,NA,NA
0.6752641794528236,0.10464453445936327,337.79592826946885,C1,NA,NA
0.6855947605025772,0.10471668934094824,338.9215369485555,C1,NA,NA
0.6758066016646143,0.10938812782016945,338.1763190209359,C1,NA,NA
0.6859063425742333,0.10961060520218091,338.90547190178387,C1,NA,NA
0.6876909334991759,0.1060816757489444,338.5790663390009,C1,NA,NA
0.6890266815942957,0.10551228892270809,338.70681056367044,C1,NA,NA
0.6906684596759922,0.10520304050672497,337.5029335898658,C1,NA,NA
0.6994951632182224,0.11349258858723095,336.8893097650306,C1,NA,NA
0.685790355296867,0.10668542902584677,338.46766577333324,C1,NA,NA
0.6971680720031481,0.10821222417614995,335.8446351544128,C1,NA,NA
0.6939138265281541,0.10923771473523276,338.7365664196122,C1,NA,NA
0.7097330756839154,0.1113393342479645,335.2042098148885,C1,NA,NA
0.6912549643882604,0.108749503694125,339.0195034531373,C1,NA,NA
0.6845409568535477,0.10409535509688735,338.5434308719103,C1,NA,NA
0.7026270574067831,0.11314893153975132,335.3129775725257,C1,NA,NA
0.6967764599956382,0.10263236988889668,337.2033004102247,C1,NA,NA
0.6922942480609569,0.10330921839987435,337.59365983643403,C1,NA,NA
0.6889166801525339,0.10790913109849862,337.45242712358134,C1,NA,NA
0.6948726334454515,0.11202281919191455,337.55431151779715,C1,NA,NA
0.6995761185892392,0.10397311289216699,337.4826042706241,C1,NA,NA
0.6864927151765082,0.10914574770629634,337.61819191015263,C1,NA,NA
0.675377560147893,0.10984979588443841,337.6238966055267,C1,NA,NA
0.6884867313113083,0.10717446958375156,339.1848387093738,C1,NA,NA
0.6868706380370194,0.10924611902644155,338.67629078000647,C1,NA,NA
0.6753812788035594,0.11294508584338972,336.3536190682676,C1,NA,NA
0.6728746310629893,0.10596448965948604,337.1454524095534,C1,NA,NA
0.683724385463826,0.10924922894468722,338.9875430472258,C1,NA,NA
0.6835584067495062,0.10994360898830928,338.0072560891466,C1,NA,NA
0.6993039856988412,0.10863909775707911,337.1698955652711,C1,NA,NA
0.6906453329594793,0.11237231074323031,338.21938411849936,C1,NA,NA
0.6768848173393507,0.10777464559896517,338.4609782052619,C1,NA,NA
0.6837400657495402,0.10438747054687134,333.86718184305175,C1,NA,NA
0.6891730778188309,0.1083045660299916,338.60914783413693,C1,NA,NA
0.6821552833775827,0.10446744667727673,337.02940975267745,C1,NA,NA
0.6867129626264341,0.10451174683356483,338.5379536676705,C1,NA,NA
0.692390182099322,0.10809026687440329,339.01156234706593,C1,NA,NA
0.6908194984670479,0.10383109038860402,338.50702158954266,C1,NA,NA
0.6903583937510139,0.11027902647006696,338.81821622977606,C1,NA,NA
0.6958478405582632,0.1033812717208403,337.17077701224525,C1,NA,NA
0.6744917941414981,0.11046264155777263,336.5193561030779,C1,NA,NA
0.6968729911685794,0.109211167165094,337.5817345315845,C1,NA,NA
0.6888639566750168,0.11410603723319282,337.49582905154597,C1,NA,NA
0.6839198734757334,0.10856930627683822,338.4257275508811,C1,NA,NA
0.6840874554528241,0.10916832820789792,339.01596014430635,C1,NA,NA
0.6768872163063577,0.10770328900349303,337.8843828072796,C1,NA,NA
0.6797489732297362,0.10958732342583952,338.63462700526617,C1,NA,NA
0.6889293502308983,0.11417537058246838,337.41812523770227,C1,NA,NA
0.695675594633515,0.10352201800926489,338.00008953588474,C1,NA,NA
0.7009474714272098,0.11032881434639284,335.4360928392658,C1,NA,NA
0.6868155876984711,0.1098631958510898,338.9208925746667,C1,NA,NA
0.6865537627628198,0.1044753791553337,337.9796269782513,C1,NA,NA
0.6846492847553224,0.10911884003620825,338.89914937573025,C1,NA,NA
0.6899438076748757,0.11380153090727131,337.7470259433229,C1,NA,NA
0.6879329925955525,0.1081430687421741,337.34870691394826,C1,NA,NA
0.6892358943554749,0.10879009880949042,339.12152921496715,C1,NA,NA
0.6914757118181591,0.11284539158517486,338.11394473073244,C1,NA,NA
0.6936018014114912,0.11051099782749835,338.4538148728037,C1,NA,NA
0.6824730761499562,0.1122120348419811,338.21160324592796,C1,NA,NA
0.6969895185003407,0.10653689250580903,338.31000698908207,C1,NA,NA
0.6931664910820542,0.10185351186486306,336.66090924035956,C1,NA,NA
0.6773173918976987,0.10017603565915405,336.3220316787825,C1,NA,NA
0.6758165508298363,0.10960124317340196,337.0224635405675,C1,NA,NA
0.6954991598777318,0.10475610190344464,338.2223528247128,C1,NA,NA
0.6827937228949791,0.11084667337916085,338.2102115462226,C1,NA,NA
0.6930735135480074,0.10522088013815795,338.48848840266965,C1,NA,NA
0.6943534373956287,0.11638972123687624,334.746122409235,C1,NA,NA
0.6915032629498468,0.1032470826365855,337.57946422299574,C1,NA,NA
0.6864950825539153,0.10690754024255898,338.7835709630134,C1,NA,NA
0.7008171737975603,0.11267295717758989,336.2988088397654,C1,NA,NA
0.7009875143158657,0.10939261223348481,337.18938336871315,C1,NA,NA
0.6809513581254881,0.10639597972472317,338.8735837866271,C1,NA,NA
0.6689386048479595,0.11235796413272366,336.11957058300095,C1,NA,NA
0.6740802062385022,0.10706413648340253,337.96200031419573,C1,NA,NA
0.6884994583554899,0.1075405130377541,338.7827174260438,C1,NA,NA
0.6955047701582158,0.10606968891842591,336.92222469238516,C1,NA,NA
0.697203822439546,0.11017387805990472,338.0678399466351,C1,NA,NA
0.6838961069672369,0.11068287327036677,338.74658164362273,C1,NA,NA
0.691580161071202,0.11477388646753407,337.12473007799974,C1,NA,NA
0.684557667323807,0.10966146187409669,339.0049821449394,C1,NA,NA
0.6907833166879348,0.10272745844269981,338.237222768559,C1,NA,NA
0.6929236207886532,0.10405778019958233,336.10084257541405,C1,NA,NA
0.6992895696983409,0.10732554666662197,337.78743765729195,C1,NA,NA
0.6857947743131205,0.10876549203547745,337.3766289718258,C1,NA,NA
0.6696886007730574,0.11292303499877174,335.9865881339376,C1,NA,NA
0.6853184679449993,0.10355800745825758,338.000897071424,C1,NA,NA
0.6793410640958691,0.10899290728879557,338.45014564602457,C1,NA,NA
0.6832222614794422,0.10776778920749144,339.11555010783474,C1,NA,NA
0.6842205218824798,0.10276834528407366,338.31503104999433,C1,NA,NA
0.7042815090187138,0.10415050000425739,336.4870751106695,C1,NA,NA
0.6816883944551734,0.10651975622815403,338.9667559601061,C1,NA,NA
0.7072962796872874,0.10711832983636073,336.1433253814359,C1,NA,NA
0.6816224334379908,0.11246061272871062,336.6966642304015,C1,NA,NA
0.6925586087574143,0.09953799767405633,335.57725201656615,C1,NA,NA
0.6756576134481683,0.1105179851666222,337.8510443444453,C1,NA,NA
0.6920479514175821,0.1111400395419785,337.91912018631155,C1,NA,NA
0.6917166399463321,0.11072559600599745,338.699931465109,C1,NA,NA
0.675340943241751,0.10976607064651331,336.9434882170671,C1,NA,NA
0.6760487252604968,0.11111264253480989,336.0849442454886,C1,NA,NA
0.6884141509068772,0.10885502305823767,335.7083650062061,C1,NA,NA
0.6824372738969512,0.10682113470364404,339.05733128574997,C1,NA,NA
0.6752080531247568,0.10657694336700817,338.1575447862792,C1,NA,NA
0.6888882825541749,0.10400592555878777,338.65915707159786,C1,NA,NA
0.6809144897144529,0.10718890907630077,338.94166012140994,C1,NA,NA
0.6848019519676856,0.10537784294974592,337.8655754222465,C1,NA,NA
0.6793013278193971,0.10284933401970187,337.95162255718657,C1,NA,NA
0.6936044055222695,0.10775605028324255,338.8961172504336,C1,NA,NA
0.6846802452963541,0.10877727585156607,338.74859240452037,C1,NA,NA
0.6775824470794853,0.10807934277865641,337.81871742260256,C1,NA,NA
0.6810584724506027,0.11212103402214317,337.98396115764484,C1,NA,NA
0.6871841596633751,0.10998926458532121,338.94650629492565,C1,NA,NA
0.6953135622428841,0.11504538499272897,336.2959605511552,C1,NA,NA
0.6873372835317298,0.11065956544311369,338.50056342457896,C1,NA,NA
0.6743309568796905,0.11491382081411894,335.8875368532423,C1,NA,NA
0.7035216487374641,0.11348321368583757,333.22769819020283,C1,NA,NA
0.6790551228469511,0.11421674519921371,336.67281571753796,C1,NA,NA
0.6771675899608788,0.10719387899829003,337.8461030654664,C1,NA,NA
0.6876806544508081,0.1097271427270796,337.54784513672206,C1,NA,NA
0.6932520780964302,0.10562552742064807,337.807106630312,C1,NA,NA
0.6836569817360214,0.10713977636424384,339.0669987338029,C1,NA,NA
0.6934539767766833,0.10630718781239841,338.8696508590561,C1,NA,NA
0.6728259667839366,0.10868419532579324,336.9112324889814,C1,NA,NA
0.6920070314577377,0.10600883982312212,338.96296138400527,C1,NA,NA
0.680750123909686,0.11183839902328824,338.0476910152754,C1,NA,NA
0.687949617973636,0.10779508799870476,338.1339554329872,C1,NA,NA
0.6878182190102572,0.10363931193019416,336.2638260940851,C1,NA,NA
0.6905231630285915,0.11331679908807496,338.0026434525679,C1,NA,NA
0.6817298185397928,0.10810726515719556,338.6758842643788,C1,NA,NA
0.6795944065927608,0.10859325759027169,338.4694066964822,C1,NA,NA
0.6848627272265693,0.10736912681385885,339.192920001821,C1,NA,NA
0.7060003072599704,0.10554331960763982,335.7570786987786,C1,NA,NA
0.6988257677837922,0.1117954034937302,337.0798895989333,C1,NA,NA
0.6914533870110842,0.10016769421437408,336.38866690994627,C1,NA,NA
0.6873460475620615,0.11205216109484134,338.442629885204,C1,NA,NA
0.6858851605156115,0.10815907515079078,337.0643545067979,C1,NA,NA
0.6934944637737503,0.11431959824729584,335.53649298780067,C1,NA,NA
0.6879827993753457,0.10617127095280267,337.85851464111124,C1,NA,NA
0.7034586973603794,0.11210550964307531,335.6642544968939,C1,NA,NA
0.6906715920195813,0.10112860109037772,337.45137977744525,C1,NA,NA
0.6805978918184891,0.10614466679174635,338.78433909780006,C1,NA,NA
0.6906161633692218,0.10844005189551321,338.86912640229144,C1,NA,NA
0.6837160599044467,0.11203456254465713,338.39335215117103,C1,NA,NA
0.6872320652787361,0.105418923301592,338.61234086951623,C1,NA,NA
0.6854765035235498,0.10657804706482932,339.1858800936345,C1,NA,NA
0.6865359738615396,0.1112175071949594,338.7285037541465,C1,NA,NA
0.6813307572943628,0.0996837235470795,336.36459329336094,C1,NA,NA
0.693516359265527,0.11478436919931265,336.7663927677028,C1,NA,NA
0.6715594474323825,0.10709380064137411,336.24405164453015,C1,NA,NA
0.6854858044670681,0.11274420551231305,336.9517353593854,C1,NA,NA
0.68350286131335,0.10639403899584197,339.09121221465193,C1,NA,NA
0.6796771239949567,0.10789985191323563,337.9057666147796,C1,NA,NA
0.7047684447065985,0.11417461068926427,332.7581706469371,C1,NA,NA
0.6872325016062798,0.1025573086268026,338.20567695317084,C1,NA,NA
0.6779655295063074,0.10301173942763309,336.6300498200698,C1,NA,NA
0.7006510039544701,0.10838496986527998,337.44620267231426,C1,NA,NA
0.6755563037999608,0.10747055575606754,338.2009271888715,C1,NA,NA
0.6813434413463219,0.11261575509864416,338.0805869260842,C1,NA,NA
0.6881904862137486,0.1092425524907832,337.6550942420934,C1,NA,NA
0.678259450570013,0.11060162105192656,335.98978086155853,C1,NA,NA
0.6944277718767786,0.11039427603213399,338.1097933589976,C1,NA,NA
0.6842366033468734,0.10765859981461326,339.0227125208,C1,NA,NA
0.6843887787958962,0.11265634487168186,338.24987724699486,C1,NA,NA
0.68212381299442,0.10980528259060283,336.9523680339902,C1,NA,NA
0.6789218478158552,0.11278778319878467,337.66356378593446,C1,NA,NA
0.6794161040400551,0.10880372870394944,337.90279848956106,C1,NA,NA
0.6851862123697819,0.10213010716704425,337.9933128828144,C1,NA,NA
0.6800462070924175,0.1051418654917062,338.6420416400963,C1,NA,NA
0.6954585570460367,0.10738636190569975,338.0605912421328,C1,NA,NA
0.6903629185163088,0.10120482879638729,337.10688632278624,C1,NA,NA
0.6683323947423206,0.11083221738184075,335.7478310296329,C1,NA,NA
0.668624866646589,0.10936038509223374,336.0054007087148,C1,NA,NA
0.6832364195836909,0.10670708891540565,338.92486606950075,C1,NA,NA
0.6898574242188282,0.1066206423469304,339.03115592587153,C1,NA,NA
0.6906864679654747,0.10574083808976978,338.273314115651,C1,NA,NA
0.6758993528736467,0.10121735127908055,336.69682521901905,C1,NA,NA
0.6921185340985673,0.11276568233881615,338.10966106318597,C1,NA,NA
0.689059806884425,0.1042175238729774,338.69020347431916,C1,NA,NA
0.6743148374857032,0.10772628753000953,336.7960364424381,C1,NA,NA
0.6960965187753699,0.10436925507683639,337.6585307619458,C1,NA,NA
0.6904239174190118,0.1062293868626322,337.9136271079301,C1,NA,NA
0.7025425444195924,0.10397434514356806,336.709953114914,C1,NA,NA
0.6882735359150236,0.10410623002729638,337.6335559739314,C1,NA,NA
0.6811856284092583,0.10478163441824279,338.707895701674,C1,NA,NA
0.691242367843411,0.10764258967280671,338.6685060796533,C1,NA,NA
0.6936947978497534,0.11034901079906989,338.16493887355773,C1,NA,NA
0.6783040993184075,0.10682150690032513,336.72274331529803,C1,NA,NA
0.6846276896714004,0.10721909133421208,339.15449476248085,C1,NA,NA
0.6821586540576468,0.11033411907759239,338.6890277643349,C1,NA,NA
0.6829162051122974,0.10427557334964879,337.5061312133407,C1,NA,NA
0.699076955009775,0.10640401439659068,337.86112052436073,C1,NA,NA
0.6871751548473265,0.10949950779569596,338.243452431251,C1,NA,NA
0.6688173147959172,0.10461624938239544,336.37468395273294,C1,NA,NA
0.6972434744317904,0.10199004094307816,336.28110634054417,C1,NA,NA
0.6842331456743792,0.10953237154493947,338.62909521589194,C1,NA,NA
0.6961734306978524,0.10963548235960088,338.28736454881886,C1,NA,NA
0.6914515290024694,0.10774603600762553,339.08965478770875,C1,NA,NA
0.6798509261452985,0.11285366117096289,336.74801931474,C1,NA,NA
0.693931028454756,0.10996904916062117,338.44736181539514,C1,NA,NA
0.6821960496584784,0.1042657637355208,338.6442225065411,C1,NA,NA
0.6813155276844487,0.10394840104196318,338.31308914770113,C1,NA,NA
0.6868317113920733,0.10808235691511547,339.17938995816326,C1,NA,NA
0.6685794446661444,0.11361129031980316,335.1866220040893,C1,NA,NA
0.6831967025510303,0.10257689540300154,337.93020987839236,C1,NA,NA
0.6949198769454944,0.10238454403979974,337.6678495689818,C1,NA,NA
0.6966646626931958,0.10982292090949079,336.85573191491375,C1,NA,NA
0.6824834850091696,0.10609265641489977,338.1157118371608,C1,NA,NA
0.6977884889337467,0.1109485777312598,338.0254652909964,C1,NA,NA
0.6936599345436467,0.10424251912873599,338.40648153530196,C1,NA,NA
0.6886728740215246,0.1075757530865217,339.1995679242254,C1,NA,NA
0.6909294371805984,0.11083354074079498,336.2825694024538,C1,NA,NA
0.6739495563801924,0.11027356889387535,337.703693695842,C1,NA,NA
0.6850932159840661,0.10626995420178155,339.1503008707526,C1,NA,NA
0.692670242174002,0.11167329788683997,337.4683204511334,C1,NA,NA
0.6847235192238684,0.10677963822300025,338.66695639832216,C1,NA,NA
0.6848111945701515,0.10573310999279853,339.08365593644095,C1,NA,NA
0.6802101362927387,0.11700141001174674,335.9778767203336,C1,NA,NA
0.6950970321947315,0.107230737567464,337.85380920991497,C1,NA,NA
0.6917002638199928,0.10866224097099617,338.6376674519579,C1,NA,NA
0.7032450814272329,0.11368786951470222,335.7590774010429,C1,NA,NA
0.6950445158584486,0.11015144148392943,338.49116455558527,C1,NA,NA
0.6974874596315789,0.10855229569455956,338.40943612683344,C1,NA,NA
0.6810377342694257,0.10661864057143458,338.0302142310757,C1,NA,NA
0.680907225740786,0.10908721589133846,335.422028209439,C1,NA,NA
0.6886341602872782,0.10030255932405889,336.05648302278706,C1,NA,NA
0.691254963564984,0.10672604725693324,339.06715925148904,C1,NA,NA
0.6875650148256774,0.1059692489994306,338.73737161651906,C1,NA,NA
0.6848828909546655,0.1083835069806636,338.8170551083694,C1,NA,NA
0.695887321562866,0.11489980029013934,336.53123079435846,C1,NA,NA
0.6673810321180658,0.10884275412078048,336.35921021275624,C1,NA,NA
0.6818866097477411,0.11328774354418154,337.8707335056776,C1,NA,NA
0.6783073412064062,0.10795276475000011,338.01770815136103,C1,NA,NA
0.6826986910243811,0.10613256819225511,338.75171566434165,C1,NA,NA
0.6831561349230784,0.10701971419475537,339.0627673410273,C1,NA,NA
0.684471904715228,0.12235688194839396,331.87150420664364,C1,NA,NA
0.6980394271689081,0.10551594657272553,338.17428751651516,C1,NA,NA
0.6820123303947156,0.10135066965374946,335.4963876256098,C1,NA,NA
0.6847768141820031,0.10926643422734841,339.06782964277704,C1,NA,NA
0.6949114435049436,0.11180529660044172,338.1793749699175,C1,NA,NA
0.7137378999156759,0.10513291186597322,333.50378946853374,C1,NA,NA
0.6939802601520293,0.10881869757145286,338.823499430753,C1,NA,NA
0.6903558983615682,0.11237162091248636,337.9248162058831,C1,NA,NA
0.6763966401724326,0.10699402178599796,338.3767053991404,C1,NA,NA
0.6946905346968493,0.10282831568204451,337.4824736827777,C1,NA,NA
0.6842034625173582,0.10382947600898071,338.6586865652727,C1,NA,NA
0.7041095217936163,0.11064995219775581,336.7832623964246,C1,NA,NA
0.6772991037147785,0.10267584441406863,336.8101678711274,C1,NA,NA
0.7026761814151864,0.10852147733077784,337.0013822294822,C1,NA,NA
0.6901514024244809,0.11263511982415174,337.92842549688163,C1,NA,NA
0.683661290077413,0.10758142669848875,338.3708783212464,C1,NA,NA
0.6829119009341593,0.10768423050372503,339.04638365713447,C1,NA,NA
0.6772149236059543,0.10199445427619684,334.9021153655742,C1,NA,NA
0.6890035236620635,0.09760319407448068,335.00979959281284,C1,NA,NA
0.6851189461645284,0.10554625095777187,338.74021730091334,C1,NA,NA
0.6822890619606218,0.10457937307108561,338.6909349035827,C1,NA,NA
0.6956734052451035,0.10186024898245467,336.80372209701545,C1,NA,NA
0.698189725935008,0.10453037541108687,337.94165724326297,C1,NA,NA
0.7002940293715902,0.10744203279964226,337.75291840479014,C1,NA,NA
0.6850417584555439,0.10297767250732814,337.94259735260215,C1,NA,NA
0.6856221146962134,0.11113092767317083,338.12613795297665,C1,NA,NA
0.6914848117763163,0.10334248350524626,337.902596924241,C1,NA,NA
0.6913654296708494,0.1104449678396659,338.2171784307994,C1,NA,NA
0.6740591501801066,0.10782965125398337,337.8987434742604,C1,NA,NA
0.6921352858358966,0.10653190540234136,338.95738964394207,C1,NA,NA
0.6910657426626713,0.10046371785830109,336.98793963964,C1,NA,NA
0.6891017598102666,0.11029824361231796,338.69522614957094,C1,NA,NA
0.6897600846704548,0.12124191634180324,333.17843650328257,C1,NA,NA
0.6800964775946359,0.10679368498526855,338.8173407711939,C1,NA,NA
0.6731698512406374,0.11192309905890067,337.16777035444704,C1,NA,NA
0.6809726730699464,0.11191601650839579,338.2727056770406,C1,NA,NA
0.6926901765084151,0.10394251134882332,336.38952782566633,C1,NA,NA
0.6815235566937459,0.10706396131892112,338.99258707215193,C1,NA,NA
0.6940938167229639,0.10492835367887617,337.04757794886456,C1,NA,NA
0.6719984701482687,0.10015580329159066,335.1045913566303,C1,NA,NA
0.6931776815019404,0.10951853614321343,338.79710436960113,C1,NA,NA
0.6913397371500479,0.10522170503984449,338.6622652243611,C1,NA,NA
0.6797852641421185,0.1086109501699959,338.72566410071255,C1,NA,NA
0.6893836870555672,0.09888377402247904,336.08392212879096,C1,NA,NA
0.6780075218843803,0.10606359498527212,338.5482523714968,C1,NA,NA
0.6793103505925199,0.1144140882981575,337.1979048248794,C1,NA,NA
0.6903297413984274,0.10469976226998183,338.5826751027735,C1,NA,NA
0.6908427406796159,0.11374586951847901,337.60936372302416,C1,NA,NA
0.6859979525530756,0.11169451969560357,338.33659435945947,C1,NA,NA
0.6837499788659833,0.10981926917541887,338.37494194611446,C1,NA,NA
0.6820895935509337,0.10706870447378553,338.64806151254686,C1,NA,NA
0.6897555957833662,0.10636768664379818,339.1347930968074,C1,NA,NA
0.6826827169352798,0.10927862104790786,338.96241992284797,C1,NA,NA
0.6676368364824211,0.10783582592433719,336.41414989083876,C1,NA,NA
0.7035659929029472,0.11239076871721107,335.73970670011124,C1,NA,NA
0.6911119863184189,0.10200346506423869,337.92381073878727,C1,NA,NA
0.6737621783748521,0.10514167028568401,337.5438662732067,C1,NA,NA
0.6925029207609018,0.11250211204720902,336.74181525022146,C1,NA,NA
0.6818866097477411,0.11328774354418154,337.8707335056776,C1,NA,NA
0.7122158660236306,0.10595839194790974,333.1442979287174,C1,NA,NA
0.693671807857981,0.11075258628271024,336.773834751175,C1,NA,NA
0.6926896614442016,0.11799264595921524,333.96889736770345,C1,NA,NA
0.6751354736817521,0.1142473367665983,336.2120286183579,C1,NA,NA
0.6938945414673672,0.10585591174022745,338.52279531396476,C1,NA,NA
0.6900012082298039,0.10765253212137575,339.1207155609492,C1,NA,NA
0.6890166058274276,0.10836466070647201,339.1389363084493,C1,NA,NA
0.6843478764498779,0.10654709711042978,339.0683741486721,C1,NA,NA
0.6723519179513001,0.11040638632350831,335.34687770290475,C1,NA,NA
0.685646758221389,0.10854890550512206,339.14389084524544,C1,NA,NA
0.6898237855929228,0.10685421104876301,339.14024763535184,C1,NA,NA
0.673542269290748,0.10889485192504433,337.7842382818808,C1,NA,NA
0.6928431039673654,0.10674673330609881,338.3970756141372,C1,NA,NA
0.6935896659386267,0.10886604542884182,338.8187248869133,C1,NA,NA
0.6800049410802981,0.11315884155221578,337.6397105215945,C1,NA,NA
0.6875104616003458,0.10733301042560076,338.13543273596053,C1,NA,NA
0.6976139636539842,0.10446042511835714,337.88642699640513,C1,NA,NA
0.6830926471363677,0.1045777781420848,337.7645564117762,C1,NA,NA
0.6901708546466521,0.10530475272486219,338.93364032592956,C1,NA,NA
0.689445189053114,0.10980765003993476,338.86559895677493,C1,NA,NA
0.6884622635163231,0.10452533036811971,338.613454121514,C1,NA,NA
0.691975249569692,0.10035538777155653,336.9581918390894,C1,NA,NA
0.6930153205051367,0.10697239657257937,338.61437257324286,C1,NA,NA
0.6878886398056608,0.1158921523200196,336.8719418553794,C1,NA,NA
0.6811443644844715,0.10309329931818878,338.1885701289488,C1,NA,NA
0.6935385620235945,0.10763760682075728,338.9249076647249,C1,NA,NA
0.6851598359987733,0.11506266563398913,337.1543466262863,C1,NA,NA
0.679677889220732,0.10516953791653347,338.6027568175469,C1,NA,NA
0.6821885684051462,0.10661615360100482,339.03008933743166,C1,NA,NA
0.6942783872558054,0.10929408517120964,338.6751102797302,C1,NA,NA
0.6805668474043891,0.10605618116676158,338.61559765689435,C1,NA,NA
0.679667225362803,0.10049738018488397,336.70305984882947,C1,NA,NA
0.6912829622313132,0.10376418905439692,338.4351875744759,C1,NA,NA
0.6668903086209993,0.10708709929446311,336.1804683820557,C1,NA,NA
0.6943710973319593,0.11232074654190774,334.8069675931593,C1,NA,NA
0.6818866097477411,0.11328774354418154,337.8707335056776,C1,NA,NA
0.6950644342918247,0.1039379529953316,338.0137121509184,C1,NA,NA
0.6874919950692587,0.10867825663756789,339.054593339985,C1,NA,NA
0.7099320776461329,0.11000883508850394,335.2072419148898,C1,NA,NA
0.6880301816520399,0.1021193079370508,338.0719265565799,C1,NA,NA
0.685888850499079,0.10778169353044383,338.73887268962636,C1,NA,NA
0.6977785373992262,0.10891616466275107,336.30043351135953,C1,NA,NA
0.7009875363010036,0.10764508222722542,337.72167672979026,C1,NA,NA
0.6799854447827061,0.10760430784116178,338.65043196742323,C1,NA,NA
0.6944014699594817,0.10814285086071423,338.6405105396641,C1,NA,NA
0.6917166941796812,0.10642067454771621,338.2255311514122,C1,NA,NA
0.6781613768347046,0.10689404012881869,337.5562573827822,C1,NA,NA
0.6823472068371911,0.10998908522306272,338.75177592569986,C1,NA,NA
0.6880978674052517,0.10456953779967823,338.2408338910112,C1,NA,NA
0.6799213856860719,0.10509902496751958,338.6420017433301,C1,NA,NA
0.6977146035217242,0.10551577850290067,338.12625751761425,C1,NA,NA
0.6910964908642453,0.09817048375457299,335.44491360215943,C1,NA,NA
0.6822178936028318,0.10656477927174626,338.67824926325216,C1,NA,NA
0.6726545118859546,0.10847750145216765,337.178074406746,C1,NA,NA
0.687971794708418,0.10657958735742364,339.16753854207286,C1,NA,NA
0.6867452701145883,0.10866812169287607,338.9727329997603,C1,NA,NA
0.6785183543038791,0.10521352267617348,338.49653937045485,C1,NA,NA
0.6875881761626729,0.10930625689446394,337.73270342128154,C1,NA,NA
0.68190904383876,0.11149125358993509,337.8396106854776,C1,NA,NA
0.6860153993504174,0.11347211510839018,337.9745846956924,C1,NA,NA
0.6848378398329209,0.10799120626005036,338.76223830839035,C1,NA,NA
0.6844395416669838,0.10519378380786512,338.9921154888236,C1,NA,NA
0.6934676534047901,0.1028596362495718,338.0410697006208,C1,NA,NA
0.6855499111588026,0.10299993084658285,338.24809096032993,C1,NA,NA
0.68749019596753,0.10591005959369218,338.86518799873573,C1,NA,NA
0.6919688345918661,0.10482885377033478,338.6137321148501,C1,NA,NA
0.6795284711566123,0.10647069928267061,338.69358101125624,C1,NA,NA
0.684954800368584,0.1179370367356476,335.74317749232114,C1,NA,NA
0.6806394159874272,0.10757270132031554,338.62936707419135,C1,NA,NA
0.681036427312311,0.11335416484882539,337.7290304462112,C1,NA,NA
0.6871773507331558,0.10976987263906042,337.6662009975906,C1,NA,NA
0.6871949858436387,0.11669596357450493,336.2966263424616,C1,NA,NA
0.675767898437387,0.10785696479265658,337.9388970864139,C1,NA,NA
0.6870671950795214,0.10473029271038564,338.4442882317714,C1,NA,NA
0.6968460023030663,0.10341743439717302,337.83500347617843,C1,NA,NA
0.689444678518838,0.1048551952596337,338.8142722427963,C1,NA,NA
0.6851826919914998,0.10585589327780176,339.02770268074454,C1,NA,NA
0.6765041493580722,0.10237400186605615,337.35957758355363,C1,NA,NA
0.6883022696303348,0.10515458827813481,338.9861215504767,C1,NA,NA
0.678567203392858,0.10356005035892049,338.1012525733163,C1,NA,NA
0.6837833949837544,0.1100589132527177,338.8539709413591,C1,NA,NA
0.6873778067041065,0.10846464642497188,339.18801816226573,C1,NA,NA
0.6896338556549404,0.1044768115822431,337.8627560636433,C1,NA,NA
0.6832825731692729,0.11352342763133894,337.803556928974,C1,NA,NA
0.6905667618235123,0.1123491761509986,338.3297383640299,C1,NA,NA
0.6796710907601611,0.10882659823410326,338.51276214236526,C1,NA,NA
0.6865179510880748,0.11197181651094276,338.3231053664737,C1,NA,NA
0.6790801809006151,0.10819421582947228,338.7274650970378,C1,NA,NA
0.6890771403537355,0.10347671756750192,338.52754075155957,C1,NA,NA
0.6871252621603202,0.10890063488788093,338.80184916400765,C1,NA,NA
0.6846618525924189,0.1097019202295718,338.11896515872144,C1,NA,NA
0.6955946808007422,0.11247049303306013,337.86231695600327,C1,NA,NA
0.6809154852263707,0.10960966835009849,338.74563064874775,C1,NA,NA
0.6871845224276889,0.10063699086531008,337.2604106646809,C1,NA,NA
0.6882467714401457,0.1034594210097155,338.2077554120225,C1,NA,NA
0.6851526160851701,0.10745294276749841,337.4740780419765,C1,NA,NA
0.7014780230723204,0.10752234139333662,337.71574021353524,C1,NA,NA
0.6847197614948293,0.10080425114645139,336.9262055643776,C1,NA,NA
0.6872174390890077,0.11571601753047507,336.46265918796706,C1,NA,NA
0.685793215336205,0.11286809849748414,337.72241750923257,C1,NA,NA
0.6796682561595233,0.11825546642679612,335.1170086029551,C1,NA,NA
0.7123101412872294,0.10493700873240305,333.180978625188,C1,NA,NA
0.687944687106618,0.11480598667711749,337.44864937564046,C1,NA,NA
0.6801444500897843,0.10331719217323136,338.19109862182614,C1,NA,NA
0.688154694202174,0.10178570054826565,335.96732133229153,C1,NA,NA
0.689363015507425,0.10851007248329467,338.5840015662305,C1,NA,NA
0.676590639848949,0.10989690550841175,336.16363316818604,C1,NA,NA
0.695959819495788,0.11505880718338074,336.1506841049594,C1,NA,NA
0.6797166938078637,0.10604581645984627,338.1813414652108,C1,NA,NA
0.6925497049423995,0.10761561208233987,334.29180791711,C1,NA,NA
0.6844268555735156,0.1001494982803221,336.9246348925797,C1,NA,NA
0.690849335107609,0.11657348137956361,335.8526275086984,C1,NA,NA
0.6862378425537208,0.10454229367363116,338.7709064216941,C1,NA,NA
0.6837188712799455,0.1093133182981176,338.83345756852646,C1,NA,NA
0.6951040226401844,0.11044037517198266,337.9350100891957,C1,NA,NA
0.6656425412027565,0.10126732814570599,333.87629353125203,C1,NA,NA
0.682218603441237,0.10446842031837088,337.1027815214451,C1,NA,NA
0.6907423324132125,0.10520894605838138,338.94103388945683,C1,NA,NA
0.7054875851013088,0.10916846448461277,334.7911309503089,C1,NA,NA
0.6901708546466521,0.10530475272486219,338.93364032592956,C1,NA,NA
0.6900226688235076,0.11093526673438313,338.54247546009356,C1,NA,NA
0.6925725278948929,0.10331814756466164,338.0735398129099,C1,NA,NA
0.6788085839967904,0.11049219144058511,338.40974849631084,C1,NA,NA
0.6935283762892912,0.11269218168544293,337.77004975771047,C1,NA,NA
0.6937998509714124,0.10479270565908047,338.5803225148262,C1,NA,NA
0.6921732842310966,0.10948821167087874,338.2421645133202,C1,NA,NA
0.6928969356745391,0.11108657399049085,338.5377010763901,C1,NA,NA
0.6840207929312926,0.10845186736218101,339.07682691865693,C1,NA,NA
0.6958065127139902,0.10005579803145323,336.30388906553856,C1,NA,NA
0.6710189793420824,0.10889812993334082,337.1547104176528,C1,NA,NA
0.6830115914056433,0.09999829918133972,334.3736382872882,C1,NA,NA
0.6837563624651148,0.11033092921636949,338.24550366479053,C1,NA,NA
0.6882436140886454,0.11176158509771432,338.57903211858695,C1,NA,NA
0.6897928561326697,0.10199564928220703,337.75680885957786,C1,NA,NA
0.6917642295405861,0.10670846605261901,338.7316005917747,C1,NA,NA
0.6748027952503665,0.10777273359334871,338.11523397749176,C1,NA,NA
0.6997712869962354,0.10827732895716083,337.709542375279,C1,NA,NA
0.6883703233426968,0.10244733952886005,338.240556116785,C1,NA,NA
0.6855383432756118,0.10354964686410251,338.626722767348,C1,NA,NA
0.6840578908312691,0.1109269685083239,338.35422380263725,C1,NA,NA
0.6876103895623789,0.10799571485244845,339.03298555983775,C1,NA,NA
0.6943623930677194,0.10461506827146248,338.5124678893309,C1,NA,NA
0.6782780612322965,0.11426537471575482,337.146147564895,C1,NA,NA
0.6911435955097929,0.11584709109718702,336.8416270384282,C1,NA,NA
0.6855485253112632,0.11149992003392485,338.3842049728364,C1,NA,NA
0.696922256473595,0.10540795656172011,338.305869465309,C1,NA,NA
0.6793638371411487,0.10640148685085414,338.7434276274674,C1,NA,NA
0.6966646626931958,0.10982292090949079,336.85573191491375,C1,NA,NA
0.6983385483903122,0.10210835942789806,337.03760928823044,C1,NA,NA
0.6800082489210926,0.11407045428207087,336.2633297754733,C1,NA,NA
0.6879534043308557,0.1087373831702574,338.95653031953907,C1,NA,NA
0.7044643884709442,0.10915874404250488,336.6051961473289,C1,NA,NA
0.6885760551515007,0.10611756115232242,339.0477483512975,C1,NA,NA
0.705248544709586,0.10721620410233956,336.5141710426526,C1,NA,NA
0.6890133464858234,0.10893154575209334,339.1076700891481,C1,NA,NA
0.6725554588261821,0.10376642293457655,337.092279388102,C1,NA,NA
0.6918984608776394,0.10951037063217232,338.70116429467697,C1,NA,NA
0.6807470767104133,0.10906687973404482,338.8402854650341,C1,NA,NA
0.6791280655755766,0.10578929129970153,334.9615682447786,C1,NA,NA
0.6759298770586246,0.10269058970195874,337.31509166322604,C1,NA,NA
0.6932495610495905,0.10562832493896689,338.40078257637475,C1,NA,NA
0.6873220245649042,0.10571171811033317,337.9162839159206,C1,NA,NA
0.6810295993406329,0.10915966075864908,337.9897530464367,C1,NA,NA
0.6908601709844732,0.11241988309025414,337.04303623486396,C1,NA,NA
0.6919757200930038,0.1040210540304754,338.29243369753095,C1,NA,NA
0.6944467474626396,0.10480286178172842,338.5165025055165,C1,NA,NA
0.68932848515515,0.10262172485035337,337.8458578745468,C1,NA,NA
0.6854973523163584,0.10560924207932006,339.0506020438093,C1,NA,NA
0.6829548522762777,0.10824534114730461,338.6491258376405,C1,NA,NA
0.6914597965011867,0.10581190437243392,338.2169313581419,C1,NA,NA
0.6817385989134874,0.11241295548862183,338.01260633308016,C1,NA,NA
0.6955056571359021,0.09927176581312759,335.298238325742,C1,NA,NA
0.6831940085164325,0.11219257612059065,336.92542168111646,C1,NA,NA
0.6871168045526107,0.10477921576413163,338.4728463312074,C1,NA,NA
0.7069195833584095,0.11008883412068786,336.2007753716905,C1,NA,NA
0.6877417326324519,0.11071965932293723,338.8341701351446,C1,NA,NA
0.6897523272617324,0.10386409219300367,337.9570281754502,C1,NA,NA
0.6877606051163079,0.11320525496960984,337.76659761618083,C1,NA,NA
0.6907648209804171,0.10644669986453342,338.6498695048482,C1,NA,NA
0.6809742123459108,0.10855110558907115,338.7632425357807,C1,NA,NA
0.6831592303219534,0.11651827768561673,335.78827052426425,C1,NA,NA
0.6852842882284754,0.1045936478252718,338.0440521380591,C1,NA,NA
0.6695243317460504,0.10782663230644045,336.44059695990427,C1,NA,NA
0.6835951687758863,0.10650418797261292,339.0109656119255,C1,NA,NA
0.7006996224487049,0.10821141496578492,337.7279511897485,C1,NA,NA
0.6878082389716322,0.11072650861315841,338.5754014841821,C1,NA,NA
0.6890571923841076,0.11241891514191436,338.36247416207385,C1,NA,NA
0.6927867924370368,0.11100013939251088,336.73391506036285,C1,NA,NA
0.6846899482879657,0.10817901749117058,338.7994784085688,C1,NA,NA
0.6880301816520399,0.1021193079370508,338.0719265565799,C1,NA,NA
0.6779096888406451,0.1129999068118412,337.53202928205565,C1,NA,NA
0.6806528922776213,0.11095254054713648,338.0228561803824,C1,NA,NA
0.6835185237072663,0.10315212392319341,338.4281071966819,C1,NA,NA
0.6850875697084724,0.11007494974296528,336.86267398410524,C1,NA,NA
0.6921014421573984,0.1068763673521156,338.9031795740764,C1,NA,NA
0.6747449531219576,0.10904159221702953,337.4423034341609,C1,NA,NA
0.6879762630464544,0.1010832351345528,337.4370706885995,C1,NA,NA
0.6994478994049789,0.10462915187452375,337.6352882050423,C1,NA,NA
0.6936602836197141,0.10927201984375601,338.75566443308225,C1,NA,NA
0.6911243145817985,0.10629154495503262,338.9986469560877,C1,NA,NA
0.6980325049745487,0.1085999367685769,338.3286821897369,C1,NA,NA
0.6853599495710025,0.1073934610595427,336.6969078982981,C1,NA,NA
0.6929658516179672,0.11213616001438055,336.91694629734764,C1,NA,NA
0.6902513923883661,0.10528057566072929,338.53110459317816,C1,NA,NA
0.6784833268051468,0.10829733276326027,338.65698878129894,C1,NA,NA
0.6908893214791072,0.10648915859152885,338.7074366128168,C1,NA,NA
0.6853692598612293,0.10705040645502786,338.54879077268697,C1,NA,NA
0.7014394347300792,0.10883393833158389,337.69022064644,C1,NA,NA
0.690399039445793,0.10273060498608572,337.94316425171115,C1,NA,NA
0.6972949513897929,0.10380326761321416,337.8725968466071,C1,NA,NA
0.6790349979888499,0.1021429726082178,335.7144106570277,C1,NA,NA
0.6880802615333085,0.11004801926316483,338.8158025308776,C1,NA,NA
0.6759084201867217,0.10834287591817286,337.3975510474536,C1,NA,NA
0.6856392171989544,0.1131499783461983,337.8433625379539,C1,NA,NA
0.6887621747663559,0.11169714206235418,338.35406371189754,C1,NA,NA
0.7086401398611,0.11020643192491167,335.70334615910554,C1,NA,NA
0.6912125813819916,0.10226327500188843,338.02970356978045,C1,NA,NA
0.6785612625758345,0.10402147483981011,338.0164812952468,C1,NA,NA
0.6777382766688234,0.1155845668367941,335.4343416976194,C1,NA,NA
0.692094357694544,0.10228710938106311,337.8279752335609,C1,NA,NA
0.6902623505575322,0.11203808869985349,338.4162948655841,C1,NA,NA
0.7065243383325618,0.1052439970787202,335.94049027513495,C1,NA,NA
0.6877044505022819,0.10559130584494839,339.1026630134012,C1,NA,NA
0.7024264548475112,0.10616852564837144,335.79931091769834,C1,NA,NA
0.69951768310358,0.1069421524371302,337.76978421555384,C1,NA,NA
0.6802685049906996,0.11144525922332627,337.5385503587788,C1,NA,NA
0.685613387268516,0.10877091625890731,338.6908233689538,C1,NA,NA
0.6894211554026829,0.10999657593732659,338.09591660121737,C1,NA,NA
0.6727682821397438,0.11165291848775226,336.99888650678326,C1,NA,NA
0.6983247743392654,0.11297109119557097,336.89009484354,C1,NA,NA
0.6838530151660173,0.10844784543343033,338.9051256131762,C1,NA,NA
0.696419163115222,0.10398361708271761,338.07494447473647,C1,NA,NA
0.6888232706797525,0.10771563136249766,338.8036534383099,C1,NA,NA
0.6813586983325891,0.1020734500418028,336.8693264116226,C1,NA,NA
0.6995219529493736,0.1022568128260132,336.38134231025344,C1,NA,NA
0.6849558162386044,0.1104607840691727,337.9367245745187,C1,NA,NA
0.6920202912595018,0.10741036572218232,338.9783516896085,C1,NA,NA
0.6987003686726226,0.10290140876143367,337.29267089899184,C1,NA,NA
0.6934574595047243,0.11604854043205684,336.60142837116905,C1,NA,NA
0.686399181452936,0.10446551383160001,334.7153314870121,C1,NA,NA
0.6881095844131043,0.1121567076474608,338.40756495935364,C1,NA,NA
0.6872360551564857,0.10175079910324497,337.21379247080864,C1,NA,NA
0.6893686160268315,0.10822393675562741,338.5656185416545,C1,NA,NA
0.6884518458797044,0.11135685485931851,338.6129058500834,C1,NA,NA
0.7097188806606908,0.10863412347761384,335.479200605149,C1,NA,NA
0.6859355626572438,0.10966320671544681,338.54908191109325,C1,NA,NA
0.6769847543462194,0.1097462813455442,337.7206344815762,C1,NA,NA
0.687498844368354,0.11452364880233104,337.57403944901483,C1,NA,NA
0.6906420445039143,0.10780909190217061,338.6487637056857,C1,NA,NA
0.6793548480820629,0.10941234148149492,338.5813643219688,C1,NA,NA
0.6773096102252592,0.10380357178792102,335.8706983492004,C1,NA,NA
0.6697118285475927,0.10868404615688664,336.96602023101866,C1,NA,NA
0.6931829248507513,0.10242255819777885,337.652468456677,C1,NA,NA
0.6707345440824221,0.10499616486154835,336.90888246042596,C1,NA,NA
0.6892392018204858,0.10680374189720988,339.1157630217873,C1,NA,NA
0.6876060760543641,0.1017009760940657,337.8781082744577,C1,NA,NA
0.6878902140017032,0.11088313918652934,338.7068791603656,C1,NA,NA
0.6876985362099531,0.10423941391483446,338.74361135154044,C1,NA,NA
0.6937389873870936,0.10850106571934603,338.672484510241,C1,NA,NA
0.6870989904914605,0.11073727671252907,336.80213015481297,C1,NA,NA
0.6903212270795896,0.10984678506679348,338.9547848533413,C1,NA,NA
0.676760743875733,0.1066394496724162,338.33424579012177,C1,NA,NA
0.6705661241358479,0.1113742389772675,336.64971264495694,C1,NA,NA
0.6874291050327689,0.1055644450857781,338.4604746990993,C1,NA,NA
0.6838530151660173,0.10844784543343033,338.9051256131762,C1,NA,NA
0.6807582907056836,0.10176055742519606,337.53430583788037,C1,NA,NA
0.6780353380417659,0.10966223451716609,337.70570066461465,C1,NA,NA
0.6874201792110847,0.11155395687213429,337.80237974270693,C1,NA,NA
0.6977667997927414,0.11800181659480072,335.09118708957686,C1,NA,NA
0.6823810268439677,0.10555531222737245,338.90171074453923,C1,NA,NA
0.69614853328927,0.11675649470885163,335.2375057409911,C1,NA,NA
0.7003770657919449,0.09830662085257422,334.008322057341,C1,NA,NA
0.6770247864234905,0.11071969898920432,337.8202957417571,C1,NA,NA
0.6756166143030902,0.11936807279714932,332.9383287779644,C1,NA,NA
0.6724623320975768,0.11175742165543542,336.83807354533496,C1,NA,NA
0.6861985080928225,0.10499712022380753,338.7580794335219,C1,NA,NA
0.6830482049404475,0.1086684888923296,336.54577048954616,C1,NA,NA
0.6868522714947564,0.1036331913087747,338.3195723733885,C1,NA,NA
0.699611992696975,0.11591901168296684,334.7581493891058,C1,NA,NA
0.6820438362348328,0.10847459163302048,338.9875904101662,C1,NA,NA
0.6888592084035139,0.1084529801103279,338.09153564645516,C1,NA,NA
0.6829370355086147,0.10407721928679034,338.38213044254604,C1,NA,NA
0.6851068466607899,0.11226419230282593,337.9678473685838,C1,NA,NA
0.6931524787802701,0.10526492601233296,336.68015611028375,C1,NA,NA
0.689715336040986,0.11284327609783784,338.1329686377462,C1,NA,NA
0.7091540119842922,0.10626861186663963,335.3535943750955,C1,NA,NA
0.6898253591531505,0.11104119702316817,337.69184644857256,C1,NA,NA
0.6964168630791434,0.109499206352556,338.47440609213896,C1,NA,NA
0.6930927250619225,0.10967567158094231,338.77238689873286,C1,NA,NA
0.6780071606160317,0.10386596289428417,337.69507389300384,C1,NA,NA
0.6847470973876337,0.10287072311779685,338.0349999616307,C1,NA,NA
0.6734837060204021,0.10646819408953428,336.940997029583,C1,NA,NA
0.6899276085048225,0.10712206898193377,339.13284533884615,C1,NA,NA
0.6831567596335083,0.10342934321295752,337.1665432081977,C1,NA,NA
0.694013908895241,0.10283948021124767,337.99684488548075,C1,NA,NA
0.6808971238675857,0.11025169185077197,338.45604485944057,C1,NA,NA
0.680196584923064,0.10924295297079675,338.547795403523,C1,NA,NA
0.6927707080974153,0.10649494201766768,337.538215058163,C1,NA,NA
0.680209594861567,0.10783210371080905,338.8764578495576,C1,NA,NA
0.6932253479832076,0.10278525573482464,338.07259719487536,C1,NA,NA
0.6889584412650572,0.10264693695697888,338.28589629385573,C1,NA,NA
0.6917852272391586,0.10838431489543907,339.03867294837,C1,NA,NA
0.6847352897966547,0.11086115074890197,337.0168747297283,C1,NA,NA
0.7002798147381107,0.10480544502555644,337.48632736173846,C1,NA,NA
0.6817798781357669,0.10483551459027474,338.7618735231794,C1,NA,NA
0.6815103706265794,0.10325037886747637,338.3194047960587,C1,NA,NA
0.6881146652808728,0.10375805875259485,337.6144869588199,C1,NA,NA
0.6764925119543769,0.11002343660804909,338.0966134472439,C1,NA,NA
0.7019147451224855,0.10965421364421683,337.52356994509614,C1,NA,NA
0.6959137988974391,0.10646130434219378,338.6084399146725,C1,NA,NA
0.7042056562939562,0.10708859356388122,336.9205123882,C1,NA,NA
0.6881227306239179,0.11349810166242147,337.8203007577712,C1,NA,NA
0.676089120026629,0.10554293378818781,337.81994160320795,C1,NA,NA
0.7032314856198932,0.10284532527586701,335.8381756624001,C1,NA,NA
0.6867650254652251,0.11041146702064118,336.85223095054084,C1,NA,NA
0.6858359804051746,0.10802021479680407,339.1586998538465,C1,NA,NA
0.6930793017314668,0.10616533362002112,337.7812181486214,C1,NA,NA
0.7013794048856381,0.11045541621712307,337.093400146515,C1,NA,NA
0.6804553941661788,0.11246939607745644,337.37119814067546,C1,NA,NA
0.6793137776135083,0.10726076508168167,338.6946106604389,C1,NA,NA
0.6776906911925107,0.11139320797220612,336.7953426661435,C1,NA,NA
0.7066307416247002,0.1076379849359286,336.26467277416094,C1,NA,NA
0.6857755459808229,0.10070374230850998,337.29474175704763,C1,NA,NA
0.6807466188518985,0.10927238806235527,338.666722151867,C1,NA,NA
0.7019126510665292,0.10458548713016734,337.19348692501626,C1,NA,NA
0.6816904664014258,0.10375989645292752,338.4972840557485,C1,NA,NA
0.6965742737131829,0.10487133707882403,338.1361446069001,C1,NA,NA
0.680067599827882,0.10514079455044814,338.61189627778435,C1,NA,NA
0.6975815887749163,0.10611064943066713,337.02959315530563,C1,NA,NA
0.6832602206415944,0.10980320196016989,338.5948105365588,C1,NA,NA
0.6926903546835012,0.10631006286332217,338.6967278188645,C1,NA,NA
0.6868021794133179,0.11354896092964786,337.72266202529704,C1,NA,NA
0.6904117922015569,0.10678362371485084,338.0922400525382,C1,NA,NA
0.6869566492327616,0.10593606285021333,338.8846714584567,C1,NA,NA
0.6844193987557924,0.10382251021255438,338.6686890588794,C1,NA,NA
0.6910168142340548,0.1027118586220905,337.4716501176647,C1,NA,NA
0.6963184057730153,0.10583518778523851,338.2948916088322,C1,NA,NA
0.6901041576100339,0.1071539410142637,338.7510102247684,C1,NA,NA
0.6774694688738389,0.11605590798604837,335.2651516456888,C1,NA,NA
0.6862887883506862,0.11064441934564323,338.86133843851263,C1,NA,NA
0.6993085186992897,0.11186420399439066,337.45017273896735,C1,NA,NA
0.6862654261823218,0.10700044955062635,339.21112124801056,C1,NA,NA
0.6856694374076725,0.10628185637968289,338.72826236789547,C1,NA,NA
0.6866750188373768,0.10039707985814697,336.6311555344345,C1,NA,NA
0.6845716284170816,0.10799188975406038,338.90930960475794,C1,NA,NA
0.693738657335808,0.10419775093836575,337.91070940427494,C1,NA,NA
0.7073330416409344,0.11028265597426352,336.00445645066765,C1,NA,NA
0.7032473815256678,0.10714978342452942,337.091144190413,C1,NA,NA
0.6944990489224214,0.1037351348335625,336.3522167527497,C1,NA,NA
0.6883047408782493,0.10691124291881457,339.02797261869614,C1,NA,NA
0.6930874370489006,0.1131035776408397,337.9254008501911,C1,NA,NA
0.6792215188893873,0.10444374521751114,337.88926789485083,C1,NA,NA
0.6888928205517468,0.10635321417854249,339.15787392251093,C1,NA,NA
0.7040632370251303,0.1034506085123714,334.78347182842,C1,NA,NA
0.6906887294954126,0.10991125892699709,336.8878619533327,C1,NA,NA
0.6819325193398378,0.10518539321870427,338.8012467000561,C1,NA,NA
0.6729135203499386,0.11012769069608369,337.27516277879545,C1,NA,NA
0.6826710926501423,0.11197854029935822,338.360387002737,C1,NA,NA
0.6789769166119218,0.10640159563074562,338.69101122632793,C1,NA,NA
0.6830808275594581,0.10696797779639336,339.0475762536628,C1,NA,NA
0.6986632510228776,0.10819883883705175,337.577441188372,C1,NA,NA
0.6894436254274615,0.11220370139533375,338.42494412879125,C1,NA,NA
0.6950989872724009,0.11008586486110168,338.1613014112002,C1,NA,NA
0.6852825254196756,0.10844085144724483,338.85267376757224,C1,NA,NA
0.68810041225744345,0.10506480259156048,338.8821351225051,C1,NA,NA
0.6804641669824668,0.11439089786313311,337.3078541556333,C1,NA,NA
0.6951873062646178,0.11627274779611202,336.2963079984466,C1,NA,NA
0.6833332884940277,0.10617713619115707,338.8330557036948,C1,NA,NA
0.6875948934753386,0.11151714058996252,338.07261941285327,C1,NA,NA
0.6883169443994895,0.10686595520629238,339.1878302617232,C1,NA,NA
0.6868296262392365,0.11822274777934519,334.0773405190118,C1,NA,NA
0.6868026312234772,0.10805921324390647,339.12820117817904,C1,NA,NA
0.6844193987557924,0.10382251021255438,338.6686890588794,C1,NA,NA
0.6912068501313271,0.11214666456615652,338.05845193633826,C1,NA,NA
0.6979211609170821,0.10613369872212895,337.21444887095083,C1,NA,NA
0.6805883421359181,0.10710124499447762,338.7949508805734,C1,NA,NA
0.6777159743755146,0.1082727178598068,338.4911523671371,C1,NA,NA
0.6952811279400996,0.11001476675304726,338.5174547244044,C1,NA,NA
0.6840605291133464,0.10850237700832205,339.1204979627676,C1,NA,NA
0.6902487072083413,0.11337002975935333,337.52852848222483,C1,NA,NA
0.6854729221041168,0.10977109413018811,338.29578405438957,C1,NA,NA
0.7142189855377625,0.10729102217767178,333.81313710886684,C1,NA,NA
0.6912355772092319,0.1049881050824855,337.4357190780656,C1,NA,NA
0.6835884623163679,0.10817862149723993,337.4153710649068,C1,NA,NA
0.7068715807528118,0.10363502324560839,335.4164492471426,C1,NA,NA
0.6835832566843383,0.10607467960915974,338.67569264645186,C1,NA,NA
0.6918792691689123,0.11291793907333003,337.88887103923634,C1,NA,NA
0.6891620676266563,0.10675936928843159,339.167999749726,C1,NA,NA
0.7023067231680534,0.10884958239554876,335.9620421109972,C1,NA,NA
0.6861474939017291,0.1074945825118457,338.87923638321513,C1,NA,NA
0.6940124841869602,0.10894303849729584,338.7228151956739,C1,NA,NA
0.6751830365420223,0.11145278308076764,337.67298190628605,C1,NA,NA
0.685961583796563,0.1074091007724339,338.94175732828046,C1,NA,NA
0.6776091840276256,0.10902256072048161,338.3753198278561,C1,NA,NA
0.6902971047817419,0.10639960496317319,338.8423717731863,C1,NA,NA
0.6953508157218614,0.10743863094468764,338.0086975218795,C1,NA,NA
0.6995010965759386,0.10814329020168115,338.05611011553776,C1,NA,NA
0.6746690535171651,0.10830653335741255,337.9055356349248,C1,NA,NA
0.6778799519134698,0.1146841161196477,336.91767955116967,C1,NA,NA
0.6913167221082792,0.09924374260506544,333.7614713937229,C1,NA,NA
0.6778462653967603,0.10280648413371585,337.6107673521474,C1,NA,NA
0.6895773128058039,0.10836355159905288,339.0509006382915,C1,NA,NA
0.6947059618598067,0.11060980783621979,338.19374663643384,C1,NA,NA
0.6822796758428,0.10983338798265387,337.8242800257735,C1,NA,NA
0.6956283203631223,0.10469878685611256,337.59265255930023,C1,NA,NA
0.6800819636820807,0.1111369290635768,337.9385196705463,C1,NA,NA
0.6886625357180624,0.10315911110453012,338.3340472640349,C1,NA,NA
0.6841688558861415,0.1146690111922112,336.73471101127524,C1,NA,NA
0.6814900497851858,0.10678396688620129,338.9836952472785,C1,NA,NA
0.6941631800684782,0.11837318339968772,335.22896443336134,C1,NA,NA
0.695126981437778,0.10978692406830229,337.96124065376245,C1,NA,NA
0.6864606997374072,0.10635382715674352,339.03456231132697,C1,NA,NA
0.7077174604050657,0.11169271169486196,331.1367267551209,C1,NA,NA
0.6872169274049957,0.1084854475908658,337.565053108225,C1,NA,NA
0.6875145690284147,0.10578368960791452,338.36588047801064,C1,NA,NA
0.6768640487058704,0.1080023437211137,338.13599436171165,C1,NA,NA
0.6813896542756548,0.1047352347255193,338.70928385080697,C1,NA,NA
0.6940645073784003,0.10579181239441711,338.43721399064196,C1,NA,NA
0.6863310963647191,0.10516527411772292,336.87080294297004,C1,NA,NA
0.6745502240175778,0.10900046576475717,337.99172726643695,C1,NA,NA
0.6699149440997607,0.10935463985879225,336.12057149751314,C1,NA,NA
0.6893859261578321,0.10425925425682445,338.64246023207437,C1,NA,NA
0.6851248592381325,0.10728285648663767,337.11094454787525,C1,NA,NA
0.6934893859686032,0.10984040526792375,338.0144142661241,C1,NA,NA
0.6833031030076012,0.1075843704548643,339.1190543831454,C1,NA,NA
0.6880632256204166,0.10355497354389363,338.21787128967475,C1,NA,NA
0.6869574227883007,0.0999881938272234,336.4992427701018,C1,NA,NA
0.6700039689847458,0.10822630354503224,337.0477825271551,C1,NA,NA
0.6798117830900904,0.10681729290619327,338.65065662896313,C1,NA,NA
0.6894409427953396,0.11018390770813072,338.8288678399095,C1,NA,NA
0.6738967825875105,0.10781506490922006,336.11545286158116,C1,NA,NA
0.6871825509075926,0.10762118404761739,338.89151134353216,C1,NA,NA
0.6972749921861944,0.10622768363973162,338.3896464318845,C1,NA,NA
0.6729118525987956,0.10430815297961062,337.3054633460216,C1,NA,NA
0.6976800232008376,0.10573154017950842,338.22302236153865,C1,NA,NA
0.6826735960213814,0.11270675836641758,336.85589782731637,C1,NA,NA
0.6794451112268419,0.10692034812876401,338.706427254181,C1,NA,NA
0.6710565846979121,0.10811944875833512,336.912993047924,C1,NA,NA
0.6826298314342755,0.11102070787768648,336.92554156042013,C1,NA,NA
0.6871170728646858,0.10853484046820695,339.01186653706077,C1,NA,NA
0.6778623496681819,0.10556627796447428,337.8638567750129,C1,NA,NA
0.6948801953271391,0.10710577020784795,338.2649188955147,C1,NA,NA
0.6833708612889505,0.10626606290409985,338.0815560339164,C1,NA,NA
0.6829140254587098,0.10975634425143888,338.86586768421586,C1,NA,NA
0.694469723284898,0.10333370011789543,338.1076902392455,C1,NA,NA
0.696062858077678,0.109106144507075,338.03629890772294,C1,NA,NA
0.6866737469647858,0.10782956408698625,338.1629928600006,C1,NA,NA
0.6977398713505487,0.0959996750678495,332.3588304601653,C1,NA,NA
0.6860669609004593,0.1113801423678232,337.3087911453772,C1,NA,NA
0.7076199624329099,0.10861032404546679,333.8302792583153,C1,NA,NA
0.6783055702035631,0.10925534412537545,337.4753818546113,C1,NA,NA
0.6753592171589569,0.10826444024647963,337.2213734471023,C1,NA,NA
0.6788372829780225,0.10386312524819136,337.07730211455333,C1,NA,NA
0.7020436525196689,0.11012176705995706,337.4295623516,C1,NA,NA
0.6867581279016223,0.1009272581848662,336.8837768786158,C1,NA,NA
0.6929202801303802,0.11272611778268986,337.8196765139809,C1,NA,NA
0.6848224737802011,0.10582898315534253,338.01417272275603,C1,NA,NA
0.6827990075856248,0.10749462720130559,339.08508402795314,C1,NA,NA
0.687720365958315,0.1029703727855605,338.4507456665057,C1,NA,NA
0.6988370062565964,0.10773335261702105,338.1314157203103,C1,NA,NA
0.6885370188130074,0.11173991354137128,338.5377830314038,C1,NA,NA
0.6755603950944441,0.10626925180857011,337.8050382938624,C1,NA,NA
0.6706921951822954,0.10869267977386934,337.0673782952241,C1,NA,NA
0.701213833241595,0.11341012684862234,336.3359603925473,C1,NA,NA
0.6850700506924793,0.10916649235133184,337.11297095740184,C1,NA,NA
0.6996976400082502,0.10972453236842103,337.9009764996684,C1,NA,NA
0.6831932860563544,0.10842002490922967,339.08154765087124,C1,NA,NA
0.7010649028232134,0.10815182373678264,337.8047877650784,C1,NA,NA
0.6871170728646858,0.10853484046820695,339.01186653706077,C1,NA,NA
0.69159059699990455,0.10669538706297936,338.00359641356897,C1,NA,NA
0.6810530081094983,0.10578534769388714,338.69889773166005,C1,NA,NA
0.7038921477405732,0.10208773217778477,335.7269739930945,C1,NA,NA
0.6912293894352596,0.11188180753833635,336.78495320962685,C1,NA,NA
0.6967772737416273,0.10806532180353218,338.5383847934592,C1,NA,NA
0.6792970152121134,0.11216967074680156,337.2133886848605,C1,NA,NA
0.6830627209669006,0.10617803036921865,337.7878434474898,C1,NA,NA
0.7007470545688805,0.10708717788071705,337.568362597722,C1,NA,NA
0.702033628939012,0.10706549041611016,337.444896667231,C1,NA,NA
0.6904239594438398,0.11157543226084872,337.9526576401422,C1,NA,NA
0.6764275197862426,0.11097458099023727,337.8147934417693,C1,NA,NA
0.6795182147361591,0.10584920808594969,338.7092161219415,C1,NA,NA
0.6788207580414418,0.11166524961865451,338.01011765151094,C1,NA,NA
0.6711365410497679,0.11408210636465513,336.02074737810494,C1,NA,NA
0.6778267594573483,0.11233482973786361,335.68488907110446,C1,NA,NA
0.6803279692723815,0.10939557976856734,338.73589147544993,C1,NA,NA
0.6770776646594207,0.11065346978120646,338.06885757103845,C1,NA,NA
0.6858812162799425,0.10178564463541902,337.87873021487263,C1,NA,NA
0.6847298174980054,0.10724354832731961,339.12433955842215,C1,NA,NA
0.6772826472180565,0.10654770040083855,338.45760432686257,C1,NA,NA
0.6904097205189612,0.11580141568208273,336.30173131596774,C1,NA,NA
0.6779371286371287,0.09953166610174514,335.71497013534764,C1,NA,NA
0.6895103192800278,0.10478832778878303,338.9135146661737,C1,NA,NA
0.6888854029233297,0.116321147698301,336.2763105785196,C1,NA,NA
0.6938153220040177,0.10762432139787581,337.58467162480713,C1,NA,NA
0.6832692485731706,0.10843577683494551,339.0847852976433,C1,NA,NA
0.6883602788757501,0.11357786617058188,337.0825072244321,C1,NA,NA
0.6904912092222769,0.10778380077974736,338.8593185630102,C1,NA,NA
0.6930364305804997,0.10760330399812149,338.92022735659174,C1,NA,NA
0.6861823234224799,0.1156283334375459,336.64750807113074,C1,NA,NA
0.6806257829960518,0.10933908609275712,338.6811239216568,C1,NA,NA
0.6845923899874308,0.10641369437975572,338.9497252097545,C1,NA,NA
0.6935011488244472,0.1050169860719967,337.66954754449165,C1,NA,NA
0.6852569271191835,0.11053503723940447,338.7568636726417,C1,NA,NA
0.6977981875703549,0.10787569176828954,338.1886079244886,C1,NA,NA
0.6823957941361587,0.11320986575294059,335.66106575678407,C1,NA,NA
0.6951259771560662,0.10313930912723684,337.201027357249,C1,NA,NA
0.6898178141356679,0.10628340631606696,338.88087719604306,C1,NA,NA
0.695241751193804,0.1062596500314909,338.65333835636125,C1,NA,NA
0.6902138683501132,0.11014278942944228,338.774465145176,C1,NA,NA
0.6835394139650685,0.109898324918511,338.899468792922,C1,NA,NA
0.6926304611741926,0.10381699679380635,337.2802870243061,C1,NA,NA
0.6962476250291824,0.11358764652721576,337.3186176264024,C1,NA,NA
0.6926438335326124,0.10596956015112305,338.8309367769566,C1,NA,NA
0.6867470097809343,0.10221688296458052,338.11751542693014,C1,NA,NA
0.69288146450516,0.1036138846056864,338.3788955147504,C1,NA,NA
0.6931142546505478,0.11114551517850438,337.3866833080473,C1,NA,NA
0.6982307640323955,0.11147782128334946,337.2226436444443,C1,NA,NA
0.6835187215061967,0.1143340332502179,337.3869645549132,C1,NA,NA
0.6846384981188091,0.10665666972726803,338.866161154936,C1,NA,NA
0.69059154553697,0.10469468431217445,336.9951774028099,C1,NA,NA
0.6918659683928187,0.10822758984224497,339.0454984821056,C1,NA,NA
0.6869530958206153,0.10480874265941174,338.9580920919146,C1,NA,NA
0.6818920963665727,0.10514781178454707,338.6328883338218,C1,NA,NA
0.6927390328306346,0.11224188263555977,338.1461677957226,C1,NA,NA
0.6884857777446496,0.10550453112663055,338.3989316903194,C1,NA,NA
0.6807349732786236,0.1042280867178315,338.4960638516152,C1,NA,NA
0.6939016341427875,0.10777069302729825,338.81759541471143,C1,NA,NA
0.6801459823490834,0.10494893032004243,338.40522046464355,C1,NA,NA
0.6762061244178079,0.10216997685987064,337.07210366176565,C1,NA,NA
0.6852735075688401,0.11538706422996008,336.7020781545576,C1,NA,NA
0.6879483027443986,0.10307056728030575,336.76413249040473,C1,NA,NA
0.6837577954341366,0.11139275204806313,338.53002769607895,C1,NA,NA
0.693812593634329,0.1042311824948511,338.4747550585565,C1,NA,NA
0.681522953818437,0.10693032713589204,336.4955269239009,C1,NA,NA
0.6748726481230096,0.10877778657369495,334.74484758727897,C1,NA,NA
0.6780734602098383,0.10351420609109396,337.8602856070632,C1,NA,NA
0.6951171077742687,0.1061923905659441,336.7443950894604,C1,NA,NA
0.6669889918580088,0.11094665885407512,335.82327546548,C1,NA,NA
0.6777675329413458,0.10114291233433889,336.5846241846145,C1,NA,NA
0.6783492466670501,0.11140500693699587,338.12832190412803,C1,NA,NA
0.6997348288211342,0.10777643163837083,337.65365874902477,C1,NA,NA
0.6914082352663831,0.10746688154124844,338.9269931625813,C1,NA,NA
0.6820445595210467,0.10756932555364203,338.7780135016728,C1,NA,NA
0.6776881399065081,0.10976067173260871,338.15597339791793,C1,NA,NA
0.6850521719804133,0.11094045031413383,337.5443422056853,C1,NA,NA
0.7004267179423309,0.10781472926862931,337.3992003409248,C1,NA,NA
0.698855531959472,0.11202829707199949,337.189763430682,C1,NA,NA
0.6971108524341314,0.10332880658866318,337.5197444992849,C1,NA,NA
0.6917467191235092,0.10824196673351799,339.0525628735311,C1,NA,NA
0.6900163408622064,0.1083362866253803,339.1409863594947,C1,NA,NA
0.6721366781536275,0.11296202203156436,334.68512867151316,C1,NA,NA
0.6788284315326104,0.10070813955413652,336.39049883487576,C1,NA,NA
0.6770226690815317,0.10827446755655183,336.3780793352227,C1,NA,NA
0.6849630737828774,0.1048972656820172,338.85515517033946,C1,NA,NA
0.6837431829236384,0.1078808424695876,338.84931044435575,C1,NA,NA
0.6863799279570924,0.10972876023786077,338.6859455334337,C1,NA,NA
0.7063882832708492,0.10789783348167223,336.5108470240806,C1,NA,NA
0.6851014200967422,0.09966511700047431,336.72863991456813,C1,NA,NA
0.6722424309563366,0.10638187748888,337.47942124651587,C1,NA,NA
0.6840958918644383,0.1099489226859707,338.5915362751991,C1,NA,NA
0.6967064178279311,0.1103750915166285,338.2635691994525,C1,NA,NA
0.6892043374568848,0.10812606992266605,339.0266168974882,C1,NA,NA
0.6736143815780153,0.10726755193028947,337.76719707368056,C1,NA,NA
0.6790981462594039,0.10902390550062907,338.37330467594535,C1,NA,NA
0.7035243098286441,0.111746345448085,336.41312882153534,C1,NA,NA
0.6885003988432378,0.10102548612713487,337.55672418953947,C1,NA,NA
0.6803806340755016,0.10333318389342033,338.23624499758745,C1,NA,NA
0.6932102338626331,0.10495520628885621,338.6925455544582,C1,NA,NA
0.6821069583645862,0.10689976331833856,338.5552899130113,C1,NA,NA
0.6858147291876077,0.10912756154233087,339.10950563974,C1,NA,NA
0.6737184361175579,0.10246886104509026,335.49114936855955,C1,NA,NA
0.6960102384229441,0.11170197429633767,338.03568516804745,C1,NA,NA
0.6969853873511982,0.10635991691348948,338.3966128065266,C1,NA,NA
0.6806080602025429,0.10767152240676099,337.9921500384932,C1,NA,NA
0.6847603209055898,0.10194552289978122,337.8112358227402,C1,NA,NA
0.6880494052675995,0.11042819613546317,338.9068029663081,C1,NA,NA
0.6877017384485571,0.11113554958628305,338.6507863938256,C1,NA,NA
0.6822710362756854,0.1016636940204988,337.6622285445031,C1,NA,NA
0.6882948170227391,0.11137465917745507,338.4880337667206,C1,NA,NA
0.6847721517373832,0.10650231133594534,339.16002211347796,C1,NA,NA
0.6823111638467593,0.10870269978154534,338.5876494281647,C1,NA,NA
0.6829712222071376,0.10593387764117031,339.02233296275597,C1,NA,NA
0.6821359686832505,0.10623348252680076,337.0729969983061,C1,NA,NA
0.6784638608150284,0.10381630114036136,338.1198889489166,C1,NA,NA
0.6856955959452098,0.11091290433916433,338.7054720555435,C1,NA,NA
0.6901837203621705,0.10069851423981865,336.8969802363949,C1,NA,NA
0.6909269821348298,0.10636439426876573,338.91583566950044,C1,NA,NA
0.6918643837942349,0.10911708899038593,338.2388639153238,C1,NA,NA
0.683770341366016,0.1062765356003003,339.03755538561165,C1,NA,NA
0.6732670213826362,0.10724194609555508,337.77159132982365,C1,NA,NA
0.6856599633376695,0.10992680692930326,338.98565465048,C1,NA,NA
0.6947937725180402,0.11104245900022845,336.97479098060825,C1,NA,NA
0.6985288814309598,0.11244070489265581,337.20079571919797,C1,NA,NA
0.682801117031731,0.11148667022814682,338.5124425542218,C1,NA,NA
0.6956197345189424,0.10540038488121517,336.8850441053765,C1,NA,NA
0.683232350969262,0.10710708108430428,338.9200213611618,C1,NA,NA
0.6866549123977961,0.11065567434694454,338.5191518963712,C1,NA,NA
0.6898513611197535,0.10709304762974273,339.1505100192557,C1,NA,NA
0.6820060859732383,0.11111052622256679,337.7396653810115,C1,NA,NA
0.6857876721223026,0.10960803760100779,337.1496266919038,C1,NA,NA
0.6855205729666668,0.11439006802736852,337.346402380285,C1,NA,NA
0.6881325276370523,0.10767236214347449,338.86145512375685,C1,NA,NA
0.6822309116929808,0.10664399333704284,338.8542491747311,C1,NA,NA
0.6855977409824721,0.10556480346429348,337.30725949211654,C1,NA,NA
0.699768752816084,0.10910130923779038,337.7809455391941,C1,NA,NA
0.6970751170616959,0.10535976236266931,337.9807033641745,C1,NA,NA
0.6956191092190719,0.1050316611339249,337.711663643259,C1,NA,NA
0.6799163361249227,0.10817719889425073,338.43739173240186,C1,NA,NA
0.694186949567264,0.10925178918891171,338.56008225433203,C1,NA,NA
0.7026274520061992,0.10507470810319247,336.9885509658377,C1,NA,NA
0.6951867516689842,0.10896333125166179,338.61766770995894,C1,NA,NA
0.6766332333536829,0.10872593307452737,336.9253325029133,C1,NA,NA
0.6863457044748617,0.10721373902803019,338.7779319822411,C1,NA,NA
0.6900390639940888,0.10931461903221235,338.3395040896504,C1,NA,NA
0.6970751159414476,0.1041317909961463,338.0136164493771,C1,NA,NA
0.6668934330506524,0.11257068300374624,335.5200915788811,C1,NA,NA
0.6706402107944046,0.10881784946671814,336.6985130511544,C1,NA,NA
0.6845703780422789,0.11279476885443918,338.191345170154,C1,NA,NA
0.696734049568936,0.10791905634462667,337.9997939982847,C1,NA,NA
0.6823540184381165,0.1068774048428591,339.046061347112,C1,NA,NA
0.6766614439978451,0.10487120841959147,338.14256042501205,C1,NA,NA
0.6843508537210757,0.10925370413893618,338.63708658629184,C1,NA,NA
0.6980821993237525,0.10868790636347728,338.25452424415175,C1,NA,NA
0.6873216919684506,0.10753674798134297,339.02546239009155,C1,NA,NA
0.6763816368519759,0.11260477479809783,335.2256660085589,C1,NA,NA
0.6856739703346049,0.10667668199640391,338.85935094750715,C1,NA,NA
0.6836287674887928,0.10902397200046249,337.78493714709134,C1,NA,NA
0.6870374989286846,0.10207384969216145,337.7375219174571,C1,NA,NA
0.6779260152302155,0.10792618310396232,337.96285057317607,C1,NA,NA
0.6732843410307578,0.10631584608370255,337.63605764498806,C1,NA,NA
0.6814219629394198,0.10608517533014192,337.6624201814266,C1,NA,NA
0.6818997569397685,0.11540634071190903,336.60461523234875,C1,NA,NA
0.675968592390409,0.11055137917505123,337.6462089468777,C1,NA,NA
0.689632214709344,0.10696572068821109,338.5338011910623,C1,NA,NA
0.6941869212242173,0.10552567870403763,338.55932432537224,C1,NA,NA
0.6800098857792028,0.10931922339500148,338.58670718051985,C1,NA,NA
0.6836236032366977,0.10267455950006377,334.9196811361523,C1,NA,NA
0.6902089499597119,0.10766261511770031,338.91525413968344,C1,NA,NA
0.6970501818503597,0.11152567225372784,337.83035839758116,C1,NA,NA
0.6844255157431509,0.11066876770192824,338.81057007961766,C1,NA,NA
0.691351040888832,0.11170438032013691,338.45963777662445,C1,NA,NA
0.6866252584396166,0.10881557493997648,339.1491568221468,C1,NA,NA
0.6834385860387293,0.10760149607304384,337.86141157826614,C1,NA,NA
0.6833013330651778,0.10881468576092687,338.53018222628157,C1,NA,NA
0.7030848923748917,0.10558660025979798,336.68187612938686,C1,NA,NA
0.6906650272457153,0.10802603816631345,337.8719897644941,C1,NA,NA
0.6818463731014655,0.10658556241384773,338.81494054290795,C1,NA,NA
0.6824240671304073,0.11190595748736129,338.0660460283402,C1,NA,NA
0.6819865490713084,0.11261613446676791,337.7017739902628,C1,NA,NA
0.6887415133606017,0.11052557010063846,337.83870819162547,C1,NA,NA
0.6910698427802715,0.10424188457454188,338.6838663710325,C1,NA,NA
0.6944929769824366,0.10601879038658042,338.7334786250587,C1,NA,NA
0.6844604963886415,0.10594110067964445,338.66910211783005,C1,NA,NA
0.6983774328858765,0.11410022238726134,336.2085628397994,C1,NA,NA
0.6728273996082962,0.10855810611966565,337.4187759411279,C1,NA,NA
0.6948263863935216,0.10441422007873716,338.36711885580536,C1,NA,NA
0.692345972317375,0.1026553861603178,337.7709434959827,C1,NA,NA
0.6920119742083289,0.10275408489920104,338.1135879886592,C1,NA,NA
0.6927872876480742,0.10942412533385051,338.7648624295619,C1,NA,NA
0.6789452561320217,0.10768325441170339,338.66430470366345,C1,NA,NA
0.6965211843299896,0.10505321414143418,338.2512659855797,C1,NA,NA
0.6979377281609154,0.10706733623429038,337.5509552613678,C1,NA,NA
0.6829591383645303,0.10986177639402636,337.9678405347634,C1,NA,NA
0.6680994952333795,0.10267487697456043,335.4776077050455,C1,NA,NA
0.6920507179221621,0.10767287700647687,338.71786738699166,C1,NA,NA
0.679505366901769,0.10639008567268385,338.7535522682384,C1,NA,NA
0.6865454348758996,0.11119736860320674,338.4420335709377,C1,NA,NA
0.6883540691716133,0.1106626937025606,338.7799488863425,C1,NA,NA
0.6901121941516631,0.10340005884304576,338.4313996586386,C1,NA,NA
0.6883737095174832,0.09993097349002354,336.7325308826366,C1,NA,NA
0.6907932214853788,0.10547172639007857,338.3398444223599,C1,NA,NA
0.6882060391602954,0.1054395078468352,338.94276450823247,C1,NA,NA
0.6803613077492812,0.10898529780126669,338.27846963957006,C1,NA,NA
0.6876060209346415,0.11163561087904386,337.0681828232987,C1,NA,NA
0.6860389273614613,0.10729529821855627,339.12207084589704,C1,NA,NA
0.6911243019341243,0.10520611926337298,338.6935162582826,C1,NA,NA
0.6821498247494518,0.1066324836980802,339.0092362533156,C1,NA,NA
0.6822052887128056,0.10640488522412714,338.9741234304073,C1,NA,NA
0.7009400117486634,0.1070830564863761,337.76528037888545,C1,NA,NA
0.6839932596854114,0.1137219368651918,335.7770859856738,C1,NA,NA
0.6985890610288411,0.11018903261475088,336.54116000029944,C1,NA,NA
0.6916049217339647,0.1064678382150471,338.97579243876726,C1,NA,NA
0.6915604999795885,0.1089240181274338,337.7194901266312,C1,NA,NA
0.6995402988002761,0.10704124612734442,338.07981408238027,C1,NA,NA
0.6955318300478578,0.10959028869974517,338.27323106221047,C1,NA,NA
0.6899447535983791,0.10743149156802637,338.796572358488,C1,NA,NA
0.6797361132574936,0.11140610779475875,338.29178689833236,C1,NA,NA
0.6897880282586458,0.10932591420010303,338.417722317487,C1,NA,NA
0.6873216895183513,0.10652381035107913,337.3206235587426,C1,NA,NA
0.6834115427885785,0.11478350430546283,337.3603477223938,C1,NA,NA
0.6932597059919763,0.11390682704370719,337.6077366165027,C1,NA,NA
0.6889750611844746,0.10696447120905539,339.18115769543067,C1,NA,NA
0.7041243926326204,0.10385099642862344,336.41017471510946,C1,NA,NA
0.68944800352073,0.11382318797203929,337.55701319409326,C1,NA,NA
0.6835554055662223,0.10643071531185612,339.08793123091766,C1,NA,NA
0.6853965864702535,0.10935226356406454,339.0368010528936,C1,NA,NA
0.6859053048974361,0.11077068040085644,338.7734195469629,C1,NA,NA
0.6987936558343149,0.10454679607211198,337.6223860730079,C1,NA,NA
0.6942603167137005,0.10554232796552754,338.6719945912468,C1,NA,NA
0.6883389964784775,0.10854843566513535,338.34143141272125,C1,NA,NA
0.6891429937748308,0.10485701376783856,338.9321575476177,C1,NA,NA
0.6877612192627172,0.11157750909900435,338.38315133799415,C1,NA,NA
0.6790437557719673,0.11448405020340933,337.13553993944555,C1,NA,NA
0.6838236998382724,0.10871983997673659,338.1176666900565,C1,NA,NA
0.6863843501033133,0.10736539914703924,339.2131821883306,C1,NA,NA
0.6877959756550993,0.1065669744879609,335.2960810319996,C1,NA,NA
0.6803459247299274,0.10555321716687936,338.74492872400515,C1,NA,NA
0.6898513611197535,0.10709304762974273,339.1505100192557,C1,NA,NA
0.6949561176007515,0.10740931344201471,337.55487399927785,C1,NA,NA
0.6791461501264392,0.1009969903263063,336.85580615137616,C1,NA,NA
0.694855789289594,0.10491888851273308,336.849148759656,C1,NA,NA
0.6807009492464091,0.1081096683039484,338.74805817152463,C1,NA,NA
0.6826343411503947,0.10912867077449569,336.4436992540778,C1,NA,NA
0.6832810786772315,0.10469806560933709,338.82566306792864,C1,NA,NA
0.6903621251084124,0.10100376792928085,337.46989002091084,C1,NA,NA
0.6803107994339256,0.10676557875023786,338.69185352274036,C1,NA,NA
0.67941113919562,0.10793861653586795,338.1133822949919,C1,NA,NA
0.6911045545586552,0.10698461555530847,338.42985075632794,C1,NA,NA
0.6862947216848291,0.11313629968991407,337.11430036795855,C1,NA,NA
0.6933619788766172,0.1076334244122811,338.6999126713446,C1,NA,NA
0.676873924463265,0.10298362678811537,337.6273895781375,C1,NA,NA
0.6975491303005039,0.10253733458142752,336.5213899892152,C1,NA,NA
0.6767023924244661,0.10303060334840788,337.6022821875691,C1,NA,NA
0.681083449587465,0.10879466763831244,338.8225034861287,C1,NA,NA
0.6981715964408799,0.10787055423855152,337.5523478971782,C1,NA,NA
0.6806497625240371,0.11101228129543375,338.0380264641935,C1,NA,NA
0.6665782944026473,0.1067801782266298,336.080536835548,C1,NA,NA
0.6896908907710222,0.10374500214216319,338.5556804697156,C1,NA,NA
0.6826604480660773,0.10977569991938842,338.31672954317355,C1,NA,NA
0.6962099232244939,0.10485301059050817,338.3291273915847,C1,NA,NA
0.6818550735046233,0.1068086571611071,338.4817003475603,C1,NA,NA
0.6776025740916845,0.10629488179633993,338.4598183823539,C1,NA,NA
0.6783547034389399,0.10436079102050441,338.2235924519507,C1,NA,NA
0.6852229752513836,0.1101694779963806,338.179414193793,C1,NA,NA
0.6928482902346471,0.10874848558507207,337.31311252221224,C1,NA,NA
0.6689080791305035,0.10765370143550876,336.16897785517114,C1,NA,NA
0.7027089747228566,0.10403569848104463,336.8359032053256,C1,NA,NA
0.6883387716514829,0.11156352013843547,337.97670389907603,C1,NA,NA
0.6897609041292777,0.10222407489719461,338.09874286354614,C1,NA,NA
0.6944610468087885,0.10917541219293994,338.6335422013864,C1,NA,NA
0.6896743384963784,0.10741632345204971,339.13392064199945,C1,NA,NA
0.6776767868854636,0.10296021088997458,337.7459916285496,C1,NA,NA
0.6894875356253901,0.10884259720428786,338.67909883175054,C1,NA,NA
0.6923265928842691,0.1105836213936871,338.2707804022608,C1,NA,NA
0.6796389000847911,0.10875200386184607,338.6015630592221,C1,NA,NA
0.6955315039614105,0.11130968182809382,338.23602644160445,C1,NA,NA
0.6959952580270924,0.10406191429165337,336.34375113090005,C1,NA,NA
0.6914885250514664,0.11175139509789839,334.55784357958765,C1,NA,NA
0.6906735581134833,0.10586655905891494,338.96286601748767,C1,NA,NA
0.6816474453241284,0.10859878858862972,338.77503635020804,C1,NA,NA
0.6856978925802307,0.11210068147763584,337.7433749452642,C1,NA,NA
0.6988906109230896,0.11066412234662909,337.9232689407612,C1,NA,NA
0.6878747557552005,0.11416585956472558,335.12662795475586,C1,NA,NA
0.6918292972972289,0.11096398164883345,337.87314499711283,C1,NA,NA
0.6924949179004247,0.11166686000423223,337.8225852374294,C1,NA,NA
0.6725713707229501,0.10723177139994669,337.5013633793437,C1,NA,NA
0.6889451346108032,0.10939805148958091,338.90744186672026,C1,NA,NA
0.7027330845477026,0.1093267637860202,336.4389247488162,C1,NA,NA
0.6786863729654418,0.10662348833109271,338.1809938647597,C1,NA,NA
0.6902639555256038,0.10244681934924829,336.5715660083449,C1,NA,NA
0.6908504555545976,0.11560815772293434,336.94209736030984,C1,NA,NA
0.689638022537348,0.10242573305806323,338.16977580674194,C1,NA,NA
0.6823138590851652,0.10667841925534069,338.8356209907512,C1,NA,NA
0.6826279687443952,0.10616396425465038,338.2378426506329,C1,NA,NA
0.6780885549359462,0.10788621252752789,338.199579985134,C1,NA,NA
0.6807031946371368,0.11425549859563079,337.05343821489157,C1,NA,NA
0.6916494460149304,0.10577949385701653,338.8753641781066,C1,NA,NA
0.6951473167244115,0.10442336063158456,338.34090696102226,C1,NA,NA
0.6790696865241357,0.10865183284677266,338.70703118810627,C1,NA,NA
0.6733933024373142,0.10899649723732711,336.93513164749726,C1,NA,NA
0.6908880495171222,0.1073306693272924,339.1245427425872,C1,NA,NA
0.6829817904462588,0.1139360130127283,336.67207324247596,C1,NA,NA
0.6928677555326473,0.10621836355768818,338.62320685620074,C1,NA,NA
0.693906934048042,0.11857952925736162,335.0520235812025,C1,NA,NA
0.6983540784107176,0.10910152898508912,338.05212990007425,C1,NA,NA
0.675050200988351,0.10837972057945522,337.7614259004982,C1,NA,NA
0.6912771964796709,0.11286486536156021,337.4030407516117,C1,NA,NA
0.6941821081469499,0.10618366817536201,338.6918697653199,C1,NA,NA
0.6841883629040454,0.11194409597958664,337.7407081596874,C1,NA,NA
0.6890245341267264,0.10922629818708371,337.6717467396366,C1,NA,NA
0.6683497491506651,0.10801066015033346,335.79122937623686,C1,NA,NA
0.6883387255905705,0.11417390258616293,336.4915140115521,C1,NA,NA
-0.023107577308602297,0.20337615553150387,5.027843235130527,C2,NA,NA
0.009297539433111894,0.2427871756921412,2.310605539421474,C2,NA,NA
0.01857508993098359,0.21614732646908538,3.2422060789238856,C2,NA,NA
-0.033324762375301846,0.232162319151917,3.645398657634539,C2,NA,NA
0.03470675916291693,0.22719484106217794,3.072831850780529,C2,NA,NA
0.0018025266479649027,0.21220320214674188,5.02495845204637,C2,NA,NA
-0.029812542040919987,0.27288378133716784,2.584557842273842,C2,NA,NA
-0.008745075426407949,0.20873991474020945,4.083934130887055,C2,NA,NA
0.01994930965262526,0.22877137630138214,4.398502990772635,C2,NA,NA
-0.02435641479561899,0.20902244240898024,5.1147638346344175,C2,NA,NA
0.02614025881213201,0.23294959769879447,3.2986854802938734,C2,NA,NA
-0.013125423452588852,0.2575627884851329,2.488121956352125,C2,NA,NA
-0.05992181870261446,0.18933481227737345,3.1596485607412848,C2,NA,NA
-0.0152524956741487,0.24218396662493047,4.365663044668675,C2,NA,NA
-0.01989011354318217,0.2140616319597078,5.069876664535741,C2,NA,NA
-0.04169247604139446,0.20355622590356798,4.713540035686643,C2,NA,NA
-0.007608925549292107,0.19527794191950826,4.752072650236446,C2,NA,NA
-0.01314585546680383,0.22716109650008925,4.842421668111692,C2,NA,NA
-0.015195602777061105,0.18874084600582053,4.152059703717938,C2,NA,NA
-0.037944229843750246,0.20210657900334789,4.70181187891385,C2,NA,NA
0.001226889344513803,0.2277355369075955,4.581958635082573,C2,NA,NA
-0.015370868966405445,0.23204984037514423,2.022856694860623,C2,NA,NA
-0.0798385285867651,0.2301924144149663,3.1290598972435397,C2,NA,NA
0.051958753568012175,0.21001643804115994,1.5566370050017495,C2,NA,NA
-0.03620680133780321,0.21875283202648146,3.7926554110093256,C2,NA,NA
-0.060645794383391904,0.16716328145224363,0.3071648332781711,C2,NA,NA
-0.00820164236258241,0.2341412668541344,4.111397047650523,C2,NA,NA
-0.0648949672904062,0.2134453020293262,4.0369580040703585,C2,NA,NA
-0.058478100360020414,0.19899342893141314,3.4849417694192346,C2,NA,NA
-0.020365515990397418,0.23956461972132503,4.521638348496932,C2,NA,NA
-0.012391141541539238,0.2203844635087016,4.209212071200865,C2,NA,NA
0.012545456933302425,0.2026297377114203,4.04330447613208,C2,NA,NA
-0.01742261468786556,0.19893621331040642,4.833288834831449,C2,NA,NA
-0.011802966422619122,0.19709622817842676,4.8274387991093635,C2,NA,NA
-0.052066335272533584,0.19133405996967165,3.7069148145110256,C2,NA,NA
-0.010710176784658926,0.19987042422619022,3.7750371952061563,C2,NA,NA
-0.033007040513110736,0.20614967800013317,4.796241387693105,C2,NA,NA
0.00788203657214822,0.21300281034298135,4.815667522728408,C2,NA,NA
-0.0881307179624013,0.22833584001235627,2.372883225742393,C2,NA,NA
-0.04707835519565446,0.19008082475483887,3.9143524776395,C2,NA,NA
-0.06063334886485655,0.21127496387438535,4.202358270009128,C2,NA,NA
-0.012910748611133883,0.21965497753648605,4.960961855444642,C2,NA,NA
-0.014931183921307364,0.22365794420610735,4.749003768845575,C2,NA,NA
-0.03962285488156495,0.19275558887129485,4.314100936041514,C2,NA,NA
-0.09373618104303394,0.201762065907232,1.4517734731269312,C2,NA,NA
-0.007207906534668879,0.2626656774153039,3.2706450308164077,C2,NA,NA
-0.008617641706162246,0.19570310220302337,4.477904170972391,C2,NA,NA
-0.019068796050147364,0.21202155922888566,4.025100698762925,C2,NA,NA
-0.055999869173798345,0.18869340844915866,3.4516986106389536,C2,NA,NA
-0.05243714874806962,0.21943462869577549,3.7005703556964162,C2,NA,NA
0.010520176822319408,0.2673280170078204,2.7372493858728966,C2,NA,NA
-0.0162006039505896,0.21455394082727755,2.5372320622310776,C2,NA,NA
-0.04845546586688883,0.17474697433956712,2.256965918657042,C2,NA,NA
-0.03818992531339653,0.22588628974159453,4.386235472467269,C2,NA,NA
0.01566076549098074,0.21622949104288855,4.662678378189977,C2,NA,NA
-0.047038588701939,0.2263578656477102,4.480068559252436,C2,NA,NA
-0.0013891847170315677,0.22204025846579029,4.76646670180219,C2,NA,NA
0.018602545502632392,0.20077200272078588,4.376445219499171,C2,NA,NA
-0.017943116151684042,0.192189880602234,3.8805478711605197,C2,NA,NA
-0.031739507436936765,0.1957857667657079,3.5931153660971664,C2,NA,NA
-0.018621668192945192,0.213794770793882,4.696901310958792,C2,NA,NA
-0.0316918341411303,0.20136715571242916,1.5053045224275254,C2,NA,NA
-0.0014383286718980797,0.23644467116970386,4.554835473384999,C2,NA,NA
-0.030470882562997095,0.19564982685454135,3.726912380590879,C2,NA,NA
-0.05463293013110784,0.19835127202254457,4.081450457607063,C2,NA,NA
0.025962262807945453,0.21149670496791806,3.0708262848976893,C2,NA,NA
-0.0013697866604104449,0.2070889814467232,5.0361663170822215,C2,NA,NA
-0.026037030842045224,0.2742309378925651,1.731428504154974,C2,NA,NA
-0.020392397326452292,0.2134877094634642,3.507698783310997,C2,NA,NA
-0.08394931227826372,0.2186244105980277,2.8915061195224947,C2,NA,NA
-0.020914357536905265,0.2285130516641999,4.909850698441673,C2,NA,NA
-0.012966265837945901,0.1849661568790732,3.9172029619123103,C2,NA,NA
-0.028590555512428232,0.21754240214235016,4.955026183907545,C2,NA,NA
0.03033576635373456,0.24613538291488127,3.451273872997339,C2,NA,NA
-0.05154589693527317,0.19777744382528634,2.976008980396078,C2,NA,NA
-0.020299889453266183,0.204265649439222,5.043720627065902,C2,NA,NA
-7.106371316570811e-4,0.2261136984086416,4.898233427631672,C2,NA,NA
0.06002659705543874,0.22800404860708345,1.3707131781962385,C2,NA,NA
0.0050298089049223595,0.21438497488691807,4.97630841307221,C2,NA,NA
0.042483783056301586,0.22423395406512509,3.6115779266158583,C2,NA,NA
-0.05561033132584431,0.22319210604652578,3.82909869795043,C2,NA,NA
8.254725984638556e-4,0.2052864079148064,4.155893770777444,C2,NA,NA
-0.004595276791827678,0.19857109387785413,4.745803696832638,C2,NA,NA
-0.06584339921587096,0.19757751359894757,3.464724018767055,C2,NA,NA
-0.02807922377427604,0.22016391990158624,5.047656090291754,C2,NA,NA
-0.024104752560337464,0.22771948797526032,4.789396198542395,C2,NA,NA
-0.05933257666471053,0.24141793959113134,2.7763273703798617,C2,NA,NA
-0.003020018064848154,0.19489786192038114,2.9491872983092784,C2,NA,NA
0.0064725716736775685,0.23288964543213883,4.2143259095438195,C2,NA,NA
-0.046342869956468684,0.2100803656856543,4.609929098957517,C2,NA,NA
-0.005686015137821502,0.17500863944836365,2.9235720476256137,C2,NA,NA
0.004801014338392622,0.22419344377220046,4.844153182224986,C2,NA,NA
-0.04410912460905155,0.21632753574441194,4.487953280179251,C2,NA,NA
0.0060124848342347865,0.2334851188743077,4.361959212158441,C2,NA,NA
0.02502680280923768,0.2567223136092547,3.0775206472129923,C2,NA,NA
-0.052066335272533584,0.19133405996967165,3.7069148145110256,C2,NA,NA
-0.0030262351807056054,0.22151689319987183,4.942682800901775,C2,NA,NA
-0.0410064133913548,0.2735253525705452,2.20186278285101,C2,NA,NA
0.019846254529778153,0.19541370048641923,4.166782728509787,C2,NA,NA
-0.017685713004176172,0.23125895659028756,4.251338815640343,C2,NA,NA
-0.0040191253766536615,0.19117097869471658,4.316315023520611,C2,NA,NA
0.032966821142631185,0.18562100117232333,2.4770394101150597,C2,NA,NA
-0.0054917853905470035,0.2344489129193011,4.6808551495235005,C2,NA,NA
-0.041742155770853676,0.16997094128982032,1.621218323429332,C2,NA,NA
-0.02445368510685098,0.2059451895271322,5.06921762216238,C2,NA,NA
-0.01752903243708025,0.20187202179995115,4.991982632282232,C2,NA,NA
0.010601309286511533,0.18303358041729154,3.4278427862266865,C2,NA,NA
-0.0848692686028877,0.21259171071870747,2.5727301524229436,C2,NA,NA
-0.0075014530603150185,0.20873927094385142,5.125012434896322,C2,NA,NA
-0.07499757881904925,0.18581753682572183,2.0259951664760107,C2,NA,NA
-0.043183973102736674,0.19755560994668606,4.318708403111054,C2,NA,NA
0.03874455490254056,0.23089302067970574,3.25037134784862,C2,NA,NA
-0.03181757638973176,0.20855076706275327,4.849348571900231,C2,NA,NA
-0.06494955562150831,0.21839520375631727,3.749743534038551,C2,NA,NA
-0.03539250010080719,0.23099493305890814,4.593943103542374,C2,NA,NA
-0.0555490834458251,0.21139873508526535,4.131397166611713,C2,NA,NA
-0.021798896255979465,0.19805896031038417,4.872089789143411,C2,NA,NA
-0.030616789716886507,0.21977280985568534,5.011090523394163,C2,NA,NA
-0.0020066940611609806,0.21711544363241933,4.31793487132566,C2,NA,NA
-0.03512179153912175,0.2474809160919404,2.8612211582702893,C2,NA,NA
-0.05459274980458381,0.2224870463461455,4.409001687243876,C2,NA,NA
0.006559112344586712,0.19151868812219047,3.9430579813689772,C2,NA,NA
0.03086177865520163,0.21461010233014932,4.197470436858695,C2,NA,NA
-0.0016488229942986828,0.19002099816499812,4.43483838755232,C2,NA,NA
-0.004595276791827678,0.19857109387785413,4.745803696832638,C2,NA,NA
-0.012471327461556525,0.21220567786606753,5.144059432255489,C2,NA,NA
0.038361506051301265,0.19144685125272887,2.9829099243281303,C2,NA,NA
-0.020627266096051443,0.2356359865985282,4.578787095645873,C2,NA,NA
-0.006089974823814518,0.20227894928337997,5.005739331995119,C2,NA,NA
0.0400085934208151,0.24195343401858072,2.368661312150023,C2,NA,NA
-0.03378442975395368,0.24998415983830824,3.043265103854554,C2,NA,NA
-0.014686212746987521,0.21293640216220153,5.078237904341735,C2,NA,NA
-0.027127315404082992,0.24802185178202713,3.6291128618768975,C2,NA,NA
-0.017342037061215138,0.22561613288085175,4.788578364348233,C2,NA,NA
-6.34482486256617e-4,0.19703245210084988,4.643812038040505,C2,NA,NA
-0.03085637085638173,0.2623120393517231,3.2651047565270566,C2,NA,NA
0.041645287014953444,0.20627353346076066,3.5664742466338786,C2,NA,NA
0.014346058492662433,0.22795787490112174,4.553662539955702,C2,NA,NA
-0.005586067955297105,0.22255607509993508,4.566964656161724,C2,NA,NA
0.01971138523984682,0.2223083101492396,4.3756720771345865,C2,NA,NA
-0.027390234203794633,0.23465949789012533,4.493484815253524,C2,NA,NA
-0.03293497748443031,0.22405507036345085,4.823359749946556,C2,NA,NA
0.011248224461330707,0.2637763529753838,2.4086788671738484,C2,NA,NA
0.01815427469816091,0.19206140137454591,4.008833533985188,C2,NA,NA
-0.08305602503251308,0.20133282131641114,1.9917610717866738,C2,NA,NA
-0.010768827463947264,0.19816249375556766,4.905518317778803,C2,NA,NA
0.05248222244271489,0.28752296661363186,-0.0554225729548945,C2,NA,NA
-0.003020018064848154,0.19489786192038114,2.9491872983092784,C2,NA,NA
0.023708087553220555,0.2195893864491149,4.334359577874611,C2,NA,NA
-0.011322254937903897,0.2435339991918189,3.882139589194374,C2,NA,NA
0.020582826613280404,0.19076803028792025,3.6517543242057964,C2,NA,NA
-0.028770778115431547,0.20816425355558846,3.5026261944250043,C2,NA,NA
-0.07026153621773695,0.19234356102501055,2.494939531549738,C2,NA,NA
-0.001234787408489812,0.2556779923857224,3.604830204126177,C2,NA,NA
0.0021786328109894733,0.25769082088051765,3.396651637969466,C2,NA,NA
-0.02325638880728214,0.2243684615237951,4.757163830023398,C2,NA,NA
-0.06073882249448556,0.23023895175223869,4.0773929451759745,C2,NA,NA
-0.052178631967913884,0.2096046965368503,3.1971430932024543,C2,NA,NA
0.00807842506910474,0.2125708952457082,2.3898775822165446,C2,NA,NA
-0.0718487173080992,0.2017057195167647,1.644465336692273,C2,NA,NA
-0.033173965106173285,0.23789943262991012,4.252453258018617,C2,NA,NA
-0.04547853626847215,0.22685859209881593,4.193875925308051,C2,NA,NA
-0.006504177104320251,0.21439545915580205,5.107143454681259,C2,NA,NA
0.026759661033891935,0.20630603620298962,1.6654848308418324,C2,NA,NA
0.044462064675614116,0.24717476757963583,1.9572194205714943,C2,NA,NA
0.015768955224584803,0.23874575500843676,4.037391672210664,C2,NA,NA
-0.014391511831741765,0.22350538982686852,4.8432972271470724,C2,NA,NA
0.016548596987195456,0.19684426553506443,3.680648080578879,C2,NA,NA
0.03598190414178866,0.2402953082086463,3.4669985436232063,C2,NA,NA
0.01357801744962853,0.19577334943453611,4.411926021753442,C2,NA,NA
0.0026122458611578256,0.19975366155106045,4.819385113536866,C2,NA,NA
-0.01572811924850845,0.2218995580440437,5.036606076664693,C2,NA,NA
-0.04079828370021027,0.18884836612746356,3.996531820265535,C2,NA,NA
0.03927363504377421,0.25412165800469566,2.5758922811468854,C2,NA,NA
0.0010129192764722697,0.2795089438575563,2.0619051131954453,C2,NA,NA
0.008266624473840854,0.202427298365486,3.041437764635843,C2,NA,NA
-0.0037604548408744776,0.18613814180646307,4.186663552125776,C2,NA,NA
0.03832558810994997,0.20947197462114814,3.8032900381296564,C2,NA,NA
-0.007111062647971875,0.21166303237787285,1.827311809723604,C2,NA,NA
-0.016024376208021635,0.22551462270556083,4.7069584501544215,C2,NA,NA
-0.010855589985015212,0.2047441323025616,4.614067949451427,C2,NA,NA
-0.0025682468871274997,0.19952561416288175,4.893485702141702,C2,NA,NA
-0.042607031282390864,0.1970191674772032,1.4512967009903481,C2,NA,NA
-0.033049195532530724,0.20302179685761307,4.804012987649855,C2,NA,NA
0.0059732145699619155,0.2558038322312019,3.4033342737662355,C2,NA,NA
-0.06133871804398897,0.23130875955306493,3.4267648621174964,C2,NA,NA
0.02407036824644043,0.20600345052774283,4.327881118277958,C2,NA,NA
-0.027927742837520066,0.20834073456257787,5.029602407365175,C2,NA,NA
0.057317624219646854,0.2653598763513292,1.1444436970090717,C2,NA,NA
-0.04929684816195756,0.22397045980528688,4.164520612788731,C2,NA,NA
-0.014429816833269288,0.18114215728069527,3.7560338868955476,C2,NA,NA
-3.8628195466592144e-4,0.24653145892872405,4.0312553276388705,C2,NA,NA
-0.08031977196692364,0.2372206091555803,2.434796346991105,C2,NA,NA
0.005551805386596494,0.2064834107354695,4.1085371110088085,C2,NA,NA
0.05167757645620377,0.22395821889155654,3.11859885430022,C2,NA,NA
0.0035121957706698223,0.20945454877219039,2.2397106842759156,C2,NA,NA
-0.06803814044900408,0.2458709000293895,3.253624649816441,C2,NA,NA
-0.040746020492728345,0.21792667764171883,4.5087750581057895,C2,NA,NA
-0.01821514535053355,0.1845338825953026,3.540057219517438,C2,NA,NA
0.029269960157832852,0.23701377526722756,3.679210646750058,C2,NA,NA
-0.062279867559406635,0.22509121117721145,2.5662526981944036,C2,NA,NA
-0.03178818385594623,0.21800921840541224,4.991614372226435,C2,NA,NA
0.0019041734065887855,0.2216560478574629,4.95399555761832,C2,NA,NA
-0.014841838597978219,0.22788109275006468,3.987746143998484,C2,NA,NA
0.03268747816984779,0.23040287174471086,3.9273800341556706,C2,NA,NA
-0.051677283626079026,0.23453616123832763,4.158934658666762,C2,NA,NA
-0.034112452868661214,0.21914365381449774,4.2603076460275195,C2,NA,NA
-0.06108971162505117,0.22097027891771304,2.226818054918889,C2,NA,NA
-0.06257872270067984,0.2392953444925011,1.958238253677583,C2,NA,NA
-0.03963922991811745,0.2439026076589409,3.68870466335236,C2,NA,NA
-0.05558834901777658,0.20668751837726443,4.1955498397952224,C2,NA,NA
0.09838144104048116,0.2522878345638549,-0.8195036628779931,C2,NA,NA
-0.02931872643022029,0.2570759934111865,3.5100338537832623,C2,NA,NA
0.031453172581542524,0.21456143442446995,4.111773031781568,C2,NA,NA
-0.04557854077878425,0.22993311211539863,4.384100257216217,C2,NA,NA
-4.000152201981198e-4,0.17758581760691305,3.280013386507661,C2,NA,NA
0.019173778135957414,0.18566046268567127,3.492039432475532,C2,NA,NA
0.02850898813623373,0.20380723433572198,4.1526210522630755,C2,NA,NA
-0.07273850676058283,0.23031138528773573,2.824909055721918,C2,NA,NA
0.007932460871582739,0.19102178360846916,2.4377390522246487,C2,NA,NA
-0.02599860064273716,0.2459198479985442,3.9061157084671496,C2,NA,NA
0.009979753840642104,0.27943906309735683,1.737060837658034,C2,NA,NA
0.035423898354406,0.21350606076681428,3.9914667417454455,C2,NA,NA
0.016443577620505856,0.2549165516539801,3.3761126874486047,C2,NA,NA
0.007575011982769516,0.1826933078204787,0.2883835250546323,C2,NA,NA
-0.03031000568519201,0.24869094858953578,3.9972064098984785,C2,NA,NA
0.005371119055320582,0.23480367439786612,2.4593055808808053,C2,NA,NA
-0.015883290990728455,0.26534500537938993,2.557083112585616,C2,NA,NA
-0.034509765864701204,0.1815487050637965,3.293580607151733,C2,NA,NA
-0.01094752350029899,0.20448464033433297,5.035512505271845,C2,NA,NA
-0.037793267925200554,0.20046692865244875,4.731058983251442,C2,NA,NA
-0.005394164060470646,0.20954867801325772,5.106165157308622,C2,NA,NA
-0.09458711657328847,0.25929354586511433,1.5899794035371868,C2,NA,NA
-0.05239508350159846,0.30880410632405186,-0.6443567620666278,C2,NA,NA
-0.016424371836138537,0.20110722043483795,2.3723629342429136,C2,NA,NA
0.03542000238369662,0.17432080340196898,-0.020644661570844214,C2,NA,NA
-0.011804451794389548,0.21503056701400913,5.140289786291975,C2,NA,NA
1.8102704165885372e-4,0.2096888107344502,4.139704845609005,C2,NA,NA
-0.06891442701490152,0.2320806426741505,3.7390101419095383,C2,NA,NA
0.036537251432979916,0.21206108040139343,2.657532775194427,C2,NA,NA
-0.07053362533645348,0.21610204425606588,2.0737388010873716,C2,NA,NA
-0.03737804415404794,0.23417738055886733,3.7908323642178567,C2,NA,NA
-0.052066335272533584,0.19133405996967165,3.7069148145110256,C2,NA,NA
-0.05993975857317851,0.22101472430134564,3.493733660169167,C2,NA,NA
-0.06686377745272946,0.20965222740623357,3.86803081480878,C2,NA,NA
-0.011244052447516403,0.20492073102820707,3.7223389678294714,C2,NA,NA
-0.020938306207765274,0.19792252296783164,4.865188115038599,C2,NA,NA
-0.022798680979216605,0.21367553077253904,5.045501796557767,C2,NA,NA
-0.016321324228731057,0.25104141990167855,2.2592032226908603,C2,NA,NA
-0.03410846243803377,0.19752402362100552,4.679443968169984,C2,NA,NA
-0.014410482738035165,0.22413962325617126,4.589173458979469,C2,NA,NA
-0.01887308313560206,0.22867669109450395,4.452012352458518,C2,NA,NA
-0.04986824584079723,0.2247129037844263,4.497894162452617,C2,NA,NA
-0.0499453770249239,0.2209575016565417,3.7935878200343263,C2,NA,NA
-0.04428660190117199,0.22267466858059404,4.407093739823182,C2,NA,NA
-0.027237394848546797,0.23728040141448634,4.510464194390007,C2,NA,NA
-0.0023214225817584436,0.17841687971424905,3.205002070774925,C2,NA,NA
-0.003388712545771966,0.21973316298167275,4.99694682059141,C2,NA,NA
0.007275812742923265,0.20040696200769106,4.044952182254356,C2,NA,NA
0.023356352164446148,0.20614971438068852,3.357283672055228,C2,NA,NA
-0.04841830901866441,0.2272367131117956,4.305686530899774,C2,NA,NA
0.02540743642940585,0.25339083301982335,3.24246633361235,C2,NA,NA
-0.015769448818172285,0.20081858923917767,4.953286436855551,C2,NA,NA
-0.021558499899531017,0.21781816283785924,4.609219011249367,C2,NA,NA
-0.04131287213828278,0.2035298243969625,4.712353960822583,C2,NA,NA
0.006838962770263284,0.22012530232145472,4.589909743347091,C2,NA,NA
-0.04731203610007041,0.2130283932694871,4.708448773629241,C2,NA,NA
-0.025755892686412346,0.21893754955805642,5.065553401547542,C2,NA,NA
-0.00445657360333325,0.21597486491729762,4.602492860014566,C2,NA,NA
0.0015603429065544835,0.23687383441374404,3.6823932800749475,C2,NA,NA
0.05514771641171155,0.2711349114765623,0.97764308711632,C2,NA,NA
-0.03893810489655485,0.21161672044128443,4.1970289170800585,C2,NA,NA
-0.02082772253168995,0.21211102549065136,4.0355103224705635,C2,NA,NA
0.04888536443199873,0.25267141409982813,2.4081339304344347,C2,NA,NA
-0.013140791628785349,0.27111151394936694,1.8012620971069624,C2,NA,NA
-0.021529249901572893,0.24856849178891788,4.097026770490695,C2,NA,NA
-0.06103739170023591,0.22783617863627242,4.061158084597869,C2,NA,NA
-0.06494091438578095,0.25164994545491765,1.3877192400118101,C2,NA,NA
-0.04149892402206509,0.19370643717570124,3.769536048936894,C2,NA,NA
-0.03229379874487209,0.1905054712610296,4.184886587619354,C2,NA,NA
-0.05157375735776104,0.2165651437592166,4.046039279508994,C2,NA,NA
-0.0473703769921473,0.2181657729292805,2.72467908917972,C2,NA,NA
-0.020690602155047554,0.21517735731441923,4.8648189955928345,C2,NA,NA
-0.06265264905858478,0.2149296244544987,3.958856467066316,C2,NA,NA
0.039516570298995496,0.19003359353680752,2.840519978572186,C2,NA,NA
0.02774306580858269,0.19970509677225645,4.022493772668911,C2,NA,NA
-0.051979589636621894,0.22360063364708144,3.9372670131093424,C2,NA,NA
0.03561852830009573,0.2400059656412945,3.257538039012253,C2,NA,NA
0.05882791436624762,0.183957684088307,-0.9713354795197793,C2,NA,NA
-0.020575741970023653,0.2333731135401521,4.676500209664242,C2,NA,NA
-0.01805698048771105,0.23873470409082037,4.510313609199724,C2,NA,NA
0.03868515198554567,0.21578222783237286,3.638086245460867,C2,NA,NA
0.011259967868135415,0.20362581381455713,4.729700771435381,C2,NA,NA
-0.02184935514161461,0.20678005473388383,4.819102143359998,C2,NA,NA
0.02343798493774602,0.20824949833664838,2.9958549208358916,C2,NA,NA
0.03209442175465366,0.20646217757830387,4.0166221045499,C2,NA,NA
-0.0020849457236866847,0.205623705296793,4.951407505804211,C2,NA,NA
-0.013260404530313977,0.23775687841357435,3.786076252852441,C2,NA,NA
-0.05493936647618261,0.23515012108989497,2.212082766458812,C2,NA,NA
-0.013249285205562504,0.20149780859902255,4.513961527747176,C2,NA,NA
-0.02243513790894168,0.263345560204773,2.4837298993667165,C2,NA,NA
-0.07151273968044175,0.2435931008129022,3.147371660634774,C2,NA,NA
0.007959397030984514,0.20358524002210496,4.00825466769742,C2,NA,NA
-0.02420836096649706,0.2745288388976313,1.3645384688527913,C2,NA,NA
-0.06280979899528381,0.24251198923458658,3.0143745929406696,C2,NA,NA
-0.07862740479537457,0.20495183944134923,3.0371809912326015,C2,NA,NA
-0.018118460199225542,0.20568520224048817,3.637882613750069,C2,NA,NA
0.005528670409780695,0.21460530811362635,2.5313052580662947,C2,NA,NA
-0.021281937565442083,0.1632235181728559,1.0854446881976418,C2,NA,NA
0.018381317509345838,0.2334240755642601,4.147323849870071,C2,NA,NA
-0.05268015944311651,0.1958212433723708,3.906919600262567,C2,NA,NA
-0.0665605162242179,0.21597791165386435,3.422633139176237,C2,NA,NA
-0.033049195532530724,0.20302179685761307,4.804012987649855,C2,NA,NA
-0.010671571798795262,0.20191512942224446,4.4640524974401075,C2,NA,NA
-0.027108165702524518,0.20827689265843027,5.048088311065645,C2,NA,NA
-0.02404525016912175,0.21990865669374093,4.9414947028651195,C2,NA,NA
-0.033544344903506274,0.21491033258826636,4.973604470072102,C2,NA,NA
0.04133518079302615,0.22175732999314895,3.5249134582128847,C2,NA,NA
-0.01183408147875645,0.20187749105968902,5.0139060869257985,C2,NA,NA
-0.03379857325479948,0.17963538562302606,3.3947894891856834,C2,NA,NA
-0.026196042838541572,0.1987356243040095,4.756163926274686,C2,NA,NA
-0.010253449472307587,0.2038712812182679,5.010762311645022,C2,NA,NA
-0.05652392343225808,0.23052271725780538,4.20660374767192,C2,NA,NA
-0.013730513290551437,0.17888762688737778,2.9119357894635254,C2,NA,NA
-0.013861421581684144,0.2120468088112927,4.672590586721027,C2,NA,NA
-0.07480356495216231,0.2583549188847396,1.6350284752095279,C2,NA,NA
-0.07840039896023338,0.24006245975372018,2.0216312621715233,C2,NA,NA
-0.0016351678561258099,0.2227449082933797,4.954195822852166,C2,NA,NA
-0.003948706031886496,0.25829930452351524,3.448062435597986,C2,NA,NA
0.005281072375817195,0.2374525786973494,3.8697724300766807,C2,NA,NA
0.05079848448795714,0.21358599610152687,2.945050286817054,C2,NA,NA
-0.03879034352327332,0.20745692352491737,4.77700296968602,C2,NA,NA
0.034910055770652905,0.19174752022822605,3.3047879990997022,C2,NA,NA
-0.055999869173798345,0.18869340844915866,3.4516986106389536,C2,NA,NA
-0.01824821085607778,0.20491816534786128,4.7936525666725585,C2,NA,NA
-0.020051112560221913,0.22013352856643836,3.7258199963700376,C2,NA,NA
0.00222985715602083,0.1873922145947961,1.7110515657202812,C2,NA,NA
-0.03363835400908815,0.21694148366201643,4.820850173688097,C2,NA,NA
-0.03790889695732977,0.2016673459029405,4.47236207311702,C2,NA,NA
-0.05535150028304946,0.21670838082665994,4.453295833277835,C2,NA,NA
-0.03390328788000338,0.17196357058253392,2.24345597113874,C2,NA,NA
0.013966511230886089,0.21429747928392961,3.725571132678198,C2,NA,NA
-0.06417833632252504,0.2043761446372125,3.8885707232812123,C2,NA,NA
-0.0012095884447031978,0.21964177121778436,4.957735754211095,C2,NA,NA
-0.03040994043099749,0.22554973824709987,4.921096791687457,C2,NA,NA
-0.04530952115879623,0.20626858777456655,4.084039715104398,C2,NA,NA
0.009789355554638002,0.1871235286652287,3.873584579940052,C2,NA,NA
0.001987909454734864,0.20266327389193414,3.467703633263794,C2,NA,NA
-0.03721994618490336,0.2000416066114333,4.0293077819860255,C2,NA,NA
-0.029943676226885017,0.23987860060615523,3.061897211053753,C2,NA,NA
-0.01627044319974665,0.22706908785864655,4.0134686679818135,C2,NA,NA
-0.0036856013276903472,0.230729819078334,4.681763090015954,C2,NA,NA
-0.03359938582080489,0.23061665358956637,4.245096451155469,C2,NA,NA
-0.047326289547237846,0.21502250206241205,4.708754472195665,C2,NA,NA
0.008302330906538022,0.19125603499060198,4.310775060873316,C2,NA,NA
-0.03774011736840181,0.24712096135341005,3.572909420445245,C2,NA,NA
-0.006066369290062874,0.2303483284646277,4.803299945459607,C2,NA,NA
-0.012161410897593946,0.21676545307842301,3.8591642451871433,C2,NA,NA
-0.027897874504370156,0.20836023687808822,5.068278489244223,C2,NA,NA
-0.0654281543065899,0.23982454045919027,3.2089652149210446,C2,NA,NA
0.0057703427259699035,0.2530008734501993,3.2288692300666684,C2,NA,NA
-0.06432707259850068,0.24973418771538802,3.0801439463230755,C2,NA,NA
0.009526411055725131,0.2522927857068342,2.65934933553304,C2,NA,NA
0.00857004519315581,0.22440583766040362,2.62012837571339,C2,NA,NA
-0.04782480700868987,0.23659515661483016,4.045168452865368,C2,NA,NA
-0.06641681555630702,0.23279892544068562,3.817955074519884,C2,NA,NA
-0.031368905958368366,0.2147533813668477,4.712947604784613,C2,NA,NA
-0.02290592737109126,0.2729647997673119,1.0660414409036343,C2,NA,NA
-0.034139580542554185,0.2222227504810143,4.833141279574987,C2,NA,NA
-0.03183545041738825,0.19642346208285166,4.6104629523465315,C2,NA,NA
-0.012753398849752916,0.2137894892877314,5.1362336655138945,C2,NA,NA
0.0020000289321543477,0.26604527295226593,2.965228021621903,C2,NA,NA
-5.236640521204226e-4,0.21897327865611538,4.913702812047643,C2,NA,NA
-0.02330929413503864,0.22416750282270637,4.112397871461145,C2,NA,NA
-0.06243253285986208,0.2072796228901265,3.9616162003057234,C2,NA,NA
-0.03249235071714524,0.18447587303649432,3.679553933423346,C2,NA,NA
-0.01904431670715416,0.17567143740508612,2.166795518826229,C2,NA,NA
-0.023255539061737402,0.2193050365939493,5.026369732246161,C2,NA,NA
-0.060429471025712916,0.18035182930093305,1.257395315595888,C2,NA,NA
0.013331225803977746,0.1917509493663183,3.9749371625152983,C2,NA,NA
0.020339825219416928,0.20920698994828654,4.354846707567326,C2,NA,NA
-0.04768114779163032,0.21916947766433525,4.097655362143906,C2,NA,NA
0.013760723255982061,0.2557526611563576,3.1850334992738842,C2,NA,NA
-0.017966623356661156,0.22201397176492788,3.4099765556710144,C2,NA,NA
0.009242900625533769,0.18136535948454274,2.301805183722516,C2,NA,NA
-0.04997015555514702,0.24144058672913274,3.8218828847680677,C2,NA,NA
-0.014399512433736088,0.2203185135394707,5.016304096590968,C2,NA,NA
5.836309980872603e-4,0.24103601132864502,4.32597098912143,C2,NA,NA
0.03224378575850255,0.2378270410428856,3.476628191565382,C2,NA,NA
0.04628525704491047,0.21704596308688784,3.3983833693565715,C2,NA,NA
-0.026927972889731727,0.2257076709496214,4.539185138310564,C2,NA,NA
0.043290166410892665,0.23263800529698758,2.9211200457358855,C2,NA,NA
0.001549030636790169,0.2541877393290608,2.557093382087882,C2,NA,NA
0.01890985207507576,0.2224622741617766,4.264159510444262,C2,NA,NA
0.029853811341289657,0.23354539266768642,3.8557697149168426,C2,NA,NA
0.0020853114022983486,0.26575408998070904,2.3544827591907045,C2,NA,NA
0.0010179881055987286,0.22482931586782023,4.8833888149088995,C2,NA,NA
-0.014323576274299392,0.20175601990018388,3.916469570339176,C2,NA,NA
-0.007306332187709437,0.20037545289882935,4.965433725262752,C2,NA,NA
-0.029113958721649215,0.2606520375211474,3.370784849498512,C2,NA,NA
0.00644588937859648,0.19683459057451141,4.609755445636404,C2,NA,NA
0.005073669373586001,0.20872582299851378,4.759287948133098,C2,NA,NA
-0.08261720065236096,0.22627719238149419,1.5594470036738026,C2,NA,NA
0.007074025699289974,0.21854274853860223,4.846993584462067,C2,NA,NA
0.010001224941971055,0.1955566810807028,4.444496513530587,C2,NA,NA
0.0466993603348318,0.19489385821167035,2.26695735567261,C2,NA,NA
-0.014122585313841772,0.1782716910062772,3.295225284451713,C2,NA,NA
-0.039640834644509355,0.24789365798731072,2.953883185010264,C2,NA,NA
0.019507574733415314,0.19509208350794724,4.182400969473488,C2,NA,NA
0.010961036647638252,0.2108456096742805,4.7103097309130835,C2,NA,NA
-0.017991624908528077,0.22027364508519492,5.082762482431621,C2,NA,NA
0.017984322192496318,0.2115621490352042,4.492847868305285,C2,NA,NA
0.01383216977196675,0.25967461045050494,2.711100683144613,C2,NA,NA
-0.058555874884204884,0.23055580655354904,2.0277071227095664,C2,NA,NA
0.014267361308029091,0.22607036936811103,4.569728606966626,C2,NA,NA
-0.02879674055591947,0.19405790926080493,4.614598869090068,C2,NA,NA
2.4598359768038605e-4,0.20887602972010313,4.775604255587003,C2,NA,NA
-0.08261561040859491,0.22113106803149135,3.179827032602646,C2,NA,NA
-0.03483258221156406,0.193929006511332,4.37935370163925,C2,NA,NA
-0.004022074369554503,0.24639274289846622,3.082867232031103,C2,NA,NA
-0.028833061691926183,0.24981123125844296,3.9486483185692314,C2,NA,NA
-0.018764201969613616,0.20857246921511505,4.7908657281189955,C2,NA,NA
0.006030759764014935,0.23198513244253433,4.551534467835809,C2,NA,NA
-0.07948251358038881,0.17794576479148752,0.20906740293980364,C2,NA,NA
-0.027961918717634163,0.25594919735016436,0.681142690148572,C2,NA,NA
8.795384751126151e-4,0.23132836179744445,4.558268970337694,C2,NA,NA
-0.028530773269152404,0.19038245189528122,4.165634114395793,C2,NA,NA
-0.0025682468871274997,0.19952561416288175,4.893485702141702,C2,NA,NA
-0.07141496341168455,0.23346511410026594,3.4925823718637923,C2,NA,NA
-0.028530773269152404,0.19038245189528122,4.165634114395793,C2,NA,NA
-0.09762244291677116,0.2189037467400582,-0.0041626696946555075,C2,NA,NA
0.030781921511030954,0.2456300599438345,3.4613668928389796,C2,NA,NA
0.02848080028086822,0.2581375171613322,2.9049498149399238,C2,NA,NA
0.008397531932994683,0.24046477750588352,3.872079323791476,C2,NA,NA
0.02247432944710867,0.18956839651592206,2.0535905580046845,C2,NA,NA
0.03358074912564206,0.2773883902148398,-0.6455653482406357,C2,NA,NA
-0.005198290897279249,0.23106023804389908,4.335712072452156,C2,NA,NA
-0.006544739490433537,0.22405184654781052,4.95883218613335,C2,NA,NA
0.04303423872696171,0.23247233637327464,3.226009753119948,C2,NA,NA
0.05635524224770456,0.21365831718133468,2.8365735466225286,C2,NA,NA
-0.02295209603739472,0.22237272813329667,4.55045598276477,C2,NA,NA
-0.02022566325015412,0.23313916659925288,4.661359390475042,C2,NA,NA
0.025724457739123817,0.23985483052582612,3.3425623046891744,C2,NA,NA
-0.004415504969097806,0.23062975796717639,4.767878126521735,C2,NA,NA
0.02019993014138859,0.20110833781905976,4.330304084500509,C2,NA,NA
-2.812464935346426e-5,0.19138420760431807,3.1022721343356077,C2,NA,NA
-0.06033288218766214,0.20711926122037239,3.406858323922659,C2,NA,NA
0.008583541452135371,0.209045403420677,4.750653323371869,C2,NA,NA
0.03882858701323828,0.19171151716117346,2.232702198174738,C2,NA,NA
-0.0232324710873867,0.23890182490800782,4.476769275019054,C2,NA,NA
-0.03419451718244435,0.19980621932188694,2.328749326735631,C2,NA,NA
0.006702510533685884,0.1986362610027208,4.666445106310878,C2,NA,NA
0.0030477653178379556,0.19978037597664564,4.053608647890889,C2,NA,NA
-0.01574513057417984,0.22416253290378466,5.0139915352180315,C2,NA,NA
-0.012169814204433875,0.18763112026158188,3.2085384693300774,C2,NA,NA
-0.025216594091482292,0.17794014047513354,2.7714045411333874,C2,NA,NA
-0.07409009012249526,0.24256293664052272,2.79170076286168,C2,NA,NA
-0.004666683536995392,0.21642012261823196,4.884823284279621,C2,NA,NA
-0.05459274980458381,0.2224870463461455,4.409001687243876,C2,NA,NA
-0.011705714975051684,0.2442956311624188,4.052276836800891,C2,NA,NA
0.01864982384072951,0.2393422038390527,4.0483202120834765,C2,NA,NA
0.02125475207394984,0.1892968133986877,3.7676279877815713,C2,NA,NA
-0.020037042226896257,0.20930179316507566,5.145042721815144,C2,NA,NA
-0.0044103754404673165,0.17658547270268593,3.2286890517972777,C2,NA,NA
0.021682580050330632,0.2107113952079789,4.428972250977335,C2,NA,NA
-0.061897144122693,0.23504675444526846,3.618783199436272,C2,NA,NA
0.036099954948220714,0.17927669470341545,0.9966547460008011,C2,NA,NA
0.01146363408690046,0.24895905105132876,3.7462258211586503,C2,NA,NA
0.01610753211360863,0.20573002203037927,3.7557267953835445,C2,NA,NA
-0.008340322563877954,0.19336612683973625,4.523199591360523,C2,NA,NA
-0.0512512044478736,0.23317259966121093,3.402112634786996,C2,NA,NA
0.020844103001115496,0.21784680301339138,3.5447339929467687,C2,NA,NA
-0.037706662334375994,0.20961509744449022,4.684928577580315,C2,NA,NA
-0.0306942328513735,0.2184416505861767,4.298011824055234,C2,NA,NA
-0.04560625017411066,0.23034093313659093,3.7089317535008184,C2,NA,NA
-0.01742261468786556,0.19893621331040642,4.833288834831449,C2,NA,NA
-0.00377306653849244,0.20743669695701988,4.173646476137364,C2,NA,NA
-0.006335511287617099,0.20392846805982517,4.016563941860062,C2,NA,NA
-0.08280310896472709,0.19082781186928244,1.8814370240441045,C2,NA,NA
0.00935474170013212,0.2534487148798239,3.470086308900101,C2,NA,NA
0.02153615267741367,0.28811434966087845,0.7875175520267099,C2,NA,NA
-0.04912893470873652,0.20236189787236475,4.468890546448973,C2,NA,NA
0.02777270560758626,0.22177564745527958,1.9607365369905052,C2,NA,NA
-0.0026291571359549765,0.19489571729555794,1.983954463371005,C2,NA,NA
-0.0641188769092243,0.2504148925738941,2.9222369381036684,C2,NA,NA
0.015045440179635904,0.20452366424984755,4.651499492353381,C2,NA,NA
-0.05982414514922213,0.25856942396538307,2.7620699675741687,C2,NA,NA
-0.026126361861983926,0.2495610681948794,3.6107502924425403,C2,NA,NA
-0.003543010420488997,0.2791420248532559,2.1160728014943575,C2,NA,NA
-0.04057193298325447,0.20733092247474452,4.626648094383208,C2,NA,NA
-0.03476848863546643,0.20679851844528346,4.85440266666083,C2,NA,NA
0.013525672777225672,0.20787849594034777,4.583709855355043,C2,NA,NA
0.03225388288953797,0.2553418830808923,2.2830064474656844,C2,NA,NA
0.00522744017022175,0.1939168796788136,4.35290244970391,C2,NA,NA
-0.023982997317509212,0.20876413254467832,5.00556904628023,C2,NA,NA
-0.015427300961742397,0.18089310094765543,2.886531675153101,C2,NA,NA
-0.0014115853119688673,0.218804424420892,4.532311071681745,C2,NA,NA
-0.0018444615640350673,0.20974056265734037,4.596135598174818,C2,NA,NA
0.04397955968052191,0.2331668556667602,3.0913190040837537,C2,NA,NA
0.020008380023671137,0.20543994202222252,2.8644529907679113,C2,NA,NA
0.03306806577212409,0.23635739060535624,2.2831957177993094,C2,NA,NA
0.04672051983669289,0.20935090580032878,3.207759931388996,C2,NA,NA
0.0039011791990246,0.1629447910655947,-0.9895116469029083,C2,NA,NA
-0.020858917366172538,0.21208407254846734,5.149597382177592,C2,NA,NA
-0.04196946196656311,0.20483493681887183,4.39433531129057,C2,NA,NA
-0.026700333633330724,0.21533941911870888,4.847713609738754,C2,NA,NA
0.015349806753995162,0.2362207349282206,3.977387994766988,C2,NA,NA
0.044274165952724986,0.257816063151166,2.2554059334893757,C2,NA,NA
-0.023004438560554688,0.1823917652014158,2.49099068174855,C2,NA,NA
-0.03631266460947488,0.21993769626477808,4.735681578018803,C2,NA,NA
0.03220158343742485,0.21815479913678387,3.8931898395999527,C2,NA,NA
-7.013904388101823e-4,0.24461133263720042,3.97511196904712,C2,NA,NA
0.0353087894530848,0.2620148335752672,2.1592499831199903,C2,NA,NA
0.017955338290548208,0.220281259492025,4.502700380031248,C2,NA,NA
-0.03154608098871666,0.2873397668644489,1.5340800630973508,C2,NA,NA
0.003194927804915362,0.21518168695559248,4.264784084599505,C2,NA,NA
0.013386738557874749,0.24503138627183857,3.9660367844039768,C2,NA,NA
-0.01571092398993245,0.2258664253988331,3.836617945724141,C2,NA,NA
-0.0397103439225793,0.2339402888311588,3.272380519275704,C2,NA,NA
0.017802962726347932,0.21937226230367124,4.618994613527441,C2,NA,NA
-0.034563909378729135,0.22419123118700274,3.318323581417951,C2,NA,NA
-0.07635313116134146,0.23764989787131224,3.020653760561952,C2,NA,NA
-0.06680101362159765,0.21157352666261894,3.9502075365481084,C2,NA,NA
-0.011741901008281149,0.1688190834998637,1.2551644072370083,C2,NA,NA
0.008064107519415466,0.2382933207179029,1.9704961495385942,C2,NA,NA
-0.004304343790816536,0.2164577390699322,4.903451332802677,C2,NA,NA
0.014940100533085587,0.2097379806484727,4.682134936131122,C2,NA,NA
-0.009831228611870075,0.2319367239794369,2.8626563789049717,C2,NA,NA
0.008168643643147046,0.19786833299931414,4.358186587739313,C2,NA,NA
0.0011968915162106734,0.2237478382869703,4.872384006496048,C2,NA,NA
0.011152856420231779,0.20945393042628452,3.56606020618615,C2,NA,NA
-0.03625905350171474,0.2718825684783815,1.6319850513539023,C2,NA,NA
0.038115576273610986,0.2302841914849783,2.62372532821998,C2,NA,NA
0.04049752838957325,0.20823996022294666,3.680036331914881,C2,NA,NA
-0.012710877323400182,0.19262501064479487,3.9560462583555096,C2,NA,NA
-0.024513037186650627,0.2535649437791879,3.4288985186865086,C2,NA,NA
0.021935324166119426,0.18418336949588976,1.9122616918705089,C2,NA,NA
-0.03354048198251422,0.253847321484926,2.341259604425235,C2,NA,NA
-0.017673147007982348,0.22053087430044876,3.235627251317286,C2,NA,NA
8.036762570868758e-6,0.1969818655099585,4.692686204426783,C2,NA,NA
-0.004615090109279383,0.21666864131031335,4.907772076611179,C2,NA,NA
-0.00155988207894113,0.21485153909481797,4.785583767149273,C2,NA,NA
-0.008741171534243163,0.22026468341862088,4.5793134279570324,C2,NA,NA
-0.014597597061777424,0.20677371543907708,4.11415778859287,C2,NA,NA
-0.028075759536719723,0.24734775315452634,3.85559266093952,C2,NA,NA
0.0329139911811305,0.23684855102380015,3.4988554268310628,C2,NA,NA
-0.002310749462721244,0.18948326630578324,3.2756968825703465,C2,NA,NA
-0.07428527123880818,0.22395169855872815,1.052879522880624,C2,NA,NA
0.0026482045106869185,0.19205575278650955,1.260936710219744,C2,NA,NA
-0.043809033953129115,0.21659684827429604,3.5311047272746046,C2,NA,NA
-0.03461073557825329,0.206813665978815,4.883243382367056,C2,NA,NA
0.017183569321935634,0.2091285718596657,3.655799841059467,C2,NA,NA
0.01789286764961205,0.21358218953095,4.18237572127703,C2,NA,NA
0.006453548375953057,0.20001871234416185,3.945501625620948,C2,NA,NA
-0.028337160786310885,0.1830513160706586,3.7727993610525115,C2,NA,NA
-0.0028293619344277737,0.2110709885063557,4.995097884028502,C2,NA,NA
0.014980529943748024,0.25251901282327854,2.4979937941514376,C2,NA,NA
-0.07582596556814812,0.20330539572844683,2.8221023481335754,C2,NA,NA
-0.011225759266669652,0.23626272632432052,3.9178871810959643,C2,NA,NA
-0.044729770673190776,0.20764188612041984,4.728713977668211,C2,NA,NA
0.06868845510385153,0.21577297071292156,1.0964036109280486,C2,NA,NA
-0.017636713616217475,0.2412257885590422,4.304249010311567,C2,NA,NA
0.03425817613307003,0.24451839735983374,3.3766244617477854,C2,NA,NA
0.026386909442778064,0.20466189118735623,3.9845847728707833,C2,NA,NA
-0.02605665877725563,0.1930682638481113,4.452641295077665,C2,NA,NA
-0.030745947833417997,0.19080179040331197,4.214807458173077,C2,NA,NA
0.014769409523771808,0.24083472603627326,3.9572769134904537,C2,NA,NA
-0.022065851123902715,0.2388834598270892,3.58882429760366,C2,NA,NA
-0.07072364028505955,0.213245111718523,3.3566132704607123,C2,NA,NA
-0.028606971652328193,0.20112559533756924,4.880147290163917,C2,NA,NA
0.02022268186304759,0.2113606396948594,4.552028344072298,C2,NA,NA
-0.007781742436830136,0.21336386266051094,4.829717952055357,C2,NA,NA
-0.056159162808314594,0.18367487552192896,2.8550792598869226,C2,NA,NA
-0.059988101361044044,0.20514130193834795,2.6521744235589693,C2,NA,NA
0.045687474714500007,0.20958626161689792,0.9871845845725695,C2,NA,NA
-0.044086398426900694,0.23115583130061484,4.0947040873616585,C2,NA,NA
-0.02293537813664773,0.2172354924941684,5.11555587125858,C2,NA,NA
-0.02224034482020093,0.1878212281033352,4.120305525563959,C2,NA,NA
0.054134919473321504,0.21991341292688465,1.5481140397739295,C2,NA,NA
0.008995948079462579,0.18179521750146138,3.5517945657188816,C2,NA,NA
-0.005230714556354994,0.21807692565523723,4.52591224397798,C2,NA,NA
-0.014647377421281867,0.20497357909409722,5.087999152795927,C2,NA,NA
0.015493250860012946,0.18656447170575668,1.1002323253792379,C2,NA,NA
-0.0017816452145371017,0.17820419169645418,3.4094443037025934,C2,NA,NA
-0.05005503943223308,0.24205658713624775,3.8789845241522625,C2,NA,NA
-0.0037078442975755077,0.2458993645397972,3.8069474300592145,C2,NA,NA
0.02816575530826792,0.24108201360388967,3.733307097867314,C2,NA,NA
-0.057552566617159864,0.21161777333372406,4.348977041561568,C2,NA,NA
-0.01732585305626001,0.18443855077988297,2.6028439550651834,C2,NA,NA
-0.013850121620433253,0.22200650889858914,5.057725099569035,C2,NA,NA
0.0158579900751161,0.1855252668008994,3.2971336532644546,C2,NA,NA
-0.006137046232464319,0.24192811474950698,4.144480079525354,C2,NA,NA
0.010746372580809169,0.2406238264161575,4.010720954369129,C2,NA,NA
0.034248358258065756,0.2355766018576081,3.6029852748860796,C2,NA,NA
-0.03603023530296558,0.2519305183982008,2.6635669307688845,C2,NA,NA
0.004871283623994728,0.23670898599003748,3.397303140427101,C2,NA,NA
-0.029366434370988223,0.2196726301130257,4.685723802840141,C2,NA,NA
-0.01309380086642304,0.20011322813521903,4.9813050888900055,C2,NA,NA
-0.0353273260900672,0.19806732284471165,4.179050369023702,C2,NA,NA
-0.06442318482037199,0.23744448659953615,2.6959528426481136,C2,NA,NA
-0.04927812840284926,0.21618199046632247,2.5820010838023557,C2,NA,NA
-0.006811568373405344,0.19942753328875779,3.557200683868887,C2,NA,NA
-0.07743428370465318,0.2296507609197504,3.33976285595789,C2,NA,NA
-0.07838826715962649,0.21810813632313628,3.0912874860414195,C2,NA,NA
-0.04654411717643672,0.23218117440112598,4.287151830921058,C2,NA,NA
-0.014211379039745101,0.18985778767517686,4.145656422881151,C2,NA,NA
0.0029069620361859456,0.19936210942592164,4.764828610903527,C2,NA,NA
-0.0428702859145508,0.2579084552632168,3.369230321154557,C2,NA,NA
-0.039272458197227286,0.24518623949996693,4.082659672580991,C2,NA,NA
-0.011013535786998128,0.18671750532624604,4.22649346115519,C2,NA,NA
-0.06802187478913854,0.21757598340474357,3.9309495406085215,C2,NA,NA
-0.09443836222551642,0.2265460328355047,2.3858774763181714,C2,NA,NA
0.009226647802649403,0.18210585567330545,3.5636385296826587,C2,NA,NA
0.043129210268314636,0.2000891727935628,2.5372396798212917,C2,NA,NA
0.023609741127904923,0.2123579992944124,4.403681920262817,C2,NA,NA
0.025558912029188162,0.20348094492431276,3.9753615309296766,C2,NA,NA
0.02516396530029083,0.22034003244419142,4.088295822696329,C2,NA,NA
-0.05078905361090145,0.238749684627072,4.12914148432812,C2,NA,NA
0.010908897299138434,0.1948823823765697,4.247552989681639,C2,NA,NA
0.007908050380122695,0.174807796594912,2.723155601070017,C2,NA,NA
-0.012123567339710494,0.19278267305779248,4.676493501337257,C2,NA,NA
-0.013315814637936636,0.2291098878397283,4.417233771047475,C2,NA,NA
0.022127751443047947,0.19758949959351316,4.174493941252452,C2,NA,NA
-0.04449610731099303,0.24512872741367991,4.006286472589254,C2,NA,NA
0.028299104009230344,0.2089368012211134,3.537106676936604,C2,NA,NA
-0.045080384915531915,0.20412193202406032,3.9546134722381043,C2,NA,NA
-0.017109564606828706,0.1808513938650599,3.767579666714467,C2,NA,NA
0.03307976664557885,0.2604431397619395,1.8688845100813811,C2,NA,NA
-0.031570985666840676,0.21858889249553468,4.433411799117547,C2,NA,NA
0.032537768888214344,0.1853987050666536,2.9427477670431257,C2,NA,NA
-0.016191666544679538,0.23888644182158428,4.255759916332923,C2,NA,NA
0.010908897299138434,0.1948823823765697,4.247552989681639,C2,NA,NA
-0.048738012489743035,0.24778179670398168,3.6898565963497667,C2,NA,NA
-0.010809726095885123,0.227172552445416,4.901492373489711,C2,NA,NA
5.100572350556055e-5,0.19967219704596578,3.2020166900567792,C2,NA,NA
-0.010787569052513112,0.17802814314090915,3.4658701971085613,C2,NA,NA
-0.026787720563185097,0.2250262788037112,4.721474788021826,C2,NA,NA
-0.012378777235143867,0.22639091297374347,4.8812080077877535,C2,NA,NA
0.01109242289105826,0.2263041352125143,4.67926876745712,C2,NA,NA
-0.009159986323233428,0.21831559386389837,5.115027831514527,C2,NA,NA
-0.030032246976237346,0.22739202297174535,4.836629571958195,C2,NA,NA
-0.04537117167442124,0.21045768000189413,4.677091437282323,C2,NA,NA
0.005949401381778627,0.19346259660513734,4.2172942134921865,C2,NA,NA
-0.030287984605755318,0.2295848644074364,4.814339952245356,C2,NA,NA
-0.03866263277464292,0.23208670277125812,3.7515603915814295,C2,NA,NA
0.006543595312221359,0.2526590243545551,3.339722197484175,C2,NA,NA
-0.05075761451327997,0.22530638210378653,4.415308515728092,C2,NA,NA
-0.0224542072882215,0.2593963812936603,1.6250699097655206,C2,NA,NA
0.02222586746484436,0.19640913092565193,4.136480040941631,C2,NA,NA
0.05548695891023834,0.22206749103397938,2.577510432039802,C2,NA,NA
-0.005531341643222828,0.16153870894959035,-0.17001841448630373,C2,NA,NA
0.0011107540661524397,0.19833580451547939,4.656000715899849,C2,NA,NA
0.028824339031135494,0.22311284405978604,3.655879219433128,C2,NA,NA
0.039344700131450104,0.24450408267456394,3.1713500815670743,C2,NA,NA
0.005076269248499653,0.18741720563211545,3.9092624047990587,C2,NA,NA
-0.061891655965307414,0.19896101793106113,3.8062071786088274,C2,NA,NA
-0.07928226526941093,0.20688144521481294,2.7795441394136677,C2,NA,NA
0.00551264353094752,0.24853068734461523,3.853095555108248,C2,NA,NA
-0.05311934246924011,0.26114241345958694,2.670667643392835,C2,NA,NA
0.00196886070453409,0.1844103240735073,3.939547809038501,C2,NA,NA
-0.04826680458804472,0.25005426997957114,3.427065982001994,C2,NA,NA
-0.052651648149312,0.20176969355416505,4.322534066970791,C2,NA,NA
-0.011225759266669652,0.23626272632432052,3.9178871810959643,C2,NA,NA
0.025216799279462514,0.23905941666548483,3.7769289234318535,C2,NA,NA
-0.048372082050010694,0.21111176580211113,4.45455597099566,C2,NA,NA
0.011072607316693087,0.2073826061972664,4.250863139317708,C2,NA,NA
-0.029046910000547238,0.2400122748327578,4.109925650366758,C2,NA,NA
-0.04654411717643672,0.23218117440112598,4.287151830921058,C2,NA,NA
0.00257032886792395,0.26572758266863267,2.947497873647971,C2,NA,NA
-0.04234139167657068,0.2174869151569348,4.792192287364072,C2,NA,NA
-0.057513770569447585,0.22736996290444195,4.252230386238018,C2,NA,NA
-0.05709357116294643,0.18499804074429624,1.9412030977041081,C2,NA,NA
-0.01530930528905973,0.2211450312387196,5.084757462661196,C2,NA,NA
-0.04243819597977256,0.22231416161949258,4.561085665771776,C2,NA,NA
0.06454842848291575,0.24374795835614207,1.7500269269381796,C2,NA,NA
0.012440717169064724,0.17217650256089312,2.253632888091426,C2,NA,NA
-0.02744592373163387,0.22034157205114585,4.4809486131109715,C2,NA,NA
-0.014623950419593041,0.19753981544485905,4.47791831494568,C2,NA,NA
-0.07262712337774636,0.20133297674516934,2.959992553522661,C2,NA,NA
0.01056015490865373,0.22369346511406094,4.415452462576571,C2,NA,NA
-0.006199632032828882,0.19340343199061272,4.3628783438698875,C2,NA,NA
0.006999692754150008,0.2157207392859719,4.812781133808651,C2,NA,NA
-0.0099294608608495,0.2336140609461294,4.273351389401321,C2,NA,NA
0.010773275830233346,0.19978468709475555,4.6461798115431625,C2,NA,NA
7.414058853969282e-4,0.26328550476207596,3.1012521413997916,C2,NA,NA
0.031577906984139766,0.20497689249969808,3.6437988075512715,C2,NA,NA
0.0013944155488972813,0.24292665696119886,3.3381552724731214,C2,NA,NA
-0.03483210737477408,0.19589456395169322,4.318076851597316,C2,NA,NA
-0.010281066279725443,0.2676005357008124,2.922537997696086,C2,NA,NA
-0.022860587923813683,0.197548639096418,3.527738265543388,C2,NA,NA
0.0018116840588356074,0.2210972065066988,4.874483680965378,C2,NA,NA
-0.019210325681383082,0.18789453670971967,2.8407023912404985,C2,NA,NA
-0.0678285423299983,0.23398982995242446,3.701878902973975,C2,NA,NA
0.040978565670261535,0.26663250952625284,1.9541571148862595,C2,NA,NA
0.05133284684661846,0.23438148734628067,2.930597474163263,C2,NA,NA
0.008450811450727761,0.19746766069993868,4.588539264875779,C2,NA,NA
-0.0636821438468603,0.19180635065891294,3.250926703780781,C2,NA,NA
-0.048914198392335,0.24997402155715986,3.6887189031973477,C2,NA,NA
-0.018361288732562903,0.21965326704395632,5.10899257767819,C2,NA,NA
-0.047581028353535934,0.20688773733585075,4.324138019785248,C2,NA,NA
-0.04721922892084994,0.19409704675533768,4.175716737835041,C2,NA,NA
-0.0687663701664169,0.19545751323873573,1.9687576247047693,C2,NA,NA
-0.010580660936328215,0.20575461274395124,4.217515330212272,C2,NA,NA
-0.03109356835301901,0.22925442863378778,4.309328581784044,C2,NA,NA
-0.019366257736495578,0.22686446909876837,3.7261404982407154,C2,NA,NA
-0.019619817548012123,0.22411535887806644,4.782015291464415,C2,NA,NA
-0.036490129302894095,0.22622911811748303,4.8158523148762935,C2,NA,NA
0.021809539794575145,0.22849724876452923,4.2479414935777235,C2,NA,NA
-0.06085776786459954,0.21982410925761475,4.229345364193943,C2,NA,NA
-0.010374704878099798,0.23394377129934651,4.61980637473941,C2,NA,NA
0.005465155165294267,0.20356413394607525,4.224551826856265,C2,NA,NA
-0.01252388420272652,0.20968875136040205,4.858813312298559,C2,NA,NA
-0.08209247609364684,0.2524773674928574,1.7398224911283866,C2,NA,NA
-0.04071256653184105,0.29276438966197554,0.12729837039757808,C2,NA,NA
0.017632358260561965,0.21941395863943908,4.472529732687413,C2,NA,NA
-0.03416557037100013,0.18777403091478448,3.5754040040963684,C2,NA,NA
-0.03322370915361616,0.26087149013314986,3.3165148790657324,C2,NA,NA
-0.03265442417813363,0.19821303119560468,4.64639319825066,C2,NA,NA
-0.01724074929330817,0.2299720768143308,4.8741405076718385,C2,NA,NA
-0.030304934211355654,0.20830778345644546,4.9922461065480555,C2,NA,NA
0.044147990720548716,0.22839449566788697,3.0431428025876097,C2,NA,NA
-0.016556261848564874,0.19171376010182745,4.615352516864586,C2,NA,NA
0.02396148209840576,0.20672461372359366,3.9366856804041905,C2,NA,NA
-0.037638537644737145,0.2246458270094874,4.059348353987473,C2,NA,NA
-0.04577932338555544,0.19029533616760552,0.9627797103659566,C2,NA,NA
0.006700281017517597,0.21882051294027247,4.910434700295417,C2,NA,NA
-0.007066777012030529,0.25301324887505616,3.6343479437764925,C2,NA,NA
-0.03931944023871585,0.18965978674739253,4.0091488943979705,C2,NA,NA
-0.08704857611698441,0.24197866908611498,2.4977019840859973,C2,NA,NA
-0.0014261655656870563,0.19622450225965016,2.972874789176108,C2,NA,NA
-0.027644704692103964,0.20701718224666346,5.043403649220908,C2,NA,NA
-0.03831529574086739,0.2442505016767446,4.120327227971645,C2,NA,NA
-0.11365872449874734,0.2222122523103899,0.22186850287186966,C2,NA,NA
0.07930913802357135,0.24692603663082857,0.854697198013755,C2,NA,NA
-0.032627942344405,0.2223268954491654,4.574032218841377,C2,NA,NA
0.016725550818999898,0.1862742107170926,3.654285646968721,C2,NA,NA
-0.02207643922960957,0.20719863517280868,4.50528262911963,C2,NA,NA
-0.007505146455936154,0.23228466419503013,4.608419123476373,C2,NA,NA
-0.046934352724641394,0.21395708969943206,4.720705667327028,C2,NA,NA
-0.04317998851882148,0.2392909425212193,4.03529500403877,C2,NA,NA
-0.059041727905795094,0.1973339472724946,3.830624420551047,C2,NA,NA
-0.04150327172239507,0.22146826124525365,4.151145998833581,C2,NA,NA
-0.010296848498651985,0.20585206383951324,5.103740518937281,C2,NA,NA
0.00543313727884831,0.25407138024225484,0.803712060552666,C2,NA,NA
-0.00935577337590874,0.20432748313427945,4.760697730449367,C2,NA,NA
-0.05565982544909812,0.1737212482269424,0.34182825830910035,C2,NA,NA
-0.0611502832219085,0.226536480366738,4.010497810881429,C2,NA,NA
-0.01867717325093011,0.1999177240176585,4.468868689896894,C2,NA,NA
-0.07607907983892537,0.2069054751286708,2.5619206209761014,C2,NA,NA
-0.04390856554238278,0.21730775409305836,4.745795473257708,C2,NA,NA
-0.02937162258692525,0.22900425173118816,4.740756221767075,C2,NA,NA
0.01874784872502315,0.23879220065763487,3.932760920919711,C2,NA,NA
1.2096352699718718e-4,0.1793543715352155,3.476686142163218,C2,NA,NA
-0.041515866448621694,0.21833372013548488,4.66013357135045,C2,NA,NA
-0.11423629044950612,0.20755852434059627,-0.7139546729790445,C2,NA,NA
-0.007104280073169289,0.1830807318173824,3.855117969449303,C2,NA,NA
-0.06254574219068057,0.20654705476619603,3.9535060734302068,C2,NA,NA
-0.024107196960813648,0.1797138609126419,3.5544189045403387,C2,NA,NA
0.03487169937946036,0.21416356311097334,3.8241468754906838,C2,NA,NA
0.012944231340626049,0.3050210942391397,-0.05941375699022178,C2,NA,NA
-0.035301979705246664,0.1994819773643003,4.32627031866782,C2,NA,NA
0.01586311117074829,0.2165296930407027,4.576753196847786,C2,NA,NA
-0.026078675511078748,0.21957065155943495,4.939120621319216,C2,NA,NA
0.06633234772403013,0.23118263052534002,2.068303008287079,C2,NA,NA
-0.07157429693151295,0.2513650905039032,-0.9211181115939244,C2,NA,NA
-0.016802971297757006,0.21707571325131875,5.105342955574157,C2,NA,NA
-0.037525714771453736,0.25460953149236415,3.425800807237598,C2,NA,NA
-0.03194476467769602,0.21439090916731113,4.998954235696209,C2,NA,NA
-0.06457833768577913,0.1794159856630157,1.967350786852415,C2,NA,NA
-0.05298514856287308,0.2082298203637359,1.5153370694278983,C2,NA,NA
0.09266113629312958,0.20761516918765335,-0.6340075965650196,C2,NA,NA
0.010117946192039253,0.24481168688075342,3.6573233017998397,C2,NA,NA
-0.03898051878258023,0.21461149499630558,3.4904415281362273,C2,NA,NA
-0.020665927059670786,0.18996892826373757,4.41214441263932,C2,NA,NA
-0.07470334367999423,0.22263754766775054,3.4771291806505307,C2,NA,NA
-0.05763902358595646,0.22080032892754745,4.251236193445641,C2,NA,NA
-0.05176677672425245,0.2318357632272328,4.314138963585106,C2,NA,NA
-0.045099127203335095,0.2580523904788444,3.2123858888640355,C2,NA,NA
0.009744236610358555,0.20124778224904666,4.630995690135787,C2,NA,NA
0.03474271488325829,0.2183271267002673,3.708804098669769,C2,NA,NA
-0.010144592597500411,0.2087046752964197,4.507579807964891,C2,NA,NA
0.03642180765131751,0.19768933130456257,2.804538282371216,C2,NA,NA
-0.049046963904422244,0.19955823092583141,3.8806665921239656,C2,NA,NA
-0.04198667640943237,0.21092654637097155,4.607040266535506,C2,NA,NA
0.016079030212572495,0.19266345665199552,3.9131247622310417,C2,NA,NA
0.013737837300075955,0.23444106765603473,4.085428719353697,C2,NA,NA
-0.016424857228679285,0.22469768369764107,4.980704807783994,C2,NA,NA
-0.047925059826645904,0.21949424485513083,4.6192631731797515,C2,NA,NA
0.05035907213787879,0.24816950101322385,2.03764241061062,C2,NA,NA
-0.03757244327097152,0.26831704415512214,2.509466435661408,C2,NA,NA
-0.024639855755479306,0.175296747536412,2.843282850271284,C2,NA,NA
-0.0026759524987878657,0.19332571220041156,3.9278532126110814,C2,NA,NA
0.012673139146071034,0.19439797317230678,4.36708481815202,C2,NA,NA
-0.0034220911899387058,0.23011201207949444,4.724743743795153,C2,NA,NA
-0.025044233495859065,0.18840797155960942,2.2990398221326807,C2,NA,NA
0.0014774461947499092,0.20276092605133084,4.741525645691685,C2,NA,NA
-0.027128591440784718,0.22746559330171257,3.7197264296018626,C2,NA,NA
0.03265825350699383,0.20370695455347407,3.919214740238192,C2,NA,NA
-0.08483372158943639,0.23075056458929988,1.883167399724377,C2,NA,NA
-0.020438668416896306,0.25719443512049256,2.8520675113658345,C2,NA,NA
-0.011305165342501387,0.32014566076225887,-1.287580587736497,C2,NA,NA
-0.023912902259854433,0.204608710999803,4.558319169632196,C2,NA,NA
0.051747317825106366,0.2381600143840064,1.0172108230145391,C2,NA,NA
0.08775535033915034,0.24322879074037707,0.44471955130767293,C2,NA,NA
-0.024900714746854038,0.1982305947014212,4.78271805891476,C2,NA,NA
0.011631476884496924,0.1928471733481527,3.3669032846381044,C2,NA,NA
-0.03069579426996238,0.2228109078204253,3.9671943101177964,C2,NA,NA
0.015442416984938763,0.1953830751211734,4.333235954804431,C2,NA,NA
0.0030777940737931365,0.2006976299635088,4.540342722163354,C2,NA,NA
-0.058625345064460176,0.2245812609142471,4.028771627598074,C2,NA,NA
-0.05519816114396592,0.22620593929204585,2.866250916626581,C2,NA,NA
-0.038956726599176913,0.2527328262876363,3.678777351015861,C2,NA,NA
0.009584568107309673,0.1995706260185756,4.521265756955112,C2,NA,NA
0.008414317551410994,0.21195748864920533,4.615289125591271,C2,NA,NA
-0.07101835351733227,0.20909168525142688,2.6539041422634146,C2,NA,NA
-0.032995597846371474,0.18096414299595903,3.519140303614294,C2,NA,NA
0.006932674463952022,0.19753598123069738,4.473652641167215,C2,NA,NA
-0.011250363576412362,0.20859363415182786,5.099533480246219,C2,NA,NA
-0.024463843168688583,0.1905409452271209,4.317344557435898,C2,NA,NA
-0.061670506954501984,0.23304975978752618,3.1929197868287815,C2,NA,NA
-0.05089657000413518,0.2230742872965735,2.6708488269950457,C2,NA,NA
-0.0010986318181855528,0.1842273680622021,3.8632736591743253,C2,NA,NA
-0.01826280856876718,0.2898228968276299,1.0144306434986743,C2,NA,NA
-0.014365491278062331,0.2806662548098224,2.0684495277096557,C2,NA,NA
-0.006469885076598387,0.19502874112405036,4.739699798937904,C2,NA,NA
-0.03576890999315328,0.24320271389760945,3.453262116778054,C2,NA,NA
-0.027630033164581895,0.22140449125114264,5.023562790706298,C2,NA,NA
-0.042817652196585745,0.2446747911585192,3.8018797150723107,C2,NA,NA
-0.004806631167831183,0.2248713287957097,4.732316437291434,C2,NA,NA
-0.02291605090585811,0.24671651978687392,3.358489060719692,C2,NA,NA
0.017664293171727817,0.17933520026539085,2.718259806202872,C2,NA,NA
0.008918064900849999,0.21326204608125204,4.386323106808726,C2,NA,NA
0.03645519857710566,0.21525326237040746,3.6099385091596483,C2,NA,NA
-0.036851293802996093,0.1854226384323929,3.779996216529348,C2,NA,NA
-0.013231550564732566,0.23995802613758024,4.501944697630609,C2,NA,NA
0.008029677480773649,0.17743027837896871,3.0361241578378095,C2,NA,NA
0.020642839000415497,0.23212167531436584,4.286527569114915,C2,NA,NA
-0.025124155402401795,0.19960482596433055,3.460765774999125,C2,NA,NA
-0.010319234777472349,0.22712929860526287,4.7907175937573,C2,NA,NA
-0.03249883529793978,0.21875255928028647,3.8937182948742675,C2,NA,NA
-0.01735891602506407,0.17507607752727822,2.573905398590794,C2,NA,NA
-0.012319438730203958,0.1970025123096691,3.6271993471910338,C2,NA,NA
-0.006344327523457212,0.27087888446931213,2.4458921937342124,C2,NA,NA
-0.027349621710572876,0.24685442769320515,3.8188636516081096,C2,NA,NA
-0.036661778826484775,0.21393191517154367,4.829063675262329,C2,NA,NA
-0.003308047002312846,0.19358623993846844,4.433940287767417,C2,NA,NA
-0.005068321538691342,0.23741044903478625,4.5296885893227765,C2,NA,NA
-0.006665963015993079,0.25803726625256235,3.286687192129031,C2,NA,NA
0.025339218452840356,0.23806847602442,2.1071482444169396,C2,NA,NA
0.0313032777500187,0.23934195503974026,3.6928021075431596,C2,NA,NA
0.03904873871992083,0.23777154660011085,3.4308027919085258,C2,NA,NA
-0.05355737944919171,0.2104404145500818,4.4217580819211255,C2,NA,NA
-0.049513886918991515,0.23793912487479058,4.182360285653415,C2,NA,NA
-0.017605286813728138,0.17187783915977764,2.661825948887457,C2,NA,NA
-0.00812912565289795,0.225675204095277,4.657748802446419,C2,NA,NA
-0.015302344113291675,0.20265829422485324,5.056627753082757,C2,NA,NA
-0.04713603948037006,0.22580173638646067,3.598689472759827,C2,NA,NA
-0.047520697985920575,0.20031685539145558,3.0497697480687695,C2,NA,NA
-0.08136409784613369,0.21034263114456092,2.691233005687863,C2,NA,NA
0.010088544387982817,0.2382994765299953,4.296658619654709,C2,NA,NA
-0.021163152041258383,0.19536950948549872,4.326351082230816,C2,NA,NA
-0.02480099398436344,0.23446540195894017,4.168009019998539,C2,NA,NA
-0.007038812007061794,0.24724938527914758,2.456140522789452,C2,NA,NA
-0.025130636807439946,0.19000790400504297,4.383193387928754,C2,NA,NA
-0.03395357392951025,0.22389707667848097,4.1259139217065215,C2,NA,NA
-0.017652282735936508,0.1949063889624279,4.253626721557536,C2,NA,NA
-0.0067419978061888895,0.23036174411675045,3.7175614061984197,C2,NA,NA
-0.05987664253283154,0.19773796823054438,3.6236241149823307,C2,NA,NA
0.0464685037158703,0.22687442340303088,3.1900623973069737,C2,NA,NA
0.02204100239998078,0.2061652094607558,3.979356487999991,C2,NA,NA
-0.0022816255803270753,0.1844814785504872,3.608230911370031,C2,NA,NA
0.016733085678692142,0.20508163013211583,3.5466515021033964,C2,NA,NA
-3.960206220082344e-4,0.22325099605018406,4.871970477395081,C2,NA,NA
-0.041903579983169216,0.21064356609715365,4.2625258047898855,C2,NA,NA
-0.04422153445637306,0.2074803967432777,4.683417664035922,C2,NA,NA
0.09266113629312958,0.20761516918765335,-0.6340075965650196,C2,NA,NA
-0.014869898784355358,0.2341219163695054,4.443608995754341,C2,NA,NA
-0.030013643989936035,0.20796774958873032,3.946738386660253,C2,NA,NA
0.0028802977124422757,0.20953843000411695,4.953527163066219,C2,NA,NA
-0.021602454824283086,0.22237064981897345,4.011196405606487,C2,NA,NA
0.040123073493413,0.29977660757270597,-0.2449726911810739,C2,NA,NA
-0.046486356652785214,0.20919364039149307,2.2866835580393277,C2,NA,NA
-0.029318133108064817,0.1861997881995388,3.620765054478409,C2,NA,NA
0.06319420290350548,0.22441707994366067,2.0054176615672428,C2,NA,NA
-0.04803097167957073,0.2298792849377851,4.459941070663795,C2,NA,NA
-0.053845726345684214,0.19625082694392332,3.632826336125474,C2,NA,NA
-0.05909887675656482,0.21082058155885514,4.214313457540062,C2,NA,NA
-0.014169406493741876,0.19949242781329146,3.5597518666493464,C2,NA,NA
-0.07114264672855189,0.19635148639035016,2.484428440499876,C2,NA,NA
0.044599544109740374,0.2046067058383314,2.979346622234935,C2,NA,NA
-0.004217124364717901,0.20029963310642857,4.634761606412638,C2,NA,NA
-0.05485927605732248,0.22947031896018463,1.6805398585834679,C2,NA,NA
-0.015057100175483704,0.24731757763402032,3.969405253371672,C2,NA,NA
0.017879380175212282,0.2172221014820389,4.622596365108966,C2,NA,NA
-0.0686503100129145,0.21482818394584866,3.218492816869904,C2,NA,NA
-0.009461142574248418,0.19224612354305018,2.6726883837224014,C2,NA,NA
-0.00684171719457928,0.21993059058571657,5.054257071445036,C2,NA,NA
-0.049394650194205886,0.23024580897605743,3.698863212686317,C2,NA,NA
-0.04334912475633626,0.16058305176071225,-0.2223074603441315,C2,NA,NA
0.006140699587432838,0.23349340373766375,4.537205778389309,C2,NA,NA
-0.0788510646732937,0.19473536456578855,1.4104834937663275,C2,NA,NA
-0.01836817769738014,0.23080664413904048,4.789832884597084,C2,NA,NA
0.007698573289818322,0.26402833369050277,2.7578589307860506,C2,NA,NA
-0.011910509008683116,0.2272707135371151,4.7535688393342195,C2,NA,NA
0.023841709661273733,0.25055236095206485,3.0984718122163515,C2,NA,NA
0.009962789589482358,0.19767391431433406,3.6297017084643555,C2,NA,NA
-0.011955661402008657,0.25462780725376255,3.2993966268304193,C2,NA,NA
-0.037614510022184536,0.22875006835911138,4.701717548849618,C2,NA,NA
-0.0032770296771956337,0.21378119433645615,5.073898504873615,C2,NA,NA
3.804113529119737e-4,0.23586852813231032,4.529299770309236,C2,NA,NA
-0.013159101366876407,0.2085887405102041,4.555301953519032,C2,NA,NA
-0.029972118545973654,0.26110903738929736,2.4979346800837963,C2,NA,NA
-0.05419414655145881,0.22854334960108455,3.672503119310405,C2,NA,NA
-0.030773853755154824,0.19284077157163027,4.489067309356074,C2,NA,NA
-0.010040571718696406,0.2168256640109244,4.938264386791935,C2,NA,NA
-0.0013182248040532578,0.2621573652462524,2.9897843549482075,C2,NA,NA
0.0031638862811327884,0.23054459223389254,4.447723227200794,C2,NA,NA
-0.05748209029568699,0.19965506855036835,3.6109376816829934,C2,NA,NA
-0.038492585558008274,0.20295464102217842,4.741767379979023,C2,NA,NA
-0.029159331016413326,0.19826589099605096,4.202243845963303,C2,NA,NA
0.0060494156155416305,0.24579283651937572,1.3543348439922531,C2,NA,NA
-0.06507053276036233,0.20861847244824178,3.947953086509351,C2,NA,NA
-0.04924337019509958,0.25910910705263096,2.459851309776346,C2,NA,NA
0.073336222009805635,0.244880506628142,1.291216519304169,C2,NA,NA
-0.003636012073977603,0.20007800949726207,3.976399727487521,C2,NA,NA
-0.005715504502108785,0.1803407557558998,2.9829780693332744,C2,NA,NA
9.117808958212063e-4,0.19206019561075321,4.502611749437758,C2,NA,NA
0.017716926173630677,0.243045506098093,3.869242287400808,C2,NA,NA
0.006671951208372631,0.2730587865175388,2.360518418401914,C2,NA,NA
-0.00337942906337,0.2144014652748037,5.089062557320048,C2,NA,NA
-0.020600935113244272,0.2356618908786044,4.529855859369777,C2,NA,NA
0.023381001835240597,0.27162082258219655,2.1686127585522494,C2,NA,NA
-0.005321678254208828,0.2222571355555862,2.100465050985136,C2,NA,NA
-0.06531374102040612,0.2519017560194931,2.518413456053776,C2,NA,NA
-0.05472978430181716,0.2110121939810562,4.176798515619286,C2,NA,NA
-0.031532976947555975,0.22865621791836546,4.747651327216198,C2,NA,NA
0.004987087682490499,0.24018912366671552,3.0850637456679584,C2,NA,NA
-0.004906590336663156,0.1986502178097751,4.3693440286861005,C2,NA,NA
-0.07839872316286467,0.22526510255450885,3.1195970376585724,C2,NA,NA
0.005605285252334495,0.20723958038432658,4.8605625990260055,C2,NA,NA
-0.035790420035425305,0.25882210599048533,3.117717018003338,C2,NA,NA
-0.013280765875827168,0.2434443895188772,4.069524535962763,C2,NA,NA
-0.009247337651012277,0.2360899697942691,4.2826170065631635,C2,NA,NA
0.0018745749980781604,0.24551697278314472,4.128259547064607,C2,NA,NA
-0.022151354852831914,0.2425837949456115,2.941732580470933,C2,NA,NA
0.09154362742191208,0.23266470830720545,-0.5936656164310415,C2,NA,NA
-0.04494797376037278,0.17308924926830813,0.9280971205414552,C2,NA,NA
-0.01030480237440104,0.21194517733002435,5.002461331859655,C2,NA,NA
-0.02354150375334225,0.2078645456391266,5.112402285130304,C2,NA,NA
-0.030171932533343875,0.2450138513932088,3.033902360998367,C2,NA,NA
-0.03251963992896667,0.21257910308964528,5.000512947831842,C2,NA,NA
-0.03438337203121509,0.24196591417197266,3.232097885091138,C2,NA,NA
0.04612071919669934,0.2082878021713652,3.219030808388996,C2,NA,NA
0.01344530889987628,0.19354075790785785,4.293734119057964,C2,NA,NA
-7.158858740900359e-4,0.19708386794186103,4.751590665347029,C2,NA,NA
-0.05156970556028145,0.2005181455286188,4.2677037277878185,C2,NA,NA
-0.01601206396399247,0.1902159902283641,3.9216041027517385,C2,NA,NA
-0.0057785175909137974,0.1938905746688407,2.612144429391222,C2,NA,NA
0.007253861785130429,0.18483857758563552,2.837799219228896,C2,NA,NA
-0.0036164790089941237,0.22762482360041014,3.819393705121684,C2,NA,NA
0.02531992623950631,0.243011973558164,3.7497341228080963,C2,NA,NA
-0.01203904534974578,0.1956657359554152,3.4878958017501223,C2,NA,NA
-0.035230440930781884,0.22676758867139932,3.9369657741230797,C2,NA,NA
-0.003291111115330028,0.21059409820002847,4.804270798450625,C2,NA,NA
-0.032995597846371474,0.18096414299595903,3.519140303614294,C2,NA,NA
-0.027809134185341873,0.2628597264188605,2.847693032069141,C2,NA,NA
-0.01927486521786579,0.20397435066905767,4.685592439347998,C2,NA,NA
-0.0010929885802547779,0.22060012325907655,5.0032311842024795,C2,NA,NA
0.01644883024858532,0.21406759773500564,4.291936696745951,C2,NA,NA
-0.09301785449237068,0.22682309974457557,1.2703844042668013,C2,NA,NA
-0.031977951692648575,0.22442099673029142,4.745159175479654,C2,NA,NA
-0.06166907804420192,0.19674320852536503,3.293271381774763,C2,NA,NA
-0.06635858913136371,0.22777725810201133,3.5776231594739523,C2,NA,NA
-0.0019268437640737601,0.2528367347943972,3.673790759586089,C2,NA,NA
0.06126945798032282,0.22568694417843205,2.335711577944478,C2,NA,NA
-0.019614997571317655,0.2245145995824237,3.867675327266691,C2,NA,NA
-0.08052007375475415,0.2038722264873522,2.4880201809504445,C2,NA,NA
-0.009893701147504383,0.20348153869338853,4.0166612021609955,C2,NA,NA
0.009814369683803325,0.1913624681505931,3.554642590997909,C2,NA,NA
-0.033333303300463114,0.20415236471161127,2.602711852997645,C2,NA,NA
-0.05893536979091261,0.1971588071184951,3.7025750227499237,C2,NA,NA
-0.015019409882001435,0.21568324477296355,4.202965084071504,C2,NA,NA
-0.008495327149863206,0.23263594573552426,4.651434801373502,C2,NA,NA
0.011552319702750037,0.19924901931018088,4.51402641041978,C2,NA,NA
-0.04505123540397,0.2515442259333864,2.0703830766397004,C2,NA,NA
-0.03721623376527386,0.1995353902274022,4.277225236872529,C2,NA,NA
0.005030881408676512,0.22810812602915245,4.730479634353975,C2,NA,NA
-0.008760290394433337,0.2149883896675261,4.604159047722022,C2,NA,NA
0.010420225882627122,0.2084296176423846,4.809745313597389,C2,NA,NA
-0.01655977226902871,0.20829406292203134,4.247238349626668,C2,NA,NA
-0.07072237465745512,0.2212712605645155,3.393369095156527,C2,NA,NA
-0.025069299803876562,0.24394600702526809,4.226280731897172,C2,NA,NA
-0.02678494310029612,0.23991849176335386,4.261245172043743,C2,NA,NA
0.04192726482780054,0.21344248062076,3.1352804579100755,C2,NA,NA
0.005631213320585648,0.19781579725134352,4.447145296931253,C2,NA,NA
0.029961029669117522,0.25613728315258366,2.4963992722876607,C2,NA,NA
0.019691826400917448,0.2601703347447645,1.6934811916031216,C2,NA,NA
-0.05856636694180747,0.23604540475901642,-0.8262304432925497,C2,NA,NA
-0.024038975749791986,0.2087099419751069,4.824399158118479,C2,NA,NA
-0.02188516125675781,0.19743484877695822,4.529974556662341,C2,NA,NA
-0.01717319826690762,0.19564574953861144,4.775975889216719,C2,NA,NA
-0.037977692351624306,0.19962577187866082,4.68041519332593,C2,NA,NA
-0.02984028316802895,0.2319998094596062,4.555358532284789,C2,NA,NA
-0.020502701807588272,0.2253531571487506,4.311058374000944,C2,NA,NA
0.0109875030031727,0.2677563075768901,2.727917000765189,C2,NA,NA
-0.09163111670467954,0.20890949787517232,1.2043140938443604,C2,NA,NA
0.016457501149026787,0.2010936349160255,4.522408986163631,C2,NA,NA
-0.03117827279661175,0.24135598511050904,4.1643952291613875,C2,NA,NA
-0.0304849758750255,0.20378034196921846,4.96074239774312,C2,NA,NA
0.020929893249884743,0.20061845095471095,3.8996438519495435,C2,NA,NA
-0.025630990355329644,0.23343525012880142,4.712866424608168,C2,NA,NA
0.019058884413505645,0.21319028519005911,4.3569570792462455,C2,NA,NA
-0.029142994300263153,0.313614226406338,-0.5755316585400035,C2,NA,NA
-0.009927636342403713,0.22672090900948716,4.735471926073428,C2,NA,NA
-0.0017289566463342884,0.22592040875380093,4.90326488748214,C2,NA,NA
-0.01942200553684264,0.19684013358266947,4.621946474290647,C2,NA,NA
0.01858531939507791,0.16564772319938048,0.8707418872476094,C2,NA,NA
-0.044352420064704134,0.1926504941395672,3.9014933226144852,C2,NA,NA
0.006697691971349772,0.20829919046258538,4.647106020919964,C2,NA,NA
0.050115851292650636,0.20235391385848156,2.7542530743322917,C2,NA,NA
0.02749407846677682,0.2012862250635433,-0.034015766150619964,C2,NA,NA
-0.08644331918969964,0.19790205092251928,2.190147277568387,C2,NA,NA
0.02067125738806322,0.18259559713198753,3.2219342992505497,C2,NA,NA
0.029938133724543247,0.2514288693719715,2.0141010291751256,C2,NA,NA
-0.011591949629309707,0.18318814597102387,3.859670747433925,C2,NA,NA
-0.04020147017945916,0.20278590589343193,3.7894306429217646,C2,NA,NA
-0.011432228327000759,0.2339284859126027,4.7461337511122705,C2,NA,NA
0.03766855029914568,0.23458511606712754,3.0899548851146954,C2,NA,NA
-0.06307986604156428,0.22471903691131348,4.0446392010615755,C2,NA,NA
-0.04459309770885448,0.21199108061793012,4.768489209901679,C2,NA,NA
-0.013377330536619401,0.20341159283976773,5.0623961769237,C2,NA,NA
-0.010349331520911997,0.17982766417534501,3.611431451020663,C2,NA,NA
0.005867514616332765,0.22244512428580476,4.826016838063699,C2,NA,NA
-0.07244382084697426,0.19436984131799975,2.8381011776399925,C2,NA,NA
0.026480980482745456,0.18352145233606523,2.492212507750697,C2,NA,NA
0.030688300979906696,0.23462443342502357,3.374139677957988,C2,NA,NA
-0.010897164292453704,0.1591776262814748,0.259880043971759,C2,NA,NA
-0.04877670964817955,0.22139938616634797,4.319895947056751,C2,NA,NA
-0.09075715866890713,0.20455354857629598,2.281581007983258,C2,NA,NA
0.015292035501975155,0.23945548960608903,4.0890207975295585,C2,NA,NA
-0.010081364583133034,0.21340026364568224,4.963687817778388,C2,NA,NA
-0.059754812500078525,0.21172949841230093,3.509897077042802,C2,NA,NA
0.0035029263213214243,0.19710389377517876,4.710846905721327,C2,NA,NA
-0.016926143873303642,0.21621061078990603,5.133621015334777,C2,NA,NA
-0.009142695969949939,0.21331932607091267,4.830851895426534,C2,NA,NA
-0.010187056181833808,0.24136182384256866,4.440476620862757,C2,NA,NA
5.832805948624981e-4,0.19659205905304056,4.441522292410195,C2,NA,NA
0.020151149322350285,0.21279511646927207,4.3938828443478455,C2,NA,NA
-0.034106219855280284,0.18178557128279454,3.556033099906018,C2,NA,NA
-0.018390393209258622,0.278647548741336,1.8390705801229137,C2,NA,NA
0.006519678409878153,0.21527730572064008,4.879774277268439,C2,NA,NA
0.060825155734679684,0.23144856302990935,2.068044275428029,C2,NA,NA
-0.05336033829067112,0.22508403883341757,4.4318756205257115,C2,NA,NA
-0.07149254695409281,0.2641560103560491,2.014230958959723,C2,NA,NA
-0.006941658125128176,0.19771775763917443,4.808796967296347,C2,NA,NA
-0.021463379829131598,0.2237184394332863,4.9917391944943095,C2,NA,NA
-0.003074116949723614,0.21301372019680515,5.03882457217011,C2,NA,NA
-0.001485176171981727,0.24150767940719411,3.8928437854081066,C2,NA,NA
-0.02344532069476354,0.1989768862702721,4.448987953680051,C2,NA,NA
-0.01356571585330319,0.22928337760000875,3.4488121951796162,C2,NA,NA
-0.026066719709527418,0.21752674653579285,4.2308639783535895,C2,NA,NA
0.0378707854545322,0.24724313720956353,3.0108496186217044,C2,NA,NA
0.019444038185645433,0.2111861397478895,4.5180536112021255,C2,NA,NA
0.028351013982195864,0.21746589012564044,3.6526542664615644,C2,NA,NA
-0.043233410076183816,0.21231347778902154,4.399840257389298,C2,NA,NA
-0.06206230376387975,0.19478210161563492,2.9698392958368456,C2,NA,NA
-0.0020437135042533344,0.2253355020224114,4.8920819571814285,C2,NA,NA
0.003579586707548119,0.2187394786276896,4.826274139507442,C2,NA,NA
0.004277194919651277,0.2691436895664687,-0.9040049992952207,C2,NA,NA
0.0017864854688824962,0.2021920206406052,4.898775118301415,C2,NA,NA
0.02084175422294842,0.23501410435283018,4.158952648743734,C2,NA,NA
0.026662134307692008,0.19769355570671943,3.971257281612887,C2,NA,NA
-0.029428771804624998,0.2088170721446304,3.8787618162651216,C2,NA,NA
0.013960453159745763,0.22184087606884056,4.526794100504747,C2,NA,NA
-0.004767983189605057,0.22307280582583563,4.8691379290198515,C2,NA,NA
-0.006357584584118809,0.22078223656687063,3.6875099911464604,C2,NA,NA
-0.0013986227192756308,0.21701627565114093,3.0758390295894102,C2,NA,NA
-0.033020966087318644,0.23233543977787324,4.7049677920089374,C2,NA,NA
-0.03376009847849526,0.22671327113523268,4.572534450551972,C2,NA,NA
-0.06634739976567713,0.21456055380791894,3.8753042976984178,C2,NA,NA
-0.040874583943425184,0.15921019732044556,-0.8180861858149164,C2,NA,NA
-0.026999658740547796,0.2098652813372538,5.025964621098447,C2,NA,NA
-0.06729637387177412,0.18594306490710732,2.377569854537687,C2,NA,NA
0.009840104866432891,0.20270520771108708,4.737316735083947,C2,NA,NA
-0.07576526936184588,0.21036676899294676,3.4584748190889054,C2,NA,NA
-0.023304794878940195,0.25117637144209565,3.8547563240332323,C2,NA,NA
0.03519914736433144,0.23237600013931242,3.4300884394033693,C2,NA,NA
-0.01566864092523538,0.22437816736740884,4.9735154307333955,C2,NA,NA
-0.0019268622131474941,0.25913352089602526,2.99685328759125,C2,NA,NA
0.026025375294163516,0.25440862748683357,3.0902725056630413,C2,NA,NA
-0.0010296834680170557,0.2009572274841155,4.857250419336814,C2,NA,NA
-0.05388070228090315,0.23160833873928285,3.0281232942752303,C2,NA,NA
-0.07384770546685626,0.2648931796835025,2.177678956462594,C2,NA,NA
-0.031888338706225615,0.19960358284722785,4.62161638562029,C2,NA,NA
-0.03143838568998193,0.19725523251411722,4.742234639864485,C2,NA,NA
-0.026294097632526797,0.17458393867643876,2.942872122387807,C2,NA,NA
-0.07960863624309082,0.19706347388391385,2.3974471064293215,C2,NA,NA
-0.017008285474839742,0.20348819094897536,4.963875577874989,C2,NA,NA
-0.10129201206476926,0.2438148088431742,-1.4961200170158184,C2,NA,NA
0.00469937524390893,0.2036866625854718,4.8812520534911394,C2,NA,NA
0.009137283008636303,0.18608057375779616,3.7141280757708346,C2,NA,NA
0.014717560590789491,0.21624639142374172,4.014161790843037,C2,NA,NA
-0.039426589076759444,0.26402796013901786,2.816061986277777,C2,NA,NA
0.024097238343862237,0.2106314391600153,3.9044408350312643,C2,NA,NA
-0.003944923031043873,0.20233882786292867,4.969127551414188,C2,NA,NA
-0.013091464451831063,0.19713355747400005,3.9444066162979756,C2,NA,NA
0.039255259297696826,0.22462998978984888,3.753948292418722,C2,NA,NA
-0.015345187925990877,0.1960603738595171,4.73502851444456,C2,NA,NA
-0.04546710278336666,0.21279548841579005,3.955691216217439,C2,NA,NA
-0.018940233914338956,0.20942646292640252,4.755795684344001,C2,NA,NA
-0.028526783516864385,0.2257634528023561,4.892364832666653,C2,NA,NA
0.02264046134448615,0.23458915613918607,3.1092330943141144,C2,NA,NA
-0.020327148374982524,0.24348682015243422,4.323726859829522,C2,NA,NA
0.004173946325782057,0.21154894414360909,4.374616672870962,C2,NA,NA
0.028686255307664024,0.20689243948813943,3.5881731175565137,C2,NA,NA
-0.024802054370006658,0.20383835422265154,4.917941429251254,C2,NA,NA
-0.021948877413255907,0.2229946730159612,4.679566509483917,C2,NA,NA
-0.05519065863875743,0.23443743236438666,4.158006424018932,C2,NA,NA
-0.04227252212418441,0.2617264493626302,3.117195696170971,C2,NA,NA
0.008530685990153598,0.23865052426239652,2.9019131656572283,C2,NA,NA
0.0540955277549732,0.23334622322821152,2.5418102673745087,C2,NA,NA
0.006068338647360073,0.22528840029997926,3.9915799077437137,C2,NA,NA
-0.039616132942078275,0.24316225740160707,4.170119850799482,C2,NA,NA
-0.008532398059290392,0.22749064367557856,4.935249389361665,C2,NA,NA
0.002205140960156129,0.20545614719663546,3.437848374780483,C2,NA,NA
-0.007159656945531858,0.2217330621160715,5.007270567736075,C2,NA,NA
0.037993464288715126,0.21309629124574683,3.8024867060903342,C2,NA,NA
-0.013357791395452635,0.21452683501329683,4.906824224065348,C2,NA,NA
-0.05291401120274526,0.2132646023207099,4.506013554199624,C2,NA,NA
0.021467294301011956,0.2103530652754863,3.9522164145866365,C2,NA,NA
-0.01747194656735385,0.24143318486981424,4.4543515257429505,C2,NA,NA
-0.014174917636363932,0.24309755100624722,3.7268543380808135,C2,NA,NA
0.03722585069497977,0.21300806890760055,3.567376692610757,C2,NA,NA
-0.0019159308567184442,0.21493744465690967,4.720111963275373,C2,NA,NA
0.04959566976342066,0.2562463142772041,2.2021645813147437,C2,NA,NA
0.048222770868959694,0.24263437375748262,2.8049665642800745,C2,NA,NA
-0.0077945317410501435,0.20961395027019505,3.790166979929746,C2,NA,NA
0.014093666979173615,0.22882044700470908,4.523950489706962,C2,NA,NA
-0.0033790680156309,0.23419943267121246,4.680995682025252,C2,NA,NA
-0.004448171049707329,0.2207001958560585,5.009018640896173,C2,NA,NA
0.005940223295700745,0.19284759910770224,4.434216920786534,C2,NA,NA
-0.009482420476721064,0.21426760736537992,4.615007936584258,C2,NA,NA
-0.008657937731410149,0.2208026429491325,4.408049368768975,C2,NA,NA
-0.06767128114272333,0.19597598181455,3.196942887219647,C2,NA,NA
-0.01584280602168674,0.2058942469407453,3.0702707656353696,C2,NA,NA
-0.03648220636314137,0.25220646103791555,3.74370492320579,C2,NA,NA
-0.012902953282892959,0.20833791308202992,4.420109891179191,C2,NA,NA
-0.04636952999950074,0.19851521359076335,3.777114771407513,C2,NA,NA
-0.015055121929018795,0.2142895304097435,5.149608263920957,C2,NA,NA
-0.01253837078614029,0.23616866614779758,3.792998057035979,C2,NA,NA
-0.0692862322835405,0.19162929220980635,2.456527917633418,C2,NA,NA
-0.015065791456577157,0.3125704015386417,-1.867129181399646,C2,NA,NA
0.01853766011719485,0.19956572787195617,4.3105797018378755,C2,NA,NA
-0.005701377505296243,0.22858551286985693,4.045617004745434,C2,NA,NA
-0.08832407604373894,0.2530686371602548,2.1061741860939387,C2,NA,NA
-0.05536480969727447,0.21363862302047892,4.382724616021459,C2,NA,NA
-0.058632125617418526,0.18515626864803447,1.603072176300222,C2,NA,NA
-0.021011917858374345,0.21503388764392622,5.138208634320839,C2,NA,NA
0.009213062913524826,0.20312009871903036,2.2688202839820097,C2,NA,NA
-0.004979036997121574,0.18874340463163647,4.36884273068466,C2,NA,NA
0.029532286372335695,0.24084570792192928,3.681261112103686,C2,NA,NA
0.0116400261180813,0.2365459613226202,3.852104586265789,C2,NA,NA
-0.03762239969056859,0.18792746838387508,4.069012257054164,C2,NA,NA
-0.015108473225349934,0.22540235489083735,4.928820753757699,C2,NA,NA
-0.039349910140996855,0.22676016717535857,4.711378633828402,C2,NA,NA
0.008206696393060101,0.22958469336676918,4.244194290538452,C2,NA,NA
0.012412875286011402,0.22592136542186333,4.510987098255967,C2,NA,NA
0.03131985088087514,0.2842388144014939,0.9294862037900002,C2,NA,NA
0.05234023739463464,0.25303973933588625,1.9646278309619456,C2,NA,NA
-0.017008285474839742,0.20348819094897536,4.963875577874989,C2,NA,NA
-0.026574112528664356,0.219330168176098,4.25322055010393,C2,NA,NA
0.042393598610835456,0.2347544193082236,3.291355215705928,C2,NA,NA
0.008658626524486627,0.2562250439979079,3.4534923031318034,C2,NA,NA
0.03226497648205124,0.24007239519587584,3.5428514767283583,C2,NA,NA
-0.01126983995850112,0.24065939660180335,2.7450676886124517,C2,NA,NA
-0.008966203534199003,0.2002355888609334,4.876630623409499,C2,NA,NA
-0.022104149241483573,0.23444663756238504,4.618686494697103,C2,NA,NA
0.0027563169464320434,0.18216439407658974,3.418190450824075,C2,NA,NA
-0.018490661803696823,0.198376194879914,4.876433320359292,C2,NA,NA
-0.011512905834483039,0.2377475808613211,4.522763965361935,C2,NA,NA
-0.027321463227224934,0.2218491202737251,4.503630169191165,C2,NA,NA
4.469546640220937e-6,0.22435605352754986,4.244945794427865,C2,NA,NA
-0.031724991246304124,0.22730102625479562,4.848035529845467,C2,NA,NA
-0.0031428257174548023,0.21436797138651942,4.963500313139955,C2,NA,NA
-0.011794793551005375,0.22372278451852157,5.02354338283148,C2,NA,NA
-0.08285678814071704,0.24903883053828765,2.2677883943590142,C2,NA,NA
-0.03502770875865807,0.21167893592134351,4.735176148517137,C2,NA,NA
-0.04404204966929727,0.23386148578655483,4.030408150731926,C2,NA,NA
-0.01876070813011186,0.21468610946489688,5.122739262134126,C2,NA,NA
0.004996859393934867,0.20446136282179522,4.7338307081174245,C2,NA,NA
-0.033883309900048744,0.2259690873084597,4.625496270251718,C2,NA,NA
-0.00934053095749713,0.24882711476581565,3.9832436405374563,C2,NA,NA
-0.004556021655426526,0.21471762132612282,4.125803850887859,C2,NA,NA
-0.037935761413385054,0.22725783146605139,4.491371400511463,C2,NA,NA
0.05844134175944293,0.19399587883049127,1.9090317281117115,C2,NA,NA
0.008216318090107661,0.2156248037775174,4.908279043975534,C2,NA,NA
0.012611239941126336,0.18733717179322695,2.6197532281171623,C2,NA,NA
-0.015516751793506887,0.19164113724494186,4.611126602256148,C2,NA,NA
0.0016821248984216983,0.20985393973383681,4.300660380676833,C2,NA,NA
-0.01680307884024895,0.22806612372596102,4.6954738550301585,C2,NA,NA
0.031793858880820806,0.18603521018894262,2.899098088460552,C2,NA,NA
0.06149271927670154,0.231819164872334,1.4507620235003191,C2,NA,NA
-0.013807289040806841,0.21069923246746503,5.093518709943933,C2,NA,NA
-0.010740814665165428,0.22210296994301065,4.975331809520945,C2,NA,NA
-0.046979082110002415,0.2036381201221769,4.4054653166800595,C2,NA,NA
0.010626228039926043,0.2135550100735078,4.626171891112752,C2,NA,NA
0.05864988167404618,0.2163807517759373,2.5559574568880654,C2,NA,NA
-0.053214192822003986,0.25819961699472227,3.1564952069507335,C2,NA,NA
-0.03190955499027569,0.2312946810476775,4.751631351271749,C2,NA,NA
-0.03851079277711262,0.24378583037903373,4.0514659490572695,C2,NA,NA
-0.02773534615777429,0.21143101333263206,4.351386293500424,C2,NA,NA
-0.01247151235432601,0.2358112021952759,3.959142407342499,C2,NA,NA
-0.02727579944968493,0.20688881545811016,4.279583244263213,C2,NA,NA
-0.017568655689178602,0.21560433075116886,4.760147593552702,C2,NA,NA
-0.03496783297509548,0.16904769771537403,1.9032634608642622,C2,NA,NA
-0.017028331508400076,0.1996944047445565,4.71252030701142,C2,NA,NA
-0.030039833989303977,0.24961921994499597,-1.813691148698725,C2,NA,NA
-0.0433422402933478,0.23486828473442517,4.1907450296608015,C2,NA,NA
-0.0020950754208430324,0.2243074143402549,4.363599148457153,C2,NA,NA
0.01737311103607147,0.22023470290926617,4.594402566483838,C2,NA,NA
-0.04837269812596775,0.20664863000092132,4.4984908904691085,C2,NA,NA
-0.07236755427368927,0.2314915511998666,3.4118220682575706,C2,NA,NA
-0.022843920910744345,0.2105187396051074,5.1335313237538,C2,NA,NA
-0.019521106516958216,0.21432013210059508,5.114009000889858,C2,NA,NA
-0.015303324926512195,0.2278199010023093,4.936249718720059,C2,NA,NA
0.012079390563841563,0.25994866717729936,2.294185660072654,C2,NA,NA
0.0024608853939595814,0.21166049984782737,4.149420954410249,C2,NA,NA
-0.021759075616271512,0.20263312281116638,4.777243587557096,C2,NA,NA
-0.03189005335226048,0.2584648510965234,1.480911655107196,C2,NA,NA
-0.03619553770843343,0.23689120650477777,4.441900207638151,C2,NA,NA
0.0188542595348445,0.22532725292631103,4.470556075948213,C2,NA,NA
-0.026433800425251217,0.2193078885707654,4.219152528903312,C2,NA,NA
-0.016802969797423233,0.22832206951238318,4.578483627089421,C2,NA,NA
0.03163103706767943,0.19628265845390191,3.727792038248138,C2,NA,NA
-0.02979788418493151,0.18324820920716167,3.2516104136740696,C2,NA,NA
0.02981169955553867,0.23066114468894566,2.667099745286333,C2,NA,NA
-0.03627427265567984,0.1728947405512154,1.7136895974418906,C2,NA,NA
-0.020940582327689087,0.2172403448801834,4.940110140665738,C2,NA,NA
-0.0179731572854822,0.23013291806440309,4.248297262909061,C2,NA,NA
-0.03203547821779631,0.20594954419624562,3.396133513706234,C2,NA,NA
-0.027307523377399452,0.22783765222584418,4.891956591838467,C2,NA,NA
0.014186436340048656,0.2523842925838723,3.410227196469915,C2,NA,NA
-0.007554259058995479,0.20535849606405868,4.61080609937834,C2,NA,NA
-0.017020124133171412,0.20886714944701557,4.979621704729763,C2,NA,NA
-0.04445637981577734,0.25817991245781485,3.3353950460456163,C2,NA,NA
-7.310925007347874e-4,0.22525629626005694,4.867584651211546,C2,NA,NA
-0.07888933384231571,0.23947092501524386,1.8819159858030785,C2,NA,NA
-0.02221635937754332,0.17853341409503395,-0.1799335828447317,C2,NA,NA
-0.06262028598762202,0.23568278412105573,3.8550634544490427,C2,NA,NA
-0.016725509803338836,0.22310286142172664,2.9095273738632947,C2,NA,NA
-0.030563344764196726,0.20635557414018085,3.9828493645401974,C2,NA,NA
0.05085251385782605,0.25007091901664924,2.4587711517784885,C2,NA,NA
0.028616149284637682,0.1859271120798373,2.534114105719934,C2,NA,NA
-0.017294719758946704,0.2621597765696219,3.0667654047639474,C2,NA,NA
0.025906537702443458,0.22439503599951982,4.270520995384885,C2,NA,NA
0.006398993110958607,0.23625282343238738,4.403996814310269,C2,NA,NA
0.074541635677511,0.23233208554645848,0.5342682305055813,C2,NA,NA
-0.07459113925560341,0.20541196326993336,3.114429757046395,C2,NA,NA
-0.03302860118219009,0.2677327667201019,2.7180794214975106,C2,NA,NA
-0.0699080045741464,0.26051901603324606,2.5120226848124583,C2,NA,NA
1.07071160253637e-4,0.22152199007352802,2.9492863083130496,C2,NA,NA
0.029960785592821476,0.2263225067167844,4.118896462388626,C2,NA,NA
-0.032200426947561575,0.23100257469690944,4.744818180808241,C2,NA,NA
9.954035812701264e-4,0.2058370545373991,4.093350919787451,C2,NA,NA
0.0014014589652623175,0.24391073470367616,4.141348141159028,C2,NA,NA
-0.008502363754619225,0.23804794471090793,4.092233427228922,C2,NA,NA
-0.014158006080170676,0.23013442871435447,4.875855989748251,C2,NA,NA
0.03370470639434352,0.21739181419612816,3.9917279092511384,C2,NA,NA
-0.03546533878822297,0.19715423426836692,2.752542899153249,C2,NA,NA
0.020263641500841686,0.21597661773552432,4.281741374643421,C2,NA,NA
0.029205738701316056,0.26650746366281014,1.987475204806148,C2,NA,NA
-0.05280671160271331,0.2555868141620663,2.150064971720378,C2,NA,NA
-0.009136369194356158,0.17110868539320484,1.9299771341830647,C2,NA,NA
0.031204937235553294,0.18722644299518293,1.9888552111853421,C2,NA,NA
0.007724450538703326,0.2033972058741974,4.7392800598264415,C2,NA,NA
0.0393977154153893,0.2011884693517357,3.2493155343571543,C2,NA,NA
-0.017644990767140642,0.20640211527777924,5.057492430341794,C2,NA,NA
0.04270837098814369,0.22309885527932022,3.3575989632438015,C2,NA,NA
0.022258936179333264,0.20132904666182952,4.105760689561898,C2,NA,NA
0.01418215203646205,0.23680986969560797,4.278935529909662,C2,NA,NA
-0.004161549241370988,0.22402744745546418,3.6942092092336085,C2,NA,NA
0.02235218098182807,0.212474374939692,3.6818597552489383,C2,NA,NA
-0.0676784038156187,0.1994980630379598,2.664362865849386,C2,NA,NA
-0.028572460888574194,0.22153187031506388,5.00992239113041,C2,NA,NA
5.643765838962973e-4,0.19789091630162198,4.714851654044452,C2,NA,NA
-0.027251715370299894,0.20609160415549188,3.26438140778501,C2,NA,NA
0.011328882447869039,0.21457590319089684,2.73078403420029,C2,NA,NA
-0.04427413313582409,0.21344533429725887,4.578923645587449,C2,NA,NA
0.01282907877320802,0.2266992659456964,4.5290102997783315,C2,NA,NA
-0.04951765385188946,0.20666047767394707,2.9835578895035444,C2,NA,NA
-0.00832602754895737,0.2008978617172122,4.868581156714232,C2,NA,NA
-0.032859741154280635,0.16967145003027986,1.3320341947501824,C2,NA,NA
0.043249463494577006,0.23956984913410528,2.950447872032838,C2,NA,NA
-0.04959584170265755,0.2611463172980619,3.0394877295561735,C2,NA,NA
0.019589063779857502,0.20985373572559432,4.583398281097523,C2,NA,NA
-0.063928918621884,0.18663649653070563,2.376521729851273,C2,NA,NA
0.018361115873301692,0.22163720538083076,4.257355252416044,C2,NA,NA
0.006151009537097267,0.20318907276597692,4.847833155202136,C2,NA,NA
-0.020286997663945826,0.21136484745304632,5.1546328552794165,C2,NA,NA
-0.035775731243687166,0.21201444249079282,4.885703134493653,C2,NA,NA
0.020662405308254396,0.21782994703397085,4.343947785239448,C2,NA,NA
-0.024342755519397435,0.2201258531855187,5.0548597231085175,C2,NA,NA
-0.017437472387998084,0.23275276438958772,4.778530985662982,C2,NA,NA
-0.030633581734705494,0.23588577094424695,4.241506853706216,C2,NA,NA
-0.03273178223574172,0.21127459386092984,3.449550849081089,C2,NA,NA
-0.05480154423551586,0.30532581431960754,-0.14497541410818737,C2,NA,NA
-0.06135596885485745,0.19132709983059815,3.1206593098880844,C2,NA,NA
-0.07862413625152968,0.21400094764481084,2.917754392982569,C2,NA,NA
-0.02156423611516006,0.18121121907463217,3.765718728690561,C2,NA,NA
-0.05186379756805422,0.20573789091498737,4.117047493472711,C2,NA,NA
0.05007644981558891,0.21563849477182542,1.8949193328600016,C2,NA,NA
0.009639625728591577,0.23843466993734017,3.1145662325677477,C2,NA,NA
4.5360255245689013e-4,0.20389596306490543,4.765242065355547,C2,NA,NA
-0.039824977096476394,0.190384281733596,4.06817226988437,C2,NA,NA
-0.038188387021811446,0.20054242465357722,4.723002965325032,C2,NA,NA
-0.09711012583577792,0.3265979451431479,-2.8891565991637593,C2,NA,NA
-0.008309840286056993,0.20998172379680463,3.563296840008374,C2,NA,NA
-0.0074479225064862445,0.2418839950709907,2.985426162737738,C2,NA,NA
-0.01795220830291711,0.2001415657225082,4.6176433532526495,C2,NA,NA
-0.019358585865259438,0.20268311907787473,4.680382089845355,C2,NA,NA
-0.011075951432473634,0.2728097442185865,2.556662721060197,C2,NA,NA
-0.019883802965397893,0.21609218834842917,4.867833339803551,C2,NA,NA
-0.020435194942818556,0.20306236734749783,4.7430559640284695,C2,NA,NA
0.016966063729772312,0.23594283545838782,4.23811659944196,C2,NA,NA
-0.04925761448862909,0.20905417004666718,3.313063893524672,C2,NA,NA
-0.03190967086675943,0.22190811155029574,4.960625238951211,C2,NA,NA
0.08413923382782876,0.2461443316867452,-0.14631000532380067,C2,NA,NA
-0.04296769167454047,0.22726049667768677,4.628029909299567,C2,NA,NA
0.04127012406037264,0.21790445909573503,3.4603331437007836,C2,NA,NA
-0.06593054308749322,0.23218707261049643,3.6274246881086167,C2,NA,NA
-0.0025558470248321016,0.17907854153150213,3.5167778440730784,C2,NA,NA
-0.006652142176088872,0.17625814487381516,3.2291699598904025,C2,NA,NA
0.010734966122304826,0.23186380646471733,4.495747682635045,C2,NA,NA
0.025542947251702898,0.24245142032257697,3.4384934866435932,C2,NA,NA
0.015571575050186847,0.2227851982124897,4.086368833130139,C2,NA,NA
-0.016724892396886612,0.2274481678478515,4.9603810976077405,C2,NA,NA
-0.0047008181593908935,0.23085122176989537,4.579425150096556,C2,NA,NA
-0.025282223878012294,0.2024987344450542,4.0565399360808865,C2,NA,NA
-0.03820040946689463,0.2051747040137456,4.806729105216037,C2,NA,NA
-0.03051051474621185,0.1923558290637052,4.325843326451843,C2,NA,NA
0.0031086313126066183,0.20496523716362638,4.944499138235061,C2,NA,NA
0.008295358443046654,0.23497728155921266,4.337079424886177,C2,NA,NA
0.008861734884741589,0.20241563916228855,4.761515333888465,C2,NA,NA
-0.01966067242034761,0.29133585387510796,0.6839733865354234,C2,NA,NA
-0.05826802152016831,0.2142685436527053,3.673339319358629,C2,NA,NA
-0.02784135843446918,0.21711546848911517,5.071277457887085,C2,NA,NA
-0.06448819582505012,0.1945792896221582,3.4179986986414597,C2,NA,NA
0.013455885282607516,0.2258557240657958,4.461312922685234,C2,NA,NA
0.00943837759718469,0.2557541084960765,3.1021813981169473,C2,NA,NA
0.005152616522085053,0.22332831124613542,3.3653747203630795,C2,NA,NA
-0.05457815323837398,0.250415638334567,2.7063011707340574,C2,NA,NA
-0.009517857021032864,0.22383915773371682,4.900045981986857,C2,NA,NA
0.02948781776489265,0.22629980684776646,4.013212346602959,C2,NA,NA
0.022806934528891397,0.21315817555207286,4.401917804331058,C2,NA,NA
-0.009569681216862287,0.22496770584143555,5.004102701763877,C2,NA,NA
0.01328881126346084,0.19915168475809436,4.556571882397606,C2,NA,NA
-0.019835259953486107,0.1913198888280712,4.549621976873638,C2,NA,NA
-0.03227673541206945,0.2093856957901533,4.84251533017247,C2,NA,NA
0.00840902589371607,0.22420771401924358,4.01517195150908,C2,NA,NA
-0.04243911701357292,0.22997551306874564,4.579458535537161,C2,NA,NA
0.024994366332684585,0.22804975732695,3.6923981818614426,C2,NA,NA
-0.03977701096489057,0.1896641495519888,4.073507538647252,C2,NA,NA
0.06198095535492615,0.22414436190183687,2.3927731215957535,C2,NA,NA
-0.02214574138839023,0.1916169275819608,4.508883397444544,C2,NA,NA
-0.07048650374738516,0.2259428266005485,3.2781079133545576,C2,NA,NA
0.023579959488180244,0.2106671417511459,4.241331897185331,C2,NA,NA
0.03803429205767303,0.25902637215086366,2.387004314517524,C2,NA,NA
-0.016272432299200276,0.18412388097890542,3.9516354501227102,C2,NA,NA
-0.0034466310406141183,0.2400361767093873,2.932481090970465,C2,NA,NA
-0.08511953463338182,0.23766940807989967,2.629221115438191,C2,NA,NA
-0.09337173602584983,0.22467870149688318,2.4380643820758876,C2,NA,NA
0.02812206544981857,0.21836570429817276,4.299113561535776,C2,NA,NA
-0.08246786966539399,0.24594143996135517,2.2473788219899506,C2,NA,NA
-0.024070053736400962,0.22947619319476917,4.877220580824799,C2,NA,NA
0.0024847161588148446,0.21153249435320925,4.9240987099598446,C2,NA,NA
-0.030772219474398385,0.21920452339731183,4.960549739777196,C2,NA,NA
-0.09843053304664365,0.25738444389147874,1.4462815556825985,C2,NA,NA
0.004254677064801704,0.17022490370225757,2.2260846080462704,C2,NA,NA
0.026024571515176058,0.19065474614449657,3.6585676889067416,C2,NA,NA
-0.02896958109276376,0.173414941045282,2.724770648035812,C2,NA,NA
0.05075237209091844,0.21379387065955188,1.624176135122473,C2,NA,NA
-0.02666673294633668,0.21787649539296078,4.518390361838078,C2,NA,NA
-0.06616218607127297,0.2571425397584627,1.8807875059267283,C2,NA,NA
-0.017789928484600738,0.2587941242732892,2.8281033863105716,C2,NA,NA
-0.1069362676037896,0.2921895300701347,-2.798202001913734,C2,NA,NA
-0.023656724652865672,0.21545541559728498,5.130933100868875,C2,NA,NA
-0.03965853020010401,0.18816977988460343,3.839664023146569,C2,NA,NA
-0.04711112245535047,0.154576068984108,-2.06258077552386,C2,NA,NA
0.011818007812565815,0.2601087760697387,3.1816303405121746,C2,NA,NA
0.023991204967074888,0.2049402348648482,3.5025371797883986,C2,NA,NA
-0.06692861032569837,0.19256752641605523,3.084496753030068,C2,NA,NA
0.010386371626923303,0.21348935108023787,4.85850691281869,C2,NA,NA
-0.032505608402820074,0.22654242620820605,4.862045979491402,C2,NA,NA
-0.035402601040854104,0.22821898683138167,4.635554233107003,C2,NA,NA
0.028106260242117365,0.22600256347139472,4.197790374290102,C2,NA,NA
-0.08246793945395095,0.1859592454272676,1.3393291738426587,C2,NA,NA
0.04918304006886062,0.22208071761197348,3.049247055887763,C2,NA,NA
-0.03188790367110804,0.22031679461649323,4.957403172054117,C2,NA,NA
-0.004318766957454086,0.25802954620053487,3.525632445344319,C2,NA,NA
-0.017494319784463336,0.18834791363823905,4.262695998326843,C2,NA,NA
-0.0647384500772219,0.22423120989293363,4.0458381756355415,C2,NA,NA
0.026672627844360468,0.22438977293259765,4.208642948835327,C2,NA,NA
-0.007001992153617147,0.1859974318830399,4.187667016635592,C2,NA,NA
-0.05017084215723754,0.23978826136308165,4.08919875371827,C2,NA,NA
-0.06636499650423591,0.19806314538980163,3.5325908876115193,C2,NA,NA
0.0014319838530979052,0.2502831579343223,2.522056111531826,C2,NA,NA
-0.012650388753157485,0.2354217578076836,4.602883911794224,C2,NA,NA
-0.023086100511226317,0.1836197703794446,3.976853816304698,C2,NA,NA
0.03615106424685279,0.22445659579949195,3.9070620289449445,C2,NA,NA
4.3556167723549956e-4,0.2609111613389691,3.1537223026754893,C2,NA,NA
-0.03132558712711318,0.22226062756650564,4.726859591452274,C2,NA,NA
-0.023364634482873466,0.21887526891517958,4.8940493698306025,C2,NA,NA
-0.03881610915493596,0.25004972520368435,3.5088887772076265,C2,NA,NA
0.00194561485131799,0.18668757811841996,4.138685429144707,C2,NA,NA
-0.06225953146630718,0.17482604985199987,0.8018745666135438,C2,NA,NA
2.6931264766713657e-4,0.2617393771706913,2.1954354698572183,C2,NA,NA
0.022847826345996636,0.2174578457051427,3.7679921783305734,C2,NA,NA
-0.038985778881347494,0.23257164256190493,4.436945428078323,C2,NA,NA
-0.04111189578760134,0.18289452428702388,3.450341454543935,C2,NA,NA
0.030738180470627062,0.2431536184718651,3.2478470229187995,C2,NA,NA
-0.026650974681822592,0.24436701456980345,4.284045196835105,C2,NA,NA
-0.02460601290214916,0.22921548550812915,4.778558015115753,C2,NA,NA
0.05527490552684258,0.21103979127625014,2.027863971170086,C2,NA,NA
-0.004484605104330661,0.18400278398674286,3.439577160878655,C2,NA,NA
-0.0047061405249508685,0.21844198414291552,5.08215240939335,C2,NA,NA
-0.023434937119567872,0.20301345639415808,5.029345964041217,C2,NA,NA
0.015485850628941152,0.21037902400497205,4.710449769683709,C2,NA,NA
-0.013007961879195274,0.2060671714487876,5.051515875559704,C2,NA,NA
0.00446861251127359,0.25188203510995605,3.081581349145422,C2,NA,NA
-0.05720460132555392,0.1909223415029634,3.0530517143994573,C2,NA,NA
0.014457406206204941,0.22601373608374745,4.59380817079885,C2,NA,NA
-0.003381742634588524,0.18745934669229666,4.160370925744514,C2,NA,NA
-0.02972228715720414,0.21611560938221674,3.01552945871079,C2,NA,NA
-0.03289007539085474,0.18548763991531328,0.43095524768370463,C2,NA,NA
-0.06186960457389584,0.23186060920669305,4.015780115876775,C2,NA,NA
-0.04317018536408433,0.21757376839234205,4.538957835670697,C2,NA,NA
0.019601213382095868,0.19719414304342237,3.2975879269713153,C2,NA,NA
-0.01119907686876186,0.22591258113551183,4.0559582354316825,C2,NA,NA
-0.034066641097706116,0.26011940362418895,3.332249657325433,C2,NA,NA
-0.03609560270795721,0.22012111299698434,4.912868082604516,C2,NA,NA
0.004610137901900305,0.21746339952276486,3.2211323173054245,C2,NA,NA
-0.023388145814688954,0.1891227072792988,4.24728940752815,C2,NA,NA
-0.042433171859780294,0.19511033657747767,3.975037232328381,C2,NA,NA
-2.8254242305013333e-4,0.205412504647821,4.287972998006577,C2,NA,NA
0.008532096718306403,0.2520484287869247,3.63187360996213,C2,NA,NA
0.01979262225584147,0.19781571679243934,3.120187092630783,C2,NA,NA
0.011430230714168717,0.22370710737495028,3.926972858758364,C2,NA,NA
0.02276598789892085,0.22490993659606706,4.360906365236463,C2,NA,NA
-0.004583151516082434,0.17698915707260948,3.2890200986716644,C2,NA,NA
-0.008670097482418334,0.23100148823911865,4.792369786868413,C2,NA,NA
-0.07004503923734294,0.22563412690506973,3.750590162898792,C2,NA,NA
-0.02709656082240093,0.21871459257822085,4.212031974536616,C2,NA,NA
-0.02221635937754332,0.17853341409503395,-0.1799335828447317,C2,NA,NA
0.03495018525068837,0.2247102316524097,3.2615785817464342,C2,NA,NA
-0.008954852185039566,0.19170734091951874,4.604262962933809,C2,NA,NA
-0.036483424139541726,0.2290575251224668,4.017623683918179,C2,NA,NA
-0.02052276541431302,0.2145320049377408,4.770504508509443,C2,NA,NA
-0.033027333018060996,0.22743945899227486,4.640375000383859,C2,NA,NA
-0.07095247757342123,0.23894131248686043,2.4598042114227696,C2,NA,NA
0.04134427553140717,0.19038746515063715,2.829426283579053,C2,NA,NA
-0.05325593132985599,0.22151365590446004,4.416261858994179,C2,NA,NA
-8.58576337402996e-4,0.2244936389255102,4.757601735772088,C2,NA,NA
-0.04518677594832348,0.2138137351477554,4.662005139742723,C2,NA,NA
0.02635879944196093,0.235028635870195,4.01678369656413,C2,NA,NA
-0.020722872556452714,0.19580181251568654,3.9084823337363943,C2,NA,NA
-0.004065557374465196,0.21162531723170513,4.973440859108205,C2,NA,NA
0.02398589892844164,0.226743543852221,3.4281256737510497,C2,NA,NA
-0.001845527185141724,0.20636590723275974,5.00115947929671,C2,NA,NA
-0.021662292896634818,0.21452171075776058,4.27796326883673,C2,NA,NA
0.017769754882898496,0.20859130907583767,4.4177193766778995,C2,NA,NA
0.003296137051100455,0.2031728900684598,4.578628123323941,C2,NA,NA
-0.07136147710537864,0.24091258798293852,2.7145269067709386,C2,NA,NA
0.014570846155626831,0.24134154334183855,3.8626509601691223,C2,NA,NA
-0.038837393140849046,0.19024158298847044,3.703584108501283,C2,NA,NA
-0.02195180952077142,0.22750024765067892,4.044452101437612,C2,NA,NA
0.01587109504478236,0.25661868520416653,3.301506639157721,C2,NA,NA
-0.045924057820007254,0.23838881084879027,0.9164906370089185,C2,NA,NA
0.019666813995970367,0.2484592726569637,-0.7696089625303635,C2,NA,NA
-0.04087394887305936,0.19612048018796885,4.231842675166987,C2,NA,NA
-0.08599183895745989,0.2375363060236023,1.0788100978240367,C2,NA,NA
0.025871173581558982,0.19672130248793082,4.010633948110264,C2,NA,NA
-0.05013831627248933,0.23566509240805414,4.130850935194812,C2,NA,NA
-0.0319744002247313,0.2314396969895326,4.745163657865389,C2,NA,NA
0.01660372470539612,0.2049041325957139,4.1963859518664854,C2,NA,NA
0.010146297176666288,0.2028002028367906,4.7097982496826125,C2,NA,NA
0.010082498156003233,0.20328222542375757,4.417201107371806,C2,NA,NA
-0.0196546154436437,0.19903595191088408,3.4805087063285796,C2,NA,NA
0.01784685531033765,0.21067231141114817,4.549768495138624,C2,NA,NA
-0.041774805471137495,0.18205169227286272,3.4231165528213285,C2,NA,NA
-0.07751631128679132,0.22553328353723429,3.0197447512743483,C2,NA,NA
0.030045053953923817,0.19434531807849406,1.9547956990493454,C2,NA,NA
-0.022672203302803017,0.19509338756944267,4.7600086443198055,C2,NA,NA
0.02789825663625951,0.22733006568728567,3.9857101653414073,C2,NA,NA
-0.042936148231729816,0.22729412702425478,3.1423713700825457,C2,NA,NA
-0.051789393088443283,0.20228400709257255,3.8553672469295304,C2,NA,NA
0.025090721271578437,0.21318500653280748,4.403490696125935,C2,NA,NA
0.042607971848894026,0.22911723254445485,3.2059009323677095,C2,NA,NA
-0.04167078553760095,0.20800769216013273,4.7556222683428935,C2,NA,NA
0.008800362669585473,0.2120501108089083,2.8273286760614176,C2,NA,NA
-0.012243560610033394,0.22441972065392682,3.7363273595949726,C2,NA,NA
-0.03986133470598703,0.22145142465954631,4.283712524869552,C2,NA,NA
0.02133472499947346,0.2154106179521827,4.504275203230431,C2,NA,NA
-0.03210767850916875,0.22240135731274957,4.5186906963977584,C2,NA,NA
0.007632359382100478,0.18797533955160028,3.1959578788767447,C2,NA,NA
-0.03257302246234757,0.20565481973561972,4.43482053508221,C2,NA,NA
-0.051294029006367495,0.21113983864178107,4.569645988392467,C2,NA,NA
-0.05372042545143244,0.23499510582603805,4.071462989994726,C2,NA,NA
0.034848735605137245,0.2098560228872627,3.9791495143542064,C2,NA,NA
0.05657501662186935,0.20697478242914813,2.5528886631738033,C2,NA,NA
-0.025788839466898725,0.21224239521787608,5.110827632549338,C2,NA,NA
-0.0259692125051193,0.25658498926773793,3.226523874371336,C2,NA,NA
-0.011946310914466535,0.20780858218363496,5.012989525590002,C2,NA,NA
-0.02702511569649292,0.25767816488768314,3.5557517131993874,C2,NA,NA
-0.03136663151359334,0.28267890244835386,1.8235060608414324,C2,NA,NA
-0.011172023173293709,0.21798393639049873,4.600331009139101,C2,NA,NA
-0.004617655102853762,0.21544662910755544,5.097249658803326,C2,NA,NA
-0.048564610824270146,0.22728747496571985,4.510497833834553,C2,NA,NA
-0.014459987357020702,0.22380735463378956,4.678682027312665,C2,NA,NA
-0.06450499916649281,0.23000809326960567,3.3886495401977466,C2,NA,NA
-0.06708516755134572,0.22090068343683028,3.88177644801592,C2,NA,NA
-0.01585170617901027,0.21132265794630403,4.965513645275057,C2,NA,NA
0.015419051699332113,0.20223756329162462,4.357483493361119,C2,NA,NA
-0.058246547244010606,0.2481427678356155,2.4847124974931845,C2,NA,NA
-0.0027656650318472822,0.24139311917712075,4.383162886245611,C2,NA,NA
-0.04279121082322446,0.19205305916346702,4.117085649319497,C2,NA,NA
-3.836710638474017e-4,0.231035830036454,4.756522471778338,C2,NA,NA
0.0028104572599210766,0.2296450342920593,4.753517616209926,C2,NA,NA
0.018232956921674447,0.19231730195129543,4.0708425397457,C2,NA,NA
-0.031071510316774215,0.23362023623895625,4.6744150121481765,C2,NA,NA
-8.201935073566535e-5,0.20024869002389212,3.078828654160867,C2,NA,NA
-0.03619573251522491,0.2066473875652279,4.891776813801079,C2,NA,NA
-0.037035328937917444,0.22948007297942247,4.657045807209377,C2,NA,NA
-0.022963498934719186,0.21833677341679808,5.074256265657006,C2,NA,NA
-0.004745430911156496,0.203928001598437,2.424556112873819,C2,NA,NA
0.022367643271291093,0.2439623901025738,3.1765403396697147,C2,NA,NA
-0.0022104280448129662,0.21614979171086238,5.047780830630774,C2,NA,NA
-0.014213240123280324,0.24560727657482145,4.18591650269639,C2,NA,NA
0.02035665860304755,0.22722107258031654,4.424247232292316,C2,NA,NA
0.018748771135083598,0.23681575671555066,3.903727545604251,C2,NA,NA
-0.04597242341157165,0.21361893510264773,4.290685811267858,C2,NA,NA
-0.02967743140905834,0.21677758608222442,5.0138559821607025,C2,NA,NA
0.03240993608194085,0.18723060933264063,2.432827492525153,C2,NA,NA
-0.004632465245293701,0.21027069643151652,5.0899062471036665,C2,NA,NA
0.0015820954231959942,0.25199804237374673,3.7875821192042243,C2,NA,NA
-0.028833005173922472,0.23604693916593925,3.5358539963190374,C2,NA,NA
-0.027218828394289657,0.22862754178179176,4.783198494093153,C2,NA,NA
-0.00668427054282712,0.20724062875056232,4.732385836253214,C2,NA,NA
-0.07654198631687634,0.16875999316496826,-0.5838580685930539,C2,NA,NA
-0.04033225007955203,0.20133975063171825,4.6313663456801155,C2,NA,NA
-0.031996921347641816,0.21404217702111203,4.873879741617538,C2,NA,NA
-0.036555449047123274,0.2324599197229514,3.8196391529460856,C2,NA,NA
-0.006089661612349013,0.24073650508918878,4.328709421078121,C2,NA,NA
0.017148708454820014,0.22167749943864554,4.570702010339275,C2,NA,NA
0.032921310055079304,0.20710149709303644,3.509113447761383,C2,NA,NA
-0.0030437576611060946,0.20509222701903845,4.991985267417205,C2,NA,NA
-0.03518851848767375,0.1807091265755674,2.564230907129777,C2,NA,NA
3.0666067384316556e-4,0.19602259435999453,4.5378577143217615,C2,NA,NA
-0.056187964891091784,0.22135263806123198,4.280441724153525,C2,NA,NA
-0.07631360564560932,0.20215521778335932,3.0722460770566142,C2,NA,NA
0.01782679286909305,0.22426710893323012,4.419517547350654,C2,NA,NA
-0.02632008597119063,0.2146287306187119,4.9464734168710995,C2,NA,NA
-0.0139155030980076,0.21874548200614585,4.3337945909976785,C2,NA,NA
-0.0035093802784313807,0.20494861312340468,5.00677946912844,C2,NA,NA
-0.031218755941161382,0.2424275595191895,4.001671132938987,C2,NA,NA
-0.04498510732217276,0.24184450694267123,4.049889133784573,C2,NA,NA
-0.013741564103311853,0.20898356554862316,5.118726383194387,C2,NA,NA
-0.05268677303455474,0.23640066663166506,4.141720883226648,C2,NA,NA
-0.0208053239048311,0.19506486915445942,4.759269407597088,C2,NA,NA
-0.03387881517745529,0.23210271041436542,4.697734398458508,C2,NA,NA
-0.06986201306655275,0.21491529020765754,3.7750722558277876,C2,NA,NA
5.463729640933224e-4,0.20474243388107286,4.824685652265069,C2,NA,NA
0.028576534486272454,0.2754458529327187,1.585149434685543,C2,NA,NA
6.621853022821048e-4,0.22274358037390746,4.790216333810838,C2,NA,NA
0.015215094122250458,0.28775299032043444,0.28114460001012676,C2,NA,NA
-0.028077073991522684,0.20329745307809846,4.812201579367281,C2,NA,NA
0.030367916918414322,0.23230664585996869,1.9821042812259075,C2,NA,NA
0.0388019154329431,0.1995362211967214,3.496160726661027,C2,NA,NA
0.020373290460577592,0.26506520689027246,2.0887554351135376,C2,NA,NA
-0.06754960803405297,0.20161756482683563,3.6146411504570004,C2,NA,NA
0.0054399896637085075,0.17586662411170773,1.0819233373092714,C2,NA,NA
7.927513760707678e-4,0.24477694760281565,1.2634213070793203,C2,NA,NA
-0.09580363404677814,0.2638985988169796,1.110680542817657,C2,NA,NA
-0.03660950997595411,0.20125419273860246,4.485574981815391,C2,NA,NA
-0.019888995529308846,0.21273435572221783,5.0990832011772165,C2,NA,NA
-0.026052490520871642,0.21240696218042837,4.412008729267607,C2,NA,NA
-0.021478125762128028,0.22395349398669034,5.03042176030506,C2,NA,NA
-0.021958884652446446,0.2189934688398119,3.2893996323780077,C2,NA,NA
0.013814353176224016,0.19429827852746323,4.12846175059083,C2,NA,NA
-0.014949525533367477,0.1950877925794331,4.389679520624544,C2,NA,NA
-0.05645798364537995,0.2166281562356686,4.415538387641066,C2,NA,NA
0.024459346689377416,0.2165718162416434,4.11496058289746,C2,NA,NA
0.04961621385772735,0.24378845122158824,2.2943255932350652,C2,NA,NA
-0.01219014998356362,0.20577198966225801,5.044116903888966,C2,NA,NA
-0.02327591910254421,0.22264365911999834,3.9056243437505413,C2,NA,NA
0.02474046790897989,0.20296212301279837,3.62976857174812,C2,NA,NA
-0.03374308085371157,0.23527943240953497,4.585934131031122,C2,NA,NA
0.015618833437582092,0.26545870339157596,2.705487347983094,C2,NA,NA
0.0011694494147555384,0.2033857561954689,4.9452507000522665,C2,NA,NA
-0.06890449727223244,0.18818874565677768,2.394736771917501,C2,NA,NA
-0.05460426295200812,0.17578097539178703,2.0498888238527373,C2,NA,NA
-0.024000346081635395,0.19842442768909088,4.861242346771409,C2,NA,NA
0.019758073025550646,0.18843871413692015,3.6142493757237633,C2,NA,NA
0.004366753544075452,0.21779484436048868,4.960070702469295,C2,NA,NA
0.017385256012142095,0.21148040063970575,2.6321863992170145,C2,NA,NA
-0.0018651594452742375,0.2113858270257561,4.935884791972257,C2,NA,NA
-0.03962544205675374,0.1946770472662893,4.273767375301343,C2,NA,NA
0.04127696593514222,0.2502695832069985,2.5408118193688125,C2,NA,NA
-0.009784075565400504,0.23885350149875367,0.2115130090223667,C2,NA,NA
-0.030519541919303284,0.27448008971821286,1.8807545097762217,C2,NA,NA
0.02627138783711242,0.25139496961601226,2.872368878679466,C2,NA,NA
-0.04730642877636745,0.21570142071164158,4.711978553296554,C2,NA,NA
-0.010937516326929499,0.1925776990912795,4.548441926530719,C2,NA,NA
-0.02643128517804153,0.1798417508298879,2.764712623753182,C2,NA,NA
-0.013601148196518722,0.22387133672443982,4.882087517919639,C2,NA,NA
-0.04636560010150332,0.21540253936820628,4.223793350098611,C2,NA,NA
-0.022965611714747973,0.19234617684987104,3.562584112202752,C2,NA,NA
-0.01649466148005327,0.19473755825901787,4.689020620821618,C2,NA,NA
-0.03418221977367992,0.21190759635067366,2.6237069533186945,C2,NA,NA
-0.004671808387106704,0.2128665462538431,5.104129699282748,C2,NA,NA
0.006990391962007816,0.22544306599893355,4.741925519711951,C2,NA,NA
-0.031996921347641816,0.21404217702111203,4.873879741617538,C2,NA,NA
-0.025393525400484764,0.2205724052552634,5.062440012879825,C2,NA,NA
-0.009802444070945177,0.23348945617529535,4.128896776734257,C2,NA,NA
-0.024947233400866117,0.21210795640031868,5.127906045150207,C2,NA,NA
-0.04277213324512989,0.21710875604743943,3.7894037087126438,C2,NA,NA
-0.012592204012224838,0.23087803915201388,4.343918620172255,C2,NA,NA
0.0316057611653608,0.19929891844989905,3.256389578352285,C2,NA,NA
0.032212218999588975,0.20709981863562596,3.937565306416759,C2,NA,NA
-0.018111503447454193,0.20619469363928597,5.0819880874336585,C2,NA,NA
-0.04576120222485111,0.21266194878686392,3.569073520588163,C2,NA,NA
0.020100711063315624,0.20613042861324266,4.492890592609664,C2,NA,NA
0.018172563546789727,0.184111481770641,3.3068290180604327,C2,NA,NA
0.01330651109501938,0.19535921378246812,4.37326036284782,C2,NA,NA
-0.017392710458340736,0.19231704361648974,3.8351195690960944,C2,NA,NA
-0.060267280407102886,0.21515125696280968,4.104258308220313,C2,NA,NA
-0.07036842625859488,0.19761601837851783,3.2729285903122074,C2,NA,NA
0.020829339191460357,0.190120339764278,3.680357041765024,C2,NA,NA
-0.002018797175043302,0.24100577311018323,2.0589504321679564,C2,NA,NA
4.3258771160564324e-4,0.21013729057110125,5.007402801452861,C2,NA,NA
-0.09322671135012918,0.20637766689023004,1.86120614573049,C2,NA,NA
-0.019692946394880485,0.23417447223570653,2.0838724318583175,C2,NA,NA
-0.04534196511937294,0.179916745541165,1.3015638377176764,C2,NA,NA
-0.03247371915826228,0.23867975814180226,1.757865083291493,C2,NA,NA
-0.018913578591625853,0.2085222820411236,5.1335916410783975,C2,NA,NA
-0.01833866791677046,0.20474474693504957,2.192983576669817,C2,NA,NA
-0.0025485529359192682,0.22227777634170398,4.26346580998375,C2,NA,NA
-0.04497873894828605,0.21898271667859992,4.674130861853829,C2,NA,NA
-0.03664938305560395,0.22442556440716194,4.814377850684332,C2,NA,NA
0.0035344224110618397,0.2694853167383592,2.6791458592422086,C2,NA,NA
-0.023801099571003414,0.22508562416585676,4.805483861797818,C2,NA,NA
-0.0539161514726485,0.24234576156521892,3.597527159524011,C2,NA,NA
0.013725105673761156,0.24156842864275696,2.436728801029474,C2,NA,NA
-0.035324390327068016,0.181654223950183,3.4918847946631937,C2,NA,NA
-0.03226969028229332,0.23845578022219996,4.480317821391448,C2,NA,NA
-0.013964775281528324,0.1790977069245811,3.452082265222371,C2,NA,NA
-0.04982647116714316,0.20100422685457658,4.381686741635738,C2,NA,NA
-0.05347624076422837,0.22093651036254938,4.491128061199808,C2,NA,NA
-0.02261253533299388,0.23672604574157238,4.074465713709584,C2,NA,NA
-0.02844853001887473,0.1883448689059848,4.056834267027696,C2,NA,NA
6.9937097568884e-4,0.17656567867888556,3.134209315230624,C2,NA,NA
-0.0028042822015605096,0.19348141633536925,4.604175265963915,C2,NA,NA
0.01013956690433316,0.18473048036019307,3.6775707233263164,C2,NA,NA
-0.022630335829049705,0.2709678894784311,-2.0093753192403807,C2,NA,NA
0.0174462491021255,0.23772800806837313,3.7338350659063306,C2,NA,NA
-0.049678948806468934,0.2013436353564801,4.302782980646427,C2,NA,NA
-0.02246670009849007,0.21678367014915023,4.465903606744295,C2,NA,NA
0.02109463316218763,0.21108192378475515,4.549081644919081,C2,NA,NA
-0.0020168664019625405,0.22811730153462437,4.859688925671957,C2,NA,NA
-0.017880966926304885,0.214946977897856,4.808263202596073,C2,NA,NA
-0.007727600423172491,0.21886191320120996,3.707672451925564,C2,NA,NA
-0.019996028378644795,0.214115332853847,5.1456474476494964,C2,NA,NA
0.00538253400338156,0.2094636299080839,4.954878026506711,C2,NA,NA
0.0016608727096670377,0.24253326530725564,4.105313279750309,C2,NA,NA
-0.03202050004755471,0.18866404265133543,3.4460554502184677,C2,NA,NA
0.013762308825881864,0.2065009348546017,3.054162497645045,C2,NA,NA
-0.06095385884028993,0.21099647919776815,3.6607083450881315,C2,NA,NA
0.03237861850157015,0.27945105007876586,1.116332468580786,C2,NA,NA
-0.043958169341888245,0.24820228358890234,3.8277306382637626,C2,NA,NA
0.02509588333162899,0.1936533386049319,3.880713291557152,C2,NA,NA
0.03701061108643069,0.23090285905874322,3.5840336445267984,C2,NA,NA
0.030050387181936655,0.19803526479689515,3.8863478179158406,C2,NA,NA
-0.01467451543209277,0.1830844600514594,3.9331394267182,C2,NA,NA
-0.020057256945995545,0.18605954058436047,3.834369132725259,C2,NA,NA
0.016477080502316548,0.20539349579365695,4.368590732216305,C2,NA,NA
-0.017556038275779416,0.2076704047386672,5.132115259943367,C2,NA,NA
-0.060308877731372626,0.19076702029103085,3.401769470698844,C2,NA,NA
0.014976371817681591,0.17791770025525902,2.874980350712887,C2,NA,NA
-0.045823756084472804,0.2396524516450696,4.219056546827652,C2,NA,NA
-0.02330438048648335,0.2002132908493624,4.943668940555051,C2,NA,NA
0.03526978362490171,0.28422124618672867,0.777250756690361,C2,NA,NA
-0.025857914808553602,0.20979286339891362,5.105561495417091,C2,NA,NA
-0.03827301558225747,0.20867060901039344,4.900113888494081,C2,NA,NA
0.033482912525656,0.2179056383262805,2.945742731210889,C2,NA,NA
-0.017616214162685277,0.23266968724164283,3.5945312093270814,C2,NA,NA
0.01712787686671895,0.2451783770700628,3.8066570127312365,C2,NA,NA
0.008503530638360565,0.24762660592054928,3.920498447983646,C2,NA,NA
-0.04158174487857086,0.2706466676926387,2.395872821862459,C2,NA,NA
0.02987768858846418,0.247248401143154,2.82150233179107,C2,NA,NA
-0.0045626290837051066,0.2436996635562408,3.5646032206331593,C2,NA,NA
-0.016770119253572628,0.23462789505906112,4.502963027971895,C2,NA,NA
0.0017407655180667649,0.17652924029047962,3.078814876609772,C2,NA,NA
0.023587147037469995,0.19537872104993023,3.891274282179353,C2,NA,NA
0.04762131684729957,0.2056798989727078,3.187895332963076,C2,NA,NA
-0.03961229647623328,0.21522771504181828,4.1372891329324055,C2,NA,NA
0.017054419389364014,0.22181323371015138,4.522947051755688,C2,NA,NA
-0.015377704331506443,0.20216538698037623,2.4508969116208283,C2,NA,NA
-0.036341056614218104,0.2753914043706225,2.3258010045018502,C2,NA,NA
-0.0740641540229839,0.2338923516859207,3.3570238130854406,C2,NA,NA
0.021524472030921,0.23269765140838428,3.8895752813804187,C2,NA,NA
-0.046404017243586886,0.201686916309457,4.204060379762683,C2,NA,NA
-0.1237615402507386,0.20730986279622704,-0.8929392380990158,C2,NA,NA
-0.028343423078792666,0.23936824936461817,3.078632059621536,C2,NA,NA
0.006469588887093699,0.21544085764955725,4.61420316669616,C2,NA,NA
2.712981533717629e-4,0.2015025963247795,4.912405935686808,C2,NA,NA
0.024943121440320543,0.1882257461184847,2.0454228085170327,C2,NA,NA
-0.04233507032316838,0.21952851699546522,4.373282536212512,C2,NA,NA
-0.00392947474494032,0.19872306223718314,4.877342109312117,C2,NA,NA
-0.030828989063640726,0.21890725440435896,4.974020013108332,C2,NA,NA
-0.0431869048670394,0.23964001567744378,4.168087870916741,C2,NA,NA
-0.008703253072943989,0.2257481451010122,4.793371061015048,C2,NA,NA
-0.012719816456344644,0.19738699840576332,4.662482757445527,C2,NA,NA
-0.003141925244260468,0.25135610206726455,3.790277063749319,C2,NA,NA
-0.05589844686368758,0.2407230048550868,3.735650634830044,C2,NA,NA
-0.056254137262832016,0.24836582710318814,3.034006464123227,C2,NA,NA
0.011892648846927454,0.20769051135413133,4.645824837376469,C2,NA,NA
-0.05276320834149799,0.16254618289890033,-3.3280362651796547,C2,NA,NA
-0.04799638574588456,0.24827539468807314,3.715042357123896,C2,NA,NA
-0.014934245220475137,0.2519620244647037,2.392015799762685,C2,NA,NA
-0.0839650498369036,0.1995545370343567,1.7366928276706273,C2,NA,NA
-0.06375896527252323,0.17618333969571534,-1.1192758637730709,C2,NA,NA
0.014602274802943013,0.23003274145097247,4.024650152649927,C2,NA,NA
-0.02245408459480063,0.2135170607462292,4.4769076396082115,C2,NA,NA
-0.04617033107694255,0.22364782421033985,3.6965384958534324,C2,NA,NA
-0.04950037381364278,0.25062178583091804,3.530108164047326,C2,NA,NA
-0.06867489124847048,0.1974132578814922,2.8435143683301654,C2,NA,NA
0.0019969964707819074,0.1771036527252901,3.221045971762466,C2,NA,NA
0.016741971102937316,0.24897631551697938,3.4803853204830983,C2,NA,NA
-0.0677357363910746,0.21910532389871956,3.7853566608326354,C2,NA,NA
-0.08882806707409367,0.22161846732645057,2.73696144965525,C2,NA,NA
1.796756821251487e-4,0.21192699848859523,3.812407242146899,C2,NA,NA
-0.016168940918263965,0.21164185318822765,1.200961141197189,C2,NA,NA
-0.08228450786450207,0.21642157864021644,3.14353723217517,C2,NA,NA
-0.006567181090074363,0.23535553489155542,2.6852773725057704,C2,NA,NA
-0.037778292098148425,0.2159196357594924,3.4249862252657857,C2,NA,NA
0.01718489373183369,0.18999423247255087,3.8035814836037196,C2,NA,NA
-0.01131893113104921,0.21651011681128315,4.698185470864114,C2,NA,NA
-0.051200758302509475,0.21433872772465018,4.5736367765664125,C2,NA,NA
-0.03543772043718139,0.21481472274521327,4.934962934287698,C2,NA,NA
-0.013817005532588732,0.2263684433291865,4.397221714522381,C2,NA,NA
0.00832805971034878,0.23442886387893452,3.3833241755943053,C2,NA,NA
-0.021624575436683002,0.20789124805646586,4.306408249164386,C2,NA,NA
-0.019319331372422602,0.20292148778749758,5.0518492909963975,C2,NA,NA
-0.03675301039613886,0.24554613869139535,3.9697352695437855,C2,NA,NA
-0.018738590965090056,0.18973822411380215,3.7626629316105658,C2,NA,NA
-0.013945511228792593,0.21357249579866638,5.166112060948787,C2,NA,NA
0.0019322267347463631,0.28575937655936934,0.935068383251414,C2,NA,NA
-0.03956851025268052,0.193031778650755,4.201020538937868,C2,NA,NA
0.02469799585273165,0.2093750446943886,3.680019054831834,C2,NA,NA
-0.017898840072990516,0.19101948917921252,4.41311927620807,C2,NA,NA
-0.04566806839099508,0.2212297247036027,4.6908742862008115,C2,NA,NA
-0.013320648754585513,0.2145640829016995,5.017332658896866,C2,NA,NA
0.02221351999818479,0.23287542598289868,4.045245717923265,C2,NA,NA
-0.06652260394514879,0.20900814297290918,2.817834567147644,C2,NA,NA
-0.03962619279120304,0.2048020730648426,4.757612894694391,C2,NA,NA
0.01663035115772351,0.2553433139983923,3.3450373244539455,C2,NA,NA
-0.006355996090219225,0.20773554097842312,4.489819028753857,C2,NA,NA
-0.009536978601977643,0.18573845644228734,2.870458530043856,C2,NA,NA
0.01861335970156913,0.21289900372110665,4.290995996553326,C2,NA,NA
-0.01680008907353677,0.20490563737706327,4.124075799865004,C2,NA,NA
0.021500602057063535,0.2263682544422206,4.113416283946837,C2,NA,NA
-0.016165031483709506,0.22201011482492555,4.653264712606255,C2,NA,NA
-0.03452966234772714,0.19753770299911344,4.62594601202559,C2,NA,NA
-0.012216163757598781,0.2105012910949675,4.884105261213536,C2,NA,NA
-0.02062460217988428,0.17710349285812482,3.257244679859297,C2,NA,NA
-0.02552307116258701,0.24278225930486058,4.178560626335587,C2,NA,NA
-0.08990660056731441,0.24503504020936934,2.275132195883054,C2,NA,NA
-0.09343187514347957,0.23233666014394772,2.32811937858613,C2,NA,NA
0.03879094081622397,0.22349432952271275,3.534393454701736,C2,NA,NA
-0.023083008083276242,0.17947442209435982,3.3504381670028405,C2,NA,NA
-0.013693754665334186,0.21548400513585259,4.687514016093075,C2,NA,NA
-0.029069225463018523,0.18182567433824104,3.6903072203391556,C2,NA,NA
-0.007939456211273474,0.19373756850872406,3.6904587826003947,C2,NA,NA
-0.07117326490961046,0.23233960754294536,2.0577142116768194,C2,NA,NA
0.0011733228316897562,0.22235903979559266,4.9144818915034545,C2,NA,NA
-7.641926419235667e-6,0.2218055998643228,4.976449427656796,C2,NA,NA
-0.031996921347641816,0.21404217702111203,4.873879741617538,C2,NA,NA
-0.06871687494433823,0.23777831121776244,3.372476203561441,C2,NA,NA
-0.07968701669917418,0.2187692128932196,2.7911136906601977,C2,NA,NA
-0.010164118594364075,0.2570370514117612,3.466318307598106,C2,NA,NA
-0.022989437133813226,0.1993674992659167,4.564859304247321,C2,NA,NA
-0.017449481807303505,0.255863272224006,3.6905966452369334,C2,NA,NA
-0.04187274491236582,0.18724883192972552,3.88943916616217,C2,NA,NA
0.0066512928254246415,0.23878669153502632,4.367928295277858,C2,NA,NA
-0.03587882848429946,0.22892825768744735,4.704894612932522,C2,NA,NA
-0.0561080334290328,0.2416330556202488,3.8181912599987706,C2,NA,NA
-0.0038907647764734998,0.21932829293670758,4.7304035274875265,C2,NA,NA
0.02498934276735513,0.20428445321296906,3.5443502344669726,C2,NA,NA
-0.03165958915116579,0.24249828325058448,3.931282988232954,C2,NA,NA
-0.0566155956573538,0.2014750600929445,2.5777161962230624,C2,NA,NA
-0.061680907744200326,0.2323426579184758,3.9383393445985013,C2,NA,NA
-0.03354337419866951,0.20427793654136878,4.724986728816154,C2,NA,NA
-0.08433196623188557,0.2370764574926411,2.772944510228443,C2,NA,NA
0.006967379923007834,0.24538931680521425,4.0734821424993495,C2,NA,NA
0.004070122059077891,0.21437150604524868,4.644961102642537,C2,NA,NA
-0.03912933441562509,0.21214661558825487,4.579785106553965,C2,NA,NA
0.026630902780104895,0.25093972905771594,2.674989233776714,C2,NA,NA
-0.00913494818817043,0.20762473464525955,5.051432397480127,C2,NA,NA
0.0022147132601823827,0.21385001206129503,4.502316830254491,C2,NA,NA
-0.019344014666278567,0.20092648482435693,3.6915685286554494,C2,NA,NA
0.009807661885787584,0.1975565089332497,4.581285642537578,C2,NA,NA
-0.03965286205817286,0.21822780750078458,4.885323989800349,C2,NA,NA
-0.03284060549282887,0.2082809812556026,4.998492230273251,C2,NA,NA
-0.07232778708487181,0.21601411177412927,3.6410356498462924,C2,NA,NA
-0.06239352683738985,0.19670815975627148,3.1758286912238667,C2,NA,NA
-0.030547174940568425,0.19429527720625478,3.9178748455196173,C2,NA,NA
-0.008539935011704181,0.22287398165234715,4.945877738564262,C2,NA,NA
0.03542178018543224,0.247252892007455,2.578077950177442,C2,NA,NA
-0.037964987097411286,0.20674443086877786,4.742935675598296,C2,NA,NA
0.034104145333482,0.2155360040025051,4.047458746554193,C2,NA,NA
-0.07112503872353206,0.23436267669134853,2.52680239395053,C2,NA,NA
-0.06836229731593264,0.24421926589865228,3.336642441001256,C2,NA,NA
0.010288493686458011,0.22334177739835043,4.769472348238718,C2,NA,NA
0.002851968559228193,0.22125314975183352,4.533537332805084,C2,NA,NA
0.00234388826265422,0.22032175767361056,4.118924593209622,C2,NA,NA
0.029359598824114673,0.2575543936329018,2.880180070083752,C2,NA,NA
-0.014909554764590008,0.2060675995124761,4.502839864052758,C2,NA,NA
-0.03930174245164911,0.2208606583945193,4.4405355024622235,C2,NA,NA
-0.09897174677999503,0.2228891372989265,2.1041343056069843,C2,NA,NA
0.028894223371597777,0.20655323884645777,3.760713535191586,C2,NA,NA
-0.008875549528551834,0.21177989744168513,5.11999878479231,C2,NA,NA
-0.04420852442531239,0.20948910864748485,4.076923962333832,C2,NA,NA
-0.0013109314950804432,0.17874044278883852,0.957203761405681,C2,NA,NA
-0.08774952635124382,0.23888917775317153,2.6565375446462185,C2,NA,NA
0.005056268576646612,0.24831339999786556,3.743943671556919,C2,NA,NA
0.029916880632054086,0.21842949798667716,4.029720107564741,C2,NA,NA
-0.036483402979585355,0.2177212487970093,4.953270695494961,C2,NA,NA
0.020046734793219823,0.19810050435122395,2.9607733951422084,C2,NA,NA
0.0098055021772026,0.2128789927746203,3.661587906757351,C2,NA,NA
-0.053294277016229644,0.19522876869227532,3.808778864411014,C2,NA,NA
-0.03705621983741938,0.2033219642211434,3.48778297550112,C2,NA,NA
-0.0206875774372087,0.23235395432374015,3.808367272931968,C2,NA,NA
-0.030574299129892138,0.20892851265223347,5.031376798627228,C2,NA,NA
0.006978557683116911,0.21392864624311672,4.9372469227638245,C2,NA,NA
-0.025337395873317577,0.2081822332931607,4.840712644961662,C2,NA,NA
-0.05799109336100198,0.23819305864802376,3.872993012563928,C2,NA,NA
-0.04204881276699922,0.20204157461096572,4.507776084728546,C2,NA,NA
-0.016204570095200172,0.22905432928742195,4.8659624112337445,C2,NA,NA
-0.0320632717946382,0.2640026006408019,1.8176638191605896,C2,NA,NA
-0.0031473448428654856,0.19889440654448629,4.570023554486507,C2,NA,NA
-2.0204884517047161e-4,0.20417213208984544,4.705934968038182,C2,NA,NA
-0.007221040187889753,0.2066334945867091,4.981999947171939,C2,NA,NA
0.01183162296251355,0.23912342637081785,1.9392273707757273,C2,NA,NA
0.013831123728141829,0.1881266052239605,2.5829548254333883,C2,NA,NA
-0.04820122971475784,0.18049232850629646,2.7082905724699673,C2,NA,NA
0.028305719759112058,0.2016929184491811,3.735611137150306,C2,NA,NA
-0.002795115124244277,0.24047124021822874,4.16172059017336,C2,NA,NA
0.005135053526929022,0.24134751755000083,3.2715503295602204,C2,NA,NA
0.00866021328004236,0.18557440368148964,3.6127655172617184,C2,NA,NA
-0.01614199412244206,0.19899821091343217,4.885033368713247,C2,NA,NA
0.015586706381586395,0.1801381228573976,1.5914114500182168,C2,NA,NA
-0.022843672806313303,0.204893906039552,4.727065795420546,C2,NA,NA
-0.054452634836181874,0.2144721683983702,4.471325111005491,C2,NA,NA
-0.037798400392515315,0.20731255586141667,3.3215995596339507,C2,NA,NA
-0.04611714467265617,0.21819954129213043,3.2602972818736418,C2,NA,NA
-0.013341730693059358,0.19723098621512472,4.589238361175922,C2,NA,NA
-0.08112195795800373,0.21672051044309415,3.189804592946273,C2,NA,NA
-0.06035484853463191,0.20784791495694013,2.537286907275727,C2,NA,NA
-0.10499893161031003,0.2425264314081892,1.2877827932350132,C2,NA,NA
0.0024544288611791348,0.22003749387265267,4.9660326136325725,C2,NA,NA
-0.01692386379379638,0.17258872060174776,2.5346179501884007,C2,NA,NA
-0.014064181714308135,0.2231653815212694,4.870554466356105,C2,NA,NA
-0.008541680463814864,0.22303204912463614,4.928005009274499,C2,NA,NA
-0.02554461976847873,0.19368076612818863,4.642101308663699,C2,NA,NA
0.013357134753717893,0.22952282574499544,3.9676909850271085,C2,NA,NA
-0.050001148124279346,0.18093721634994075,2.8561335121820663,C2,NA,NA
-0.010092748609001067,0.22719042171207376,4.6199766146962595,C2,NA,NA
-0.038591067677512594,0.21169300696830495,4.880180875155926,C2,NA,NA
-0.0041883106060180315,0.24428184387040625,3.8505272112597466,C2,NA,NA
-0.04301664310162276,0.23002212075122164,3.81449834774268,C2,NA,NA
-0.0439302064349877,0.1894240494192831,2.972940056679243,C2,NA,NA
-0.09337047335776293,0.23823254786447362,1.8598834967676745,C2,NA,NA
0.025545670252687086,0.23499884307806185,4.045121173235092,C2,NA,NA
0.005493428738165326,0.210448453205932,4.3240914671508985,C2,NA,NA
9.098876924093808e-4,0.20188670711026596,4.615389536243648,C2,NA,NA
0.03779361504824636,0.22356545169683203,3.4496674025462415,C2,NA,NA
-0.017234498580468285,0.21076618747699563,5.046030433053475,C2,NA,NA
-0.04275003227693765,0.203015593292204,4.6684800628961884,C2,NA,NA
0.01861335970156913,0.21289900372110665,4.290995996553326,C2,NA,NA
-0.0383504198434989,0.22396446638639977,4.577234671814072,C2,NA,NA
-0.03179885689939128,0.20983973586200647,2.60515941996018,C2,NA,NA
-0.04186305517008633,0.20567105581583783,4.340287275653758,C2,NA,NA
0.03450312034374407,0.2034739180851725,3.846928721934158,C2,NA,NA
-0.02770330567382003,0.191597229676551,4.465579966241894,C2,NA,NA
-0.01768749785181313,0.22538554935599925,4.255145728250994,C2,NA,NA
0.002659367277295774,0.2143460287688886,3.036045307406462,C2,NA,NA
-0.01649466148005327,0.19473755825901787,4.689020620821618,C2,NA,NA
-0.027515094896639447,0.2103735397043037,4.90618679914582,C2,NA,NA
0.022634265798834298,0.20178193699712674,3.842565097507164,C2,NA,NA
-0.05951723985712786,0.1946878512967162,3.439405901945017,C2,NA,NA
3.6997562508622045e-4,0.24771170102632734,3.257322056099209,C2,NA,NA
0.004259918837594568,0.16511847645661906,0.45827084440633215,C2,NA,NA
-0.022274355145160123,0.2140253854451687,4.489036760634987,C2,NA,NA
-0.033882955870183556,0.2284549408511988,3.1846081257686754,C2,NA,NA
0.0193356240002453,0.21706545266115487,4.583484277996713,C2,NA,NA
-0.05206786620619144,0.21673249228196104,3.2845988055188347,C2,NA,NA
0.046258951603055466,0.2171331872609894,1.4119834851028443,C2,NA,NA
-0.06264850795467222,0.1979640232685301,3.7283331958972465,C2,NA,NA
-0.028775050457126874,0.2392207062640911,4.496243302753111,C2,NA,NA
-0.059962234296899515,0.2235534557945802,4.122336446247439,C2,NA,NA
-0.0016601221653300899,0.21886018270158242,4.935469156903657,C2,NA,NA
-0.0437361214312594,0.2198588707692523,4.665575100300545,C2,NA,NA
-0.06244465149296585,0.21997789790714803,3.3819737476328275,C2,NA,NA
-0.016395198142971613,0.22505782823138795,4.894434476995581,C2,NA,NA
0.005080660899631109,0.22111409769086832,4.741672051086249,C2,NA,NA
0.015365085486428662,0.21447116671468108,4.732358516918277,C2,NA,NA
0.03985382412710767,0.22149632243264217,3.528546785081007,C2,NA,NA
-0.04821532741608131,0.20023992452804984,4.374736341463464,C2,NA,NA
-0.020509267603839663,0.20030609067085117,4.777806882153957,C2,NA,NA
0.06239844220305464,0.24725101743158398,1.4074954360998198,C2,NA,NA
0.024688557337396614,0.1897013963612101,3.540459434204344,C2,NA,NA
-0.014893435323526306,0.21315162994623996,4.6439762613954025,C2,NA,NA
-0.03779325962560353,0.23953755015426972,3.5998379792194157,C2,NA,NA
0.052890429409848984,0.21135472870346034,2.0159951924625132,C2,NA,NA
0.025645852280262102,0.2298343389859209,3.9140613910264617,C2,NA,NA
0.001394583546783082,0.24612900350068817,2.38685584476172,C2,NA,NA
0.07554520712497803,0.21294404494382618,1.0223641441003712,C2,NA,NA
-0.008724290471945385,0.20946167598693288,5.0157175777492125,C2,NA,NA
0.009995136847606213,0.2281438345389713,4.5287702377993675,C2,NA,NA
0.0032286843927228186,0.22797421832401638,4.668972376451478,C2,NA,NA
-0.029054040132451078,0.2020777916134464,4.832454134030602,C2,NA,NA
0.0498179998443477,0.1972738754728319,1.0067022747467558,C2,NA,NA
-0.052972256880623736,0.20721167793268913,0.3812069758360588,C2,NA,NA
-0.028468155238932126,0.192141411648795,4.495822521258628,C2,NA,NA
0.04070391981425256,0.25264865340739573,1.9010754262165799,C2,NA,NA
-0.03351012815564828,0.23843106862173974,4.470366442852729,C2,NA,NA
0.004334240217561056,0.19941653003188856,4.679338148812299,C2,NA,NA
-0.06689433717428156,0.21918934800345982,3.777060330366353,C2,NA,NA
-0.00408021254557585,0.25874890615390045,3.3172810859154396,C2,NA,NA
-0.028468155238932126,0.192141411648795,4.495822521258628,C2,NA,NA
-0.022778262820933176,0.23438599188833287,4.642007963177072,C2,NA,NA
-0.006499185566332159,0.20755903029207023,5.023125497395818,C2,NA,NA
-0.031317599541095593,0.20506566649532454,4.058180755109722,C2,NA,NA
-0.03128009070472462,0.19767054087241484,4.3387216938538415,C2,NA,NA
-0.01154067928608505,0.22823151836359368,4.569855404967818,C2,NA,NA
0.02073474576437176,0.23854422273763054,3.958782722654928,C2,NA,NA
-0.021624575436683002,0.20789124805646586,4.306408249164386,C2,NA,NA
-0.06486105029236877,0.22863474163328695,3.795274373489451,C2,NA,NA
-0.016394842182940295,0.2300656883168306,4.702593670668108,C2,NA,NA
-0.051833031252780395,0.21781962741058022,4.359465353925451,C2,NA,NA
-0.020188564039155664,0.22223154835931971,4.985044432513984,C2,NA,NA
-0.04659737794690218,0.20899899117162113,4.505945134487185,C2,NA,NA
-0.04052535282952348,0.19588226813596232,4.223851176319613,C2,NA,NA
-0.03806470724362791,0.20853434260863754,4.687072971928086,C2,NA,NA
-0.0704367185160368,0.21680899770028506,3.7779654611337605,C2,NA,NA
0.027612273396155063,0.23704038988424989,2.739908717754823,C2,NA,NA
0.06429099748552293,0.23945168284840812,1.712639727456335,C2,NA,NA
0.010877630788698411,0.23413148669452324,4.459156962617258,C2,NA,NA
-0.05176063550739768,0.21761483108238405,2.44240601250997,C2,NA,NA
-0.06984621827719499,0.1834566147966832,2.168071728880292,C2,NA,NA
-0.008293027871605917,0.21699088388227236,5.115362693643505,C2,NA,NA
0.05752334176705247,0.22635987319727133,2.463707594935704,C2,NA,NA
0.04680371861577388,0.20850037926873916,3.0472713315872935,C2,NA,NA
-0.0010847165443805123,0.21231084217770607,5.0395081040453045,C2,NA,NA
0.04408200036448892,0.2235013444508776,2.5516170584167686,C2,NA,NA
-0.016501493717234545,0.21357357868428306,5.01514910693504,C2,NA,NA
0.02205716382335013,0.18282410644857777,3.1711454752787027,C2,NA,NA
-0.07130699669055432,0.2188906978742291,1.4014831190677683,C2,NA,NA
-0.007645529371057676,0.23012274706707525,4.562546408364916,C2,NA,NA
-0.039087090825533306,0.20306385531633336,4.73274723168926,C2,NA,NA
-0.0401071006558809,0.20173164574996102,4.6738314509894465,C2,NA,NA
-0.027191959618907652,0.2431968784538176,4.2224023882348485,C2,NA,NA
0.037529600536883104,0.19598642431404795,3.314692615773964,C2,NA,NA
0.005825749137737636,0.2101212670690575,4.7116998759269855,C2,NA,NA
-0.013890866951934984,0.19798755789324968,4.91619919398165,C2,NA,NA
-0.021489502652842815,0.2766367517828154,-0.770895657179579,C2,NA,NA
-0.04182658672630225,0.22961392028840677,2.8960251497589344,C2,NA,NA
-0.043739477492681686,0.18262281458022345,3.4047540243711163,C2,NA,NA
-0.0406149370345111,0.21799566696210382,3.976238170481178,C2,NA,NA
0.0516391489722312,0.2387458568392728,2.2050190732186685,C2,NA,NA
-0.06261678402807407,0.2201304489520754,3.8013446761584246,C2,NA,NA
-0.028534677160656934,0.24101709054502704,4.377189235666899,C2,NA,NA
0.03135199963234614,0.18503049593274357,1.696867257314425,C2,NA,NA
-0.010581750537626198,0.22888643339787101,4.798335231552514,C2,NA,NA
0.030903944960919024,0.2432952508939568,3.421966438684898,C2,NA,NA
-0.06526975042274555,0.20628451079941984,1.061184452029496,C2,NA,NA
-0.008350405030288818,0.19153923500085474,4.571500222121902,C2,NA,NA
-0.04988330965461105,0.1967218208356257,3.339763199843885,C2,NA,NA
0.0735371588143161,0.2150037105543409,1.616753438914459,C2,NA,NA
-0.038591836766684866,0.2113467953713885,4.747904154068115,C2,NA,NA
0.0021021988952487983,0.2175011436447477,5.006713389417451,C2,NA,NA
-0.06827503142664115,0.21278822269178876,3.8270293031869262,C2,NA,NA
0.03247621830919184,0.23425077923646526,3.8247102533287465,C2,NA,NA
-0.03894050833305861,0.2923636049095837,0.14399388235752975,C2,NA,NA
-0.03316925327006024,0.20328141071255423,4.252507053028024,C2,NA,NA
0.014878625418364714,0.21914929732336277,4.70040131086545,C2,NA,NA
-0.0361798771069784,0.18621045101613104,3.820104156224149,C2,NA,NA
-0.007274060758635001,0.21771932991296494,4.723455786423726,C2,NA,NA
0.0016116007431004331,0.2049433638400072,4.941975418545805,C2,NA,NA
-0.034713682019020156,0.22683825504935112,4.782458490996228,C2,NA,NA
-0.07631360564560932,0.20215521778335932,3.0722460770566142,C2,NA,NA
-1.9388771051426228,NA,-205.9053698738119,PZ,0.20140311245656378,-0.35702451948932173
-1.8292107248649754,NA,-204.0047724687153,PZ,-0.30849711179792527,-0.1376939007674111
-1.5173504838968788,NA,-205.06124709702425,PZ,-0.7169108034581017,0.2025843911353446
-1.380825428672992,NA,-206.82359814878362,PZ,-0.8189538003770759,0.08334655424248369
-1.6545542977984165,NA,-204.74259005113595,PZ,-0.24124671180491197,0.17507643858326033
-1.803393517292026,NA,-205.06484460038624,PZ,-0.9570930329106051,0.035303021643778694
-1.8781341122133304,NA,-204.22427465248586,PZ,-0.6964282791160459,0.1945014073419071
-1.6209014490627633,NA,-204.65459088024755,PZ,-0.31557237974106483,0.12864864876571033
-1.802375082287521,NA,-204.25137065328786,PZ,-0.7374558912469813,0.18452964082700085
-1.8158434900360596,NA,-203.97245152486005,PZ,-0.5313950850190085,0.15644064707559163
-1.7855964868429883,NA,-204.6282960480461,PZ,-0.3727436995103719,-0.2232110406779039
-1.6115928733824698,NA,-204.1743315779121,PZ,-0.567313917578845,0.17496397587298673
-1.82745405793608,NA,-207.04522834837752,PZ,-1.1081949749878002,0.7787618997473764
-1.7787171692139374,NA,-203.90759582958555,PZ,-0.20975224983654994,-0.12954594085703514
-1.7725274277152572,NA,-205.4672773002214,PZ,-0.620451808180994,-0.19884753867012184
-1.4452291713408296,NA,-214.22151387256758,PZ,-1.119933552879512,-0.9925891680540124
-1.493965884127956,NA,-205.40562127547946,PZ,-0.147283777668831,-0.1597221827576515
-1.6426392447955618,NA,-204.19203572204702,PZ,-0.3976818082291102,-0.33554894496511584
-1.9872725535011022,NA,-205.38118061287503,PZ,-0.8235928419095122,0.4328629446729575
-1.4908291873831243,NA,-206.26478392958091,PZ,-0.42770511573711445,-0.43208233278347996
-1.644915354694017,NA,-205.20346231519997,PZ,-0.3385943633418063,-0.5331057020275173
-1.830943120076644,NA,-204.58759277354181,PZ,-0.9591478021968082,0.49183612626801787
-1.5343531854407375,NA,-205.84541927819825,PZ,0.25233597164619237,-0.5803050094794133
-1.6192130783101253,NA,-204.55569053167724,PZ,-1.0390733624968906,0.28295475611097026
-1.8588278400387817,NA,-206.78955868998784,PZ,-0.6794572293039682,0.07319088063630785
-1.9803520493995337,NA,-205.93478037936376,PZ,-0.6229322555313457,0.07830520844202687
-1.4587585506949763,NA,-205.52083771227754,PZ,-0.5357949226631191,0.02300788241199586
-1.8068518023947648,NA,-208.82113177601644,PZ,0.3268173045169136,-1.0474987431020184
-1.7418891899940208,NA,-204.10520926175084,PZ,-0.7892857132418886,0.30946901475086186
-1.7527000352932722,NA,-203.53412156473635,PZ,-0.5868617909131921,0.015015753071728088
-1.693930265549355,NA,-203.57153840903123,PZ,-0.2865744360009235,-0.03276235237050398
-1.7009639753670374,NA,-205.73826831775543,PZ,0.02480132274429936,-0.7352823536829061
-1.973662053504257,NA,-208.17654161691829,PZ,0.6978024495760825,-0.4230646994047251
-1.454936587536841,NA,-205.31628642025174,PZ,-0.30663100374694285,-0.4581995402443824
-1.7607685543362182,NA,-204.28027353411548,PZ,-0.34101202006137726,-0.15160388108019052
-1.572230827109485,NA,-207.06031608088958,PZ,-0.37076622092156064,-0.24129799703638857
-1.7321068254455267,NA,-205.4292321228779,PZ,-0.6879576481636174,0.4407966272272373
-1.741329466085416,NA,-206.49296278318343,PZ,-1.2362678565923249,0.35483987093600916
-1.531907462144381,NA,-206.13855993660488,PZ,-0.21522995465982575,-0.18656690093809103
-1.588750386765966,NA,-204.93952371961447,PZ,-1.0749529938460587,0.280305586915702
-1.7423222678842836,NA,-204.84024458780988,PZ,-1.0095907172830159,0.334798377206081
-1.6308141434673407,NA,-205.95993941560567,PZ,-0.5362790732238385,-0.5020834125048161
-1.6851291803693504,NA,-206.869718813174,PZ,-0.09251743203157092,-0.7273236014437015
-1.7919335370004024,NA,-204.213976134456,PZ,-0.47300017883556417,-0.0622486777954942
-1.7673606635299532,NA,-206.77466371183397,PZ,-0.471272115166789,0.5129608732548202
-1.5508219136659902,NA,-204.1412485888272,PZ,-0.403548503842873,-0.14926772433828578
-1.6516280792963893,NA,-203.89046606585694,PZ,-0.22578977130362043,-0.03304781416629965
-1.7846772884032156,NA,-203.79151925831795,PZ,-0.44122460705879957,0.06483561351488179
-1.7444180551239445,NA,-207.89175710037395,PZ,-1.0074281633075022,0.8986384706387591
-1.6140303039070705,NA,-204.37489667452266,PZ,-0.6450464804907285,0.25013110502969715
-1.7829027728348745,NA,-207.67415642324096,PZ,-0.5797367692144916,0.10993407220571849
-1.798892091290122,NA,-204.67405496409273,PZ,-0.031938370669108866,-0.4353380050658735
-1.8398187922693865,NA,-204.7998555788442,PZ,-0.20269876176661805,0.1573465842965096
-1.8294893068652176,NA,-209.47196168331502,PZ,1.0376625365955068,-0.8251790328665211
-1.7193553461638378,NA,-207.3192474005641,PZ,-0.6568564348574423,-0.5023840837438462
-1.7778243268734775,NA,-205.04757333362707,PZ,-1.0835722225734168,0.5926108863542278
-1.8035970875775371,NA,-204.21604011611876,PZ,-0.23509700157577584,-0.2796408174574594
-1.8085694337731903,NA,-204.0664707150648,PZ,-0.45687605753620747,0.034450873085440564
-1.744153689570199,NA,-204.35699001513544,PZ,0.08796661616979251,-0.15651710545162184
-1.6670445257002264,NA,-203.87529814870135,PZ,-0.8371686898873422,0.22557163742500816
-1.6826445711336149,NA,-205.02450565889112,PZ,-0.4652648917803008,0.39057011369393013
-1.6604673297342403,NA,-207.2263367782456,PZ,-1.053050254373043,-0.03813106784450199
-1.9788088185212858,NA,-209.39831638033178,PZ,-0.4519688998445252,0.6590761031904198
-1.780386857573198,NA,-209.5055043829168,PZ,-0.24554827470359458,-0.9544669214494923
-1.6637293931314483,NA,-205.70110503672035,PZ,-0.352725996100534,-0.32979828924615384
-1.9509429675002212,NA,-205.9710698455391,PZ,0.2400620534040301,-0.056097564990347126
-1.7138147409878308,NA,-205.05480839944116,PZ,0.2310883211045735,-0.5677328518746682
-1.7625865955820492,NA,-207.84439687824414,PZ,0.10986666231352987,-0.7900866953695698
-1.7383460300293259,NA,-205.13051742380864,PZ,-0.6969712494545252,0.2550502703609311
-1.6878220889300308,NA,-206.9284741250315,PZ,0.24765902836075715,-0.7128983463385357
-1.6474091487321125,NA,-205.6608143003423,PZ,-0.3727926739458705,0.36551748738894074
-1.6017011882508945,NA,-205.1031575134373,PZ,-1.1955832116242557,0.32218707042447253
-1.848769877050518,NA,-203.9494397831046,PZ,-0.359863650531688,0.20154569469527753
-1.7137025739401492,NA,-204.4790836760447,PZ,-0.543437765702574,0.38927573349959976
-1.613181977727653,NA,-205.39479637645525,PZ,0.013286149850962811,-0.6527397285847276
-1.6161837856307306,NA,-204.31555225313343,PZ,-0.7431605156552308,-0.16609788229992428
-1.5605563082977725,NA,-207.0764700625985,PZ,-0.033864582096125084,-0.3014370475054485
-1.749256200979362,NA,-205.74462347702928,PZ,0.06696740660876843,-0.5989347934194014
-1.515696712415169,NA,-204.35623561815132,PZ,-0.4810517596573797,-0.18635826411349077
-1.7142342134096968,NA,-203.5155431509903,PZ,-0.6856280696253854,0.0742127194921208
-1.5840387525383908,NA,-204.74392733567362,PZ,-0.6922346879827382,-0.13815718095859936
-1.9533839513012352,NA,-205.72950410678055,PZ,-0.9385504297905235,0.5136503009526384
-1.6082354296984416,NA,-205.17831505710237,PZ,-0.23155528716888554,-0.6012550329093782
-1.6192337087303172,NA,-206.88682687736164,PZ,-0.01354768196351308,0.1270306288057294
-1.7239738525636752,NA,-208.8795628098551,PZ,0.3372027737198381,-0.6572193190124507
-1.731968488391385,NA,-203.62620471275193,PZ,-0.3873593876140011,0.11883218333253662
-1.593212224263631,NA,-206.4253644272538,PZ,-0.4659547751940456,-0.15877106958617698
-1.7455707088975116,NA,-204.17816490363296,PZ,-0.647324659196966,0.25302653430254457
-1.6571315227672234,NA,-203.7748379428777,PZ,-0.32696764508359255,0.016059735206606855
-1.857078604547409,NA,-204.42676531890874,PZ,-0.7673864311016734,0.3207306898675314
-1.5475565317087832,NA,-205.21106403063197,PZ,-0.5063804440625548,-0.17964900015486776
-1.7460327140469474,NA,-205.0072022264794,PZ,-0.9521253447492148,0.26715923042988965
-1.7293630364490282,NA,-204.66144265508925,PZ,0.135963853764845,-0.16022438456878027
-1.6536517714126981,NA,-204.50526262784783,PZ,-0.667805642519073,0.2548041378691619
-1.5316045713687898,NA,-205.36023320737294,PZ,-0.9379999520600116,-0.008087409164583476
-1.8777595539479437,NA,-207.64709593158742,PZ,-1.1611274838435828,0.4462683315951347
-1.5341123986185876,NA,-206.21829553011526,PZ,-1.328495830442401,0.31215234336187203
-1.8677053997389792,NA,-206.3318599521272,PZ,-0.718167747232526,0.6481775147568046
-1.968488805029793,NA,-204.7348864070335,PZ,-0.4265168985759113,0.30844546825832797
-1.4196175285006325,NA,-207.3046588738284,PZ,-1.0467482382123727,0.22073274605835758
-1.6840432322682162,NA,-205.13927848160913,PZ,-0.42178971737922805,0.2645396114137551
-1.7638025443532195,NA,-205.1218609050783,PZ,-0.8887751832022945,0.5092935685496092
-1.7502248670506024,NA,-208.23833188808885,PZ,0.6627163512098401,-0.574251813333373
-1.9073704115654602,NA,-204.33778432327614,PZ,-0.1713626152544017,0.04088631753319971
-1.577131904538253,NA,-209.79185989510415,PZ,-1.0084190844655505,-0.5761144285825588
-1.7341061355294924,NA,-204.18218422017083,PZ,-0.9533244340678033,0.3424429591422311
-2.115985863731955,NA,-209.36709598471322,PZ,-0.8204446504962829,0.1268381433847376
-1.712397829271127,NA,-206.3810432888044,PZ,0.3199668899597093,-0.3262424510408675
-1.591149841758756,NA,-204.79262638234712,PZ,-0.4011852490247719,-0.22713827378322624
-1.8567631702684062,NA,-206.65689851103497,PZ,-1.1004612974497667,0.05491242120747469
-2.1017594767650336,NA,-206.51906155191608,PZ,-0.3661879934905702,0.40050230138352233
-1.7434910631011977,NA,-205.37081457307352,PZ,-0.9794105949847847,0.002156132441389458
-1.500663185532971,NA,-204.84918534437747,PZ,-0.6167732058303539,0.07055503358098655
-1.7289305828124444,NA,-205.2269378679536,PZ,-0.371029837085192,0.3803886886405827
-1.3925406884023577,NA,-206.5528510585375,PZ,-0.6123385824513919,-0.10338701235741679
-1.7153067308221919,NA,-206.54694569909677,PZ,-0.127906402700848,-0.5225232334220326
-1.8896480510171763,NA,-206.10530904815866,PZ,-1.1695474617175816,0.49557645552654805
-1.2472325455430742,NA,-209.48505816500207,PZ,-0.4876865773859821,-0.596580208687615
-2.0519031886980725,NA,-209.65413028720275,PZ,-0.4843598784404478,-0.013058097190394163
-1.680815645186608,NA,-205.2768474348147,PZ,-0.38399685463016553,-0.22203832167534962
-1.84202583058252,NA,-204.46292978986074,PZ,-0.8235861571329313,0.16877752314016575
-1.77230031909307,NA,-205.4342994419086,PZ,-1.1412164370255418,0.6866409020005163
-1.7214827025709258,NA,-207.8373788807531,PZ,-0.8726610067403177,-0.10611020940259669
-1.8108853378553018,NA,-205.47496478084608,PZ,-0.6374533664883839,0.6255425184794775
-1.7574185219926113,NA,-205.2126051021893,PZ,0.2259458162429026,-0.5685443372173761
-1.739021594947048,NA,-204.61505369557617,PZ,-1.0018645811353633,0.39892031035016473
-1.8191741789079756,NA,-205.11518331765822,PZ,-0.7161293395198018,0.004993412334460191
-1.7961499282553546,NA,-204.98172039423932,PZ,-0.5258688520689005,-0.12275627359619923
-1.5694562921401358,NA,-205.6845427949077,PZ,-0.29656545073300766,-0.6750341637476902
-1.849230516770038,NA,-205.11435659266385,PZ,-0.21212331803436446,0.3539988147921742
-1.6197427158623132,NA,-206.7871068995869,PZ,-1.2270071705518,-0.18444861742695493
-1.8880740314674627,NA,-205.5653060569083,PZ,-0.171237084244647,0.12565573200527233
-1.7931130901648171,NA,-204.21987491013022,PZ,-0.18688245777545562,-0.31965916210612855
-1.7510156601261344,NA,-204.41707588360916,PZ,-0.06128175984948986,-0.4467258921568966
-1.7429425642828238,NA,-204.6805176695186,PZ,0.029144661098566144,-0.4083080513644144
-1.7283670235314974,NA,-205.02619087287144,PZ,0.07064511187370884,-0.46230678499701827
-1.6991826691610175,NA,-206.13888904702864,PZ,0.19193968846485845,-0.647645050819604
-1.893211127064568,NA,-205.58687089465414,PZ,0.1730155599695436,-0.4307542416628116
-1.8046443980971802,NA,-203.91883397083978,PZ,-0.18153699408609064,-0.08130515102487668
-1.693397287370646,NA,-203.6066341878337,PZ,-0.6053421196417333,0.18757498864287805
-1.6804280200275334,NA,-204.47512820501456,PZ,-0.5592295655939021,-0.2743324059272069
-1.6657689481486304,NA,-204.7603128479855,PZ,-0.09384569245227159,-0.09756742538835657
-1.6568817504677393,NA,-207.0760647408073,PZ,-0.49646949505074967,-0.4312722133806437
-1.325893230939788,NA,-209.07010275057297,PZ,-0.12840700503411256,-0.7779443300836677
-2.0153587582501986,NA,-209.10311911639332,PZ,0.31799469515302403,-0.7087323617008394
-1.7212794426088256,NA,-203.97068076307414,PZ,-0.8958362836961365,0.34051191538054926
-1.6424156877238862,NA,-205.21404256681672,PZ,-0.08486545466658679,-0.04043487929305978
-1.7430644652458231,NA,-203.45116397731854,PZ,-0.42141951157968693,-0.07063320794516843
-1.7188552251160063,NA,-204.48457796660117,PZ,-0.21765856451153287,0.1901125630326282
-1.5714197116759805,NA,-208.1409278350289,PZ,-1.7528725111004269,0.488079955615457
-1.8645308299486,NA,-204.31766149704902,PZ,-0.8298735061808793,0.283278622032432
-1.6989963221890956,NA,-204.85208398115674,PZ,0.16426531225080546,-0.5727049186305078
-1.505357843733246,NA,-206.65193178512573,PZ,0.28847338666312106,-0.5766634254761132
-1.5843130512355559,NA,-204.36799483605802,PZ,-0.7911708017358107,-0.05682947590486025
-1.5354287707165049,NA,-205.5730633848521,PZ,-0.15304136281328248,-0.6778639929144064
-1.6385077848924035,NA,-204.4360819079669,PZ,-0.7209120963824288,0.03180562251079316
-1.638545307841781,NA,-203.7457149428409,PZ,-0.1943056754137165,-0.22916644273811002
-1.6581254359967392,NA,-205.99204557572153,PZ,-0.2846833787623829,-0.6981024662098949
-1.6834981651403504,NA,-203.7063000733417,PZ,-0.7198093725962487,0.14690271279409012
-1.5845097816965883,NA,-205.9285814195783,PZ,0.2763727910824485,-0.42148310654134835
-1.7112877730747034,NA,-206.3547698230915,PZ,-1.2113507359369584,0.7609382641478553
-1.8267361482719122,NA,-205.51356616703697,PZ,-0.08326925567892468,-0.4047895024648368
-1.5085110085270834,NA,-205.09819442066694,PZ,-0.21622177256061123,-0.37344854093063723
-1.8494682830105238,NA,-204.1027791248003,PZ,-0.5165925542108174,-0.0039455208714331
-1.9101435792815074,NA,-205.51138468296702,PZ,-0.5603163604003922,0.04619572365222452
-1.7417185172074596,NA,-203.86160889998322,PZ,-0.5347562847471878,0.05504068484659336
-1.8408571434240253,NA,-206.4899180142894,PZ,-0.21859745452560247,0.5026268900520382
-1.7523942784688598,NA,-204.4484311824271,PZ,-0.00457347607326708,-0.006618316451226597
-1.3879195557483,NA,-206.26333341932866,PZ,-0.408571227067421,-0.3230381582812395
-1.9854795753586245,NA,-205.3251035603745,PZ,-0.5041087172366806,0.0913537235192207
-1.9089742817522726,NA,-206.74880616658353,PZ,-1.1856720230438145,0.8649721481658728
-1.5522450824330325,NA,-204.07352042638155,PZ,-0.40125664670485894,-0.21836560821130024
-1.5529997185511137,NA,-204.9864377253863,PZ,-0.36029186796474955,0.04394124121935991
-1.62530345315481,NA,-204.12678426024485,PZ,-0.43639862887299596,0.0766904947418018
-1.6536486460379702,NA,-204.616022674335,PZ,-0.08127436893356052,-0.5219540308839994
-2.077762535576202,NA,-207.0078892443663,PZ,-0.42360645444661915,0.027815910843356835
-1.5865801470323435,NA,-206.10374709463747,PZ,-0.006453867599438945,-0.6205720268960798
-1.7498462944610018,NA,-204.77713894842867,PZ,-1.032182792323937,0.26895221609498415
-1.664044285520588,NA,-205.02108106318184,PZ,-0.4561684094501122,0.21376888989374837
-1.728214135232046,NA,-205.20990172268176,PZ,-0.08929908012931204,-0.4898694770581604
-2.070335668458818,NA,-206.54253907620586,PZ,-0.7187575805918753,0.5347252684687293
-1.575962574435174,NA,-204.47057142602324,PZ,-0.5050497620610751,-0.04129259393600607
-1.673126023509647,NA,-205.39586703515118,PZ,-0.7553160553146794,-0.257306774355335
-2.0208429448289174,NA,-207.52337078697957,PZ,0.4470532537019269,-0.3659907545278889
-1.6132866796820309,NA,-203.72935221022033,PZ,-0.4546485223638051,-0.15277932079038162
-1.523614058517991,NA,-207.279465913335,PZ,0.050870402624979494,-0.7025176402878323
-1.864293440853398,NA,-204.5866706720844,PZ,0.0663354498146001,-0.11150723387809187
-1.715686730710552,NA,-204.46404870694002,PZ,-1.0778979710760037,0.3849962154983503
-1.5160843567281623,NA,-206.11554764164413,PZ,-0.7589701838768996,0.25076805003570407
-1.9017797122088542,NA,-204.70786671672917,PZ,-0.674856345589054,0.5227002847736055
-1.8754126214726647,NA,-204.4690619876934,PZ,-0.44385169764594523,0.33320764881387627
-2.0550839287740916,NA,-206.91245430458656,PZ,-0.24060639132441242,0.10141527385606881
-1.560571731148188,NA,-204.0288071348414,PZ,-0.4319874717220283,-0.23251762496376177
-1.8227287298549844,NA,-209.33446005644262,PZ,-1.4256046242912834,0.5458878731779271
-1.660165562054411,NA,-204.1903307474643,PZ,-0.8182504433730412,0.3338655055010695
-1.748215084254128,NA,-206.67436893115917,PZ,-0.3087086182694713,-0.2718243664076223
-1.7267008767460263,NA,-205.4888992962802,PZ,-0.6604890308379547,-0.07507822480708562
-1.5320814611064324,NA,-204.63433164925314,PZ,-0.17826505081131933,-0.242164483171118
-1.6530986251042528,NA,-204.5137343279944,PZ,4.2749614769788113e-4,-0.1525500138216623
-1.5934350340930468,NA,-206.24111935438026,PZ,-0.9971948208338389,-0.020170106450719306
-1.7378841539142489,NA,-203.51999397989172,PZ,-0.2942858460512967,-0.10099279069376511
-1.819186121642731,NA,-207.12311250516711,PZ,-1.531454114376642,0.46932932697873175
-1.6916043962749328,NA,-204.16594630137084,PZ,-0.3011458663567525,-0.3878340077339407
-1.7405783213879151,NA,-204.17418104102492,PZ,0.07470716610445138,-0.23909241997090563
-1.728007992024366,NA,-206.71453122409457,PZ,-0.6797719035010663,0.4232557416682563
-1.770197219970716,NA,-204.8114332883423,PZ,-0.10550433055327962,0.19222924636881109
-1.8418539889522711,NA,-205.30110213117717,PZ,-0.7108052256581538,0.581856802599802
-1.7801296054301163,NA,-205.64866195154025,PZ,-1.2000021998293444,0.630744256435118
-1.7619398962251978,NA,-206.56850167146789,PZ,-0.6588846142142026,-0.029898817795447008
-1.8627031173782513,NA,-204.01190044567855,PZ,-0.45240006220618495,0.2736893446666603
-1.6474785941389618,NA,-205.37673325052876,PZ,0.3215679512368323,-0.6456067682135902
-1.6007100050358105,NA,-205.21527980513594,PZ,-0.9009827007516009,-0.06382706191780024
-1.6411552809805188,NA,-203.6310907161258,PZ,-0.501392180571788,0.0742223236765964
-1.7783010234962313,NA,-207.1271061148933,PZ,0.677703288762137,-0.5277458996169575
-1.7717343667481615,NA,-209.83534703006,PZ,-1.0011859286686005,-0.5497611291308957
-1.870882160990477,NA,-205.86559681141625,PZ,0.17020572238745058,0.09715990206723452
-1.869065079550448,NA,-204.3464842183852,PZ,-0.2604809167714366,-0.14048483421569177
-1.5753774166422023,NA,-208.81599649852794,PZ,-0.10131580074439706,-0.12183499787847002
-1.627974500856302,NA,-205.05092324319236,PZ,7.516187258364004e-4,-0.6486906396325924
-1.5186049761785687,NA,-206.8801949375275,PZ,0.3364550710782551,-0.4935115576651227
-1.860020980015768,NA,-205.84985830469284,PZ,-0.7490999256507354,0.7320504600667037
-1.560936269294442,NA,-205.98869374379996,PZ,-0.7401684482402014,0.4348018567921757
-1.7182097063181996,NA,-203.89491029152677,PZ,-0.8027344430746963,0.1858580150261096
-1.569364866298162,NA,-204.61066989713225,PZ,-0.9246407491191525,0.03029887948353639
-1.7693961987947207,NA,-207.784221962503,PZ,-1.0224440856646786,-0.3538749110347956
-1.5790030978111385,NA,-206.13249735430782,PZ,0.40186840508983124,-0.5058433851211004
-1.5204685544008758,NA,-206.0258300677067,PZ,-0.6619715607091425,-0.42096340781444536
-1.9031954320490203,NA,-205.44641131802305,PZ,-0.492888038693826,0.5629794928421714
-1.722117565077366,NA,-204.57063205021578,PZ,-0.016467312976959886,-0.4129163630452616
-1.6825792492119596,NA,-205.42330453954582,PZ,-0.18504620423746015,-0.4212043659320719
-1.8776987002223897,NA,-206.64126958664036,PZ,-1.2900375941955908,0.865500702517781
-1.73107653193911,NA,-204.61459659315153,PZ,0.032614173755533035,-0.4581341898223732
-1.9051100626534372,NA,-204.36326377493472,PZ,-0.7066580228792262,0.3923492846081486
-1.6391116547699642,NA,-205.0671749134725,PZ,-0.3313270322971014,0.24293788242686729
-1.8010687389471631,NA,-208.7422398886479,PZ,0.6597096307610559,-0.9995266766824246
-1.8573140332828522,NA,-205.19325738378888,PZ,-0.7634308330990808,0.032891211119300545
-1.971765307919214,NA,-206.9643528309851,PZ,-1.3111917008699079,0.7930570841628177
-1.697335537002873,NA,-203.9995269124163,PZ,-0.0040813298928993325,-0.23304837707478948
-1.5544385047694884,NA,-204.4593010819926,PZ,-0.424718815993914,-0.3873788354616849
-1.8949308104636489,NA,-206.6340791593361,PZ,0.15805579449948923,-0.04086269120774655
-1.7323701693653426,NA,-205.30778390054581,PZ,-0.5206869575548971,-0.3721151020203664
-1.7677859199631052,NA,-204.28523124752806,PZ,-0.9492516100960852,0.4240833784417598
-1.64829465834809,NA,-210.06537393790927,PZ,-1.167628180001603,0.9754796089487581
-1.673090868607468,NA,-203.60873846373983,PZ,-0.5575617901125971,0.15749372633032338
-1.602275263995713,NA,-204.73224008247695,PZ,-0.6801062027588587,-0.10692149939833645
-1.7035767482032274,NA,-204.28088130666137,PZ,-0.9254175519792313,0.08080572010589963
-1.5749210610789715,NA,-206.52603779777843,PZ,0.37698976452215743,-0.3923354235709966
-1.6766975773323842,NA,-204.47845457492343,PZ,-0.18589490718889223,-0.33375971887920935
-1.6146876795287717,NA,-204.51469933436405,PZ,-0.49942804963226095,-0.16311145488877288
-1.4870463619319378,NA,-205.6503835878626,PZ,-0.4370778216147543,-0.183300678225029
-1.5705344826933056,NA,-206.9967307316552,PZ,0.09956263781375817,-0.9060399828562555
-1.7598685959939033,NA,-205.13381402225394,PZ,-0.1586938214315849,0.22600048302773396
-1.5280783050268265,NA,-204.74508288075543,PZ,-0.8621624567835846,-0.07430359685037846
-1.5403915226057834,NA,-204.9664916298878,PZ,-0.7628592324423622,-0.2529645334428344
-1.801430112469863,NA,-203.94998230674406,PZ,-0.5185207937071481,0.15498064636121656
-1.759488250913104,NA,-204.63818867516122,PZ,-0.9523430586026456,0.5493920901091542
-1.8995016943777714,NA,-204.97965786233613,PZ,0.060632516952015686,-0.04532011241726064
-1.678711119713242,NA,-203.9854553645024,PZ,-0.8080342893131551,0.22708932585198693
-1.7972143238337797,NA,-206.565285328928,PZ,-1.3560211194585536,0.8007262233554354
-1.4457142679306259,NA,-205.79113231333008,PZ,-0.7853445475814349,-0.13537235894715993
-1.6915612172704035,NA,-205.1152740922717,PZ,0.15351119641490488,-0.5200758583528351
-2.0509770150884354,NA,-206.33806362942087,PZ,-0.20664783154274735,-0.056005835560350936
-1.7419531316278423,NA,-205.90754554020182,PZ,-0.4762883930595053,0.2676767000720004
-1.4444162790002026,NA,-206.20970879935717,PZ,-0.8643430578831136,-0.12405911220235075
-1.5931311294452775,NA,-204.3847217679689,PZ,-0.9124299968649594,0.04462112777342196
-1.6239212140077781,NA,-205.4568364700646,PZ,-0.5571625736946275,0.31989068768120155
-1.924720856254238,NA,-206.38957461842534,PZ,-1.0845919363387162,0.8495357058609032
-1.8147010034946125,NA,-205.6368706689474,PZ,-0.7297504328202391,0.6138782341486549
-1.896573124417523,NA,-204.33879764395027,PZ,-0.5437047852354195,0.20318667089346704
-1.629554043820316,NA,-207.18425806180264,PZ,-0.04525796244431615,-0.24852927433539057
-1.2643159569083866,NA,-208.737430105971,PZ,-0.7681082594463422,-0.21906233634013922
-2.058533485594701,NA,-207.18309095290235,PZ,0.27975306978669023,-0.16158987104233435
-1.6977471711758088,NA,-207.34143365379146,PZ,0.6631780738737146,-0.8579088517787574
-1.7693170319498825,NA,-204.1251951345257,PZ,-0.04346215125873898,-0.32792443721251185
-1.6454411225595633,NA,-205.65024595590245,PZ,0.028252973509294288,-0.6181157201752515
-1.7499462619894008,NA,-204.57746115679558,PZ,-0.0695099913159069,-0.20378883747728854
-1.8440238994000029,NA,-204.57896515632112,PZ,-0.33750973580173255,0.2461791693561881
-1.7261644771023978,NA,-203.70544371738993,PZ,-0.2828568345330555,-0.1377376666402199
-1.6237405536075917,NA,-203.79952876239068,PZ,-0.6987891305245949,-0.05391436318580431
-1.5161391653138412,NA,-206.98747597025923,PZ,0.13201234715207102,-0.9479661934823191
-1.8831991466765998,NA,-204.74917175716183,PZ,-0.33926321433827483,0.17230937315839143
-1.55480146997394,NA,-205.2952349675271,PZ,-0.4900829325635621,-0.019274616010762614
-1.666775916336203,NA,-204.69583421414615,PZ,-0.18359507303568548,-0.5264286870443445
-2.003133658448989,NA,-207.45472138478846,PZ,-0.709451828343215,-0.12445627047729373
-1.531907462144381,NA,-206.13855993660488,PZ,-0.21522995465982575,-0.18656690093809103
-1.6610733302017244,NA,-204.47127608606252,PZ,-1.0076321800286472,0.04881126074389355
-1.8806836889718284,NA,-204.24101625960202,PZ,-0.234332025060193,0.029236713390692948
-1.793176014233395,NA,-204.07288304252262,PZ,-0.8653205589294369,0.4156602855270124
-1.5912867591354187,NA,-205.55751685512638,PZ,-1.2981531680191036,0.3205996466757558
-1.6323565677008396,NA,-204.2880182932101,PZ,-0.232656297577309,-0.44169349277750186
-1.5924554456320763,NA,-204.4822956750726,PZ,-0.6539657139885138,0.07688439878551594
-1.8771069027741225,NA,-209.79765510135218,PZ,-0.467638798352394,-0.27536722677164704
-1.87292709970367,NA,-204.49041880259588,PZ,-0.5280057437949701,0.008970243240660758
-1.782710527292963,NA,-207.33655837895927,PZ,-0.7972252210001374,-0.23483738811459776
-1.788361932247738,NA,-203.96950255846517,PZ,-0.38258254794769136,-0.07511337522997241
-1.9647989955799883,NA,-206.51498793750878,PZ,-0.9262978566197051,0.09101723341538034
-1.93777264157509,NA,-204.76121733213088,PZ,-0.6023279040711232,0.11313820459132685
-1.8678286307777852,NA,-205.5061373337592,PZ,-0.7076892505917052,-0.15273258783294927
-1.5530535122791624,NA,-204.86657980627655,PZ,0.014617391694923376,-0.3592884394247254
-1.7067119110470765,NA,-205.60627363907258,PZ,-0.4169785469072313,0.4449562637816565
-1.9087561998399538,NA,-205.92399871771696,PZ,-0.823772379248936,0.7554563605982481
-1.7779049628421184,NA,-207.72043968137527,PZ,-0.5040590711458559,0.08799795114803514
-1.6691907153482675,NA,-205.3384517976427,PZ,-0.5105659384412129,0.4190843708877049
-1.825779414538343,NA,-205.67306686041127,PZ,0.09295630550855627,-0.498314733548359
-1.6793375112451339,NA,-205.10776776779204,PZ,-0.3429870037830872,-0.024378497436276347
-1.665913581460862,NA,-203.6655293379726,PZ,-0.2681862333926563,-0.2529277701705767
-1.7258196229698812,NA,-204.52195464763884,PZ,-0.17816281534040998,0.17488572213141274
-1.5295090626440242,NA,-204.9962440542189,PZ,-0.023858548560292625,-0.5600053769710657
-1.4461890378815414,NA,-206.2916243524397,PZ,-0.3435324254206581,-0.13883279553969746
-1.7070679214746027,NA,-203.87588027042815,PZ,-0.8486789572859806,0.1790490835172986
-1.7293714112280585,NA,-204.12612838490847,PZ,-0.05427754168340376,-0.20972794808594764
-1.721301406892685,NA,-204.4287288537261,PZ,-0.04460532062922133,-0.28528099902234844
-2.0426795839013567,NA,-206.70737218135116,PZ,-0.9380104169581488,0.45209663501552017
-1.9389562630210455,NA,-205.52158583655591,PZ,-1.032915985444832,0.6557521390798642
-1.4880465664925002,NA,-204.9651535830974,PZ,-0.16231830530051494,-0.3186581185656686
-1.8982812847026853,NA,-204.53602154763877,PZ,-0.59374313614745855,0.029240038554179323
-1.7352004397288803,NA,-205.36209223483274,PZ,-0.8317434432525433,0.17625441105780384
-1.3989731979226658,NA,-207.7070722039292,PZ,-0.19797214361723836,-0.40786718915453446
-1.9401338389260763,NA,-206.13029740445313,PZ,-0.9770224442732647,0.50490807119635694
-1.964148692416177,NA,-205.3111815211599,PZ,-0.8119656074170981,0.22732521434923392
-1.3896592335015787,NA,-207.6147078403163,PZ,-1.133804860874721,0.1461716397908291
-1.6819941943698786,NA,-204.6514422340889,PZ,-0.7628913573027122,0.4305537427561766
-1.689177441487043,NA,-203.79190216213502,PZ,-0.6813897088431304,0.13301253193736595
-1.7056869155679126,NA,-204.56526481959642,PZ,-0.3674327772000213,-0.4233829266375878
-1.7370324142470885,NA,-204.51207119836067,PZ,-0.4090502809815879,-0.303436421988956
-1.8448399839768654,NA,-205.4370052396152,PZ,-0.5245266313438672,0.5741321585859448
-1.6023739064024218,NA,-205.71990387742647,PZ,-0.07948475872197011,0.0393849385138203
-1.8696648161825817,NA,-203.89489142844135,PZ,-0.4251004241849439,0.07295352825040817
-1.6058716527547319,NA,-204.72445457652861,PZ,-0.016493448807025968,-0.12171327548835667
-1.5627185088837348,NA,-208.53769414256897,PZ,-0.38306199317623874,-0.14861970619747505
-1.7761056076195962,NA,-204.47178711354144,PZ,-1.0450710304000663,0.27319379842685143
-1.8973685801869926,NA,-209.02332280446925,PZ,-1.1016945186244718,-0.18234579633593317
-1.7373547796977782,NA,-204.44762568561092,PZ,-0.9436935506153141,0.28580034403418275
-1.5842936916031867,NA,-204.26084692796968,PZ,-0.6945964022838269,0.14718209904883062
-1.798348149464157,NA,-204.67489419553922,PZ,-1.0493084000675594,0.5197031930225489
-1.8221801798840225,NA,-207.12167826171142,PZ,-1.347192891215974,0.3281273349362621
-1.643711298640465,NA,-203.59859066019308,PZ,-0.39608599248069315,-0.05885478998292137
-1.6151979855642158,NA,-204.1800394621222,PZ,-0.8141895774617114,0.2572827764554576
-1.6599136979951,NA,-207.55079832298438,PZ,-1.6283287219370441,0.31677247699446665
-1.9920041393904617,NA,-205.70329778899273,PZ,-0.9392888940075932,0.4084097535846405
-1.9609513831363934,NA,-205.68597296210945,PZ,0.10153055324182098,-0.016462444022911582
-1.836378902739919,NA,-204.37783048442023,PZ,-0.5676271178140155,-0.10001835395197312
-1.6063530534781634,NA,-204.50122139531143,PZ,-0.8913529589138204,-0.06152888630947692
-1.6710252913818282,NA,-205.73767099948873,PZ,-1.0952462831562049,0.6010746244807549
-1.5205218824430449,NA,-205.0334599311885,PZ,-0.3554985722350847,-0.21052698165406505
-1.6650201076071125,NA,-207.33056596872967,PZ,-0.884881785754936,-0.4353876911942771
-1.6188794554763757,NA,-203.82993050267623,PZ,-0.7477219919265431,0.036150639194902745
-1.37466901765309,NA,-207.13213001292118,PZ,-0.4584893798791553,-0.35001473094814184
-1.6671408934062604,NA,-203.81781472414752,PZ,-0.8127664972583727,0.09372474044064813
-1.9397912497101237,NA,-205.32676391430613,PZ,-0.4027978422627441,0.305814224798907
-1.8218654763506577,NA,-204.44618598523437,PZ,-0.05673024743965516,-0.3299630159129472
-1.9279217225660374,NA,-205.28673949024693,PZ,-0.1294610900082342,0.16968675680569362
-1.9127872043611998,NA,-204.44525407127742,PZ,-0.19452371984501698,-0.05842260069341132
-1.5083866864383413,NA,-205.0647360188529,PZ,-0.4921147529786632,0.06718505476873093
-1.757959845389786,NA,-203.85552045907963,PZ,-0.06539853197775035,-0.18307698849775347
-1.3813173459035126,NA,-206.65748686290544,PZ,-0.8759463167058241,-0.19270364410590293
-1.9752952836758197,NA,-207.45034668091074,PZ,-1.3707985315882962,0.5089906787021657
-1.7470758552813443,NA,-205.30951167061815,PZ,-0.27551252093962036,0.001761125669241942
-1.748161395477972,NA,-204.5930891466527,PZ,-0.9372044066308476,0.1650846491935788
-1.7900332095267428,NA,-205.98662791490221,PZ,-0.2801347720986607,-0.471166497897141
-1.8955180152646125,NA,-205.185455306999,PZ,0.05356821891816729,-0.27792201742731315
-1.8930547240992042,NA,-204.10125748995517,PZ,-0.6214632034461567,0.2317475789775802
-1.7073252906128338,NA,-204.4653564632681,PZ,-0.603641480056421,-0.22667878481678128
-1.7678328879866685,NA,-203.70463273464642,PZ,-0.7222532297755342,0.3011985482884872
-1.5747550285324523,NA,-207.03506526491168,PZ,0.4264172227247288,-0.5303785445538044
-1.6116291577227964,NA,-204.31858660010568,PZ,-0.3027256737531654,-0.2776897029105976
-1.5146347191359786,NA,-204.54102542838962,PZ,-0.5487354737801771,0.005089191633055962
-1.7820150535331738,NA,-208.58572136518646,PZ,-0.041524470487799225,-0.060550519672097416
-1.7052276730321014,NA,-205.6504726957833,PZ,-1.0357652792276422,-0.14086728820594258
-1.7039234349024015,NA,-204.7267179674274,PZ,-1.1645286838287554,0.24426785369733417
-1.9497150287723988,NA,-206.37444416683874,PZ,-0.2820012449571797,-0.1969776980305854
-1.9631254801727922,NA,-205.47509913908007,PZ,-0.47229645400706133,0.06742252999855061
-1.7877824923197678,NA,-205.33374774515013,PZ,0.10909152211968332,-0.4645547477096533
-1.5370949074644389,NA,-204.9125020846052,PZ,-0.6052046386359506,-0.017407723802165376
-1.7328382066841173,NA,-207.86066745191593,PZ,-0.616071145204788,-0.611549460114226
-1.4882117911285104,NA,-204.92833886387464,PZ,-0.6188269538096294,-2.5751604918977655e-4
-1.7718131625193905,NA,-205.71950449360668,PZ,-0.42319581830580033,-0.4808211456082011
-1.6976420855743197,NA,-205.10083984015924,PZ,-0.8498687952092628,-0.14071475419676527
-1.8557830405340923,NA,-205.60688188834118,PZ,-0.1384566586144325,-0.388845856292408
-1.693930265549355,NA,-203.57153840903123,PZ,-0.2865744360009235,-0.03276235237050398
-1.9692118588637142,NA,-209.615321635489,PZ,-1.359124451163232,0.9835798650443651
-1.4735501247724505,NA,-206.1873907988448,PZ,-0.16501837285652443,-0.12504382710511278
-1.8463439930432415,NA,-207.75415726249983,PZ,-0.05136497155043668,-0.3662558310934145
-1.8804426917875223,NA,-208.52515686942886,PZ,-1.5463451007271736,1.0386900972098607
-1.913907490775443,NA,-204.62914784322078,PZ,-0.2992121469234513,0.2829334616815248
-1.7276664784007394,NA,-205.13347267168268,PZ,0.3342067694726927,-0.4944053753265118
-1.861952586482401,NA,-205.25616801013732,PZ,-0.22823043479723276,-0.06883137935154252
-1.6607341910913114,NA,-205.28037953955385,PZ,-0.40376876937057765,0.35266674350111427
-1.7819552856569763,NA,-204.84870722414914,PZ,0.18601311842980275,-0.4205962800497716
-1.9070444195453955,NA,-204.57606215457446,PZ,-0.08966912880472372,0.05841619516614332
-1.6714997442113975,NA,-203.87786488918678,PZ,-0.20457396327926886,-0.2724265877545374
-1.6742416640109274,NA,-208.0020575641437,PZ,-1.2440262479076258,-0.0054420287430670955
-1.9833800094632472,NA,-208.36340045935583,PZ,-0.09328091649260811,-0.5928169503559888
-1.866818715034281,NA,-204.9331845624515,PZ,-0.3956439392267467,-0.2462990244266892
-1.6305879541419586,NA,-208.97223524680666,PZ,-1.8658916579441582,0.39182115258593336
-1.7841136923132344,NA,-203.63140025596024,PZ,-0.5721648677862028,0.19331149150286026
-1.7390816467932622,NA,-205.90154251055688,PZ,0.17152628228719402,-0.7564813562734293
-1.7747333857054215,NA,-205.2435779329658,PZ,-0.713615826780302,0.5001018001466341
-1.691674043324302,NA,-204.29292561295404,PZ,-0.03159668957216639,-0.31070056101759413
-1.6696573194419289,NA,-206.01624409069345,PZ,-0.911836705660453,-0.20129572085483463
-1.6689193094536823,NA,-203.82841774626667,PZ,-0.6450708997482698,-0.08618093583710604
-1.4813238051485962,NA,-205.54676800658967,PZ,-0.058035756961776874,-0.2837025388876724
-1.643898526084369,NA,-204.58353525482104,PZ,-0.7632717212359594,-0.1102153076745163
-1.5837217194945443,NA,-203.83850796433148,PZ,-0.41761699098644445,-0.08223934655203496
-1.710448148165824,NA,-205.4269459910357,PZ,-1.1491474186831836,0.5936796503134513
-1.8698425285199891,NA,-204.76275755427224,PZ,-0.501786690540456,0.058129561731655455
-1.9285028660898926,NA,-204.93224299233327,PZ,-0.425289527211064,0.03601438257118014
-1.670506891469792,NA,-206.0758187457151,PZ,-1.193895023941191,0.551936831646405
-1.832743657719577,NA,-204.08703684767596,PZ,-0.309372296348044,0.14929064176386198
-1.9866423586962432,NA,-207.39425583150816,PZ,-0.9114269041775194,0.15538667263771627
-1.8623559619843046,NA,-204.28973760340108,PZ,-0.3956271277161135,0.08858343581705988
-1.9521558131953327,NA,-204.6038717977041,PZ,-0.45398613323790304,0.259312834887408
-1.5029156600270555,NA,-205.74711150504223,PZ,-0.6756451091999158,0.08318766185174459
-1.7549127536359435,NA,-204.46326625391342,PZ,-1.0855805625814874,0.4232456607964703
-1.9433055126737484,NA,-205.44353281582158,PZ,-0.32106213980124704,0.279261071869919
-1.6266500717441674,NA,-203.99475372544586,PZ,-0.47019369154934354,-0.22865943140462583
-1.829765058957392,NA,-206.64646776545877,PZ,0.5223050034462043,-0.27407218483614465
-1.9464384525439833,NA,-206.18743369627788,PZ,-1.0376974348544306,0.6342909981855551
-1.929684302378949,NA,-207.32693954047977,PZ,-0.8836271659008348,0.029576450756611732
-1.95028607781184,NA,-206.83132729948497,PZ,0.28252760962126966,-0.5458319722240402
-1.7257156638251427,NA,-204.78862671502358,PZ,-0.9119059516010706,0.16990261014183472
-1.5844540048258386,NA,-208.41863292212452,PZ,-0.08187293973311859,-0.19389367778626074
-1.7516292637217687,NA,-209.4464879379266,PZ,-1.1574731233119147,0.9614253190669583
-1.7678861232977052,NA,-206.61900938005874,PZ,-0.7257412648447441,0.6916799382808057
-1.8999635972996913,NA,-206.25666520696055,PZ,-0.16962434240762847,0.43684198928784507
-1.7583598475843794,NA,-203.66808235708842,PZ,-0.40074998443400867,0.15754367129497432
-1.5537972078350557,NA,-207.78995483417376,PZ,-0.8374032814081455,0.33355815950591505
-1.6488281853043012,NA,-204.10337492440453,PZ,-0.541987476565419,-0.045010685198605516
-1.7766636865727334,NA,-205.71683983469492,PZ,-1.0550178438787852,0.010357688570428736
-1.8461897473999103,NA,-205.34517219762208,PZ,-0.10074382957215133,-0.4605915065280626
-1.5315592705917165,NA,-204.27346956708575,PZ,-0.3555668990079878,-0.18394976007150063
-1.6287182974261054,NA,-205.16033880071063,PZ,-0.65219538776466,-0.09768301736401619
-1.9364337086310324,NA,-205.29325836003258,PZ,-0.27108269017826203,0.02782463090968665
-1.739461097590945,NA,-204.05098115816642,PZ,-0.38261040434964433,0.12244306370488754
-1.7298868919833357,NA,-204.45931642469154,PZ,-0.15666487325226347,-0.3987000605836408
-1.7955707415688456,NA,-206.3013761413509,PZ,-0.48470103956582,0.02435450003671291
-1.4036888908372545,NA,-206.02666407277022,PZ,-0.47984873752246016,-0.15771917805442226
-1.6801313142266405,NA,-203.84777875608356,PZ,-0.27755830934746195,-0.2632708040976363
-1.7461402578303566,NA,-207.39156992777504,PZ,0.1706589950172196,-0.7254709475098247
-1.585410470623313,NA,-206.54463952019833,PZ,-1.219868617932085,0.3323900783328397
-1.6798003270280149,NA,-203.83676876240364,PZ,-0.5304800676495893,0.11363285827493143
-1.4979265350374362,NA,-208.46670293312386,PZ,-0.935869706506792,-0.10507747054016961
-1.6627281794152264,NA,-204.5355929409185,PZ,0.0616008855155122,-0.31254226204236013
-1.5842325541975295,NA,-204.96183864752692,PZ,-0.6146716160644277,-0.3883216257529798
-1.626682178369717,NA,-205.96002810418946,PZ,-1.3484583859818429,0.17323608993820264
-1.8551374262842246,NA,-204.80710435903006,PZ,-0.5345516121090071,-0.1110061674136254
-1.6304907262937576,NA,-205.0254574620752,PZ,-0.42676399151849864,-0.340936757188655
-1.7944501977385594,NA,-204.7538047539675,PZ,-0.7215100132805485,-0.14648975193619235
-1.8648441354202974,NA,-204.05947109593717,PZ,-0.5862530076442599,0.3310883969646976
-1.8221272199428111,NA,-205.78977993304625,PZ,-1.2302578555005643,0.609620719036502
-1.5416279196962954,NA,-204.70017286365092,PZ,-0.9078271479396892,-0.028378883667271145
-2.0352617722790587,NA,-205.76302642563022,PZ,-0.7717179720524252,0.5020211281229594
-1.7727891174576145,NA,-204.14601290998294,PZ,-0.6909973921879647,0.17480493531701474
-1.4435514461032146,NA,-206.09133725966828,PZ,-0.6274784609795984,0.1420278972139493
-1.8911459048075023,NA,-204.2479396912744,PZ,-0.5842567744972216,0.14923570157251498
-1.5660817276455257,NA,-204.72609534227968,PZ,-0.9699154024941488,0.06667892229560628
-2.1122920560210336,NA,-207.80296319900492,PZ,-1.0863239434036518,0.5678742986910571
-1.8625074524041292,NA,-204.94571336031416,PZ,-0.45317387600727693,0.45407616124147465
-1.9401587750452662,NA,-206.68735177951496,PZ,-0.45698223482467515,0.47821747333405557
-1.8098258445771753,NA,-206.7351859722662,PZ,-1.3569341317914945,0.37069641567058076
-1.6099364563218945,NA,-205.30158729533758,PZ,0.09095727699312878,-0.6946388873812525
-1.6523521324702675,NA,-205.0541835317447,PZ,-0.5992820742703944,-0.2514996375116445
-1.6790883607973457,NA,-204.95864625528344,PZ,-0.7553186246303369,0.4950446195289368
-1.4989414445378126,NA,-208.11867019391093,PZ,0.22397920982136305,-0.8936058751525771
-1.7377103317272455,NA,-204.72477753965362,PZ,-0.9121286891613007,0.3766817617501765
-1.5630818399946222,NA,-209.08471081044243,PZ,-1.0938097219136842,-0.4308237481443531
-1.7129998020246457,NA,-204.02571904910647,PZ,-0.06194147382823689,-0.29625026242131286
-1.587138535171332,NA,-206.01674671794106,PZ,0.2063073396642444,-0.786945485575573
-1.6686052197969832,NA,-203.54042889722902,PZ,-0.35063723995075524,-0.1654570857605831
-1.6277761574685956,NA,-204.58115605851532,PZ,-0.6554978001153935,-0.00465009025499907
-1.567198269245865,NA,-204.83564197850257,PZ,-0.07289026796080492,-0.16722567690245985
-1.858854372584518,NA,-206.3804574553746,PZ,-0.9022794483314652,0.056431140978581845
-1.6740962820964702,NA,-203.8036862654925,PZ,-0.7773280697335389,0.028013126281039524
-1.8226564322630623,NA,-205.07205547358294,PZ,-0.26549310924909475,0.03212594013360688
-1.9034942830395445,NA,-204.56390427803706,PZ,-0.41957019527680095,0.21278369848550693
-1.6480658407280293,NA,-204.12503946004148,PZ,-0.24338639816591534,-0.29689123096159875
-1.5743537096281153,NA,-204.64451055323622,PZ,-0.02120540147370918,-0.5219609864323376
-1.892142239016524,NA,-207.50541195373663,PZ,-0.09985830524333025,-0.5483366405541314
-1.6867253816955787,NA,-204.79235841542067,PZ,-0.5901425142521343,0.42909038353314477
-1.719686882421328,NA,-204.03870455703276,PZ,-0.8467998922828153,0.10251809863053174
-1.6401026568509214,NA,-203.75940800110578,PZ,-0.646097651137006,0.15217252988328672
-1.7243450792183304,NA,-204.0542749662746,PZ,0.030457165831433246,-0.2187659612765365
-1.614207565097817,NA,-204.89851383319672,PZ,-0.27047804391709424,-0.09478956996005794
-1.6287508043557453,NA,-205.12116287093676,PZ,0.13535345496230633,-0.635975568132121
-1.8636517274141884,NA,-211.26642963096938,PZ,-1.609084917291283,-0.08378675985495482
-1.591168540394738,NA,-204.20770788273202,PZ,-0.24294926409233225,-0.40299948338824365
-1.514822192515826,NA,-204.76109340791334,PZ,-0.1806416253192215,-0.44119817322085825
-1.643000540503298,NA,-208.14126283523834,PZ,0.4252807540066118,-1.0045781247279015
-1.874662906931488,NA,-206.22522873549306,PZ,0.47812460158407105,-0.4391604921263398
-1.9642752301019375,NA,-204.89620698783156,PZ,-0.6719094670894745,0.45841378340161926
-1.7181972502568423,NA,-209.37103603182777,PZ,0.6746302543537697,-1.1785546432130343
-1.709027139904164,NA,-204.11789558268643,PZ,-0.6998867953079091,-0.12410626603122511
-1.8495361554324263,NA,-204.24222063009665,PZ,-0.683300639747028,0.2166570237186989
-1.7190652461627136,NA,-203.95450670140744,PZ,-0.5062354513039224,0.107687787822702
-1.7297454751203782,NA,-206.3286138162832,PZ,0.024820978059399618,0.127358755579089
-1.801387777978875,NA,-204.5028729928592,PZ,-0.6073097300627305,0.3718529720346603
-1.9273363813180249,NA,-206.02675433553088,PZ,-0.6698034258014236,0.16401044346869972
-1.6997802279726957,NA,-204.96345060829478,PZ,-0.23947065649198504,0.25233946600489415
-1.925689659745479,NA,-205.6979620433192,PZ,-0.18292587762264334,0.39398021658925103
-1.5891546733283555,NA,-205.14315705386093,PZ,0.04493574066342569,-0.33194184393233256
-1.6937090995741886,NA,-204.04441275520838,PZ,-0.8045825389226622,0.15788077428588376
-1.7029822552949951,NA,-205.05390086640293,PZ,-0.3749009862587475,-0.4579741760677257
-1.6491536737630934,NA,-203.79962344562617,PZ,-0.5727336917420521,0.07413663299822426
-1.99297711109874,NA,-207.1851807076536,PZ,0.3330460896123493,-0.30476583752082326
-1.7408218719921726,NA,-206.31216133217123,PZ,-0.5342193209660924,0.21243087309159703
-1.8249254030094897,NA,-205.25316112938094,PZ,-0.7959845915072294,0.42854781447376916
-1.5275442972902962,NA,-206.8630654915126,PZ,0.03372782133634432,-0.11676122693736657
-1.5083445774425412,NA,-207.10713473768683,PZ,-0.6631963818190778,-0.5223368836131927
-1.7403498818553889,NA,-204.99064746137404,PZ,0.24412319272765923,-0.3178060026175065
-1.8908754565788366,NA,-204.1572857278695,PZ,-0.3307681470698473,0.05141097250787112
-1.7740382825683298,NA,-208.1855828860181,PZ,-0.4868066494511014,0.49154440435566205
-2.06402602422167,NA,-207.05131121196214,PZ,-0.8555106431933575,0.43564391344292824
-1.8113539389893105,NA,-204.8849048733873,PZ,-0.17967113816756036,0.11170543841011482
-1.6842138520543,NA,-204.8499931068793,PZ,-0.1331520323550677,-0.09324799793016306
-1.847174019258967,NA,-205.4940149147404,PZ,-0.8555653463213888,0.28669132688022336
-1.8358263861475783,NA,-205.05509835359618,PZ,-0.6592973647882944,0.05103173685579712
-1.627712846615415,NA,-205.20799358356868,PZ,-0.8796998084148366,0.14501021217370968
-1.6679124192849055,NA,-204.80825408493385,PZ,-0.1913806511875247,0.03781335717471238
-1.6155968427370067,NA,-204.54139208971685,PZ,0.009098861371344316,-0.2944723051196
-1.6547582396718339,NA,-203.68071895348436,PZ,-0.6295267254773284,0.07474081735173108
-1.704524231429059,NA,-206.5633359252361,PZ,-0.27684703545823075,0.26470720154091315
-1.6336125028059525,NA,-204.42041142723122,PZ,-1.020356665960188,0.17950815671567322
-1.7721728719309173,NA,-204.2595116895557,PZ,-0.5068203056399931,0.22102931767984868
-1.6490757848244284,NA,-204.858114258333,PZ,-0.3871679276700419,0.05257486658441694
-1.4678216780245867,NA,-208.02513782642683,PZ,0.279429749689556,-0.6689434616138072
-1.6056819229847261,NA,-204.63916425461613,PZ,-0.35149589055188507,-0.24519339679492164
-1.6019223596548848,NA,-204.188086129131,PZ,-0.5404412298776156,-0.01015151245381049
-1.7585461651583512,NA,-204.149000100704,PZ,-0.7770629491397498,0.11917901605045628
-1.8967536480274074,NA,-204.95296002038648,PZ,-0.7307380435118733,0.5433915615668489
-1.4607565918106908,NA,-206.46943481182626,PZ,-0.22360930941016322,-0.41715736257887753
-1.6120306808143288,NA,-203.71622905702202,PZ,-0.407576689714131,-0.12368448017288729
-1.5260431128959349,NA,-205.98012022434412,PZ,-1.0378012880539365,-0.2229389741171074
-1.7031861400944852,NA,-206.83156486646018,PZ,0.04982921937128115,-0.8656447795434751
-1.8362641985892836,NA,-204.10294461839882,PZ,-0.8617009199050716,0.3404445031719882
-2.0017156059996495,NA,-206.56269888412217,PZ,-0.47553048859913716,-0.10806475279778854
-1.859679953592763,NA,-204.48732415276535,PZ,-0.5727776522999682,-0.054273099657053514
-1.5666924324627516,NA,-207.8600480500775,PZ,-1.3181811881845158,-0.19359302791477612
-1.784998940057635,NA,-203.89447073669922,PZ,-0.5117120473638868,0.00968846913322255
-1.8811482822998222,NA,-205.46087427513382,PZ,0.040781090614167764,-0.43705383161034767
-1.6172334328191684,NA,-205.4978177120999,PZ,-0.3286211525559206,-0.40310146667452645
-1.785326049247904,NA,-207.3631550056058,PZ,-0.7236238825287087,-0.243185537150096
-1.5728798195707057,NA,-204.87709263408297,PZ,0.04679149115985033,-0.47370232775916066
-1.5494579741529144,NA,-204.8228998633399,PZ,-0.5770932863822507,0.1860553478039134
-1.358006119704407,NA,-208.2356488789869,PZ,-0.2983186807349081,-0.023916863661265775
-1.6944009468129613,NA,-204.03442803752378,PZ,-0.5669180715071357,0.2842948294633445
-1.7871058740308676,NA,-204.86385468406144,PZ,-0.8436616495361812,0.14148277572202855
-1.6826245178840429,NA,-203.85157330929312,PZ,-0.8770894060882378,0.14498674699028505
-1.7268510046192156,NA,-205.90929106137912,PZ,-0.5261325513583044,-0.24571828768283854
-1.5892172091934522,NA,-204.61087492745668,PZ,-0.14843829318789706,-0.1934314739951152
-1.7879573060978733,NA,-203.76676187118562,PZ,-0.3088640882902155,-0.09356830464334548
-1.8307684694768136,NA,-204.41228363794232,PZ,0.024849896587294307,-0.2542860889940053
-1.6159372865496588,NA,-204.42785171257705,PZ,-0.6153629287296472,0.27091828833373355
-1.8239015179266733,NA,-204.9546780453194,PZ,-0.6040131435466403,-0.20163828818851898
-1.7350292691510907,NA,-204.94594649967053,PZ,-0.29138572109725513,-0.36804509451495127
-1.4407123360805507,NA,-205.83590842640663,PZ,-0.1510174619106322,-0.5229891109423304
-1.646962734828722,NA,-204.87108980990794,PZ,0.1120770357273835,-0.24808488396496592
-1.6105985386345882,NA,-205.67056050884068,PZ,-0.794654914698468,0.5019303506748007
-1.9901503468995352,NA,-205.46379631828174,PZ,-0.8897785159680676,0.5074100247481429
-1.6118006454336826,NA,-204.30646224464599,PZ,-0.8008697091044608,0.07291786068084427
-1.597751088368075,NA,-205.2195969123334,PZ,-0.2689373637083608,0.0013280309898944381
-1.7049188542255207,NA,-204.83431561753744,PZ,-1.0867300716630997,0.4335902735703687
-1.6523290042303322,NA,-203.61708623578488,PZ,-0.4439633313938465,-0.10090593517699653
-2.0045057997722675,NA,-205.50708731227988,PZ,-0.5745936855474767,0.4546662232488157
-1.8608666732989112,NA,-207.98745497725528,PZ,-0.5204354453855198,-0.533527232493196
-1.8149225612503037,NA,-207.76664842598947,PZ,0.5489376895106666,-0.5023199376870435
-1.45225175647753,NA,-210.9515849229405,PZ,-0.36322227677422375,0.4155877025749145
-1.784905708577336,NA,-206.90271305919626,PZ,-1.2508518610061055,0.6176644635448046
-1.7525763423662142,NA,-203.97388691768745,PZ,-0.40161333045573094,0.03273369041466925
-1.7244219560417426,NA,-203.7116339566303,PZ,-0.7053598667384868,0.17451995260566525
-1.6498969468926605,NA,-203.8309127981282,PZ,-0.7814069567698599,0.22121207220540637
-1.7488617144985692,NA,-204.23021651661637,PZ,-0.6446651304199061,-0.10870507625563008
-1.8943389775964055,NA,-205.7060002906174,PZ,-0.2606767006701948,-0.3735437664177409
-1.8122270587763734,NA,-206.1741938102554,PZ,-0.6772486659081798,-0.23056760101222057
-1.5897048284974555,NA,-206.27933399659048,PZ,-1.4137433809916582,0.29606491304895854
-1.7048525708216105,NA,-203.59393849368962,PZ,-0.7467171449635804,0.17427395165986456
-1.6630929674339998,NA,-203.5727752334541,PZ,-0.6095750004230345,0.033076452607271406
-2.0410770035025174,NA,-205.95018778729292,PZ,-0.23648103376421992,0.13903273815069817
-1.6423884037309155,NA,-203.73465369389285,PZ,-0.7137300472460959,0.024372714299676194
-1.6377789701803858,NA,-204.89010559888098,PZ,0.21782922866852134,-0.45885241404548993
-1.7652957414613422,NA,-206.03144085877713,PZ,-0.7993297448425092,-0.32191439185156673
-1.671788911415535,NA,-203.82786053826084,PZ,-0.6517874794483266,0.014077188054570228
-1.484952740401984,NA,-205.4464944992604,PZ,-0.9060806331660727,-0.17047064753277746
-1.843844782696257,NA,-204.12069895953317,PZ,-0.4368446694103021,0.3248769339329947
-1.8713005585742066,NA,-206.0097706078642,PZ,0.35689393281575754,-0.3021101048326242
-1.8328714528277066,NA,-207.10637813661916,PZ,-0.25986240434787733,0.5065192884706424
-1.8590000372775375,NA,-205.29865197246875,PZ,0.016359910354215884,-0.08434694873814588
-1.7899152519496186,NA,-205.97348753581574,PZ,-0.26781528414578665,-0.08806157005942972
-1.8598624210807577,NA,-205.20241613385522,PZ,-0.2593265573604466,0.18667297869871352
-1.9140581919890705,NA,-205.45687827421554,PZ,-0.45554462855536837,0.3941855411817118
-1.9655805343361137,NA,-205.60813757918126,PZ,-0.9259399723740215,0.6505748034706811
-1.825971769881451,NA,-206.26034628499562,PZ,-1.4041090377677925,0.45067462853587725
-1.7366576563035172,NA,-205.24137376836916,PZ,-0.8874329003111522,-0.15899760900145188
-1.6684454048465354,NA,-204.5888806015526,PZ,-0.6182232592888337,0.034918783934406644
-1.5477979626709804,NA,-205.27465594638787,PZ,-0.6534887480115283,-0.03664961772387093
-1.800490638004306,NA,-205.59750063668804,PZ,-0.9488571574132352,0.18991491674725008
-1.5293216346817458,NA,-205.30411769759363,PZ,-0.878414026558423,-0.1343947423676527
-1.5065554623199051,NA,-205.50290146786762,PZ,-0.8298857705372702,-0.06958607464051422
-1.634323682922017,NA,-205.96163068881023,PZ,-0.40018110392033646,0.3627480635457807
-1.6927179682343358,NA,-208.33831033903678,PZ,-0.1150739630442521,-0.003679087236759665
-1.7098318015485447,NA,-203.9400810567788,PZ,-0.8882152123768469,0.14649406461364878
-1.6588909888007075,NA,-208.16324609159273,PZ,-1.0294531183019848,-0.45849444591966076
-1.8272948647163214,NA,-204.4962163342534,PZ,-0.20416626151955986,0.05228288076825441
-1.3069013489530836,NA,-209.18686684320298,PZ,-1.0379103562973109,-0.16210684267914638
-1.6587488562031107,NA,-206.2320997234061,PZ,-0.380710925977763,0.43803124914284264
-1.7723784782734697,NA,-208.43742558835496,PZ,-0.8603524665928164,-0.16614152679309022
-1.820271247807605,NA,-205.19321985311385,PZ,0.26804953947086346,-0.45594334294619765
-1.7165475961652492,NA,-204.41861441975533,PZ,0.047784043231343575,-0.2969287137075092
-1.719800628671618,NA,-203.65425887649053,PZ,-0.6763380252183402,-0.004991696982748262
-1.9180636517377214,NA,-205.88344481906623,PZ,0.23947674008443043,-0.013590831962539074
-1.830426184179535,NA,-205.83990388393653,PZ,-1.1123560574335758,0.7596100541824232
-1.6787496652171507,NA,-203.5177163785761,PZ,-0.4496336252023589,0.07556408911270243
-1.664894107992062,NA,-204.11285102896684,PZ,-0.34442575576971013,0.1528807606761601
-1.7484663380653838,NA,-204.32705554391111,PZ,-0.5598626006961988,0.12456081184739654
-1.6709529317240546,NA,-204.02546536154117,PZ,-0.6950116157080154,-0.02970195462819547
-2.00356383084512,NA,-205.13707546163718,PZ,-0.43928133425419585,0.35437899883797
-1.761056370015006,NA,-206.51782700047167,PZ,-0.9038408230809317,-0.11145723913006805
-1.5586885043858387,NA,-205.51403871334327,PZ,-1.13581760294161,0.400267325078919
-1.6112505137855668,NA,-206.75241542089233,PZ,-0.20669550763451927,-0.8410172391351968
-1.942722705286949,NA,-205.16635031351856,PZ,-0.2541633700127939,0.03203945281184345
-1.8593940175612096,NA,-204.27751338690356,PZ,-0.19258256400307439,0.14388199031348942
-1.5051375963233415,NA,-206.9515286162984,PZ,-0.968719683668639,0.2682951973070028
-1.7211455876012047,NA,-203.42522183720212,PZ,-0.534997594582368,0.1268813806856154
-2.129063223388432,NA,-207.1147656995605,PZ,-0.724516819891073,0.6196958488471954
-1.5894943762258695,NA,-204.9604827561655,PZ,-0.12404823619811786,-0.4578305573034545
-1.5736310468199968,NA,-204.59220443073733,PZ,-0.8929412278610208,0.19235775550227385
-1.7019620624017064,NA,-204.9663201965475,PZ,-0.6214729117434505,-0.24448053384719953
-1.8551981883552509,NA,-204.56369171562386,PZ,-0.8542339843525903,0.12708188514800342
-1.614221212243116,NA,-204.09044610190023,PZ,-0.8853059854802229,0.16078663566826357
-1.9062948067958951,NA,-204.12427229321617,PZ,-0.4818987904339858,0.19293533531365623
-1.7399582673394627,NA,-204.9254913073649,PZ,-0.5261723689473009,0.45561680405214317
-1.5568836595348732,NA,-205.08271746080226,PZ,-0.20117051418050674,-0.13610294487784586
-1.855462809956534,NA,-207.67639493118648,PZ,-0.21851546124498736,-0.013115486241535107
-1.8454084161667232,NA,-206.98284791644326,PZ,-0.3158520955394777,0.22814215272277144
-1.7095368279505128,NA,-204.04701961355968,PZ,-0.6452447664255099,-0.13035093439148182
-1.567270973127357,NA,-204.13414354145868,PZ,-0.20483507975110238,-0.3040637294721177
-1.6208647061463506,NA,-207.144379572876,PZ,-0.8622634787249701,0.28382926910114586
-1.6128301785727666,NA,-204.08747797946327,PZ,-0.5834603530418808,0.15854373864140717
-1.4920614479148273,NA,-205.76299149978823,PZ,-0.39423012235737864,-0.6062049380466807
-1.370636691157093,NA,-210.4942318270218,PZ,0.5109268510017313,-0.6135351488375878
-1.7213650937268696,NA,-206.88586376320256,PZ,-1.4809705013767125,0.3890340378568313
-1.7054537183343732,NA,-203.69776052126383,PZ,-0.8102955470470818,0.15499618916735453
-1.8307524924287506,NA,-205.07601032413544,PZ,-0.6272204530383427,0.3939827151718158
-1.4735386892271303,NA,-208.31095238075144,PZ,0.2261693904576946,-1.1251135200385542
-1.6720456303737983,NA,-204.22689427336417,PZ,-0.4909713275301517,-0.17884684068998122
-1.8312861491028662,NA,-204.98644768255835,PZ,-0.8575495413531473,0.5848405069684283
-1.6004222679405324,NA,-206.30432158701544,PZ,-0.17498167550700755,-0.797911211141566
-1.876176448246534,NA,-205.5322612091543,PZ,-0.820826604072171,0.407800943729122
-1.7982682418936937,NA,-203.74975015809557,PZ,-0.37790745122426844,-0.11788690006582303
-1.7609587267924942,NA,-204.57641145173005,PZ,0.042123469543631,-0.408165883929341
-1.829686708860356,NA,-204.76252499006728,PZ,-0.6278376524152552,0.5007138424423392
-1.7677231879247286,NA,-203.48510198527876,PZ,-0.49580175950770156,0.12645735723342452
-1.7309456384779733,NA,-203.528461749902,PZ,-0.3306737579139377,-0.14785518134910292
-1.6151623982684666,NA,-204.42151556405335,PZ,-0.176315345735241,-3.536183914226304e-4
-1.7319169074748528,NA,-204.51589081018295,PZ,-0.5530943758060086,-0.07197467671768881
-1.8692780924047503,NA,-204.8980036197264,PZ,-0.28939614971798805,-0.02411166790791673
-1.5885960819855318,NA,-204.22650601947674,PZ,-0.4401608568514864,-0.33798757896234644
-1.7003417902407871,NA,-204.94052096645146,PZ,-1.1303826554171383,0.25623460461760417
-1.9551217499979474,NA,-205.90634877297958,PZ,-0.12911459679814752,0.16552534324959936
-1.965311706963977,NA,-205.5228879788113,PZ,-0.5555066123507392,0.1153089015943633
-1.4793626600230187,NA,-206.67904242694667,PZ,-0.5074941169948828,-0.002559608285092163
-1.4774359284659024,NA,-205.72349387229875,PZ,-0.9216743906033249,-0.06516496085587563
-1.818621029459437,NA,-204.56653117530482,PZ,-0.576502082614688,-0.05266197243430373
-2.1221376007579322,NA,-208.17904064046672,PZ,-0.7812437593136425,0.6476712195315395
-1.6679223222397763,NA,-204.78759734237687,PZ,-0.04515657247017035,-0.3718447955473575
-1.7176158848720084,NA,-203.7401074900924,PZ,-0.7872152965339662,0.156876284412976
-1.973402240807136,NA,-212.47274325289573,PZ,-0.04934826026309719,0.6584742695612482
-1.7044709663133377,NA,-204.12376256625802,PZ,-0.7847456405966787,0.3804461590552159
-1.471729481118309,NA,-206.0553200917912,PZ,-0.6884191918905489,-0.4677803288195188
-1.8306456561530982,NA,-204.5086129318739,PZ,-0.5515265287775339,0.06986844324087493
-1.6636905176850645,NA,-205.12373259693354,PZ,0.3058107921254931,-0.43692790696345885
-2.028418139533163,NA,-205.43519221963174,PZ,-0.2879555102129315,0.2140662869151206
-1.8109906903431008,NA,-204.16277592091737,PZ,-0.6271474962270691,0.3516455385790922
-1.88276408072878,NA,-204.60347197268837,PZ,-0.3631982398032548,0.3789823343662445
-1.6264260989602743,NA,-205.9179741063823,PZ,-1.124638154364396,0.3853476843071669
-1.8233221272138125,NA,-205.06764082149186,PZ,-0.23584632626718888,0.29963538698048153
-1.8579736515961984,NA,-204.80576591843896,PZ,-0.8114492605255089,0.03202804952041882
-1.912305548030222,NA,-204.72663422459087,PZ,-0.08031503537920973,0.11405266616433557
-1.7244750111440257,NA,-203.83933453274523,PZ,-0.40127962494017333,-0.12596704754458923
-1.620672820553236,NA,-204.29919038971389,PZ,-0.17575041357878052,-0.41581971488302455
-1.6944590036134095,NA,-206.52292157429457,PZ,-0.6029460094061936,0.10959436606732387
-1.6910905520290043,NA,-203.93323112773962,PZ,-0.4230636798304022,0.20885586146127777
-1.867481456343067,NA,-206.20803360256033,PZ,-0.9203477979063288,0.6342413887670063
-1.5223519320459125,NA,-205.90463360749612,PZ,-0.9437952012714617,0.043048189911847015
-1.5723466408447688,NA,-207.23848891958605,PZ,-0.8747966026635823,0.5756767478550678
-1.6693995048593375,NA,-204.00802389896478,PZ,-0.5928919903983272,-0.08224664701706041
-1.5603817092913779,NA,-207.83392052249567,PZ,-1.3872380279605714,0.47960265965482574
-1.7560805522091274,NA,-204.7418165279352,PZ,-0.35184710713081807,-0.11574371193760374
-1.638658767283792,NA,-204.46857189250235,PZ,-0.766388881439271,0.3249858135730827
-1.7352786465020715,NA,-204.50606719758088,PZ,-0.3428279719357316,-0.39433486757683045
-1.4933282509787786,NA,-207.10351746534383,PZ,-1.083661140586722,0.4912703563093803
-1.607339987481768,NA,-204.66565123472216,PZ,-0.8712805054487213,-0.029353832793242246
-1.6480104615288802,NA,-203.87002668212278,PZ,-0.33440284751465216,-0.26088124264688123
-1.6605508030318623,NA,-203.830348180338,PZ,-0.5550485766057225,-0.1885658889317218
-1.8922725201183799,NA,-204.85003504574854,PZ,-0.04979375995584582,-0.26183115447494787
-1.678739994398175,NA,-203.79137609059913,PZ,-0.275052052173575,0.023437099917663913
-1.7402085665685838,NA,-204.23358633911226,PZ,-0.5530363336115491,0.2737926988225414
-1.631284123227005,NA,-204.17454092774676,PZ,-0.8897051247473868,0.15816039659057402
-1.54736978193696,NA,-204.93014042288394,PZ,-0.23886939436488386,-0.4859705300266495
-1.7270526936188224,NA,-203.83361248462043,PZ,-0.5367530856602863,0.25071916658662785
-1.6811885508333133,NA,-204.1083269938696,PZ,-0.30300804064787745,0.13769180606937315
-1.7898489432576081,NA,-204.3410420520025,PZ,-0.23031796235985508,-0.25650765020495603
-1.9331850489115627,NA,-204.4290163483268,PZ,-0.5354781534718253,0.33527859841374946
-1.9231479385460961,NA,-204.93612671428704,PZ,-0.3225725882856777,0.13848511776485223
-1.519117680506238,NA,-205.38496015707338,PZ,-1.0540027156982195,0.18783081866952545
-1.8737016522024008,NA,-204.41408860713364,PZ,-0.2067039599062383,0.17645253672768213
-1.5792494428062884,NA,-204.42593454665223,PZ,-0.5936383652069371,0.0515222147372939
-1.9543239849079745,NA,-206.06478504916458,PZ,-0.9680711502600231,0.7774006156260251
-1.6151436447187255,NA,-205.5480357903528,PZ,-0.43579364729025194,-0.5884143167729843
-1.6027070634919516,NA,-204.63213442868465,PZ,-0.458730140708356,0.13603613209296306
-1.4566560663355852,NA,-205.48965221821481,PZ,-0.3984450891950267,-0.4064331197022985
-1.5959381698356945,NA,-205.76568209320834,PZ,-0.9594472089827331,0.3285998840553423
-1.6845842787174858,NA,-203.93763010577467,PZ,-0.8738358654144366,0.08808107174221713
-1.7634786258168664,NA,-204.3355613738925,PZ,-0.5424930187556549,-0.1839020638135016
-1.324211990764285,NA,-208.00849654699715,PZ,-0.9351898228987359,-0.02032788514075859
-1.867291516253873,NA,-204.52006819822833,PZ,-0.5768499845944802,-0.06373201214938888
-1.5721545047953898,NA,-204.09851773791272,PZ,-0.5276743219901451,-0.07597208856409973
-1.4035146575901398,NA,-207.45649662904128,PZ,0.0011907209919903988,-0.7912177974906782
-1.7450652866592047,NA,-205.06676666851484,PZ,-0.7823856267188483,-0.2125221285731529
-1.8352014054916055,NA,-203.9260354993348,PZ,-0.29233042145532573,-0.10932596966164444
-1.5815995781692689,NA,-205.8830943824681,PZ,-0.45514278964553,-0.25384589164834526
-1.7815041412263195,NA,-204.1095170370491,PZ,-0.28740843589470044,-0.22165830404290457
-1.6801093596264773,NA,-206.65103193087327,PZ,-0.588739280691125,-0.5880117037567419
-1.4252338773960598,NA,-206.65054855512577,PZ,0.12025001660208956,-0.5049853957611797
-1.782380066643637,NA,-205.03226049393436,PZ,-1.1596005865386583,0.451417369553645
-1.5448206993850737,NA,-205.083608484476,PZ,0.057508676231727056,-0.5989261537535628
-1.6416240192071845,NA,-205.97562712817344,PZ,-1.1078771722760978,0.14421379145855834
-1.6572805889041038,NA,-206.73580924369574,PZ,-1.4181072032909732,0.36343945531246896
-1.9180576889953183,NA,-206.2891496616126,PZ,-0.7089969244519059,0.07246118900322532
-1.6514814579968642,NA,-203.63795636266755,PZ,-0.3934543937408006,-0.012636990729516157
-1.8057453638354177,NA,-204.94830042470875,PZ,0.1781518053712512,-0.41764410608656366
-1.5908831209100474,NA,-204.62660170496943,PZ,-0.2629034095075017,0.05299754205673073
-1.7419517494888963,NA,-204.14548676538809,PZ,-0.8598769759558689,0.0794518521008448
-1.5744106495581012,NA,-206.04035534707234,PZ,0.05074525622295349,-0.4327620331955761
-1.824838805431197,NA,-204.04613422612042,PZ,-0.21654299356373602,-0.17959769706505752
-1.8407670188064702,NA,-203.98672969910638,PZ,-0.5706603623700395,0.012444805468931078
-1.7127096019045298,NA,-205.64795362911272,PZ,-1.036654197618765,0.23784385416082873
-1.6762484714651156,NA,-205.1266969217297,PZ,-0.7732844991419103,-0.08651777323636076
-1.6761414515661461,NA,-203.99740900959705,PZ,-0.5066426262933797,0.0067096451707161844
-1.7924043476452058,NA,-206.97917431182483,PZ,-1.5827510531616473,0.4163807067774873
-1.864289201973758,NA,-205.51749606032925,PZ,-0.8760968482454318,0.03095182187679203
-1.7145441934040775,NA,-204.76898240787148,PZ,-0.17626497144027306,-0.2177318495632931
-1.7624755462201505,NA,-208.7767936065909,PZ,0.3502976794808942,-0.19262764321850318
-1.6715503999590673,NA,-205.59783951794626,PZ,-0.6103114627692543,0.4600228296049579
-1.7543673299233267,NA,-204.0923014534901,PZ,-0.8426285241263095,0.12204102624944273
-1.4983716894920605,NA,-209.7426745443921,PZ,-0.19152170019043768,-1.0840655716225154
-1.7817386066985632,NA,-207.07544510245606,PZ,0.04452147823595057,-0.6516074688023433
-1.7635612634475888,NA,-206.25682910494007,PZ,-0.05459453321852102,-0.16054772850850857
-1.3189372342061416,NA,-209.07121266656907,PZ,-1.2021064392148324,0.1898536064529029
-1.8201833196310335,NA,-206.99452172873293,PZ,-0.5280398650940713,0.46516644300258214
-1.7960852623695094,NA,-203.53071716502825,PZ,-0.3687417383684234,0.06085474444621214
-1.7653900718630564,NA,-203.53267089081902,PZ,-0.4835577212995259,0.16646073491057795
-1.7219251494682157,NA,-203.55079276985288,PZ,-0.5952501570285678,0.2110309969588672
-1.774260512155917,NA,-204.14785741994888,PZ,-0.4239072315054096,-0.23539755575213034
-1.8356340462419725,NA,-205.0465761668022,PZ,-0.16656951978017323,0.04683190691605672
-2.1499712712007826,NA,-208.8631530536959,PZ,-0.30178583401934383,0.10162782285749894
-1.7616688691510753,NA,-204.44256202299724,PZ,-0.35726857470276574,-0.15440913030734357
-1.8333715231314096,NA,-204.44406850419466,PZ,-0.5704221506117004,0.3413218684724354
-1.6822691740722049,NA,-205.65120142568634,PZ,0.2901405173822199,-0.7075138542821576
-1.425055443683483,NA,-206.8242858332385,PZ,-0.9148900448012317,-0.3602322065392173
-1.7669877813969344,NA,-207.30370177098578,PZ,-1.084114537394286,0.6674043774331284
-1.7553682895620946,NA,-204.55707900853142,PZ,0.16018376497661677,-0.3079443783647455
-1.9291978987360996,NA,-204.90654880419768,PZ,-0.7943412711323734,0.21110366586328158
-1.8288260746555052,NA,-204.62976473382497,PZ,-0.15047870065909605,0.028261636130584397
-1.6848481273396605,NA,-205.1564523545033,PZ,-0.1727253455028681,0.20776190910594727
-1.6213108338226185,NA,-203.98960107319758,PZ,-0.6993519469698087,-0.04261400836860334
-1.918794915624013,NA,-204.901445244309,PZ,-0.5310371306934316,-0.010774972368788938
-1.7594195304545748,NA,-204.1039345185882,PZ,-0.05742945971581734,-0.07687828193574817
-1.7717694241528164,NA,-204.72221350616883,PZ,-0.9407733791419655,0.20836023984993063
-1.7197746588830882,NA,-210.38238802760316,PZ,-2.084346656936561,0.4997587930142277
-1.8179171431055905,NA,-206.01180751837217,PZ,-0.6143111603611109,-0.3311973993779894
-1.9555581400660322,NA,-205.30054473076513,PZ,-0.734084812138569,0.16593676686117254
-1.9038233156018787,NA,-205.43022535307503,PZ,-0.17551561662643805,-0.06786736975011555
-1.6349710448408854,NA,-205.7380397215484,PZ,-1.1300549140660652,0.4926759013246077
-1.8433939312268717,NA,-204.50353969691076,PZ,8.788020962064991e-4,-0.021983638764936086
-1.6015602495209478,NA,-204.97416454287662,PZ,-0.571058755965121,-0.013219664892774471
-1.7068870848495354,NA,-205.35333410059084,PZ,-1.1796619749501902,0.3134751570852406
-1.5398202536725627,NA,-207.85580561933892,PZ,-0.3493589640829225,0.13341693863673193
-1.6143511424258319,NA,-207.2837392889002,PZ,-0.5383344362197946,0.2653258428184033
-1.9525760225490019,NA,-205.3533785473878,PZ,-0.03848029497126651,0.11185095228292843
-1.5792494428062884,NA,-204.42593454665223,PZ,-0.5936383652069371,0.0515222147372939
-1.8383107603717435,NA,-204.95157769490734,PZ,-0.4352898700272534,0.39089053443651295
-1.7625778458315466,NA,-207.7468402771763,PZ,-0.37095732274413895,0.24107283555584127
-1.77383389227501,NA,-206.43574317091026,PZ,-1.0943525246650245,0.13294136898011297
-1.9017937266124436,NA,-205.6351115266484,PZ,-0.2063876273947266,0.24694627423342275
-1.6063005551983742,NA,-204.9155154392948,PZ,-0.14104677342035693,-0.032652985972218274
-1.5443355838871995,NA,-205.16802812884256,PZ,-0.7325268120670035,0.2720461513836796
-1.90396595179972,NA,-204.46607409460773,PZ,-0.3790724158381895,0.07881257383800272
-1.8844009502160606,NA,-204.64604347313124,PZ,-0.3718151824646869,0.10545722967892049
-1.9505606273229499,NA,-205.8382945036262,PZ,-0.3793282681312791,-0.0355547989580024
-1.9381284074963838,NA,-206.57433264221777,PZ,-0.9707054390305758,0.05042252259608945
-1.8214782670821674,NA,-204.04995497152498,PZ,-0.18089297549731953,0.09995781564918121
-1.6189481644841168,NA,-205.78972009656383,PZ,-0.054709035697046576,-0.7480411100420554
-1.5950527259665528,NA,-205.70384662239817,PZ,-0.3901043657641823,0.3024786929463376
-1.4158395749966484,NA,-207.81521248506712,PZ,-0.05910547267472746,-0.38502004661308187
-1.8490741905147958,NA,-204.8559350324027,PZ,0.12392742444181037,-0.18032196706857812
-1.8416183988969383,NA,-208.5537417227625,PZ,0.6686235071394693,-0.23224645627125673
-1.5268925000201268,NA,-204.6198283914157,PZ,-0.46449802342047053,-0.15014228998318657
-1.564143759661002,NA,-205.74767085632752,PZ,-1.1959107841138805,0.3873409830281229
-1.6894623708051688,NA,-203.7206073279392,PZ,-0.6049731768356535,0.22154372608346828
-1.548540622600832,NA,-204.95082738074345,PZ,-0.9263484195615168,-0.1279100566649619
-1.7821213602777595,NA,-205.1423617978583,PZ,-0.2357535148121643,0.30470496835624145
-1.9408292524285826,NA,-207.08673614721363,PZ,-0.5925498813965959,-0.28904514292093636
-2.0272640567748397,NA,-206.33402210695257,PZ,0.10734370130681825,-0.10666680994384287
-1.449085425856335,NA,-206.57052817753623,PZ,-1.0219756391878292,-0.23997796532178983
-1.5171075436758588,NA,-205.33130618923508,PZ,0.09361366148699427,-0.5857603236107398
-1.6717173678238686,NA,-205.08271434078492,PZ,-0.5574583685148442,0.434088377927745
-1.4358007795667853,NA,-207.72928588896661,PZ,0.12986340136759728,-0.9492988403561278
-1.5758542962011073,NA,-204.1159759188707,PZ,-0.6877551607961481,0.12645932902590523
-1.5426322424775278,NA,-205.5756162231467,PZ,-0.4870569391564855,-0.5459867446301089
-1.4645242354378962,NA,-205.96092199222514,PZ,-0.5776746041647324,-0.24072615937426867
-1.6821866637941438,NA,-204.0049848362434,PZ,-0.3734753838388861,0.1645899610552907
-1.7568090370288976,NA,-203.86077556279452,PZ,-0.1875478035061856,0.00130842920791982
-1.8198305527174343,NA,-205.51242547722205,PZ,-1.0480088072260452,0.7060479567411453
-1.7396584216403257,NA,-203.64703529159257,PZ,-0.5295577560688539,0.23794695259762766
-1.588749979275411,NA,-205.35673537830985,PZ,-0.6915926475548159,0.11319913781405866
-1.4998074364237204,NA,-205.64957924210293,PZ,-0.14650816696460317,-0.23235581562109475
-1.4615874172026224,NA,-209.4778248707684,PZ,0.6585254824884078,-0.6129149142448845
-1.832160204352478,NA,-205.07806154585026,PZ,-1.150343610085018,0.30966556786146326
-1.4494243592190463,NA,-205.1428794874144,PZ,-0.4529824261739133,-0.2358713836613237
-1.6518450763348083,NA,-205.22507118786126,PZ,-0.3878945584775983,-0.3388223762957958
-1.5981821024296914,NA,-205.76879110966485,PZ,-0.4944619964213589,0.34211499862486516
-1.7753697792541696,NA,-208.31386504567206,PZ,-0.21375985304867193,-0.2605315924980073
-1.9317149666242757,NA,-206.54957017466924,PZ,0.41407992725591786,-0.49091648982534664
-1.8491536439279503,NA,-205.34102519635832,PZ,-0.37064179475785275,-0.31820398642118564
-1.4373680753185665,NA,-207.18673574394134,PZ,-0.9169981543823573,-0.29817844572020713
-1.7178711294730695,NA,-203.625582258228,PZ,-0.4314135025783693,0.165645195740016
-1.7336305977216262,NA,-204.6430542908648,PZ,-0.6453312839487156,0.36803274963386645
-2.0953598874525734,NA,-208.9284836212187,PZ,-0.7161032283369106,0.04359324980596188
-1.6419689699384885,NA,-205.82655247055084,PZ,-0.9317100313941262,0.6071046213890128
-1.7418374727620614,NA,-204.5442210776256,PZ,-0.31977515026597414,-0.3628533562804692
-1.735712732174854,NA,-204.80969506896767,PZ,-0.22814552239079483,-0.42781007281542416
-1.7353536710936155,NA,-206.66290495264747,PZ,-1.5452190586812855,0.4674788830878627
-1.870828956990481,NA,-204.6333015608405,PZ,-0.44841553135246115,0.3991849720542673
-1.7341498794357904,NA,-205.26125359671224,PZ,-0.7636819520886066,0.4961859173860614
-1.5215544585496341,NA,-204.78726933442587,PZ,-0.06648864931297346,-0.4071743445860508
-1.7042971613763775,NA,-206.14415884397818,PZ,-0.06772935119886717,-0.19015737573046565
-1.8644113250383083,NA,-204.56512829263733,PZ,-0.6557302468363831,0.515483367037103
-1.8281010657636523,NA,-205.57383706079756,PZ,0.11803755606203324,0.0656813274625753
-1.736571497403138,NA,-203.59067144704306,PZ,-0.39915149478268785,-0.008557353985489291
-1.6486089045992338,NA,-204.8496762096609,PZ,-1.0792913495042789,0.34492655852306825
-1.8596565875002524,NA,-203.90645527850938,PZ,-0.494806287427634,0.2590553415901784
-1.6704148075226537,NA,-204.9399418417191,PZ,-0.6071049392165208,-0.28177131127271926
-1.9070792896257223,NA,-204.49372213156627,PZ,-0.7157891864150052,0.2159620066736022
-1.767546807802331,NA,-205.4272100095917,PZ,-1.054683818790749,0.026912901231971834
-1.631032773029288,NA,-205.59227192265666,PZ,-1.040761242158922,0.5714389676026975
-1.6992462674303221,NA,-205.1677578374125,PZ,-0.7817843487374343,-0.2667669488908312
-1.6369331533799107,NA,-204.78746029542359,PZ,-0.892216413112414,0.16654849535430966
-1.7272894363423619,NA,-206.91601097003286,PZ,0.08967247877864054,-0.8201858579468305
-1.7272092548325615,NA,-204.92306753003285,PZ,-0.4604732693737823,-0.31306027552050175
-1.5312134712354748,NA,-205.2810326230049,PZ,-0.2937453143644899,0.06474000327840271
-1.7380949695221806,NA,-204.45568300240245,PZ,-0.9844323741149479,0.23192555675196475
-1.789761159489219,NA,-204.55359174335095,PZ,-0.1532841194614959,0.051917066223088254
-1.6782384407221893,NA,-206.58588646802775,PZ,0.3853263877743909,-0.7950063924725506
-1.7657711324435346,NA,-205.2591633936823,PZ,0.21356727341267523,-0.08459845001663086
-1.7011602219301998,NA,-204.76653019796262,PZ,0.08521576628491717,-0.13147582604654612
-1.7055444222969098,NA,-206.73391034898535,PZ,-1.049179174299547,-0.2694544211570509
-1.697555209110551,NA,-207.9673262006111,PZ,-1.416469737875871,-1.9163798861749834e-4
-1.9869652067672494,NA,-206.08786590640918,PZ,-0.2437399490116804,-0.008482807422527813
-1.907470643542228,NA,-206.47212127692617,PZ,-0.36454442042102486,0.3965008633559402
-1.6255328495898236,NA,-206.90500293320386,PZ,-0.753752317601372,-0.43691565950954503
-1.7566693606085433,NA,-205.2062492599862,PZ,-1.251474545981232,0.40373471539611916
-1.6660558439779372,NA,-204.16349016526667,PZ,-0.4065137772328689,0.024683351101074877
-1.9718490007426837,NA,-205.08359142485634,PZ,-0.7798013766234684,0.4767747796017291
-1.7818433863855212,NA,-204.40762516478148,PZ,-1.0194017067646979,0.35143056953070595
-1.627752564391482,NA,-203.7631489598185,PZ,-0.6126259707572894,0.03072814027042864
-1.5612440685913598,NA,-206.97561274581915,PZ,-0.024728345711025022,-0.34251208078816353
-1.5314289145417261,NA,-205.05596850719166,PZ,-0.9544746997384914,0.2495962279163337
-1.837010534749755,NA,-204.97592420625486,PZ,-0.986051056320453,0.13477368036126353
-1.717062227055054,NA,-205.23674131666698,PZ,0.3545546809547345,-0.39561940771699844
-1.6086923504757653,NA,-203.74825794712598,PZ,-0.6606239538770526,0.0415777249917236
-1.8634364746767778,NA,-205.05221863608728,PZ,-0.5429104285955155,0.441033088582607
-1.8505038865978725,NA,-204.44963092973987,PZ,-0.5111103368835344,-0.09913062640157963
-1.6378175438369957,NA,-204.23885716612966,PZ,-0.10773312787774093,-0.31888041160417874
-1.7373342267502943,NA,-204.72530021648828,PZ,0.1822431315208489,-0.21597274507972203
-1.8286728104096956,NA,-204.46406002181442,PZ,0.056293409164080876,-0.07467548967205112
-1.8253539113923536,NA,-203.65655260064528,PZ,-0.5178398798729211,0.08067423311849793
-1.461696394889234,NA,-206.5293659976374,PZ,-0.9644058364959622,-0.31871972104506496
-1.623848010271731,NA,-204.9458757872448,PZ,-1.0192317369892747,0.24748314043943326
-2.0768754655742945,NA,-208.83471252597005,PZ,-0.9810409293322804,0.7426308312985402
-1.9234169537607155,NA,-206.437427601482,PZ,-1.351736862458076,0.572647121708798
-1.7094283004006305,NA,-203.61851203017153,PZ,-0.39177859672896276,-0.11115023457714454
-1.7489230598629752,NA,-207.2450867885176,PZ,-1.3375443718951787,0.019102614691557107
-1.7931598160850344,NA,-204.7177834932633,PZ,0.1859813040928867,-0.3982513879222469
-1.5660367271940099,NA,-203.97086471291257,PZ,-0.5082031678371712,-0.0888630688091242
-1.699362967210957,NA,-205.90026627643644,PZ,-1.0353497264777876,0.10012842809221273
-1.54936900178663,NA,-204.82000749734547,PZ,-0.014900681271698316,-0.3057457360329209
-1.6624794218075127,NA,-206.97823468987355,PZ,-1.4851359550764114,0.7148630992500928
-1.9502390667609428,NA,-206.3233174433314,PZ,-0.8374538671061492,0.6878856586143176
-1.5191068049527021,NA,-205.03115175531363,PZ,-0.45529185182626625,-0.4657276682620476
-1.7208186948917166,NA,-204.10166506385747,PZ,-0.186538264562231,-0.33875101266916696
-1.3917883730159284,NA,-206.97454734846758,PZ,-0.9946094719772983,0.12073493879302649
-1.8133894677644846,NA,-204.26619251364255,PZ,-0.14270850531818824,0.11961888201087217
-1.5726252417764965,NA,-204.33555304091917,PZ,-0.6926917854456556,0.09009747652215533
-1.7938830412228173,NA,-204.34344753805055,PZ,-0.32045567929986196,0.20803355012810798
-1.9113409122742182,NA,-205.84151211334884,PZ,-0.7363965270986135,0.4257404116935295
-1.6945915180237152,NA,-205.90042149570218,PZ,0.052867979219394734,-0.13555117037065562
-1.826763311274906,NA,-204.37899318223145,PZ,-0.6913330404223691,0.15576777685079723
-1.4693906056477783,NA,-208.18820017192576,PZ,-0.32898892639751165,-0.7858552432367043
-1.5712670678577705,NA,-204.83870372652623,PZ,-1.0264518842721277,0.21581174963107544
-2.1027995372694095,NA,-207.81819481146402,PZ,-0.09884646454761836,0.18438544301799442
-1.670344043390731,NA,-204.5727602208598,PZ,-0.6967542158627644,-0.15191222634039692
-1.6884987391125474,NA,-204.06087270804272,PZ,-0.8880815215728214,0.12599666990017233
-1.7534072167441632,NA,-204.1946492717789,PZ,0.004978690578539974,-0.3155478218713769
-1.905551582383277,NA,-206.90371204961187,PZ,0.5519416668772066,-0.5257585293985364
-1.5380709132470867,NA,-204.4748790202023,PZ,-0.5876871281335938,-0.21421598395395794
-1.6710349073730235,NA,-203.6289578710518,PZ,-0.20719210111684302,-0.16677536438111565
-1.7065864527000856,NA,-203.69797063509338,PZ,-0.7708042008124891,0.06982559720310094
-1.591749270971152,NA,-209.1068932467476,PZ,-1.3768439895455113,0.6157625766715713
-1.4921176686577786,NA,-204.95827294548354,PZ,-0.6656264178040513,-0.044096237548646305
-1.542775243957042,NA,-206.11241709445807,PZ,-0.07341982460992903,-0.8075139183908303
-1.3559666469287075,NA,-209.93184220126506,PZ,-0.39615999483978026,0.20412741509928506
-1.7839244651788213,NA,-203.6964337638061,PZ,-0.19635983957596564,-0.0031086538309215705
-1.7431877882897093,NA,-204.49832178521,PZ,-1.0406054675317715,0.15827231123412328
-1.7434168759026174,NA,-205.25582468433328,PZ,-0.6051813452044452,0.31341279950959106
-1.824838805431197,NA,-204.04613422612042,PZ,-0.21654299356373602,-0.17959769706505752
-1.7893771936927378,NA,-208.1470497891389,PZ,0.23951540739226274,-0.9632982898601821
-1.827836667004837,NA,-208.42070869979992,PZ,-0.8451854682100114,-0.45074117706172195
-1.5514718555669904,NA,-209.2435889158428,PZ,-1.462627413690434,0.7975889324515371
-1.8390326179400318,NA,-207.37756140866276,PZ,-0.28155413105704635,0.5545466202971105
-1.4894923851667274,NA,-205.52350881015607,PZ,-1.0050678779614306,0.18927580928174062
-1.8114401448238844,NA,-204.9919550841503,PZ,-0.10574161375291818,-0.172328904098811
-1.8290563666473263,NA,-205.70945895506432,PZ,-0.14043841631706105,-0.516813220448056
-1.6274924759380993,NA,-205.46516293498956,PZ,-0.15691577097258996,-0.13849101598944058
-1.9623838774883804,NA,-207.3425103922299,PZ,0.32974014324226875,-0.03507758439561681
-2.0320129646239717,NA,-205.49990400769272,PZ,-0.543619836408091,0.27037426722184527
-1.7354676382967833,NA,-203.6927404045159,PZ,-0.3261206472721522,-0.1823568539064897
-1.8518435354669105,NA,-204.38941360469875,PZ,-0.9406169258412176,0.33481476588612236
-1.9034992555174939,NA,-205.65637781265752,PZ,0.15471395983255937,-0.0753422991049953
-1.6205135463394937,NA,-204.4994804453296,PZ,-0.6969326302621798,-0.20995578305356252
-1.8657377766415753,NA,-204.63327474469622,PZ,-0.17024067065819704,0.19504840603581416
-1.8845095392056814,NA,-204.96144023990573,PZ,-1.018194072248872,0.3315415037601161
-1.8784322911380054,NA,-204.64067351079999,PZ,-0.7418970502000812,0.14635613427263805
-1.611110021406755,NA,-204.00859120378857,PZ,-0.2663088270171021,-0.033266783818095835
-1.5915368144853677,NA,-206.585891451926,PZ,-0.871732444614192,0.6021295751846106
-1.7681687893511304,NA,-205.85080688813065,PZ,0.3399425016340907,-0.7110171606658403
-1.83419879474311,NA,-205.48958907611578,PZ,0.2672154420502256,-0.522772751691511
-1.716071902311731,NA,-203.8828471126113,PZ,-0.7215840943913168,0.014101122508506175
-1.6294865914943906,NA,-204.43112052187752,PZ,-0.879623771924018,0.22544282107365485
-1.7771999556049507,NA,-203.95980955313422,PZ,-0.830836114566831,0.38244296916810594
-1.6022945000380457,NA,-205.3130219782333,PZ,-0.08502496675340213,-0.676035393639733
-1.7457198385260064,NA,-204.14639358967267,PZ,-0.7201732986242286,-0.07536095468193121
-1.557556548925982,NA,-204.27903421903957,PZ,-0.48989760712143615,-0.08007423184715333
-1.7824863928725667,NA,-207.6491820072187,PZ,0.7455293918815176,-0.7437411112928735
-1.6159988770321019,NA,-204.2298176521269,PZ,-0.3977015921808077,-0.026707153988283924
-1.4984634041993412,NA,-205.02122083496437,PZ,-0.27057401224405137,-0.23805869641248556
-1.6841533666264923,NA,-204.2735585406955,PZ,-0.8816133576374731,0.0944424018082429
-1.6702072399294459,NA,-208.49572666036676,PZ,-0.8214356399498312,-0.6615929088699877
-1.6785521121202351,NA,-204.04691929471682,PZ,-0.7711130720660706,-0.029552496137270012
-1.7822233647182921,NA,-204.196367644612,PZ,-0.6511714348047488,-0.09910454340783142
-1.8454743618833547,NA,-203.98281152929056,PZ,-0.42693365960624563,0.14684066779864535
-1.9863120330285056,NA,-205.68784291566746,PZ,-0.7670914952221863,0.6244194986491309
-1.408796655323053,NA,-206.88244281451702,PZ,-1.002780058958147,-0.005099934553683821
-1.7530534329280447,NA,-206.16208174657038,PZ,-0.48200368701398155,0.3666266662897324
-1.6844579703788383,NA,-206.2279715577898,PZ,-0.3180973362318153,-0.17467774188807755
-1.4878472838590593,NA,-205.13858768130785,PZ,-0.3273446640924967,-0.07220646307674533
-1.5707827437021864,NA,-204.21730564295913,PZ,-0.6379066981366373,-0.019831023008663712
-1.4460940845103418,NA,-206.6180108321608,PZ,-0.7490315645858171,-0.33919232570681496
-1.5316832089724641,NA,-208.16362490902975,PZ,0.4097023062226378,-0.7305243126087446
-1.82317070379455,NA,-206.4618322846795,PZ,0.10224307282982265,-0.5236146207541201
-1.6248511484616788,NA,-204.85699498631533,PZ,-1.0921183737963576,0.3066812838356798
-1.9119019209949546,NA,-207.12847695643254,PZ,-0.5211498605158924,0.6632049565320782
-1.5824589591499711,NA,-205.3565550457042,PZ,-0.7740363299176196,-0.10768693390801827
-1.5949964528462255,NA,-205.7082649353325,PZ,-0.3661869537094353,-0.007422622244931593
-1.8987091522412234,NA,-204.88256708428693,PZ,-0.5976301540378124,0.39937871031319433
-1.6818304712546968,NA,-209.0636877781336,PZ,-1.1290468948365469,0.12575510088568737
-1.7905131227056585,NA,-203.91261553678513,PZ,-0.17190428762676646,-0.22990399940217998
-1.6987413340199986,NA,-203.5045685522116,PZ,-0.48389215911730754,-0.11325371390973879
-1.5453039648284272,NA,-206.44069988824344,PZ,0.04864162382044604,-0.8514622117120558
-1.9118901255140446,NA,-204.355837222441,PZ,-0.4169233693066672,0.04767268187794127
-1.7488508559028815,NA,-204.16405650993337,PZ,-0.1274401932888859,-0.35282851142125343
-1.7042971613763775,NA,-206.14415884397818,PZ,-0.06772935119886717,-0.19015737573046565
-1.6059803207421701,NA,-207.7489248584503,PZ,-1.3923482715879303,-0.14805210380879277
-1.8469479958419441,NA,-205.32485112183264,PZ,-1.1546413617766855,0.2762455831329698
-1.9073737035061684,NA,-205.97762658110386,PZ,-0.49672242096234687,-0.036940460107855094
-1.665760631947174,NA,-207.3226528772591,PZ,-1.2470866279159452,0.7786202615766538
-1.9469691989984081,NA,-207.1792755525106,PZ,-0.007574297871297042,-0.45430986676633267
-1.743338972157236,NA,-206.89214200706436,PZ,0.01773069064595667,-0.11225443324478988
-1.7754712959316543,NA,-204.04078518639324,PZ,-0.23040682197344958,0.10955474212772466
-1.5303804967421526,NA,-205.34095943991952,PZ,-0.5719148963407674,0.15041327886040193
-1.797990214450251,NA,-203.79938825328995,PZ,-0.6272782176844013,0.33348890148361215
-1.907062124744237,NA,-205.15296792079033,PZ,0.13395534089051547,-0.12093051882902657
-1.7682387910353952,NA,-203.65078352993982,PZ,-0.4293509243819146,0.07692589164959115
-1.6710354434955026,NA,-205.50831048255893,PZ,-0.4342937389778798,-0.1479496281843763
-1.6070484689229987,NA,-204.41479664193713,PZ,-0.7674685908882322,0.1911587419292804
-1.599326635577415,NA,-204.14396375313643,PZ,-0.5791933689226169,-0.2489675057416475
-1.7941654943956762,NA,-204.3567623127842,PZ,-0.31346604744236695,-0.30525393201259826
-1.7830874970788322,NA,-206.12816807523436,PZ,-0.7464059054530605,-0.07984388776273511
-1.657142925394737,NA,-204.91517806174184,PZ,-0.4424534782188626,0.312591040969311
-1.6401522207027857,NA,-203.96469651353647,PZ,-0.15929894891641416,-0.13233487175150382
-1.6798854780293622,NA,-204.90729227600045,PZ,-0.5678634824440505,0.42744043519012603
-1.6999905429624038,NA,-203.74120041964312,PZ,-0.80509262389465,0.2533104480196644
-1.689820937943012,NA,-205.39775214270736,PZ,-0.24034937066603795,0.28497408977548855
-1.7176028343373073,NA,-203.68295977334583,PZ,-0.8005537716207856,0.23921727014450234
-1.5224317435557975,NA,-208.72171323336093,PZ,-1.4083717934576319,-0.12017456029407939
-1.671062499320703,NA,-204.85057096699978,PZ,-1.2073495284770694,0.31712001363389497
-1.6364150362583143,NA,-204.59718827380084,PZ,0.08125892265063839,-0.5410652818406135
-1.7812327553817644,NA,-205.95791287255219,PZ,-0.532720907910377,0.015201001290844618
-1.6217870945975386,NA,-203.85912090978397,PZ,-0.37317469648387247,-0.29084007570630027
-1.8644113250383083,NA,-204.56512829263733,PZ,-0.6557302468363831,0.515483367037103
-1.755949466994752,NA,-203.67675550467183,PZ,-0.42538153703017784,0.060403884697460414
-1.9402026029568629,NA,-204.49307731044024,PZ,-0.5661553872629853,0.3410585489840561
-1.7695609461944535,NA,-204.18542272708524,PZ,-0.8787612737630541,0.07895899075470633
-1.7187289213796901,NA,-204.3669798955391,PZ,-0.3406156816363324,-0.12387290005398331
-1.6203103483865642,NA,-204.89573734434597,PZ,0.04163612678483086,-0.42800579070125555
-1.3063132031546743,NA,-208.19273187878557,PZ,-0.7990535311318281,-0.02313867165128239
-1.6348476316743321,NA,-205.8821763433576,PZ,-0.04756447586074861,0.08789189370677594
-1.6559918065318582,NA,-204.3833330418834,PZ,-0.6891947648623349,0.29612323669608515
-1.5623852723569034,NA,-205.0326045548866,PZ,-0.5967547376712914,-0.2630969035188422
-1.7633900207843598,NA,-206.8953512895808,PZ,-1.5463919914409607,0.36055961920942003
-1.628705241523919,NA,-204.4152653117281,PZ,-0.5438389381345988,-0.005520326008128018
-1.808373120097104,NA,-203.88687650675206,PZ,-0.40319217856400685,-0.10632239471412178
-1.966162948592816,NA,-205.91862495225,PZ,-1.0693157934461506,0.4039238163527619
-1.4959632823186235,NA,-204.65295312948453,PZ,-0.6739335970751699,-0.07851869511080999
-1.9642216573507651,NA,-204.7725446121105,PZ,-0.554900673202658,0.23843078370934778
-1.5308154600361865,NA,-205.90814977213648,PZ,-0.9781374604438764,0.2042559192419089
-1.4478201440686578,NA,-208.76232518731612,PZ,-0.4440848356613709,-0.8132240483242109
-2.1444382890056617,NA,-210.91560832499837,PZ,-1.0944328464248212,0.6460440791837381
-1.7532322367442181,NA,-204.2804872791992,PZ,-0.3168629306484112,-0.32421275925213244
-1.6586662789504538,NA,-206.96238457036637,PZ,-1.0869626532322618,-0.20359713185148953
-1.7741089140098036,NA,-205.50742461627559,PZ,0.32088561921014924,-0.509043259131379
-1.6965576785459298,NA,-203.87106478562546,PZ,-0.4072370268865329,-0.08404106865176356
-1.895516219891911,NA,-204.2785700888545,PZ,-0.5954499051363054,0.1331850355968004
-1.6405742514145978,NA,-203.84120867844965,PZ,-0.6571448627123495,-0.12534129066610403
-1.6092964935159038,NA,-205.15091467226503,PZ,-0.05019543753159225,-0.6277998602592377
-1.626080982143904,NA,-204.50797135672292,PZ,-0.7707588804687917,-0.19681350732177724
-1.8411890552079053,NA,-204.2177363799189,PZ,-0.24412038370130523,0.10964171827904537
-1.5592114133462271,NA,-205.56924628121098,PZ,-0.5441821790920576,0.24852248047400063
-1.5282062810912143,NA,-204.49871731845812,PZ,-0.6851902855938754,-0.17861345217937707
-1.8234641291984024,NA,-203.9416015488852,PZ,-0.8069760341466438,0.24672697429205992
-1.825257848981159,NA,-204.0326454694878,PZ,-0.11894641254745958,-0.14064872389177716
-1.7067918845278158,NA,-204.21139712651473,PZ,-1.0186053576027045,0.29928861249440314
-1.9205376190217143,NA,-204.85528439184122,PZ,-0.30458969948792064,-0.1334952181835239
-1.6743758623299485,NA,-204.5345786489586,PZ,-0.8888738219078401,0.39070946192873557
-1.5782760863648686,NA,-205.08268115569726,PZ,-0.2694006346924103,-0.5778989010644893
-1.803191623616131,NA,-206.49974486264998,PZ,-1.4673662015463738,0.6382983833609384
-1.549086038930755,NA,-204.75131900511315,PZ,-0.5324035841379539,-0.39520864862350674
-1.8206785641127563,NA,-208.05296073047663,PZ,0.8263910417817532,-0.7175897006559148
-1.6255369733797778,NA,-203.7396892952856,PZ,-0.6851852513734045,0.032835746321543985
-2.0985077884025993,NA,-208.9077568673173,PZ,-0.021360822137330995,-0.07909420109153026
-1.7513470473328132,NA,-205.26321732548988,PZ,-0.1255467472355238,-0.3814171653623958
-1.4578677177582506,NA,-206.04315709362584,PZ,-0.5264394095826104,-0.5110824861309511
-1.8670157800580705,NA,-204.45090925125155,PZ,-0.7590745544849459,0.09626078045529111
-1.6146881276199117,NA,-203.95563647994913,PZ,-0.44575875352117783,0.08543021188224272
-1.676549518788391,NA,-203.5879900992091,PZ,-0.4250844975306256,-0.18555526749376255
-1.991680445614688,NA,-206.08828433503368,PZ,-0.31588591379314973,0.18210020372857344
-1.7457454411141198,NA,-206.21214418081686,PZ,-0.2737566516011236,0.039620326189176436
-1.6803571019608565,NA,-205.1127269996931,PZ,-0.4579376341641066,-0.4063265399491064
-1.5543630124836558,NA,-205.0744750709116,PZ,-0.9666695229934678,0.07397226687150127
-2.0115630431793563,NA,-208.22069733886818,PZ,-0.8444467033120212,0.9055475193849833
-1.957262659233463,NA,-205.30974359807107,PZ,-0.35989798099218673,0.1100356234754831
-1.8021284223371155,NA,-204.62834148870408,PZ,-0.7073331412964993,0.0647962474209379
-1.8793179688977906,NA,-208.6833494223545,PZ,0.7605634525282733,-0.4781005543603975
-1.841090635139691,NA,-205.22815077036174,PZ,-0.301313645973235,-0.31928917245823507
-1.8625595473590373,NA,-204.54248725579774,PZ,-0.6008157140034383,-0.06393548678376551
-1.674190180240984,NA,-205.55837929158582,PZ,0.08397119531137293,-0.6850974456577064
-1.6697165611675022,NA,-204.05193502150024,PZ,-0.7287046755534419,-0.022191328198994525
-1.5371679304713757,NA,-207.2433910230245,PZ,0.16542644208668494,-0.21248402115172915
-1.6223115524596008,NA,-203.97499780994724,PZ,-0.6417483953095933,0.19567951481081947
-1.7875317385425677,NA,-205.15220738410468,PZ,-0.29808153866712894,-0.4447590784441605
-2.0269345997526362,NA,-207.02806006279894,PZ,0.27728407831828966,-0.14735209117627732
-1.6675611169775553,NA,-204.3883774660312,PZ,-0.3786994744937709,0.1864465934874281
-1.6856160423566258,NA,-205.16505831451846,PZ,-0.8081681056292713,0.5300714539939967
-1.7007078867563488,NA,-204.17136840493575,PZ,-0.7344905582762102,0.18561758807108014
-1.816478139776427,NA,-205.03988951199727,PZ,-0.09277424527414113,0.10293505067351603
-1.7355849085848793,NA,-206.16508466153218,PZ,-1.058659245241747,0.5446336689458833
-1.9091983209471408,NA,-205.11854614600918,PZ,-0.8194280901928823,0.5869169332398345
-1.7530107509924333,NA,-203.69702255066116,PZ,-0.5810482398610881,-0.06893772942112335
-1.4224530044403898,NA,-209.54146287684765,PZ,-1.257253403123599,-0.4645440219558282
-1.6559665572262776,NA,-203.76786762976002,PZ,-0.3454930699668761,-0.23304959726100116
-1.5903547134380969,NA,-206.5844147099027,PZ,0.3987292836600264,-0.9276245563549003
-1.5977609129185177,NA,-206.55899999588908,PZ,-0.9382822018705493,-0.25703318883675863
-1.8763995400253315,NA,-204.698411204639,PZ,-0.9162179895078522,0.508380528250419
-1.7501129319286517,NA,-204.28230845781454,PZ,-1.0154254418248776,0.29752786696378886
-1.649856463034912,NA,-204.02981860209763,PZ,-0.17251892518245943,-0.031579366113790475
-1.8055953322372114,NA,-206.58936387636453,PZ,-0.5488410518278695,-0.45065235006126714
-1.8062898674594061,NA,-204.00423487595606,PZ,-0.8783829520202258,0.2785049631040261
-1.8463113889753533,NA,-208.24047375416947,PZ,0.5205475952250448,-0.8536129628717699
-1.7057087390639631,NA,-204.0742191459905,PZ,-0.4911605216078424,-0.023849632647135466
-1.7798740053522262,NA,-204.38987332542322,PZ,-0.2585128634196246,-0.03786654881575795
-1.5863648272970479,NA,-205.03464936194348,PZ,-1.024973238723228,0.18643718618750899
-1.5410533473105401,NA,-204.69282039968581,PZ,-0.49036028536903137,0.056718987365534046
-1.5760880476686152,NA,-206.75433179637793,PZ,0.18214123639925678,-0.10530859687503683
-1.747993949337388,NA,-203.4931731502322,PZ,-0.358508201247036,0.02931419041094316
-1.8025614769665406,NA,-203.57521583194313,PZ,-0.5800179716664087,0.13981938337277314
-1.8538773669004032,NA,-204.70340624468108,PZ,-0.6752700971971044,0.4566705229851564
-1.8310100159277112,NA,-205.84964698185806,PZ,-0.821334628713485,0.27725392138843324
-1.3940596841313686,NA,-206.48433365902247,PZ,-0.5686447203445896,-0.24937672125423618
-1.7869502538432551,NA,-207.80212204922404,PZ,0.14656237705862926,0.1540862288751402
-1.7737534948981868,NA,-205.89050018071055,PZ,0.007862665247713743,0.19769249825399876
-1.836817675167509,NA,-209.27546326009016,PZ,0.40886276781531933,-0.9281806053296753
-1.9673853447340037,NA,-206.2579908514571,PZ,-0.7423947559683105,0.5550555866504453
-1.6368633433614503,NA,-204.28925170237292,PZ,-0.25699908117140347,-0.3888351698858627
-1.727495852503021,NA,-204.72786798277596,PZ,0.0920493017093304,-0.5378981877552047
-1.8600979151209036,NA,-204.94616754497233,PZ,-0.2676616274563164,-0.22501445507010479
-1.4363975855553281,NA,-206.36364755437793,PZ,-0.45999275238074344,-0.12524552581774018
-1.4660055853390097,NA,-208.3265706986279,PZ,-0.37683309105242846,-0.7776441591189506
-1.5524732460835118,NA,-204.4878228785883,PZ,-0.7380680103934765,-0.06987943776796811
-1.5023620584303277,NA,-208.43546720622098,PZ,-1.5785722264972168,0.4030407790253254
-1.7741067738319523,NA,-205.4321682007833,PZ,-0.34591811385082943,0.3384417049054307
-1.6888648203984153,NA,-204.2562568369674,PZ,-0.8726539533485183,-0.006610654562196228
-1.8565276201136567,NA,-204.3932619253086,PZ,-0.3107487787468406,0.19385841868184772
-1.5826373391682391,NA,-207.2471876587742,PZ,0.14805649778221647,-0.3896640679554018
-1.614020886179427,NA,-204.90114890271622,PZ,-0.8541994852940776,0.42493788626260054
-1.6693945354565167,NA,-204.50743129631329,PZ,-0.897296649905104,0.4412640243561445
-1.6542738690002516,NA,-204.57404963705355,PZ,-0.9142436985009403,0.2902336430839292
-1.5552423874610726,NA,-204.25662586815915,PZ,-0.39909798830000376,-0.2931917648939356
-1.86339524825541,NA,-204.26239972032172,PZ,-0.12959188882518638,-0.0804247534817318
-1.714405354427816,NA,-206.94935819982135,PZ,-0.3383997647096715,-0.15851107424237154
-1.60987828897894,NA,-206.04396417776607,PZ,-0.4511985153546207,0.3947528013230707
-1.6392619876475183,NA,-204.25005116472954,PZ,-0.6326749380721901,-0.24882125304740715
-1.5790622281495719,NA,-204.54555601190202,PZ,-0.6814319480255794,-0.26147008992908516
-1.5695434957005685,NA,-205.2918549347184,PZ,-0.63399364658108,-0.39755412022380965
-1.7772716355704337,NA,-208.74513685135614,PZ,0.31988966633685867,-0.8448218572730154
-1.7464977831447652,NA,-206.63111244439037,PZ,-0.41803859349256894,-0.4865126268568758
-1.6767219234122879,NA,-203.62378172464886,PZ,-0.336458117075231,-0.223793787465555
-1.5415766680531409,NA,-204.86425318667392,PZ,-0.8269282663389832,0.10352102645953686
-1.9725597694084787,NA,-204.8689682126008,PZ,-0.35252327546356504,0.2821300755487314
-1.7307676932406562,NA,-205.37217224143527,PZ,0.13904838658901789,-0.25345004826838735
-1.6311887612152005,NA,-203.77517967058876,PZ,-0.18995457227398835,-0.21874885769250413
-1.6905717592041218,NA,-204.5552342748996,PZ,-0.26254083132083605,0.2100521966456044
-1.7935497720739435,NA,-204.46069396930588,PZ,-0.40841164264440233,-0.1731212482525052
-1.8842244569118682,NA,-205.9487393425893,PZ,-0.9961598217057732,0.06651400882093586
-1.743024895968293,NA,-205.49234269140598,PZ,-0.9581040958553266,-0.1527079185989693
-1.6203604897680202,NA,-206.00104390607103,PZ,-0.5533715597625561,-0.21786397866219637
-1.8088773094982686,NA,-204.76570829694842,PZ,-0.9789621213935883,0.185781857802992
-1.9034912907658048,NA,-205.29469710094997,PZ,0.16715592970149812,-0.30142406152238577
-1.6230021607735035,NA,-208.12756036123852,PZ,-1.3398327147027056,0.21745209091398524
-1.7651259032196858,NA,-207.94292514364412,PZ,0.5499920922056778,-0.26293005451507095
-1.5302404966809418,NA,-204.82284054003424,PZ,-0.058992619160050795,-0.503866673640373
-1.7692147948112797,NA,-206.8520930868692,PZ,-0.36816640710975573,-0.5507475028802902
-1.7061294139478334,NA,-204.62500354602784,PZ,-0.5980062024693249,0.2473856916305227
-1.8080242807039792,NA,-207.6671905821729,PZ,0.34820677530641386,0.04657385447122614
-1.682188119197119,NA,-204.30082085168164,PZ,-0.6465214472119614,-0.1998437187885389
-1.5233256655567946,NA,-206.45737168936287,PZ,-0.0889468311965182,-0.8423512087848846
-1.4177793289980507,NA,-206.3616485596092,PZ,-0.31531506267997195,-0.32328923526986864
-1.990698769613411,NA,-206.81011102715195,PZ,-0.23240022047422335,0.07162912550508617
-1.6623776785916047,NA,-204.66275737258715,PZ,-0.9871364855744289,-0.0035522168127362502
-1.599910396866251,NA,-204.07666909865645,PZ,-0.3866021407915176,0.04616731503204094
-1.8689477942367352,NA,-206.16923876305123,PZ,-0.11469023891129809,0.31552681180942227
-1.592513268651087,NA,-204.54652969297655,PZ,-0.37037977188732,0.09425529538772698
-1.593826629811887,NA,-204.52088941518917,PZ,0.03432532193890504,-0.4449820778843836
-1.9183232693820607,NA,-205.5319707620751,PZ,-0.24670085371340034,0.4404994068121761
-1.7938134697162051,NA,-204.06041107522117,PZ,-0.8922221897410667,0.397011190595525
-1.8645457425354321,NA,-204.1080324388455,PZ,-0.6529556919341867,0.3919810653978896
-1.7254605940171408,NA,-204.9132418471634,PZ,-0.99194643103927,0.542399098312394
-1.8398298018618542,NA,-205.31071657900821,PZ,-0.8236501883509688,0.4172617020784237
-1.9583876553339334,NA,-206.56828546569477,PZ,-1.2807138474566095,0.5524207611302916
-1.7092600989992324,NA,-204.72152846865126,PZ,-0.18429496957661745,-0.20013601497027275
-1.40582537541163,NA,-207.2265728055795,PZ,-1.0586581803081898,0.2672460815395043
-1.8627961734402154,NA,-204.7187765083197,PZ,-0.472074840548217,-0.17688404221411608
-1.7257905370074433,NA,-204.79233723780226,PZ,0.1496499649223589,-0.5194713658032164
-1.622207553266234,NA,-205.64316833479367,PZ,-0.015026297412472661,-0.3637469142983683
-1.6688975524660952,NA,-204.3464962789923,PZ,-1.0206043303431476,0.2085440377966274
-1.5222403330514933,NA,-207.62250423738894,PZ,-0.7526075934188752,-0.5772768825808119
-1.5729778443524538,NA,-205.71053303158328,PZ,-0.0025495259253731084,-0.7578993811274921
-1.6822728264237667,NA,-203.88454185050284,PZ,-0.6863472751642574,-0.10824255561630891
-1.7730122293373387,NA,-203.83188549102226,PZ,-0.48588212459241,-0.10886980081853637
-1.4882611494292295,NA,-204.91475244045662,PZ,-0.4681121059057317,-0.17857407937192915
-1.7167882954165667,NA,-205.85693917350235,PZ,-1.0136826546882454,0.47234760115196806
-1.592490568001018,NA,-206.87273227931695,PZ,-1.188458909320601,-0.2351546209638731
-1.768246625859406,NA,-205.50848508440362,PZ,-1.3402840258572903,0.37772622998561506
-1.6369977014881183,NA,-205.21957788536812,PZ,0.07831904822596335,-0.6896165954462289
-1.5263024605894184,NA,-205.8568294078072,PZ,0.24910081036203602,-0.6687214353984667
-1.6880553442551356,NA,-203.83078228309162,PZ,-0.3072280386257511,-0.30475022330054385
-2.0345859940353948,NA,-207.13312896337322,PZ,0.23941809662926883,0.11689902790124532
-1.730397103764339,NA,-203.89265860863253,PZ,-0.38493609533671075,0.11497954659514284
-1.960829109820899,NA,-206.19364476809776,PZ,0.028869652226815035,-0.13414811737360988
-2.205547362061768,NA,-209.70079128738178,PZ,-0.8702346719350954,0.504880373726376
-1.6385308398437157,NA,-205.42906892813525,PZ,-0.15284553559512395,0.15389712617753837
-1.7349415057041524,NA,-204.5652004709841,PZ,-1.1366079566065919,0.37754473305235525
-1.8859438833207958,NA,-205.65256134544143,PZ,-0.3090711949122673,0.2545874613928276
-1.703907809876385,NA,-204.96534987953132,PZ,-0.8045858076095141,0.3165235776875858
-1.7237247513854916,NA,-205.62884179856994,PZ,0.40842447346359645,-0.4985315462368215
-1.7396596787477014,NA,-206.95154629479666,PZ,-1.3859581718775849,0.03403653823414513
-1.6653777859075167,NA,-204.6375684152343,PZ,-0.7834396522056328,-0.04893788568687216
-1.6455752212971326,NA,-203.5589396304327,PZ,-0.4083748338665887,-0.007877726753562464
-1.6855604083786366,NA,-204.10599478166128,PZ,-0.45386459663534406,-0.24552709427224148
-1.631545219333584,NA,-206.5557819112372,PZ,0.3607102799932873,-0.4929142078754807
-1.9688488848608885,NA,-208.2253779145108,PZ,0.1818196149729877,0.08010022978486474
-1.843280247034446,NA,-204.11743559778105,PZ,-0.7576251428645974,0.13827538465293118
-1.67017417996799,NA,-204.32067432769028,PZ,-0.08724452866754615,-0.460793735429974
-2.1497629031484786,NA,-208.60316368122548,PZ,-0.2524667477397216,0.6451844738844518
-1.8932888966442227,NA,-205.3547442992937,PZ,-0.17766813515855234,0.36125208876777365
-1.8011169378526566,NA,-203.72064505679742,PZ,-0.18401453392220207,-0.0781145073903643
-1.5271363264905689,NA,-207.63817697405597,PZ,-1.1491450154916893,-0.0484601409745839
-1.6198860983081567,NA,-204.7999090622283,PZ,-0.6154237384160036,-0.2577990765974876
-1.5589531876010354,NA,-205.87671794629236,PZ,-1.2670293200871876,0.2592947733205749
-1.5585118344515199,NA,-204.54231935152288,PZ,-0.5462767868135394,-0.21411814505452675
-1.801456632027398,NA,-206.28429102628672,PZ,-0.7475730610551121,-0.1490054699858952
-1.5735588456354679,NA,-204.5770445020541,PZ,-0.5467644678733552,-0.17362793328473597
-1.562917398586254,NA,-204.69873831533263,PZ,-0.06902689619991932,-0.43995498852318465
-1.7294309936945664,NA,-204.44698941499348,PZ,-0.6073954971066322,0.14463793500737332
-1.8800042097530572,NA,-205.9808889518175,PZ,-1.1268268431260848,0.40708640642171917
-1.8917199971475922,NA,-204.9735351688333,PZ,-0.40739980708532425,0.13033026081059335
-1.5728101323686408,NA,-205.86377170024653,PZ,-0.28413908049343667,-0.22569425415685562
-1.7779745461955987,NA,-205.79693455619312,PZ,-1.2538968279793408,0.497024204319792
-1.7039638701175917,NA,-205.76547586431062,PZ,-0.7481193144512078,-0.2763089762308518
-1.7147633067191477,NA,-204.04903538967469,PZ,-0.0287995053538753,-0.3169682484717707
-1.5061251139849943,NA,-206.70340131439215,PZ,-0.5912528392624308,-0.19224627295481966
-1.540360335239574,NA,-206.3669356379313,PZ,-0.9735432242007106,0.3489255709055311
-1.9125038041040843,NA,-204.57078984207698,PZ,-0.590371619469915,0.3846213049092074
-2.135905085622285,NA,-209.32987872606824,PZ,-1.0366709784418884,0.744541718523625
-1.6759084321824342,NA,-203.63146973270892,PZ,-0.5192528668282611,0.07982562540197749
-1.5773126456097488,NA,-204.08105638874721,PZ,-0.58547811110353,-0.20239970079720981
-1.9243404232835202,NA,-204.51721400276958,PZ,-0.24565686949697818,-0.03293703528122707
-1.863902719803838,NA,-203.96042870917032,PZ,-0.5143101649720476,0.22341045902746254
-1.8076452486200496,NA,-203.9664785313464,PZ,-0.7938341940086391,0.25191098005793544
-1.552057746246425,NA,-204.67210170098127,PZ,-0.7925729392074395,0.12229052720694537
-1.236884011121982,NA,-212.93616162011824,PZ,0.6118311587275558,-1.2423658094981076
-1.7556865379941835,NA,-205.72301163627324,PZ,-1.0066808087034012,0.2592599256260169
-1.7596489037002794,NA,-204.93004539171767,PZ,-0.6634675868421769,0.20398956101278987
-1.7393340023632626,NA,-204.44074946450044,PZ,-0.5355180684559699,0.3957656205195515
-1.6483547073249192,NA,-204.01379564363117,PZ,-0.17710754036957937,-0.3874871109143345
-1.714883864037897,NA,-206.1507193241174,PZ,0.4594685688708839,-0.6259916679746422
-1.6907344621514402,NA,-206.58767657652086,PZ,-1.204343242955551,0.503972217224588
-1.7577960283168657,NA,-209.43872191165042,PZ,-0.5277776304940558,-0.019740766651062294
-1.9373217100046938,NA,-205.40788517942724,PZ,-0.4821199814295457,0.20302525910239866
-1.8503534564308248,NA,-205.663839128193,PZ,-1.2101708505784807,0.32945784839014475
-1.922293987470176,NA,-205.14458570605348,PZ,-0.7418400552292578,0.2657854552469724
-1.7097690315376803,NA,-205.4860079757842,PZ,-0.02081330976172409,-0.6298499633374888
-1.5218073610084515,NA,-205.7733380214722,PZ,-1.0811304578791379,0.3734237627520187
-1.578207617934212,NA,-206.18530647428807,PZ,-0.16249262879377374,-0.7858396463088442
-1.7290495079625976,NA,-204.0406848892319,PZ,-0.3475202111334025,-0.11189507846389057
-1.7749774552203312,NA,-204.15413729721166,PZ,-0.9000447635324315,0.2445788929556615
-1.8303146295341595,NA,-204.5077601680189,PZ,-0.7810734735893495,0.5377922944229485
-1.6610378041387996,NA,-204.76267731590076,PZ,-0.1111974982102005,-0.3979182471847218
-1.7953059110083036,NA,-204.47084286832072,PZ,-0.5303753821556552,0.2550998432332013
-1.4347014367730015,NA,-205.82743238036628,PZ,-0.1159190499806059,-0.5586018284051578
-1.7695127606211456,NA,-205.32622525234794,PZ,-0.09525798116964906,-0.529034096134597
-1.6624747975159921,NA,-205.16342468244855,PZ,-0.8001700570764061,0.4114262606944562
-1.7165148068728167,NA,-205.27691752243683,PZ,-0.229793138124304,-0.4851238423823374
-1.72696137503902,NA,-203.41373269489858,PZ,-0.5322882558077074,0.12497096555475785
-1.416545793102645,NA,-207.9485084808836,PZ,-1.058877877220246,0.4218327474337794
-1.5239496295681587,NA,-207.69374675040746,PZ,0.09210851330939812,-1.0125301690940864
-1.7573212466101928,NA,-205.54858195618752,PZ,0.10044844218953425,-0.5257770958721666
-2.034342895553992,NA,-207.04584171958194,PZ,-0.9161146343877117,0.7929323631042153
-2.1533541943045726,NA,-208.10681658760566,PZ,-0.7925869865225998,0.8083471617883993
-1.6990668269718145,NA,-203.61320069029486,PZ,-0.20004841571351092,-0.1700640003136645
-1.6064601377996923,NA,-203.76207168047864,PZ,-0.5924986622861174,-0.03618072601723804
-1.6451887030080423,NA,-205.4311033572219,PZ,0.28901532838216304,-0.3065749841107568
-1.8248687192334492,NA,-204.29546597089168,PZ,-0.25626117170000107,-0.18144980003287758
-1.7757014326197136,NA,-204.2768384292783,PZ,-1.017887807653429,0.3920257348857595
-1.657528262472032,NA,-206.86307865061454,PZ,0.05639593499543144,-0.9227500260569611
-1.727678656247694,NA,-204.25450483446096,PZ,-0.16905322872532139,-0.12689870764767305
-1.5077282207778253,NA,-204.9369808331963,PZ,-0.13842179332562538,-0.27124705825370626
-1.656803278545269,NA,-204.22451584646075,PZ,0.05117876544540639,-0.37286914139127786
-1.7648335229613359,NA,-203.85519479544917,PZ,-0.2665838277714307,-0.12868305707460376
-1.5977252288815276,NA,-204.35925720780307,PZ,-0.9341455309485418,0.23402131724277964
-1.7579993114334178,NA,-204.6623172866925,PZ,-0.8532742981348876,-0.014779428561686524
-1.7226701356476553,NA,-205.82978927415155,PZ,-1.355385051990413,0.35343711109204135
-1.942356058465743,NA,-205.3636037149602,PZ,-0.4928938455532288,0.5248536708323475
-1.5718799755151436,NA,-204.28052174418772,PZ,-0.5008099793873958,0.07142405003830282
-1.9748352341218813,NA,-206.69442177564335,PZ,-0.7234028787156596,0.7862335050339379
-1.628994905520764,NA,-205.31010237833883,PZ,0.21665143833382178,-0.6896816859502879
-1.4303606653230787,NA,-206.7502684302464,PZ,0.20305410059233764,-0.7026247067305341
-1.5600495313430671,NA,-207.546530090502,PZ,0.25992531031764604,-1.0283232565607527
-1.5985987586871975,NA,-204.87562521585266,PZ,-0.573803742056804,-0.39908786760362813
-1.7866319475145884,NA,-204.18995939172945,PZ,-0.7982092836352972,0.11835399780657775
-1.5993815113071679,NA,-205.64864933637483,PZ,-0.9432305160544554,0.36273687330704163
-1.6289507746630045,NA,-205.13797180506134,PZ,-0.5769348029248534,0.09646320314489765
-1.9406632727911537,NA,-206.52265081203197,PZ,-0.09432944213434209,-0.20173315965008903
-1.851835813803734,NA,-203.92048887908882,PZ,-0.47041682695321047,0.2711291511376064
-1.80489559155476,NA,-204.17239259812922,PZ,-0.9351648195575002,0.31881795830635273
-1.523555281044927,NA,-204.38022814538976,PZ,-0.44007838286318995,-0.23528942958316354
-2.050622269244062,NA,-209.08200654530643,PZ,-0.7662305094354684,0.9520226932816255
-1.7900134683157054,NA,-207.16149220273846,PZ,0.08813189094909044,-0.10355126459638957
-1.8656334873394602,NA,-204.6876065972572,PZ,-0.15225358293634259,-0.1994045683125136
-1.8802408748575237,NA,-204.59304791421374,PZ,-0.7730071444972356,0.45572651081283944
-1.459604309485297,NA,-205.84973482681434,PZ,-0.33579551502754623,-0.2843543249627618
-1.5728635114266165,NA,-205.8487981063018,PZ,-1.0665632359556212,0.3270214383858262
-2.040888980945598,NA,-206.06062838789603,PZ,-0.25044239122765966,0.24424838567809015
-1.7609842211278697,NA,-205.82412547933455,PZ,-0.9638512312357523,0.28865531059900323
-1.7005108388957177,NA,-204.05326788234458,PZ,-0.6884211319184993,0.3165941732374017
-1.6413986069129491,NA,-205.52777112438216,PZ,-0.4272814031334595,-0.5748829672915473
-1.5401746596603823,NA,-206.09191052252527,PZ,-0.8857631487992645,-0.37779212602717893
-2.099964755752367,NA,-209.47813762324807,PZ,-1.242739640446358,0.3094583956795082
-1.9679751046235583,NA,-205.65746850210746,PZ,-0.7444931817907517,0.6340091728320432
-1.7200062192737,NA,-204.11195699016045,PZ,-0.881602430212443,0.04001905202774391
-1.5981882683003956,NA,-203.7935294363072,PZ,-0.5466370920982585,-0.08781813047925026
-1.7769389950471661,NA,-205.7046416600393,PZ,-0.3198078660090019,-0.5163607071271953
-1.8114186334208513,NA,-206.20094441457567,PZ,-0.5122210334695314,-0.4116309366875103
-1.5913230707528612,NA,-204.66619496286887,PZ,-0.9230945089572251,0.3129360531664289
-1.721313956098956,NA,-205.06335635722925,PZ,0.013763768771055673,0.07187385740061616
-1.7635113667783566,NA,-205.27696772937355,PZ,0.021503853521218863,-0.5122173360225156
-1.6658636898925032,NA,-204.2504785617576,PZ,-0.9566231600445761,0.349151945379815
-1.9978136660383643,NA,-205.43374610791693,PZ,-0.6091238748202087,0.1598840755738717
-1.880466213939877,NA,-204.11856680705898,PZ,-0.4604170848372897,0.24285443231967271
-1.786298367299034,NA,-205.2914985406043,PZ,-0.05532256401500079,-0.3685821234601318
-1.5911730479364523,NA,-204.96424284641117,PZ,-0.38909953776919115,-0.0690616874007143
-1.7858228736781592,NA,-205.41753424971245,PZ,0.263487416778978,-0.49665173081211345
-1.768323132294364,NA,-206.56180037248384,PZ,-1.4583125862626456,0.25893797171351834
-1.7001767685515494,NA,-204.0315880583868,PZ,-0.21857500366510374,0.07798238096833773
-1.6731010965006812,NA,-203.47522362301743,PZ,-0.48960457315975237,0.06310359820694034
-1.8723358050086834,NA,-207.8825895163189,PZ,-1.3852445582622412,0.540453241376808
-1.6513803855583746,NA,-205.53267621607554,PZ,-0.9551618478607828,-0.09101388125598794
-1.7431992886509553,NA,-203.6612783281406,PZ,-0.34923547032550406,-0.1858277210161671
-1.6969476813185291,NA,-204.52158307110926,PZ,-0.7989477697651974,0.36404014609375324
-1.778466887269428,NA,-204.08997980954075,PZ,-0.0744899715586442,-0.23986268866882288
-1.4330972273576144,NA,-207.97663708425014,PZ,0.3080417272509213,-0.420774498844341
-1.577012014258207,NA,-204.35277305073075,PZ,-0.10994755174283427,-0.26995522781716325
-1.9464291433862195,NA,-205.22180738998154,PZ,-0.33860931543815664,0.42034437007703285
-1.8218434098649898,NA,-204.04299402787737,PZ,-0.8525261352403483,0.24499693930131194
-1.7390885876606044,NA,-204.49994839097684,PZ,-1.1121970599948414,0.35425100897718587
-1.845423375437216,NA,-208.47182005608116,PZ,0.44403408831471,-0.912605478926262
-1.7059936803457674,NA,-208.29742029734962,PZ,0.6900323949257027,-0.5895488322696588
-1.827177611957635,NA,-204.56093146526018,PZ,0.07722518872951856,-0.10875674098134361
-1.9407242141241325,NA,-205.29394063011094,PZ,-0.6596541042406115,0.020173595917897913
-1.5807741052294189,NA,-204.41760908079326,PZ,-0.7209805805367737,-0.18100177262098477
-1.8084014525407297,NA,-203.9430988028541,PZ,-0.5139560094212723,-0.015299896821741182
-1.8441354232399478,NA,-203.90460709224197,PZ,-0.324314294780264,0.05582783509756098
-1.682376447417459,NA,-204.0547963742211,PZ,-0.2833773813335917,0.0357465131880344
-1.9102895936929687,NA,-204.63973616197418,PZ,-0.4490257073343796,0.3301158356256465
-1.5710006928301636,NA,-204.29744653214527,PZ,-0.7773648541304325,-0.05145236384515933
-2.1343779136089505,NA,-209.05196801470777,PZ,0.13825918917697555,-0.30063263682871755
-1.8000049195191874,NA,-206.5882287441304,PZ,-1.4742758424271838,0.36161301384858946
-1.6653239892532148,NA,-205.37153541756692,PZ,-0.12998277110478026,-0.1946891140642817
-1.8252115552330743,NA,-204.23839098602568,PZ,-0.3895961863670838,0.3207550095054001
-1.834252279074045,NA,-206.13983467154637,PZ,0.3602839421374105,-0.4903209773361322
-1.8900325906657882,NA,-206.48266802917846,PZ,-1.3986141809797006,0.53996802234985
-1.6735958284178676,NA,-205.89888739791346,PZ,-0.019937629086380484,-0.6044550844322273
-1.769649071766217,NA,-204.71541908423941,PZ,-0.8493553715104682,0.4527406047930852
-1.739381080003094,NA,-204.9946707917764,PZ,-1.0610145336935037,0.03735708752165906
-1.4640043642408338,NA,-206.747539701776,PZ,-0.13718025381636012,-0.8119442221325777
-1.659046493068548,NA,-203.6862711295693,PZ,-0.21998396125084024,-0.20724918434524786
-1.734992406767849,NA,-208.31753773211682,PZ,-1.5213522536975985,0.09380771136286967
-1.6068740334949627,NA,-207.43522915132056,PZ,-1.252333445408469,-0.2607842135428363
-1.866862967496672,NA,-205.96005324334155,PZ,0.3353424728004189,-0.2919403251887455
-1.7198963598024632,NA,-203.6908648937147,PZ,-0.622812762984146,0.13737645899757123
-1.6842928751454032,NA,-204.24107069569206,PZ,-0.5713323931221531,-0.2665769533449898
-1.7603312675030474,NA,-208.05033506623965,PZ,-1.3399934985454882,0.9645895484699345
-1.4146323167408024,NA,-206.75814978948395,PZ,-0.6587800085079178,0.08132870842929493
-1.7858579409056972,NA,-205.4414479406877,PZ,-0.7487469150165547,0.366252736198815
-1.6748670165691273,NA,-206.33123214729036,PZ,-0.04118488597486128,-0.8111913716238985
-1.6138421649766836,NA,-204.9205655519406,PZ,-0.11609272302084592,-0.5939909420162438
-1.464714040580524,NA,-207.656580489344,PZ,0.14265013558144385,-0.7437006942960349
-1.6654143974905198,NA,-204.74676531215331,PZ,0.02802808525036027,-0.5731448025379927
-1.4977716690927607,NA,-205.89845938366162,PZ,-0.866058298139919,0.30710256512269396
-1.5800668949289542,NA,-208.0802762006054,PZ,-1.616454440331792,0.2077868467841311
-1.6424986056956288,NA,-205.92040817718885,PZ,-1.33856519865201,0.501341803382356
-1.7688971796391693,NA,-204.8776964824135,PZ,-1.0233161017701229,0.3491644336323314
-1.725940203506242,NA,-204.66486361682433,PZ,-0.2790339283069547,-0.10946546153759368
-1.6013950909123202,NA,-205.31297153189146,PZ,0.20373222227151003,-0.6080237652290383
-1.6573723210354467,NA,-206.73657419528485,PZ,-0.7544451860560131,0.20024061490311323
-1.5531703136812727,NA,-207.4572575286482,PZ,-0.3904170401077558,0.31482852574960674
-1.6870111316625345,NA,-204.3251005599055,PZ,0.08298934848949263,-0.41339732098204507
-1.7216165222939166,NA,-203.50223011912968,PZ,-0.4676616199688115,-0.09852999409771179
-1.5500237476583794,NA,-208.57045897924223,PZ,-0.30910526227600726,-0.8550372112840132
-1.845793168586608,NA,-204.59407764332192,PZ,-0.5588344665777703,0.3485624234795967
-2.0915562557003398,NA,-207.2632257523482,PZ,-0.10606069308790668,-0.0841386180929594
-1.784773511743772,NA,-203.84790932389026,PZ,-0.3310737749996844,0.1987220758736934
-1.7537079246744893,NA,-205.55168873285254,PZ,0.24997437751034154,-0.46152680652813477
-1.7557697485402821,NA,-204.2544188790326,PZ,-0.7841797407766523,0.4097799092746904
-1.4878574843684536,NA,-205.36076272778297,PZ,-0.08061381651433513,-0.46739363999605066
-1.7750497177715148,NA,-205.27754079881333,PZ,0.06552833507615112,0.011176445094122023
-1.804837781722942,NA,-204.9111585745812,PZ,-0.9952027787412363,0.4594829393301856
-1.762726393628203,NA,-208.92453013598842,PZ,-0.35908410571793997,-0.2670515400410864
-2.107909764507289,NA,-208.40251907730462,PZ,-0.05162530547193749,0.5376927632855
-1.7357981368733155,NA,-207.63264007085704,PZ,-0.8532491518639361,0.05802653519832018
-1.5173038978694113,NA,-205.4404500632414,PZ,-0.2101324801334128,-0.1565100815540855
-1.734071226264349,NA,-208.34210346166842,PZ,-1.0216656705492135,0.8179773864563643
-2.1700873542531025,NA,-208.88987553371413,PZ,-0.9857301873329039,0.8087232852325767
-1.3381974650405626,NA,-208.5639263712437,PZ,-0.4550987156278557,-0.12335075702935626
-1.865715442939613,NA,-204.04862843689952,PZ,-0.3847181012801928,0.22597495373434423
-1.5495421787244776,NA,-204.87921408821128,PZ,-0.6289726016283235,-0.361903762322557
-1.6304407193922945,NA,-205.3509083473613,PZ,-1.2008305393639198,0.49483830544933016
-1.8423846863244504,NA,-204.47938047958712,PZ,-0.9657174089836505,0.2893630415599903
-1.4285179651726343,NA,-206.36669815421715,PZ,-0.9356733590933467,0.16658877406394312
-1.7199036863500414,NA,-204.91977598678932,PZ,0.102724134061871,-0.20342018750336613
-1.806753182078372,NA,-204.38107580862507,PZ,-0.3157926348957257,0.07847522390538242
-1.7966465131210525,NA,-204.8902119306826,PZ,-1.1716793501456861,0.43938428598920143
-1.7605310411833823,NA,-204.1659906036977,PZ,-0.07283671435958045,-0.012267727874595763
-1.7344541597343346,NA,-206.6417334351029,PZ,-0.6157282936410149,0.2908699153591203
-1.7914211570419898,NA,-203.85446656320406,PZ,-0.332721846462719,0.1627628718867409
-1.7805159865967288,NA,-205.98237691357397,PZ,-1.101655183843174,0.4491855436476256
-1.8224451460710873,NA,-204.33851952896077,PZ,-0.5362943109745829,0.3222456974708751
-1.7206923020954636,NA,-203.46744801989075,PZ,-0.6175811945153612,0.1689983472786142
-1.5351126830016755,NA,-206.1877926068333,PZ,-0.9272656033322194,-0.1439936935615394
-1.9336404549433521,NA,-205.38424207956265,PZ,-0.16128205356820283,-0.23839941450592067
-1.698816895313134,NA,-204.1792048464671,PZ,0.03391642811132642,-0.17956577848718314
-1.68629144425499,NA,-203.5507228620212,PZ,-0.2672899477021425,-0.059466693409924457
-1.8191002267814413,NA,-204.1781331071809,PZ,-0.10118548864942739,-0.20925707790761883
-1.840656955312019,NA,-204.911600928874,PZ,-0.9700404137477951,0.5593252814756
-1.5425632141361585,NA,-205.15030839533367,PZ,-0.1384512727954821,-0.5895021443214462
-1.8275617449432189,NA,-203.7309208510582,PZ,-0.46596135213045864,0.20619769403697535
-1.3986847231320365,NA,-207.7410079647567,PZ,-0.8157459691943754,-0.26053999657522997
-1.526422698274461,NA,-204.67787893340324,PZ,-0.6150943962629889,0.075171342154746
-1.9703572312604398,NA,-205.39737015504036,PZ,-0.08545149920976775,0.054370404334358094
-1.3850421891109874,NA,-208.1881532145408,PZ,-1.2544792090246015,-0.1781509848180639
-1.8924963503928864,NA,-205.67418967534297,PZ,-0.04189207802877254,-0.44519303278312994
-2.011575253280217,NA,-206.6014092445019,PZ,-0.5288540827626494,-0.029068016043914305
-1.6019938449421671,NA,-205.6073594237283,PZ,-1.0628941561359897,-0.1511931298336966
-1.8510892438516382,NA,-205.8972637424492,PZ,-0.2475690808877345,-0.34855177868165
-1.628686728241122,NA,-205.71232533162572,PZ,0.22137112241162046,-0.5783848024787331
-1.5153486585010514,NA,-206.2682764411706,PZ,0.13995918337501945,-0.807453912543811
-1.7975863561203862,NA,-204.4294414545132,PZ,-0.23075318827583977,-0.34618639265891665
-1.774570731582708,NA,-205.98515323762044,PZ,-1.3720227668253429,0.265655574445582
-1.6867959239403238,NA,-206.19766558709674,PZ,0.23464608947426382,-0.4563256630026239
-1.786567195013704,NA,-205.3025496529285,PZ,0.16934339233838536,-0.036269136157283
-1.6526479808537176,NA,-204.24841185051474,PZ,-0.024890234205493543,-0.3265174979260415
-1.728470046091673,NA,-204.43083818926527,PZ,-0.7929103719449803,-0.03156715772324109
-1.7622865794347857,NA,-203.65449712196067,PZ,-0.6926326168719982,0.06612230082306578
-1.6175618515022783,NA,-204.4975359982445,PZ,-0.5962977830033693,0.2067471324938747
-1.5287002621320154,NA,-204.27655400934714,PZ,-0.5984202892319456,-0.13372860546844095
-1.9867225210367645,NA,-207.68438251322797,PZ,-1.3608196820642369,0.792055468559554
-1.7894738111910067,NA,-205.8460369612682,PZ,-0.5339765543791426,-0.3016665819983094
-1.7991984468317819,NA,-204.68229206760068,PZ,-0.6081254298435474,-0.1958292195451295
-1.764559960234156,NA,-205.4559652995408,PZ,-0.41845554082366077,0.3028011738645825
-1.530856613335248,NA,-205.66209899138784,PZ,-0.23151100136119598,0.05866309041073284
-1.681749549814605,NA,-205.5804231562417,PZ,-0.15619094084216972,-0.5350954934218352
-1.8708385254515865,NA,-204.10432617175724,PZ,-0.5858425508702378,0.11590859338739531
-1.844383267493982,NA,-206.90169779652808,PZ,0.02479932010422374,0.19938675490006535
-1.7632675088206482,NA,-203.8022394673643,PZ,-0.6172382410536404,0.16260688063708606
-1.6511412956497264,NA,-206.50020478308875,PZ,-1.1385679805118563,0.11061868062102662
-1.7229422943898116,NA,-205.0680585304864,PZ,-0.4956187836331911,-0.22576713210788912
-1.6624474755028726,NA,-204.19076519191037,PZ,-0.29992953332685024,-0.34676450584091756
-1.7041850551373374,NA,-204.1035338923844,PZ,-0.4972481488370756,-0.27444170368200455
-2.1333396532806987,NA,-213.08745097948952,PZ,-1.7009764330404948,1.0929920252035712
-1.794104118543135,NA,-204.2487490209557,PZ,-0.13870368677293232,-0.11357699150465783
-1.9369215754779767,NA,-207.61104131991033,PZ,0.5488355349551892,-0.2344316231271138
-1.8500998287447217,NA,-205.4162687744168,PZ,-0.5584475152082378,0.2245293721718743
-1.598834484383077,NA,-205.6125919930105,PZ,-0.9184594946878097,0.5145391113588147
-1.8618498681574107,NA,-205.5897922677589,PZ,-0.06403535395729404,0.3012033817837578
-1.70180743400266,NA,-204.24983084938597,PZ,-0.7065489109073184,-0.10828990998866653
-1.7555436315539414,NA,-203.8143261040695,PZ,-0.37734378161869353,-0.12149922525812903
-1.9742390515213368,NA,-208.20452659245151,PZ,-1.3847420335009992,0.9546495917409369
-1.6355318581245728,NA,-205.47093956223662,PZ,0.3643832005547146,-0.613721083687631
-1.7203671107043028,NA,-205.7668293740542,PZ,-0.9306146833934033,0.1588653510103742
-1.8341196694257227,NA,-204.6065321307872,PZ,-1.0323860705482657,0.35004749672001523
-1.7971117300475876,NA,-203.8682238673651,PZ,-0.561239872194999,0.19357419176451543
-1.687507175077175,NA,-205.01569794585552,PZ,-0.15855914699212828,0.1584591951635433
-2.1111552265205926,NA,-207.55087920088698,PZ,0.0541272667919149,0.22142302320630103
-1.878413057593796,NA,-206.47419799800736,PZ,-1.2000769771118673,0.8539223571497511
-1.5017236351321497,NA,-205.67784973724346,PZ,-0.05036895637591991,-0.16669051830119064
-1.4925486222348274,NA,-208.00875636143508,PZ,-1.5007211888647862,0.47302812437933783
-1.4497924578026797,NA,-206.3712800471527,PZ,-0.10740246038166723,-0.7399203196959064
-1.7075037807525577,NA,-205.2623833388802,PZ,-1.1569281107305471,0.4248882080609074
-1.6394270026728435,NA,-207.9066814358122,PZ,-0.8290148996196033,0.6819088293296892
-1.5492068426788306,NA,-204.23892565897918,PZ,-0.46831082181552347,-0.2863936858357305
-1.640539029292928,NA,-206.17440459232952,PZ,-1.0606892739458798,0.4394514122735354
-1.6726025556678306,NA,-203.98252715327257,PZ,-0.8353479768552322,0.006922520729433487
-1.794474670697541,NA,-204.6878878649384,PZ,-0.32372990966860593,-0.26003113311501713
-1.7848632265527424,NA,-208.07656780529626,PZ,-0.4356574842105613,0.7002147103205731
-1.8101526280938256,NA,-204.46760835199836,PZ,-0.26729873539394655,0.2805225957717834
-1.6070388356608847,NA,-204.7682529615338,PZ,-0.05205821484319445,-0.5926455394314063
-1.6140889410224921,NA,-204.4453702310878,PZ,-0.2356357782908813,0.05462336339238974
-1.8008904422424057,NA,-204.69506314888957,PZ,-0.12982385355348428,0.21111387729458828
-1.637005793486305,NA,-205.20227041752102,PZ,-0.7219793840758986,-0.3602362360126252
-1.6134865379936454,NA,-204.10408763690833,PZ,-0.8011287312631374,0.19062776556463767
-1.654022573253971,NA,-203.5221031514478,PZ,-0.40986134524187207,-0.08164268535792168
-1.607843241450607,NA,-204.35481784806203,PZ,-0.22723728505682453,-0.19597229933893112
-1.8767993243426875,NA,-204.1436728217298,PZ,-0.6742386681109536,0.21991190744817418
-1.6450705656944036,NA,-205.5300527092268,PZ,0.045329149834698906,-0.16444474794188918
-1.7862992116111442,NA,-204.72217970780804,PZ,-0.7448942178497661,0.023438178071232385
-1.5438042056025294,NA,-204.83886767935016,PZ,-0.01793868750584524,-0.5318190043117272
-1.8553400536618159,NA,-210.2295921707037,PZ,0.8981747937823723,-0.5999867602572961
-1.9640631750650785,NA,-206.8192953366683,PZ,-0.8764789887726208,0.8629640694511926
-1.557224800865237,NA,-205.29105543106377,PZ,-0.8902988386978715,0.1343441527759253
-1.6476750350945097,NA,-207.15870879320738,PZ,-1.3104694596528101,0.7233494421355967
-1.512410111373392,NA,-205.3484427482672,PZ,-0.42734203053535846,0.08368463460745923
-1.7448719429430979,NA,-203.73417329221488,PZ,-0.22674923746804712,-0.030157131043362706
-1.6663281162775563,NA,-204.13126183077685,PZ,-0.007912796581099973,-0.20597697663657002
-1.7061275686345048,NA,-205.15137832136486,PZ,-0.8369077297543976,0.4696895476094232
-1.495053101271821,NA,-205.67864547260254,PZ,-0.9204709126690527,0.26936794933049546
-1.695677930523697,NA,-204.21377412450607,PZ,-1.0170590277045,0.20049194822971575
-1.7192771830432907,NA,-204.6745808204453,PZ,-0.7145405466173089,0.18225030378357054
-1.942870492386346,NA,-205.09002404664346,PZ,-0.4966413549063511,0.32107524061872483
-1.7573822756591955,NA,-206.05918333763915,PZ,0.13152374682328516,-0.3680926475867546
-1.5660790885647402,NA,-205.27528110778613,PZ,-0.813407555327262,0.3819248672975464
-1.9211254410139602,NA,-204.71226525052938,PZ,-0.04149167620738456,-0.09316539733472906
-1.7019313924361144,NA,-203.8514997580325,PZ,-0.6113900499196399,0.13408086715486936
-1.5496634510788323,NA,-205.1110797623163,PZ,-0.03605070154901121,-0.33088091677739206
-1.6158039728163844,NA,-205.566595420331,PZ,-0.2867957798424945,-0.5839892153523845
-1.7457261045184163,NA,-204.48656975722545,PZ,-1.0273012621124282,0.4894745069102956
-1.6151216340386185,NA,-204.62713164130295,PZ,-1.0599348183109596,0.2797301539168822
-1.8014730734184465,NA,-204.17910736223376,PZ,-0.9240984938728285,0.27853939223374413
-1.7915026782674717,NA,-205.3788906824227,PZ,0.27719328196155135,-0.2650496653469384
-1.8126887847742938,NA,-205.46679306763795,PZ,-0.9822962772297299,0.04199493390790007
-1.6063168974251063,NA,-207.24564977415784,PZ,-0.12890693351629046,0.273643034598834
-1.8082144964961446,NA,-203.78962968707162,PZ,-0.19258190559677996,-0.10418062390634764
-1.8051216407252513,NA,-205.37126030433706,PZ,0.35458769043165617,-0.4845977786303013
-1.6317750168624672,NA,-206.40808493725478,PZ,0.051828945122877626,-0.460386747896234
-1.7430911770897275,NA,-203.7152212314137,PZ,-0.45953300289295035,0.03594445716025943
-1.9087493956058086,NA,-204.33782520606502,PZ,-0.6778436942242063,0.24745523094583322
-1.358022771759681,NA,-209.79695257988942,PZ,-0.06734904860465943,-0.04322693897185781
-1.6603959487845728,NA,-205.4354721319436,PZ,-0.4575454781468552,-0.27674922233744614
-1.7514840741984556,NA,-203.44420209839305,PZ,-0.40709436356438167,0.088295810820693793
-1.8884404048198913,NA,-205.52484417277148,PZ,-0.9269637267761441,0.47852160529527876
-1.7370263709375218,NA,-204.01605704379978,PZ,-0.4767580128508007,0.24641510552159696
-1.6929141179505187,NA,-203.6313928312503,PZ,-0.29573802906312613,-0.041415437664783984
-1.7638767976287733,NA,-204.22970819935975,PZ,-0.0634979584370681,-0.08093103674217268
-1.7669062832893854,NA,-203.95607617915277,PZ,-0.7489771903592749,0.263258689317064
-1.8161328962351144,NA,-204.74427605144686,PZ,-0.25860851297679227,0.14584500791610452
-1.5803037361957049,NA,-205.30494862530787,PZ,-0.6928104405145947,-0.231702951826754
-1.7435010663397976,NA,-203.71218563266888,PZ,-0.2436457897400106,-0.004943185070217737
-1.7607360148014102,NA,-204.28042280683005,PZ,-0.026759466686382335,-0.14214705686584445
-1.6581936902898493,NA,-206.47861462167702,PZ,0.28428319272862984,-0.7830397514464165
-1.5254032069422843,NA,-205.24068168745364,PZ,-0.9717016548579132,0.2204598464032836
-1.875587740675492,NA,-204.45835297464333,PZ,-0.899493591479363,0.3737937786952612
-1.8493221193469158,NA,-208.28832351101974,PZ,0.795238509890186,-0.7480874706808769
-1.6898957121717988,NA,-203.46974655519514,PZ,-0.37815636228528077,-0.13436165890812146
-1.6501382592081946,NA,-208.9177834092942,PZ,0.12674181465760387,0.15082572144112588
-1.597780144545768,NA,-205.88170640916056,PZ,-0.9998615760099688,-0.19225703783057338
-1.8468016214145062,NA,-205.33056620697266,PZ,-0.9736547177550379,0.1252298818911871
-1.791501594275944,NA,-206.12417726090968,PZ,-0.8537740957646663,-0.2614712967754491
-1.7629509527144438,NA,-206.18714463402307,PZ,-0.5315642394343366,0.6013203091183302
-1.7005198053850101,NA,-203.52222507294613,PZ,-0.5087323448479606,0.12170901388300245
-1.837454253226481,NA,-204.03098288142712,PZ,-0.707173126527709,0.1458941323111287
-1.858592520282906,NA,-204.37009658473036,PZ,-0.8704230259825214,0.4608038947302155
-1.7649830350930973,NA,-206.11014768484384,PZ,-1.441371689251391,0.42961661981697497
-1.5467422909528576,NA,-204.66043781875385,PZ,-0.37502691544014666,-0.3530379424145782
-1.9632905773214735,NA,-205.13388797527335,PZ,-0.854105871914508,0.5226142979173449
-1.6014157397169548,NA,-203.73855754339476,PZ,-0.5613442632323027,-0.04131496919244891
-1.715644418402879,NA,-206.72074943812274,PZ,0.12288950609961892,-0.7546105772032164
-1.8208357725876259,NA,-203.8890631961588,PZ,-0.3505915973494791,-0.034726839884616945
-1.5974546967381644,NA,-205.59004318944977,PZ,0.17779976630937802,-0.6312274642577869
-1.8596264831259381,NA,-204.30494757096972,PZ,-0.7341377275879541,0.45347088214790215
-1.693116507158487,NA,-204.60600142579617,PZ,-0.4004532889347728,-0.08903410616709319
-1.8864769534973025,NA,-206.91912572208267,PZ,0.09729531754425319,-0.3911426703898133
-1.8665348362061458,NA,-204.20211333535954,PZ,-0.5595180980636582,0.21820675446984875
-1.5685110576535166,NA,-204.17385895058536,PZ,-0.42945347071552076,0.016212493809973805
-1.7640130863406152,NA,-205.34732043568064,PZ,0.30679978880033876,-0.25676354474328233
-2.241729415058441,NA,-209.50834739416976,PZ,0.004256178506242103,0.27246204773651717
-1.8744749117500716,NA,-204.01021963352227,PZ,-0.4042070910520453,0.014321939695684821
-1.7312103633637155,NA,-204.0193868858206,PZ,-0.9380651090293989,0.1953519846450505
-1.8147809691776076,NA,-204.84679969670594,PZ,-1.1127840705221228,0.5280765590520139
-1.7601043145949984,NA,-204.54836201105846,PZ,-0.7095484939544376,0.4733526694803578
-1.595798690268771,NA,-204.56496433355662,PZ,-0.47819965932400293,0.16737200664862475
-1.6781746501843628,NA,-205.42105615255312,PZ,0.3938291951987343,-0.5832117740283096
-1.9187644027389708,NA,-205.36138148396316,PZ,-0.659791880786628,-0.049188294243140834
-1.5180575777279974,NA,-204.88820185418558,PZ,-0.61668456041557,0.004383187317680309
-1.6576253442162259,NA,-207.5653331296927,PZ,-0.4683617706479404,0.10560130615241595
-1.9312997227981095,NA,-206.1270130158544,PZ,-0.018355121436528954,0.26280528018076876
-2.1542988756357313,NA,-207.68155142483485,PZ,-0.18541853070763675,0.3032972410619842
-1.7040261262542724,NA,-203.64151161823284,PZ,-0.5613393479205073,0.21923956150053148
-1.5119571780980623,NA,-206.74457747937063,PZ,-0.3237222624466225,-0.7526917017997944
-1.9933454888559443,NA,-206.7192380223093,PZ,-0.22533828157191355,-0.31133927907464315
-1.7591030934128205,NA,-204.12048765194254,PZ,-0.860803666586911,0.43699080297350107
-1.6053433237560577,NA,-205.725054618304,PZ,-0.07823567372863949,-0.7456478930897166
-1.5766204365523033,NA,-204.47678404750675,PZ,-0.3364823556704378,-0.441747222562329
-1.9048195415328668,NA,-207.07897008509843,PZ,-0.800730792658772,0.12157676683298746
-1.7315411740163569,NA,-204.92461783364908,PZ,-0.7019138436548814,0.4965384226045154
-1.8508221075327795,NA,-205.92405962087125,PZ,0.02439719945281278,-0.31632813882204774
-1.680569375142824,NA,-204.03003449927556,PZ,-0.8041350026053937,0.34340353292080594
-1.9609460051879952,NA,-204.81812359746817,PZ,-0.4915722213561488,0.10392611804015978
-1.7487627953969427,NA,-205.92985828312462,PZ,-0.2171562367690196,0.32415430076763213
-1.4744982656202408,NA,-205.39977837258112,PZ,-0.723347905441192,-0.023336464569727627
-1.7300781084785437,NA,-205.26942430876815,PZ,-1.1010551249814056,0.07368378363067374
-1.5209297408589828,NA,-205.1791042551824,PZ,-0.08450233130452467,-0.19020643685911562
-1.783900498273685,NA,-207.6324319898534,PZ,-1.1217973155560441,-0.11779077320400541
-1.6587609697594767,NA,-203.99174400800754,PZ,-0.32143034595021636,-0.21051787359512064
-1.721715447620184,NA,-204.76273888392257,PZ,0.215922407455029,-0.5111258886457838
-1.701617488928283,NA,-207.9610294073686,PZ,0.3830583904570918,-0.07598607352498729
-1.6431016975841344,NA,-203.8452063674142,PZ,-0.6190715413345516,0.007286241596322712
-1.743117640801697,NA,-204.90285412502797,PZ,-0.8455265159631781,0.4939251563994433
-1.8447889467818708,NA,-205.3867795473405,PZ,0.2775750139387213,-0.30257291043326634
-1.731000090566263,NA,-204.18362045614512,PZ,-0.9284380082666444,0.3748902842581117
-1.8330907479754721,NA,-204.20656539636346,PZ,-0.6438968880003972,-0.011424908078275203
-1.7115106746687805,NA,-204.87221496053795,PZ,-0.8688145762816875,-0.13614167159709517
-1.6100212617957472,NA,-205.2890923752064,PZ,0.01897220821038642,-0.04684366593204706
-1.5859151692895295,NA,-205.06259793340783,PZ,-0.5798951283551181,-0.40908613855277803
-1.6713818456011469,NA,-204.39903508964258,PZ,-0.9575736480713548,0.019237424089720054
-1.7241265245473318,NA,-207.13032400732305,PZ,0.5199291526024981,-0.3021932577561287
-1.6256980463611785,NA,-204.4784996854866,PZ,-0.16638819278114375,-0.40270418476015557
-1.713411554863563,NA,-204.9636124137749,PZ,0.1437533751486222,-0.605539467060529
-1.6971989944107222,NA,-205.54101482540275,PZ,-0.8257295278351546,0.4203507967770629
-1.6665712168041484,NA,-204.6697066920033,PZ,0.11795863026564349,-0.24815201309177207
-1.787462341885967,NA,-207.4830549727053,PZ,-1.5691617451808333,0.28434194934381185
-1.7085019480828205,NA,-203.72276407413398,PZ,-0.32934835891365655,-0.25156502729240365
-1.8737932551703032,NA,-204.19854480542267,PZ,-0.31783327784867477,0.1456133662560674
-1.6814061765335024,NA,-207.37321831163965,PZ,-1.6962563477795705,0.4752163271259149
-1.734160633544149,NA,-206.18797680340992,PZ,-1.3317993126798893,0.28103120531000125
-1.9054362920995418,NA,-205.7129327438291,PZ,-0.08095480541043465,-0.19031965741158657
-1.9187068608519517,NA,-206.19826154012773,PZ,0.09114272334169324,-0.4472062447923624
-1.6517204001377432,NA,-203.74613807236094,PZ,-0.6408889921829194,-0.034922259038933784
-1.8391491608995982,NA,-206.28327881328315,PZ,0.30467854412070644,-0.3026668105116149
-1.7964842099899625,NA,-203.98934173886065,PZ,-0.4028380994923894,0.20976347512296944
-1.8087709682701778,NA,-206.3340231827702,PZ,-0.18804164282290958,4.266633087957432e-4
-1.6956620091316021,NA,-204.7564188009669,PZ,-0.1918495030033484,-0.5232340788549874
-1.631975770089898,NA,-203.86334101188933,PZ,-0.815377869700562,0.14995152803987852
-1.870578139679079,NA,-205.98091997442452,PZ,-1.1309403697541167,0.2802014037672639
-1.9681637578536055,NA,-205.0729625518921,PZ,-0.35517556075424517,0.2117221077212851
-1.703697491817984,NA,-204.3939945913735,PZ,0.1122232847980558,-0.2325260563665526
-1.597259314879493,NA,-204.39320680488981,PZ,-0.04164525544136592,-0.3453567856553554
-1.7196330261053427,NA,-204.11265547117415,PZ,-0.10035081941209023,-0.35013981111669873
-1.4040457811912366,NA,-208.29382504238748,PZ,-1.3939816453275962,0.05938439686759103
-1.777210233687566,NA,-204.65991834041904,PZ,-0.5151887409460533,-0.17355550520877824
-1.7705321402523508,NA,-203.63043895097331,PZ,-0.6672026323696061,0.07642619657315075
-1.6757091355174607,NA,-204.1534602732186,PZ,0.0308730120630539,-0.3674578643655192
-1.8216269854125018,NA,-205.79403331750825,PZ,-0.1439839794242756,-0.29034376841130694
-1.8408285586930637,NA,-205.41517241485312,PZ,0.3203205812347116,-0.45721080267923814
-1.981347384553304,NA,-207.3173184408335,PZ,-0.16763244710723696,-0.4450268082728655
-1.7671725576176387,NA,-204.10251925236204,PZ,-0.8053090131212658,0.17595016650045653
-1.7853466615708495,NA,-204.5030714478514,PZ,-1.0096558681471794,0.5080232634232082
-1.842842690032897,NA,-204.26425400205338,PZ,-0.8443119413703833,0.4519135161025436
-1.6722620570696836,NA,-205.62690747070587,PZ,-0.7194114129739739,-0.02332039633805097
-1.8020248733352613,NA,-204.54257792782974,PZ,-1.0574027639162236,0.3310649531260532
-1.7824120750753243,NA,-203.96327779854477,PZ,-0.5571818641689513,0.34351472124987703
-1.6237653097385647,NA,-207.86018014627933,PZ,-0.5921502664428971,-0.377542473437158
-1.5925495236619411,NA,-204.28693754134002,PZ,-0.06914694914287323,-0.4201600419886461
-1.722310251757742,NA,-207.4328382599809,PZ,-0.13089225155659576,-0.17286731227021884
-1.8147408698678538,NA,-204.59593961662756,PZ,-0.8820225670670614,0.25762997446696023
-1.7179223936199668,NA,-205.60536280047282,PZ,-0.1290925538757435,0.16082400086715715
-1.9122738129393815,NA,-205.517298621399,PZ,-0.16773853510018472,-0.2057420015378705
-1.6338360627810589,NA,-204.60472283143085,PZ,-0.36227383298407245,-0.4671636678585692
-1.673649235141174,NA,-204.25300584815358,PZ,-0.48070722176996633,0.2736467004903663
-1.6450628037534223,NA,-204.13578476880724,PZ,-0.8648394283352295,-0.01963339780122436
-1.6719558232733984,NA,-204.53533545579475,PZ,-0.9424888916957321,0.2869398536326936
-1.7449915358203172,NA,-203.57429344503598,PZ,-0.6928112151775222,0.09281901949509128
-1.8130667119877906,NA,-204.17750302139115,PZ,0.013554614566452268,-0.1553851033088045
-2.0256046863718358,NA,-208.51990939319705,PZ,0.11670214682381608,0.4534849559161356
-1.7831939027391426,NA,-204.73491976847558,PZ,-0.8154938768377384,-0.07392515640394037
-1.6077308929761198,NA,-204.12364666565605,PZ,-0.4298711502622316,-0.3329616993393696
-1.4707840295567072,NA,-206.04008014968704,PZ,-0.5972911865293759,-0.13463684952305094
-1.7767635842407692,NA,-204.37792800502038,PZ,0.037477913243525035,-0.07011056794712646
-1.848233330450405,NA,-204.39156857783593,PZ,-0.3918214438530391,0.1951321166563243
-1.791331709436714,NA,-204.8522801763118,PZ,-0.8923909643437204,0.31351464305941373
-1.3087063014900189,NA,-209.40064814371266,PZ,0.121319197330354,-0.5211481308725414
-1.8708496053844934,NA,-205.2863698106661,PZ,-0.5036790942821674,0.5495629825009014
-1.9814693371277825,NA,-205.68874722116348,PZ,-0.41647574560382816,0.48235942879251814
-1.652676961940853,NA,-204.78638066072617,PZ,-1.0931375336414224,0.12070040592490734
-1.7334681350394152,NA,-204.08823801648603,PZ,0.04774941300637181,-0.2889993482037188
-1.474933222029054,NA,-206.41222314840962,PZ,-0.38503862997387545,-0.6546692822382316
-1.6113517616355595,NA,-205.39822055105628,PZ,-0.6392623750421771,-0.20902907561747242
-1.9440375374331385,NA,-205.72503522853154,PZ,-0.8072205551504961,0.06276226608409759
-1.7552286746889738,NA,-203.68686412152175,PZ,-0.3709851330711688,0.01754648240405346
-1.6316523292282956,NA,-203.9745024871256,PZ,-0.17948328503888028,-0.15081682730277665
-1.8293046026803859,NA,-206.0651284593419,PZ,0.3037194090416322,-0.6504805067383241
-1.6749483394081868,NA,-205.12562939761398,PZ,-0.11112380424254384,0.11753015910959212
-1.700524969507714,NA,-204.4040030059575,PZ,-0.94933809365903,0.013408878752925568
-1.7052407360149977,NA,-206.98856425676956,PZ,-1.5363446894029011,0.256094229632079
-2.053954271786933,NA,-206.19920092952722,PZ,-0.7937236359131377,0.46446206135757145
-1.6926818011264164,NA,-203.86814937440064,PZ,-0.4239323553859108,-0.26335641970512824
-1.7550222401122646,NA,-207.18599736358826,PZ,0.31319530243293303,-0.5842936536177035
-1.4798236130125404,NA,-206.90842524010034,PZ,-1.2538023609497753,0.38829533179630416
-1.7499368381650224,NA,-204.3579815624397,PZ,-0.9225100287165378,0.35751123879349034
-1.570350763773,NA,-206.28030736126385,PZ,0.43434303983471767,-0.6486293256318016
-1.6514068353990194,NA,-204.81295408222906,PZ,-0.9474285484297413,0.22535297330910978
-1.5457896414789665,NA,-205.36271375841062,PZ,0.11260916765700835,-0.320709271604573
-1.925482769091117,NA,-204.67127769101123,PZ,-0.21929137318879818,0.12966350746653474
-1.7246017549136043,NA,-205.7835222720482,PZ,-1.4252308946589425,0.45286830281133195
-1.9001902392116832,NA,-205.9210860835809,PZ,-0.9655951371164673,0.13474944590223226
-1.6019497336684623,NA,-205.23633413416928,PZ,-1.0037665463978667,0.3219229021289582
-1.6201210652852234,NA,-204.9964237099845,PZ,-0.896992460614427,0.1971456763151146
-1.7658391344183755,NA,-205.13909257829707,PZ,-0.43762785608111876,0.4258618865420243
-1.5128154862760679,NA,-204.66630987892054,PZ,-0.27275698941946047,-0.2746035110682053
-1.598911956351203,NA,-205.08753696666582,PZ,-0.41932653378572127,0.014655020479350842
-1.8472715118769332,NA,-204.9372108830753,PZ,0.01866891672470883,-0.4102823504044737
-1.6048112648504518,NA,-204.79465441730568,PZ,-0.525925515269263,-0.12766308434973483
-1.7680334988356308,NA,-204.1221316931,PZ,-0.32024043750083286,0.03513078838750992
-1.8089722069823515,NA,-204.95094340768065,PZ,0.14170352654358973,-0.34898696809749247
-1.6910541169357183,NA,-204.47448296926095,PZ,-0.09244490073858047,-0.007676665623545714
-1.8216244647198336,NA,-203.8199380569686,PZ,-0.4228071444916921,-0.03687656236709802
-1.6583106935654082,NA,-205.61115651675325,PZ,-1.1289942304717773,0.41383720034314597
-1.6990545742961398,NA,-204.90636952723244,PZ,-0.8861553235493355,0.19206370471115214
-1.6568223334869838,NA,-206.2293457118965,PZ,-0.9318173159147465,0.0034528420040589487
-1.6430591368991463,NA,-205.74654312443923,PZ,0.05297452780354832,-0.2737774430025033
-1.7226910360562468,NA,-203.53707985303444,PZ,-0.4719054931777119,0.011090191767489719
-1.7218962904028123,NA,-206.73973923919513,PZ,0.3850863043299991,-0.6664817432490785
-1.5999221170501177,NA,-204.72579465838007,PZ,-1.0310369193084865,0.25453914435210256
-1.6710774049332915,NA,-205.07943620164582,PZ,-0.9674252751834244,-0.12440987361012526
-1.7866461932579185,NA,-203.60208825728373,PZ,-0.24145370723515003,-0.03882318699512506
-1.717620765096499,NA,-204.23579744309183,PZ,-0.27971822138575236,-0.06386648210198226
-1.8888420961893868,NA,-204.4680843346532,PZ,-0.6159649033933325,0.2565027111280279
-1.9532433244530922,NA,-205.15547748834015,PZ,-0.2939629393298673,-0.06476542677432726
-1.6858661734019773,NA,-206.1224370718351,PZ,-0.8402532566985706,0.5817562020098067
-1.676095569143375,NA,-205.43020046272812,PZ,-0.36465293370404933,0.008150847095855923
-1.8579651643301551,NA,-206.47943583446047,PZ,-0.10585584443763635,-0.594195644528998
-1.7760182198285048,NA,-204.2796742151279,PZ,-0.838120694572599,0.27440594599390156
-2.1733969955959815,NA,-209.26292040394873,PZ,-0.05221271682301215,-0.19830287081942488
-1.7343040627504864,NA,-205.17810599456817,PZ,-0.555138128900214,0.17266698535480948
-1.5033093290366875,NA,-204.813337561907,PZ,-0.41031203516361114,-0.2639596999635636
-1.8267465287135396,NA,-203.64809400429542,PZ,-0.5506861133003242,0.18535375817962085
-1.7213812265937098,NA,-203.51909124127823,PZ,-0.2365618841438046,-0.07808309575095218
-1.9524733541859025,NA,-205.4726995117168,PZ,-0.11011539035315893,-0.06746660709916284
-1.804801950839658,NA,-209.29431930371845,PZ,-0.16374063151430873,-0.7603357377528162
-1.5753489416027682,NA,-205.31547893545354,PZ,-0.4843211610883612,-0.17787387769567356
-1.7672603974466876,NA,-206.45471714907367,PZ,-1.2657866079160658,0.7245873422195699
-1.5634386001445955,NA,-204.8321485998568,PZ,-0.1034154258205128,-0.11817099882658016
-1.7355946072530262,NA,-207.9373413834434,PZ,-1.0952703798616694,0.2780947519328581
-1.800529355209144,NA,-204.89126846375666,PZ,-0.17885357962282727,0.16133155954410386
-1.5518212529825706,NA,-206.2038092073599,PZ,0.023360947781056574,-0.824950721331024
-1.8056845570748408,NA,-204.8261101688259,PZ,-0.9561680835705559,0.5939257141829968
-1.4675027371041358,NA,-208.4207417007597,PZ,-1.4521296315380268,-0.13449048685441545
-1.6021944574172522,NA,-205.96426080355587,PZ,-0.22379419895076974,-0.7089049521676765
-1.7265058410574003,NA,-205.47926562314245,PZ,0.3704721376202108,-0.5774909489074702
-1.892353411085869,NA,-204.41820922912646,PZ,-0.4211038421538226,0.32914134065864276
-1.637530853312346,NA,-204.43551190262,PZ,-0.28548721192654286,-0.4636186723925715
-1.8491100277922414,NA,-210.5989482717259,PZ,0.43453633924146684,0.2648853191732354
-1.5069402045117641,NA,-207.64860053043446,PZ,-0.15567313890908838,-0.13012474911625926
-1.801130102957801,NA,-204.9689093678168,PZ,0.09311877002573753,-0.4153025136339686
-1.9352784542896198,NA,-204.60325014593698,PZ,-0.530557742240692,0.4145095478949422
-1.5388683635185896,NA,-205.56127051243976,PZ,-0.43534628514272133,-0.582696103772804
-2.0311632823137824,NA,-207.95919123950367,PZ,-1.3302592744649855,0.8830890149197835
-1.6898481386361404,NA,-205.23333155688795,PZ,-0.7659272684243058,0.10164731837956859
-1.5824156186472411,NA,-204.07322123695187,PZ,-0.595762638868685,0.04023328815787282
-1.9305234438167576,NA,-206.14350415809716,PZ,-0.27617416581530774,-0.031123503920985562
-1.7815953388144283,NA,-208.42070569581668,PZ,-1.1842543313325142,0.8415050782575688
-1.7793696864527329,NA,-204.47482999575985,PZ,-0.7941436311617303,-0.05744979739599208
-1.6554890189492433,NA,-204.26172103076837,PZ,0.027543656970138386,-0.40288894469011066
-1.8740854534048506,NA,-204.47834853134984,PZ,-0.6586535326746892,0.1842685397017994
-1.5797997068166951,NA,-203.99580231431662,PZ,-0.7350279445956199,0.038022342167725466
-1.685290455795617,NA,-205.2415089287993,PZ,-1.249673923705892,0.40010551545446127
-1.7775752908917506,NA,-206.42960471365114,PZ,-1.2439984805111892,0.7353647720724743
-1.4845355932927013,NA,-205.23199200693944,PZ,-0.3301111384171542,-0.481278120089517
-1.6137083765899396,NA,-204.91845366832223,PZ,-0.06099601124471127,-0.01987620272599945
-1.763634620938693,NA,-205.04298607782775,PZ,-1.0199946480779472,0.017436446305105546
-1.5919836882170733,NA,-204.90025021142733,PZ,-0.9410452963866729,0.2677549917548819
-1.5701092136506958,NA,-208.91084842374187,PZ,-0.047525613708782166,-1.0930901797775177
-1.5849919972078,NA,-206.17336736999596,PZ,0.4266560635215044,-0.5720303377900041
-1.7980425326193537,NA,-204.6012417090154,PZ,-0.8559524867120535,0.250488818357294
-1.8231785803051423,NA,-205.99127431252631,PZ,-0.8868535359593295,-0.0916508953737377
-1.7111809641100195,NA,-204.45970336853838,PZ,0.1472090358874325,-0.3127080416310677
-1.8815808403897933,NA,-204.54534907285958,PZ,-0.1473114817641391,0.04622319252613638
-1.6124396568705868,NA,-203.83866502474814,PZ,-0.2194357831825449,-0.17059987242299424
-1.6991806884680805,NA,-203.568287800558,PZ,-0.2089717621283815,-0.12654326183159365
-1.8602475714483104,NA,-204.9392731317443,PZ,0.12818409862913246,-0.09622942092464372
-1.5548715660616403,NA,-208.1978948676143,PZ,-0.8018698067078827,-0.3707688598939116
-1.7133316774863752,NA,-203.37624749159812,PZ,-0.41368087833119194,-0.01021261501421633
-1.9469607436643221,NA,-204.85067001434211,PZ,-0.6637515502297675,0.5030369318485648
-1.685878825936807,NA,-204.95132019529137,PZ,-0.9092660866672355,0.32924373661716416
-1.6193779718832089,NA,-205.40818476659547,PZ,0.08046664209294022,-0.19473276390231667
-1.7606275933795654,NA,-203.84902278675042,PZ,-0.4590635165596664,-0.17589936415249816
-1.6964913787591138,NA,-204.4259104014857,PZ,-0.29730020804264357,0.02009076779748936
-1.614518829393511,NA,-203.89990097906457,PZ,-0.4039836355208739,-0.06702443608052569
-1.7463185165253772,NA,-205.544836117111,PZ,-1.3440944501591308,0.4235663497745896
-1.6183550703327025,NA,-207.49619036509566,PZ,-1.320585387053284,-0.1932569924115458
-1.7342213550801173,NA,-204.60857198160517,PZ,-0.2537602647910485,0.25602693697690965
-1.6318645245548191,NA,-204.02273969040488,PZ,-0.21081796505901187,-0.055944690184932755
-1.8150805455046841,NA,-206.80365018333225,PZ,-0.9421374514712113,0.8642054779430886
-1.8080133982853743,NA,-205.4139719776994,PZ,0.236789250607735,-0.44852014956804354
-1.6659310652696877,NA,-207.03284951110828,PZ,-0.4136845412054029,-0.6824360422402257
-1.7468292856987524,NA,-205.89260525358185,PZ,-1.3375341173600406,0.4379328499539998
-1.8152707629698082,NA,-204.21399339709023,PZ,-0.7821378853922305,0.1170872948736579
-1.7987649040852314,NA,-204.93359346006972,PZ,-1.0198808481799826,0.494808059530199
-1.6295081968578027,NA,-203.76732308765446,PZ,-0.6395775741361853,-0.030440056016558664
-1.8657875941773567,NA,-204.61486246560347,PZ,-0.34263612937447846,0.3671942356268026
-1.6950311053316789,NA,-203.9409932518341,PZ,-0.6924020927883721,0.31915583066710473
-1.8336222780378713,NA,-203.88481379191828,PZ,-0.6848309349238275,0.23154776331359975
-1.5705780383986223,NA,-204.32355925679556,PZ,-0.4084879804921795,-0.23399065938891994
-1.5986486211899238,NA,-204.27762873665844,PZ,-0.06190045819187219,-0.31140802833429815
-1.5209594978228533,NA,-205.51768429860124,PZ,-0.5325242393081682,0.15518099431019142
-1.6413370684612953,NA,-206.9422528586908,PZ,-0.23147390526973477,-0.6480351761653405
-1.709721480619864,NA,-203.73711368719339,PZ,-0.25888876425425045,-0.2633464055372561
-1.5457896414789665,NA,-205.36271375841062,PZ,0.11260916765700835,-0.320709271604573
-2.0413106831200025,NA,-207.08647058461975,PZ,-0.737990653345916,0.7256155413009163
-1.867857182391388,NA,-207.84036523419286,PZ,-0.4707381176861547,-0.1258711139736678
-1.7598521354952794,NA,-210.33906223850803,PZ,-0.1695749147518143,0.4026144701431688
-1.7538560772680138,NA,-204.57754141113907,PZ,-0.28421493609889736,-0.4127176074294585
-1.7623418197857397,NA,-204.2743824294964,PZ,-0.32023549643541505,0.2725611366641495
-1.5154800274290667,NA,-204.4933485362987,PZ,-0.5810447607712561,-0.04670004806025198
-1.720878476549818,NA,-204.05402187104053,PZ,-0.21839110418717633,-0.09601471239972406
-1.5727140892328157,NA,-204.67455355852283,PZ,-0.46367637540722956,-0.33630220972558483
-1.792517527488321,NA,-203.76089643623297,PZ,-0.40795320202493957,0.0942039727071747
-1.645356789288306,NA,-205.35500918860436,PZ,0.2423736772421372,-0.5741012216143386
-1.6935247838111318,NA,-203.89088859678955,PZ,-0.21051392953116368,0.01692691106175473
-1.7981962628084631,NA,-205.15797955957106,PZ,-0.5921848312731846,0.296287758741437
-1.7591627212357643,NA,-204.87259622494034,PZ,-0.523556255086944,0.4683126565088417
-2.024858119434433,NA,-206.620111379769,PZ,-0.026788968981681652,-0.1806275534571501
-1.6304971267375046,NA,-208.32550982308328,PZ,0.4676963115850383,-0.5190037440268443
-1.802335351104359,NA,-204.29010163166257,PZ,0.0050238478036139095,-0.1436547530243345
-1.72359133047738,NA,-205.00367541948617,PZ,0.09524652325923998,-0.25870481118553423
-1.6696608204668024,NA,-205.43553472546728,PZ,0.3147439766356486,-0.42921427005589785
-1.646172430455922,NA,-206.6595369659621,PZ,0.2526373345074381,-0.3398533955666273
-1.851349828774347,NA,-204.30080645286705,PZ,-0.6368316298658665,0.20774996181529579
-1.834756079547858,NA,-205.14696771184478,PZ,-0.27834061474905814,0.3925305422683188
-2.002442110439296,NA,-205.4635522205801,PZ,-0.5237816399535268,0.16322693520298143
-1.567503704846302,NA,-204.344342137974,PZ,-0.7710021294399866,-0.08361080190474818
-1.6129561122253826,NA,-205.9422192421291,PZ,0.13939864452739367,-0.627890171715719
-1.780906664767971,NA,-206.22237742298282,PZ,-0.16655255739687747,-0.6417917073559181
-1.884849860645235,NA,-204.4769795390595,PZ,-0.8588063452047221,0.46553734773418487
-1.4505364983763558,NA,-205.96979554424635,PZ,-0.5830412832197467,-0.4230645525952339
-2.2650229449867214,NA,-210.16167586070193,PZ,-0.6395027190735645,0.31750256450149733
-1.6028576552851406,NA,-204.88429349362033,PZ,0.13237107467202847,-0.4791823782851026
-1.8502155361411383,NA,-204.75132873769667,PZ,-0.023696741576485325,0.05701453964823733
-1.8398834119929184,NA,-203.82980582344453,PZ,-0.5315546862862075,0.1497875109628749
-1.741435455106177,NA,-205.72158656097395,PZ,-1.3926756014752695,0.4980579521229029
-1.6045326430381464,NA,-205.55167381690993,PZ,-0.45368436272959645,-0.5510829691192829
-1.7520170025985156,NA,-204.06933326185984,PZ,-0.2817522113009088,-0.15682109264967187
-1.7704431247771018,NA,-205.1288789802271,PZ,0.13060033777805402,-0.007015819067111254
-1.6925488490632066,NA,-204.6739131225011,PZ,-0.9421861317199831,0.20626980685329555
-1.6919718095039347,NA,-211.03734002650597,PZ,-1.1576000531391495,-0.6377061342091235
-1.717775099534887,NA,-205.9687953899059,PZ,-0.11863433479287089,-0.2064046023032382
-1.6528959085452584,NA,-203.64476681945632,PZ,-0.5969149073067845,-0.10174218293039666
-1.6825096628235061,NA,-203.92188599964265,PZ,-0.5970357676530839,0.2261324892189404
-1.8721780771219523,NA,-206.6458647182568,PZ,-0.7214243646566293,0.47907440989763683
-1.6950890848995883,NA,-204.15095578976536,PZ,-0.8400115106236903,0.20616320292997825
-1.7989872201896069,NA,-204.15088436578674,PZ,-0.037491533933395195,-0.22538034324955275
-1.8815715556938204,NA,-204.13684903594938,PZ,-0.6472176722539578,0.37369074315871253
-1.6331310359212976,NA,-203.80164835787733,PZ,-0.4394811414384397,-0.04945896055282034
-1.4831801833567058,NA,-206.0281155019694,PZ,-0.8656699754025842,0.016036780422569535
-1.7489284244279246,NA,-204.54619676990708,PZ,0.17458563353629636,-0.4099475927701578
-1.5419834795144143,NA,-206.30225872448932,PZ,-1.0091117814751436,-0.12114758365285153
-1.7567636871618604,NA,-205.41033732915704,PZ,-0.3574609612490176,-0.2470037420920527
-1.635948426537555,NA,-204.37207215164378,PZ,-0.6029176447801251,0.26248615204269454
-2.0168238294052885,NA,-206.99581238590778,PZ,-0.8313729583049654,0.7185446305082741
-1.7090074711192416,NA,-205.79490102936862,PZ,0.33730893597322287,-0.7591753114820935
-1.9961615231882186,NA,-206.43327182396976,PZ,-1.0228486988226675,0.2847686496686547
-1.6491012582145237,NA,-205.19022387162096,PZ,-0.9875155884009248,0.1342998227081155
-2.0002121434475297,NA,-205.41322744949414,PZ,-0.5365639770503646,0.3269480507854021
-1.550767060790854,NA,-204.27624545464312,PZ,-0.4366188499430379,-0.3057620348692151
-1.7578497166010574,NA,-204.20789550265889,PZ,-0.997368850623129,0.36414231492850146
-1.961274993638901,NA,-205.77847657171205,PZ,0.055696322619909644,0.1443006645033852
-1.6989083012469641,NA,-204.67339236369287,PZ,-0.5575245014945795,0.26843797553205273
-1.7234858557788941,NA,-203.55447986608576,PZ,-0.21712608757685814,-0.15789071552770523
-1.6152243104005906,NA,-205.2553573441118,PZ,-0.9275906021882292,0.05669926877542096
-1.627979533423647,NA,-205.36445831431695,PZ,-0.08990350956617588,-0.07518779144967458
-1.7808963741522927,NA,-205.16528302715534,PZ,0.29699850029107744,-0.24489500034858588
-1.7637409259069043,NA,-206.04192331567194,PZ,-0.43917989989050177,-0.06370817582253321
-1.5870201372616672,NA,-208.06549220199437,PZ,-1.5804045561599405,0.6182871850136178
-1.5365608466105123,NA,-204.45282251590146,PZ,-0.6008140407993909,-0.24659349702843275
-1.8087709682701778,NA,-206.3340231827702,PZ,-0.18804164282290958,4.266633087957432e-4
-1.6950954670882286,NA,-203.91761934121408,PZ,-0.8582581228234856,0.21906026547370172
-1.5835397890081475,NA,-205.20676859604643,PZ,0.12534812604153173,-0.5901975713015011
-1.5357194905683473,NA,-205.58190749084574,PZ,-0.5293635785048617,-0.45103901679787006
-1.6733104821971885,NA,-204.28858783624116,PZ,-0.7271844668608753,-0.14856328610608818
-1.695643292967677,NA,-203.62336988008792,PZ,-0.26798098941964094,-0.23544430195079546
-2.136176414612845,NA,-207.34939171900353,PZ,-0.7834375078601061,0.4821219189178101
-1.7440478976463931,NA,-205.755658060035,PZ,-0.2140809500954593,-0.6233310560810121
-1.4318196385551856,NA,-206.5731100013086,PZ,-0.1696045832762927,-0.49157983476655326
-1.5268721638470464,NA,-204.9879088441257,PZ,-0.4908686855533612,-0.443449547765235
-1.9438280154069776,NA,-208.0952260983517,PZ,0.13122325663112006,0.19100037424143487
-1.5619550250004222,NA,-204.08167764051075,PZ,-0.6090667421171703,-0.12385719210123652
-1.887048868316896,NA,-204.86439401720403,PZ,-0.5728137515805836,0.045941244814449146
-1.6505187955788942,NA,-203.9880798602014,PZ,-0.705360866782083,0.20736453303894004
-2.0650829190363496,NA,-206.06267532336167,PZ,-0.17358889761924454,0.23146336764482497
-1.7020515338134858,NA,-204.77992607584906,PZ,-0.442837338580787,0.33694826136880873
-1.6940844753528939,NA,-205.96343553336288,PZ,-0.41545648342919933,-0.07655485146949764
-1.6258255645077109,NA,-204.98340432567764,PZ,-0.7207691186516781,-0.2974475808660818
-1.6417031483456772,NA,-204.69311837076225,PZ,-0.8411385813557383,0.3403758973112097
-1.703916703650215,NA,-204.27735335514396,PZ,-0.6357186815117493,-0.03709973457922419
-1.8324281185039528,NA,-206.3141971088204,PZ,-0.09120688534697532,-0.5641254865655684
-1.6441591062255414,NA,-209.68738536467163,PZ,-1.049862487760421,-0.23084585147174957
-1.6816321625391595,NA,-204.13414023315116,PZ,-0.3283205006246109,-0.3059570749768958
-2.0011503782830373,NA,-205.75963997864108,PZ,-0.06173400407787638,0.029766081961084656
-1.6335578574786955,NA,-203.94034832651914,PZ,-0.32910813695752406,-0.14398024497604575
-1.5130323972124224,NA,-205.1550450707243,PZ,-0.2644733719049884,-0.22372829629948124
-1.655556745936193,NA,-207.37526086758382,PZ,-1.0207164390349588,0.7236100947694111
-1.5162309860954484,NA,-204.9081841754354,PZ,-0.1865291928454384,-0.219222057708752
-1.6965608816842004,NA,-204.09791649161323,PZ,-0.7249578921676805,-0.12723963800242055
-1.823203183354653,NA,-204.10412907861536,PZ,-0.3904457108059552,-0.15926124964860736
-1.4433444033171798,NA,-205.25624813910588,PZ,-0.5618084249525087,-0.1618513931662884
-1.5929043270322283,NA,-204.88707382607242,PZ,-0.010814999126435937,-0.12602065488314096
-1.8834614736717976,NA,-205.82472821603247,PZ,-0.3120926302315661,-0.3241536621225139
-1.4316207463476516,NA,-206.83652241535523,PZ,-0.9380576099407175,0.23697053301194831
-1.8404678031963173,NA,-204.7399912233887,PZ,0.1549837063039364,-0.1554976973504706
-1.6328503142967965,NA,-205.6643191695793,PZ,-0.1647282421277381,-0.2628498850985181
-1.872427829511694,NA,-207.35453606878391,PZ,-1.3210094273419954,0.14675058794235177
-1.6660403485629105,NA,-204.46279434401825,PZ,-0.759019596236181,0.24644725628641734
-1.9143351984696981,NA,-204.38665122139633,PZ,-0.4324161144599773,0.02891067232603295
-1.5385391309536625,NA,-204.87091241022043,PZ,-0.8463873134307899,-0.027478745100678603
-1.7311810797827638,NA,-206.39599069245293,PZ,-0.9839436415449583,0.24658700632427738
-1.7176829742214024,NA,-204.56768121132447,PZ,0.05737118433797905,-0.10779480194437696
-1.6697581199038296,NA,-206.1866889448858,PZ,-0.982079888828578,-0.29734643616010553
-1.890202985742644,NA,-204.04234448042584,PZ,-0.4317792350892359,0.09639352481551622
-1.902287434094798,NA,-204.44537940030804,PZ,-0.5684544792165158,0.4295447735428574
-1.8354959654421346,NA,-205.78818848980976,PZ,-1.249471105487997,0.5511651490209294
-1.6334606268261647,NA,-205.67182213701233,PZ,-0.7334336061893496,0.47989555692667246
-1.6887976850401685,NA,-204.65839257572756,PZ,-0.33713811027868684,-0.3114389712848362
-1.5396661260849631,NA,-205.9432648972745,PZ,-0.9546023829499387,0.27098759624147495
-1.8353586379312397,NA,-205.8226891162998,PZ,-0.7608621241940141,0.6949530609055021
-1.7709759144591115,NA,-204.5931803646443,PZ,-0.6852753994252846,0.20992842620739072
-1.4851264360726446,NA,-206.96926217419443,PZ,-0.1217015307978838,-0.7435797041693908
-1.5565155081236943,NA,-204.28461129747205,PZ,-0.6330293231076887,-0.07567559476805216
-1.6510507829398011,NA,-205.1720522876758,PZ,-0.4971453989013029,-0.23081162539173258
-1.9276085248713446,NA,-204.85912829920724,PZ,-0.3302517448006478,-0.11166255166182401
-1.9112302403785069,NA,-205.4192829754046,PZ,-0.029639508252970265,-0.14105719546849815
-1.9097313697293639,NA,-204.81566271443194,PZ,-0.04058791306165821,-0.17093179609357825
-1.7711624493636937,NA,-212.1841703905964,PZ,-1.2117824071103378,-0.5902808961990357
-1.8523185401729123,NA,-203.75340306357674,PZ,-0.41923306543790884,0.10955987071308415
-1.651469030835635,NA,-204.67439106593045,PZ,-1.047393856084653,0.058868610007807826
-1.7100557655946416,NA,-203.57598099281336,PZ,-0.33059900435923567,0.06638073832053243
-1.5762558270634222,NA,-204.85206638708308,PZ,-0.4737387569272691,0.19211607430850403
-1.8030509469233778,NA,-204.09737357580113,PZ,-0.06236283545241059,-0.037462755224108135
-1.5273594112725157,NA,-205.6163058067475,PZ,-0.0423568346088153,-0.6610598021361651
-1.7485503919962495,NA,-203.8953317524246,PZ,-0.1980629129464952,0.04207668432795285
-1.6476099324075433,NA,-203.6793637318909,PZ,-0.6034007622334395,-0.02604834705685352
-1.8575236356384301,NA,-204.5957036157622,PZ,-0.2760265040518938,-0.24052352195934157
-1.9562579641005802,NA,-207.65687391299122,PZ,0.635971993713719,-0.38966059891703053
-1.8809839399146455,NA,-205.63341849186855,PZ,-0.8502077842102045,0.31593822275154837
-1.4887890290830987,NA,-206.26071257571567,PZ,-0.05359122200442548,-0.14980058905159882
-1.832385951711188,NA,-204.71635715225273,PZ,-0.705110662860381,0.5569047782198159
-1.7677666985995713,NA,-204.9816814559188,PZ,-0.8983675337873638,-0.08775375958415864
-1.7493529688676765,NA,-203.85317149515808,PZ,-0.35330453236692644,0.20153257330243188
-1.8230288011374303,NA,-204.42741742889243,PZ,-0.3784433036995581,0.2634296238783273
-1.5561008950670745,NA,-205.79056642464639,PZ,-0.6837342592545383,-0.3616150814730924
-1.9040719681112723,NA,-205.68173290070482,PZ,-0.544497768777163,-0.15849966167537008
-1.9796917912413523,NA,-205.8059768564347,PZ,-0.3058786852793708,0.030241061942972353
-1.7895044998060101,NA,-203.5817368810875,PZ,-0.6152833873176039,0.12169396908878223
-1.748005662247975,NA,-204.10625519405846,PZ,-0.43441593262088063,-0.13251611342271474
-1.67941205304177,NA,-204.08716149287827,PZ,0.025669521184273292,-0.26780810374768826
-1.6722808815533101,NA,-206.18595505883204,PZ,-0.9658409809210762,0.59577692331093135
-1.6286373605843114,NA,-205.2358548334118,PZ,-0.8567033053006008,0.4080203853941037
-1.9587022024517005,NA,-205.09869447152963,PZ,-0.5565853422928809,0.1452369367963905
-1.7527972703858883,NA,-204.5352047732682,PZ,-0.2674422103561744,-0.2195903389365237
-1.707809413559855,NA,-204.36537373476534,PZ,-0.17016450463892202,0.06795090558169489
-1.5392079212512797,NA,-205.16432491286014,PZ,-0.7528896326463586,0.2786661315313609
-1.6277284042456734,NA,-205.34857092105347,PZ,-0.8958627478514645,0.35721998723616843
-1.730158073454297,NA,-204.7080787756576,PZ,-0.18239932346084092,-0.3675611983659691
-1.748417279448209,NA,-204.55813640633642,PZ,-0.806671212790812,0.5237227784334781
-1.7635465300198692,NA,-204.4412351576632,PZ,-0.735730995205355,0.47202482999681666
-1.7861179015558066,NA,-205.57039047721986,PZ,0.093974942103867,-0.18372477817193783
-1.5442742258189561,NA,-205.7243518940582,PZ,-0.5171939462959231,0.2901051394233939
-1.6273890463095908,NA,-205.0597167704399,PZ,-0.5790048750977492,-0.0011272552003386144
-1.5930995976519804,NA,-206.5816076363809,PZ,-0.19599496998682342,-0.7999998931441186
-1.5121632741329059,NA,-206.313544500842,PZ,0.06707037470969533,-0.43788870891556697
-1.7613194667705558,NA,-204.96511770457826,PZ,-0.39538516044776895,-0.22462401451191555
-1.8334537615369026,NA,-204.87963308180028,PZ,-0.6166924884847188,-0.17663942438222446
-1.6265200632632544,NA,-204.64869146411792,PZ,0.123865356601422,-0.30850987792602735
-2.0185622318257797,NA,-208.67601055060388,PZ,-0.8262381851022353,0.9636268807247261
-1.8612511662102356,NA,-204.27783196675446,PZ,-0.4842050348668336,0.08279303237120214
-1.852699456875905,NA,-203.98321955596253,PZ,-0.4005780212179778,-0.019584747471444397
-1.8425860272424692,NA,-204.59294445183218,PZ,-0.2110910992118846,-0.29964524875552007
-1.5033625819645984,NA,-204.51899047764934,PZ,-0.40947562775919394,-0.16522247274860513
-1.7334336188571349,NA,-203.65499041074267,PZ,-0.4791682045586373,0.21461306525164137
-1.7496326524448864,NA,-204.85807301256645,PZ,0.21868455628761613,-0.2086751548533745
-1.8315475458412223,NA,-204.86125977761017,PZ,-0.0961162115508849,-0.26886103238327247
-1.6246772432410663,NA,-206.31757581564608,PZ,-0.6668477834980218,-0.03157719323419306
-1.5426809392772711,NA,-205.63315463315413,PZ,-0.9836726416082326,-0.2202176713668218
-1.7788942313741087,NA,-203.91001722002622,PZ,-0.6539587425902487,0.13237930323666744
-1.9040374241586533,NA,-204.57603087200857,PZ,-0.5575464573421983,0.44422784906188434
-1.698136945614919,NA,-206.91525602488716,PZ,-1.3429943000114537,0.42497788558184646
-1.970734120699509,NA,-204.98803409130417,PZ,-0.5422922217428905,0.46544537249882567
-1.8721061829749792,NA,-204.11922859183554,PZ,-0.35542179192554574,-0.05908507103007796
-1.7377907856465302,NA,-203.75547415201225,PZ,-0.578898499344063,-0.06342931961294468
-1.7841167519317507,NA,-205.15960087168685,PZ,-1.1692630939476447,0.42865843609574705
-1.6108120969225566,NA,-208.4764076748326,PZ,0.09496324895110964,-0.3952866272280151
-1.7569843812249615,NA,-204.31506604404984,PZ,-0.539243059434786,-0.19656401889537034
-1.8422169181261292,NA,-204.47309884209892,PZ,-0.6608389083704391,0.11611391090116224
-1.882685903122111,NA,-204.00339964206876,PZ,-0.5261800171611015,0.14387270343882935
-1.7545986821015478,NA,-203.68560525850427,PZ,-0.2439677055034041,-0.18266442516012366
-1.5220018939979352,NA,-204.49153335814808,PZ,-0.2851685694654318,-0.2677488330675275
-1.6626558135161926,NA,-203.77868805271314,PZ,-0.592636685656093,-0.04417638057972817
-1.7904338871799914,NA,-204.09100796666738,PZ,-0.24513378307945322,0.14133677753673307
-1.6084241452578338,NA,-204.56951351055355,PZ,0.08515267390357284,-0.47880230202666063
-1.906661044135403,NA,-206.3505271547468,PZ,-0.40136717769312424,0.3647733384886594
-1.2699550499340853,NA,-209.98840045909583,PZ,-1.1309593131166737,-0.0026128444243483442
-1.9540816745413676,NA,-205.87745936608005,PZ,-0.3295762222807291,0.4925413343037643
-1.638314520857045,NA,-204.11830985160958,PZ,-0.7436377041364143,0.17440121750602244
-1.4176090083387822,NA,-206.07964048282193,PZ,-0.49446784765306534,-0.11973896285810248
-1.8800315164306158,NA,-204.2960058660318,PZ,-0.43430357777512685,0.003145519744956693
-1.6198065864172166,NA,-205.5521952000578,PZ,0.33458154883746904,-0.6993631931094872
-1.557952221924385,NA,-204.7702032459225,PZ,-0.8027784523835682,-0.15347978430098813
-1.7083721721915857,NA,-205.76131171027833,PZ,0.09423952614895709,-0.753579946520218
-1.7251001635582457,NA,-205.22548435024615,PZ,-0.6055091004697039,-0.24750798669461913
-1.837128195384782,NA,-204.0185444529282,PZ,-0.13184117977846044,0.026788182757116197
-1.7976505995791494,NA,-205.11355508547746,PZ,-0.8789535832664882,0.09424026557192103
-1.892530825186324,NA,-206.26174552013,PZ,-0.0928560669082375,-0.3072018607366858
-1.9037363263540348,NA,-206.65997541975875,PZ,0.0409675944301703,-0.22846991795615695
-1.5990809105209043,NA,-205.33861401886386,PZ,-0.8300653275943942,0.21925458542223808
-1.9593281871233217,NA,-207.07767690159918,PZ,-0.5258249131315657,-0.188106202550327
-1.6863967439915923,NA,-203.79147060598154,PZ,-0.5822887708854949,0.2491698540009754
-1.6780483945604936,NA,-206.08636933343536,PZ,0.0026413717066719467,-0.0199343799501083
-1.6002931543926093,NA,-206.41789364001642,PZ,-1.3131239385685187,0.4905361125646317
-1.6742390090526311,NA,-204.63395595377054,PZ,-0.7708202944793028,0.4559550988309181
-2.030241781766844,NA,-206.5521130983714,PZ,-1.0933204277940876,0.5583600772825287
-1.5415949038656904,NA,-205.35535119810618,PZ,-0.836394502172463,0.24703920551197583
-1.7583303819297496,NA,-204.11385978010375,PZ,-0.57781554305501,-0.0124505573662958
-1.5138084918383712,NA,-206.98500993239355,PZ,-0.7148422767891813,-0.4935427701203624
-1.7698359066064464,NA,-206.96159795788677,PZ,-0.2743291081149062,0.5099111596325193
-1.8635764048632746,NA,-205.25191436356894,PZ,-1.1887400613991994,0.5142585550765084
-1.7767175190966773,NA,-204.63929621697613,PZ,-0.2669605492625017,0.26169645604994984
-1.81179939603534,NA,-204.58102871437904,PZ,-0.5603145567494539,0.1584044627643882
-1.7662528110946416,NA,-204.40321886142036,PZ,-0.9422784648302309,0.4377744777622713
-1.9334426449610467,NA,-205.61804588036657,PZ,-0.041658717443057214,0.27454223086969964
-1.627598208210976,NA,-204.1447685626698,PZ,-0.8891261601096209,0.17007414315552027
-1.865069246628456,NA,-204.5024837848928,PZ,-0.5468357929841813,0.37414669931159383
-1.7062088207879524,NA,-204.16412595515027,PZ,-0.44717094069374286,0.01687928276265721
-1.6175634599365374,NA,-205.4274600627469,PZ,-0.02432732601233084,-0.4240936424810041
-1.762208759281733,NA,-204.45763203852212,PZ,0.013972241342944017,-0.001314877047373736
-1.6533515664021108,NA,-204.52207313202337,PZ,0.10793557629368475,-0.4702018316421084
-1.64939657781356,NA,-205.43936000343353,PZ,-0.890419851106612,0.46157260278097906
-1.5321874204777182,NA,-205.42898496367226,PZ,-0.03743365218400865,-0.19435632367089936
-1.8913317068657869,NA,-205.1669696407186,PZ,-0.8122372970188084,0.559557234431396
-1.7058644081298222,NA,-205.2547847439433,PZ,-1.200003415626528,0.545983453618843
-1.5314025596419985,NA,-206.61880917416897,PZ,-0.273180867610339,-0.13472142224218395
-1.6603058979275624,NA,-203.9466598854476,PZ,-0.642640963518491,-0.06995894238634054
-1.667619177322841,NA,-204.5353979249813,PZ,-0.6371977053479612,-0.23737610594360592
-1.7114066770591454,NA,-204.49879030715792,PZ,-0.7092761176335156,0.13882367090391592
-1.9466729219485222,NA,-207.44306135703522,PZ,-1.4487605614389156,0.4716088520054439
-1.6766537471391232,NA,-204.4134212440497,PZ,-0.9957654479397173,0.06255026536531061
-1.7177972619702269,NA,-204.45626747349152,PZ,-0.7502444825301468,0.01664443868700527
-1.9501168118917374,NA,-205.10795620985502,PZ,-0.544369957955153,0.4668762973675689
-1.907163212141965,NA,-205.35652225765028,PZ,-0.39411442297703725,-0.09290545062543017
-1.6733905266982292,NA,-204.1522344889205,PZ,-0.21124831009656267,0.06637753778791274
-1.7970013654869585,NA,-203.58121990293574,PZ,-0.541494972791878,0.2066414566208944
-1.7570514392813075,NA,-206.89614402629084,PZ,-0.30075259563144596,-0.04664940482546713
-1.815647233239516,NA,-205.05160230637063,PZ,-0.03754139503979831,-0.04536387106372461
-1.668526775732369,NA,-205.50424140708026,PZ,0.3819044769914634,-0.5267346234599258
-1.6932709289062324,NA,-204.05523424094793,PZ,-0.8397091667692519,-0.01100225315355459
-1.7828224020967518,NA,-205.3385394915604,PZ,-0.8117486278724512,-0.19495698386101823
-1.616397130459947,NA,-204.27027157029613,PZ,-0.344855547103506,-0.1560503775042757
-1.731991405484557,NA,-203.90968322406758,PZ,-0.05969149084819354,-0.13058498150155756
-1.5127063034433885,NA,-204.45305428977767,PZ,-0.4999994005148176,-0.13227370103870045
-1.5154484068308018,NA,-205.8427131322153,PZ,-0.659691137043448,-0.33352706439535384
-1.7422338335701264,NA,-205.15400691174472,PZ,0.14675818361966542,-0.6157332725356457
-1.482395050485827,NA,-205.00041110619915,PZ,-0.3547634817974016,-0.28326085280126934
-1.4498976595097781,NA,-211.0292840402179,PZ,0.09481769396239664,-0.4207620933211429
-1.6075831725503633,NA,-203.87916022759262,PZ,-0.29423314963811686,-0.29896537479475116
-1.5987178521711822,NA,-204.09012805191603,PZ,-0.22264912778699175,-0.08964226819302226
-1.5796957387900539,NA,-205.33045135019827,PZ,-0.9169146541183737,-0.22776370982846153
2.9440736246556765,NA,-154.46347818543413,PC1,-0.9043833664798938,-0.5630959044204427
2.500389058546945,NA,-152.9785069162478,PC1,-1.1608498568213887,0.24464849975290243
2.6574537128680142,NA,-154.57755601413817,PC1,-0.08793020047220121,-0.9760919456844375
2.2950929740607577,NA,-152.9239190263852,PC1,-1.189984361654976,0.469583764884111
2.5241665300920277,NA,-153.14053856367678,PC1,-0.36624565956808314,-0.4537054089590863
2.4906568732183474,NA,-152.7721097242966,PC1,-1.6204067200324754,0.3531631409687319
2.636192284780077,NA,-152.84723668665123,PC1,-1.587976019443719,0.21955198724611652
2.4039808876685664,NA,-152.89087727529437,PC1,-1.051577869602587,-0.25394551130946175
2.5168322778212473,NA,-153.46529004687787,PC1,-1.5971351850508895,0.23796918551608565
2.425825466290356,NA,-158.08372061352918,PC1,0.02228445546227953,-0.2353703255396304
2.447833209150353,NA,-153.95264304507674,PC1,-1.368965431294107,0.6578310701971976
2.5468548065520324,NA,-153.3060067140583,PC1,-1.118312946528673,0.12362415237434216
2.19000283119398,NA,-154.59324440531077,PC1,-1.239324349934356,0.7753720577015308
2.9660082887214307,NA,-154.50834344307995,PC1,-1.1363821602395063,-0.3392983271171699
2.960213246484996,NA,-158.19429753688024,PC1,-1.135792164538636,0.20290895970778644
2.479745093381184,NA,-152.85748609421543,PC1,-1.0709006645207302,-0.020798504300049148
1.9889960854020232,NA,-158.8185682739639,PC1,-0.10266279155879911,-0.04377206537683036
2.3405234756843307,NA,-152.98937292833443,PC1,-1.133760012794674,0.3388162242611531
2.5761317870705644,NA,-153.1051533427265,PC1,-1.3247381910092388,-0.1916523595635865
2.5465063161765986,NA,-152.99893528009554,PC1,-1.702320825187034,0.5339424924430839
2.4049324274309547,NA,-153.9525766769421,PC1,-1.4287588851148492,0.0908129533963986
2.4284835401388545,NA,-158.11395985548262,PC1,0.5672173522985366,-1.0021764852900314
2.4367223729297596,NA,-152.23746368815466,PC1,-1.3823092271989783,0.19030928248756124
2.17146207171168,NA,-155.11875083121208,PC1,-0.3164324188325142,0.0799913509799893
2.4775486206747104,NA,-154.57384249825103,PC1,-2.010986493382294,1.028964412511137
2.341835174032493,NA,-152.59139537581018,PC1,-0.7846324195240173,0.019024323165974077
2.0282784385324857,NA,-154.52321164107818,PC1,-1.0344245739038094,0.3617322649485962
2.5633361948539166,NA,-154.36527735045533,PC1,-1.554070227538505,0.08940375685583513
2.416506133394407,NA,-154.83180901865595,PC1,-1.677025503138141,0.8823486117097725
2.68122413361624,NA,-152.32105450382085,PC1,-1.0623507698453418,-0.1726241808692341
2.2321661954272654,NA,-153.8686042057542,PC1,-1.3166337787372084,0.7124572884759859
2.346973084342705,NA,-152.56142511901703,PC1,-1.522021475387867,0.4901000813373863
2.104878498028729,NA,-154.46369462830683,PC1,-1.553261592291548,0.6933551936435078
2.3323689816486013,NA,-152.3852580978005,PC1,-1.28061197771982,0.3199984036434142
2.217656089015259,NA,-152.6779690756926,PC1,-0.863548862964515,-0.012350342564585892
2.644025480464361,NA,-153.44696802149457,PC1,-1.6303550665267208,0.07716746570927774
2.7283726027129163,NA,-154.81889922272578,PC1,-1.7640535702089488,0.12251352548798074
2.401180618684445,NA,-154.40435839803996,PC1,-1.1792055811178157,0.11307519778959645
2.4859296086745535,NA,-153.9929856855606,PC1,-0.07584165935968493,-0.7589712158346374
2.359487432703996,NA,-155.4612010486386,PC1,-0.5204725482017807,0.2776965695206028
2.5625870304242095,NA,-153.15420359259085,PC1,-1.1726008207233227,-0.10349498363617401
2.5526331523994874,NA,-153.51250412118478,PC1,-1.0098088882070544,-0.44720398113645277
2.305152285740602,NA,-157.21707292214884,PC1,0.08743211501070443,-1.0465987736426434
2.4432916730133414,NA,-151.9071729369506,PC1,-0.8467917083663602,-0.1719459377071729
2.5158089977373717,NA,-153.2461234686081,PC1,-1.0821334254460973,0.24960270962062886
2.223435999006997,NA,-153.16514784339952,PC1,-1.4031649757362015,0.6675854855770634
2.426954976598337,NA,-154.3653209409447,PC1,-1.7068202468245326,0.9326158818467133
2.129614344314488,NA,-156.49515588948037,PC1,-0.3213495119591153,-0.29879913609578
2.473682515293774,NA,-152.04017702177353,PC1,-0.8999302992411331,-0.27775321856137913
2.692816952472036,NA,-152.90836445528961,PC1,-1.0841015611218718,-0.4191378725362953
2.2076157535229672,NA,-152.81449352020326,PC1,-1.033898207808559,0.3811193486704967
2.3776222081461507,NA,-152.15277348062793,PC1,-0.6115598585588777,-0.25090580534596163
2.224009582302858,NA,-152.96729085670347,PC1,-0.8383010662888858,-0.06511565612628778
2.552196488997918,NA,-153.84111638150736,PC1,-0.6717646433417663,-0.20494785824876124
2.511235358241498,NA,-156.1240978802423,PC1,-0.9685254251655118,0.5822934617923516
2.169192011624174,NA,-153.27169779956526,PC1,-1.05989356633005,0.09132859724939357
2.8181740851932298,NA,-155.11880341396213,PC1,-0.9025311674953033,-0.2653086826088078
2.180490202778094,NA,-155.35617461153987,PC1,-0.40873628481310387,-0.4140240974889175
2.4601851699734762,NA,-152.56241563453415,PC1,-1.0376709221918419,-0.2661003298723868
2.5218101996094258,NA,-152.30469476235098,PC1,-0.6779647509836673,-0.4652618966918584
2.3337490251896242,NA,-153.33497675883623,PC1,-0.70620790562249,-0.4034503142409911
2.263489465944572,NA,-154.50319791012376,PC1,-1.8619772088053603,1.0582205895833812
2.262668738545012,NA,-152.91422189545327,PC1,-0.5831713899723109,-0.048430436543201366
2.864393285662199,NA,-154.5749399590818,PC1,-1.0936019280605227,-0.6555232875960795
2.358537244951984,NA,-153.5999292533906,PC1,-0.23661039019670893,-0.6493885835896129
2.0988844675791065,NA,-154.97125546461754,PC1,-0.2817343632165353,-0.22888579479623286
2.320792863091799,NA,-152.40845837892059,PC1,-1.0200668331554865,-0.05344290086694209
2.598995380075762,NA,-153.09400629761853,PC1,-0.9069432288299651,0.08902915692753355
2.449434202674439,NA,-152.09464453200133,PC1,-1.1584120488388887,-0.05795524746394503
2.42312316069916,NA,-152.46406128401247,PC1,-0.5826827028266326,-0.1548496666731892
2.2947971406458456,NA,-153.71802103736613,PC1,-1.488853812232367,0.805965800991423
2.399826890846028,NA,-156.30483014436984,PC1,-2.3278436948619086,1.1960852185000619
2.741210456983703,NA,-153.81988660013178,PC1,-1.2771900569402372,-0.28350199126084985
2.5886240446273234,NA,-152.407831510415,PC1,-0.6678367285803464,-0.5466041054082066
2.540750275697085,NA,-151.87822729983577,PC1,-0.9953266558695009,-0.1735251234357294
2.5068317270872975,NA,-152.50763652774563,PC1,-1.3635980786685935,0.19665735924886638
2.8368064330264198,NA,-155.8841186611253,PC1,-0.18914177685857922,-0.7205324428572459
2.6129894393911077,NA,-152.5520866660586,PC1,-1.387324844818016,0.04606525292857848
2.7153020457070913,NA,-152.7191230601782,PC1,-0.977036775734355,-0.24627636894818536
2.421860706920717,NA,-152.3834819870803,PC1,-0.8694296364864009,-0.10437202515270799
2.380154498546697,NA,-154.11561649826518,PC1,-1.2792247816728215,0.1913344693767364
2.580745358242065,NA,-152.53968012674247,PC1,-0.7205356433210534,-0.20152735429153396
2.402719137567796,NA,-154.9781869248832,PC1,-1.6229183585020397,0.3005208546205066
2.419911796281089,NA,-152.2191576303237,PC1,-1.117227401176635,0.1470014296238826
2.2765117153723975,NA,-153.0427684542425,PC1,-0.8920403423216027,0.2695858771775394
2.765742515453643,NA,-153.60742338448358,PC1,-0.8713548076280768,-0.4796874721566721
2.2483988311199252,NA,-152.85344477487396,PC1,-1.3273464171932057,0.5019619887790572
2.53058355057984,NA,-152.13774582296512,PC1,-1.128607803916861,0.06117287348829341
2.581968864979469,NA,-152.58608302576087,PC1,-1.0776124072792563,0.10986564469692583
2.688267967693216,NA,-153.76959249080025,PC1,-1.514962148115622,0.20275498334554767
2.499528789103344,NA,-152.43464246961628,PC1,-0.907456533098017,-0.36370454728687096
2.5743737800085262,NA,-153.71834332645074,PC1,-1.3525731233697351,0.41425167949665487
2.4420386880368223,NA,-151.971411547173,PC1,-0.8107878469740668,-0.048499922253959465
2.847679012388827,NA,-154.31051940365626,PC1,-1.6601211174316597,0.08982372735872654
2.5440566942647505,NA,-154.39760628024487,PC1,-1.7177257431867945,0.6844288428939451
2.2062342009211315,NA,-155.99070310955247,PC1,-0.3613634701509315,-0.18946268868550142
2.378084619775833,NA,-153.61653424845636,PC1,-1.2566776381109364,0.24836085066275826
2.5941755237580426,NA,-154.55801236687086,PC1,-0.4059926845241212,-0.3049181160051009
2.156270915335354,NA,-157.90343042629942,PC1,-0.4305283944307854,0.467087138214046
2.458780900839026,NA,-151.94456199368426,PC1,-0.8678011265742178,-0.21741385946729608
2.4696755116398315,NA,-153.89390639225203,PC1,-1.6768404660519507,0.6049685991002306
2.9428645144692176,NA,-154.36331355854495,PC1,-1.3086894673603866,-0.30354810283766875
2.493443243993789,NA,-152.5825587108024,PC1,-0.4263348667497788,-0.4955829488591175
2.4725204535756444,NA,-152.7032059459252,PC1,-1.1869439724283295,0.0023173898997777553
2.4036127786180566,NA,-154.06427425990964,PC1,-0.5974740082549339,0.10837848854395854
2.534564987682594,NA,-152.6735005314814,PC1,-0.6698036174686988,-0.5737618309709079
2.312121205662158,NA,-152.1787641866587,PC1,-0.8018643891452705,-0.07026049123412573
2.7144211829143408,NA,-154.37872891705058,PC1,-1.9478925975344505,0.3970844490227605
2.4826400794831005,NA,-151.90514329680974,PC1,-1.14650655708807,0.09766378778977872
2.480420516692277,NA,-152.9344334733223,PC1,-0.30694842845691717,-0.5380702753422604
2.5136781669950636,NA,-152.02748754098877,PC1,-1.0712519136290581,-0.08301769026418553
2.2767753262354415,NA,-153.23225056543959,PC1,-0.6535062876949882,-0.14441283716313874
2.132245068592513,NA,-153.53416785160354,PC1,-0.875359026368785,-0.005347892502281765
2.204914973778051,NA,-154.1631886494568,PC1,-0.2162840949197452,-0.5240566384837744
2.8581674132722417,NA,-155.2730409593593,PC1,-1.0497546856563735,-0.5869777428701993
2.5131190439400433,NA,-152.88623607748963,PC1,-1.147405131173268,-0.019168041343194164
2.592887734068481,NA,-152.38299582739555,PC1,-0.7440643338100419,-0.2260452427895236
2.596066350177804,NA,-154.92875437671145,PC1,-1.914351469268167,0.26078283818726716
2.227799222562679,NA,-154.4571627030241,PC1,-0.5859526227192031,0.10246594511374335
2.6593320261127884,NA,-154.10775303313096,PC1,-1.8448059267106902,0.6363312958507328
2.503302194442555,NA,-152.57774917869108,PC1,-0.8935479952836247,-0.28576791599347107
2.24635088508295,NA,-157.40597679459222,PC1,-2.5059189284505985,1.4624279637144773
2.0911490824518686,NA,-156.33130748936702,PC1,0.020358781400432277,-0.19771644357327656
2.334541358286431,NA,-152.2467111868844,PC1,-1.3054414827675898,0.26235392307051647
2.632001598577145,NA,-153.03487991020577,PC1,-1.5587219677962425,0.3622651061213375
2.540367452411865,NA,-153.30673104898685,PC1,-1.638077416235359,0.3615029017831972
2.1051494471332086,NA,-153.54367125503575,PC1,-1.1402699480057186,0.4037952587296022
2.1164241253899188,NA,-153.72358220138636,PC1,-0.5801354860261742,0.07889519242148091
2.435923424096263,NA,-152.91557966964552,PC1,-0.6816812506250549,0.04893605875886102
2.7156429803884152,NA,-153.37728377595883,PC1,-1.25996271916539,-0.3390072941381668
2.5787590055924685,NA,-152.97148278019893,PC1,-1.6269988969435318,0.4779755896985344
2.4638629788527724,NA,-152.1522225754921,PC1,-0.656905854396599,-0.3931190846141501
2.6341832758259676,NA,-153.84627715553748,PC1,-0.47322838427341607,-0.4775497912976978
2.371435616897245,NA,-153.01889847803835,PC1,-1.297015828949289,0.1670401427346923
2.4188865540014506,NA,-152.80738576806715,PC1,-0.8973157378250861,0.03320090779235507
2.269409408764164,NA,-154.57354763637525,PC1,9.942216297692263e-4,-0.6265474313883268
2.441325050038507,NA,-154.71626711218806,PC1,0.05761109521475649,-0.6272362115431258
3.0206160574401744,NA,-155.25582052149966,PC1,-0.8201564280934488,-0.6538485301846108
2.6469870075394812,NA,-155.6785698182418,PC1,-0.03934246858328824,-0.56200178501423
2.60915147886296,NA,-154.21234650692458,PC1,-0.959194375562744,0.2224460000889044
2.700420210820194,NA,-153.26908453634633,PC1,-0.5110178341738971,-0.750791023567922
2.1360680491831285,NA,-157.5172147266821,PC1,-0.4587800549256065,-0.3451436296056689
2.3404671248278266,NA,-152.8765759590049,PC1,-0.9952044753224353,0.05958979150535615
2.8016973436607215,NA,-153.42730562291104,PC1,-0.8678646577414023,-0.5654764750776776
2.8162748917063802,NA,-153.23538856368816,PC1,-0.9921316977178626,-0.43031847656821665
2.338471567397488,NA,-155.6622002142246,PC1,-0.09588871940613133,-0.28505699760150965
2.513515378034395,NA,-152.43417342818395,PC1,-1.494468812509473,0.40120280984799644
2.5725259414690838,NA,-153.133006391311,PC1,-1.2017463315420691,-0.05487216458889982
2.1996624907499953,NA,-154.0506148680306,PC1,-1.325137110387586,0.6360983611002982
2.134830577521346,NA,-153.88301855163138,PC1,-1.21875812666858,0.46878239428922475
2.4207716994897117,NA,-155.96795130818612,PC1,-0.6329056722852432,-0.4761489890650018
2.4281063765412028,NA,-154.91296360996643,PC1,-1.9011696484594127,1.0228792688280033
2.291736436000127,NA,-153.52634706309502,PC1,-1.6352228965898015,0.6484178939879575
2.3612507456779275,NA,-153.4472550664005,PC1,-0.2561935812225606,-0.6522811805896269
2.4135850193241244,NA,-153.6108840406963,PC1,-0.26727600277508934,-0.4999911735283579
2.6113548229716375,NA,-152.45027679558245,PC1,-0.6021817146119114,-0.44464671352077334
2.407585277151056,NA,-152.49324823087142,PC1,-0.5083778960698145,-0.2315161268205621
2.4603647803473603,NA,-152.4135602189685,PC1,-1.2728713578838415,0.0777315444681132
2.531483863641095,NA,-152.3508465439969,PC1,-0.7935109885556042,-0.46699568363887156
2.3484018148154973,NA,-152.51175279185554,PC1,-0.5729707516495517,-0.12989365404511277
2.7140138884777394,NA,-158.42826235457528,PC1,-0.7121734790566092,-0.9888655849020024
2.1732571595776644,NA,-152.85247791400369,PC1,-0.9472117075022807,0.16828001826575767
2.702127403638405,NA,-152.84836314348823,PC1,-0.7975261871611882,-0.4809488146434718
2.586921241656288,NA,-152.3941976174147,PC1,-1.2807231187222021,0.1314557943274795
2.3728278481320717,NA,-154.16471717982583,PC1,-1.1243605537614505,0.581003136555601
2.3939047381996335,NA,-153.20473410647176,PC1,-0.7836391661694149,-0.3473316379206639
2.3292456300826987,NA,-152.87636097799228,PC1,-0.6485164339505839,-0.14850850167030027
2.759592890477933,NA,-153.63886595937524,PC1,-1.063874954429762,-0.20105800402161456
2.6965135189117957,NA,-153.573540594097,PC1,-1.3040043102890657,0.26637821609952683
2.3735398576994444,NA,-153.4084377544352,PC1,-0.30689190120694887,-0.5164228952839115
2.7514350773197664,NA,-156.55538823353118,PC1,-1.3018355952372471,0.025838408339510385
2.7111163104178986,NA,-152.9385374199943,PC1,-1.2821664908080463,-0.04254072955995414
2.5773581481387335,NA,-153.2283376915531,PC1,-0.7754382083994344,-0.6513566932682027
2.259574701678382,NA,-154.13691385469104,PC1,-1.7129679330314147,0.8547659134002843
2.5626515245589574,NA,-152.21183003090516,PC1,-0.6699916814522197,-0.38368281898910245
2.609570397311951,NA,-154.9868591100042,PC1,-0.718540141961902,0.13088798753775216
2.6005598643188246,NA,-152.43369443657454,PC1,-1.015503887618725,-0.35373838769020427
2.3582521834891,NA,-152.9384951939004,PC1,-1.2834135207879613,0.19517681464016778
2.5799927482264122,NA,-152.46820278817472,PC1,-0.8191417738695606,-0.1222423686262491
2.372477708716471,NA,-152.08078407118276,PC1,-0.8321596626769687,0.0482122228356376
2.6289462359674283,NA,-153.00668645147925,PC1,-1.219794577893312,-0.2875331574185761
2.2148862541563576,NA,-155.02718668890495,PC1,-0.05769295758484566,-0.6619900885193102
2.7031273979783372,NA,-153.82929610712745,PC1,-0.9079484436992079,0.037313695372812705
2.488365003046634,NA,-151.84202966460086,PC1,-0.8007811206510056,-0.22094293440229354
2.8637242397641667,NA,-153.69181883360972,PC1,-1.2025809475666063,-0.2967827011317882
2.549067484874731,NA,-155.42365390216486,PC1,-1.3924984554849873,0.28230408471052093
2.6483232263981704,NA,-154.5615684947332,PC1,-0.20526562091855777,-0.7008909295784234
2.593629021149831,NA,-154.75534652963952,PC1,-2.159244532967133,0.7187159110038556
2.49865478986163,NA,-152.46214432778152,PC1,-1.413460990445908,0.21506673147230437
2.432358762766762,NA,-152.60027278671367,PC1,-1.4810516194779286,0.5226866500050614
2.40830694138329,NA,-157.7861649457669,PC1,-1.39938802388055,0.47258618866017293
2.392180176719984,NA,-153.42029009429703,PC1,-0.17292836474584022,-0.5434739766295061
2.481793556210956,NA,-153.9099447032335,PC1,-0.49518486022811575,-0.19863196748791973
2.1931540422157694,NA,-154.6006219484171,PC1,-0.47827876541091824,-0.16102122224465956
2.2614596222599768,NA,-152.96579960106314,PC1,-0.5620582415834086,-0.17190625633418188
2.592216834322163,NA,-152.0578369842046,PC1,-1.0085703533286963,-0.06610337181659812
2.6069748577272844,NA,-153.39521664038676,PC1,-1.289806735424888,-0.19743729544710747
2.686158011254985,NA,-153.14964458006577,PC1,-1.5983374062500695,0.144666526255256
2.4021973785406,NA,-152.36189874946234,PC1,-0.7465145921360488,-0.38223963505811187
2.228366157348903,NA,-153.0842569250724,PC1,-0.49988070426046716,-0.2915842772644266
2.2027770072952197,NA,-154.84949197270527,PC1,-1.1630855859554226,0.3407354897241601
2.4523651432822304,NA,-154.16344800176375,PC1,-1.8226447215689037,0.5486352733274039
2.4717813625096237,NA,-154.7161006069069,PC1,-1.2175244464200075,0.023885082499781024
2.2630185382304897,NA,-154.8667164015352,PC1,0.061821905817901895,-0.6031163405940353
2.542617260630672,NA,-152.19515054687287,PC1,-0.8294218471004016,-0.09521451394182139
2.6569446731830335,NA,-154.14255332934704,PC1,-0.592922411720075,-0.7439380133651466
2.6521458354708636,NA,-154.43214187755004,PC1,-2.0323419339071345,0.5103538480820722
2.578442439068719,NA,-152.43645973076949,PC1,-1.4301194688436896,0.3094456585910367
2.8965000009666113,NA,-154.00377681437655,PC1,-1.3346069302818888,-0.14866751610489637
2.2160891530435363,NA,-153.1850480892588,PC1,-0.4225926036575143,-0.21984722552920566
2.6916260619493557,NA,-152.6227898541675,PC1,-1.0563311052829178,-0.0575963575101075
2.4118210164918072,NA,-152.5502582273043,PC1,-0.43884064019011493,-0.3330960744311723
2.4004311791686375,NA,-152.91635905537368,PC1,-0.82727141280330585,0.0890290798549595
2.685860473246188,NA,-153.10385906889726,PC1,-0.7145217166032266,-0.6955336663781752
2.502560943426942,NA,-154.19095127209957,PC1,-0.16667019440381395,-0.9298577573272214
2.1191379735424847,NA,-154.22677609761064,PC1,-1.2261768016391348,0.5194710223562545
2.2287107826901518,NA,-154.82351020145367,PC1,-0.08065880684893292,-0.6960942682477219
2.1310705502906844,NA,-155.752370196436,PC1,-0.7555049129373275,0.29228699592393
2.096112348427877,NA,-154.5941822626928,PC1,-1.1317770360813604,0.32009599123486165
2.712029113744671,NA,-152.99510983774942,PC1,-0.5675020233115489,-0.641345222570214
2.44981502075692,NA,-156.1181563944089,PC1,-0.647916030683851,0.15898818634880452
2.380509361750715,NA,-152.97073336347654,PC1,-1.477023074688028,0.53467443575583
2.1846016896817195,NA,-155.18765009513342,PC1,-1.0869170546641644,0.32930517972121265
2.527703060720185,NA,-151.94897557297574,PC1,-0.8055850955858725,-0.17561413930843667
2.610879602920665,NA,-152.49606373821032,PC1,-0.9047651057960752,-0.0545291457849672
2.2456951650353627,NA,-153.23723611296444,PC1,-0.9493059157699866,-0.160034191581391
1.9515178580287962,NA,-156.23263320301342,PC1,-0.8966281305995278,0.07493481608957075
2.6460092143336644,NA,-152.44333857590289,PC1,-0.9731758591519288,-0.21415941230090446
2.287957223617901,NA,-155.07144773958458,PC1,-0.9284743218479413,-0.42563850403044196
2.3040432587974755,NA,-157.5918192592885,PC1,-1.8279659087223357,1.0841176697553723
2.038117058110858,NA,-159.62748916918486,PC1,-0.7929569708995573,0.5511429638657753
2.199693426894678,NA,-153.80379771980733,PC1,-1.2150062734543572,0.6362031090106045
2.128768224456943,NA,-155.71626241056623,PC1,-0.21016479826329215,-0.17447634131741555
2.3544406328785077,NA,-152.55104072971622,PC1,-1.398933510737101,0.24886407752805023
2.3800801433231102,NA,-155.4039223552208,PC1,-2.1170297869785566,1.180018001215891
2.3590835833698462,NA,-152.19333187819285,PC1,-1.3306311351342766,0.37028863461524547
2.2975073446405254,NA,-154.61318041617648,PC1,-1.0580478266164317,0.1121741841596936
2.2702157932413733,NA,-153.871795883519,PC1,-1.5208156683388712,0.8480802245143733
2.368251851895411,NA,-152.21179783980898,PC1,-1.2126802812743267,0.33440269592602134
2.6525941365471755,NA,-153.22210296250665,PC1,-1.5363738813994923,0.37207070702404327
2.5752152636323262,NA,-152.20837502066377,PC1,-1.0523645374349262,-0.0929570774136249
2.589021188218967,NA,-153.59194383150705,PC1,-0.6477218924531543,-0.691015245893569
2.470157255520946,NA,-152.11233651277132,PC1,-0.9262105210834328,-0.21802213733479459
2.22037976536329,NA,-153.2034916555014,PC1,-1.2993720973608451,0.25531681768649794
2.469956793657177,NA,-153.710429010217,PC1,-1.4367992974049164,0.7006677831287669
2.4478948635008044,NA,-155.82919993722612,PC1,-0.44764965007888236,-0.3581012971165043
2.6724026547193467,NA,-153.69194456828248,PC1,-1.7562264203841864,0.21882813006297197
2.488264178599033,NA,-153.91791890912404,PC1,-0.8710802867648003,-0.47788485985049256
2.286239877170887,NA,-153.03989179655264,PC1,-1.1192492461705748,0.302354319237026
2.371156464745888,NA,-152.37295909725384,PC1,-1.2556217825762863,0.4135712609454579
2.5702948488617294,NA,-152.6039332148551,PC1,-1.515114464309364,0.22079870200095286
2.516345969697968,NA,-152.7139105609773,PC1,-1.3733813650539601,0.2891959802682668
2.725831198426759,NA,-159.33002438503084,PC1,-0.8837145541032393,0.30965920666662217
2.466342644486147,NA,-152.20922835972846,PC1,-1.0839150400631175,-0.06407490362422413
2.535848161098052,NA,-157.03072171497735,PC1,0.4000586253479923,-0.9919214261241625
2.2390355111775038,NA,-154.4228135256623,PC1,-0.38969312488613855,-0.2722568437813442
2.2429759952198993,NA,-154.1816151423088,PC1,-0.12458790759029914,-0.4395210467836762
2.513833077313797,NA,-154.66415760254617,PC1,-2.0554823641866533,0.9787979036132672
2.693934305022677,NA,-153.52932421433346,PC1,-1.3241643933787623,-0.08042203115543035
2.048428693851286,NA,-158.6526014230083,PC1,0.1206311660989084,6.45820776452588e-5
2.7444081619554166,NA,-153.04426385993614,PC1,-1.3101416636918395,0.06953176724184831
2.5237117321535116,NA,-152.4772735713809,PC1,-1.4224356355243242,0.07184715213343167
2.5573233479476807,NA,-153.57198448756483,PC1,-0.629957354685055,-0.28545479826044917
2.3034258961465923,NA,-153.78517355988464,PC1,-1.1388084532025904,-0.14884973003631086
2.5335279087782716,NA,-152.87209655872041,PC1,-0.66556727858695,-0.18359976839264275
2.7900345598593983,NA,-154.275015002582,PC1,-0.813775243447374,-0.77812741372448
2.5242446681169772,NA,-156.6092761359491,PC1,-0.37095143227332095,-1.0616038299480932
2.623155614252693,NA,-155.47385090004454,PC1,-1.1789665061193062,-0.1909358255781845
1.876255872538574,NA,-160.64589141522706,PC1,-0.9563049562368261,-0.10613566422431919
2.357821563150998,NA,-157.9171044731009,PC1,-1.7566249164898302,1.1211537212544185
2.607133791886356,NA,-152.28458991744432,PC1,-0.791640221771705,-0.2810847737789949
2.957929094988802,NA,-154.54562345729695,PC1,-1.3597717116376793,-0.25565113243939047
2.705964045089852,NA,-155.84564295457,PC1,-1.1750468103327503,-0.05042000826653753
2.741143487468094,NA,-154.03495480738076,PC1,-0.4766826944588233,-0.6805461646387778
2.7533279045407655,NA,-155.26145927752447,PC1,-1.882432068494173,0.3791699305970764
2.5160798098064623,NA,-156.54183900551564,PC1,0.2631914591262468,-1.2033412182668868
2.3003707483038722,NA,-152.6147871601904,PC1,-1.4584387634093556,0.4956384444467339
2.4116914004593784,NA,-154.09097638928648,PC1,-0.11899564685237965,-0.5102239322781367
2.547673339682344,NA,-152.0474086277534,PC1,-1.2589143341501159,0.03173270417160893
2.2456951650353627,NA,-153.23723611296444,PC1,-0.9493059157699866,-0.160034191581391
2.419215571812244,NA,-153.92716151193665,PC1,-0.0638443145704137,-0.6686516398514297
2.4339007304034093,NA,-152.28696739463032,PC1,-1.3597602947053984,0.3677892274897982
2.876356710806953,NA,-155.29802372753656,PC1,-1.8982322078989513,0.3973499766805591
2.333327452812757,NA,-152.34812728607017,PC1,-0.7855936907717512,-0.10326859643716735
2.6782365376582113,NA,-152.85315483852142,PC1,-0.5586319491868058,-0.5145770994768692
2.6864712375702813,NA,-153.00486857480269,PC1,-1.007740117184725,-0.32167362726152277
2.2969671929386144,NA,-153.5267608194403,PC1,-0.6224820732867421,0.17419439238965517
1.9857261707416973,NA,-155.07246323757377,PC1,-0.8018426206984947,0.15407011195611142
2.509676484070398,NA,-151.89768638992194,PC1,-0.9027444575884455,-0.06326962291416627
2.4694897465021444,NA,-151.88971853364274,PC1,-0.775584134619036,-0.2524899038030751
2.6745939609035294,NA,-153.25684937273908,PC1,-0.627324918038606,-0.6931991015059904
2.678914359727963,NA,-154.7482081317879,PC1,-1.3480091630968238,-0.06391988422594111
2.647033410463532,NA,-153.0530037134753,PC1,-0.5619985565601308,-0.6480191670305466
2.689825121905628,NA,-154.56833024871077,PC1,-1.9528466582977813,0.4010998031735765
2.3448992027906437,NA,-154.65718716408904,PC1,-1.1795054782648902,-0.010039393434489105
2.0053376080359255,NA,-154.80902874980453,PC1,-1.1043640381598603,0.5460863711461926
2.3703648049450208,NA,-152.9745510128144,PC1,-1.3448736700501236,0.24135951820946475
2.820926609149381,NA,-154.64240120367265,PC1,-1.6524887444918468,0.041397530730487325
2.6029472513558343,NA,-153.49694883252448,PC1,-1.7868676099314311,0.5582964946433402
2.214276912420208,NA,-153.57038898625228,PC1,-0.5310059550984183,0.019623644500385284
2.5540466074602897,NA,-154.10055848605023,PC1,-0.3598878266915371,-0.3770355721024293
2.8161074505816965,NA,-153.2805927678447,PC1,-1.0701677186743228,-0.43723549808950746
2.337228175520425,NA,-152.13048811779387,PC1,-1.1487753129496847,0.2795913448017668
2.0796048110824454,NA,-154.99135358566164,PC1,-1.336033313274579,0.36757434984326376
2.593038085283816,NA,-152.31284296619884,PC1,-0.9285558724057787,-0.03649889767119714
2.570177726110688,NA,-153.12666269196603,PC1,-0.5639253431920285,-0.5873850111163168
2.5237138008352553,NA,-156.6809535981689,PC1,-1.2101879514150957,0.8003717258087581
2.3216364438116144,NA,-153.8559236086922,PC1,-0.38618072233934486,-0.25598596255728856
2.464263081344197,NA,-152.50200713140575,PC1,-1.5643569283387693,0.45266426568333973
2.437776516141933,NA,-151.7688518323608,PC1,-0.9107681038390741,-0.11606671999617604
2.694397780167496,NA,-152.74347124998954,PC1,-0.704752599566089,-0.4725942031226116
2.641598742428161,NA,-154.81165414732294,PC1,-0.302587171603207,-0.5112063432998498
2.6310331595179353,NA,-153.34216730040234,PC1,-0.6420289569034443,-0.24099572639824224
2.5540511649287456,NA,-152.64299763866146,PC1,-1.4026854166476954,0.1835340165158286
2.733717361752294,NA,-154.25605589665932,PC1,-1.1637951766132346,-0.3913824784174126
2.7094101633034966,NA,-154.1814602248598,PC1,-0.5387148161052339,-0.7979327949945676
2.169139563570654,NA,-153.15122796931433,PC1,-0.916340172910269,0.19625062419719422
2.3521132495239554,NA,-152.66761695206705,PC1,-1.5212313794751608,0.5560026867431572
2.7306483491666977,NA,-155.21665740285323,PC1,-0.6226461765965667,-0.10332868860235678
2.8164612008813723,NA,-153.39912984485545,PC1,-0.8546445923314453,-0.38348643651974035
2.37718358492615,NA,-156.2150111459986,PC1,-0.3039478538439281,-0.43964862188688736
2.472664091084267,NA,-152.8823172774914,PC1,-1.2785020361875739,-0.12199871646784272
2.59782791923466,NA,-153.7335220466595,PC1,-0.5334212184801861,-0.209927426986099
2.4412729377306173,NA,-152.38850448122236,PC1,-0.6253800496626283,-0.15980356746263513
2.8394194196633737,NA,-155.0193122413301,PC1,-1.5014551045356241,-0.02452466050050969
2.922687777604725,NA,-154.99044930920115,PC1,-1.2520636666967522,-0.35621882752661993
2.5138755219668587,NA,-152.06136794400697,PC1,-1.1185391844715005,-0.13104703585607813
2.6494344306806967,NA,-155.8210431770286,PC1,-2.0173006161951013,0.867352145740911
2.980099141858951,NA,-155.21834559653018,PC1,-0.9861364915429333,-0.3256537014445187
2.296949996933704,NA,-152.64238266525234,PC1,-1.309662020380365,0.33435046174856253
2.942399133297245,NA,-156.21434699432547,PC1,-1.2991392106925792,-0.21458524749306918
2.258171783482507,NA,-153.98186852117098,PC1,-1.7711432478603821,0.9566680168855838
2.28531407989413,NA,-152.5169918054021,PC1,-1.2646843135076138,0.2899298537246908
2.4811111991456283,NA,-152.4388452364967,PC1,-0.7721429965779834,-0.030698924906456093
2.8066159011391587,NA,-159.40672435104509,PC1,0.5220476687027121,-1.435875912344256
2.4997265200169223,NA,-152.8551378039872,PC1,-0.5481683163384121,-0.5607376758415943
2.674126489236688,NA,-154.0387868597996,PC1,-1.4456527643455677,0.1852218572650187
2.8121966623481702,NA,-153.85387592696623,PC1,-1.152610635391992,0.015018618476801915
2.472234853490061,NA,-153.57384223711128,PC1,-1.8574867548412837,0.5971810702354424
2.4022293767628353,NA,-152.53667728157345,PC1,-1.2928697798447353,0.37671111016182235
2.8165012796513387,NA,-153.97299820984654,PC1,-0.5898367042231182,-0.5248411724499635
2.241048488409723,NA,-153.81205944010907,PC1,-1.6601056645432508,0.6124137233746928
2.9552352059658404,NA,-154.8207920272854,PC1,-1.406325480556122,-0.1732527559256072
2.7821473436556747,NA,-153.43966169265036,PC1,-1.191218330360971,-0.4055813936822166
2.779483051161922,NA,-153.51957418642777,PC1,-1.5573541850537502,0.1768389084973766
2.6551635337063426,NA,-154.24663709194365,PC1,-2.0203650161112434,0.5990288860473082
2.7613521600238244,NA,-153.52037900095297,PC1,-0.9050736950982633,-0.6552736695674714
2.3020251684838504,NA,-152.12764549686605,PC1,-0.8515884304504338,0.06540046494252202
2.565216193838739,NA,-154.3977395920933,PC1,-1.763449882699788,0.1438647345540162
2.908875616768502,NA,-154.7613682323716,PC1,-1.4159831351331622,-0.23933493404521267
2.311442816180609,NA,-153.2575121915496,PC1,-1.5410901355851383,0.7454589904995904
2.437959374565835,NA,-153.43207050153808,PC1,-1.8812725972324795,0.6979708841467646
2.2511758590489723,NA,-153.25411231724902,PC1,-1.0897478991443639,0.3300970731539839
2.6104979750523687,NA,-153.69135864402728,PC1,-1.3880659449491628,0.22281864107568233
2.937333944459776,NA,-154.67386448540563,PC1,-1.1447762727670272,-0.5940122327477994
2.477157802660301,NA,-151.9340202528259,PC1,-0.7283639200302174,-0.230892514071746
2.1408913313227846,NA,-156.05889484401123,PC1,-0.47570439900014144,0.32312981899123716
2.454559870448697,NA,-152.0678262028051,PC1,-1.196597577867773,0.1440242195325869
2.6316177322029035,NA,-152.97227776065574,PC1,-1.5416423290349126,0.16279077031895595
2.371971953069632,NA,-152.5432970685691,PC1,-0.5818012087839536,-0.08825661614241147
2.667282959609806,NA,-154.07127306197742,PC1,-1.0014797319940434,-0.3022550886036913
2.510660361932545,NA,-155.34377457223718,PC1,-1.666858987315142,0.5711220772366995
2.6392111302830417,NA,-154.03583208812853,PC1,-1.5863138022700507,0.2009377607881676
2.2354416865689104,NA,-154.1705077661148,PC1,-1.2623600338017578,0.21739222356809626
2.4530164633806413,NA,-152.75626795340185,PC1,-1.1197735315385717,-0.072663834910671
2.3073978155198036,NA,-152.9630341951051,PC1,-0.632604178156737,-0.2731315428561347
2.9107403597136106,NA,-155.2461336683465,PC1,-0.4940863407892296,-1.0712181684903048
2.8091670119617294,NA,-156.21925832992792,PC1,-2.198791808027994,0.6649544059999213
2.571257434839073,NA,-152.4381348450018,PC1,-1.1772516792509835,0.03226936889566501
2.2619630908489414,NA,-152.7258299269113,PC1,-0.6513063125338727,-0.14497840270575957
2.1480542773764286,NA,-153.5728391775301,PC1,-0.88314489442695,0.40117854236475337
2.4478820955061074,NA,-154.21387764360708,PC1,-0.7786851837580067,0.29466607996892796
2.532266309890077,NA,-152.74551765314757,PC1,-1.1956565778621058,-0.22563201648099224
2.4255530160005825,NA,-152.22579294681992,PC1,-1.0582293428365044,0.16191961979853725
2.5849443429266477,NA,-152.84095743329948,PC1,-1.5476675498633505,0.43775499453798705
2.456434553378246,NA,-152.20458901254108,PC1,-0.7391293066721318,-0.3357386784703657
2.184233213090424,NA,-154.97475353994332,PC1,-1.4434787012053325,0.5292213745374051
2.2995845494571636,NA,-152.63047303392378,PC1,-1.215760915831473,0.23081041550143322
2.6047054077208447,NA,-152.8651572458862,PC1,-0.6268091525696462,-0.526379331423017
2.459599368370519,NA,-152.47441851283688,PC1,-0.7889559546719991,-0.4093147734977802
2.8414565445749607,NA,-154.67155839028132,PC1,-1.7698531987860044,0.3921917378941445
2.1005051571886066,NA,-159.43510695906102,PC1,-0.7493207307252261,0.33380157296488755
2.5430822745873676,NA,-153.12579754100523,PC1,-1.451552244078446,0.3489000180955295
2.3190092771824204,NA,-154.64690933058688,PC1,0.04192970869504198,-0.7098713853126527
2.6839196341354756,NA,-153.1550845222502,PC1,-1.4740177776767593,0.0600502820799893
2.4970782791352035,NA,-152.4637924502394,PC1,-1.2359552319036446,0.16047808299949642
2.4380144428037513,NA,-152.46117072573364,PC1,-0.7696670928847797,0.046733883221525864
2.3530967519601944,NA,-154.11174433418748,PC1,-0.7054640645724274,-0.4406767578345001
2.120967819282661,NA,-158.73753714658417,PC1,-0.9321969373172811,0.19548012665427794
2.5416093572810885,NA,-153.18136004320127,PC1,-0.30136943862727766,-0.7258547458007306
2.6559707321885146,NA,-155.08460157132575,PC1,-1.497819124379435,0.03733345000754919
2.4927131220263634,NA,-153.5556196129806,PC1,-1.8130161384332206,0.4500869352401531
2.184710237117282,NA,-153.79414355460042,PC1,-1.0678121643685905,0.5940963775567683
2.382988893519559,NA,-152.521012958555,PC1,-0.6923450221572576,-0.06891637162948154
2.574479404208395,NA,-152.568885011395,PC1,-1.3410350088592704,0.14193377933159101
2.318794724255731,NA,-154.77394509728072,PC1,0.04977580523508285,-0.5406863083040994
2.127050295353141,NA,-156.0609227612688,PC1,-0.1784721217781768,-0.4328363810337893
2.7376254468835253,NA,-153.80582655848238,PC1,-0.5495386897246733,-0.7806465526061228
2.3899499261678483,NA,-154.36682272411525,PC1,-0.7342583913288869,0.30975010914036105
2.8638597920417954,NA,-154.4528872238984,PC1,-0.8146460079947521,-0.5336102282306038
2.2569016397288295,NA,-153.06594526400184,PC1,-1.4109852034314894,0.5700037371253949
2.554999614443362,NA,-153.6783499125454,PC1,-1.5397067584041675,0.19118436284095588
2.4034616284661308,NA,-153.6632620059055,PC1,-1.6469301607977664,0.7987188877562179
2.3940954617124524,NA,-153.62071049055882,PC1,-0.1387271099114478,-0.5346475118335543
2.340782458161559,NA,-152.3242605608964,PC1,-1.025276102203294,0.20804443256894012
2.781760324593233,NA,-155.6493110731677,PC1,-1.6643521349243442,0.5345192263583493
2.5859531728012155,NA,-152.51080749660954,PC1,-1.1763320487151172,-0.0712192941663737
2.3562885737469808,NA,-152.70841120683215,PC1,-0.8383998755885911,-0.1583733380000581
2.313053589483612,NA,-152.67685927579132,PC1,-0.8261539915364873,0.1165541871378391
2.4382481260719215,NA,-152.0849534702101,PC1,-1.3404630824164707,0.17945068929229827
2.5666428040972606,NA,-153.45930472035698,PC1,-0.5377035288532581,-0.2675341604189847
2.719287466946821,NA,-152.84320250658777,PC1,-1.1465228474264078,-0.19653802391224143
2.276300589764529,NA,-153.20973414796322,PC1,-0.45148343994195805,-0.09615392748063305
2.586518060766993,NA,-152.49411046023536,PC1,-0.6555797582170103,-0.3058231670583633
2.7945488234251874,NA,-153.868064353511,PC1,-0.48721342266319145,-0.8520381826350132
2.2136454984488982,NA,-157.0362599749029,PC1,0.2715114765450437,-0.8601033951565372
2.1163235248000216,NA,-154.14860719643977,PC1,-1.535753979438327,0.7386090727876806
2.919904432375918,NA,-154.08866597922128,PC1,-1.0937836423106757,-0.4902854790236077
2.171940272684367,NA,-153.22162560874207,PC1,-0.9799240148036531,0.10108215509600924
2.7302702608426945,NA,-157.57218769155895,PC1,-0.8452520439319776,0.10848352074066464
2.5741800947983116,NA,-153.23133118603337,PC1,-1.5723023342334361,0.5596524910673194
2.7112382290348256,NA,-153.44083985567852,PC1,-0.8406027072582132,-0.33987108863448445
2.10641662763581,NA,-156.23992558281287,PC1,-0.3463889449311192,-0.40866372890380953
2.3405884962327854,NA,-154.099643720883,PC1,-0.35565791027381055,-0.442146280406728
2.4318645152602487,NA,-154.82650570195054,PC1,-0.27872079042120673,-0.5687890089974278
2.3172122474099153,NA,-154.18861718114357,PC1,-0.6749721253998886,-0.4598536071586882
2.2726687002461037,NA,-153.3266315683853,PC1,-1.542182575917372,0.7199435331356362
2.505826278273282,NA,-153.8702431238773,PC1,-1.766186597359332,0.3935819351467138
2.221193401880152,NA,-153.60510210703634,PC1,-0.3687804241414372,-0.13101145606945858
2.5156235657870667,NA,-154.21082910730706,PC1,-1.1014317412436687,-0.42793854328772163
2.2215180351180144,NA,-154.74584321395582,PC1,-0.3512319759619853,-0.6215189693307022
2.4787459186300334,NA,-154.009624503627,PC1,-0.5803389486876452,-0.09046990736188955
2.6514343967291554,NA,-153.03448156864903,PC1,-1.256971874304657,0.1885625317734262
2.6558288599871593,NA,-153.70559998420168,PC1,-0.5955143071139181,-0.7776763318306364
2.416899998444576,NA,-152.5428779377733,PC1,-0.7195042847435483,-0.02370095679521944
2.47492698182278,NA,-152.418991026195,PC1,-0.6036832032863271,-0.37665546425970947
2.722430731313061,NA,-153.60904581421337,PC1,-0.5544522997050887,-0.7918970068215077
2.3441643345280054,NA,-153.7810013915014,PC1,-1.8198702704285592,0.5653803204510943
2.3230999716408918,NA,-153.42976885759978,PC1,-0.899788324305369,-0.07716355585307069
2.7581395514599425,NA,-154.1843874889714,PC1,-1.1285814998240489,-0.2784274649035244
2.756613951748271,NA,-153.2393942614341,PC1,-1.4019320508084165,-0.1480794841211689
2.7025560810626463,NA,-153.29642017807396,PC1,-0.787627937610551,-0.683580829938125
2.7918576894682174,NA,-155.41038107445343,PC1,-1.09204483644493,0.020134162344620524
2.801469273204955,NA,-153.64241317299377,PC1,-1.2360786936996369,-0.37489118453461473
2.656889082003939,NA,-154.82770169548218,PC1,-1.3647699282603836,0.38558324776278546
2.8222909386341564,NA,-153.48614833996564,PC1,-0.7824094493770644,-0.5067783441183915
2.432170825347208,NA,-152.25739339680598,PC1,-1.0335443106541273,-0.20056630606444886
2.864675365850063,NA,-159.00300580543396,PC1,-0.4959941942664422,-0.13432863601153122
2.297395743964419,NA,-152.77060247725785,PC1,-0.7153801459515157,0.035442175742734255
2.215352476221377,NA,-155.59470525979867,PC1,-1.2705881863899937,0.5379952334822727
2.6433805615399733,NA,-154.7401506319825,PC1,-2.0397736606745744,0.47397358618082386
2.2882643399976397,NA,-155.6312789715095,PC1,-1.8848421643270783,0.46726502582702956
2.407614657650371,NA,-151.97606192303553,PC1,-0.9673971477677921,0.026084064365427317
2.4156264121694275,NA,-154.1270879243841,PC1,-1.147780137544383,-0.06682281202654541
2.3017995168368643,NA,-152.9743783242515,PC1,-1.435144201901457,0.3421192093460676
3.2383543941911768,NA,-158.17486473833796,PC1,-1.545383399899553,-0.3724480136807711
2.310831560159618,NA,-152.91765289783535,PC1,-0.3972174870527928,-0.3866902326052605
2.5328869496615174,NA,-154.62803672305316,PC1,-0.8288096919269947,0.004364925266369141
2.4225279696801976,NA,-152.7139155052603,PC1,-0.9665381063963785,-0.06563650679918648
2.300182170668881,NA,-157.31618439995785,PC1,0.025245010425381888,-0.23032745498266002
2.6942018075282355,NA,-153.53442592718156,PC1,-1.7342720392272937,0.4478233655375572
2.449066543048043,NA,-156.09763810216396,PC1,-0.26224468549388497,-0.7631560920541431
2.42749760822287,NA,-153.34720983044207,PC1,-0.5087019785246409,-0.6535111074364328
2.2584771383311435,NA,-153.20054677500798,PC1,-1.0703882212658056,0.18649932459046017
2.568289080286061,NA,-154.06313153889062,PC1,-0.571894155888008,-0.06760481438848825
2.6704770169307186,NA,-152.98331942782917,PC1,-0.811677524476291,-0.5049122706069945
2.48891804442798,NA,-153.44053419746186,PC1,-0.35817766732367795,-0.3237833393692986
2.560816831081018,NA,-152.80980805410428,PC1,-0.8013187523106401,-0.13946025853398053
2.497538484784817,NA,-153.4545033149417,PC1,-1.155294298042715,-0.201682844377513
2.4931859671867977,NA,-152.61232029007374,PC1,-1.052688435322166,0.2411457554451324
2.0883648291072916,NA,-153.7856890863306,PC1,-0.7473660517891382,0.24022848447988432
2.443856811419091,NA,-152.21575241872247,PC1,-0.8781416200909523,0.07426799452870586
2.3666269520450594,NA,-153.29982582764947,PC1,-0.6296729450148659,-0.5482655264346848
2.3122823250899476,NA,-153.45710659487108,PC1,-1.3427712329327064,0.5478540475487754
2.5404263361461816,NA,-152.55474473513138,PC1,-0.7975366772835932,-0.4589139598767247
2.743687705687959,NA,-154.08038949218286,PC1,-0.9440733245137489,-0.31643802767792306
2.709769657987369,NA,-153.22748302648893,PC1,-0.590520740350773,-0.6189433438614487
2.487325641384453,NA,-153.04277595721396,PC1,-0.7794709944848704,-0.24597952732760203
2.501558233015856,NA,-152.7389361005286,PC1,-1.4843237147413482,0.14831327388923948
2.4998766744343017,NA,-153.22313056200215,PC1,-0.8775511885522025,0.012195774921677116
2.1966607884925438,NA,-153.5086956743517,PC1,-1.0110423154077064,0.504033917455396
2.7230844745056815,NA,-153.39966912412132,PC1,-0.570236369307606,-0.44104592580613045
2.2380854252904645,NA,-154.2551395518066,PC1,-0.28679535465159445,-0.6138005731853081
2.4994181689050796,NA,-151.83377705769811,PC1,-0.8379918048603212,-0.16985052851972074
2.981308333198762,NA,-155.91460436686995,PC1,-1.2264725742473872,-0.3053359150291179
2.5915012998033653,NA,-153.7503685259423,PC1,-0.2009424629781542,-0.8504328426407557
2.291879140492857,NA,-152.7458394524927,PC1,-0.8508290662263616,-0.08590726106562607
2.322759692363293,NA,-152.69950517336588,PC1,-0.8772722963795591,0.2511003789988495
2.5271711236894805,NA,-152.6686203753328,PC1,-1.4231962264128852,0.37842812217654737
2.2079415790914942,NA,-153.26328240842903,PC1,-1.096469455414834,0.4149864969040126
2.685161002909919,NA,-153.0149220712585,PC1,-1.3503280379969462,-0.09863473377868576
2.4422854315353257,NA,-153.0398682443122,PC1,-1.3950101477974508,0.6006963158026948
2.647834471500868,NA,-154.46528398489406,PC1,-0.22773082773608183,-0.996319938038503
2.370934378502008,NA,-155.00659806882837,PC1,0.13659813883972255,-0.771706976657252
2.311179617939425,NA,-154.00998311473816,PC1,-0.40471357974281374,-0.2925244980366549
2.488288023288541,NA,-153.20340175987502,PC1,-0.30678935459834544,-0.4154063537554081
2.639857992980217,NA,-153.1198931888155,PC1,-0.5429966036947973,-0.7109071339597063
2.586398577812826,NA,-152.98297003451208,PC1,-1.1630958300424497,0.2905677548740625
2.981701779655967,NA,-155.06843743515014,PC1,-1.4219788752359022,-0.17539501733683138
2.3949314261416625,NA,-152.8182531994865,PC1,-0.601974096046516,-0.40696858550406806
2.3995392983182895,NA,-152.03106995418162,PC1,-0.9028920197311585,0.0952293703721075
2.499915817510894,NA,-152.0560161265763,PC1,-0.7706638562756462,-0.33364335298999953
2.4185391647611416,NA,-153.55409627734198,PC1,-0.8479626747339226,-0.11375110163463639
2.4459116762925106,NA,-153.443971449642,PC1,-0.7942813528557554,-0.5449531105863847
2.243643176562009,NA,-152.6935589760842,PC1,-1.2100186761070537,0.3890032493864563
2.597870702241394,NA,-154.48163698026593,PC1,-0.5235761417907921,-0.15535993553871869
2.5622524080170517,NA,-152.61406921575875,PC1,-0.6793151207905214,-0.5277135936082451
2.1287972206384462,NA,-153.86430458032345,PC1,-1.1171478110336102,0.13132683206225312
2.416067866921901,NA,-152.1890643260389,PC1,-0.72069636134987,-0.26202101670660227
2.5997318832751013,NA,-153.2492026989042,PC1,-0.7249609548037601,-0.3956693648310571
2.299021805599201,NA,-152.98168229526678,PC1,-1.197099246483185,-3.9401409438583057e-4
2.556750129846828,NA,-157.82990361365313,PC1,-2.032358393920466,1.0411634211706708
2.4127008596274413,NA,-154.53055059201273,PC1,-0.07206984678334614,-0.40222341660386196
2.725235246080655,NA,-153.16032377562112,PC1,-1.3620668540863639,-0.18917300768193984
2.2206555352980732,NA,-153.44095958677843,PC1,-1.493905087282325,0.7521545227867962
2.6369478716439603,NA,-154.45788881563806,PC1,-1.0957274082641166,-0.11386781601262291
2.270012502501289,NA,-152.6154063400852,PC1,-0.8014650654418664,0.0722989556857686
2.4503241800058326,NA,-153.56897704721064,PC1,-0.9285296545542372,-0.09923171733331358
2.4860133377340445,NA,-153.52726491006678,PC1,-0.17044686656972471,-0.6927417123688066
2.4323426108663626,NA,-151.89728296194713,PC1,-1.1471313305528765,0.195623328313226
2.484515189478347,NA,-154.1976450562521,PC1,-1.3865681126688039,0.608272458811732
2.7481980148410416,NA,-154.15259023869547,PC1,-1.755125391227605,0.11789926427927963
2.4873635339238627,NA,-152.23862212147876,PC1,-0.658265589431623,-0.22086611595928343
2.427651537399902,NA,-151.96987852415293,PC1,-0.7582031815044566,-0.26316657915471375
2.7594435126717816,NA,-153.51216262273843,PC1,-0.829437933443878,-0.20952558130726429
2.58580381448674,NA,-152.89694871715005,PC1,-0.5701004377347009,-0.2922740884417556
2.426234020371942,NA,-156.84074030592822,PC1,-0.7232063906276305,0.3926403483183123
2.524954724458638,NA,-151.99227286303147,PC1,-1.2892662799317323,0.16362131904671687
2.388939960083662,NA,-152.29052309443793,PC1,-0.571944410262978,-0.3880570532167966
2.5049601738458285,NA,-152.0990149606694,PC1,-0.795514532474005,-0.10196788988369976
2.415225078275018,NA,-152.2272113004181,PC1,-1.3700763203566664,0.39541731229121735
2.183714429889622,NA,-153.59231609991573,PC1,-0.8929572723817865,-0.12363965888137098
2.5637690746624022,NA,-154.47105435761657,PC1,-0.21909840028837363,-0.3847396584047539
2.482010174233796,NA,-152.83023516861735,PC1,-1.1288498872181973,0.3208672438504456
2.215316305216507,NA,-153.5929117630666,PC1,-1.5261108243998565,0.5899659269887301
2.3699115150832224,NA,-153.23952174431258,PC1,-0.8978404851853177,-0.052765149668388855
2.351472319563614,NA,-151.94499278008004,PC1,-0.9397697345645624,-0.025078526330722856
2.381602485721208,NA,-154.02284831133926,PC1,-1.675700697825769,0.3885844258842901
2.4170358594812713,NA,-153.93238575810577,PC1,-1.203286965179236,0.6260618052600053
2.476383872378069,NA,-153.7292894993357,PC1,-0.9471937024832069,0.347391843474036
2.379688687573126,NA,-154.74917868003408,PC1,-1.7485690845557527,1.0581767177322439
2.57249503285431,NA,-152.14369057145586,PC1,-0.7499543925381043,-0.2640674532767884
2.183859468086271,NA,-156.3269434464011,PC1,-2.012157543043768,0.7426153130032674
2.188134802266252,NA,-155.2756403474867,PC1,0.05729119324434468,-0.5611543305327769
2.112638408540932,NA,-154.1618646811352,PC1,-1.0111049880320928,0.13733815642792974
2.2727986373261073,NA,-153.53882104776505,PC1,-1.1446824209374586,0.5449534106670564
2.320689721044025,NA,-153.90244143703563,PC1,-1.0447370878874565,-0.045395108524209166
2.7037760792499843,NA,-153.9982609175279,PC1,-1.3026706050937042,0.243866053636728
2.5226768047351222,NA,-152.88023144879205,PC1,-0.7425229775934521,-0.3446785072121572
2.17446667672177,NA,-155.34429923355552,PC1,-0.14582545456715812,-0.45774221436884477
2.71957470733198,NA,-154.10072608691317,PC1,-0.7914610960880588,-0.053884265650833235
2.3188526270147807,NA,-155.83946105617164,PC1,-0.7366500786886274,0.03223255446417035
2.518823355034133,NA,-152.0385747973108,PC1,-0.9669881962318216,-0.20558573812520323
2.6722591282718886,NA,-153.24713060008108,PC1,-1.3558939571996038,0.036574463128607015
2.3776029669235537,NA,-152.9452462598215,PC1,-0.421256811326753,-0.3956603088270629
2.3956056074849297,NA,-152.2189690669515,PC1,-1.3496470766511308,0.4059534582090566
2.4569072403485475,NA,-152.0434860358284,PC1,-0.9126736464986542,-0.20863166433323693
2.6995700393380773,NA,-152.9587690887515,PC1,-1.5245398270803627,0.21823542489639391
2.581207152539901,NA,-154.05971415880026,PC1,-1.9212022242613052,0.6532083296297458
2.5726135608941383,NA,-154.1052895500296,PC1,-0.5080771756168551,-0.13073997357792178
2.6381484353720333,NA,-153.7845291600458,PC1,-0.6812747092682606,-0.5175559362956969
2.2449221373322517,NA,-156.9229141436939,PC1,0.19296133214116223,-0.32715007463339824
2.4522921720840736,NA,-153.0140153656398,PC1,-0.46165101136215564,-0.5315205020753854
2.3727034098969364,NA,-152.81966467039916,PC1,-0.5613508255450661,-0.11724997351262255
2.2445950847705403,NA,-154.06708414663188,PC1,-1.7707192992475511,0.6809684078769453
2.438655225242333,NA,-152.4951976454867,PC1,-1.2550858053685987,0.4030782235568391
2.6163679445633585,NA,-153.3878895274163,PC1,-1.5701198659875257,0.17762796959646857
2.4624115862661387,NA,-152.35434508275486,PC1,-1.4546851487760426,0.43125422514227185
2.8651787849829757,NA,-155.33067095147493,PC1,-0.8590126031914361,-0.2508636965105828
2.6083161901882055,NA,-153.18749638150894,PC1,-1.358378343652296,0.05964990525386411
2.5254977563732117,NA,-152.94118974707513,PC1,-1.209704701671746,0.22106749261092484
2.2344828667805827,NA,-152.94456971023615,PC1,-1.0470335255767533,-0.0020925164678067543
2.7292712759278546,NA,-153.64425241590715,PC1,-1.1380404313609325,-0.28649593676500795
2.325338536040223,NA,-153.61520148194913,PC1,-1.7041541705387306,0.4796164404779219
1.9617976050102008,NA,-156.18872574944794,PC1,-0.8807005306086313,0.07717906257302574
2.728707546694429,NA,-154.7992347915691,PC1,-1.9410257743932038,0.43519120511942877
2.4906988299573554,NA,-152.8829967893711,PC1,-0.6428514392257428,-0.06251299681486597
2.4336655581485487,NA,-155.2867636262574,PC1,-1.8713385720962643,1.0610838979396064
2.076121154849906,NA,-155.04708903195683,PC1,-1.1778401975010782,0.7984082348450059
3.1390873909933488,NA,-159.25656856988718,PC1,-0.5696924845277092,-0.5485384054840118
2.659091350846581,NA,-155.60161786375815,PC1,-1.4856030293176006,-0.34631115013836217
2.7512293572450863,NA,-153.4968074152241,PC1,-1.0574255349937902,-0.2613218938676686
2.863733285722565,NA,-156.27221489420492,PC1,-0.36121981426781535,-0.5253726185870178
2.5067943126843066,NA,-151.9688810330887,PC1,-1.1303248270407056,-0.10107176647880625
2.320672158437765,NA,-152.98988261523613,PC1,-0.8733629560799001,-0.27203887919625835
2.3378744895945567,NA,-154.1652665834054,PC1,-0.5258986443851158,-0.4791819687357136
2.4001426057501654,NA,-152.99351511166617,PC1,-0.4964286756212216,-0.516817016960633
2.586869561580298,NA,-152.50516265166138,PC1,-1.2458165386113724,-0.13786103698359714
2.6020947904134677,NA,-153.40594974553554,PC1,-1.3255102419745126,0.2560579185625254
2.5910124600659628,NA,-155.08844678697528,PC1,-1.9715774313180616,0.3482567255336592
2.5889319033993803,NA,-154.9197438269757,PC1,-0.8080173058651294,0.2497315201236833
2.627787263196735,NA,-152.57932171413245,PC1,-0.6574504317519866,-0.4442135699113773
2.4114156913289286,NA,-152.0804204285786,PC1,-0.8487556517206145,-0.19864662837993682
2.3509400836867247,NA,-154.04194810154874,PC1,-1.3345573722282638,0.7720086743781537
2.3246548726712413,NA,-153.49733963254718,PC1,-0.7399088033560073,-0.2413273592264022
2.473643230254086,NA,-151.90502046805352,PC1,-1.089752194626997,-0.09330658611160329
2.4775559289477105,NA,-152.03106380510087,PC1,-0.8173285154257987,-0.10722913498346776
2.373022869674014,NA,-152.00620435821006,PC1,-1.0195915740645893,-0.04797914767724958
2.3097448505177995,NA,-152.27026644883807,PC1,-1.0914168910434539,0.1481448365747108
2.9371505409788914,NA,-155.900232555694,PC1,-1.4966999844644209,0.01354746408875318
2.4990443221420833,NA,-153.77241254057856,PC1,-1.2850599447151012,0.1372469324343497
2.589062046681758,NA,-153.41517971339195,PC1,-1.0713472283524452,-0.42693691467376654
2.4751054514293758,NA,-152.46087513887994,PC1,-1.0927100239967817,-0.10111278294084336
2.5462138618275114,NA,-157.6097352991842,PC1,-1.20374562275127,-0.560191405221921
2.334616702309684,NA,-152.43650542197076,PC1,-0.9332038167974537,0.12086554117684
2.6518472661147134,NA,-154.87783456825534,PC1,-0.6522027970139521,-0.9436683441413898
2.6364863163200596,NA,-153.27316412932112,PC1,-0.592424154092672,-0.271972912564714
2.4112831391489737,NA,-152.4621056927215,PC1,-0.6554527248117428,-0.3747248126848162
2.4342528976660502,NA,-152.63949039122525,PC1,-0.44219909865039264,-0.5101270377748183
2.7171422050414025,NA,-154.74598958145296,PC1,-0.21280205108597358,-1.028004244992617
2.393801353382355,NA,-152.63360278209888,PC1,-0.5404662347102587,-0.35416145253044534
2.714768641973765,NA,-153.3925560261088,PC1,-0.7764230070740776,-0.716933490546755
2.485223519206815,NA,-154.9116038496294,PC1,-0.19868936060202871,-0.4161300217693441
2.727567119566474,NA,-153.72678488574812,PC1,-0.9698615070713683,-0.3630587314904951
2.165329325428388,NA,-154.85310873873118,PC1,-0.3812924444134512,-0.5099996149061665
2.5590086761222595,NA,-152.20447605417792,PC1,-1.2521126846803832,0.1781460819008791
2.3122223464201026,NA,-152.9494531950476,PC1,-1.5277440128711584,0.4600178039182869
2.590382325404727,NA,-153.90019966441204,PC1,-1.7354415052324175,0.6783429701070423
2.452924919564817,NA,-153.01588843014721,PC1,-1.416455877864548,0.19809290665780094
2.2561277106082263,NA,-152.9798644628018,PC1,-1.2446296879371357,0.41334028649214977
2.289994915310526,NA,-152.7058304392449,PC1,-1.391371561952465,0.34205052492325133
2.3940894874994263,NA,-154.0256055330175,PC1,-0.5463626859661495,-0.6499991509780279
2.393996811232999,NA,-152.99388735977715,PC1,-1.4434826301361454,0.1845919636724527
2.4506329500880017,NA,-152.44986585550438,PC1,-0.47291770622277235,-0.3529560282423676
2.2952756143611652,NA,-152.48195413837752,PC1,-1.2315891139178554,0.26688260958525534
2.9060977492645215,NA,-154.51595880335844,PC1,-1.0213932775724923,-0.22226537728717366
2.8217117655968345,NA,-153.9795955023003,PC1,-0.7309445624530684,-0.5326111416441678
2.7246614573202885,NA,-152.87730085497353,PC1,-0.6909645750745571,-0.5713285772507062
2.352437969321553,NA,-154.45613060363465,PC1,-0.9771838831479924,0.5574828971240958
2.490455723231215,NA,-153.38901038520913,PC1,-0.6490580111142116,-0.6792768757484432
2.3077616579112243,NA,-153.3762794717882,PC1,-0.48250166636697667,-0.3489016132198805
2.4862621633180733,NA,-153.43996523671834,PC1,-0.8906814545538082,0.23812648943125236
2.3560961548924335,NA,-152.5133453006964,PC1,-0.5329697390796073,-0.2328015967238768
2.4991586477977794,NA,-152.19061407142618,PC1,-1.0305033255639897,0.14222284895498916
2.5406186556243697,NA,-154.21603470418432,PC1,-1.769346045043976,0.35996333230949096
2.2712553561267947,NA,-152.5360358523439,PC1,-0.5970895760484711,-0.1562037026913283
2.7258305721955214,NA,-153.32879529012817,PC1,-0.8060290283594087,-0.4345716359637203
2.5848859957790555,NA,-153.82080100153436,PC1,-1.4177729100159218,-0.18061277467430065
2.5715055715309054,NA,-152.14848830515533,PC1,-1.0922077807664214,-0.224434259795269
2.4862997156052593,NA,-153.9507856798627,PC1,-0.7587957959093385,-0.6672081399550098
2.182762583954349,NA,-153.31162161078578,PC1,-0.8948412688153671,-0.036033574406041796
2.221632782293202,NA,-152.87513898740136,PC1,-0.8391743255160141,-0.021373536550240782
2.290057062518472,NA,-155.24769482629847,PC1,-1.9839485536417465,0.9023688197567331
2.5200210708190003,NA,-155.27629565987866,PC1,-0.24555708858282935,-0.8241771241387276
2.8621452249892543,NA,-155.43796056980554,PC1,-0.37731795131289236,-1.0841965463277194
2.4247638024622447,NA,-153.8173899897495,PC1,-1.1165940185264962,0.17573165578324235
2.861180037667176,NA,-156.9223085555911,PC1,-0.10947149715478174,-1.2225650018055383
2.3588489601358797,NA,-153.105250461772,PC1,-0.9330370582885796,0.33533047267246563
2.0455056455786074,NA,-157.04026561365924,PC1,-0.5794181674553193,0.09742851617495125
2.2678441962945435,NA,-153.48555427133564,PC1,-0.2947036971040812,-0.4656744834319485
2.244270026577958,NA,-152.7192751956546,PC1,-0.6159057574255765,-0.228500410437444
2.5524856951065757,NA,-152.4646667683366,PC1,-1.0619555314772364,0.16807917214110263
2.0469109316535956,NA,-154.84452599430742,PC1,-1.193997984727279,0.2716499526260634
2.6342725815515644,NA,-155.15747065649526,PC1,-0.1001576230190588,-0.6795687668726704
2.3715814987364374,NA,-153.8637299386204,PC1,-0.07720237241622538,-0.5876508621871258
2.384059361930093,NA,-152.12873529308703,PC1,-1.2479055913374069,0.3221851321775279
2.463769109200806,NA,-152.39073826597485,PC1,-0.5108183048900965,-0.39337568066577067
2.4568069847490257,NA,-152.5360846802434,PC1,-0.6293289194507714,-0.5275339662359338
2.2069672914473744,NA,-154.7838904887556,PC1,-1.324892902727943,0.823439289850072
2.9169754174091964,NA,-154.14682320855024,PC1,-0.9934551634641814,-0.5892322866003998
2.6054828938344605,NA,-153.91324307315585,PC1,-1.6947218767327958,0.0981417683164926
2.644115137874468,NA,-152.27408384879817,PC1,-1.1300964490246277,-0.10189618347540069
2.684989644679499,NA,-153.45615449269786,PC1,-1.2630039341811274,0.1587912667302306
2.445128326753972,NA,-152.30533991515512,PC1,-0.6688942248316212,-0.10221128642775135
2.940486019927014,NA,-155.40456605605465,PC1,-1.8098140822311417,0.22960826698172057
2.7792123881919295,NA,-155.5010639016045,PC1,-0.36716383886254833,-1.169345581048956
2.214599627911947,NA,-153.16526308826474,PC1,-1.037146251143199,0.3884895728708892
2.4902159432106017,NA,-152.67381846858981,PC1,-0.7920832846934038,0.039826681660524964
2.247076514630576,NA,-152.87934439398933,PC1,-0.7678220053935861,0.18802553760729424
2.4482440145317983,NA,-153.10880540114573,PC1,-1.7233044512490048,0.4208073301412918
2.3563558028229443,NA,-152.39486286739464,PC1,-1.0578952240258284,0.312058001788448
2.657532345223662,NA,-152.5899623568812,PC1,-1.0183024891527832,-0.2443604406874073
2.5294009437262823,NA,-152.42248655965167,PC1,-0.6471925626751744,-0.5147690507378359
2.399469099212925,NA,-152.02092773980064,PC1,-1.235588879793092,0.1117186302396436
2.0656882703187396,NA,-154.2657473662842,PC1,-1.2414848499355136,0.5080114552237529
2.5401046745328224,NA,-152.2774000572923,PC1,-1.2714891044968861,0.2570749781576606
2.727668072369163,NA,-154.11891877252623,PC1,-0.24348429345189213,-0.86059896551119075
2.2071330780056004,NA,-152.8460367572751,PC1,-0.6427706752076268,-0.015609829005562195
2.560586653319243,NA,-157.37668315629827,PC1,-1.157520529699778,0.08329605687229073
2.3740888847028865,NA,-153.82250762874207,PC1,-1.243178979223738,0.2587002575164732
2.6246123730760487,NA,-154.46009777067428,PC1,-1.3561396136629895,0.12659014216792705
2.438445800930559,NA,-152.3237616318657,PC1,-1.422514393536436,0.43094467053961016
2.3062694480120975,NA,-152.89518196563688,PC1,-0.538708678705781,-0.27535975441378835
2.45532711293156,NA,-154.2045589109387,PC1,-0.08812486105392928,-0.6317524159855163
2.739257137592387,NA,-152.83558392608992,PC1,-0.8405005434214702,-0.476791092400589
2.446808203254901,NA,-151.98492734437926,PC1,-1.3077165141726697,0.2431843632442035
2.3136320231603578,NA,-154.50090440143148,PC1,-0.6805617369186688,-0.22675553599743722
2.115744152894474,NA,-154.19462643373944,PC1,-0.8698808747485581,0.21079077664169352
2.1799089090207766,NA,-153.41187099258755,PC1,-0.6215901448568659,-0.09779400410582315
2.2133962047700435,NA,-156.53336155432572,PC1,-0.6224765482274277,-0.04286928117660499
2.7192389341904337,NA,-153.84082842706823,PC1,-0.4937680185859912,-0.8461735582041516
2.5571147389386253,NA,-153.9010672675135,PC1,-1.2659217429435208,-0.12861174520115687
2.4747667454776567,NA,-153.28186920804117,PC1,-1.6784861476298918,0.5971796178631011
2.502744221894162,NA,-152.26085259716115,PC1,-0.5564506233750128,-0.4615461742459567
2.3811851523482006,NA,-152.91179402409082,PC1,-1.3234820346002159,0.5716758427831174
2.8057743712268755,NA,-156.61288735228405,PC1,-1.003171645500218,-0.8553081846694246
2.4340070627349175,NA,-154.40243741763413,PC1,-0.7777367159224471,-0.15982564377842662
2.4637079592631252,NA,-151.85634519748547,PC1,-1.204815875653178,0.0856770600879021
2.69878822754747,NA,-155.61168529413519,PC1,-2.2307341393153823,0.667592504300902
2.307007307132262,NA,-153.73679757626013,PC1,-0.740656919891627,-0.2628087084711242
2.716463697485283,NA,-155.30509650332542,PC1,-1.6593876812574189,0.25649582548977795
2.3545052631506214,NA,-154.01175511760823,PC1,-1.5382683221535967,0.13475164887833552
2.5412826727640394,NA,-154.8364997636237,PC1,-1.5193175663221423,0.73070591462107
2.3802313886743405,NA,-153.67702481654587,PC1,-0.5468962730630051,0.04426395237829557
2.2894243300383823,NA,-152.5294962212037,PC1,-0.6164592813979379,-0.08441144362196698
2.5129080425453774,NA,-153.24929095932904,PC1,-0.3134313319129717,-0.46255959740738295
2.4981707724014712,NA,-153.19509622614223,PC1,-0.4060188224528106,-0.39247448080752456
2.425030242885592,NA,-151.91423277753293,PC1,-0.9465048998961775,-0.15051832995793718
2.3366009291089935,NA,-153.28647466915868,PC1,-1.0330927125106375,0.16768156787530758
2.276034455396667,NA,-153.7218032324208,PC1,-0.2768767541591571,-0.35838111187734084
2.675112858693896,NA,-154.16098968228434,PC1,-1.4080679596148034,0.48329556095963505
2.534849614549838,NA,-152.92794215052677,PC1,-1.6139766201858374,0.5004725476514003
2.425456899216376,NA,-155.6487530109326,PC1,0.0923658191976434,-0.7843577549700269
2.5482710915593443,NA,-155.65802586640137,PC1,-0.02762452922231487,-0.5666197268506022
2.32116395581976,NA,-152.4427933995389,PC1,-1.0907098837231983,-0.006355062491392852
2.7503280219841657,NA,-153.94367458130355,PC1,-1.527674749105906,0.21989691367014358
2.6698146596999845,NA,-155.01199872668093,PC1,-1.0278945328671576,-0.08459318961244833
2.6232750205616218,NA,-153.4309711362773,PC1,-0.2764299990237594,-0.6756392417138561
2.3154349227720368,NA,-152.51779531190448,PC1,-0.9499249816355505,0.16658537687837607
2.0845885076820183,NA,-155.14210796053905,PC1,-1.0108465687756272,0.6980304400540238
2.4503378514737477,NA,-152.62564511762662,PC1,-0.6643884221645737,-0.10322849859885941
2.2302791667097694,NA,-153.02221370555225,PC1,-1.3276772976813997,0.3750341630484462
2.2513734272920405,NA,-153.02299035043174,PC1,-1.52301430637799,0.52972108881381
2.7995077160263144,NA,-158.22163858152842,PC1,0.08725233629143801,-0.8476463599422189
2.3796039726426925,NA,-153.76944946264067,PC1,-1.7157126770948616,0.8354646755643519
2.272673556687825,NA,-152.69285404091477,PC1,-1.3690294790432145,0.5505533900489437
2.2168443716039294,NA,-153.87137724905537,PC1,-0.9493175861040933,0.38551808220505246
2.19444490543813,NA,-156.6443568255009,PC1,-0.9610919648896973,0.3694029237133387
2.278898004017298,NA,-152.65909750091063,PC1,-1.2011263304662068,0.4702512710418324
2.3898376544269304,NA,-155.7969982290501,PC1,-1.9008570522490107,0.9656762839781461
2.524832136729213,NA,-153.53574212762842,PC1,-1.6364705296860453,0.13194562405033036
2.4998533428848333,NA,-151.96655385773212,PC1,-0.7157013535531231,-0.32159309294600913
2.449048418184056,NA,-153.29429505702342,PC1,-0.7549878544955734,-0.5417116129779354
2.4432945459848217,NA,-152.2248878474024,PC1,-1.1282565397738797,0.048736582364456826
2.554250389354604,NA,-152.3152950966588,PC1,-0.6766474133863662,-0.3374299221903865
2.16799377253475,NA,-156.2013390435872,PC1,-0.46123242127775377,-0.587325820478787
2.2993272152911186,NA,-153.54393941575685,PC1,-0.2656443657632918,-0.2679865624011796
2.7450805490917265,NA,-153.73826202154643,PC1,-1.7191045715485,0.2696884473147163
2.7349511674648306,NA,-153.49431781014476,PC1,-0.5384575784941712,-0.4762851894432623
2.653094544751829,NA,-153.47665253512153,PC1,-1.396870526874357,0.2505233452434059
2.3286078037213938,NA,-153.62406010587412,PC1,-0.4018955734782227,-0.06376564201206776
2.5166409669430836,NA,-152.86030363794998,PC1,-0.7134528026264093,-0.43913887509443056
2.5504593782508036,NA,-152.7973106522271,PC1,-0.88142212186636415,-0.44196082391336744
2.3433833145686744,NA,-152.43840983007507,PC1,-1.4383583954826322,0.4128777842523327
2.7250903397594923,NA,-153.4061983644358,PC1,-1.4658410520434275,-0.015095730224433362
2.369581815273335,NA,-152.28441650423986,PC1,-1.3513108736227382,0.24377781298563905
2.373840030155996,NA,-153.69689553322985,PC1,-1.0657437006831898,0.5181078839606716
2.7966622814480853,NA,-153.88471159365773,PC1,-0.7941555135066765,-0.24436317942110847
2.475510558649334,NA,-153.36588706947512,PC1,-1.0707517539599507,-0.37468000520140243
2.5830425027578983,NA,-152.79638306352538,PC1,-0.4398470919524698,-0.5586496538794075
2.6186927878679964,NA,-154.22295683520488,PC1,-1.9885531254092186,0.4769439045094107
2.454448101545004,NA,-152.27703880311893,PC1,-0.7694835280176153,-0.39810450414538767
2.141581215355151,NA,-155.6511658898225,PC1,-0.6737723314741012,0.4954965430674625
2.27364869206831,NA,-152.5714963118778,PC1,-1.3757378549810033,0.4478801734388826
2.706412171762916,NA,-153.43912368503322,PC1,-0.555373268787442,-0.4386618298940979
2.778201242359644,NA,-153.07781474202204,PC1,-1.255284893135472,-0.221606159542161
2.703961258737627,NA,-155.14937951148534,PC1,-1.0099197980237744,-0.18346232623489744
2.133016964920685,NA,-154.45102308980418,PC1,-1.5585624295173506,0.5722593761462974
2.4337022270195963,NA,-153.0626125395136,PC1,-0.4284243649788364,-0.36797670586670317
2.4627984235779437,NA,-152.04584063922894,PC1,-0.7269254864611564,-0.18755984747208304
2.070161297764018,NA,-155.48927428461587,PC1,-0.3717577077286219,-0.148414930192313
2.0632456804223303,NA,-154.72215593284514,PC1,-1.3805505445054296,0.5042085480773126
2.2091863338740665,NA,-153.78490849663697,PC1,-0.9240130948194174,-0.1793626201360276
2.7343659488881986,NA,-152.9927484631057,PC1,-1.1597151779415995,-0.23146610654427008
2.665299595390193,NA,-155.67486102766588,PC1,-0.7064313233287406,-0.9861459854529904
2.343122717604023,NA,-155.42364043788348,PC1,0.041659238052627584,-0.3848818150501855
2.179235485686699,NA,-153.52201762230618,PC1,-0.9837526233033222,0.4835110836888533
2.4199393982420814,NA,-153.26161482510898,PC1,-1.1892443696946615,-0.0818671058452878
2.3278748345221847,NA,-152.74077968136376,PC1,-0.7816246516958967,0.15873762707030623
2.308996353227292,NA,-152.91682111211992,PC1,-0.9105787233387871,-0.07642316193689835
2.6522327847958094,NA,-154.97814514173905,PC1,-2.1246150780122437,0.5339959616180209
2.080540240315885,NA,-154.804237681884,PC1,-0.8968485675061055,0.5796505780696151
2.310498932983556,NA,-153.02096541606548,PC1,-0.920280919318603,0.27829484990354075
2.7302309247610363,NA,-155.41545539862761,PC1,-1.8768601115816759,0.08576193015330529
2.5072357161907344,NA,-153.62010082151815,PC1,-1.308510517720689,0.4740917802381802
2.4443176179387853,NA,-152.28644120436974,PC1,-0.619631804014291,-0.19302023411092117
2.8075562920855925,NA,-153.492966507084,PC1,-1.1363252131507386,-0.4533226495688294
1.9746815887023803,NA,-158.55572353499147,PC1,-1.6746898774894092,0.5342067046000548
2.377376015357053,NA,-151.93371360185034,PC1,-1.1439478658926292,0.09294031179151671
2.8846150406691686,NA,-153.78590756835436,PC1,-0.9883319694505183,-0.49236171446344595
2.7824858967975,NA,-153.24813004917226,PC1,-1.0532133125202032,-0.13560726800562178
2.2320271076816818,NA,-152.706187114435,PC1,-0.6614487222032603,-0.08810729569110008
2.7136595840364452,NA,-152.8881825011046,PC1,-0.6656537350545682,-0.4517950216683342
2.7946322388745766,NA,-154.0998400304496,PC1,-1.5557285915348773,-0.06984971461947131
2.5783990370512417,NA,-153.6686816411206,PC1,-1.4694459418283818,0.28036263708751397
2.53543421213964,NA,-152.76658836272276,PC1,-0.7114505891944248,-0.3450214202018367
2.7727233730089003,NA,-153.3372778529011,PC1,-1.5215829778833874,0.09599848495581391
2.5635358886052315,NA,-154.50109293209536,PC1,-0.16267904679540904,-1.0100022785116403
2.353714871749986,NA,-152.04543212952092,PC1,-1.145014451948261,0.25888038945359854
2.4734243760817267,NA,-152.94805259690474,PC1,-0.6277200707236306,-0.3283769324444115
2.6772593711928243,NA,-156.23860412415834,PC1,0.1289058793035543,-1.2799328017820348
2.4673568601544305,NA,-153.7033244420594,PC1,-0.7275455790617531,-0.6168108159845502
2.5098143023210677,NA,-153.19917145253302,PC1,-1.590957994699391,0.14682479226902653
2.511539013337072,NA,-153.07914660284035,PC1,-1.61791841004742,0.20258579715956293
2.5601889991679716,NA,-154.5100873622007,PC1,-2.0914941347193867,0.6325101927668084
2.689950233209884,NA,-155.68542081927114,PC1,-0.07264958049103763,-0.6034635271427133
2.661252050736994,NA,-152.81119853450753,PC1,-0.5252695494242593,-0.5684358446544999
2.5574785843820855,NA,-155.1369361207648,PC1,-0.7169913311919281,0.23032927410441142
2.563815185690448,NA,-154.0110697134331,PC1,-1.0077674471152327,-0.31845137787001393
2.9400631156001737,NA,-157.19557428969316,PC1,-1.0375870636993996,-0.9010738215643478
2.357332932451691,NA,-154.62711376200457,PC1,-2.0689254410612476,0.7915182648173025
2.3986691973838443,NA,-152.10922852872795,PC1,-1.1080982303312534,0.25890108072099327
2.9001891950820653,NA,-154.4523302634056,PC1,-0.9275542737132055,-0.28395587797773086
2.7763456594175566,NA,-153.10906301209496,PC1,-1.1089541579243907,-0.3298063008310855
2.3131974630556096,NA,-152.52838741528222,PC1,-0.8192279860379531,-0.05799560799107414
2.2647000466763094,NA,-156.4511776829159,PC1,-2.354654407959319,1.169319664921158
2.6791192432210726,NA,-152.85956816925096,PC1,-0.6725717613140307,-0.6380502340532336
2.52180908717619,NA,-151.90040574733885,PC1,-1.2238994112830164,0.08268180149814747
2.3191887843029333,NA,-155.16357261568973,PC1,-0.22647243111519338,-0.5355811876673705
2.5645619489101636,NA,-152.97140609918748,PC1,-1.357733825291007,-0.12904107536384724
2.5777224179449165,NA,-152.98019495627247,PC1,-1.2436061630228652,0.35489932903222354
2.3654393157933757,NA,-153.0959304248548,PC1,-1.2799134524435494,0.5213604467683428
2.753752530812233,NA,-152.801198980838,PC1,-0.9971903903457571,-0.41117270244744614
2.707772229009499,NA,-152.6719900737538,PC1,-0.7422623216486652,-0.5122471223812914
2.1925155304926505,NA,-154.88159944083992,PC1,-1.1102052966676705,0.7611097944701206
2.6176874537214094,NA,-152.11982478736286,PC1,-1.1598604535157637,-0.1130289574448644
2.5411522232156853,NA,-153.0558808519732,PC1,-1.6131757925207002,0.5838572028704465
2.1510841901975644,NA,-154.7790807090127,PC1,-0.19660945692069132,-0.5261939911768964
2.230941556285706,NA,-152.60235282556124,PC1,-0.8208142005370858,-0.08054305141132997
2.4113413991623056,NA,-153.63115694372675,PC1,-1.8639744833462153,0.5722819919382914
2.112562465857876,NA,-153.86623954453873,PC1,-1.0953036568911785,0.1808718001993018
2.137767566133199,NA,-155.03538350811107,PC1,-0.23228373787331,-0.5467350653065532
2.014182748002054,NA,-155.69842233402412,PC1,-0.9621739985065592,0.5446611309913726
2.5269186394542866,NA,-153.9361891461563,PC1,-1.9689931453011078,0.7903941319434924
2.354054321801438,NA,-155.12144211008712,PC1,-1.1604208985382303,0.5410184794073769
2.703614731662837,NA,-153.56053847531317,PC1,-0.8083521114255183,-0.12868900815329626
2.3934068919325284,NA,-152.6488449059888,PC1,-1.1911806712711508,0.1876599821411766
2.7844753467392187,NA,-154.2115891533996,PC1,-0.5809645674824396,-0.7233966803308247
2.5435243683386193,NA,-152.74536292133646,PC1,-1.5262758396911897,0.34514468910696433
2.162110859572101,NA,-154.49335537643728,PC1,-0.33394487125195543,-0.22360021674747815
2.393995568938304,NA,-151.9959881685907,PC1,-1.148460807187175,0.029442023258443084
2.5449982581392323,NA,-152.97540390970832,PC1,-0.4461098695207105,-0.5837655992662565
2.490835912432943,NA,-152.89149215469138,PC1,-0.9581272519795432,0.05355021028962116
2.1328289082112644,NA,-156.1409765094589,PC1,-1.7905599464839121,0.6266466475153127
1.9032978202310584,NA,-157.05450796910884,PC1,-1.5469827196452548,0.8755767161850633
2.7099463945505593,NA,-153.99967321901798,PC1,-1.609972869006273,0.20270591892630502
2.2667103925348533,NA,-152.612714446782,PC1,-1.2046295373417881,0.2490974668810172
2.7266485284701876,NA,-153.08265335129312,PC1,-0.7719638072687823,-0.5528740183243176
2.5889360231651932,NA,-152.912651830297,PC1,-0.8113078601065373,-0.40533270012217415
2.3322944576370324,NA,-152.64205320510104,PC1,-1.0054155609120894,0.04032527640969201
2.582974934412069,NA,-155.46522815505423,PC1,0.06472587951236623,-1.1481419662209513
2.595202665994017,NA,-152.8426894293253,PC1,-0.6503772721532056,-0.39742859183736484
2.4479036829878438,NA,-152.44709604638194,PC1,-1.11416582429456,-0.07276622299485509
2.9475248819618014,NA,-157.15535760642294,PC1,-0.26203296480715416,-0.8319950882221627
2.4216631366931076,NA,-154.81167228780652,PC1,-0.267232842692463,-0.12053865355413645
2.7571166779457177,NA,-155.6817161370821,PC1,-1.17408522380298,-0.11365185559736035
2.1515012621888645,NA,-154.74736308170813,PC1,-1.570808918353956,0.4993547338832703
2.6072538247765222,NA,-154.35298331946535,PC1,-1.19192109130537,0.4479388017932595
2.543680174241699,NA,-157.15839588029436,PC1,0.03503691589791258,-0.41976100767020547
2.310902972234098,NA,-152.53339792773568,PC1,-1.0809629551258084,0.01106546118112478
2.5444477449636067,NA,-152.26379781852995,PC1,-0.7794158820258162,-0.42558489293404694
2.3895833888111238,NA,-155.49795264120678,PC1,-1.0761773036132,-0.41846699318233116
2.6208234190261335,NA,-153.1963892578612,PC1,-0.6709496946087105,-0.6943049908395598
2.655900915216782,NA,-155.55482475055246,PC1,-0.9096366020315558,-0.8273788557172433
2.5194880231258914,NA,-152.73860638705793,PC1,-1.198599876842949,0.25803766322447785
2.455165433559787,NA,-155.5018250499104,PC1,-1.9703220094965503,0.7456807958271009
2.489684366637726,NA,-153.02686159708213,PC1,-1.5190194384444702,0.43653340570243515
2.2742253753595083,NA,-153.58766495865686,PC1,-1.6179549821361006,0.7839163938077349
2.4498551730590448,NA,-152.7995950912159,PC1,-1.4148041886389529,0.3033666876778991
2.531499370576948,NA,-153.04825401924663,PC1,-0.5967246089848836,-0.15490335372810743
2.8574412644101,NA,-155.45834009710677,PC1,-1.715907406170616,0.48450985357364457
2.902295202312666,NA,-154.3528065648441,PC1,-1.5460176931385512,0.02863709037377568
2.6243358398934307,NA,-152.33632335207574,PC1,-0.8527533449152489,-0.19506599455070525
2.6937713254171376,NA,-154.54356141390633,PC1,-1.9822210947000944,0.4070535431729268
2.3109259712459465,NA,-152.82977861155197,PC1,-1.0786231951227907,0.19036728353855412
2.693923167403255,NA,-153.8021157144221,PC1,-1.4082323958993606,0.38939990120396806
2.5718672427719413,NA,-153.92327867641575,PC1,-0.18443794359285554,-0.9236290957279504
2.130191175448508,NA,-153.39924006808266,PC1,-0.7000601884049518,-0.052755851190604136
2.273679612221112,NA,-153.47265786500708,PC1,-0.5372835372333594,-0.04320651501824589
2.6741763502769476,NA,-156.27135079325268,PC1,0.12832758933702784,-1.126300884711767
2.500472732190277,NA,-152.0481741467424,PC1,-1.1427054142024162,-0.10886552066298608
2.316619946959235,NA,-153.71159963708925,PC1,-0.6464380701790693,-0.45919993043424023
2.583709681604667,NA,-154.48594422698415,PC1,-1.0330149351661029,0.17189283532433822
2.68357696961413,NA,-153.70684753161382,PC1,-1.6708275528744443,0.5138785882215604
2.4373398372239996,NA,-153.07408814837947,PC1,-0.4096797815564389,-0.4073720021300429
2.2819138959089984,NA,-155.53990860578602,PC1,-0.8912476786829782,-0.49349574434815346
2.5416452334459327,NA,-153.99450390009014,PC1,-0.5615904403549704,-0.6116958506654797
2.43441061504389,NA,-152.02920029899963,PC1,-1.3382874473526671,0.23813100471275025
2.3519999018998115,NA,-153.38433165526624,PC1,-0.5189284228996206,-0.5350312091136351
2.3789118725038643,NA,-154.36501999532516,PC1,-1.8215708049563786,0.9612677611156546
2.3554756638464083,NA,-152.33093562583724,PC1,-1.0132306280041679,0.17400328619809957
2.303270206542161,NA,-152.60212219027613,PC1,-0.7773534979676366,-0.2696015773577012
2.5397232191125396,NA,-152.6969732716923,PC1,-0.4415007322456346,-0.4315712198772065
2.6066387235088393,NA,-152.67052840895352,PC1,-0.5606032090321185,-0.5591256325820815
2.381395023057848,NA,-152.88812699693696,PC1,-0.6648097561780713,-0.23157912442628342
2.5095269506748843,NA,-152.88575282872358,PC1,-0.7505396589017794,-0.5577210646330664
2.633133783317637,NA,-156.31723811824128,PC1,-0.3900614469632341,-0.9011494647655376
2.168345521612381,NA,-152.94472223461304,PC1,-1.1514892256926494,0.3294300670062782
2.3337705825465793,NA,-153.02321927021381,PC1,-1.5059463435990779,0.5265608524799141
2.5688929184150977,NA,-153.05213749015533,PC1,-1.096057539299827,-0.06816812063732772
2.1774631647768747,NA,-153.59786307967352,PC1,-1.4215536951569372,0.5888755734232298
2.4011799422267073,NA,-155.50440915662887,PC1,-0.805132356716746,-0.6236256600649001
2.576049484477128,NA,-152.9422370417607,PC1,-1.321655530558973,-0.1680927162499245
2.5939492609930244,NA,-151.98731151264528,PC1,-1.0462220840467433,-0.12872652083699992
2.8104034547664165,NA,-156.4170857784499,PC1,-0.2706027870011309,-1.2789895149383794
2.777166160208514,NA,-153.08164076032307,PC1,-1.1322725745508773,-0.11350940793404053
2.5035776974962194,NA,-153.5793726205761,PC1,-1.4067420410970832,0.07899806418064143
2.5535413290014963,NA,-155.21067981083246,PC1,-0.418105790430297,-0.45664608786030997
2.423660564342377,NA,-153.42915483301562,PC1,-0.636172060787735,-0.5101811772661308
2.5414938164365894,NA,-153.99136754621043,PC1,-0.835434149313663,-0.2509444115242882
2.502475728863482,NA,-154.66981105554348,PC1,-0.10025504014069286,-0.7888464894732314
2.2413629623590885,NA,-154.01147048175247,PC1,-1.7990733939483918,0.7628758126162353
2.6707315490493855,NA,-152.8763384061075,PC1,-0.8960878391659999,-0.1418933026005715
2.2129270293941237,NA,-153.90812148973018,PC1,-1.4930458651101322,0.6171933057781447
2.7211378688897634,NA,-154.53254550219197,PC1,-1.7463185654459166,0.1413162709975433
2.8148910016511244,NA,-153.50523382431166,PC1,-0.9771091954054377,-0.44482220564266467
2.5439273347169036,NA,-152.18819256322735,PC1,-0.6945930101907556,-0.4643903280583337
2.2744169502398717,NA,-154.6837308582808,PC1,-0.8758327511854767,0.37739412561227575
2.405544273364234,NA,-152.35235552304613,PC1,-1.0837854185576241,0.19464088162058815
2.4379753863072833,NA,-152.6937997958736,PC1,-0.7705819536641806,0.07831482203233739
2.112562465857876,NA,-153.86623954453873,PC1,-1.0953036568911785,0.1808718001993018
2.1914696804754925,NA,-153.13941213450263,PC1,-1.3123005675313897,0.4917226084453923
2.5008787235417556,NA,-152.07639236121838,PC1,-1.0827754137311896,0.1586730588401522
2.480996133084453,NA,-153.05605669770952,PC1,-0.8776419814831318,-0.41651693906244885
3.0074901317360583,NA,-155.30162607509604,PC1,-0.8733819491960677,-0.5435015150453893
2.4436919943322715,NA,-151.76638178987713,PC1,-1.0257845637659275,0.033644267714015796
2.39123860820442,NA,-154.55677855217886,PC1,-1.6440280572359118,0.41436910818165706
2.555851729234916,NA,-152.7653534691685,PC1,-0.8407679680150066,-0.19744148304785222
2.2952173842683363,NA,-152.21341647789237,PC1,-0.8849104797896081,-0.03597430988316952
2.792010825644657,NA,-153.73856004442123,PC1,-1.0968799714807462,-0.48610462766937274
2.65954585459747,NA,-153.75393502720104,PC1,-0.8349099208599081,-0.5194632954423452
2.621932349553595,NA,-153.91989382475785,PC1,-1.6028499810372432,0.01714899310263497
2.823321766367953,NA,-159.13580668521678,PC1,-1.0700117177445287,-0.4518773431265412
2.722715353310245,NA,-154.015423684267,PC1,-0.6049066580634216,-0.3835059738051833
2.227085980101787,NA,-153.66338075096732,PC1,-1.271625791612271,0.47924899733385634
2.39230926563576,NA,-154.52001615655308,PC1,-0.8234129994598559,-0.19376413654013733
2.8103634052684656,NA,-157.30646856277727,PC1,0.027467318629997073,-1.1328895139156736
2.4492218884928176,NA,-153.4517059481512,PC1,-1.043991220189204,-0.1686385730122231
2.3209891208819773,NA,-153.08699235157022,PC1,-1.0585091339292558,0.09418735668042601
2.1723218782571085,NA,-153.30123692282652,PC1,-0.7690075814337871,0.11968223041386108
2.587462184965321,NA,-153.25141157071207,PC1,-1.715297470036268,0.2694709943988655
2.4034423136153364,NA,-153.31341654619283,PC1,-1.4402282324974887,0.6855331556349418
2.4322986695600837,NA,-153.77170063600113,PC1,-1.7185514235084125,0.6268825529135849
2.694957799958108,NA,-153.43733087181698,PC1,-1.4172808808147996,0.1004451927104454
2.447204416811886,NA,-153.81504127857787,PC1,-1.1880572402565355,0.246925047236898
2.4672031143835698,NA,-152.69751394326738,PC1,-1.0602483418825766,0.3120528785172
2.3784952807804887,NA,-152.6994054862262,PC1,-1.319656191215383,0.08128726110694404
2.555942467132691,NA,-155.3607766742253,PC1,-0.43835478481178886,-0.016745326883467672
2.3413711167346745,NA,-153.67296937613335,PC1,-1.391460221259427,0.758123518362008
2.3957514604146724,NA,-153.65469417931396,PC1,-0.3807193221520001,-0.7260082192926035
2.314099488176805,NA,-152.25008878307017,PC1,-1.0005852632634324,7.463340081305496e-4
2.6343381657689724,NA,-153.51933261532528,PC1,-0.3954276900318183,-0.7209050779293176
2.4111602483758094,NA,-153.8579658567293,PC1,-1.6485464952041602,0.6664691284863804
2.4940235692441313,NA,-153.55746415697467,PC1,-1.0228333610142741,0.3620960753814209
2.689144201457399,NA,-152.52588750757965,PC1,-0.8951433267001818,-0.38522029522202866
2.5003323836875855,NA,-152.68488151314716,PC1,-1.3543216859946596,0.46007987109757165
2.8200456133684604,NA,-153.2223822236924,PC1,-1.1981340968559657,-0.20781481274523994
2.4832096880941186,NA,-152.97880066124605,PC1,-1.7414950047306483,0.4996626684155796
2.533156031243298,NA,-152.04758601462228,PC1,-0.9255584360976645,-0.2801434783579464
2.603516422173103,NA,-156.49686607264738,PC1,-2.1696248446936215,1.0464621656939925
2.469713795540971,NA,-153.07572270810223,PC1,-1.6643228780548818,0.5290300888179769
2.1806846351499942,NA,-156.28610357389584,PC1,0.13313756338725116,-0.3358671044458189
2.546526437545797,NA,-158.17545312493502,PC1,-2.3782387768198214,0.7355810670234566
2.042182862510054,NA,-155.51646053988648,PC1,-0.7429272137481179,-0.18562752181478526
2.4252291144462585,NA,-154.7863236163104,PC1,-1.7862139910564827,0.3138856489877633
2.597373477830699,NA,-152.46682695965774,PC1,-0.9616440734483946,-0.31362192542471967
2.5836748223245216,NA,-153.89847217433615,PC1,-0.3826923925899978,-0.8636620016166322
2.5166435597879473,NA,-154.3014759794657,PC1,-1.3154808768284518,-0.29135134687074704
2.493858738221706,NA,-153.011596359138,PC1,-1.0478511886868103,0.3115092124665494
2.446800171345891,NA,-152.15518139419905,PC1,-0.9836786177240208,-0.2194218803791647
2.236621235383408,NA,-154.60784398218402,PC1,-0.543063751026551,0.2424208070495356
2.476785741310819,NA,-153.62153002563556,PC1,-0.3307648565220287,-0.5776879938103826
2.915004558961556,NA,-155.4833370662739,PC1,-0.9241960744361365,-0.2574561385328888
2.639803846042283,NA,-154.52713174466203,PC1,-1.8953648565534778,0.7662618359711575
2.4819894964959572,NA,-152.95151050626353,PC1,-1.4911864164586965,0.3689425752337097
2.419094205865735,NA,-155.73810351556753,PC1,-0.3162381093876704,0.025116469457139023
2.4109343319488103,NA,-154.145932152468,PC1,-1.1267974668227703,-0.17466949169605273
2.54642575079505,NA,-152.49157775149138,PC1,-1.2616617127254999,0.24891660162214918
2.5128701880207687,NA,-153.03290991180702,PC1,-1.266511471985799,0.2856014812089883
2.9574620894447206,NA,-156.61067759633588,PC1,-0.9344432985486989,-0.13693168415495516
2.446802071368485,NA,-152.3105193757578,PC1,-1.2495659274822368,0.3696547161324941
2.5310203071465414,NA,-152.34608472382016,PC1,-1.0361391799264101,-0.14670030853089355
2.3752100189449323,NA,-154.0008768926282,PC1,-0.987044146383318,0.04042661303284422
2.5547826415877126,NA,-152.01555594367503,PC1,-1.1750765492021267,-0.06399578279430354
2.356882693186734,NA,-153.71112074441064,PC1,-1.6697250221715185,0.337373485264519
2.6777639059575886,NA,-152.95633982062813,PC1,-1.5502433104520346,0.17559354802354757
2.5729427332545662,NA,-152.7455322069628,PC1,-1.374565168489206,0.014587089033686745
2.2108327721589616,NA,-152.76700483294368,PC1,-1.1031377452874356,0.22529844683947925
2.4262882995516986,NA,-154.04475967531832,PC1,-1.2666534292742386,0.6302874538001622
2.667364018322782,NA,-153.70999980300095,PC1,-0.3874856773931383,-0.6759183162546679
2.3442383879017625,NA,-153.07427560017487,PC1,-0.40644596092412855,-0.2720976838033211
2.3862109710257395,NA,-153.1063878546242,PC1,-0.6923090172154382,0.09677927994959645
2.479722906147131,NA,-152.40683232509934,PC1,-0.6401872094588942,-0.2869975907852313
2.4962934847087497,NA,-153.07584357374776,PC1,-0.4676362879724152,-0.3998496826639136
2.3544621382324498,NA,-153.68732816498394,PC1,-0.6688005237518619,-0.42353069156492135
2.725537273506568,NA,-152.88496075127108,PC1,-1.41161942715888,0.047930505036666765
2.4555555633430433,NA,-153.98374999577902,PC1,-1.764890964991808,0.6169015426755246
2.2722848908294937,NA,-152.44046169342536,PC1,-1.0333777746674166,0.13440871872162719
2.3783353044738034,NA,-154.76507667046147,PC1,-1.5142246095553924,0.05866095877765215
2.1032770685168076,NA,-155.43242193807967,PC1,-1.0816203627524952,0.7234459695392744
2.2384750288239403,NA,-153.7933461827402,PC1,-0.8918337364962482,-0.22877622577214823
2.500919478759458,NA,-152.47912008856534,PC1,-0.5363471565134703,-0.3393996997036431
2.2350550954726778,NA,-154.38739509540292,PC1,-0.4147625937940906,-0.19341877387961848
2.670437858061505,NA,-153.02883268628398,PC1,-1.0391214982339396,-0.4241358229619052
2.5462858516737614,NA,-154.6633559235823,PC1,-2.1351137655333563,0.8329372085971868
2.4385073469353244,NA,-152.19970295280385,PC1,-0.641746023411214,-0.16719274174223092
2.4089123839390254,NA,-154.310969939775,PC1,-0.11319908357230007,-0.5962164903355156
2.530451008780185,NA,-154.0319798644424,PC1,-1.7171766923754945,0.33071265009204615
2.6526451210560054,NA,-153.00768166575102,PC1,-1.4747758382608698,0.2364044759243749
2.7168429922507067,NA,-155.12571095149178,PC1,-1.5060108409366373,0.34089002299383053
2.6098415367135654,NA,-153.20435397175538,PC1,-1.6116824253016109,0.5203858230760905
2.5552280670569907,NA,-152.49266274194798,PC1,-0.8070813236448836,-0.1519601222231483
2.6595003828466663,NA,-155.3632616414956,PC1,-0.36263641796959223,-0.8603583069955348
2.4638142288723732,NA,-152.52147752147508,PC1,-0.9496684143915178,-0.33053602754453987
2.5085577865844266,NA,-153.12885682818873,PC1,-0.7213017500424462,-0.3733151145839722
2.2893284415190056,NA,-152.76789967631862,PC1,-0.8970720890187454,-0.06424479800591212
2.2971922961566755,NA,-153.0121943367732,PC1,-1.6095614314165896,0.5976380637696533
2.1918467310142695,NA,-153.0106703445957,PC1,-1.1161546455796567,0.1999195379892254
2.5154812498253225,NA,-154.74362398320636,PC1,-0.28255566441531765,-0.9183365568785028
2.1484049377893015,NA,-153.1511381113328,PC1,-1.0050145133508803,0.37821216070602326
2.533736005469885,NA,-152.61703400807409,PC1,-1.436746691322869,0.11754531145898622
2.8006360239853514,NA,-154.24644001893444,PC1,-1.3275450467852978,-0.414024182104081
2.7501299217749384,NA,-154.51252302012162,PC1,-0.42353193042480947,-0.8866231648399542
2.4943698066843654,NA,-153.25238003358453,PC1,-0.435893993953713,-0.7093062089156702
2.8026706961616132,NA,-155.89314541820508,PC1,-0.05576631093095809,-1.2131941550140675
2.2936499676404463,NA,-155.6947071056848,PC1,-0.6590463814694817,-0.07520253632267182
2.5346702875070495,NA,-152.64936246281297,PC1,-1.2575004782853516,0.1927582535955336
2.799722405586819,NA,-153.5640837207034,PC1,-1.0926385595782602,-0.35237926780447265
2.6758865413056805,NA,-152.85146363487553,PC1,-1.1120293789693732,-0.37086013600951245
2.6961557232560067,NA,-152.86363994069634,PC1,-0.9238390799330567,-0.5171790072052309
2.0361951933027234,NA,-154.80454385838294,PC1,-1.4251706630483736,0.6692509491604826
2.548693969867745,NA,-153.88808847996324,PC1,-0.9888083061026811,0.3331127627710559
2.6787389309129885,NA,-153.9737779711842,PC1,-1.364994898961706,-0.26465507416067663
2.6256843161800942,NA,-152.43478598589334,PC1,-1.0644617641858853,0.04302729451096965
2.318076439303389,NA,-152.88438199462607,PC1,-1.3081062230592528,0.5269946192041277
2.4088143352428957,NA,-153.3302229463096,PC1,-0.73406840816501,-0.5327268813672233
2.5342290507373533,NA,-153.27691150132532,PC1,-0.6941797452511973,-0.6363922158883046
2.7255174996087925,NA,-153.8477416263525,PC1,-1.1635505989929888,0.11638138987003004
2.049072465292132,NA,-157.42512592616134,PC1,-0.06589665461737707,0.01975890918098777
2.809651187803096,NA,-154.16672319766798,PC1,-0.7988076149980342,-0.662512279282274
2.460884979340616,NA,-154.84171489486442,PC1,-0.9662384082514615,-0.5669455829907033
2.423310591036801,NA,-151.77099196152386,PC1,-1.0051505670524457,-0.014206034812195215
2.715881318387587,NA,-152.75856244587206,PC1,-1.2232455923455925,0.026405099444342602
2.473689740945565,NA,-151.97496565416657,PC1,-0.6980039224337241,-0.26614536655913296
2.2864612565272977,NA,-153.67390484457226,PC1,-0.8009332189354909,0.318157187194932
2.2412860538382073,NA,-153.98474657693274,PC1,-0.27866045817811197,-0.3091966325126322
2.5283856547233565,NA,-152.1894522141419,PC1,-1.2199559376217242,0.12148033625894666
2.4146008825276586,NA,-152.22763499818407,PC1,-1.0413643566641433,0.24361017535546411
2.527507718898306,NA,-152.07296260345186,PC1,-1.3242704729910784,0.16639238685058713
2.511314699611584,NA,-154.60316652521752,PC1,-0.35398265439447385,-0.180242858618949
2.759281065279865,NA,-153.3076984519017,PC1,-1.1586232667728098,-0.009752532885554822
2.4093094450756363,NA,-154.7619191824355,PC1,-0.9164874614821656,-0.29303794358498314
2.573090152221091,NA,-153.72099308799133,PC1,-1.5821832589796718,0.01959767874303274
2.5960568435681868,NA,-152.9466242507951,PC1,-1.0047336722128506,0.09482888611925233
2.3741081335526473,NA,-152.43484698011295,PC1,-0.7550728287040669,-0.2109109464020139
2.686800276767409,NA,-152.37259674708667,PC1,-1.1028940573330002,-0.15840576478874552
2.3104120714252896,NA,-152.18897807438353,PC1,-1.1098039575096896,0.1724311407803712
2.71735130971757,NA,-154.99735328428784,PC1,-1.5183725417156824,0.4032227779295799
2.776192173576253,NA,-154.38396164064127,PC1,-1.4739478966374215,0.23985858773298113
2.3271390217943773,NA,-153.60935124795938,PC1,-1.0102641546187607,-0.1154685203127206
2.48302250256339,NA,-152.2989341384345,PC1,-1.114414034914155,0.15719786884121753
2.281908568156277,NA,-155.82107366914957,PC1,-1.4450865306909169,0.22363572971423107
2.514276406829417,NA,-152.22007358373742,PC1,-1.1105059921467713,0.19599840347736142
2.639361824378158,NA,-156.3568048884462,PC1,-2.3365588567417825,0.6554843624019965
2.3980096986704864,NA,-152.25541008430295,PC1,-1.4408583136233353,0.37841074400237584
2.235884286293013,NA,-153.23567290603887,PC1,-1.2894567791917866,0.45426320465044806
2.4323765344624197,NA,-155.44454678410435,PC1,-0.45970256919953184,-0.12931255747604886
2.081782556297216,NA,-154.29483983642723,PC1,-1.193460056918634,0.6683741541657663
2.5746108865326316,NA,-152.1045024825438,PC1,-1.1603002102435886,-0.05978267979848235
2.3765391698243334,NA,-157.14787978993496,PC1,-2.222456366335476,1.0925631294030627
2.4859721206575824,NA,-151.85359409879578,PC1,-1.0576413612322801,0.076053903246541
2.4535563189901772,NA,-153.6273623160437,PC1,-1.84666416821218,0.4933286409354297
2.674229201312364,NA,-154.79050985395838,PC1,-2.0997926976135064,0.646328021997891
2.5391701538372056,NA,-153.3932096555874,PC1,-1.361365105419312,0.47375612551288937
3.004301686385261,NA,-155.50290642819695,PC1,-0.7952392142469713,-0.9088893128550648
2.312145632845135,NA,-154.85242077744783,PC1,-1.4475648674483965,0.7871085284857741
2.327377756263759,NA,-152.47172920465087,PC1,-1.0976288377408299,0.15433379556707108
2.5791462903368925,NA,-152.22140666602732,PC1,-0.6751824838003339,-0.33572078455312865
2.5694102357007744,NA,-152.62371053976116,PC1,-1.1145895485731223,-0.29150251867865307
2.514013583133726,NA,-155.83182114142323,PC1,-2.3035083771831033,1.2274800574892586
2.6266953386675147,NA,-152.8273733958971,PC1,-0.803229340551157,-0.502692795112968
2.449898677410744,NA,-151.99760656091362,PC1,-0.9264175698555029,0.02571828781223054
2.1851735457654504,NA,-153.169402236928,PC1,-1.1868082066824275,0.21553828821723303
2.4878841836405194,NA,-153.0524067901756,PC1,-0.49099591213482463,-0.3803637810758721
2.3920812280495736,NA,-152.26797666734288,PC1,-1.2554375474871924,0.16874177201743962
2.624126843034976,NA,-152.62477912465292,PC1,-1.184282951458267,-0.1440284414183203
2.3348322668664534,NA,-156.90818839464174,PC1,-1.3757580490398582,-0.07688011772799708
2.590547423493272,NA,-152.23392116872645,PC1,-0.9714552684622407,-0.21678013849645222
2.2549595489773053,NA,-153.65986021293295,PC1,-0.8220433015597716,0.2311703657615083
2.2572555881593592,NA,-154.28125519462978,PC1,-1.9237222423212994,0.8782229206433871
2.328440669532661,NA,-152.56788770221016,PC1,-0.942503262616006,0.21082330032207156
2.4436468086399734,NA,-154.4425090625225,PC1,-0.34418282225541197,-0.8048369839594958
2.406681188591293,NA,-155.05396066960478,PC1,-1.4173387002874047,-0.09017349388937584
2.9938941813133706,NA,-155.28907081186992,PC1,-0.5994213328491361,-0.8892485052728949
2.369568169302459,NA,-152.35852281873923,PC1,-1.3141406712782313,0.14001642830649216
2.540873018047762,NA,-152.55786295189577,PC1,-0.552684896564771,-0.2960660161637025
2.1679738848804924,NA,-154.40868125798067,PC1,-1.019826123839319,-0.11764921574176875
2.306222557722898,NA,-152.47361821817879,PC1,-0.8374462656078641,-0.18941676984824773
2.5051492905672044,NA,-154.71720514560153,PC1,-0.973417824167345,-0.3636732925752929
2.4823683022803347,NA,-152.6800815329702,PC1,-1.114928904309985,-0.1348180057828021
2.6456507362215884,NA,-154.79536793449765,PC1,-0.3242515006733569,-1.0768906560332678
2.3891141401106424,NA,-152.98962072561233,PC1,-1.5977865383250198,0.6990790872010986
2.1055423503182764,NA,-154.83042247664093,PC1,-0.8251413684720145,0.3028565566457959
2.529404522409191,NA,-153.0141029586459,PC1,-1.4645713196526655,0.372801634141796
2.5441006615727355,NA,-152.6717385326645,PC1,-1.3297759099500739,-0.042049789432039186
2.3818159496964646,NA,-152.913374846165,PC1,-1.025427528398096,-0.18462657344824082
2.488497348328213,NA,-152.64937492380457,PC1,-1.1211621140616521,-0.2014793581046131
2.4462965842276247,NA,-152.03813130036033,PC1,-0.8895681613909249,0.028361602513491194
2.26807177847098,NA,-155.05632263101137,PC1,-1.4310338173887858,0.9883269355044062
2.6687648068901386,NA,-153.7280982836349,PC1,-1.5711844903306849,0.4240838442068761
2.4610561271920472,NA,-153.8018146986458,PC1,-1.5554703276922204,0.753739781971517
2.3867839619066635,NA,-152.37801975580206,PC1,-0.5056872582870594,-0.28148237082008654
2.571064106891818,NA,-154.95384604541192,PC1,-0.11569238727810272,-0.9696137679593029
2.382718669879157,NA,-152.48389693482915,PC1,-0.5859682888528803,-0.381307994930532
2.4265115811593083,NA,-155.65587001235352,PC1,-0.8044228465210808,-0.6535605298269286
2.691421000210933,NA,-155.19268361404548,PC1,-0.37240831348865494,-0.46268360842998435
3.0637847912428615,NA,-156.88036566529203,PC1,-1.8945760467494364,0.18525081299473112
2.5330213223067157,NA,-152.21607947358913,PC1,-1.371281864561704,0.2727758560056091
2.275097063467497,NA,-152.2873184431847,PC1,-0.8934978450304822,-0.046453042172276235
2.3004292907662505,NA,-152.91990588962528,PC1,-1.387478881976854,0.5630345359808311
2.4137226262938367,NA,-152.77949587236387,PC1,-0.4708662605469555,-0.2743116983238383
2.844417622152986,NA,-153.76423223939534,PC1,-1.2062998489704126,-0.21378590936710068
2.2764362812640315,NA,-153.00848020244976,PC1,-1.5398210085845034,0.5438716819223455
2.603195069925764,NA,-153.35164664875396,PC1,-0.6800248822687056,-0.6162000057177393
2.349611092499399,NA,-155.288662289471,PC1,-2.1359532834137687,1.2229170341436149
2.849765712264575,NA,-154.4089479901743,PC1,-0.73670035057509,-0.3852575161444467
2.3461984573445966,NA,-152.48232763584937,PC1,-0.716545033286921,-0.34416584529694616
2.5118788734045734,NA,-152.68619203042547,PC1,-0.5560110598244754,-0.22485548438668632
2.424063930185764,NA,-154.87286717668746,PC1,-1.862228220154425,0.944933923966194
2.4418995690812357,NA,-152.51218098580304,PC1,-0.6674345265461068,-0.04656559978411435
2.678438418314912,NA,-154.35590472896106,PC1,-1.8471101697114,0.7074039008703011
2.4830726996635453,NA,-153.00932710215653,PC1,-1.06069849244799,-0.34997289775259377
2.765774568355023,NA,-157.99134865099808,PC1,-2.391884652987448,0.9612076708794703
2.9948967530005657,NA,-155.1555857151593,PC1,-0.7974945468472507,-0.5691386733104222
2.235788131465351,NA,-153.72471805912593,PC1,-0.464859273517635,0.05158975450887024
2.440665732375623,NA,-152.49540814165758,PC1,-1.241265762621457,0.263897642270521
2.529651383550081,NA,-152.46495204999206,PC1,-0.812049727806106,-0.291519114294036
2.630734477135774,NA,-154.71780019483862,PC1,-0.11653696203339702,-0.9373886760827278
2.3393633651383485,NA,-152.7202438707612,PC1,-0.9683491351009028,0.2921024977414046
2.4467655473027303,NA,-154.93006300551556,PC1,-1.9923804451958802,0.5322498384186907
2.4017990025185436,NA,-155.0192785691244,PC1,-0.4771173684225772,-0.5061299951298118
2.5616656479267945,NA,-152.26029034881526,PC1,-1.4114036874589604,0.17974154650753368
2.1873756174548147,NA,-154.94620969384357,PC1,-1.8678012153236134,1.112473692143134
2.5135010448758948,NA,-156.0381292567814,PC1,0.273614350923483,-0.9809224950636005
2.588342725640978,NA,-153.67266643024007,PC1,-1.3568614347166776,-0.24155403777847956
2.4733396147350644,NA,-154.12199458746113,PC1,-0.2459196842827167,-0.8743861554344726
2.7111747684758574,NA,-154.12218664144928,PC1,-1.4928820581974753,0.3996216801179088
2.262905244368173,NA,-152.90721442291292,PC1,-0.9847290963382315,-0.10810423973018035
2.7831600064488073,NA,-153.95651310834546,PC1,-0.6397272367439639,-0.3575147500673015
2.3878348884447673,NA,-153.1531926414742,PC1,-1.711341889440797,0.566750999101794
2.6181448122624875,NA,-153.18785907542855,PC1,-1.499478650222569,0.4450011189960811
2.7286563006659352,NA,-153.39462247199023,PC1,-0.7928756418790609,-0.7079324561461795
2.297097481274645,NA,-155.52952688091878,PC1,-1.8367608135659648,0.8413376793993435
2.5865986178008726,NA,-153.98594570605079,PC1,-1.9263086465189907,0.7145966660065134
2.617639965922773,NA,-154.13922555187523,PC1,-0.44690963038013354,-0.35724920225583806
2.5260708819544297,NA,-152.66824062558533,PC1,-1.0594447503265307,0.24144274651490286
2.3134979216569627,NA,-152.50214209552777,PC1,-0.5241446496915932,-0.22547026854192265
2.3071423219804785,NA,-154.30997435085862,PC1,-1.466709753626136,0.7309916437897537
2.5016827638879606,NA,-152.2669507616392,PC1,-1.285874395329409,0.2310889632160497
2.07958404712173,NA,-154.96477050218056,PC1,-1.450038429330937,0.5119623681486787
2.553805151631213,NA,-153.31614508286782,PC1,-1.6447568301541673,0.6248301531144651
2.569628732445572,NA,-152.456833049644,PC1,-1.0998419225625802,-0.2731344730135628
2.76285773296432,NA,-154.67856655707922,PC1,-0.15740981159431147,-0.9594216344808819
2.78908383890013,NA,-153.9571148160263,PC1,-0.4367320712072743,-0.6603011135598613
2.776756896595926,NA,-153.6348725856981,PC1,-1.0479324803408263,-0.05990213706016584
2.717514484815863,NA,-153.1451752842155,PC1,-1.4174230832784018,-0.12059908837425465
2.264842494027943,NA,-153.35771758919788,PC1,-0.5675694146217574,-0.44046273013141796
2.389699188662047,NA,-156.7775934369999,PC1,-0.8735711159458228,0.37441418983493857
2.550284214680274,NA,-152.87042855486547,PC1,-1.2126080043290772,-0.24981193158495696
2.2192870970994694,NA,-154.01538269755173,PC1,-0.7373253462131402,-0.34724337153531376
2.6630679951213465,NA,-152.69573658324393,PC1,-1.0048742689681391,-0.3389344251988903
2.284647572717701,NA,-153.19378706603104,PC1,-1.5149586482814297,0.43448548473592125
2.5986784855297183,NA,-153.58563704498076,PC1,-1.0981564533621435,-0.4620965966560685
2.5175794716756483,NA,-152.32921357148228,PC1,-0.9027225013485033,-0.2858995560116572
2.4144056759987054,NA,-153.05696958579531,PC1,-1.6019801489713605,0.38791910725889056
2.5162134066179584,NA,-153.64733813100986,PC1,-1.1270729048154948,0.44214891502278103
2.455517089644965,NA,-151.85739442918424,PC1,-0.8417547675730412,-0.08099806971283896
2.7096894216070573,NA,-153.33232148638325,PC1,-0.6988089722472781,-0.3158648678112965
2.4162929453614694,NA,-152.2217642286532,PC1,-1.4189132742187234,0.3644899962234098
2.4702984770120455,NA,-151.9435212730037,PC1,-0.9487480612357787,-0.17908600459330037
2.5284863669285254,NA,-152.3478292054307,PC1,-0.6841209033748439,-0.18078545597414994
2.5211915979604034,NA,-152.5778777608767,PC1,-1.3657216729718618,0.3157417739291029
2.2802474386719283,NA,-154.18319699998054,PC1,-1.1167939811184284,0.3723411161232419
2.6081346438195374,NA,-152.97837152035066,PC1,-1.3237698998558496,-0.18852753663215147
2.6834471824355637,NA,-152.44217154969905,PC1,-0.8502334110795714,-0.3300322904337748
2.3367249936872,NA,-152.84916594430294,PC1,-1.1976722266470305,0.10080192796871945
2.172479578727007,NA,-155.69264116247712,PC1,-0.5941269055278492,-0.49756980878454754
2.519126907407778,NA,-154.97413206036808,PC1,-1.3151505511025217,-0.2017730248891474
2.558908141415156,NA,-153.6694877891312,PC1,-0.8035473755056509,-0.05802989082101612
2.787739888288295,NA,-154.18532740056128,PC1,-0.7146647184113214,-0.764010832099952
2.6734718371652226,NA,-154.56222160754973,PC1,-0.677368532378734,-0.8069764486806715
2.4284378573235417,NA,-155.68228637393884,PC1,-2.0704215713645104,1.0882504360308467
2.6216106449972507,NA,-152.47806550681165,PC1,-0.8458885442949775,-0.4867182433512507
2.1642110342929053,NA,-153.326973179326,PC1,-1.0518109949441838,0.4720779040620633
2.229749486790653,NA,-153.4251520128439,PC1,-1.5162131391419922,0.7144453769307275
2.176220081474198,NA,-152.9931688125111,PC1,-0.933803311072018,0.3034293936906568
2.19863151924351,NA,-153.7968306577612,PC1,-0.5559305047383858,0.11985558283232245
2.5093658675916,NA,-154.24685750568878,PC1,-1.349439233669631,0.5448142599058747
2.86757629416433,NA,-153.93412240957656,PC1,-0.7457561162843855,-0.543122772795543
2.430016426321578,NA,-152.34085291497308,PC1,-1.2932097382979575,0.0668863590882165
2.1680505805037686,NA,-154.47063758934246,PC1,-1.8092172259142703,0.9316508594154963
2.3613795466135423,NA,-152.6005192235159,PC1,-1.095015294833252,0.1806832014823181
2.808958562961577,NA,-153.6350528226292,PC1,-1.3396597963424295,-0.28258265526343
2.351733128028499,NA,-155.6987090669651,PC1,-1.9213837158793667,0.4589804246805861
2.67595535574074,NA,-153.58672918810208,PC1,-1.5749166971948452,0.06983684217761277
2.8065660641027734,NA,-153.28727128260257,PC1,-0.803263832403409,-0.6027222109981063
2.206678992701088,NA,-152.7555581951823,PC1,-1.20989966095754,0.3914644581092225
2.2664976130288537,NA,-152.91482321527093,PC1,-1.5085128525997917,0.6065206997916788
2.718086902777035,NA,-152.7219042305719,PC1,-1.0982948857813126,-0.10455847884033947
2.670931018359017,NA,-153.11545565994288,PC1,-1.213597921095271,-0.25573524324272034
2.323580134395117,NA,-153.90263837521917,PC1,-1.872060400092761,0.9444525365534767
2.43106674675813,NA,-152.2730182798328,PC1,-1.0263318920224487,-0.19313637024185862
2.741263627015741,NA,-155.2852663525061,PC1,-1.80217116830402,-0.002673634736359065
2.1707572936429096,NA,-154.89350732801532,PC1,-0.28288242455947143,-0.005862740671223388
2.6011488283094146,NA,-152.38393129356564,PC1,-1.4288830466402727,0.19525339186911836
2.8293790601337743,NA,-156.9981619824868,PC1,-1.5334735165235829,0.5553062007142997
2.611440256274833,NA,-152.92615225043048,PC1,-1.61837150350272,0.25168499514785675
2.430857076972141,NA,-152.98420534484742,PC1,-1.6357821360834892,0.5015181527908794
2.4531799102268526,NA,-153.12277742913759,PC1,-1.7516374286907461,0.6466458689183252
2.498590504957664,NA,-152.0518299986776,PC1,-1.1069265902869803,-0.14891803149562644
2.629487175668023,NA,-155.3657687734515,PC1,-0.32667163822623346,-0.6533456113266943
2.3957525667996804,NA,-153.28431329193214,PC1,-0.37134705726317174,-0.5484522330565426
2.2192904409539174,NA,-153.28841925219723,PC1,-0.7368196910590836,0.24709295686122199
2.5169128374128826,NA,-153.6287106538701,PC1,-0.5349288967490551,-0.7652772213380649
2.134260239222221,NA,-153.90904817750447,PC1,-1.1785353539590604,0.52710347943038
2.431303008993955,NA,-154.94817608494205,PC1,-1.16164260515878,-0.39137272279312557
2.586630817472535,NA,-152.74432945653982,PC1,-1.0064213515996008,-0.3627173579962654
2.489127990041305,NA,-153.35765433149658,PC1,-0.44126132500495135,-0.7239660666024236
2.543809363521349,NA,-152.73256409778708,PC1,-0.9288907793165391,-0.015415493681341388
2.3514510501023698,NA,-152.65420792728415,PC1,-1.4852839138107532,0.41181657802434224
2.6242375758467213,NA,-156.59879082974197,PC1,-1.713361228854119,0.9956135916804356
2.7436780612665115,NA,-153.0023518997638,PC1,-1.1447158941529172,-0.14261830386145707
2.303808397723751,NA,-154.0300329848113,PC1,-0.28774110160191513,-0.3910839633372717
2.2966055118889663,NA,-152.23583179447488,PC1,-1.178795827133512,0.26982253426040653
2.3451595885097913,NA,-153.01685039320247,PC1,-0.9725893760167169,-0.10867208105229498
2.3912862106611987,NA,-156.15867313975454,PC1,-1.4083684750388978,-0.08121806396705389
3.071217980103005,NA,-157.00118811667448,PC1,-1.68615225305256,-0.2523378575038439
2.678098504104552,NA,-156.15710882833014,PC1,-0.22325802112625787,-1.1062670712029077
2.714552491319889,NA,-153.06839240534873,PC1,-1.4444712345197002,-0.02742885138321588
2.347559832798553,NA,-155.949148382251,PC1,-0.49001407330780994,0.3029762637895579
2.530033118407656,NA,-153.02106915785265,PC1,-0.6517941908724875,-0.6271530413589383
2.5890589033934406,NA,-154.32322835054453,PC1,-0.6731848715728832,-0.6996960078463974
2.3780354441998206,NA,-153.87581562830803,PC1,-0.4863413645577185,-6.017414768804685e-4
2.433786798594239,NA,-152.46194481387923,PC1,-1.355635529743001,0.09215369032540903
2.6184818801615504,NA,-157.63707248246007,PC1,-1.5474109298677965,0.6540869475235218
2.7597712214773114,NA,-153.50312831092245,PC1,-1.0796527789364654,-0.4449365825458358
2.2400172598450134,NA,-156.46645204304733,PC1,-1.420386975440596,0.2299954913586328
2.356940825864538,NA,-152.17755915435623,PC1,-1.0823299613043325,0.2449216877167486
2.361037619512168,NA,-153.28303176723335,PC1,-0.8973812410048454,0.21041985131667587
2.8551111583659976,NA,-154.45157089706876,PC1,-0.7086597535910192,-0.8698828455784455
2.4487272077896414,NA,-152.17209079168862,PC1,-0.9242122635882897,-0.18352462158638172
2.4266390301391527,NA,-152.1807678817001,PC1,-1.1252922148922364,-0.022853162918530276
2.478167070981565,NA,-152.58673090331803,PC1,-0.7440255340681197,-0.006453534631299385
2.7615082929696464,NA,-155.88936775700435,PC1,0.04903299153860727,-1.1042062545860056
2.478951203168104,NA,-152.10499385320207,PC1,-0.7595199886208261,-0.3304783594769808
2.2697904594958818,NA,-152.76935944185277,PC1,-0.999265173899,0.30326756218957707
2.3938187896668284,NA,-152.5642256773475,PC1,-1.1358229049674413,-0.1246022512500751
2.3137251830163406,NA,-154.2492817882071,PC1,-0.04774949025351359,-0.6758798993460604
2.118127661380266,NA,-154.3701583132083,PC1,-0.32678012460334627,-0.31510693525194605
2.4865868598862937,NA,-153.9913277566921,PC1,-0.23476571797860574,-0.5942102897002389
2.7433830542074085,NA,-156.47535240673574,PC1,-2.092744345476753,0.2386903454063672
2.3268483524159724,NA,-153.373886129658,PC1,-0.5624494522585517,0.08170144714461178
2.3851861104910888,NA,-153.46498563907807,PC1,-0.7595555786803796,-0.49777857715748874
3.0367147551026594,NA,-155.64174514725744,PC1,-1.269497078522424,-0.5523628267351913
2.6277682842813386,NA,-154.11534543329742,PC1,-0.2669947488290768,-0.49040364912382567
2.2614275112743965,NA,-153.5231471324575,PC1,-1.651808348896982,0.8263521691482651
2.4099727530748316,NA,-152.73989544814862,PC1,-0.9362521014967808,-0.2906854393141487
2.3332798294008636,NA,-152.33755207220926,PC1,-1.1968312851163672,0.40387244969962344
2.470855143272288,NA,-153.72002678011788,PC1,-1.3282678092824878,-0.12483104895034544
2.3394359275421124,NA,-153.14388820185425,PC1,-0.8624366008039872,0.2740127627290899
2.2631363819963126,NA,-154.7648239538038,PC1,-1.5827748521125375,0.7474854804323039
2.312065142409015,NA,-153.13564618380244,PC1,-1.343622425474995,0.12956963342688876
2.6253566959972683,NA,-155.87818697003863,PC1,-0.7966669439752048,-0.9177235621786677
2.761338558167706,NA,-153.4532201865073,PC1,-0.5056518583232028,-0.6576839966646552
2.179447452412953,NA,-153.81570980249617,PC1,-1.3136095038560476,0.2209304970120326
2.228385133887096,NA,-152.4365883546721,PC1,-0.9040956824514788,0.07733878724684828
2.4959034692714495,NA,-153.30062202093814,PC1,-0.6177304111564187,-0.6095424861780812
2.5093775940184755,NA,-152.9861702747367,PC1,-0.7668368999345679,-0.48526072993137775
2.3642634336211796,NA,-154.21010042745561,PC1,-1.6022845841531959,0.6170820113329828
2.4143796974952823,NA,-152.38350929282507,PC1,-1.4058395708866982,0.3363252300024161
2.0325343551641613,NA,-156.31141973510762,PC1,-1.32484955185766,1.0506569522042053
2.407865437956098,NA,-152.389656821654,PC1,-0.9704223519855334,0.17739004244057718
2.743496844232904,NA,-156.7684587524015,PC1,-1.7505240559419586,-0.0819556304569897
2.5770426526783927,NA,-153.4035963303804,PC1,-0.38835937295268724,-0.3647329610973835
2.0697848180910485,NA,-154.6990229447309,PC1,-1.1855307620943851,0.7548603823739513
2.1295128994345687,NA,-153.56751967612863,PC1,-1.2323072328128803,0.5984582070340949
2.746661722908698,NA,-153.69231867187904,PC1,-0.9378725376941761,-0.03818207982740704
3.0352788079977215,NA,-155.69473369580388,PC1,-0.7955376582706385,-0.7887321400257764
2.5167934968228423,NA,-153.3344942019646,PC1,-0.5118686708882311,-0.415886594871701
2.668333019338686,NA,-155.52625091219147,PC1,-1.818360204572495,0.07649523621150622
2.827247452140178,NA,-153.5050006536071,PC1,-0.8898584022792118,-0.6016314394764709
2.5430373426355515,NA,-155.93585371593826,PC1,-1.2150432280866397,0.5650344746742227
2.2846299388474627,NA,-152.31509303754316,PC1,-1.0294114432073131,0.020387832771506798
2.485940135453678,NA,-156.36297705505305,PC1,-2.1307664530322357,0.5298038050480887
2.459072275037875,NA,-153.30142038485096,PC1,-1.3515569471403088,0.3410266010667159
2.306287983138223,NA,-152.1419847405709,PC1,-0.7776209851479662,-0.03033798067219991
2.320908301094118,NA,-152.45880652022973,PC1,-1.1073954228563654,0.3862041280595371
1.9616553038141065,NA,-159.14229177689418,PC1,-0.10320939831224993,-0.5961408050282155
2.0257271693578547,NA,-155.19872306126663,PC1,-1.4570709395133856,0.6767801058075376
2.5990440023131667,NA,-154.05639809044666,PC1,-0.7789975603086385,-0.6155548355445998
2.8879603405172394,NA,-155.4005371650794,PC1,-0.33282052951165036,-0.8353071085927603
2.6239195433056297,NA,-153.87837309570617,PC1,-1.2725648575196071,0.31398074384322483
2.5919137805911316,NA,-152.32907475688634,PC1,-1.134552958027048,-0.08357630007836606
2.5356048195523804,NA,-155.3646293840257,PC1,-0.9855661608562438,0.4308833687650234
2.634378387079039,NA,-152.87514752003193,PC1,-0.6420471551779898,-0.27024432019124833
2.916241029439362,NA,-155.60028766781528,PC1,-1.4009151126107047,-0.4773964996398591
2.3618628925342637,NA,-152.8540978402515,PC1,-0.4645897479013697,-0.46139007318485614
2.3702658121209352,NA,-155.11416758585952,PC1,-0.2765451093494525,-0.6835380315250351
2.1913074645881685,NA,-153.49478517529815,PC1,-0.6545096503933888,-0.15323054127115102
2.3699196295256346,NA,-152.23997429306016,PC1,-0.7522587090419599,-0.28530632217171253
2.4072337535695505,NA,-153.75423023811612,PC1,-1.6360382894010737,0.5981725929448071
2.505993024577978,NA,-152.81600029610217,PC1,-1.5121570963774544,0.34085682427844377
2.602086001606725,NA,-153.3069740954406,PC1,-0.9028633508232946,-0.016088743431226328
2.359405566589249,NA,-154.02338843109996,PC1,-1.1584191273484061,0.2874646413949058
2.1863001049390043,NA,-154.216866758822,PC1,-0.2175657107250434,-0.4248062728225485
2.3127606043053976,NA,-154.14909604912873,PC1,-1.4332027744073936,0.6382185120689958
2.39021146689926,NA,-152.64815669189903,PC1,-1.4022003828485334,0.1434755601042525
2.702626397483322,NA,-154.34800419916164,PC1,-1.2722798182924109,0.09996806415401929
2.374276147523817,NA,-154.48875359944694,PC1,-1.9893953098789272,0.943580510042371
2.4753132067011925,NA,-152.52311460077604,PC1,-0.4656419723633061,-0.42015580137453223
2.4667575057593205,NA,-152.34678913402922,PC1,-0.763382769546024,-0.22889632229004206
2.437883517285196,NA,-154.5681954282643,PC1,-1.7516761195395536,0.21938202101688153
2.5228639589339057,NA,-154.46949182026808,PC1,-0.9892196586491354,0.3071618130247693
2.3943216310584,NA,-153.14219951357526,PC1,-1.0047306471200685,0.3168214727061825
2.381898655080568,NA,-152.65614109073516,PC1,-0.4487838192433128,-0.27343164362855843
2.577672996435462,NA,-154.75028052805027,PC1,0.02350294424334266,-1.0121428868722215
2.284083765381325,NA,-153.73642007704737,PC1,-1.519155440735433,0.8443412398520137
2.4406605673853785,NA,-152.7725098227121,PC1,-1.2998792074081122,0.49625255877733465
2.6622625014156007,NA,-157.4430317170641,PC1,-0.9570084176888011,-0.9311028951282849
2.8201829590482563,NA,-156.69333342007653,PC1,-0.747229103884244,-0.1102882585789518
2.3839470568327963,NA,-152.57452994130495,PC1,-1.1407448850107227,0.38867782873828344
2.2952620686505987,NA,-154.02298089271338,PC1,-0.13774603023998394,-0.6336162651586378
2.3192742669209685,NA,-154.5544126836369,PC1,-1.327906924765284,0.2803921871913768
2.326513943108144,NA,-153.10733628294662,PC1,-0.45298866727937837,-0.22161474448783616
2.286808232789457,NA,-153.2693264015192,PC1,-0.34062105529815023,-0.4961806211793068
2.578784609008446,NA,-152.70171812354252,PC1,-1.233038690244985,0.04950424493027904
2.322092197217235,NA,-155.46511043434015,PC1,0.18148258972087275,-0.6665088296178171
2.6561089798865476,NA,-153.15029885636784,PC1,-1.1146149496463273,-0.32744605650190406
2.5263948872552495,NA,-154.40380424367416,PC1,-0.5234425531476845,-0.6915406676923908
2.655839158753442,NA,-153.537505855117,PC1,-1.302274154908237,-0.24021324449900056
2.4022867974879456,NA,-152.48228580131044,PC1,-1.2999406591067366,0.22525008935245838
2.3659882711971543,NA,-152.01974220588437,PC1,-0.8097245677007601,-0.07027518139278416
2.726585748139242,NA,-155.4639166063885,PC1,-2.2293965505865727,0.7880225500931495
2.194595701474321,NA,-155.81833425636557,PC1,-1.923948211688262,0.7270172303937075
2.4894315425674227,NA,-154.4977306639254,PC1,-1.98096026795359,0.4852362091543985
2.4343509235068326,NA,-154.33408585072215,PC1,-0.7354609428121466,-0.06273000852597471
2.594372987278563,NA,-153.20739738572934,PC1,-1.0504226940354333,-0.30048866176648203
2.406508065554785,NA,-151.93254988001792,PC1,-0.7372599451947262,-0.18541152401241934
2.707778732254896,NA,-155.58069425184792,PC1,-1.166313777826882,-0.641492554907566
2.1666850129188284,NA,-153.879194291307,PC1,-0.4770591068046253,-0.13333486221102284
2.3412087415064855,NA,-152.53157135830884,PC1,-0.9340542733214168,-0.19002894051197539
2.617870672704409,NA,-152.51054204165,PC1,-1.181594921407151,-0.05184642104444864
2.3469765935310187,NA,-153.8164337087048,PC1,-0.798712407746293,0.26850302043168595
2.7588086218643273,NA,-153.27661073647795,PC1,-1.375969443353917,0.008073672146992322
2.0639061812001067,NA,-155.01299801686173,PC1,-0.48372231373454905,0.09107968242258821
2.579433399734561,NA,-152.15449623267574,PC1,-1.044516280395052,-0.053543328949400504
2.785588778104229,NA,-154.21133010367973,PC1,-0.331608972781749,-0.7887168514034675
2.4664306702668357,NA,-152.1927141306202,PC1,-1.382585829491319,0.1917965828952496
2.1789053179518634,NA,-156.547492057361,PC1,-0.6933237072238951,-0.05575655817923472
2.4021648592564766,NA,-154.781026935509,PC1,-1.5058874055135352,0.9118356607788372
2.414316237080953,NA,-152.03229129657603,PC1,-0.8376131281006027,-0.1360176275121172
2.132511065890759,NA,-153.51559888831383,PC1,-1.3215474885515195,0.5610344854137771
2.5794089127197677,NA,-154.51606586845722,PC1,-1.242072533872234,-0.3703074249628355
2.424862063117674,NA,-153.03986042240524,PC1,-0.36229423862777976,-0.5840134264942786
2.376836578532922,NA,-153.04704570751144,PC1,-1.5432435799932147,0.2605814293532261
2.361989435010765,NA,-154.4335982587038,PC1,-0.07430369002251797,-0.3865320172122919
2.303532351793725,NA,-153.07108326335313,PC1,-0.9589789001869086,-0.14727806787387054
2.6271958494582504,NA,-153.17834776003383,PC1,-1.4744145290664112,0.01328486718412824
2.2270740636102713,NA,-153.60097123901838,PC1,-1.3840299025125544,0.7265334235865666
2.502535792294334,NA,-152.7991591869821,PC1,-0.8918781776729922,-0.38035228351439426
2.23505843671344,NA,-153.65867692316328,PC1,-0.3721752765151275,-0.47051738916257213
2.4113686438541766,NA,-152.14938481780626,PC1,-0.6999504944963928,-0.2599868002218426
2.7374849815260363,NA,-153.33775584489575,PC1,-0.9877023254889297,-0.5695450575808478
2.43073094112223,NA,-153.26413265867902,PC1,-1.4586272771203481,0.17257765734214095
2.4057842506579394,NA,-152.3422964308098,PC1,-1.024439834379786,0.09478401295767813
2.707559803424574,NA,-153.23756169478787,PC1,-1.3164685946592591,-0.21238262642619943
2.8517631029448656,NA,-153.62431768985172,PC1,-0.8404623010853169,-0.6196053586088005
2.332710077833411,NA,-156.89842801846723,PC1,-0.003461332394485289,-0.6099149928918269
2.1423389312782697,NA,-154.66501969982298,PC1,-0.5277786809521645,0.24951704013454207
2.589004163843702,NA,-152.14934729545342,PC1,-1.1835665629668652,0.10161729436696743
2.155859576564475,NA,-155.87824782160803,PC1,-0.1712795866780271,-0.15298174582817695
2.7701099305124055,NA,-153.001536232446,PC1,-0.9820735731611702,-0.4786202600057375
2.7863864745414215,NA,-153.97038261652582,PC1,-1.0173246098722166,-0.06596442968791537
2.578551389248657,NA,-153.4680053610859,PC1,-1.5364397383711674,0.09992846043786252
2.2701760045427157,NA,-156.75660786693345,PC1,-2.465961865108635,1.367528884736945
2.5145951364891355,NA,-153.34289031619926,PC1,-1.8320511296727469,0.6773939162081759
2.5291944010987963,NA,-152.35318239189192,PC1,-1.0837586115590228,0.018281962767462905
2.3855727656092203,NA,-155.09290172977455,PC1,-1.2602411898910155,0.24242644878493141
2.3939282320804773,NA,-152.00122622723438,PC1,-1.0441954403917149,0.13192477731549201
2.741486326590781,NA,-153.34783354766918,PC1,-0.8047830534796795,-0.25937998355142866
2.690578244150551,NA,-154.33054510982726,PC1,-1.7413519152929484,0.3713593046073272
2.1386963134710353,NA,-154.3128588384594,PC1,-1.1107492254940594,0.16409821105909633
2.495685584713652,NA,-154.28707675114404,PC1,-2.0835466931224413,0.8671819927019506
2.583903671126671,NA,-152.09416479143076,PC1,-0.83717507186686,-0.19921503551657854
2.3217478881515152,NA,-154.63284301541967,PC1,-1.3298249308000167,0.7078188350023054
2.4181371427269265,NA,-151.91013117754906,PC1,-1.090813896454215,0.13094664404679862
2.3781157454531017,NA,-152.296886543954,PC1,-0.82931488091845,-0.28929934127748197
2.7619985450626463,NA,-155.2370307639519,PC1,-1.1722057402377093,-0.2305638145575999
2.332878664634416,NA,-152.35616134861172,PC1,-0.855586789935997,-0.027923077063500445
2.9239471847548844,NA,-154.62579909532326,PC1,-1.036343103882745,-0.3795986607731108
2.294522206427714,NA,-152.19790360617583,PC1,-0.7822533813834218,-0.01437488007177111
2.325034358349151,NA,-152.15246116712927,PC1,-0.9782766095152943,0.1887806225297537
2.4716185734455003,NA,-152.62065780541087,PC1,-1.0525106548312608,0.2497917005603949
2.6594036195675943,NA,-154.18832477400494,PC1,-1.9459970862144327,0.5354805901505202
2.249871936985797,NA,-152.9641923256133,PC1,-1.3291233004124334,0.5084812000372665
2.7790838689008033,NA,-153.95400724908765,PC1,-0.7728840280524991,-0.7722926400001284
2.358217778924666,NA,-156.9896812606504,PC1,-1.942668151653204,1.011724494157406
2.578907596879862,NA,-152.81617901497262,PC1,-1.4489288202873796,0.42878343184859613
2.2158180268804775,NA,-154.6251937094203,PC1,-1.6988806884055356,0.49152679378277914
2.59379990727191,NA,-152.18535743533468,PC1,-0.9432485463300062,-0.06595489318191822
2.433201017418353,NA,-154.30063243826692,PC1,-1.209073491867877,0.660697859607003
2.244445777268465,NA,-154.732931598897,PC1,-1.2232127400072028,0.3748469123565224
2.925343871439658,NA,-155.2410603040218,PC1,-0.7168076717847388,-0.8267831278302946
2.457260565601062,NA,-153.51881290130186,PC1,-0.6020250969987561,-0.5933258874070426
2.541830972509931,NA,-153.1026542473288,PC1,-1.0688901314378896,0.29419585765698764
2.646381161927755,NA,-152.95280353976207,PC1,-0.8596020036014429,-0.324261541602714
2.3571473626457804,NA,-152.7574544926243,PC1,-1.378629166156058,0.27622615194863226
2.25638239453966,NA,-154.19956046913265,PC1,-1.5672440154933645,0.9022702297590124
2.3206739015559914,NA,-153.22548729134408,PC1,-0.6944032483144126,-0.3291472764223513
2.585754079420118,NA,-153.5589534048269,PC1,-1.4179343225068142,0.3919797997334
2.4281920422857,NA,-152.53298631495508,PC1,-1.121234367885705,-0.1262786973302751
2.5854502205727647,NA,-153.36506660584686,PC1,-0.6471115692220686,-0.6727373963076682
2.502179781257479,NA,-152.54739479042874,PC1,-0.8349369738215753,-0.14546697860566676
2.3258229433972173,NA,-156.46243841358267,PC1,-1.102739977593406,0.09038828716064007
2.2745893466367186,NA,-153.1570898037843,PC1,-0.4092412381396532,-0.17552498343946182
2.7320328678800934,NA,-154.41522120446152,PC1,-1.9562007126110614,0.39159451815330537
2.657276382419754,NA,-155.4607922051446,PC1,-2.1570141280747754,0.5521913761599188
2.1636602934023905,NA,-155.361925594891,PC1,-0.8421754586050803,-0.2033911099032687
2.3528778805191517,NA,-151.95680917250695,PC1,-0.7958460387883843,-0.10263363715514114
2.406681188591293,NA,-155.05396066960478,PC1,-1.4173387002874047,-0.09017349388937584
2.1846612363053457,NA,-156.21341887083173,PC1,-0.5053100714325317,0.13777735495353566
2.4907470080791865,NA,-152.50381321969297,PC1,-1.1152996170217662,-0.13502554246101772
2.536418931179881,NA,-153.31638709645185,PC1,-0.3224919108967506,-0.7988779089554792
2.7824831942638797,NA,-155.08476110388244,PC1,-0.10909558185076591,-0.9403880207694046
2.6473981883433555,NA,-153.81928930725468,PC1,-1.5711315571860553,0.24925734336176703
2.6984694763777393,NA,-153.21391320129115,PC1,-1.443516382282005,-0.11607439554683138
2.339713723572411,NA,-153.53434711705253,PC1,-1.173411119275662,-0.1218320298714586
2.436794870569187,NA,-152.11356656934896,PC1,-1.2716346715423281,0.09607504140128247
2.333297150513102,NA,-155.51332891750963,PC1,-0.9971598492922636,0.02422238736894534
2.883827079725394,NA,-158.70672948119534,PC1,-1.046223363042809,0.3379782468023549
2.3595654282700185,NA,-154.7436450794486,PC1,-1.1974601008518269,0.7539180938297687
2.4238050639028463,NA,-153.18582063476202,PC1,-0.5364729283240659,-0.4603476782961806
2.334065615172951,NA,-153.81941178289185,PC1,-0.4693261605802832,-0.620161681255835
2.661206310231976,NA,-154.43239185949227,PC1,-1.0857104785333407,0.22070364397891173
2.551295815685642,NA,-158.64572492049658,PC1,0.22622338020042548,-0.6676320191278158
2.400860867332663,NA,-155.27029105398321,PC1,-0.43783898669960303,0.14162057171260362
2.653588773994271,NA,-152.71190677052107,PC1,-0.7192128281188318,-0.6102949732537932
2.270907851007792,NA,-152.52298450232433,PC1,-0.7411107585515213,-0.13225521008813912
2.2058762597964443,NA,-153.85297314308477,PC1,-1.467579568664356,0.834150516587679
2.134173076090339,NA,-155.27091290144276,PC1,-1.5897937908082995,0.4184148609410277
2.5156577362337336,NA,-152.36667099037882,PC1,-1.0159962272455345,0.01138884665882442
2.706812072326031,NA,-157.286577588464,PC1,-1.7466912115240887,0.8929618296174868
3.013868561184077,NA,-156.46943223480574,PC1,-1.1177072620167514,-0.30675133075270555
2.7080141913384828,NA,-153.23373806841408,PC1,-0.5870158849475046,-0.6186580481029484
2.419777200449933,NA,-152.93634500407023,PC1,-0.6414728939990654,-0.3235093511722156
2.0782866670969593,NA,-154.2776035846945,PC1,-0.8425628831593919,0.28501844326852643
2.4341133677942715,NA,-153.4288216246194,PC1,-0.6125952287856513,0.028774822734897315
2.4082233794135495,NA,-153.62473070092625,PC1,-0.5153322221277431,-0.6979764443542928
2.804279773458776,NA,-154.39201191151625,PC1,-1.2587720027602183,0.18877897992313208
2.2550620246860817,NA,-155.8844129030471,PC1,-0.8910547307157014,0.1303073177165469
2.7572865163991147,NA,-153.29178438777583,PC1,-0.6614073311550394,-0.495644742700058
2.553064087286244,NA,-152.64765905268052,PC1,-1.0503959820938547,0.060504297873099785
2.164254528288097,NA,-156.39643723307967,PC1,0.21839198316548042,-0.5388035513879595
2.2917051667604205,NA,-153.71010463325032,PC1,-0.5340562034074156,0.050019108499704056
2.661469681825309,NA,-153.15383701126734,PC1,-0.887423006982473,-0.013978930770313314
2.4620020851032915,NA,-153.06248991538084,PC1,-1.2236248502165008,-0.1463661551812612
2.3045120561224386,NA,-152.05408292784605,PC1,-1.0144596200021854,0.12227321881845069
2.525067669806103,NA,-151.89271561641192,PC1,-0.8885950458494251,-0.11175197370447817
2.6163461719816277,NA,-154.5756387345615,PC1,-0.2398705380699675,-0.5972069605390669
2.484141642583365,NA,-152.39543405731297,PC1,-0.7265167247509504,-0.28137147177714206
2.7288248396588006,NA,-153.1377837880395,PC1,-0.8468931731903738,-0.45441579606001814
2.536023179654535,NA,-152.22304367073176,PC1,-0.795838177413754,-0.4371487480228445
2.5025762595568843,NA,-152.5210739672918,PC1,-1.543273990712549,0.3766813235599462
2.43177683815722,NA,-156.6760286525681,PC1,-1.4849515918486533,0.9099471002680106
2.687466711870606,NA,-154.90600232727274,PC1,-1.794129291690225,0.48504014999864026
2.71344694275694,NA,-154.0562844650602,PC1,-1.817033972187901,0.5587307653821555
2.3484486383001295,NA,-154.30677179564026,PC1,-1.9626707834319677,0.8991914272064814
2.4563667577459984,NA,-152.86473827018287,PC1,-0.7859562566967959,0.01291698441404037
2.3993005131584453,NA,-154.8986301162252,PC1,-1.842334014698697,0.8933319355212149
2.195318701646573,NA,-153.55066329103403,PC1,-1.048669588455773,0.419736671649593
2.6534940362800783,NA,-155.39759413567688,PC1,-2.2299305657556157,0.6999465360439604
2.1984846884362725,NA,-152.97975724547223,PC1,-0.9836448552432481,0.3558122619732402
2.571460762955456,NA,-153.01728086154918,PC1,-0.3914750547374014,-0.5116226132016922
2.421242833456435,NA,-152.6586066183645,PC1,-1.1316454625597963,0.14562398368021406
2.7123708008593788,NA,-152.85563698276258,PC1,-1.2370864781928694,0.07686471902519865
2.7482379261052636,NA,-153.69043895229464,PC1,-1.0706181984833476,-0.5528556325894094
2.657808837404714,NA,-152.4491123351733,PC1,-1.1775886321724127,-0.22099952517976526
2.1682189268237577,NA,-153.14283504469162,PC1,-1.130757988368703,0.48578697897427964
2.46175719314015,NA,-153.79403102822207,PC1,-0.1279602302357455,-0.7900837253160755
2.5339384136212932,NA,-151.8614496687739,PC1,-1.01892744656472,-0.16590425244323365
2.434000520245614,NA,-152.93802018496325,PC1,-1.0415382455430315,0.01662208898040507
2.4556115637613707,NA,-151.94605020487137,PC1,-0.7039981926379728,-0.2268377526814957
2.206205511910907,NA,-155.50981607490868,PC1,-0.9641044401778388,-0.03555724297190115
2.6642777708043934,NA,-152.83876781207897,PC1,-1.117480540031853,-0.3552437676985483
2.664134995509203,NA,-153.88305644549715,PC1,-0.9471330980193564,0.04993221222114258
2.5726593512259637,NA,-153.09217082406843,PC1,-1.4690038059243937,0.49670030549022903
2.2949532085414672,NA,-152.30331478298444,PC1,-0.8692605232936121,0.13247079018372815
3.0128625452510907,NA,-155.86847250487074,PC1,-1.6922283238468006,-0.09652529442720861
2.2447450644370206,NA,-154.09965520656792,PC1,-0.7738124320627799,0.2879943155894647
2.387522897362007,NA,-152.69579761621944,PC1,-0.6736791188109515,-0.4658786208932029
2.2727422607498777,NA,-152.89230517715762,PC1,-1.1639504496422761,0.18464762957512423
2.4933661938196368,NA,-152.54879128832928,PC1,-1.2382746918326666,-0.06695603109278181
2.492903838530181,NA,-152.30385885598912,PC1,-0.9694169002958587,0.07941357110944983
2.523707198168701,NA,-152.57424261723975,PC1,-0.9020232349642888,-0.43880755400830496
2.52713090732928,NA,-156.26309150086857,PC1,-0.4256562869115044,-1.082562346541781
2.557980067246172,NA,-154.5972820076394,PC1,-1.0604769954307462,0.44616406411655546
2.6285227278652417,NA,-153.36199049183796,PC1,-1.2482253157844685,-0.2714031877637586
2.5065377288183415,NA,-152.75319046848264,PC1,-1.4537452185416921,0.5101487894915493
2.553844788971435,NA,-153.34765129489742,PC1,-1.6839135422950224,0.3239440188732847
2.600949101944477,NA,-154.8835828840603,PC1,-0.017663135925064466,-0.8795761563474377
2.3319569693134663,NA,-152.6147771370573,PC1,-0.8087566072810608,-0.046017620035679954
2.5619121166634105,NA,-155.73310392452933,PC1,-1.2911100287355282,0.08300745539738452
2.6358580323450176,NA,-154.1167060246501,PC1,-0.29553231490756526,-0.8630777843141146
2.5243387726825204,NA,-152.68227965211966,PC1,-1.5931586535177389,0.27853286752361284
2.6474379510347137,NA,-153.67941370107604,PC1,-0.9517991860899658,0.10823136474683537
2.387760722793727,NA,-153.03581410154513,PC1,-1.5156058229189115,0.6904433583974502
2.193186808432326,NA,-153.57041856456368,PC1,-0.8994495195236845,0.2892995680687472
2.3043448087524405,NA,-154.06580362389326,PC1,-1.8820795021903152,0.6887801667702056
2.0203498155560324,NA,-156.50109536077073,PC1,-1.527886952704176,1.1119285889771626
2.417295190957364,NA,-151.8467311309233,PC1,-0.8982759270120932,-0.08071378794421329
2.777107781054404,NA,-154.27468059860982,PC1,-1.5808891992295477,0.0183796079890868
2.158111471697889,NA,-153.07983115298254,PC1,-0.8190626058764544,0.129191223123898
2.565361532833485,NA,-153.46656532788333,PC1,-1.2759791144650363,-0.2530227440209724
2.655042559770746,NA,-153.11135795112307,PC1,-1.050109201798722,-0.46268114839626595
2.41930927992997,NA,-154.00104186560355,PC1,-0.6803662473348723,-0.6607330997347389
2.5027436959433844,NA,-152.48685972417277,PC1,-0.7013229011547647,-0.49193954578587296
2.4039321501049105,NA,-151.98557637768863,PC1,-1.089582784190487,0.11955041178149559
2.5691160406033187,NA,-152.43925913819874,PC1,-1.0896441163472508,-0.25602245664266193
2.1715770700830386,NA,-153.18971392357398,PC1,-0.5721275401956218,-0.14829764664798353
2.3227891153534532,NA,-155.75206715232798,PC1,0.14275080630108064,-0.4690924600138074
2.4936187179961435,NA,-154.47177170231362,PC1,-1.559060499523246,0.7078081552742863
2.1403964668388906,NA,-153.94768568922547,PC1,-1.4474168826001474,0.4935099467920718
2.400185535810917,NA,-152.6841427729412,PC1,-1.1113356677922297,0.31124958328206387
2.318165617256405,NA,-153.67077141191893,PC1,-1.809088926268963,0.881781104631574
2.582606567451897,NA,-152.2827443104476,PC1,-1.0617857056130384,-0.004289733236537991
2.119217391181326,NA,-155.46700716734776,PC1,-0.7311609232517593,-0.11960056286372883
2.187302946197014,NA,-153.40936533499342,PC1,-0.42702815974943464,-0.13125156878668032
2.5657876410919624,NA,-152.6235459564948,PC1,-0.6419591757845022,-0.6107688245506893
2.513923203420559,NA,-153.5713648959099,PC1,-1.5496849481017798,0.04984639134302846
2.4585224497393714,NA,-152.37885145023415,PC1,-1.5080931433582057,0.3828694152527131
2.30654470677145,NA,-154.4500880463939,PC1,-1.1389550301465492,0.6329418336369782
2.5214717428574724,NA,-155.12967812920047,PC1,-1.5073194778923087,-0.05495213329245477
2.3582228492200166,NA,-154.1079223610789,PC1,-0.620670609163961,-0.07520292009232937
2.629025546075338,NA,-161.22066897471794,PC1,-2.915750782698364,1.843308700274033
2.4922004595223988,NA,-153.2649121806315,PC1,-1.2319756964252506,-0.2380637156347195
2.380235293876003,NA,-152.24597261857966,PC1,-0.7424428037893352,-0.2615431034490895
2.5336530724467714,NA,-154.61548545239106,PC1,-1.3763953427961313,0.5675990667201113
2.026396830196183,NA,-155.50519964389812,PC1,-0.6835405375627723,0.4582717670223676
2.2930120596006,NA,-157.53033174917547,PC1,-1.8619270227176319,1.3685575830145784
2.2468619123074753,NA,-153.56144368433417,PC1,-0.47254871908433016,-0.07157112438010865
2.373145670478553,NA,-152.32344742454197,PC1,-0.7343066116791824,-0.3378229280580713
2.263355367855692,NA,-153.12687514775584,PC1,-0.9858012494506191,-0.1436883849789018
2.4041399203279763,NA,-154.38023648699075,PC1,-0.8860615604522809,-0.5154531140165799
2.8753432062679147,NA,-154.18470480009495,PC1,-0.8863869460724988,-0.30895507386382864
2.497540294634641,NA,-153.27381357739876,PC1,-1.476025568857654,0.4377006047109737
2.533520117014664,NA,-152.78653848189597,PC1,-1.6023624315775598,0.4348274896721099
2.7610024647798723,NA,-155.4731819915458,PC1,-0.14940198227120924,-1.189714741833044
2.5435891391817727,NA,-153.36197226544866,PC1,-0.6267292469443576,-0.29521506206772535
2.191934794237883,NA,-166.33384452788846,PC1,-3.0887283308140603,2.7457405700439135
2.4756493257111845,NA,-157.30962946626948,PC1,-2.536659866016926,1.5097817246606506
2.7310190577236546,NA,-154.03726748407232,PC1,-1.16817206636698,0.14689406534289567
2.6456272317807095,NA,-153.2860454655642,PC1,-1.4755078089647016,0.42040117991197273
2.5190081147339005,NA,-156.11702185032166,PC1,-1.5190966636384855,-0.011876600434613124
2.529824715227771,NA,-152.67381989751195,PC1,-1.207239526833662,-0.16333279558278085
2.2881072746235307,NA,-153.2112189887516,PC1,-1.5060455416521323,0.3765351587901751
2.6516831594819688,NA,-155.42462972561248,PC1,-0.6039089939636235,-0.7064257996192544
2.268406554271922,NA,-156.34401049618893,PC1,-1.6483356896823604,0.7466618146176678
2.1970529299490758,NA,-154.49066308228822,PC1,-0.4468669656882134,0.15736766492777715
2.7004753541949356,NA,-153.96390964304686,PC1,-0.4413413964108752,-0.7475263377746333
2.2840812142773532,NA,-152.31701276926583,PC1,-1.0293274118108213,0.03224238887990877
2.470156324100751,NA,-155.31604274359808,PC1,0.15591163653576393,-0.8209720378897063
2.4203486621283052,NA,-152.54187223386398,PC1,-0.49393860271766193,-0.24809085890142923
2.3014322354444814,NA,-153.71585087377497,PC1,-0.37441775039318986,-0.2647042358701803
2.234012545215914,NA,-154.53421109969395,PC1,-0.4414910249674733,-0.12330617101092471
2.5601114845190227,NA,-154.98272478672496,PC1,-1.3154903113508631,0.01643986923468585
2.003064018661191,NA,-158.02987209014378,PC1,-2.0367329598242234,1.4155537532209261
2.611332851109628,NA,-153.32474613771834,PC1,-1.7619061474621749,0.4909760864456469
2.814005334807943,NA,-154.30611052980234,PC1,-1.0279868993201624,-0.002140840734936811
2.3906429814263137,NA,-153.06629933413453,PC1,-1.4257343183969182,0.1515848851429234
2.8044890933620605,NA,-154.46847774690332,PC1,-0.8838862316878651,-0.3964237725255497
2.721485488463057,NA,-154.34394830192878,PC1,-1.2550135183295652,0.248873362958138
2.4191835205151477,NA,-151.9604661589863,PC1,-0.8972816738868237,-0.042618177010708594
2.581418832723895,NA,-153.42130431813786,PC1,-1.1859082740175317,0.05521298309736149
2.5943337898777896,NA,-154.5237325251753,PC1,-0.3409207173525635,-0.7067013478363926
2.2793923446949216,NA,-154.32818044838507,PC1,-0.9578466647623477,0.1593674209324525
2.4846905556062344,NA,-154.81499266294713,PC1,-0.15573819406955586,-0.6971885616971053
2.6618821548233944,NA,-152.39020335425644,PC1,-0.8539259778781181,-0.4401542029816261
2.397217753988743,NA,-154.40734354601437,PC1,-1.8135500507894886,0.8385741723192651
2.6952285917937466,NA,-153.36323382706638,PC1,-1.4640231831723163,-0.04922522362854603
2.6933901025374385,NA,-153.62388042108074,PC1,-1.3929699622319767,0.3669281596614693
2.6248761163294216,NA,-152.80862244792243,PC1,-0.7682387366029366,-0.32737928431315927
2.4868091127134258,NA,-152.80806353136214,PC1,-0.5690183794308633,-0.2674371316066599
2.3094293368990204,NA,-156.481052969085,PC1,-2.3091993085843505,1.2280639712884573
2.1603352336358097,NA,-155.52473947107802,PC1,-0.5931704210418028,-0.05786364440278436
2.7167856832843733,NA,-153.36414352124206,PC1,-1.4009387700164493,0.15562337877719779
2.4695112877929386,NA,-153.2355062848574,PC1,-0.6721656594368708,-0.21215445578023737
2.387452525828439,NA,-153.03210062595858,PC1,-0.38400188944859204,-0.4083003554762686
2.3308445905934123,NA,-152.8300273040152,PC1,-1.2361273460112436,0.012911414207450365
2.478463138099381,NA,-156.88726227028585,PC1,-2.423630468187786,1.2883077187749754
2.553155660691795,NA,-152.06462290953965,PC1,-1.0577688688116647,1.2447421913528572e-4
2.3887182796379296,NA,-154.84130116749765,PC1,-1.454581924023555,0.8976458350133271
2.6040899998793794,NA,-155.34468229340445,PC1,-1.8482737334027346,0.6770184763477948
2.1745188909104125,NA,-154.98033939181943,PC1,-1.6858245306628854,0.7707836344272859
2.541945070490885,NA,-152.6749309059123,PC1,-1.0301517771307185,-0.34944347547597926
2.3840434680193607,NA,-152.77660163689367,PC1,-1.2311056189041714,0.2974201716553653
2.581332447087804,NA,-151.9317114548965,PC1,-0.9930251456062584,-0.15639099810820978
2.3505951051454583,NA,-153.61682127600062,PC1,-1.6269694920312625,0.3285173147330288
2.515221600792836,NA,-151.81003377289605,PC1,-1.050362012032296,-0.042681984127898615
2.0394878568419554,NA,-155.8204379392128,PC1,-1.5933914786796488,1.1086375744685075
2.514356956683994,NA,-152.29386630489984,PC1,-1.2496283917384798,0.15063523591609596
3.0201944283762523,NA,-160.31323401129748,PC1,0.2936289780458147,-1.3402707091108366
2.4177806272286904,NA,-152.3009748269692,PC1,-1.033146689207515,-0.14060404396280304
2.4594366839081667,NA,-158.3820227528259,PC1,-1.2882131096770784,-0.5452911525932613
2.9412516097102186,NA,-154.48511890178207,PC1,-1.2628450225325007,-0.22372704234549254
2.396282252317847,NA,-153.56420933934987,PC1,-1.0574402341197386,-0.16678463044437192
2.113078612786276,NA,-157.06136766585772,PC1,-1.637942735901777,0.858037800653481
2.434318562101737,NA,-152.35576870470362,PC1,-0.7200780228705147,-0.1630720474886437
2.1801577987705745,NA,-154.13475142815133,PC1,-1.385403366773743,0.29094650904172686
2.3456809010620234,NA,-152.36022666094112,PC1,-0.6361770730501455,-0.2080741493774562
2.4995223991193685,NA,-154.7910283554213,PC1,0.09214066835310422,-0.8449248914307863
2.746743950473692,NA,-154.76934069384475,PC1,-1.3669839440690834,0.4213571720216812
2.738653355640892,NA,-153.03440715255098,PC1,-0.9012896685927252,-0.1891926665612818
2.830328390499029,NA,-154.9561704998035,PC1,-1.7690228892852204,-0.00877070789638143
2.3318945472573738,NA,-152.2149041626634,PC1,-1.1130159769222903,0.29047087320646886
2.494542795560292,NA,-153.9438891595397,PC1,-0.6672400747536091,0.06395334180445764
2.402334607489602,NA,-152.13269163042278,PC1,-0.6263902007306196,-0.3365541237356019
2.416867692655815,NA,-155.1362820028359,PC1,0.12161172311207505,-0.9480212855912475
2.4622262394272143,NA,-156.1701101376473,PC1,-1.7600929744123217,0.07231356163085573
2.1831641971050533,NA,-155.0537293011432,PC1,-0.3975619746075153,0.1838782608552162
2.7213325014834377,NA,-156.74152140793518,PC1,-1.2175485359502407,0.06419444469419507
2.22395024365422,NA,-153.14911467864627,PC1,-0.6953798437685442,-0.26844923753173044
2.419937258788258,NA,-153.4544373947633,PC1,-1.350353258725612,0.6543489022084201
2.235836188675982,NA,-153.07412688417793,PC1,-1.4613841655595592,0.43489243848292736
2.5513262944791744,NA,-152.79400202417935,PC1,-0.8529415007293927,0.020154374924243802
2.491896250638599,NA,-152.48482609032823,PC1,-1.2578373227976458,0.3735198502184083
2.6061445995023194,NA,-153.3048615853412,PC1,-0.6647140049815934,-0.4838328172565203
2.4017387175401756,NA,-153.378721962273,PC1,-1.0420460316257432,-0.030842509605916273
2.452053366751387,NA,-153.24799592423176,PC1,-0.4911317373359899,-0.3401297621421873
2.6274010557379563,NA,-152.91891997970347,PC1,-0.9382185400083929,0.02694908174331412
2.7356869460528754,NA,-152.89061544861946,PC1,-1.0386951931635313,-0.33712179847338636
2.617102197669347,NA,-152.0722526679158,PC1,-0.9156598541622639,-0.2770952403601958
2.4748138473362924,NA,-154.8939967431779,PC1,-2.215492069375209,1.012058398562304
2.2801217610651356,NA,-158.65744259129482,PC1,-2.5268654377043114,1.832622794509825
2.362417829880553,NA,-153.39176459804153,PC1,-0.5624083801907861,-0.14502700978193067
2.615362446404269,NA,-153.42935817237986,PC1,-0.304635290066478,-0.7129456974198475
2.4630363591863538,NA,-155.65972177654962,PC1,0.013437608951361028,-0.7615265925662442
2.4642224857611317,NA,-152.67411247486075,PC1,-1.5572992958608793,0.4599486110519995
2.6061268598933913,NA,-152.66314079786633,PC1,-0.5117223927485108,-0.6164268814226974
2.5175901590432423,NA,-152.59984648214186,PC1,-1.0219044192553142,-0.2661629540273272
2.5431333401160443,NA,-152.31277121319619,PC1,-0.8484950511092956,-0.057907941363703044
2.8173401125443553,NA,-153.63515457200018,PC1,-1.031923892011121,-0.16544534705555025
2.756513006797247,NA,-153.5439395656006,PC1,-1.3099116716309895,-0.21406457360311051
2.3664691336762393,NA,-153.30126471403563,PC1,-1.705516550524012,0.7938894193739269
2.644023670212017,NA,-154.07587601075812,PC1,-1.0896834867209018,-0.5548615584104237
2.4972238733280716,NA,-151.99705912301252,PC1,-1.054321054457476,0.11491633058632861
3.040715207154446,NA,-158.4710203515732,PC1,-0.23808630149575788,-1.3302353382632934
2.4358923932299588,NA,-153.31719767535324,PC1,-0.9676903920254999,-0.035177914593863546
2.3887452369946653,NA,-152.34796808724766,PC1,-1.0619668948946872,0.250759254655445
2.1847177938831712,NA,-153.11181684747402,PC1,-0.9973493664921497,0.3114457977924087
2.694131231685546,NA,-153.72938494906128,PC1,-1.4921585043727084,-0.12405650274980765
2.129503089408171,NA,-154.8989244548044,PC1,-1.2078723479833646,0.841667224016324
2.6237921768608694,NA,-153.05155319745964,PC1,-0.5650867918674272,-0.3435590852006147
2.072927426278644,NA,-154.76529468594842,PC1,-0.7126740053667335,0.12684362026040533
2.387371250662434,NA,-152.3768696291728,PC1,-0.9321566654878324,0.18474010583789116
2.3457802954551554,NA,-155.00133845032732,PC1,-1.328379049417087,0.5206937710882853
2.5029495606808565,NA,-155.24289220494924,PC1,-1.4230897537302611,0.7408951404248176
2.5128334301494752,NA,-152.73238194402617,PC1,-1.6050150343414669,0.34242910734374915
2.6166075442944967,NA,-154.8723458887822,PC1,-0.44946519822616726,-0.7947256757930932
2.804997776351254,NA,-154.12129150136482,PC1,-0.8445146424527795,-0.5331614955494859
2.5230122412541935,NA,-152.65327708661067,PC1,-0.44638307274770184,-0.4098074654053564
2.4589086697174283,NA,-153.35206911008885,PC1,-0.786317467815655,-0.131452714289947
2.1208001145345277,NA,-154.35418202392555,PC1,-1.329747312587663,0.8172160456689069
2.582606567451897,NA,-152.2827443104476,PC1,-1.0617857056130384,-0.004289733236537991
2.530830108452822,NA,-152.8629774960833,PC1,-1.0059602361789777,0.12523971035194315
2.8062921725310175,NA,-154.82106941543975,PC1,-0.48520168029160465,-0.8495838028758523
2.302408439694948,NA,-153.90100806089364,PC1,-0.9597927706373588,-0.3223807177018271
2.5118800136047432,NA,-153.06952014621746,PC1,-1.5318810406128447,0.5795297435923433
2.746616856908104,NA,-155.6786550166321,PC1,-2.161213870426431,0.6912950866374237
2.4435020063888615,NA,-154.6951623182845,PC1,-0.4847580707510065,-0.1122533542981762
2.365678620255415,NA,-152.95760940080453,PC1,-0.5288494981173977,-0.3403528448958562
2.182463056589175,NA,-153.17544496600118,PC1,-1.0400008189944894,0.46193732657864994
2.7403869564079812,NA,-154.222564757868,PC1,-1.221982422810478,-0.39041687530477787
2.4754562541261205,NA,-153.29665895439962,PC1,-1.6420112387779635,0.6646956105157038
2.7404137892486022,NA,-152.74759657559824,PC1,-1.2046615533347078,-0.20152389986395813
2.4384542674119793,NA,-153.30938788108355,PC1,-1.2971562622362063,-0.009726214138922943
2.216254446574928,NA,-155.32483552570724,PC1,-2.1080709960128003,1.0596798708833879
2.4206773603289657,NA,-152.57821806644148,PC1,-1.1977870744417507,0.42037923085491724
2.367737128698909,NA,-154.27264535020294,PC1,-1.4358124054941581,0.41501873403317596
2.4585359144153633,NA,-152.41217599483744,PC1,-1.4672113618951308,0.3509854974108841
2.6778210384145114,NA,-153.65020730311215,PC1,-0.36832090289618225,-0.659365269616206
2.2575070859862945,NA,-153.54666654768792,PC1,-0.26732411701724024,-0.3555317587113743
2.6407097901633505,NA,-152.59024606319474,PC1,-1.3932674974645172,0.18442204664224982
2.3024104294989063,NA,-152.39493788739603,PC1,-1.0510765336082637,0.14148589374618137
2.198393380335993,NA,-152.95540184090265,PC1,-1.2803863091726067,0.38610849839476347
2.5087377646912397,NA,-154.30544214875118,PC1,-0.5538498204887123,-0.02354083013852916
2.3085111213002247,NA,-153.73455025663077,PC1,-0.6810274069148515,-0.4928159218018721
2.4763549185547973,NA,-153.6184040449645,PC1,-1.902297439259321,0.8033363489726283
2.212342423598486,NA,-152.9375457734554,PC1,-0.7784031404820039,-0.10863026601122837
2.6392043259924853,NA,-152.6840246497618,PC1,-1.3664244718790761,0.16092224718587125
2.5668548390777426,NA,-152.6546321496163,PC1,-0.7581322206488769,-0.5234871803135248
2.593240567948927,NA,-153.01343843699365,PC1,-1.274549835456428,-0.10520510352099238
2.5791212642235832,NA,-153.22256025171012,PC1,-1.4892265604813164,0.5286315490915169
2.619542527942214,NA,-154.15235871113433,PC1,-1.7991850706925931,0.6361186686800655
2.366880364164805,NA,-153.2599181359887,PC1,-1.4205803121875709,0.7018651961046106
2.280893110773409,NA,-153.29713746120984,PC1,-1.4652210772541188,0.4763628146878288
2.2311077059049893,NA,-152.51753415349472,PC1,-1.0621907604151202,0.20437080692781368
2.0721957763808057,NA,-155.19841563116665,PC1,-0.594783249637651,0.13520754705497828
2.1816955103543116,NA,-153.65969239551256,PC1,-1.07769812695281,0.5714386637457359
2.650124202697895,NA,-154.02465919021012,PC1,-0.20264639747031454,-0.7159777914012513
2.702492401069699,NA,-153.9840919279658,PC1,-0.2777838941400323,-0.762326577049085
2.7624318790516833,NA,-153.99071414452263,PC1,-1.6069941309868907,0.3422376064542662
2.3997981897815044,NA,-154.45686648103398,PC1,-0.4847725187822197,-0.5286924407886276
2.4910647523698914,NA,-153.33429485315756,PC1,-0.41460576610113786,-0.6848573940623761
2.5483489253695075,NA,-152.81142382743494,PC1,-0.9965449053334122,0.06261135094860383
2.571694686566295,NA,-153.4905579836702,PC1,-1.222356661758378,0.15547111899875737
2.615740064760253,NA,-153.1348568851258,PC1,-0.9730239235597224,-0.5237288367198547
2.3204190465103274,NA,-152.32711784023167,PC1,-0.6526100697942063,-0.06609130126820445
2.909345223266262,NA,-157.95842676098115,PC1,-1.2740050330623065,-0.3849107281279137
2.271703634332667,NA,-153.29495837058826,PC1,-0.7326690842130107,0.08641629417737065
2.516645706486548,NA,-152.71062954290025,PC1,-1.62776208954186,0.33033840415139143
2.476662826146155,NA,-156.35210362700067,PC1,0.21237604636704888,-0.6603468048099067
2.3450873329139093,NA,-152.29850155228658,PC1,-1.2578653359456238,0.36009082298985945
2.532038146637738,NA,-152.58197458729273,PC1,-1.1717103126899187,-0.08064936892662533
2.413245577127164,NA,-155.87169088960707,PC1,-2.3475197812651647,1.004689420814741
2.0444404803157012,NA,-154.94823512049453,PC1,-0.43060319162099314,-0.23270761085730213
2.316268733474799,NA,-153.3721762133958,PC1,-1.545629171603265,0.2960794671325598
2.205308911957536,NA,-155.27057483667463,PC1,-1.4287917612816905,0.10655848773826343
2.260157729447593,NA,-153.66619195442937,PC1,-1.4487390381685814,0.6315670679113663
2.4770114582638323,NA,-152.52853836493588,PC1,-0.8345763774840825,-0.03298184493227594
2.4517219472380125,NA,-152.23834037032663,PC1,-1.1006739327322634,-0.04535362587512576
2.3950704748324187,NA,-152.64648521760031,PC1,-0.7899137940691837,0.033525942282786755
2.579384371147846,NA,-152.50063189208458,PC1,-1.075344276960345,-0.25488655700996893
2.5726461036831436,NA,-154.85325221476512,PC1,-1.3850598329477832,0.3026823033720877
2.1803384910413652,NA,-155.02095668133379,PC1,-0.20590997147818624,-0.1603007412355942
2.218368093360424,NA,-154.76022109529532,PC1,-1.0596240977653255,0.6304370934067797
2.4194615858034934,NA,-153.23702489172032,PC1,-0.28810876853925,-0.5729147316496
2.347674448535151,NA,-152.19111883534322,PC1,-1.0723184686299265,0.002533026810899161
2.4782789052412717,NA,-151.95670957085903,PC1,-0.9125219482564927,-0.17330981232452974
2.2889328649951577,NA,-152.66077044865722,PC1,-1.272449949273948,0.3806141311447686
2.146066754977665,NA,-154.47950546635983,PC1,-1.5363545920780406,0.9501375816574866
2.49338964563551,NA,-151.9500597090903,PC1,-0.9034063105905401,-0.03709911159376575
2.4926130286374244,NA,-153.32754557048827,PC1,-0.9010524101964217,-0.11587998665336985
2.2111199877671766,NA,-153.47710801827503,PC1,-0.6845634239596896,-0.29516634207865555
2.1002610399360964,NA,-155.40047632779923,PC1,-1.2781268999719235,0.3564393265144924
2.7370633596503455,NA,-154.63656184854304,PC1,-0.929786164612138,-0.5741902469625497
2.994416275657471,NA,-155.33925871103054,PC1,-1.4244182014527065,-0.33375475916901076
2.3915671500167877,NA,-152.38283626893625,PC1,-0.8184877733977014,0.11655829432918141
2.383090363985657,NA,-153.06868232317416,PC1,-0.711788008753335,-0.2913797864480249
2.6406244637571787,NA,-153.93370093540187,PC1,-1.0773894344323778,0.21418722135022772
2.691880870140734,NA,-154.55130168248306,PC1,-2.0110245335696595,0.4297280898940887
2.1088310573316544,NA,-156.35261356295632,PC1,-0.0679252397893145,-0.061489891466635666
2.2414599465710676,NA,-154.0081636806124,PC1,-1.138079798669607,-0.030781290911093752
2.3922005193052693,NA,-153.12779113302295,PC1,-0.42191240824175213,-0.5848927988391042
2.290694671107333,NA,-155.86408962157952,PC1,-1.698816723106133,0.41139036630983894
2.255548094262073,NA,-153.96568428521002,PC1,-0.6042619422053805,-0.08202689903693122
2.6264696078429637,NA,-152.58940897815393,PC1,-1.0542290447386309,-0.08047532225209383
2.5351174400456546,NA,-152.85303020476914,PC1,-1.5224268156730576,0.37813149423837267
2.1615306094063835,NA,-153.96129779196926,PC1,-1.5949439425695942,0.8385510290657459
2.5322583308322315,NA,-152.3038644874782,PC1,-1.011962771662044,-0.27616286943335755
2.560315845063139,NA,-152.12078899931376,PC1,-1.093520946873581,-0.04466530105683483
2.4584428672500978,NA,-152.57110075744242,PC1,-1.3832497874392726,0.06307770769018563
2.178596214934375,NA,-153.33724053296265,PC1,-0.6650526768838945,0.14571248838967843
2.297364209119744,NA,-153.22285980222173,PC1,-1.6166011561593394,0.7492948537936082
2.3615966908346233,NA,-152.00102389796143,PC1,-0.9572339592325388,0.044014318294413046
2.178521724395319,NA,-153.07525793136452,PC1,-1.0851123692948303,0.34606322116527155
2.662072161074257,NA,-154.97460466204979,PC1,-1.9490623090162518,0.5259016056061095
2.4406145588247306,NA,-151.8211932910712,PC1,-0.985553587880302,-0.04615204622462852
2.7834985683073907,NA,-153.08533740797887,PC1,-1.2139642490742852,-0.14360740829635016
2.201426748467311,NA,-155.12643028239202,PC1,-0.3678285964184224,-0.5948187426420559
2.5281710248624503,NA,-152.50322634651815,PC1,-0.9759770444493228,-0.333135095786368
2.1989490623024612,NA,-153.74068641499562,PC1,-0.9523020256915605,0.4556143901287495
2.420567166172239,NA,-151.8596826483767,PC1,-0.8137511450379759,-0.09655590120975502
2.0456643205120297,NA,-156.25304015989232,PC1,-0.4046026220621191,-0.1038614524136493
2.335872590160081,NA,-153.25730620561202,PC1,-0.5046451983439068,-0.5158713694264756
2.301642457290539,NA,-153.36252311253133,PC1,-0.6100774741785436,-0.48332355365152735
2.369940090705124,NA,-154.89110154384923,PC1,-1.3488100156690501,-0.08789295237797595
2.398046401515262,NA,-152.9888897763022,PC1,-1.4223841184406671,0.4014344486724738
2.5280337415595073,NA,-152.18177881442384,PC1,-1.2929079374468238,0.11335159032473557
2.4865090331307362,NA,-151.99601747487583,PC1,-1.2418442675840877,0.0727491042131777
2.3017966806657646,NA,-159.63264775776986,PC1,-0.41782216581338,0.5428273860681373
2.5009512413136505,NA,-152.29256929624478,PC1,-1.1065685503361637,0.013741041505935525
2.447058647995257,NA,-153.166745602629,PC1,-0.3169392418033965,-0.5609175595606999
2.668434771624893,NA,-154.57993571991182,PC1,-1.9024696913137378,0.4076919373910196
2.9573414499753814,NA,-157.2972762080852,PC1,-0.543373425862747,-1.3047622113006214
2.3573455079041383,NA,-153.0578306372291,PC1,-0.9865330176152987,0.20455275914510962
2.930800596982251,NA,-155.41078769351927,PC1,-0.7451537645327572,-0.9455291409702578
2.3350208362897655,NA,-153.09383927079847,PC1,-1.5872160871975582,0.62659022548132
2.3371838920722454,NA,-152.08367574613317,PC1,-0.9928614961333417,0.09011265925024378
2.5001029471873326,NA,-151.8620432518661,PC1,-1.0174279171198273,-0.016949511616385415
2.73098980936073,NA,-152.9658660062995,PC1,-1.3586060590799693,0.0676711317489952
2.1702619218943138,NA,-152.8318548191027,PC1,-0.9503524487946263,0.21322650392424997
2.815729802402437,NA,-153.92097701192162,PC1,-0.7786164936651353,-0.3196610239445261
2.2691245810503076,NA,-153.58626436226962,PC1,-1.521569735121755,0.345638226390825
2.3757086844769733,NA,-152.60037906066913,PC1,-1.1510641371571073,0.35455985687307645
2.477834574911276,NA,-154.7946757392286,PC1,-1.4596111406662582,0.11467387194119119
1.9963120128985152,NA,-162.92451327351625,PC1,-2.7190468298389567,2.205889383934183
2.3562102724021723,NA,-158.42080963245286,PC1,-0.9780443089901423,0.8935992919063692
2.386742494296637,NA,-152.95732190190324,PC1,-1.4826094169389936,0.23463707470259
2.5978833583174055,NA,-152.36965236686578,PC1,-1.3844872025995458,0.20915482561334248
2.2406852577086007,NA,-155.0145939120279,PC1,-0.5443492839186813,0.3172313028938061
2.271576273280973,NA,-153.0318876532876,PC1,-1.097659822639855,0.3042613509358362
2.621538455805482,NA,-153.20475349662226,PC1,-1.7409864222262192,0.443500563519381
2.794227232329539,NA,-155.8175550168048,PC1,-1.6895694226721198,-0.11338510634413235
2.479582838298339,NA,-152.47749893970902,PC1,-0.5139217811078146,-0.5455889159125288
2.2112766653122846,NA,-154.0858592969243,PC1,-0.8116934205689333,0.18155850192390946
2.2098845622040195,NA,-153.3455624407378,PC1,-0.6266908472624546,-0.1886073537976128
2.522677644922764,NA,-151.90441130356368,PC1,-1.2020041534110453,0.09995507489297267
2.233699159690611,NA,-154.80544676876448,PC1,-1.43180639104362,0.8882291026123753
2.4431039369457084,NA,-152.80245409460434,PC1,-0.8537706599828181,-0.12081023313400778
2.954829450003917,NA,-155.72704591268044,PC1,-1.67243297497915,0.29263069431137173
2.5384682992731107,NA,-152.18738201434797,PC1,-1.1267446382377744,-0.11105533573221893
2.577949740319127,NA,-152.45287578101997,PC1,-0.5574292876496129,-0.5559064627245294
2.290164657990439,NA,-153.85049000372337,PC1,-1.215048571282568,0.5365053450843773
2.61274598379324,NA,-153.14626175249413,PC1,-1.66697289385437,0.39181497128462206
2.677753208765064,NA,-154.87247641417216,PC1,-1.219804070626263,-0.5311989503095773
2.3237215641023967,NA,-153.33556232198652,PC1,-0.39334201851913836,-0.3432014269155688
2.564656036163788,NA,-152.53538707191692,PC1,-1.0127041014967018,-0.3640819594610484
2.553591705981791,NA,-152.98066731146898,PC1,-0.4043917571270748,-0.4895198866734762
2.4131106152879638,NA,-152.96889813297403,PC1,-1.4440028354277117,0.2688670120796228
2.476662801483495,NA,-154.00230508808875,PC1,-1.897611637352217,0.4688242376294469
2.8478381982878993,NA,-154.84371779679745,PC1,-1.4950964452728768,-0.1819700021396113
2.5480642629190684,NA,-152.2476036954448,PC1,-1.3683078879745265,0.06258566808250296
2.377092875588577,NA,-152.43041616131387,PC1,-0.5393210082585127,-0.19074877390693554
2.2651120876552557,NA,-152.43272373192949,PC1,-1.0447237309277206,0.04481902439770716
2.2294983030410886,NA,-154.6857100231164,PC1,-1.8306833648058283,1.0831402879085275
2.5246462534413974,NA,-152.13434735411494,PC1,-0.9483933466498355,-0.06374163424552112
2.409211422315322,NA,-153.9398123243192,PC1,-1.2756423723538195,0.3243275654900802
2.4799725480270407,NA,-152.84902555446791,PC1,-1.4017015031846272,0.12577470696224086
2.520264726914317,NA,-152.9813330274674,PC1,-0.5347209008665977,-0.28238712158580465
2.6650641472757486,NA,-153.01505555491002,PC1,-1.234980951453488,0.13394920063719662
2.78726564504734,NA,-153.27145503254096,PC1,-0.9698159409870658,-0.5432788646939731
2.5122781398784295,NA,-152.25135566568318,PC1,-0.7210249510095076,-0.1457760543038662
2.020766726288478,NA,-155.60897361572512,PC1,-0.6475213620773542,-0.1944922609792959
2.2131072262287614,NA,-152.9830878856261,PC1,-0.5749585711663463,-0.16501679118309792
2.692764370147767,NA,-153.83546350915893,PC1,-0.5690593857915746,-0.26764029687841007
2.867015998323421,NA,-153.76401216819056,PC1,-0.7838806319147634,-0.5417400442680997
3.0185048684751172,NA,-157.7198435298194,PC1,-0.5137284143016219,-1.3133129797578496
2.5504725568325877,NA,-153.64731207540933,PC1,-0.6888861603742359,-0.36680450510113505
2.2466042926657277,NA,-153.93007627987194,PC1,-1.4000986840998193,0.20307960078134094
2.239680802033914,NA,-153.48224484244452,PC1,-0.2877174425770224,-0.35769159409004664
2.623299976308423,NA,-152.1488356932711,PC1,-1.1995677734188308,-0.04192723625415396
2.167877341395232,NA,-155.403251729924,PC1,-1.0200902995680086,0.039426812103070585
2.5512911746277998,NA,-152.07310368455597,PC1,-1.0341822776951872,0.01112028384437
2.5539233617799932,NA,-152.93510199027858,PC1,-0.929574788733001,-0.017733427596786627
2.4133351163015093,NA,-155.21426086501754,PC1,-1.5728577508491373,0.4693730402087033
2.676673897675814,NA,-153.27175096197587,PC1,-0.45918273730659404,-0.5833707344814603
2.7939328139546338,NA,-155.58685982819404,PC1,-0.8003168051541432,-0.30118428692529287
2.3561936897624634,NA,-154.2681602799699,PC1,-0.7700860110162256,0.36191483609390657
2.5457641359006473,NA,-154.96738690821505,PC1,-2.075764090277069,1.043829555317992
2.5448772673374385,NA,-152.50428285328758,PC1,-1.246207416683116,0.292624697843024
2.2944127978808835,NA,-158.5203862438573,PC1,-1.1749451831159743,1.0747303406376592
2.7062982410465746,NA,-153.01646992064664,PC1,-1.0145455857612606,-0.01836894746016668
2.4245671269973097,NA,-154.0928004923929,PC1,-0.6451662762252866,-0.7007512904404596
2.5598298065373157,NA,-152.15221742133556,PC1,-1.2345605348488573,-0.05332984072472946
2.4675686434049466,NA,-154.37584137950685,PC1,-1.4276510891172387,-0.1481123430861676
2.3376236201332214,NA,-152.51704928140686,PC1,-1.0516169057641591,-0.09333284249185482
2.603524614089622,NA,-152.43607323881142,PC1,-0.9539810905140355,-0.40475423000657484
2.600706112395063,NA,-152.079909386286,PC1,-1.1730403189330931,-0.08636913793725134
2.8568057243807696,NA,-154.39033122579932,PC1,-1.519760866501631,-0.20345732147870327
2.8187538161859296,NA,-154.76581489410083,PC1,-1.65686158269499,0.16768891913975703
2.4451329276384706,NA,-152.30721923773254,PC1,-0.6594220950573096,-0.448533068417494
2.7114980125410875,NA,-152.64402353155322,PC1,-1.2687401053494973,-0.03409948626553669
2.096767002528069,NA,-154.00674763459057,PC1,-1.1131769298443237,0.4333806083084863
2.8661287528854014,NA,-154.30590562989653,PC1,-0.7554909555093032,-0.39934822024865557
2.511100411584513,NA,-152.04594041074512,PC1,-0.7916103350353182,-0.3340777847235433
2.299335292039439,NA,-152.35484025103005,PC1,-0.9053379850673048,0.026307189764419633
2.1943907098116116,NA,-152.95263007036195,PC1,-0.6299357535883416,-0.020849285377259046
2.4158238333668423,NA,-154.16668127567047,PC1,-1.884985556634644,0.5835329668786182
2.6905066957490855,NA,-153.43973445361524,PC1,-0.9066254904036587,-0.244659806082461
2.376858368808557,NA,-153.31504602057475,PC1,-1.1278238004161498,-0.16339512003458243
2.47162111973982,NA,-155.10368019991276,PC1,-1.4678451580398544,0.10425512906789214
2.4138927419765,NA,-153.71764929418595,PC1,-0.43635337737605195,-0.5505896916860278
2.3556947694743133,NA,-155.17304016661257,PC1,-0.34134663545040067,-0.3956442274080099
2.479157103675375,NA,-152.3084911291566,PC1,-0.8785367048326822,-0.16843564249237036
2.331324061915157,NA,-152.74009293217057,PC1,-1.1865598229116947,0.25680773511869265
2.7035327354199135,NA,-153.18019626872643,PC1,-1.1234889666669527,-0.4298553515632142
2.531378803422134,NA,-152.10265059007884,PC1,-0.9306290132706362,-0.0017026097675551556
2.1140575349856876,NA,-153.80210954465502,PC1,-0.7341737668284227,0.16583716154683678
2.4218530671308405,NA,-152.95803472855317,PC1,-1.1685066739193775,0.3935884558594241
3.0205806074563855,NA,-155.20633542087435,PC1,-1.2190839505398534,-0.48529209181224053
2.321354131398849,NA,-152.13495081086288,PC1,-1.1630503010885216,0.2968336985649876
2.5727021743699403,NA,-152.753929235174,PC1,-1.5050630169527817,0.41056527690696143
2.9259738004736575,NA,-156.52084537195725,PC1,-0.17689512741522698,-0.9922657030229856
2.228165251305571,NA,-153.2733937360874,PC1,-1.5187388191644253,0.7015167249072474
2.2698084440682322,NA,-152.577341011282,PC1,-1.0173514380713935,0.18201100358780284
2.3370162900125093,NA,-153.61777321804195,PC1,-1.518578548039163,0.4125626821667641
2.0141512927947223,NA,-155.4075741719795,PC1,-0.7032536798693482,-0.11777332165282764
2.4993605888304526,NA,-152.61183727506844,PC1,-1.3279784910106809,0.25015739818476745
2.79716065384582,NA,-154.92040818693317,PC1,-1.7045320943478781,0.48217494141621853
2.5650056642058767,NA,-152.4908941313028,PC1,-1.1523080719590868,0.13355277552917943
2.677485524396273,NA,-153.01422329697542,PC1,-1.2302342996485613,-0.13614930410691467
2.199529224125442,NA,-154.34289152880592,PC1,-0.9272561049966057,0.5059991680549504
2.7811013574531183,NA,-154.04076424419455,PC1,-0.5033546294555535,-0.6123810625616057
2.416301129637721,NA,-154.2369499706373,PC1,-1.4668729050120792,0.038935092232775415
2.1563031677643103,NA,-153.45475239823622,PC1,-0.9021688866485533,0.4003613890417542
2.527719892477532,NA,-153.02966363700673,PC1,-1.5479182545444612,0.5758083050238683
2.569950070093107,NA,-154.3578828805492,PC1,-2.0081494786995457,0.8720894605658671
2.3036683727292635,NA,-152.76472662961726,PC1,-1.3906685305228523,0.34635236569751393
2.6579967135601805,NA,-153.1045137961016,PC1,-1.025655799103673,0.09271504943010277
1.9968133909225112,NA,-155.8242609053062,PC1,-0.71066393586244625,-0.1254671447845532
2.6349360382023743,NA,-152.67253781105717,PC1,-1.1916954986219428,0.0791256760373201
2.888755370394891,NA,-153.8675041978944,PC1,-1.0481580020234502,-0.3629128070397887
2.6550123254342606,NA,-155.49153911452967,PC1,-0.7386009355243779,0.15489406071662942
2.378440942955505,NA,-153.5990010582492,PC1,-1.2555751797704764,0.6315457492212198
2.445499077028244,NA,-153.9251463111827,PC1,-0.8433404945570294,-0.09499612454064715
2.5997926247274425,NA,-154.14099204672368,PC1,-1.70409056497802,0.246858838986607
2.450976763070169,NA,-155.50882241031036,PC1,-0.31310536480301926,-0.869543072710323
2.8149086168348587,NA,-153.37745637419732,PC1,-0.9112172423955496,-0.4088277272660943
2.451411313690655,NA,-153.64261686740016,PC1,-1.0828637455347294,0.4419524624978627
2.5246634376855246,NA,-155.3069948059571,PC1,-1.4763385733616028,0.6249180988010518
2.2227559376313453,NA,-152.65486250581603,PC1,-0.8354778892643244,0.004203970986830882
2.3818375731989394,NA,-154.77756356686442,PC1,-1.9387831887963036,1.1084944043774112
2.563966820055213,NA,-152.6799410060704,PC1,-1.1373352484297194,0.22755063568547398
2.3561510590106667,NA,-153.96021392376923,PC1,-0.17762102626850074,-0.7577225416920884
2.6909612210614475,NA,-152.78686998797852,PC1,-0.6587570703930248,-0.42246573205761817
2.445151342535768,NA,-154.58632260469167,PC1,-0.5879218110027657,0.17762240544974683
2.2098300410241554,NA,-153.46769759129404,PC1,-1.4703079332082298,0.4018510322490382
2.3189995440866222,NA,-152.80304887687032,PC1,-1.220081327490061,0.17566446108476103
2.4131626902158656,NA,-152.2048201769277,PC1,-1.2638216264748348,0.09040928791956851
2.352748846613443,NA,-152.61804302661523,PC1,-1.2574473322537472,0.3181244774331793
2.3767977894716403,NA,-152.22774203674257,PC1,-0.9213352890259885,0.1779446783046763
2.3875302855670393,NA,-152.1503750597587,PC1,-1.2106593514215918,0.17849895265589097
2.455836456815521,NA,-154.09343015449625,PC1,-1.3628139912273163,0.12276380541294449
2.593085466353793,NA,-152.61660498929572,PC1,-1.1674565793008223,-0.04518234101825755
2.093249909449567,NA,-157.30688776644178,PC1,-2.0730134828250413,1.3452396440343786
2.240659185367073,NA,-157.73960676954704,PC1,-2.5198422491223456,1.4572573918891025
2.3744572159558333,NA,-152.2847377723305,PC1,-0.5729725344508763,-0.21527789983660958
2.842218878571581,NA,-154.1720165671526,PC1,-1.4267417317860482,0.0019551659248358694
2.5131266268984938,NA,-152.91873454124791,PC1,-0.4871779098426271,-0.6008984740736705
2.5719888626081464,NA,-153.128639089359,PC1,-1.5085063817818327,0.26365151406551657
2.311065339316628,NA,-152.5494972648509,PC1,-1.062529552608205,-0.038641364040642084
2.3919881207388616,NA,-153.56965771282105,PC1,-0.5341183006979036,-0.16184771188175748
2.362583171626459,NA,-152.49614710190852,PC1,-0.7024296423789185,-0.2416035438703253
2.5442453158157026,NA,-155.39014896340794,PC1,-2.209468892361034,1.1359254781528463
2.68201726000466,NA,-152.49162818625558,PC1,-1.160197958030679,-0.04273520836334628
2.55743156667199,NA,-152.11540266410253,PC1,-0.803027389698051,-0.265584706458127
2.453159671012386,NA,-155.91535752515915,PC1,-2.10969997217663,0.6937557310085386
2.572079561582339,NA,-153.3575016674627,PC1,-0.30910422312622793,-0.7262806906182344
2.4520450212919416,NA,-153.42078249865148,PC1,-1.404342072250031,0.5404579374298221
2.3643500332147362,NA,-152.4685780926162,PC1,-0.6022543987038596,-0.3226660986545075
2.707915648406946,NA,-152.9723564569684,PC1,-1.424886038562552,0.0031800744527698196
2.231817953888244,NA,-152.78483854799276,PC1,-1.019196662830914,0.06684947880277292
2.5124732541457657,NA,-153.8050212578236,PC1,-0.3073636510073076,-0.8549234088198727
2.48304735353418,NA,-152.399105785208,PC1,-1.361958950590528,0.4106304316245166
2.7712504691518407,NA,-154.87692612910675,PC1,-1.2751052440194361,-0.09542218583615239
2.546925587529365,NA,-153.51444260161836,PC1,-1.352617314736662,0.09647534062378517
2.5555433920590267,NA,-155.20610892223036,PC1,-0.6508838069517671,-0.8815239751272697
2.299713362500274,NA,-153.91409091935319,PC1,-1.2418041502671209,-0.055588664264753986
2.3425599094729574,NA,-152.85065389717215,PC1,-1.589523748091702,0.47398299984378284
2.2886000680413923,NA,-152.63029311154352,PC1,-0.9502269036373046,0.09465494681020904
2.243746590834585,NA,-152.82800156078298,PC1,-0.7756589857079002,-0.20100522203776922
2.617371398919007,NA,-152.44317585751426,PC1,-0.6246800922021871,-0.5084035031115909
2.6624773080843744,NA,-154.97286258701752,PC1,-1.544181769509235,0.24530890023517876
2.4025520806994485,NA,-152.91352796662784,PC1,-1.6722579287322772,0.48870984069640655
2.592610830322218,NA,-155.6132295608129,PC1,-1.6632765435354222,0.9191501493118868
2.9297729608344065,NA,-156.04384978397113,PC1,-0.320764060773845,-0.870648514353512
2.2968954054369832,NA,-154.3587998845576,PC1,-0.024734016441029752,-0.5228290890986795
2.324018006665504,NA,-156.63526463200785,PC1,-0.5093376676742185,0.38237486877554017
2.3731897885256674,NA,-152.57553142176798,PC1,-0.8856129588366891,0.06903067951179792
2.9906059694435294,NA,-155.4035743783703,PC1,-1.296580832253993,-0.4328979673558782
2.577796000654834,NA,-153.0784257119408,PC1,-0.7648987632105314,-0.5529759831300891
2.519351016842735,NA,-154.30299268512508,PC1,-0.31131123809177563,-0.5662079946999479
2.3992680582236123,NA,-154.55219338840075,PC1,-0.1438740128944683,-0.6015212034712039
2.566438559925646,NA,-155.2804801410131,PC1,-1.3909401017227356,0.6807710072829726
2.535948883635356,NA,-154.3021469122274,PC1,-1.9258737132889079,0.760463110305514
2.5881546267545272,NA,-153.26885473903192,PC1,-0.38057321657140875,-0.7492491338448002
2.807248506863974,NA,-153.90052843157832,PC1,-0.7171082012071999,-0.38970638302151844
2.3568745959388484,NA,-156.7980747264063,PC1,-2.4589753973703807,1.4252689715818387
2.5461507736434705,NA,-153.78597065927727,PC1,-0.7414446343712724,-0.6340155955554272
2.1944024607847896,NA,-165.76667716646207,PC1,-3.1258365320283827,2.7109614897986885
2.4469907512368327,NA,-156.91071167199303,PC1,-1.859318329606424,0.32015945308497007
2.2275846882945367,NA,-153.3585733848156,PC1,-1.4933982299162059,0.6460139898298487
2.1709890237440366,NA,-154.27955111889514,PC1,-0.34154745346249016,-0.03223273525166016
1.9980981945913339,NA,-157.98000419558855,PC1,-1.5133886262107075,1.3327535280080756
2.3918549316624276,NA,-152.00501031708475,PC1,-1.0498750096913019,0.09842283762225695
2.8513810139683233,NA,-158.27223935002348,PC1,-2.285536085425382,0.41216664227112704
1.9869665522633033,NA,-155.46486673126188,PC1,-0.7347682485823335,0.40043415155284223
2.661957683713527,NA,-154.29071873668153,PC1,-1.724033539776383,0.052806362950097066
1.949391056621366,NA,-156.751687319756,PC1,-0.6028650284447367,0.25908060668380184
2.2873741800903806,NA,-153.32009744769192,PC1,-1.3232473878542432,0.6371363214680386
2.304612510389416,NA,-154.81077344716581,PC1,-1.9039559578385605,0.9918154180979797
2.6206175203806805,NA,-153.92533263778358,PC1,-1.3185573023931434,0.40173696914148166
2.574128393926125,NA,-155.05952721444035,PC1,-0.8366437804651696,-0.7830804095598529
2.570922142059977,NA,-153.4274039540801,PC1,-0.36753060661510195,-0.5462345235425963
2.2243575297975626,NA,-153.89401357557486,PC1,-1.0490721839142456,-0.036998522161172276
2.373139195334293,NA,-151.84658192488183,PC1,-0.9585518174277592,-0.015474346269979705
2.456444967941136,NA,-153.91981631216493,PC1,-0.4988293143758721,-0.07237073374110682
2.6009790399519215,NA,-152.61815592896681,PC1,-0.8712797736519311,-0.02731249747934708
2.4658020657138158,NA,-154.6436320093421,PC1,-1.3820765050916175,0.3175575563977724
2.3703246819493087,NA,-152.20596527546883,PC1,-0.9012369903464983,-0.052204794667087176
2.272886231470616,NA,-154.1867706922132,PC1,-0.5093306355436747,-0.09612270933124029
2.653889037361587,NA,-152.57807244312022,PC1,-1.412669665969691,0.08908420325081726
2.660108678204855,NA,-158.60925384758136,PC1,-0.6787259319176226,0.13573941822865557
2.4235912794274226,NA,-152.98833269878938,PC1,-0.3110584306894888,-0.4039064586259342
2.416932675631644,NA,-152.5271396628305,PC1,-1.2427109522968156,0.4093786668060867
2.7073391935646764,NA,-153.26566054214948,PC1,-0.9670069650231392,-0.009813437839639838
2.2724241969178176,NA,-152.49944922088588,PC1,-1.1369048584977055,0.3814477589667784
2.387818599546163,NA,-152.54917854725997,PC1,-1.294059383304303,0.49189631758299585
2.9954464719215643,NA,-155.25407388688657,PC1,-1.4399526810338072,-0.3037683426449045
2.208005852684341,NA,-155.3342958024493,PC1,-1.3048858003051325,0.3182499292169405
2.4853156050292453,NA,-152.82429989304083,PC1,-1.5756458271733322,0.3865136562901243
2.661579561527988,NA,-154.30074038998518,PC1,-1.7485691806372372,0.12504940759159194
2.4447742079215837,NA,-153.4877599045229,PC1,-1.490511165963996,0.6769996974939015
2.322840700289529,NA,-153.80808434361353,PC1,-0.5265724870133737,-0.5650658587041794
2.3854377324416105,NA,-153.0562734100776,PC1,-0.853937137468158,0.27326430274047164
2.5408111158888596,NA,-152.6261069233349,PC1,-0.8531857208268793,0.0016422157552132416
2.3379221551036053,NA,-153.01979591783774,PC1,-0.9236902524029902,0.28679242088242246
2.533511981731991,NA,-152.34324530724325,PC1,-0.9498659584703661,-0.21379341499697188
2.4735371738917378,NA,-152.63138710231433,PC1,-1.3418710180180162,0.4100655850401823
2.8174157295499858,NA,-154.72404602104848,PC1,-0.9170463741109361,-0.5017789529985021
