r0,ba1,lp__
4.662301701234569,-0.010612478014384167,-553.1466760819615
7.1786352073653665,-0.017476176326461354,-553.3577922176261
5.657713094863335,-0.011194351719414262,-554.9125509853006
7.569674111187819,-0.01664927640303934,-553.9589826326711
6.017034012889143,-0.014287014357193473,-552.9870928964699
5.2330319321987435,-0.012411027915582268,-552.9948378877951
5.242683923870788,-0.01160629454829782,-553.177535715686
5.256357472128232,-0.012140870191433124,-553.004448926751
7.5535150521015,-0.018331400269653922,-553.5448604456615
5.444422997330645,-0.013574387130323847,-553.1359277369805
4.997435827949909,-0.010436868040757174,-553.5483791882143
2.8701043357224396,-0.002820132597985749,-555.2617417719922
5.488926020883446,-0.011233127167777829,-554.1495052629805
5.183480416580499,-0.012067133767830371,-553.0005964589407
5.116367199008968,-0.012146320698095988,-553.022621779934
7.811817983770276,-0.020000475380729927,-554.5576939906852
10.038128875433118,-0.02153348874796715,-555.0615057580268
4.893543608432212,-0.011589758312264109,-553.0955038322948
8.533567391609818,-0.020594927192172822,-554.273795830054
4.45500106670842,-0.009640737748141575,-553.2685490887216
3.905257028186586,-0.010127513262889857,-555.2733893717901
10.60892924736929,-0.0243546742127425,-556.0657203701647
5.8465856691027565,-0.013914452694340074,-552.9686533031606
6.391964129683293,-0.015243764062058915,-553.0476948619131
4.479467750366097,-0.01223752076349622,-554.9833858193623
5.775386533222723,-0.011763099220213413,-554.4811729101408
7.957442542250144,-0.017209248272448463,-554.3282573669567
5.596617343379574,-0.014394376440271701,-553.3849182483663
4.5702330724628695,-0.012367815626610674,-554.6933131260234
3.292424697477014,-0.004707481985183881,-554.5632006682928
6.808362299933418,-0.015046903735414195,-553.6752896305744
4.493866059320029,-0.008706874366870721,-553.8810556506982
7.774961936845656,-0.01640076868405308,-554.7922632236305
7.250133447481453,-0.015580872461281139,-554.2607234617773
4.686703362942181,-0.011211121720938563,-553.2469773624404
2.2539047915078276,-1.6970857944956816e-4,-556.8410761475438
5.371255369308156,-0.012709968496414488,-552.97356458892
8.681574388279529,-0.01968641836449115,-554.0556793881253
4.736879379256309,-0.011859797392369531,-553.5046322136473
4.1620109027620735,-0.01003829476111118,-553.8883756175779
3.9578698327468067,-0.0058829765800584915,-555.5651923826199
5.562882881887538,-0.012594185373328215,-553.0995658824851
8.41585186482754,-0.019226605274180627,-553.8984991797959
6.239842367719925,-0.015121359501041884,-553.0309266404767
4.767754021586164,-0.010448823645626524,-553.1837455189998
4.150747807424863,-0.009770592739750833,-553.7318586549536
4.73003583621921,-0.010623257211329729,-553.1299532309722
4.353955451199255,-0.00917297435032355,-553.3556050516072
5.351384237756023,-0.012209699392592713,-553.03942409481
6.513996839239667,-0.014872408920621588,-553.2523095183287
7.082834530049962,-0.016109783780882778,-553.4373280788404
5.75351868804166,-0.014610132796907925,-553.2493152926099
6.006644986526258,-0.014930966486852238,-553.1010556160376
6.9475927111443205,-0.0161865357077449,-553.2469813913848
4.657268713853851,-0.011070510735662096,-553.2411190046488
6.979200229302404,-0.01572619778827633,-553.495699588057
6.89503776669748,-0.016316694916945495,-553.1892381531079
7.0327984253507845,-0.016114820809894743,-553.3652548101168
2.141711823927658,3.5972923906587597e-4,-557.3103194956949
5.470505882376362,-0.011257667726126816,-554.0510775507576
9.965130801178399,-0.020785051646560897,-555.4197166338066
6.5110562671814485,-0.014711725885475889,-553.339422494638
5.079309538660377,-0.011160459707093532,-553.1933374587076
7.74786050779223,-0.017339144480402757,-553.7885677854395
4.241640581841038,-0.010957863770030059,-554.4797755215834
5.882893771157158,-0.01324388655887309,-553.2051108896412
6.304273211799084,-0.015996552719177413,-553.3261371011154
5.806252099694602,-0.01427859301783161,-553.0323131451617
4.438730353651167,-0.009609538485464895,-553.2729796325045
8.15383793390104,-0.020652321683869376,-554.7380240946682
5.457155956839533,-0.011423107093205761,-553.805464157547
7.235057499103283,-0.018209160976318396,-553.7040169406433
4.632380487570415,-0.011382193251247806,-553.4467298294427
6.020063213203138,-0.012819188316010227,-553.9028133789899
5.356810919511536,-0.013121327411989918,-553.0561512310684
5.035503811182364,-0.0129978737000776,-553.5992960111784
5.986139600680863,-0.01339230823929903,-553.2855260832657
5.603758850483375,-0.01349455521251223,-552.9726280319991
8.618293221643407,-0.020796096380819803,-554.3588205371362
5.37515096404332,-0.012760592964551211,-552.9745112215044
7.862566074991023,-0.019257634648984688,-553.8476099947203
6.597621457575297,-0.016684657241619737,-553.3974093185892
9.805715413170327,-0.023610134329931406,-555.9711024861218
5.98946283027749,-0.014156466118135806,-552.989506469479
5.268424416793433,-0.013484909135830347,-553.4032338568549
6.013300833630331,-0.01498303262505313,-553.1167185405362
7.849162520816888,-0.017532958528046736,-553.839012899122
7.246517984159802,-0.016287628921924254,-553.5970977994577
2.8463508876384847,-0.005446412815992819,-556.7868077933898
2.5902432112525062,-0.002704506461568444,-556.0103431158636
6.035438365848807,-0.014982119750362401,-553.0962895712186
5.391447105488925,-0.011431962987152293,-553.6089007029883
4.927561480606561,-0.010101729200242245,-553.6845057891038
8.400994892912019,-0.021362455829152218,-555.1924661025568
6.727335879189797,-0.01470228522031661,-553.8076826760716
5.30631392587225,-0.012199796366654185,-553.0136939568658
5.765917463272192,-0.014584358362322452,-553.2144718552638
4.684154528977922,-0.01059418847002292,-553.1384017745655
6.389571128127942,-0.013202989381135127,-554.6729747778198
9.086298267186711,-0.0205771404759238,-554.2924783506777
5.932522337404545,-0.016279152406282374,-554.5057445635229
4.5971704973807626,-0.01022383438857691,-553.1818754152414
6.634432243234115,-0.016582614971634237,-553.299535601507
4.720869754799888,-0.008687903897074009,-554.7630904573497
4.416525558410228,-0.009483586825258749,-553.2950983407293
4.905920875591188,-0.011756824306365956,-553.1249919341212
3.847512571943274,-0.008012758214157105,-553.7149887117272
5.720208473416837,-0.011838842856225142,-554.1596972892572
7.4050750224698225,-0.0187667536550812,-553.9404684755485
7.581119625648459,-0.020077155765021077,-555.1446601284249
6.065859860183875,-0.01362282477676991,-553.2733294018667
8.303409567816354,-0.01831706194744696,-554.1190869530228
5.83986277494865,-0.01329151134929814,-553.1183024198601
8.00694133338723,-0.017487142230449677,-554.1777638530941
4.09587708518174,-0.010058611946930633,-554.1656932585045
5.866332351929745,-0.01320243809688984,-553.2034641956379
6.4810055394478825,-0.01622260075256774,-553.2557216319015
5.374598797835518,-0.014727477527162495,-554.400785356995
4.233630376942271,-0.009333891708029458,-553.387910369753
6.791772722094787,-0.017697658554844613,-553.9353375863948
8.720556177279335,-0.019493951109532556,-554.1427461240805
4.07662630927373,-0.010282219713699,-554.4941172250157
4.000432971165932,-0.009229144137902559,-553.8518237373487
6.089690674269469,-0.014789176503991914,-553.0121326073956
7.080964192907126,-0.015586371191355168,-553.8126171608717
5.4220795904354695,-0.01052228044083302,-554.9894813696877
4.881594212481126,-0.009292004872795329,-554.5390319247135
3.8309943181852586,-0.0054165819484576746,-555.6570994176196
4.2880132810309535,-0.00920962200806539,-553.3459533398225
7.095827767819297,-0.01708022033321004,-553.2736937078807
8.138901192252394,-0.020234266280894878,-554.3302936075622
5.526010538708331,-0.014642569051014293,-553.7844069377849
3.8981613170311906,-0.007589396935208471,-553.6812178632324
6.887446080871438,-0.01740060890536896,-553.5301376997638
3.7890890433404025,-0.006269693071673096,-554.3202004866635
5.4903191976196375,-0.012697995937939115,-553.0004165710262
2.805438493294268,-0.0035480958560433792,-555.3423042493322
6.267880726842226,-0.0160087450021765,-553.3859167652947
5.390278512933669,-0.014279331622044445,-553.8016489008924
6.52139554592295,-0.016768071001217178,-553.5661761389377
6.993293648048817,-0.018866343671437753,-554.917208559507
4.600144719560302,-0.011178926513359843,-553.4011464585627
8.604953158181566,-0.021010707002694386,-554.5355412533319
4.925101269108254,-0.01168416008181279,-553.0861450994254
7.650611733349943,-0.018523740345829206,-553.5890937037203
5.723396310554301,-0.01283535308790117,-553.1954287957084
3.7834332932671697,-0.00884747877078536,-554.406077995414
8.297813641797815,-0.019170055407185038,-553.8185924776632
3.9985527909328074,-0.009316489539805054,-553.9176861070665
4.506218965048669,-0.009758004073233245,-553.2533401667833
5.5990212580444325,-0.013416742364688362,-552.9658747902434
5.619227203555401,-0.012956025853866878,-553.0198552494261
4.24222401280907,-0.008251387059436665,-553.6887631995386
6.659830132079845,-0.01726599533755581,-553.762502618275
6.467961034244224,-0.015293068822996159,-553.0745840537696
7.481810334574401,-0.01685434930058896,-553.6419000133467
4.0326763198147475,-0.009692367342549644,-554.0892875540699
9.97601589640077,-0.021777977698555166,-554.9206192539114
6.727382410771758,-0.016049356582424443,-553.1329969717314
4.778410223470359,-0.013045009644271788,-554.629168334326
5.624352782257785,-0.012936770222810425,-553.0298898537851
7.497499986211366,-0.01854594090302198,-553.6798947379207
7.1860740605176225,-0.016143344991887954,-553.5855852432602
4.994208265132627,-0.012881771668957587,-553.6150606697402
7.826137358033774,-0.016668092233569593,-554.5939893269817
9.378635791352828,-0.020616253070033782,-554.5572400327763
7.687017289563483,-0.01765631371232959,-553.5622918888785
4.59770043413034,-0.011607293183153499,-553.7136005453501
6.354332619473386,-0.01610590138245746,-553.3302990423686
6.056604140396323,-0.015207965219571892,-553.1775330886701
5.119007449303838,-0.012266974285061658,-553.0418059469596
6.805200306752055,-0.015379856017674434,-553.4178056132212
8.764148538990229,-0.021792134800673144,-555.1435563570508
6.594081062176583,-0.017574903728149474,-554.2413112945612
6.034853346912769,-0.01288795296491963,-553.866712687502
6.613395556070505,-0.014782347415440648,-553.4784818778423
5.864795605818389,-0.015764150335983475,-554.0513050075884
5.711190829822278,-0.013589612224873813,-552.962002219118
9.406288129127367,-0.022307459980440505,-555.0005075652361
5.410657872418234,-0.011475072673495592,-553.6171007330495
6.892574637258275,-0.01740867752488894,-553.5296673902674
3.197528746910637,-0.0032571492112123054,-555.6865643020826
6.216094447667913,-0.014770433985145262,-553.0162296079206
4.710697448767462,-0.00842481568449217,-555.163702471341
5.240656445198865,-0.013629512777814627,-553.5933040873758
4.291128220849043,-0.009446133563303084,-553.3416166795704
10.35007609725426,-0.021966048975724524,-555.306087521093
6.774403475605334,-0.01829808964687902,-554.715192962767
5.646481719519113,-0.015737486218243196,-554.785069666555
8.221699246860704,-0.01869202758736494,-553.8281424459987
4.970572315125704,-0.01170053638277518,-553.0538466826379
7.45336130901757,-0.019050283762120267,-554.1341792599269
6.178696143692035,-0.014874921750300696,-553.0100659410651
5.573891903233562,-0.012095346791233747,-553.4445304668617
4.766601549861504,-0.010914539544893688,-553.1061692763099
4.4615541967965475,-0.012816354946522451,-556.085752180834
5.7285553026268605,-0.01287962893875499,-553.1777322889152
7.3067303578553195,-0.017914419432193827,-553.4731198573082
7.422914214438982,-0.015948055083823957,-554.3159245185809
7.601774125471316,-0.016921087161886256,-553.8078184700265
5.062565064597255,-0.010916461999449302,-553.31130676224
6.007704907545013,-0.014921226475554262,-553.0961857166728
4.1096040626909955,-0.00986814396944479,-553.9410332007876
11.072444756909091,-0.024154941441258827,-555.8522073766709
5.982518594917666,-0.012034300747854778,-554.9181945640772
6.618228902702342,-0.016281984907669245,-553.1824332323858
3.0029258999814683,-0.004803548033536912,-555.0436303837394
10.196782672465273,-0.02030819044756215,-556.5880763504468
5.338533406759332,-0.012872837398626422,-553.0047131247803
6.594081062176583,-0.017574903728149474,-554.2413112945612
6.940070815948442,-0.015747814851529075,-553.4177782001677
7.070609208548945,-0.014695473191709474,-554.9120831711236
6.054763693173984,-0.013995930321066632,-553.0716413865788
8.037217961803425,-0.017900767623248715,-553.9277540671525
7.227563445100498,-0.016617457686245587,-553.4006883615739
6.257778726660643,-0.014268505994068688,-553.1987332991816
6.867446590792064,-0.01742222041766764,-553.5701573360816
2.9225509054486687,-0.00248597094174402,-555.5647629632616
6.129154640936904,-0.013323076540317901,-553.658652948071
4.267949327077477,-0.00928554883465379,-553.3529714492055
7.261551428493122,-0.019431682666160896,-555.0147700074258
6.975353622578708,-0.015752511932481478,-553.4723786713903
5.07040647675458,-0.011291305346529522,-553.1241290941448
8.530673926522608,-0.018373519297779608,-554.5294668654517
5.911695968663889,-0.013520490781889917,-553.1026696336085
5.872752905572664,-0.014170530692307273,-552.9785204180504
6.830065947662338,-0.01740324036208762,-553.6058409293883
7.165168908139757,-0.017127937345094036,-553.2872294276029
4.299021901470012,-0.009279526874683825,-553.3364489273744
4.605717579475629,-0.01127288757209309,-553.4436032392066
4.267250002197316,-0.010224714124772745,-553.6812118659793
6.138546093848334,-0.014288092037529055,-553.0558702768695
7.242123487494525,-0.0172849166189387,-553.3167890566477
2.9230720155761936,-0.003984603715156895,-555.0466925112723
6.931101834822983,-0.015996348202797675,-553.2893964258047
7.306223966717678,-0.017732519429366638,-553.4054911930402
4.515191085917348,-0.009034062282831585,-553.637417786004
5.445246013922812,-0.01327747091735974,-553.0215998442486
8.406104253453437,-0.01950733470836429,-553.8824041859572
7.530728622935427,-0.01661668029624401,-553.9028636046925
6.76347027261767,-0.015222616519060088,-553.447201775282
5.445617703297382,-0.013588918527758264,-553.1413590757702
4.477725323720812,-0.010309531486390154,-553.2710792299281
4.910625541678803,-0.011968915878563234,-553.196978469755
4.4435709314165335,-0.009344607725794955,-553.3490503535727
7.1047134597751835,-0.01507812194024408,-554.4605916106876
4.754115934594469,-0.010885206870318126,-553.1107644972229
3.7283817537405626,-0.007577503108999662,-553.8412521309529
5.24625749167544,-0.011526783364608618,-553.2277324397741
7.11537631196293,-0.016797015750755293,-553.2660052934438
5.963637121546255,-0.013556437763784181,-553.152466109479
5.683877330869091,-0.011865818267202136,-553.9978568416452
6.7501340088060156,-0.016297185398996352,-553.1532152724803
4.504217890843117,-0.010294373714899604,-553.2369848642073
4.771638265811284,-0.00987285960629718,-553.5135443151739
8.534381372993954,-0.021238536388189667,-554.8354233369523
3.5526476568490626,-0.005013605153511308,-554.9120423037781
7.8445336997033746,-0.016856318968683656,-554.4203272360733
7.310087884204181,-0.018773263855865665,-554.0895580288505
2.6773030556401327,-0.0032377807808622646,-555.8165885477698
7.099670841363052,-0.01802594965860986,-553.7301129319449
6.5097534906062595,-0.015032416944339964,-553.1750852693398
8.288569867908043,-0.01799910913204554,-554.3368434117941
7.287759013185493,-0.01769776433361018,-553.3990482029511
6.959495891461948,-0.01730765735002369,-553.4030656417567
5.477695933505792,-0.014207884090032898,-553.4975668673267
4.376071844389199,-0.007875719734697455,-554.463451317714
4.453648206926751,-0.009163285608898827,-553.4439246501498
5.628631104263815,-0.01530514503244933,-554.2381537861095
3.8593938242818084,-0.005454533200494543,-555.7581995692135
5.336197614899383,-0.013175189319657945,-553.1004142726784
7.003658908077268,-0.015406203660895835,-553.7992177107402
5.7131608601475525,-0.010738413150556589,-556.1313562296577
6.1670612153031685,-0.010360731832997275,-560.6848991395478
6.896619683559455,-0.015667234241090733,-553.395553587634
4.659393079583155,-0.011822478861192637,-553.7018686767154
8.566667374993045,-0.019104546059061804,-554.0970094268157
5.847133079356518,-0.015750438646226574,-554.0881330852483
5.422793447169657,-0.013031175874636668,-552.9840040377036
5.829190423689485,-0.013296779526029139,-553.1026139687737
5.927164737153499,-0.01283562509562312,-553.621062403075
5.05085370424911,-0.010857250139318639,-553.3305260610937
5.510630957464628,-0.01295889291213192,-552.9679446669866
4.505589587681989,-0.009168762380058995,-553.5190654373287
4.5140565890240225,-0.010024470364761923,-553.2152348533573
8.089137748521312,-0.01763038546252415,-554.2301778623128
6.079091696232025,-0.01589771571098984,-553.6414972319029
7.33850643768725,-0.014742414258217491,-555.9543058061084
7.169327897963971,-0.016437353796897012,-553.4012437313635
5.791365928251201,-0.01343839879342676,-553.014735467878
6.001937381381749,-0.01384184009956114,-553.0735210725331
5.455468877250455,-0.012410950497046434,-553.0600118978529
5.516827692889976,-0.011265620583638686,-554.2076213527539
9.783284315692434,-0.02107607250024604,-554.9072776661077
5.076962183189014,-0.012897794320775374,-553.4100661772715
3.440125368460693,-0.006087252410623079,-554.1526250868154
6.436897776846055,-0.014896204039451307,-553.1457561087377
5.456117578113487,-0.013885828502455969,-553.2976149870487
3.3862083954792097,-0.0068923912834308165,-554.6145279592066
4.821424659190726,-0.009323940039710227,-554.2471526864182
4.51184587333369,-0.008246039275867523,-554.5052537102565
3.812994568224556,-0.008348554247551376,-553.9210065878996
7.476428100010309,-0.01839682433928031,-553.6104502820941
4.592204460787356,-0.009587154137739556,-553.3931893934567
5.97838362284287,-0.014243983161188684,-552.9802127734642
1.9384792766333978,0.0035882015813549755,-558.7242458057178
6.177470499172392,-0.014771837489858834,-553.0064116339425
5.802901898004304,-0.012109876981243802,-554.0863595484839
7.856623965002498,-0.019333923306520957,-553.8995577616963
7.635301933414671,-0.019865124056674708,-554.728446753627
5.772606778394987,-0.01280901211987222,-553.2973461179739
5.637551908780798,-0.015401202086776098,-554.3338703099944
4.304377911152121,-0.00926819371520059,-553.3355099599859
8.260221083906972,-0.018686188424587732,-553.8724020171817
5.399452303894221,-0.012053591656861888,-553.1552917927479
8.22054271632481,-0.018602962118734162,-553.8541893501376
5.5299831648901305,-0.01309525327194481,-552.9631873292059
6.369309286209054,-0.01389209668389949,-553.7078830776396
4.21044531430264,-0.008880169757752215,-553.4036910773273
8.072491650962244,-0.015440450723841684,-558.0396270907524
3.141293541147755,-0.0019288361275148487,-557.7271928213414
7.453094220051915,-0.018836663447711753,-553.9372683566248
5.453125220395566,-0.014031226523085832,-553.4096455744382
5.466101259676705,-0.013292868590900083,-553.0093384520759
5.095844655774733,-0.010855331776972451,-553.4188488116345
9.660305615895673,-0.020387902803405383,-555.1395647670176
4.9794455217639735,-0.010055304789351734,-553.8856922591447
5.772450668824621,-0.011089535985399416,-555.6993894920298
8.881895287613018,-0.0201671949322066,-554.1647240008233
8.500771669729701,-0.01997160682585038,-553.9883481679708
5.371255369308156,-0.012709968496414488,-552.97356458892
5.7198160378347485,-0.013978671419467462,-553.0075386082627
6.950980395714303,-0.01467042718624103,-554.5172990016633
7.25852427824738,-0.01720180535752051,-553.3177682997358
5.663483107889802,-0.013074928283950018,-553.0193925222738
4.591974340598226,-0.009483142456862376,-553.4563633349106
4.588366525432054,-0.011611145290880406,-553.7474846815943
4.876430556329718,-0.009988427207416507,-553.6591500721114
5.8283596085354,-0.013663421811159428,-552.987921768058
7.824173556545558,-0.017918301563627625,-553.6294583091883
8.163626991216194,-0.017242472016172947,-554.8465001133003
6.728758641763701,-0.019024579071971477,-556.0947479166856
5.7313642491959405,-0.0134854725268447,-552.9726563435864
4.688814924646643,-0.009671452383058051,-553.4999001047141
4.9794455217639735,-0.010055304789351734,-553.8856922591447
6.310546851800305,-0.013819095178968862,-553.6313079624772
6.786187380512867,-0.016365003368695424,-553.1624957338431
7.829151387397429,-0.019173123327552707,-553.8191880426273
5.085670954729532,-0.014582967891675246,-555.5218451607847
5.718303416832193,-0.012325387871729678,-553.5837481657219
7.604696649826037,-0.0164790472215152,-554.2073514154258
6.216708164942971,-0.01341865431419634,-553.7951319697943
5.592388907588885,-0.014847185288013397,-553.810343697826
5.016661850644306,-0.011759605060978348,-553.0348932388703
6.170102479525525,-0.014499913051893147,-553.0289584694102
7.062486681064381,-0.017587336682208216,-553.471135338924
4.6783936229480245,-0.010871720440492108,-553.1609306211406
6.043507513324248,-0.016478232567212328,-554.4082718113273
5.207375387677951,-0.009934346533610475,-554.9912068383148
6.60572874639669,-0.01560269678502898,-553.1099928516364
6.025530832405162,-0.01482623847929871,-553.0494522016761
7.9197051111103525,-0.015890745354125657,-556.2153534756812
5.6330253784397915,-0.013844521069071757,-553.0334584906147
5.451578785328741,-0.011412752112146717,-553.8002714187969
6.027325897355143,-0.012722483935307446,-554.0457878296776
4.7501352399196195,-0.012403811291837754,-553.9518637840121
2.726849904289647,-0.003565974761528007,-555.7335124786089
2.8642700891019697,-0.004922678031873403,-555.9676126185028
7.725859249190141,-0.017368931772610962,-553.7353121390091
5.62334320893826,-0.01250201328290399,-553.2375521277496
4.4028178370492315,-0.008635233068914224,-553.7172683792219
8.209094582540763,-0.019611299213928898,-553.8805207554275
5.659193115924393,-0.01495927093199737,-553.7415077851273
4.51506612361358,-0.009180885483898957,-553.5273645450286
4.8163718135021405,-0.010899035488210456,-553.0984976869186
4.25068553343505,-0.008793653028978984,-553.4269373274916
4.256198014227484,-0.009523969111572092,-553.3924511753872
3.077343590050931,-0.0025939476863118343,-556.0365918583943
2.2010413438204717,0.0011789853426093645,-557.2044837045872
4.741612549597843,-0.009772766885283031,-553.52950791895
6.295438598381179,-0.015778049526750007,-553.2112117672748
4.640171142207134,-0.012476559635999,-554.5014394856197
7.360655695837437,-0.01665280730563904,-553.5651553434259
5.528317337346612,-0.011531626547915239,-553.9010679534372
4.406846137378869,-0.011331085808174239,-554.1549060449495
5.3085861357669275,-0.011737886232109862,-553.1989496365126
4.374343044046892,-0.010682408728882547,-553.6794674011076
4.50408938204389,-0.009874065324623897,-553.2315745357196
5.6861915495668995,-0.011346707390543226,-554.7782641971517
4.627702144132414,-0.010300861183590318,-553.1709030562142
8.19741582353203,-0.02077290615725392,-554.8079742759611
6.530847591208576,-0.014750982335250691,-553.3482503221021
5.057015384332684,-0.012374337367707395,-553.1460761243637
7.445918065646867,-0.019345415998363664,-554.4699544531525
6.33877007994899,-0.012499215872326476,-555.743616412784
8.195082551182363,-0.01964102328546915,-553.895826772643
6.168897282260431,-0.013261745503283948,-553.8333914931661
6.537207017461522,-0.014235318102114326,-553.7943217874902
6.61197720481739,-0.018126902852165786,-554.9575143780717
8.359514984311827,-0.020766260534967378,-554.5711749121418
5.268469158708611,-0.011458691602095516,-553.3098063356298
6.142446909448578,-0.013224264651313237,-553.7993161366222
3.7978746526598326,-0.009858676371024168,-555.5939956746671
5.081305920646137,-0.013428715250285822,-553.8795696566176
5.851885585813385,-0.014512890125186351,-553.0758926175934
6.745907612876788,-0.018721707321219378,-555.4758544522992
2.73689145405841,-0.0038487478572278573,-555.8736020376938
4.924625294819187,-0.011222059948857223,-553.0661664264754
4.30633804894754,-0.010774602756422665,-553.9947021376884
7.615084635515459,-0.018568753056372164,-553.6207362757699
5.410157853072614,-0.013753742251771943,-553.2969901321605
3.9257790331961226,-0.008062895822095456,-553.6147637925131
4.543774909960167,-0.008395770641476978,-554.4258281628634
7.169327897963971,-0.016437353796897012,-553.4012437313635
4.596596918617059,-0.011596959313768964,-553.7082854082614
5.610234903266911,-0.010552128466795959,-555.9405955443867
4.347133644890767,-0.010749206578330553,-553.8213589733399
6.812916921201525,-0.01611018128666114,-553.1651729680698
4.423766893017928,-0.009818309045369941,-553.260316694375
4.44072138142317,-0.00934706163371199,-553.3460242194164
7.081215424635778,-0.015646725546264808,-553.7588286757983
6.111389750337377,-0.013345690382481172,-553.5914312435448
5.620634550104673,-0.013526527585349581,-552.9708957821058
8.074389077213082,-0.02163374780670054,-556.3895794760057
4.192629023673111,-0.010491707270366102,-554.1823998992573
7.3893365412813745,-0.01718241788112166,-553.3997455571503
6.556490605510735,-0.01607401878706843,-553.1451764377009
5.807734057747832,-0.013180268282028515,-553.1303215686663
5.734951424909415,-0.016273646304033593,-555.28206026622
4.364899821226401,-0.008229954893779182,-553.9981296188114
5.854542348291668,-0.01338411742023347,-553.0943793230489
6.799202282027384,-0.01618907765875594,-553.1548433580957
10.129266697364896,-0.0210136961802405,-555.5566794516754
3.188865980536182,-0.003557241191989002,-555.2836189004495
3.9825398094269793,-0.004928695444981085,-557.896480096634
6.330556261140198,-0.013842518724365812,-553.6584428479357
8.182123035396135,-0.01866758823649784,-553.7942033844806
5.069111903937193,-0.011852919415749138,-553.0201869108889
6.811032866814887,-0.017805392780235227,-554.0094404712358
4.544527395195714,-0.008610649270385889,-554.14818716504
4.947306751290614,-0.012579663790089264,-553.4923745963415
6.0067888473770745,-0.012483581123104158,-554.2992193440112
4.77132626846511,-0.01204018598297358,-553.5470406492395
6.566135342958293,-0.015027046522982507,-553.247902623277
7.499851995396249,-0.016132638907787187,-554.3142373570099
6.699147422063426,-0.014908543569080147,-553.554520718284
5.8283596085354,-0.013663421811159428,-552.987921768058
5.936184702396235,-0.013955672902766343,-552.9932587747975
7.052736718922504,-0.017483406273955473,-553.4232841697101
4.787602054546814,-0.010308907339994282,-553.2605919399896
2.8942306662517936,-0.005439132159024184,-556.3361572049203
8.805851923168653,-0.0197349523026226,-554.1662329714673
4.136362682482763,-0.008183129932108882,-553.5857663128896
6.453993134944828,-0.01612606898652655,-553.2324333588635
4.654609575610532,-0.012509424718866494,-554.4775904948649
4.21044531430264,-0.008880169757752215,-553.4036910773273
4.915000492449552,-0.011770004573598935,-553.1181307839847
7.980810373282139,-0.01811245389687266,-553.7428993327942
6.05491680216536,-0.012845770418185886,-553.9796858544214
4.252694978815723,-0.010056545344113502,-553.615959688374
6.798856139178799,-0.015483568086278938,-553.3476012422582
5.2173043602361435,-0.012354007782849853,-552.9962573719388
7.836899541735735,-0.017907978302363802,-553.6464060763009
4.687865079727818,-0.011090880775544938,-553.2028654195257
6.797953017675797,-0.015308002497781116,-553.4516305196246
4.1716996340134225,-0.008752591962041143,-553.4294273608467
6.114089502023442,-0.011572415304122476,-556.5844918202853
6.211806169593634,-0.013104745975110424,-554.1622495519681
4.591974340598226,-0.009483142456862376,-553.4563633349106
3.706464978398172,-0.0071457711609147325,-553.8307900151993
7.315349994451086,-0.017298986679853266,-553.340731493215
4.689977361631551,-0.007974772168426035,-555.9334369975146
7.300982355677324,-0.017925442427094342,-553.4809158002104
8.563552405911665,-0.018355287990097537,-554.6223247956327
4.384635851952531,-0.011161386517937315,-554.0667333910357
4.4013278386365675,-0.008734202065483964,-553.6364890703294
5.809454717752668,-0.013200575270939202,-553.1226559924609
4.18086626098154,-0.009572331142181065,-553.5451902258274
7.734654710557328,-0.01706040467253123,-553.9625557653758
5.62954074052457,-0.011614472915578345,-554.1396945332024
6.794224572328832,-0.019394099140620284,-556.5607585213955
5.679269766743647,-0.013272475748656268,-552.9829296645378
5.010581861987752,-0.011361727082593455,-553.0632986964935
4.424444001585008,-0.009866011678003302,-553.2613428922704
7.5655318129995965,-0.01810024754384486,-553.4765243447613
6.029630443819497,-0.014612132771743542,-552.9999404405216
2.5885574285922575,-9.306613224969949e-4,-556.1601829380936
6.312689162486694,-0.0141036663039621,-553.3945726307247
5.468112316413942,-0.01334184202081053,-553.0206744919847
5.463805172130115,-0.011481825659221468,-553.7594651064567
5.497413090713237,-0.011936032416298654,-553.4080403066954
5.082727723802134,-0.012785569890677525,-553.3195040938324
4.107730897529711,-0.011196223590231437,-555.607773402998
8.89822031107286,-0.018404996524006557,-555.4619731893279
10.705978211114568,-0.023964585169212373,-555.7254820704088
6.111925844836268,-0.0166234415299735,-554.3854017477719
4.5902995604261765,-0.009897407595160597,-553.2513872590968
4.706957490083012,-0.010720655859302897,-553.1283872538742
4.338212200692028,-0.009746473154250633,-553.3295288814509
4.461369970600112,-0.01071827053190176,-553.4650494421365
9.86622803147491,-0.023765347936116364,-556.0922729663024
5.814092839711232,-0.016266704588583702,-554.933182489023
7.718974121051569,-0.017631225878057627,-553.6057021615866
9.142511453020164,-0.02227128499790726,-555.2000382924759
4.951233313597107,-0.011660805980898983,-553.0613329250696
6.43119485171504,-0.015444461284785146,-553.05740660633
6.015122403181169,-0.015743220336196868,-553.637206014599
3.4851529826986023,-0.007565223740367957,-554.6843632796065
6.7673836276834525,-0.018532543670344417,-555.0899108562776
7.358706115376008,-0.015481797826761673,-554.7359309058455
5.801326544378361,-0.014902165182139462,-553.3669433028072
6.0372589856485765,-0.014001059115375221,-553.0533793236251
7.802784552834802,-0.018944129384373794,-553.7132456557183
7.3050790021721115,-0.018430539310434497,-553.790071607951
6.7596045579122865,-0.01635927766249292,-553.1623347013315
5.495874083501227,-0.013736758096101705,-553.1437742942819
6.808656141983664,-0.016681760573047915,-553.2292534079976
3.499224052561072,-0.006926908642498355,-554.2015514765918
7.844900332687964,-0.017472869680740043,-553.869979497041
7.183597905230295,-0.016223039591305204,-553.5309234851577
3.7364897936693957,-0.008479800688286545,-554.2918671423547
2.3409018071298364,6.721392263740651e-4,-556.9990424065601
8.847184871426887,-0.019540993167864056,-554.2891345550078
3.9345035767291234,-0.006679686724351834,-554.3284331966892
4.257163948203708,-0.009508235956287032,-553.3878598272153
3.5187287627384345,-0.007800566756227846,-554.7291608132329
5.428798779560883,-0.013388243568206233,-553.0745308176744
6.230285881316218,-0.01568593247585105,-553.2329063804679
7.406292685020636,-0.016892729474397686,-553.5112969734063
6.143576234507333,-0.0133851847705792,-553.6340043594199
4.216395827692704,-0.009071426963004411,-553.3870462238758
3.741153730840751,-0.0074271615792496585,-553.7975516832572
8.91990429773051,-0.020284984652889537,-554.1867420862839
5.120958488008805,-0.011617415480453067,-553.0553723899434
6.738219764443062,-0.01602234660590914,-553.1372447328448
5.028014523931703,-0.013077123392036911,-553.6941177024933
3.462957034952509,-0.007622418266367687,-554.8578466643285
6.374459482835613,-0.014738902374226667,-553.1361361006212
5.264881303927008,-0.012978166970073505,-553.1105960233044
6.5811681556213015,-0.015306331911545132,-553.1551874796394
4.796287380303788,-0.01042222271041171,-553.2179165333226
8.464870476389148,-0.018041293261621683,-554.7106804894999
4.994268637095224,-0.010638478897958914,-553.3798388702631
6.507585175877621,-0.015169226022763105,-553.1273913268237
2.5813744687546367,-0.0027135429555097406,-556.0682855234837
4.916613904499642,-0.012124078867348472,-553.2620184662748
7.231467945343413,-0.017347392816242164,-553.3226500625501
8.046292698697377,-0.01736810939535422,-554.3827869068843
4.874471686890784,-0.011031471654898263,-553.0861442072136
4.36724066372758,-0.010905541955829195,-553.8862769095838
3.170825537590469,-0.002359737926299555,-557.043161293478
4.521689959525362,-0.010548378047804402,-553.2744654713829
4.912863710970208,-0.01152788368338512,-553.0697582631719
6.2165888891434555,-0.014146824907916581,-553.2033831011812
4.9336552663672535,-0.010224305877880447,-553.584512315213
4.783680719964414,-0.011236141409658717,-553.1276449669253
7.017545522642636,-0.015735482638288036,-553.5584986586551
6.252556352989993,-0.013933270229488764,-553.4035827181685
5.787732751788917,-0.013506243821648098,-552.9958897352441
4.871604470617097,-0.010479772842731992,-553.2791110787025
4.0703922508532875,-0.011148952848867758,-555.7859905287959
4.283391095390381,-0.009122207903842921,-553.3573946381083
6.202532078878609,-0.0152639219247218,-553.0762715005768
5.7584350893849106,-0.014139421694640426,-553.0253723799865
3.3044049356148966,-0.00467800697151118,-554.5932892669128
6.441711634895384,-0.014386731290792999,-553.4368971515887
6.032959211862146,-0.015956646719025292,-553.8077022915816
8.719235927253498,-0.019865266444918168,-554.0660802991835
6.335336967050012,-0.01626967630348702,-553.4733517388522
4.336895214535582,-0.009331745674031418,-553.3208852364818
5.250127095191913,-0.013621058496862997,-553.5602433488834
6.017418949493062,-0.013141570216427699,-553.5532460874277
4.5263833052424856,-0.011425194044547133,-553.7908833351262
5.505245461826425,-0.010954948273783885,-554.6308852719981
3.7027871127368837,-0.007058791783991286,-553.8386339178494
8.165516539550607,-0.017997468010424594,-554.0898949099344
5.962038628365365,-0.014027697378026206,-552.9946713711463
7.0200860360312936,-0.017483376766500417,-553.4485056394436
4.026969798325784,-0.008254345213656197,-553.536649523163
6.226863102918361,-0.015644400043121426,-553.2143817600967
6.045753340414593,-0.01479217433383815,-553.0290029996742
5.521128362912011,-0.013538197678986218,-553.0336144890111
5.4201465904263,-0.01409732461498886,-553.5423183096952
6.160556990620639,-0.014786280288458738,-553.0047418153206
6.150312948177923,-0.014810381319136586,-553.0058905494056
5.019889156393138,-0.013094037251835977,-553.7356034667717
6.7857964165327465,-0.016021851558457763,-553.1597800781539
5.2228267052258985,-0.014708584947270792,-555.0327147522548
6.534188807673087,-0.016926515887442796,-553.680168458417
3.766111283153187,-0.009098945886785503,-554.7603570583013
4.779400990288281,-0.012370103476097901,-553.8131851782103
4.1442573062118395,-0.008075179393733091,-553.6499464584163
5.617314858991293,-0.01274480206510227,-553.096300724165
5.232864529826301,-0.012182130965518737,-552.9946927386621
7.145348992153664,-0.017377714223439474,-553.33636851754
7.3049231840672375,-0.016291091187772357,-553.7020758595836
9.48710630011717,-0.020684530535988337,-554.6691861765448
4.932604304172443,-0.011632718329478379,-553.0705178103316
4.018596207026664,-0.009103660999126845,-553.7244841153656
5.229007499400023,-0.012297396351592554,-552.990697396328
8.561996240673666,-0.017743827806642253,-555.3730805681627
5.923080287376493,-0.013996436514562739,-552.9821461414188
4.02465698020648,-0.008984630031975924,-553.6534088258603
5.962038628365365,-0.014027697378026206,-552.9946713711463
3.120356041960366,-0.0035811704721640074,-555.073958366602
3.73307363578096,-0.007867002623994403,-553.9227003017431
6.4378633648982095,-0.015182904344164985,-553.0731326117718
3.639597269548933,-0.00685557489502194,-553.9058867305924
5.244252311642201,-0.011972040183600634,-553.0344826233373
5.9238950888013955,-0.014747733648108512,-553.1027124838115
4.476355023488393,-0.00854548707613195,-553.9986834004764
5.969366943440697,-0.015343399148359168,-553.3905253699974
9.68522576999876,-0.021514692426394744,-554.6961758640821
7.934468944626735,-0.018716382149673156,-553.6365336181825
6.596642824749192,-0.01664814322486172,-553.3754775179525
4.031083129527192,-0.007692975928385407,-553.7219656419501
2.670579514602007,-0.0020232284487710934,-555.6285129328184
5.064913420758687,-0.01223415776494664,-553.085446442288
6.587517752242425,-0.014417670786432421,-553.7384970550836
5.001153311460998,-0.012166963942316186,-553.1422388107671
5.829330933899015,-0.014495990418582658,-553.0908735577573
9.388344770202918,-0.020336141418896093,-554.6917167936698
4.513528708846256,-0.011366968487299386,-553.7829772283428
3.794530202506019,-0.007642656486575754,-553.7433340473435
5.750124518137345,-0.014062178840495633,-553.0096677856378
7.901840761655494,-0.019126228106325024,-553.7584350675584
3.96921557114267,-0.009078615883307278,-553.8561521277014
4.478858557922511,-0.0122265945465104,-554.9702200927101
7.017545522642636,-0.015735482638288036,-553.5584986586551
9.202688230970379,-0.02092948763638682,-554.3763595927594
5.201293890790242,-0.012028892185786427,-553.0062020230193
5.804199238215877,-0.013560053385210265,-552.9943612578447
4.665948549459624,-0.01224757262916008,-554.1054211335185
5.901264379427022,-0.013950979162387937,-552.979242090011
3.822588202047537,-0.00811147406905156,-553.7918943371235
4.56457192544109,-0.011577990772141406,-553.7979965037257
6.346770358330143,-0.015360082621579098,-553.0493044328106
5.370518018563158,-0.013569727578102018,-553.2523703038698
6.367311491594181,-0.013370123838373774,-554.3361395583148
4.357469389192464,-0.011034265462036163,-554.0468480115607
5.137971418648708,-0.011244378438417059,-553.2290533530411
6.197028093619338,-0.01484083209515643,-553.0097637527955
9.03619192517867,-0.021224924135322325,-554.4437822718502
10.087788940127115,-0.02331252719872784,-555.4347747829687
4.775313822702639,-0.01023869387910712,-553.2810550272214
8.531078931005942,-0.02022729747434215,-554.0761381419703
3.185462040805816,-0.006422091537628412,-555.2991543168408
5.601117642887527,-0.01048379189180448,-556.039182062473
3.4795740908519335,-0.006515516888580375,-554.125642715766
7.465179068330932,-0.018828119546566015,-553.9147095359095
9.083397239317414,-0.02120701321905672,-554.4285697397315
4.927020558853966,-0.011431549850379783,-553.0554548422676
5.97637136858536,-0.013526502300136927,-553.1867154476032
4.938704035862214,-0.010364826789472543,-553.4762288686131
6.851837143110899,-0.019003885906479116,-555.5915236720733
7.125481969555743,-0.016905497459848613,-553.2663891074293
8.720858672247507,-0.021380600392344712,-554.7569436524333
7.104984440995721,-0.015952279597128735,-553.5687902330641
10.28347980508935,-0.02255353081440806,-555.131969161671
8.007721291874336,-0.018334180813367344,-553.7040210062203
6.674583239734353,-0.015685320025766007,-553.140112277902
6.728214326494968,-0.017141046313552736,-553.5469904258102
6.3894951082469715,-0.015609088280462938,-553.0853381320967
4.943656429034629,-0.011607175443705564,-553.0595226664517
6.2971437253197085,-0.012817099652640431,-554.9354512232991
4.178743830391545,-0.008054790527728093,-553.7139847121446
5.005275825078346,-0.012296476754232292,-553.1915277606835
4.273198030160859,-0.009233282980181046,-553.3504715769994
8.212752263875439,-0.019511935403322304,-553.8446325500819
5.232755019577942,-0.013054532684839944,-553.1952129054589
4.223755845718984,-0.011981526283657349,-556.1879821849001
5.061758848946973,-0.011680349214084734,-553.0266401942068
4.517893374454497,-0.010123688686940456,-553.2114195687509
7.608619098310665,-0.018642171001180572,-553.6596736247437
2.665178781753642,-0.0019946433980997475,-555.6416986296855
5.3515700216592,-0.01200549841312413,-553.1180170094684
8.843556505836375,-0.019957846387206622,-554.1558182364079
4.8266545810856964,-0.011963027930679866,-553.3548078146982
6.932089106614731,-0.015189325674610935,-553.8348886851179
8.218278195860513,-0.020601642645987125,-554.5870201739704
3.7381775653097975,-0.007010991271781179,-553.8289695346135
4.659142881248819,-0.010408896022227979,-553.1567510913874
4.139647119213119,-0.010745401362195515,-554.7391180852926
4.553728434999727,-0.009139646627903564,-553.6354198546327
7.249652108739989,-0.01501650139884362,-555.0693598978434
6.908845330502207,-0.015884073898034756,-553.3070116825652
4.516981746208396,-0.01039281947856763,-553.2410950907566
6.453021946195115,-0.01592112913128063,-553.1473051094331
6.4317923599871305,-0.01304351472646037,-555.1239579049964
7.216556203625601,-0.017704320788260387,-553.427253842453
7.052938889269598,-0.018760394197897698,-554.6081117219516
7.207092589407269,-0.01740277949919506,-553.3328919138365
5.94780116497218,-0.014488269554473389,-553.0048797590639
5.054728779576025,-0.011799225997416394,-553.0231339969723
4.862838182361447,-0.01144444031646175,-553.0949106079024
6.6297337754763115,-0.014668491188283176,-553.605389033772
4.948570700976926,-0.009401373896607005,-554.6654378785253
4.957366416399539,-0.012687778932701873,-553.552508319843
6.502608423818315,-0.01607605078457365,-553.1736156912294
5.007393617890466,-0.01272390956364245,-553.4495853994244
4.722128281885574,-0.011109878383861075,-553.164799939507
7.334758529341219,-0.017840088737615882,-553.433164930583
6.657148407289073,-0.015583555827879613,-553.147913700064
5.48289983542993,-0.012363329160483749,-553.1095017227425
4.44161601568076,-0.007985544207510761,-554.5821670747184
3.8227259890895633,-0.007094495187860406,-553.82002134857
4.7784184598407595,-0.012306663187339131,-553.7553435862651
6.439574066262852,-0.01505847982748155,-553.0990300936561
6.405610502891545,-0.013872636324790294,-553.825484358365
10.73161971682329,-0.022239321839824026,-555.7457624185199
4.1824149484815205,-0.00926917150445066,-553.4432982101164
5.61680782760551,-0.013048390999875741,-552.9944446169849
4.03521567837172,-0.008563665805260134,-553.5271935906892
8.000625147333439,-0.01721017668469575,-554.4356218815149
5.272236690183805,-0.013323424811058991,-553.2820221203996
8.34785022713101,-0.018377889418112903,-554.1572073591733
4.52108811525593,-0.01011503728710082,-553.2098089586228
5.786360626263652,-0.014210235683763752,-553.026157722723
5.8573324259791,-0.015383867896032955,-553.6593249933078
6.809588462957699,-0.014933885662904253,-553.7834030659695
9.143702842999533,-0.02201486102989335,-554.9446544926975
7.543026632606644,-0.017837594924559972,-553.4395857768262
5.088997368654778,-0.011979702459568404,-553.0192084649251
6.9141611736779485,-0.01672819462497441,-553.2165560137566
4.998525963985924,-0.010562387213035717,-553.4457681936485
4.012283514840319,-0.008170372017224163,-553.5523736325232
4.131824209567023,-0.006980434199068899,-554.6873450649858
4.244225225139072,-0.009635702982931055,-553.4415596234398
8.708860031900791,-0.022065218903123216,-555.5873283153934
6.425384658285851,-0.014942853153330153,-553.1186194276269
5.330668804279831,-0.012447168795622444,-552.9830369412956
6.570161657763479,-0.0161869400625458,-553.1746176930495
3.819898588341562,-0.008425297729176297,-553.9417025636741
4.5341809085524085,-0.01085094472817251,-553.3719926499864
4.512054130744768,-0.009393203593378778,-553.3943889547786
4.589037155018704,-0.010084295875606768,-553.2022489442991
3.1455067181916987,-0.0053606685235785935,-554.7279231748632
10.479948552034797,-0.023217064612249032,-555.3535328209414
8.197266783329773,-0.017552578817865677,-554.56554902226
4.370186096019498,-0.010717022138995258,-553.7185629640466
3.7636825879731193,-0.006330315420207305,-554.2053027561117
3.427687943487702,-0.005191022853849475,-554.4326163471621
7.080204208398575,-0.017194137479976522,-553.299300084433
7.749358260048715,-0.019017952166581278,-553.7801276757236
4.078603446082084,-0.007828810071898179,-553.7051790704435
4.824176801197138,-0.01133610843212742,-553.1091055677741
7.1319910041977055,-0.015431410906254772,-554.1013872720073
6.988794247534557,-0.017426775269969892,-553.443414194661
8.698146977305806,-0.017969983741129607,-555.471907801712
5.1489865139264195,-0.01419588606808199,-554.5846743542471
4.652542783254354,-0.010499834962321665,-553.151087500429
7.980668873582008,-0.01937408968813166,-553.8464068414955
3.7731910015657464,-0.010404444726232006,-556.7490865037863
5.998130368600813,-0.013016814249798905,-553.6248968567857
6.825363473954297,-0.01729167749429491,-553.5292232001393
5.43218557731291,-0.01212834332509482,-553.1608823294703
4.312794521956814,-0.008484843827827887,-553.6512046626058
9.001868523937064,-0.02092578052825316,-554.3203410155048
6.326674562819198,-0.015122567238698406,-553.0334864441733
8.217624339206703,-0.019941088641084837,-554.0424214383311
4.100787368999163,-0.007895372489255502,-553.6960369217197
5.434542682838539,-0.012241988065455418,-553.1075709398111
8.243846570792348,-0.016661388546850592,-556.0567273883407
5.909477700639447,-0.015352256372563437,-553.5135027241674
4.797681303105587,-0.010000944070164906,-553.4680108650133
5.094814765257861,-0.012881232597588626,-553.357281458998
3.820977504978207,-0.01023919616004209,-556.0516779555027
5.353288015284952,-0.012489510680878026,-552.9826801956144
4.912737919268906,-0.010768143274672674,-553.1858063308829
4.540491161082743,-0.010984504992567009,-553.4283689167236
5.909151495806294,-0.01397920605306216,-552.9791082761689
7.8011721571744435,-0.018751016119309405,-553.6370930592782
6.6251375569382365,-0.015203823492936943,-553.2434790207968
5.708261065175343,-0.014073873275124242,-553.0445915679446
5.182787228841674,-0.013879697663071143,-554.0364287164276
8.34691023870146,-0.020602830357857996,-554.4326699033155
6.537110289680258,-0.014203124226602184,-553.8281189627531
3.8809177759463123,-0.007872719232502594,-553.655297040624
6.588793790969873,-0.016384536564076235,-553.2414459552657
6.0535720578351695,-0.0165208052135035,-554.4337268846547
5.065773390014422,-0.010799149020811962,-553.4006361469505
5.296129455006364,-0.01147464612195766,-553.3511656214127
4.459319633656022,-0.0097997505380614,-553.2461676068004
9.883343951010653,-0.02176892287252799,-554.8389773444065
6.173011824720556,-0.013251292540608915,-553.8572952876417
4.901802089168699,-0.009752116328769565,-553.9888732825017
4.588541401269623,-0.010126373699298589,-553.1949043869103
4.932120945098851,-0.011409328568106822,-553.0536477076761
3.5461518102211924,-0.005090993456164236,-554.8000598098579
6.214417673310908,-0.014712172834453675,-553.0207945179922
4.288669780063524,-0.010816128210674457,-554.1070221698053
6.0666229325397545,-0.013287441549529024,-553.5370846183563
8.740725717268003,-0.020661916888825908,-554.2306909775816
7.667655050526983,-0.019646048964656514,-554.4065610460235
6.9868627004671335,-0.016009668081351482,-553.3520789387217
5.27664148049145,-0.012556519369823592,-552.9907444057695
7.093975092088221,-0.017821928349350688,-553.5862508490717
6.148102611168931,-0.015558409634751112,-553.2603904748912
3.979015905353918,-0.007345439519844912,-553.8593309342941
5.290366948707408,-0.012785056315574191,-553.0205807767716
5.572874756542996,-0.012521013515220602,-553.1482811250181
4.266280108402031,-0.00902258139718021,-553.3748178191094
5.771247092334678,-0.013432511210346177,-553.0021202115416
6.089256950245909,-0.013037695616716903,-553.8556291977311
7.320793508570302,-0.019298694552521214,-554.6801218839391
7.891677599791772,-0.018373532089586427,-553.6057009652618
4.779688496252849,-0.007900728889968935,-556.7164958273977
4.0645650775162325,-0.008967094348853333,-553.5624137092184
6.342306341833033,-0.016186158618909666,-553.4006993335729
5.596379367821044,-0.013646929775294126,-553.0052125522254
3.2601864838900223,-0.004937643646983992,-554.4604624921672
6.568233715877642,-0.016410766289878375,-553.2710547264646
10.398846633790717,-0.022321565770465332,-555.2502448118729
7.507747066147038,-0.017768265171924064,-553.4239823151099
7.028291553064993,-0.017612234922859994,-553.5170827325669
2.929796592565961,-0.002474031856178495,-555.5955032448801
4.698135416300598,-0.011541823175118277,-553.3890399268075
6.2882824780063045,-0.014799590927913265,-553.0468710519356
3.4393528998191543,-0.007661193704545442,-555.0359893230207
5.382092123149947,-0.012212900486307429,-553.0642226473193
6.723123648058529,-0.015226071902027061,-553.3757020973266
5.49064860036318,-0.013826917085015364,-553.2000360295524
4.632985691608528,-0.012225782733661554,-554.2166058045963
3.3455503920443226,-0.006517335178288382,-554.540906266208
5.817985272701138,-0.014433218840793703,-553.0765621289564
7.2850105839562564,-0.016874548513982006,-553.3790245934779
8.938901826037553,-0.021478096532021033,-554.6502610531472
6.643398307572,-0.015194377433655717,-553.272457080857
3.7744751130293492,-0.006903273077297457,-553.8697555180706
2.6736844784267464,-0.0015387751275475886,-555.8469914980959
5.78194552093161,-0.014828169750825614,-553.3483883476599
6.251924193484524,-0.014244525610163983,-553.2028391711192
5.321768401327546,-0.012962660597197856,-553.0405482126997
4.54266384757504,-0.011457224592502752,-553.7641389257411
6.767919967119169,-0.015711925002805067,-553.2122771002713
4.6295833438303715,-0.011304049842756046,-553.4057516569181
4.8609009617783,-0.011514319082639926,-553.1106803146942
6.749030009868322,-0.015874535746516153,-553.1578333303415
6.330110215745115,-0.0163478181074499,-553.5450887212907
6.808574898787724,-0.017949195535891218,-554.1750464015593
7.201937670541869,-0.019731196226450518,-555.6744650620037
4.530964543740062,-0.009636688807488272,-553.30328256565
6.6182684084665,-0.01538924150437008,-553.165467527358
4.093455727150291,-0.008666039956249857,-553.4757259130362
7.383840031225684,-0.019315395874065548,-554.5611913494989
10.281434471078656,-0.023253971956963698,-555.3470984051921
6.975380037195552,-0.01675344648389983,-553.2212044528827
8.311644105184744,-0.01860318282930086,-553.9709022863414
5.992413530683913,-0.014038680134720661,-553.0095812366462
5.965534843639122,-0.014858951974932715,-553.1094606081369
4.36573825825165,-0.00903388961692513,-553.4122263799587
6.104129090773672,-0.014057153825032285,-553.1007190114426
8.591287813003076,-0.019492146211274375,-554.0077338522887
2.6236924594068474,-7.895052005236086e-4,-556.3679475166449
4.567633376108614,-0.00986457598152843,-553.2488986530662
6.34948890590692,-0.016611043917973134,-553.7459173420827
5.976599739125314,-0.015403540949405131,-553.4234493433913
9.916673089097175,-0.021941734012632892,-554.8603077583597
4.817909928697965,-0.011071778086003462,-553.0884616757706
6.105204944468622,-0.01584225011823577,-553.537563347339
6.669742651707847,-0.01588332573119018,-553.1169811875201
5.476163927907507,-0.013677595925025736,-553.1420497403511
6.846725958540692,-0.01755441384211396,-553.7043721100788
4.921419140176973,-0.012475808644911266,-553.4796638185328
7.147272340400028,-0.016127616481681584,-553.528764486174
6.453931756516848,-0.015005391301304936,-553.1263349687439
5.732832855959212,-0.013720573996274146,-552.9640420996163
10.085938995872501,-0.021914978381634944,-555.0057001247491
4.897369948289413,-0.012851707143635597,-553.8964054056503
6.130602720513042,-0.015743410256937044,-553.4115284531027
3.8882484076199275,-0.008410361950166754,-553.7463730157565
8.135326621131219,-0.018200521274936068,-553.9135412858865
5.632880422041422,-0.014585062969274466,-553.4594190799468
5.43986729737052,-0.013639165177664567,-553.175828112247
6.6889972683053545,-0.01519384490466025,-553.3399750415911
4.383907214217957,-0.009309430330377438,-553.3286589573838
5.2754962374906045,-0.012995354546208579,-553.103848372996
6.402984435610617,-0.015223767595856893,-553.0522204788573
5.187106178855094,-0.012973091577705027,-553.2295664306668
4.064484945747789,-0.009602836418864044,-553.8965160031692
5.690408220877117,-0.01242515665566596,-553.4263050812975
5.583001594091727,-0.013441476837332838,-552.9732330424581
5.962866407140072,-0.01404248630405484,-552.992831396422
10.162437318419629,-0.021948409826379453,-555.0790829842371
3.839580792891703,-0.007568389477142351,-553.7010141519582
6.541016216197859,-0.01440240088849398,-553.6396372306934
4.797200057697567,-0.010964062934474259,-553.0959471892803
7.428570134829506,-0.01803592653152768,-553.4740945812038
9.475590767751656,-0.020577123524176517,-554.6999733684784
3.2916537300265145,-0.004941698479886585,-554.4553860743256
6.085315531125577,-0.013259729418182197,-553.608981740482
7.893664581614933,-0.017642804292549913,-553.8461524094979
3.763521791932489,-0.007696421603345467,-553.800323665064
8.176954057638138,-0.017603355130165386,-554.4599912068171
7.8453124362241224,-0.018392402799020525,-553.5806037965434
5.977198818538861,-0.014521704360123991,-553.0003466993408
3.156788117154327,-0.0029856041781998544,-555.8715456532001
3.5100162397958257,-0.005020492388486377,-554.7591630926142
4.181228537002913,-0.007096339894824444,-554.7369198669495
4.462248131961507,-0.010666897418856437,-553.4351151771255
5.796183799415481,-0.014645254953201466,-553.2057239846221
5.582679184986447,-0.014177671257005756,-553.2590878230203
5.245120710927021,-0.012646830383199284,-553.0243102107287
8.602480860439096,-0.019067678807005623,-554.1646397112395
3.4952006572108427,-0.0065004904012493986,-554.092232419066
7.57327294370201,-0.017900410569653448,-553.4532940683087
7.835957850867942,-0.017647255366908702,-553.7536149928062
4.618984550917047,-0.011480823698982597,-553.5490623010476
5.326850982897198,-0.01380098285907779,-553.5186781981224
5.402613357376303,-0.012305092389868577,-553.0498437472816
4.153474235367084,-0.007535311831910198,-554.0949053933763
4.838694640304567,-0.013354319355814541,-554.7875037174136
5.603561450338302,-0.013427689205941276,-552.9657269960428
9.645885762629186,-0.02245967590643244,-554.9944348171341
4.153474235367084,-0.007535311831910198,-554.0949053933763
4.926492110067521,-0.010832561908980952,-553.1721720645112
8.808383278605277,-0.01970770163233723,-554.176702548052
6.293146803706209,-0.013045769005821136,-554.5427508838952
6.076544397339615,-0.017078005943693603,-555.2035688158101
4.504011321457968,-0.012513760953579693,-555.2784356188372
4.574805005134968,-0.011397255553191325,-553.6132142435365
5.932282780466613,-0.014870273877900478,-553.1500447961115
6.527314011937866,-0.015322434388674975,-553.1063340786292
3.9311798943017484,-0.008886575944712215,-553.8591416506896
5.754993652204856,-0.01404113261192701,-553.0015947368103
5.438315383508266,-0.01171348311310106,-553.4634704279017
4.8433182551112175,-0.010579553382554516,-553.1971119046065
3.8792929881924088,-0.006300376682923785,-554.5714276169582
4.37045095301795,-0.009215282280374184,-553.3499802373631
10.135210518138754,-0.021458920063998098,-555.2403827331166
6.140572170457812,-0.014167757145572052,-553.0977435279073
5.28787821280154,-0.012007927085055119,-553.0542227954719
3.1438724495406603,-0.005787282266713253,-554.9816824691007
4.284557922311088,-0.011037599500526673,-554.3685885749791
6.2059095735961565,-0.015675567253864243,-553.2561001515759
3.909980241812671,-0.007565662280848501,-553.6892627318766
5.37856721699565,-0.01150875803198036,-553.5038169940766
6.026768413570534,-0.01493751554343544,-553.0863436322577
3.3171254464411657,-0.005178628056614965,-554.3773858667344
2.9085809948247894,-0.004088537433318034,-555.1251921792438
5.042356553364311,-0.012873139151514742,-553.4765277179548
4.648585507016382,-0.012412299273011611,-554.3786158564008
4.519318888615348,-0.011527596818686186,-553.9118832507685
3.6540087612862084,-0.008779386337765649,-555.0335052844501
5.908720184619782,-0.013689509900644914,-553.0367514933938
5.282804931424949,-0.013909281602204253,-553.7414108857904
4.797681303105587,-0.010000944070164906,-553.4680108650133
8.29646325566489,-0.020592686218519854,-554.4791696492624
5.870624451163687,-0.014015845757189456,-552.9698999367395
7.59151629803863,-0.018939463244896468,-553.8595943593526
6.43613760498652,-0.014016169868363397,-553.7553936293401
4.123296492075021,-0.00729671213150729,-554.2565968877002
6.120964955402848,-0.013358431975518002,-553.6030280832371
6.509543571448914,-0.012703888552642238,-556.2024635824554
6.7837589343693345,-0.015731455628492826,-553.2220642476175
7.612609591919511,-0.018745419938221628,-553.7137151979392
7.0340935949434575,-0.01720187988406041,-553.3146222753965
5.27279858082883,-0.011579648624195683,-553.2376314115526
7.83638953117879,-0.017896005738414038,-553.6497165572915
6.71483232347965,-0.013704482440308289,-555.1674596615445
3.033800220950256,-0.003177828468524611,-555.2226158809381
6.172105253701617,-0.014384461584562552,-553.0569630807557
6.1289758472931055,-0.012215173245624699,-555.26791602466
7.221796770186073,-0.01686764169991745,-553.3258094681504
7.295440449519405,-0.017627605205414773,-553.3778460681706
10.027884820992861,-0.023161679475774775,-555.3452513072806
6.05388146084078,-0.013364431981226858,-553.4410654474867
3.7130619995487817,-0.007072460853468575,-553.8299929178241
4.495394565040423,-0.010046692671378608,-553.222592977945
6.280031002793217,-0.01442272614245127,-553.1546603945305
5.201061402280213,-0.011553979369114821,-553.150286551915
4.123906185732231,-0.010761023578780862,-554.8472600270139
5.676828625121392,-0.013560194696747753,-552.9622231281666
6.675378758189733,-0.014989315958745041,-553.446708150002
5.78194552093161,-0.014828169750825614,-553.3483883476599
4.735953668019685,-0.011522887765693515,-553.2983461320388
5.45726958077058,-0.01263941722778699,-552.9954523399956
8.602274341911368,-0.02085725970133408,-554.4142096244221
6.247898585515755,-0.014746360899116715,-553.0325160469015
10.076063031351108,-0.02363252484299426,-555.7264972811384
4.7619968549131775,-0.010978738999344354,-553.1105094698611
6.691769949652114,-0.016857419468802263,-553.3981432102074
4.947501537922525,-0.009885782178456023,-553.9809913214709
10.013137336163147,-0.023321159407273133,-555.479903610185
10.11608865919648,-0.02161898301915271,-555.1319454185341
4.510011258503809,-0.00960011906081788,-553.3016329951478
4.112397524395076,-0.009565981857261307,-553.7183008026806
5.449920600502392,-0.014391217477425682,-553.7424980550976
5.557225062649914,-0.012852271410120714,-553.0041201748079
4.83833637416014,-0.012377991832766022,-553.6317738727388
7.176911005975629,-0.017480140654538137,-553.3595484743072
6.352664740139702,-0.014469273733791949,-553.2300957330474
6.703010235358789,-0.01605804300583537,-553.1271939126311
10.04994155958425,-0.021468689153461125,-555.1062443242892
5.506167149171188,-0.013834790125311205,-553.1800801687114
4.280433758761859,-0.008324338242938854,-553.7069420876452
5.507681424662758,-0.012028714829157326,-553.3559438734694
4.918133296060573,-0.01353206012687459,-554.6676922769418
5.460626644806902,-0.014958516141366512,-554.3855588774113
5.99881684162536,-0.014506417059067923,-552.9924714496788
6.244210803614666,-0.01622003325543394,-553.595062944645
4.287302966974729,-0.008542058643368242,-553.5731013724024
7.272825825462505,-0.01689575649421473,-553.36231263
6.299993704866923,-0.016297869210943,-553.5573051464639
5.2012488473767045,-0.0125803313100022,-553.0454997194631
4.093667122348871,-0.009058766549347988,-553.535704988846
6.751496560832532,-0.015924360709343756,-553.1520375372426
5.9454038260164035,-0.013912112200969688,-553.0065310787153
7.627549216278547,-0.01690398603930284,-553.8701486737593
6.667194525412053,-0.015384517348670503,-553.2189077761933
4.815466295077185,-0.01147837852831507,-553.1526785356185
4.2602468068841866,-0.007705096242606331,-554.2469846821183
7.099304676564038,-0.01677291453092292,-553.2593883819527
9.743754981278764,-0.020947514808074438,-554.911646364888
9.00252103374144,-0.017010004442456175,-558.7811955236501
5.698463308366703,-0.012199158751573288,-553.6580416869242
6.413635753596537,-0.017362806624418255,-554.4628003133544
4.7128536459944605,-0.011586843380444214,-553.3824304519783
7.024017594297513,-0.018754463748392174,-554.673691917348
4.354116067791554,-0.01159139253567976,-554.7277492167476
3.898704658014627,-0.007894602928048076,-553.6392851245587
5.495443608420322,-0.01153150413000071,-553.7985023100968
5.47304230975854,-0.01236845073108799,-553.0956229595238
5.571718955197901,-0.012127336105862708,-553.4127291387019
4.848889833174483,-0.01205829147408085,-553.3643471818536
4.010154302674306,-0.007959042642931373,-553.5967925268043
4.758453242343145,-0.010451904603973146,-553.1765660603526
3.658554685603035,-0.008021908239182066,-554.2627542920267
5.49535510989145,-0.01402115461267518,-553.3148436527298
10.073679483227759,-0.02403476400854775,-556.1823702214559
5.547648091191621,-0.01335920007270865,-552.9757752069938
5.203761814479204,-0.012649852801389642,-553.0631757665407
5.052267234844732,-0.012330310239352492,-553.1349096182125
4.854774592985817,-0.012562692688162319,-553.7490048223273
4.977152689110002,-0.009915091226713977,-554.0462171316608
7.0245017290922025,-0.0166433338923231,-553.2307541563555
3.207276286390324,-0.004142092478412826,-554.8089468399485
4.965727203680227,-0.0113202511906337,-553.0583693464233
5.225262448403718,-0.013005404048370129,-553.1817341030353
5.633698605801358,-0.014576057614257586,-553.4502329910381
4.154248064979443,-0.009005005211971645,-553.4373137969658
6.446110791736514,-0.014300354332181731,-553.5144704112826
4.536275492108574,-0.007946624106970319,-555.0956317465276
5.539001854808864,-0.01250089625198194,-553.1137486894355
6.998526446025893,-0.015046360341015454,-554.1718842522448
6.342416374832387,-0.015405798532553234,-553.0567799681406
4.659383037417564,-0.009179895943924887,-553.870292071227
3.6193109231906884,-0.005693822454379415,-554.414113310819
5.3944796317308725,-0.014874353764927154,-554.5274651869927
4.53016293082169,-0.009993367416761021,-553.2144549255742
5.3458361541430435,-0.01276880173042217,-552.9845305416193
2.941737651624696,-0.0041615169626523394,-555.0293409817656
4.034822257160413,-0.00771641047277445,-553.7136661197385
8.079721025252923,-0.02114762413283102,-555.5523849297626
6.89434195090021,-0.018068912592502262,-554.1242511668034
4.444172389495112,-0.009595467600679686,-553.2760991189747
3.282200696431807,-0.0059170316794972195,-554.479246212924
5.240792428269579,-0.011944357038087222,-553.0397472030148
3.8912471462037113,-0.009317117286137554,-554.3543871244459
3.613467249197292,-0.008522437052720735,-554.9683601086334
7.9207345261837485,-0.018418575904880385,-553.6209357997722
4.968819232718007,-0.010785321314841428,-553.2449644584846
5.587995136953361,-0.012222335326377906,-553.3708159509829
4.519441433980497,-0.010674557892371657,-553.3224763278172
5.437617882751553,-0.013146292219435656,-552.995814637551
4.56712221548178,-0.011643472883522956,-553.8500850759613
7.570782327408725,-0.017383990776846138,-553.5219120314196
7.470049548660246,-0.018518371731276292,-553.6847964842955
4.396785276671338,-0.012149881689638773,-555.325966252162
5.947242888609726,-0.013256925664484213,-553.3077785987342
5.186628925980003,-0.012381157312081826,-553.0144795521649
5.58598840158475,-0.013061750407185446,-552.97707470395585
7.488594641346455,-0.018800251215447285,-553.8643033384878
3.7249500153363733,-0.005403007273309099,-555.1202951131582
7.163070288982341,-0.01754871517557682,-553.3889618916859
3.1024103710587907,-0.005296023054356258,-554.8682488319583
4.67007900241589,-0.010298036860497791,-553.1769741810969
4.843318490214952,-0.011114319481076546,-553.0804803813821
6.813885287109552,-0.018477918251998307,-554.8621021291126
6.5631728973597125,-0.015332354448789276,-553.1318333741146
8.28734243443734,-0.018164369200310147,-554.1981476791402
5.475060607977068,-0.011412557195827672,-553.8734456734785
7.193552200571522,-0.017357578344661517,-553.32395940824415
7.456335685296168,-0.017184320106070017,-553.4620826642242
8.96945547625373,-0.01852574902296347,-555.5063967803469
8.252756594873114,-0.020065638577701196,-554.0993202882701
8.164884084171113,-0.020857899541740197,-554.9675336658831
4.2830970226993434,-0.007524332196549735,-554.5661816278092
3.2572374226558836,-0.004393473560644539,-554.712708352376
5.145065051019397,-0.011485738580175668,-553.1184986203946
4.695060089137945,-0.009255681424839787,-553.8959355412818
3.4894302171912877,-0.00671926350101811,-554.1532680937427
5.854047478986232,-0.013453549322022142,-553.0657201018373
2.9299445154732195,-0.004061082312515885,-555.0423516200528
6.720664413185068,-0.01816176680229652,-554.6756365370826
3.722631101096707,-0.005648793768095761,-554.7812396945308
6.486750105326989,-0.017749684344118565,-554.7889925980053
3.3382651538740364,-0.006406474827595443,-554.5063716670139
5.188804715673014,-0.012453102350343338,-553.0259478652912
10.456290444854194,-0.022019475517080812,-555.4339707209223
5.931460070343516,-0.013684198056171265,-553.0594482065245
5.567974072915033,-0.014063496177016474,-553.2132970081336
4.282379918611586,-0.009026891544680081,-553.3745140130935
3.973012627642423,-0.007712927675222446,-553.6634695935252
5.212022863193852,-0.011539583977702435,-553.1713479680441
3.488929338830349,-0.010152945171564011,-559.0895846779401
5.000547240318817,-0.013559321056132567,-554.3404371686446
4.959307173264293,-0.010737205719105818,-553.2583963322867
5.931081531423414,-0.012739937967099779,-553.7308608722631
7.119992289227417,-0.01816588388867522,-553.818511870015
5.150198808699546,-0.012743097543227132,-553.1709049870481
7.357059908027684,-0.018043460833791176,-553.5052175151147
7.066281996796292,-0.014578910917920618,-555.0894913055096
8.009321569988149,-0.017649729265931547,-554.0492091846045
6.976723927439341,-0.01514713482092941,-553.9941232431763
3.6655769325059944,-0.005801148627354092,-554.4328723044991
6.4563228171963045,-0.015751372674788128,-553.0971687162396
4.549200746495068,-0.011437740572496965,-553.72564287573
5.616254592434683,-0.01326401844019148,-552.9637772358892
5.639285216762519,-0.012109856923219893,-553.5904617422898
6.21823977483221,-0.01565558184259512,-553.2300707419356
3.760014804644101,-0.006095744882456215,-554.4083438689723
8.402790313675338,-0.019115590209533236,-553.9063062300561
5.6395414350589705,-0.014005933995120087,-553.0868264555025
4.88739453482547,-0.010080107737850768,-553.6016841974119
5.871301304311462,-0.015305950070679784,-553.5548111607085
4.740537058286505,-0.01064574348926432,-553.1273582833024
5.4233556337078515,-0.01392988645125889,-553.3965624927224
4.219370122861417,-0.009463636056356223,-553.4332420651542
4.895192747228554,-0.01199245606548595,-553.2341438192633
3.5039793334301375,-0.009636624764382335,-557.7277122465719
4.941087135595797,-0.012008244113686804,-553.1662178456925
3.1992691986522255,-0.006432904063677703,-555.2232738871986
6.729192801826638,-0.016981134121192686,-553.4341628515368
3.875740495570557,-0.010826414049113268,-556.6978630736808
2.8538811133693613,-0.0026797166659837984,-555.3237474282857
5.973155273445862,-0.01425182333966255,-552.9792210544198
4.967424618729631,-0.01204447448317646,-553.1425233496133
7.970983252982502,-0.018283261455652115,-553.6807249109308
7.525805157444274,-0.01817942765932841,-553.4992512932336
8.778190466008613,-0.021306373347621053,-554.6346343459676
5.074675653250849,-0.012703895531824383,-553.2847365426343
7.053936582195398,-0.018608328098204407,-554.4094260359038
6.777121801641641,-0.018126636611957105,-554.47203354064
8.576142107752725,-0.01939904506740639,-554.0120766534734
6.254885087924643,-0.015776309393152797,-553.2548522768794
5.598248605839057,-0.015393716673062587,-554.4678665714646
4.73309919524555,-0.011045951252148347,-553.1399231489611
8.152531242442638,-0.018514304736726436,-553.8054514384409
6.376041684035497,-0.013517704537606484,-554.1635834178937
7.116742235930237,-0.01658913789520008,-553.2974197663611
5.949671527155601,-0.012931984700048993,-553.5842601833231
7.372050765365506,-0.01855433052632247,-553.8069910550344
4.642058487237819,-0.009328624958781815,-553.6782818928314
6.585655144723655,-0.01662782789719024,-553.3755129755139
5.003737202341982,-0.011509819755980907,-553.0400321900114
5.110653794365323,-0.011767941385807347,-553.0223748379165
4.457674308153049,-0.009425482465932786,-553.3289454364646
5.8961922640512885,-0.0146148075108485,-553.0750377038074
2.685542596708703,-0.0025765537231588263,-555.5524274823404
2.85329954496508,-0.006627447281842188,-558.8556110042488
8.499777913403838,-0.018443273821446237,-554.4010710829496
7.143200865604397,-0.015652620182413285,-553.8975997437714
5.305481047984467,-0.012110993892338082,-553.0357053948426
5.382216681919704,-0.010261743081059066,-555.2742232530429
6.245607828332936,-0.014584413126376126,-553.0634155118138
2.6740935813143683,-0.002682120233082862,-555.6062835606733
5.062072094770976,-0.010847203503818719,-553.3580423809354
4.033897187321354,-0.006702522861272351,-554.6584701128737
4.49053283591455,-0.009935321758650731,-553.2276778046837
5.983283085252917,-0.012793088127743714,-553.822320255051
4.849669074544767,-0.010238954167381268,-553.3945740984074
3.467061228894681,-0.0053343381829568885,-554.3957094505761
3.3438762722964546,-0.004327182027105406,-554.9655905105923
5.218617983087166,-0.012791781685773737,-553.0953311871829
8.643093693593258,-0.018985869232827676,-554.2744355666459
5.110653794365323,-0.011767941385807347,-553.0223748379165
5.854047478986232,-0.013453549322022142,-553.0657201018373
5.927578420977102,-0.01610116408057614,-554.2794754706741
4.034465941329789,-0.009304837911295768,-553.7924640852734
3.120538489490505,-0.0032059087918066237,-555.4366118131106
4.10296515233581,-0.007707731943584996,-553.8233800988774
5.778353082641803,-0.013052934303800157,-553.1553628827545
3.2363591942207335,-0.005946898263417627,-554.6597962540241
5.883896480479851,-0.014910770494443903,-553.2355896217333
4.676165772284518,-0.00992850900684865,-553.317936961588
3.36548623077008,-0.005369548776198066,-554.312970774084
5.999615835181832,-0.01455482814214125,-552.9990387666325
5.8855990507752844,-0.013318092212252055,-553.1671886674008
4.969347489885598,-0.010672361983691222,-553.3127485454877
5.895497665711092,-0.015136951971247842,-553.3687394384524
6.815164784827321,-0.016875468403310705,-553.299368646501
5.641894469516821,-0.012745564562683035,-553.1266478509731
6.395302154806928,-0.017177063996007533,-554.2709032190756
5.282106050313002,-0.013758437913033196,-553.5979993426364
3.8595472156056347,-0.006394633960748472,-554.3984872536391
7.247097466846031,-0.015749573593099947,-554.0603480036326
5.640698618218882,-0.013112184676280687,-552.994283343491
4.3918435851617295,-0.0093851156639642,-553.3122602523852
6.419877678932831,-0.012789328724974056,-555.5552018205698
7.237867646646533,-0.018738765197118725,-554.1803740754865
7.0494695096741005,-0.01615702476096743,-553.3683045592599
6.164098359588301,-0.014372802928764068,-553.0535782137731
6.304347733688245,-0.015072880322922278,-553.0290572962326
9.170331803852712,-0.021091786000370063,-554.3946707867133
4.078154697028869,-0.008321324939925007,-553.5146838221997
7.1540795027545485,-0.017491353254450344,-553.3710811700714
5.253401508523658,-0.011417973269695644,-553.3105250227351
5.3757931561930095,-0.01342577197824951,-553.1617569857265
6.7057414295820745,-0.015759297797612395,-553.1482876231438
8.594606792454163,-0.01936868784942098,-554.0385053104544
4.780675388965628,-0.012553970337804603,-554.0002719979807
4.928858894590881,-0.012334222481803917,-553.3613497667403
3.8558189758379857,-0.010574350651904804,-556.3799773387208
5.091308626095458,-0.013879018423195132,-554.3884051128655
4.013221462149946,-0.008014642309471881,-553.5823476331279
7.138349901892695,-0.0178362382138881,-553.5512534236883
3.6117186336977487,-0.0049625529477931056,-555.2267132968535
6.76506349421755,-0.016390108316209868,-553.1672378878657
3.7068676712480264,-0.0055013902152560865,-554.9059592449555
3.5640525306690995,-0.008196460742610592,-554.8871099828588
5.911245144086757,-0.014035986352269774,-552.9754003478085
5.524359079477403,-0.013885251138653961,-553.1799792341259
8.22833080381058,-0.018465304968620602,-553.9184543991654
4.741754569511325,-0.01021514077837005,-553.2537859826757
3.1757600870074056,-0.00578120650680876,-554.8237082870198
4.012824184567965,-0.008414887104778754,-553.540980322925
5.50567425266352,-0.014855623250546372,-554.0905630615983
7.6768128021516,-0.017567648970688566,-553.5792301129304
4.8301042555615865,-0.010021488476339968,-553.5194225627416
5.848652521740367,-0.013947796427596375,-552.9683524981654
6.060173869272462,-0.015286234598781414,-553.2152513397845
3.3087794340708188,-0.00610256303432693,-554.4658486702021
5.77216764404781,-0.011984863015752967,-554.1463127280081
5.0861967744316505,-0.012191208060255317,-553.0528671218175
4.672083963483478,-0.010285109046947205,-553.1806087785906
6.04680264719641,-0.013760351292503407,-553.1635489846641
4.973406100868389,-0.010895777209762236,-553.1942004728284
3.772268729403933,-0.006376374946511373,-554.1863647480225
3.9863596488039654,-0.007634979488778074,-553.7050882264193
4.035344985208494,-0.009046314077419898,-553.6543046277267
5.500389282809234,-0.012761268481015884,-552.9921808970618
3.8596685189915423,-0.009178493244254614,-554.3661403601146
8.334419927204621,-0.02043428929440399,-554.302950915004
3.4091040485064634,-0.008018527131385289,-555.6889397658462
3.2363591942207335,-0.005946898263417627,-554.6597962540241
4.28534303006276,-0.010812768516013547,-554.1174750258132
7.658658990720189,-0.016708097420469428,-554.1076631577808
4.570714376696199,-0.009059748526288207,-553.7455865025562
4.92296628757999,-0.010511937797586132,-553.3389180784222
5.404693544712788,-0.011736428846671702,-553.3709483781641
6.427258236330804,-0.012940381300874592,-555.2950738849213
8.103080711810994,-0.019547879215078577,-553.8819811846504
3.5022300073348536,-0.008568729153129,-555.787728281433
4.039949688763226,-0.00925073340998554,-553.74426349494
8.812708532980231,-0.020251232753237675,-554.1258987291807
1.981657700395116,-1.4301087245874734e-5,-559.2823848377216
4.815872442748249,-0.011743273294844193,-553.2560631126555
5.1389507579282245,-0.012124135613511,-553.0092846938304
3.647463661689205,-0.008115165146199213,-554.3822098345566
4.566638061737601,-0.011245783282411905,-553.5260968878051
8.988141109702083,-0.01842822091220738,-555.7072365472193
5.680528223724942,-0.011928848649150012,-553.9086124366551
8.967040064814732,-0.023376816622707523,-557.1979421882871
7.567870416003613,-0.018815745430855464,-553.7942515746236
6.048353450720808,-0.014749722843546599,-553.0183064887872
3.0327664747258916,-0.0042257899553180866,-554.8017802330849
5.892360480783441,-0.012218038988709328,-554.257177932044
3.1167708881928258,-0.004351468329927461,-554.679478947643
4.316189923039152,-0.009293326790123731,-553.329722305242
7.178060004770196,-0.01603066187295269,-553.6498076050335
7.258275864956497,-0.01621915649144143,-553.6654908203085
4.493415373454046,-0.01005559393121407,-553.22378842067894
7.57016259499927,-0.019129591422361203,-554.0395204980978
3.5434900692106486,-0.005906723756929412,-554.1584614332229
6.281749608414363,-0.016214701091985088,-553.520673459918
4.8652780105127365,-0.012714464647304554,-553.8648560518884
9.403428983566812,-0.02000119538194556,-554.9453581540012
7.142269609690123,-0.015149376717634947,-554.485422737461
8.056211045550945,-0.019757666334270917,-554.0313426756715
8.017297965929403,-0.0191802518844869,-553.7514130652778
4.426213223558,-0.010042831971019772,-553.2789670013346
6.197685073963192,-0.014072359023548692,-553.2158717893875
7.389832088596459,-0.015871983918599467,-554.3126206810952
5.158380024659499,-0.0137576370625169,-553.9806536774652
5.839142974255229,-0.014889109851560783,-553.2913684328825
5.421449002768921,-0.01204316545664043,-553.1927274455585
5.450852287048937,-0.013462627889987498,-553.0784431471458
6.5487442893989645,-0.016868509880754747,-553.6041929558457
4.074163230588638,-0.008168177225961653,-553.5527700214963
5.638677044852022,-0.014248098356125309,-553.2101713831065
4.81051447730681,-0.01095275635167778,-553.09386723164
2.847701006417851,-0.0014747314984484207,-556.4678484781458
3.876734918044469,-0.008942000134336157,-554.0870098865145
6.522858184430056,-0.016254696628579673,-553.2343097283963
5.474512075194826,-0.013141804410066705,-552.9764012004201
4.064454060028964,-0.009664234493227517,-553.9435694084027
5.383162298466173,-0.01384167977711532,-553.4175704414522
8.553534883296445,-0.018891965467670007,-554.1837603891181
8.32135407085166,-0.02093671833085939,-554.8032255297683
4.205752174552108,-0.006970513743419652,-555.046651713678
4.8941726863688695,-0.012899274840749838,-553.9591958678268
5.991054064472152,-0.014680242138623359,-553.0286099887961
4.857596111899358,-0.012081885380105096,-553.3596522872624
4.487345381552715,-0.00778166911830471,-555.1275993116469
3.327026489771688,-0.006485882815843933,-554.5991127344125
4.949059206698537,-0.011984339525515681,-553.1455459202066
5.552881966725564,-0.01338982121029934,-552.9780074891917
6.114563008066725,-0.015962030312425487,-553.6251709174455
7.709893279720239,-0.01838321106274281,-553.542823466361
6.98290445641202,-0.0165172321134134,-553.218190856387
5.688328642523378,-0.014899657858942629,-553.6079992968214
6.276581994732044,-0.014347913804328712,-553.184902013572
6.442855288359602,-0.017678826988269496,-554.8256123598778
8.230108822217849,-0.018947647369013106,-553.7877032298971
7.608485980720204,-0.017681639732683743,-553.4853381030576
6.042285180960992,-0.015054862379642332,-553.1201433930254
6.150205611500267,-0.014060971515723187,-553.1548430584884
5.300900501259277,-0.011849112570514126,-553.1305014418435
4.108310700755334,-0.008462825194385666,-553.4854795312208
3.626558133773096,-0.005895904553869564,-554.2679906586333
5.4119870611482845,-0.011334242769327584,-553.7693432544593
5.749980932075483,-0.016375847875285777,-555.392438552941
5.353588618986513,-0.012246352075429193,-553.0301638869562
3.167513000851756,-0.0047195025690180735,-554.5717300965948
4.4433659029101085,-0.008655240688901509,-553.7959121909336
6.844097381552994,-0.015271077027839189,-553.5657573434688
7.183279529568871,-0.017859714390219765,-553.5259949133845
3.3849532846052934,-0.006989157636259625,-554.6950655062926
4.9864063322734316,-0.011997888061787036,-553.1028203357844
3.780155427297596,-0.007415436389916566,-553.7543298946143
6.419047088525294,-0.01694403632771286,-553.9357296059753
6.916075618999971,-0.01688540093567925,-553.2542089106299
8.834696030450596,-0.018634693097528927,-554.9905138523425
7.263306762964511,-0.017375339186806556,-553.330105513144
6.072919443715904,-0.01473753064332322,-553.0081974914285
4.153002071780827,-0.006212848201716781,-556.1533014769525
5.657554515312583,-0.011307722606627353,-554.7167195373743
6.429756792072063,-0.015848693793265176,-553.1357303971054
6.097491019642429,-0.017353709059978944,-555.5992046644906
3.8057916905773985,-0.007872572372677678,-553.7599996704159
4.715211271473352,-0.009969112518576158,-553.3478538048342
3.7587183389584458,-0.00789385799864982,-553.867073269855
5.241270613764277,-0.012806991382104182,-553.0739682598725
5.245748030857458,-0.012329958692163304,-552.9881862786792
7.034717924437662,-0.01721182553872352,-553.3177855592451
8.528614592947887,-0.019040101093808257,-554.0735065960636
4.726261423432937,-0.01475468085992141,-558.3620703784441
8.06503324165892,-0.01976477563290354,-554.0295380197464
7.33714950058267,-0.018278897538405003,-553.6480172978943
3.611276067105109,-0.004718941176655379,-555.5984222127763
6.471780165499391,-0.014657980750884259,-553.30727221365
3.599800421065599,-0.005983086074606656,-554.1709932845713
3.868913236856722,-0.009561325733935377,-554.7350222166825
4.196961491684875,-0.00937684025022558,-553.4465133418053
3.6180454751130604,-0.005784221626467774,-554.3364604807072
3.5608104502483093,-0.007578278909323061,-554.3459255725088
6.026027853220179,-0.014441057346551291,-552.9855816257868
4.630943460488202,-0.011251483035092939,-553.3729138668593
5.798818263852143,-0.01230443757473394,-553.8317899821689
7.9230196512689375,-0.017984140625063715,-553.7205790551695
6.163724645889526,-0.01484160364702231,-553.0078844976148
4.259915002063306,-0.010485730183291483,-553.9073654160417
4.38579980976275,-0.010416645183627211,-553.4801214613051
3.7345045196931514,-0.008279445914517326,-554.1473710488253
6.160203813686961,-0.014596576269959444,-553.0102704565759
4.966500025979881,-0.012214693764361512,-553.2177208981512
4.583858464930706,-0.011465835475937273,-553.6397718715147
5.229102195381384,-0.013918322379515126,-553.9209706223362
5.718350668534884,-0.01605784155114387,-554.9932042246858
7.439325644153931,-0.01663744154559799,-553.706840206502
4.728570639343226,-0.009719033714033116,-553.5446629778781
5.303402412620005,-0.010627100216823395,-554.2973964274086
6.88987248983176,-0.01640029749266392,-553.1835970107301
5.163394615111181,-0.013191123779496315,-553.4244963495643
5.335987242781472,-0.012784328252710702,-552.9910381818545
3.8608939291470694,-0.008669000774652953,-553.953492540352
3.4872013587486634,-0.009305665106357922,-557.21046837793
9.296902375562475,-0.02021817836723687,-554.6143966400621
4.496903707381054,-0.010891443976075004,-553.4789694572025
5.996041434976778,-0.015318255230807796,-553.3271462738455
7.416989582329138,-0.0166576755081052,-553.6540714559216
4.966818791914433,-0.012050902438389162,-553.1457811991535
5.045982409594835,-0.010609409266431754,-553.5116691427222
6.1996841878209805,-0.013991190658060676,-553.2666680169713
5.5226522280806405,-0.014022708613935968,-553.2650250984996
4.263188712009701,-0.009920303360116211,-553.5165394084437
8.046583306689339,-0.019740289542009012,-554.0267807295786
7.0010560705213,-0.016055030529329876,-553.3504541151174
8.316061442940113,-0.016979415635833824,-555.7560853856237
5.213340881782668,-0.011585606745514596,-553.1500199511162
3.6398279188520664,-0.006125286392928769,-554.1365656823971
5.154484338259339,-0.014275415106548341,-554.6765912645194
3.2236469256536284,-0.004574862450370475,-554.5850627426533
4.918334043923688,-0.01467676580082832,-556.7301689212949
7.668351891359512,-0.017063637819118654,-553.8305098615806
4.884419983238542,-0.010975780764058845,-553.0988999980044
4.727500458530362,-0.011268825310190678,-553.2047834580973
4.891321199649461,-0.011414547484949817,-553.0709239193754
4.093288515486527,-0.009890578129642088,-554.0217267928124
3.582699338402143,-0.006730270050424937,-553.9721170176741
4.8062137845108985,-0.01040228987707232,-553.2371081763974
6.710628362754657,-0.014920801013707283,-553.5687120600782
6.714767679451883,-0.016971882337735895,-553.4449094088586
6.749052813174935,-0.0143143439109152,-554.332670945633
5.698995573918569,-0.013383406771395968,-552.9740548860339
6.503296174361353,-0.016319570229797586,-553.2850547119317
6.299643315226109,-0.013909741115303263,-553.5229220942999
7.126675700376407,-0.018007536915431378,-553.681419307626
4.759956560037403,-0.009590931423808232,-553.7352129548907
5.503981281992166,-0.013738379868519267,-553.1333239606645
7.537653976886513,-0.015238644331003857,-555.8504804012084
3.6247390178047874,-0.005813746176950858,-554.3268675941343
5.6074261651464505,-0.011865350159208728,-553.7579434785066
7.543990390471423,-0.017289932215306437,-553.5236194815031
6.534706219117717,-0.014577785945173043,-553.4772725572062
5.503981281992166,-0.013738379868519267,-553.1333239606645
5.575661466966483,-0.0116905698406431,-553.8616327591743
5.177048308472165,-0.01291715854250946,-553.2161448513313
6.395302154806928,-0.017177063996007533,-554.2709032190756
4.004659113044135,-0.007886216041738026,-553.6173885051054
4.146946636045766,-0.01033133286264094,-554.2169402435587
7.642510869100054,-0.017689521457911153,-553.5117440725926
6.181693497408291,-0.015370979736787749,-553.1294190687706
6.005283301778125,-0.012650674219747686,-554.0652822014413
4.884001340760478,-0.010829374701875769,-553.1380540533404
8.584704807707574,-0.01950523388723471,-553.9997269020273
3.7495194094476347,-0.010340434170506254,-556.8306450211307
4.065047937466073,-0.007480189213830231,-553.9223073061061
4.794725332815514,-0.010750777825208578,-553.1178515071891
4.13802758284867,-0.01040028557296185,-554.3307748149717
4.718344935101223,-0.009451133265752866,-553.7600739655707
3.4325423312933108,-0.005360976730956392,-554.3401998911553
5.605938922692708,-0.014655684371014098,-553.5837629032325
4.9864775904623375,-0.01115915670657213,-553.1030882837179
4.388136266975587,-0.009848434168787744,-553.2904539404487
6.832881979053703,-0.01637014095843622,-553.1677344904916
7.293714650386714,-0.0172431496051017,-553.3320828643876
7.780222836481278,-0.01906267501228851,-553.7861852011986
5.141355559567917,-0.0135496665747229,-553.8101387543602
7.403236944316997,-0.016617393029885196,-553.6561436293272
4.889584879005433,-0.009899002145983993,-553.7849955630198
6.854352380421511,-0.01434673434116243,-554.6537529916781
4.09317664466937,-0.008853543074539323,-553.4910930711613
4.511739905589882,-0.008387555116041258,-554.3107548274905
4.694154822388158,-0.008636430836029895,-554.72104475532694
6.985079469918129,-0.018352330714114313,-554.2542287705388
9.31482391746219,-0.020142378782981057,-554.6850147447776
5.132300813268509,-0.012871451756416871,-553.2726887875584
3.2673003493603066,-0.005299644267937131,-554.402792672316
7.805828863109691,-0.01996010841126355,-554.5220118916167
5.3720671504481246,-0.01501347736001447,-554.8298897692188
5.368913239409687,-0.012302266992425172,-553.0249354017324
5.642070878437387,-0.015668766773116658,-554.698227199849
6.039994091613047,-0.014397565313959762,-552.9873051460225
7.297567385289053,-0.0165288975960558,-553.536189053517
3.5434900692106486,-0.005906723756929412,-554.1584614332229
4.829582289156757,-0.012211598444512688,-553.5200690522064
3.056892889186317,-0.004051566007773307,-554.7897889265216
6.368932091254557,-0.015004558233282925,-553.0606934844928
8.440557300560092,-0.017746569639629624,-554.9990182171767
6.7891168242665785,-0.014694346596446422,-553.9817377765418
3.8984011036561252,-0.007776026531685807,-553.6475597088312
5.6546650778141085,-0.01208484758293851,-553.6566728975627
5.291710757979511,-0.011125137071910611,-553.6482818205759
4.763282770809005,-0.010400461400072931,-553.1974973200975
5.478630275346495,-0.013425869041249434,-553.0365795864473
5.13844782138969,-0.011181082746091234,-553.267982533775
4.456740696096059,-0.008827758104356155,-553.677950994182
5.745058130099702,-0.012679861974277085,-553.3384591853126
6.732123450637898,-0.01594753712734827,-553.1391773962049
5.146651371603467,-0.013223175326964267,-553.4911080121495
6.689458895910452,-0.01785165378728148,-554.3436727186337
6.51796094149814,-0.01898403751995277,-556.9398337907285
3.134223683968485,-0.004122618538363433,-554.7505487271645
4.715377279931057,-0.011456913471639428,-553.3055068998875
6.649132039083593,-0.015151508343639992,-553.3026636401412
3.6872012140126724,-0.007595379291545949,-553.9379471480169
4.020088303206309,-0.008893607227062124,-553.6280110542289
2.834435528991763,-0.005192777097678033,-556.542780625112
8.994000543841976,-0.02289052131481143,-556.2728432443402
4.626610693870997,-0.013639119498667428,-556.5680285417477
2.685542596708703,-0.0025765537231588263,-555.5524274823404
3.708365038352394,-0.006351855380517714,-554.089998755702
5.71533491729751,-0.013198046235018048,-553.0241453943515
7.873852483719613,-0.017878581385122407,-553.7005021904073
5.682001325705511,-0.013393057688883589,-552.9675492873347
5.449769712913592,-0.011147795641232212,-554.1229515291813
4.327551355047651,-0.007123146102742552,-555.4370252741579
5.2195643080586365,-0.011080573564085238,-553.5066567218968
3.6718736232091582,-0.005968655808774377,-554.3017489120891
3.429578196413956,-0.00803531243310554,-555.5616178670367
5.087634159373677,-0.009712495744925519,-554.7976093648967
5.524208189124124,-0.0122631985176418,-553.2228921104929
4.937691542342693,-0.012348228841940725,-553.3506984105547
3.090007355810551,-0.005429588189423063,-555.0038035682791
2.878061558309256,-0.0032446139227741777,-555.1265699424101
4.923740021561997,-0.0096692105996994,-554.170930404046
4.244141968859317,-0.009310580224317409,-553.3741493577697
5.6576004449443875,-0.012354396902127703,-553.4129670428562
14.295531539902717,-0.025945919799090826,-559.4357986570188
8.130472985530284,-0.017947106948749045,-554.0608003078038
4.9192154691187975,-0.01139732592563744,-553.0574432342845
3.6308711583523823,-0.007686294879972498,-554.1487275380039
6.891779941330004,-0.016289263859506888,-553.1898571266712
6.179007172146354,-0.015934696595687543,-553.4760558358666
8.39055000317861,-0.018786829075677067,-553.996953895457
7.69187504904286,-0.01860314940401449,-553.6077333637536
6.681823559693273,-0.017289221298131822,-553.7442877666373
6.163183488932393,-0.016937662691137764,-554.6596573171184
7.850517284022773,-0.01676942619287019,-554.5387140637952
5.7236030779883995,-0.014749812553151376,-553.4012796069928
3.435129190838031,-0.00411893699659285,-555.6070270400172
3.6486079539258487,-0.006353531174045639,-554.0264542582387
5.0499990257474545,-0.011200233253305584,-553.1412303289657
4.277154748768057,-0.00819926493044095,-553.7985578998033
5.1724527315304725,-0.012848895160637686,-553.1876701244671
3.3946447855040547,-0.004117504740354594,-555.4119271568517
5.002607563208315,-0.013383140432613473,-554.1106455260775
6.215130570126434,-0.014267090659816496,-553.1430249202349
5.086817734767473,-0.013783932403345488,-554.2810419082371
4.47152427528751,-0.007700527426129204,-555.1866402854835
4.94987528501321,-0.012058365754570328,-553.1735673968907
4.215113698987858,-0.007414901965817381,-554.4406505098088
6.770609544677899,-0.01559389843737515,-553.2576779370437
5.732018274218813,-0.013664171759481045,-552.9625764522513
4.952566152194907,-0.012760919319010243,-553.6292888802101
3.621736837054751,-0.008168803635052636,-554.5499710860628
8.646489634564558,-0.019815227316111305,-554.019206608155
6.006622359015244,-0.015161057744743944,-553.2130660588432
5.423322411448652,-0.012591211631219599,-552.9893062758771
3.8075143013958574,-0.007049761542442507,-553.8293655668527
8.566757423015243,-0.019694148063125874,-553.9718158738996
7.641076060708019,-0.018678162679126028,-553.6603454389057
3.8539465867827682,-0.006474256097275916,-554.3006697520502
6.432547130510947,-0.015547462250934181,-553.0661122286467
5.364210134695569,-0.01440163226557838,-554.0222588027021
4.198080511856674,-0.008841691535145125,-553.4115050618154
7.344217887446011,-0.015840729233889638,-554.2207046977112
7.178938061891401,-0.01625387894421374,-553.5053766821261
7.562878551858644,-0.016279573046678566,-554.3177227740849
3.528854368360575,-0.006580643335708515,-554.0426957123187
7.537572680245877,-0.018757434660110726,-553.7821605706228
6.912364534646332,-0.015578795439913883,-553.474938401531
9.513420206487625,-0.023335991767444088,-556.0097999523817
3.96064476859782,-0.007580353514144191,-553.7087081930922
6.90792157669459,-0.017733857990310572,-553.763835771576
4.7548522935963025,-0.011130081373601585,-553.1347920489652
9.159077429824192,-0.01973762414007178,-554.6801671456584
3.300873441721598,-0.006443218272600245,-554.6866659608752
2.8464343247382224,-0.005437986922724003,-556.7736698222518
7.419022717995699,-0.015563315573096304,-554.8223727860628
3.8034989833913326,-0.007804707339758409,-553.7507441408693
4.913730808177527,-0.010437004910994474,-553.3731152160824
7.657127455482911,-0.017244589628913832,-553.6972809525141
6.655399531063941,-0.016466037131936617,-553.2296578560704
3.47818728720099,-0.00638092749498763,-554.1087829153341
6.809884897706599,-0.017107990771564965,-553.4259076467087
3.0878425974960364,-0.004787839740997458,-554.7322935211624
6.948452760202392,-0.015094177391959984,-553.975741597143
6.575721187992961,-0.015356149185993725,-553.1363199595125
5.998551402939063,-0.01400509327525134,-553.0211002075221
5.4748937434569,-0.014659635364431363,-553.9587468265753
5.481974622112453,-0.01294504218468924,-552.9658389831866
6.852212742511369,-0.015283460445185937,-553.5725323488355
3.29940398171086,-0.0052886108862012695,-554.3654928804085
4.816574401894365,-0.010810657486562642,-553.111847290493
8.0903480161616,-0.017050889265136933,-554.8813708469384
5.882574127561842,-0.012863472721793586,-553.4851222501671
4.875247320817932,-0.009883883113905444,-553.7596029672134
3.3409921302434835,-0.004324094856760379,-554.9599721312176
4.014238521376863,-0.006247113278889013,-555.249106949678
7.801453236340835,-0.020615440074173663,-555.4077597853573
2.616120153845146,-0.0023330566633534174,-555.7473621136377
7.711645978191324,-0.0172163312881522,-553.8045570037592
5.264730878397281,-0.010505724966524403,-554.320430096747
10.565837314468261,-0.025214095965029007,-557.18268257368
6.774777248336482,-0.01600414777733898,-553.15565821025
6.163275007304492,-0.013829733198865117,-553.3082317098768
5.73494060574738,-0.013697395641903998,-552.9630842950717
4.9984537425017,-0.010544760804616781,-553.459645605007
4.289329426082472,-0.00979819915279084,-553.4143628413012
3.867249572588191,-0.008339515817615922,-553.7693918953917
4.101335622563353,-0.00860665217790458,-553.4714735329088
10.044183336090999,-0.023115223554805286,-555.3061712350992
7.2238328202841045,-0.016463361058971726,-553.4618698724863
7.617541622192786,-0.018503616044179317,-553.5915886451103
6.540512929682292,-0.01587822327886374,-553.1040046164825
5.097065180362405,-0.010618419319142433,-553.6297750650124
3.376855490079,-0.004570507026679155,-554.8201261625094
6.329752353865064,-0.01468736721739743,-553.1080532644445
6.673814539178809,-0.016213341687898616,-553.1457360784348
2.8238441238818055,-0.002745055393263612,-555.2978401940208
7.67894267855498,-0.018407257622088145,-553.5475862810747
4.881672414436688,-0.010435338534458542,-553.320152936459
7.788853615769536,-0.018826630030784525,-553.6674608168295
4.383081257039278,-0.009061820088639615,-553.4155840835966
6.179100046675619,-0.014153813298250953,-553.1488024534707
5.1744024522660865,-0.012850303734037592,-553.1851815420911
5.92464247040211,-0.01593708555053395,-554.0813688098368
8.022210420136153,-0.021215476307613966,-555.803285178008
3.832554185486964,-0.005096838872927236,-556.2813809008951
4.612420462493694,-0.010374269563394501,-553.1681439344396
3.6240337707772925,-0.0069205853521429345,-553.9243212033537
10.189260433690102,-0.02397540959191709,-555.991963477479
3.1481513959602165,-0.004458646604439864,-554.6342965283491
3.7069322684164705,-0.0066294038239282866,-553.9437736733032
7.560407887822162,-0.017755250183936415,-553.4468742135648
4.407129550863892,-0.00928981225502645,-553.3447389850452
8.88501855333973,-0.022836725379077234,-556.4210948125489
8.755337173977692,-0.02023560770184503,-554.1008158670121
8.263358987234604,-0.019437711549320665,-553.8285189842552
6.4824848700821995,-0.017422023428026207,-554.344197026268
4.076042345164575,-0.00857392937453436,-553.4891098739486
4.916940212784477,-0.011856417137677775,-553.1433234012716
9.266079886200336,-0.021465777306645024,-554.529747460702
5.5910764372792325,-0.011900239766447466,-553.6736056009471
3.9807110405607067,-0.008230976780130198,-553.5665722262645
4.860581806901373,-0.010504907372879695,-553.2510012243077
3.5039427485403625,-0.006624861430581374,-554.0954261335668
3.5481475389415493,-0.007450723270022902,-554.3110443581338
3.088435014881254,-0.004164375025617803,-554.7416386532872
7.867872606979338,-0.018981641608955848,-553.7073469210959
7.247940447316696,-0.01681288097531633,-553.3601948359174
4.5772292726880695,-0.011437887325053228,-553.6376782867184
3.705112096592429,-0.007074055547505347,-553.8356489691794
5.208240398343577,-0.01257341754455398,-553.037418753761
6.100639233693051,-0.014341554306886236,-553.0164961701738
6.44063753661647,-0.01467423008548043,-553.2498067828125
3.3988751377415265,-0.005359254658685559,-554.3201493066572
4.847015303525368,-0.010866479690651487,-553.1094040338563
5.647623569143107,-0.013357159701609876,-552.9631421458471
4.407129550863892,-0.00928981225502645,-553.3447389850452
5.786300065750407,-0.014313687139900031,-553.0604626029032
5.61266408162994,-0.011980707252270772,-553.6494673243564
8.36171046623002,-0.018759146829517005,-553.9703886542072
6.390981006595604,-0.015705039010179483,-553.1103346517582
4.607328576548245,-0.010372215162628642,-553.1699999486497
6.119374132524764,-0.01370073278254886,-553.3166670049138
10.042963754435526,-0.02353163024979214,-555.6523875066885
7.156998740808958,-0.018467736968336205,-554.0426915347124
8.336693255210005,-0.019295967606949297,-553.8397331134088
4.505157971195691,-0.010781662283136876,-553.3991456837325
7.165074686320801,-0.018039515094434567,-553.6599342742259
4.387148495604611,-0.010607004883665283,-553.5894202456279
7.2560156550909936,-0.01728610698745871,-553.3201135609734
6.511520126093693,-0.019444230349974764,-558.0394389693266
5.972540856495442,-0.015537436568275331,-553.5422555104772
5.265656683186917,-0.012702436894589084,-553.020857112782
4.146496117232902,-0.010605428068126366,-554.5263387236257
4.54161896718524,-0.011719918471915954,-554.0222427887787
3.5810960441175625,-0.0077499223756706025,-554.3852973278784
3.0979766082935787,-0.00565640545599667,-555.1260102038258
6.259674923988982,-0.013979415680921457,-553.3830405802507
4.908655485038639,-0.010707116368138644,-553.209017225457
5.529269152958266,-0.013879647134841471,-553.1695422275296
3.4666287076559783,-0.0048191176825787534,-554.8348155771196
4.9923916824392025,-0.01081824553038275,-553.2600343035122
6.727033195585554,-0.013284612523478786,-556.0628550729697
14.044259696779159,-0.026212834883558363,-558.6956669855716
4.211015858670157,-0.009367334078685096,-553.4229066877532
3.2805060010418186,-0.004992217566956848,-554.4392827445339
4.207901605253433,-0.008110428400020237,-553.7265073555035
4.551482213196263,-0.009435351981707155,-553.4233644088797
8.36171046623002,-0.018759146829517005,-553.9703886542072
4.766150095404293,-0.012903827507969649,-554.490778143573
7.581101763538684,-0.01644245824053165,-554.185852374838
5.822478958623487,-0.01515067187431418,-553.5248138603132
4.965814998817291,-0.01271049001372383,-553.5480705960316
7.630545242090263,-0.01903884752936026,-553.8938901582871
6.246696347962677,-0.013884103295322569,-553.4297497842257
4.205210283588526,-0.007990238002909308,-553.8120375038305
9.234792300195387,-0.021100435016535638,-554.415088078405
5.726316713728171,-0.01431503980845972,-553.1244099539522
8.896066878618697,-0.019501967402526917,-554.3821096072621
3.68851105287676,-0.009499275023163403,-555.8238100326162
3.67500856873643,-0.006124952176106917,-554.189050379541
11.122438596408319,-0.024114126883416735,-555.8532655189027
7.043440016212174,-0.016149693069786485,-553.3637352080302
5.491838204090272,-0.011809609315919633,-553.5045329045425
5.90248070182134,-0.014066155061070335,-552.9726675896135
6.0757187645221435,-0.015252588377871305,-553.1787301771819
3.6057403379503965,-0.0069075633329531904,-553.9501828866116
4.668691753045433,-0.008372902524390172,-555.0365418208614
3.6139343808444218,-0.007708200589389285,-554.2234150647134
7.097816102569527,-0.015862329592018266,-553.6192004922755
3.573117353602301,-0.007175160842070129,-554.0853637908062
7.218952374500412,-0.01700569164580175,-553.3061836800783
5.1839722430715245,-0.011036076945563272,-553.4628429129824
6.6754911795124,-0.01574813657774737,-553.1307686632678
5.737303726382169,-0.015407529103493774,-554.0116832290554
3.97690064161729,-0.006740275914332195,-554.3988325482121
3.2585415103517823,-0.005732110592695234,-554.4883151585043
4.218473481621507,-0.010041651572158965,-553.7049509982334
7.243745510053724,-0.017488458286467903,-553.3493965016281
4.647846375678957,-0.011518363576053615,-553.4976102703113
7.039437415962349,-0.017248898932874047,-553.3290205595017
3.768499290852126,-0.00707282067661972,-553.8112922909961
4.646498178695335,-0.008978978117874055,-554.0550335975266
6.143652008799293,-0.013839062500776706,-553.2678982749043
3.936927684477262,-0.011285975889402076,-557.1051418317389
4.9417435332600075,-0.009175835066622019,-555.0141792475276
6.2055880578317,-0.015414831983040212,-553.1276780612966
7.685037725148286,-0.01752650262204179,-553.6038696756888
6.24118017144576,-0.014641640589251784,-553.0468397040593
8.758607383173807,-0.022369668503084836,-555.9393051839962
4.062655191795724,-0.009810315149370906,-554.072684004128
4.045743305051383,-0.010108987170726216,-554.4490954406289
4.196705729821111,-0.010546561315768347,-554.2217495373253
4.712107480952893,-0.009007013624352278,-554.2550795687891
4.556055896742317,-0.014220938791289646,-558.4666455734414
4.392865451092388,-0.009716305294752797,-553.277521715167
3.917768877865296,-0.008844234375093726,-553.8759961001143
7.25872510156228,-0.018277909749411278,-553.7279023051051
5.196024327641013,-0.012420254793340036,-553.0148833904591
5.449461925135053,-0.013478215734853168,-553.0863488593585
4.745512684748041,-0.0113429605049587,-553.2042640832667
7.9527367710703425,-0.02061193325221668,-555.0563231514299
6.075317133180142,-0.014210593975379649,-553.0269714203279
4.465312539184505,-0.012342604229283584,-555.2285873903971
3.177493250359928,-0.006097649872448574,-555.0451813893249
5.1959441759609195,-0.012791415896531199,-553.1249983319835
3.7352723475746865,-0.005346802553265578,-555.2533566243186
7.040566114513027,-0.017156288753171663,-553.2980471978419
8.455866677541236,-0.018055464356370978,-554.6725038210317
8.674322360380204,-0.018372717652966844,-554.8759506848992
8.469343787051525,-0.0177639658485484,-555.0602934982065
5.063705298699934,-0.011033489883369232,-553.2408210783541
8.889728614043758,-0.02159768943199943,-554.791810405197
4.999273618041423,-0.011127560692217828,-553.1231130806126
9.28525125803347,-0.02019025252211054,-554.6113249166261
8.378991865225782,-0.01768514186056667,-554.9010651155995
6.28518616887088,-0.014577708196296392,-553.1006107334708
3.953430413929951,-0.009215245387606971,-554.0052794321185
6.384731156918173,-0.015286834305170787,-553.0456425930125
10.29187781208464,-0.022460469213069465,-555.1354160306901
4.010334700527965,-0.008313238449620761,-553.542133525868
6.476166737258285,-0.013851287838065206,-554.0575764950055
4.332372787404031,-0.008332722401644505,-553.8124067647029
5.945541620699297,-0.013500031104189762,-553.1563075065783
10.150298283603615,-0.023051357993886915,-555.2457358919405
5.757329488001328,-0.01601284434624751,-554.7633476617957
5.477386160675714,-0.013373547890422638,-553.0219486814574
3.7524442703615324,-0.006349083134971469,-554.1670788569247
7.2819623544125625,-0.01665633500306001,-553.4519512650943
6.669613353909544,-0.015445875225309371,-553.1989578260434
7.619417416600259,-0.018614342055062384,-553.6400876162783
3.2609234759493093,-0.006861870808567194,-555.2787755554498
7.866291189406442,-0.01643543328865686,-555.0414433621637
4.4612010021210615,-0.01082393134348651,-553.5286608650139
8.925348808336922,-0.021964780445944153,-555.124744749655
4.301351464489617,-0.00815296828601563,-553.8978489192323
2.927045145597832,-0.004795177451763352,-555.42826148502
5.29616550242044,-0.011603239550577201,-553.2613944438829
11.033683952053517,-0.025792474629953654,-557.4240083405203
5.732038064098288,-0.012735229673331893,-553.2738787649447
4.194348259095001,-0.009108200537592226,-553.4056039520727
8.449963198711808,-0.020870379418968424,-554.5661655578493
5.154492851945565,-0.010833034787084502,-553.5729615704454
3.2217257181220127,-0.005243570485998116,-554.4800696913214
3.7946299612654344,-0.008717345378762174,-554.2399558621815
6.215130570126434,-0.014267090659816496,-553.1430249202349
5.113952026275827,-0.011320459410681554,-553.1573963577397
4.216573997653456,-0.006567685538363206,-555.8395803709807
4.588315504366344,-0.012444463915949465,-554.7104460327694
8.040693173340339,-0.020059061535349972,-554.2858893080471
6.105680026582601,-0.013481379211690568,-553.4567325066572
4.2271800675232925,-0.009398198903137716,-553.4066314934197
5.797080497765113,-0.015338720748733586,-553.7655180113646
5.910031504256059,-0.015693934326402963,-553.8435807311234
8.392562027964175,-0.01982813143318576,-553.9410781486431
5.3594824436743576,-0.012591398193771426,-552.9757698591417
4.13848635475401,-0.00808875848225044,-553.6352657504556
3.556605876979478,-0.0066090112305490865,-554.0033271560343
3.910579826763762,-0.007642726890191801,-553.6683502561804
5.905024875928901,-0.014007190006973386,-552.9756711923775
7.701557044018997,-0.01648136746141483,-554.4664062516982
8.01528020678772,-0.02129504844132435,-555.9551783974558
7.169402223587387,-0.01568527878274404,-553.9295115492604
8.037201596110796,-0.020335176189396315,-554.5653412422998
4.93050756847038,-0.01036869745709689,-553.4558631227843
7.170617890548925,-0.016915787518535057,-553.2866774153549
5.923484245752189,-0.015139565074189761,-553.3223019926418
3.7229452976311306,-0.007922991022551555,-553.9765217312329
5.840049788638657,-0.012286522323764057,-553.9835056638992
3.1490633859891743,-0.005039601707145381,-554.6183285095042
4.484373121316465,-0.010276077059094148,-553.2555737720331
5.074992496576342,-0.013341106406431687,-553.8079869684283
3.13041921195919,-0.004338998017132207,-554.6739778786773
7.657927911377558,-0.01873228959735436,-553.6786816373202
3.558506840763008,-0.007576898100801215,-554.3544585454074
3.8189900813886823,-0.007478776690936173,-553.7220820919405
7.08107492599516,-0.015922414925792338,-553.5460162383607
6.233058278902118,-0.014658977825011688,-553.0382448776502
3.925676212393685,-0.007629182625498074,-553.6738519511225
6.15821212744042,-0.014389610403753922,-553.0446510505313
7.108547127497146,-0.01793383424792264,-553.6484797486404
6.497865475226462,-0.015159760474305253,-553.1214634034319
6.926149843396124,-0.015433833197546381,-553.6051149870955
8.09812318990321,-0.018723847914026877,-553.7148121937362
7.34413372960258,-0.017414060276391686,-553.3531757209012
5.34349053417587,-0.01253578824443923,-552.9779235824955
6.247939609399659,-0.015943745545625356,-553.3701930429211
5.301304534177807,-0.012763506146998768,-553.0079633228597
6.542978726136708,-0.01474331000280014,-553.3742659169441
7.5263574384291045,-0.01802427040505136,-553.4594511694338
4.908128969546248,-0.012017493785545435,-553.2234817155187
6.20265122047536,-0.0148396305466216,-553.010576108292
4.513292803995619,-0.010869840507963871,-553.4274286109865
6.2010757492498305,-0.015114111449260345,-553.0389718276687
7.733127964129136,-0.018892100475923487,-553.7204900601771
7.773801443005559,-0.0179717222802628,-553.5688835541528
4.523974191532526,-0.008494500194179598,-554.2187946915113
7.534726104964007,-0.01694832095299231,-553.672371543311
5.325952380734867,-0.012226124634720557,-553.0180936580911
4.210112379539498,-0.007966766797609803,-553.8418516215768
3.6600591672528147,-0.005463680677380963,-554.7717786300254
4.762343926912208,-0.010139184541633876,-553.3175443610071
6.2700583864494845,-0.014802207546785557,-553.0361743459079
4.072251793799802,-0.007755755322294735,-553.7397918851818
3.750524297849218,-0.0071581359898840935,-553.7980537867783
4.337257780983791,-0.00909447482414306,-553.3719114298999
5.823888668360956,-0.015167297255429571,-553.5362902422678
9.727311045801981,-0.020286237071724292,-555.374337390532
4.640096878442081,-0.011025765179693656,-553.2520226461472
5.983809358541748,-0.014713521612100966,-553.0420919830698
11.507653228529902,-0.025988135860676866,-557.207806528912
4.101098360693293,-0.007925603351698339,-553.6791160006995
3.462801510793467,-0.006389847109971693,-554.138313842705
4.778117351288595,-0.011535502864800689,-553.2278998630961
4.790748428570787,-0.010631021504313883,-553.142596246035
4.976623634583207,-0.010429272593407847,-553.5066419156883
3.1924346263619148,-0.0065457810288429225,-555.3842387666099
5.116270101685744,-0.010124912123932905,-554.2812433640166
5.231216766494166,-0.011953384527596323,-553.0317199534926
4.231254830505823,-0.01052346397065619,-554.0523638466825
5.076521573411901,-0.01095213768148448,-553.3117843071791
4.269867259210778,-0.007900529131062022,-554.0602671747351
4.576288305762399,-0.011910936595203425,-554.0903239189429
6.282233657993684,-0.01660079674716237,-553.8860001926308
3.7960155523269905,-0.00647425214733324,-554.1580376584976
9.750666036261485,-0.020581750636520537,-555.1602930181756
3.922899356269958,-0.008555554394201545,-553.7202007265886
3.7385530551751303,-0.007325723349661018,-553.7961861932265
4.631314139308391,-0.010683477233807954,-553.1743727235146
4.168632776812887,-0.008523871438663051,-553.4774389732239
3.607474320794609,-0.004540972193362146,-555.8800091674617
6.109422455871428,-0.012325683329888076,-554.9730276335642
5.401847525726213,-0.011775611723113885,-553.335386896165
6.797038301025336,-0.01677494394573544,-553.2682802640187
4.1626362430123045,-0.010327288267349688,-554.144941173766
3.8918220033881625,-0.008011359329027141,-553.64945935803
5.374012149722807,-0.013971357652171529,-553.5477039539311
7.720634599948232,-0.01832205987492483,-553.5339695632765
10.513833507432897,-0.0224704652070831,-555.3417986368182
4.857093300362908,-0.01045754239391152,-553.2714555187039
4.728992283987172,-0.011137183275895912,-553.1636179749682
3.7915898938251673,-0.007161876833295104,-553.788143356289
6.838264640786571,-0.01804548592380434,-554.2205339228668
4.694987671208088,-0.009573855128398761,-553.5899451458722
7.391617985543492,-0.017514628931274777,-553.3731188790703
5.524348397682501,-0.011239577892706614,-554.2729831652334
3.9839132534443666,-0.007320014228000983,-553.8849153116404
5.395665126836177,-0.013262482100099829,-553.0642602756766
5.027215134712199,-0.01168141698835271,-553.029385438465
11.848424995157568,-0.025276792682153,-556.5268252969638
4.125313605989005,-0.010432034794506353,-554.4269651740257
4.355342364770849,-0.011096440714927184,-554.1197699214617
9.411523145319709,-0.02186719532644453,-554.7036353006109
5.698695258512939,-0.012921796270504625,-553.1142804904752
3.0826377676616317,-0.0045782635836200385,-554.714749508329
3.4384274572071045,-0.006683958993707877,-554.2881503777803
6.271336187040671,-0.013671983786152964,-553.6765178253132
7.750298459402378,-0.01995863759626675,-554.6188266789281
4.360536724640941,-0.01092930652892112,-553.9329285165238
5.275039315254972,-0.013928955212645313,-553.7851459621197
5.1987916171859085,-0.013768294237000793,-553.8562389545274
9.953463955230728,-0.02298164355375217,-555.2433619927358
4.792205206217754,-0.010431921099334723,-553.2099765427829
6.311137675234887,-0.015711914153958898,-553.1655823278492
4.410578755876208,-0.008863538636629444,-553.5619625920045
6.658905358835541,-0.01720847176147077,-553.711358065414
9.989154412641957,-0.0260952866225487,-560.2947558019621
4.171837259881323,-0.010599201149950572,-554.3942896096077
6.097628154914595,-0.015430295229297968,-553.2502192160459
7.393042087445128,-0.017799013398941264,-553.4112474138577
6.382902468742757,-0.01705008509753911,-554.1468939922937
11.38874831688501,-0.025592128422413256,-556.8418238609189
6.902404179972644,-0.01694785157421661,-553.2798592248348
8.69267643741872,-0.021559032895234833,-554.9755485370727
3.6051976787828055,-0.008328319761623676,-554.7969430577607
5.066656429253381,-0.011461826003532159,-553.0657518932145
8.547771086179889,-0.021872332085539153,-555.6207995784429
4.4419645734976045,-0.010157729341804653,-553.2824223406889
2.4849907558018463,-5.648616588936588e-4,-556.2946012123772
4.804335734372464,-0.01068613188243041,-553.1346536315131
5.708752307362553,-0.013488796752329824,-552.9658844207198
5.904379007518898,-0.014431434827386283,-553.0125094809682
6.436644259852829,-0.01614799920090047,-553.2602298445241
9.998288144959577,-0.02183579389060011,-554.9331449410829
6.574885205924835,-0.016148794912796947,-553.1597535972579
6.125208096437073,-0.01588848836099938,-553.5380725458047
4.112287218493597,-0.007316730760857346,-554.1996241756582
6.122412047976238,-0.014034288055401065,-553.1317385334079
7.2198267861603975,-0.016287415858755813,-553.5517770243912
7.992564394902119,-0.01746520820859112,-554.1658191355043
4.0193918393900905,-0.007401877757197945,-553.8906059522884
3.6034160680989498,-0.0064446042703432726,-553.9848715861702
3.7826491112888205,-0.007652681528094642,-553.7611049278717
4.903545004649462,-0.011988484966421138,-553.2176604773373
6.246391696437529,-0.013711543997438598,-553.5766362053681
5.902878439466621,-0.014443516511416956,-553.0162535437357
3.738957968960641,-0.006815018964319875,-553.8866566351631
5.457944137589002,-0.012184848920582369,-553.166746846291
11.425060632786968,-0.026384987375336198,-557.830436853608
5.784214453029905,-0.014343279889315542,-553.0736360715796
6.055570189437267,-0.014718341942646521,-553.0098294835698
3.9477061760194303,-0.007535219822129314,-553.718586952494
7.60946132233035,-0.016976308804719904,-553.7832816662847
8.665877731796282,-0.01848327348741242,-554.735195831066
4.38735090364493,-0.010700979738372052,-553.6534646747775
3.915184861414392,-0.005102367753249829,-556.882406130353
2.7799702935745256,-0.005416686342649541,-557.4293710439166
6.271336187040671,-0.013671983786152964,-553.6765178253132
5.076521573411901,-0.01095213768148448,-553.3117843071791
5.113952026275827,-0.011320459410681554,-553.1573963577397
6.0969875344721265,-0.01608172994052615,-553.7816226800643
4.83538937595131,-0.010222692126095312,-553.3803864949102
6.554659179516695,-0.014411410791694668,-553.6637351943995
5.880741562000001,-0.011610846551534718,-555.2155476411124
8.840381794904264,-0.021168767180819135,-554.4848323282757
6.779369057939616,-0.01589051818399616,-553.176346428716
5.226016843242573,-0.012604113508478747,-553.0298119896678
8.25973728717913,-0.018685964765227714,-553.8719171862407
9.731983997527566,-0.021346324480120873,-554.7563470668047
3.764888372564202,-0.009736834093186939,-555.6386832522519
6.474659431972418,-0.01431022130508354,-553.5690950644356
2.884530133332082,-0.0013823673786112368,-556.8264488144064
3.9526034934633874,-0.009440204103731704,-554.1966517006119
4.739177588337421,-0.010015734635131439,-553.3556833371283
5.289030442007458,-0.013954804830104368,-553.7691751991267
8.666205960604472,-0.020842671917676216,-554.3618600821188
6.351419521229879,-0.015718674481419184,-553.1378755725973
8.833372002838265,-0.019266288227425068,-554.4210582781508
4.785130496893257,-0.01098519651056446,-553.0997635137622
6.335855984879223,-0.015051093054533166,-553.0390551031737
4.117401477137046,-0.009288435845744127,-553.5673833995215
2.3896624944810725,-7.729662247397612e-4,-556.366468395065
3.871562234566721,-0.007913859307334323,-553.6668075775782
5.423923208426682,-0.011916485545703136,-553.2766159815656
3.5430546622890193,-0.005998005171808013,-554.1196484025415
5.250399394560865,-0.01014771967628906,-554.8250168626465
6.342860759243125,-0.0168407509462507,-554.0038287035908
5.1633201716077,-0.011900195638996604,-553.0152553545316
5.185312491385525,-0.01216963694472302,-552.9975995587911
7.2313250646875336,-0.01517938245996716,-554.7440097532408
8.745053105313463,-0.022352998224845558,-555.9415689371585
4.356966069315523,-0.009397218392820648,-553.309343278638
7.733127964129136,-0.018892100475923487,-553.7204900601771
4.364704132448875,-0.010838444135254038,-553.8361156439306
4.757786968401467,-0.009350188050639615,-553.9877282049789
6.8297995179181905,-0.016216840124093586,-553.1656158175119
6.658414274741392,-0.016428703695125585,-553.213293820597
7.901618184922021,-0.019769795829169826,-554.1917509206505
4.184714170108187,-0.008155289308838893,-553.6585611666095
5.06981628185396,-0.011850366933298863,-553.019937886678
10.01604584034081,-0.02029360140799578,-556.0869612064389
4.994826674052163,-0.010459530835208532,-553.5224704797007
4.752961678431,-0.010912265146963153,-553.1119170883445
5.502016131141512,-0.014297507429302709,-553.5165012190821
5.501456531391885,-0.014246766651260429,-553.47459995984
4.300361281801253,-0.00992459590419042,-553.4390932055014
8.736979313509726,-0.02093423836654501,-554.3837000190864
6.53505043291362,-0.01584839725399884,-553.0996736502241
10.111537689379816,-0.020222570302146026,-556.4617005780345
5.618347484677786,-0.013222295967058312,-552.9675110206095
4.976163112249171,-0.012670839161801457,-553.488320250778
7.103847080675612,-0.017185327799819933,-553.2936099571851
7.924314703549983,-0.019060735441043572,-553.7243439499078
6.035776759504169,-0.015320020964826103,-553.2679628184345
6.9718536217014435,-0.01619436516156308,-553.2673060253587
4.808191367365593,-0.010167442158906005,-553.3705560006804
6.6175392054772955,-0.017011224876265187,-553.6103025133963
4.4910734880116205,-0.010356710887984363,-553.2649844929132
3.042435772825916,-0.004657411957889333,-554.8360069222671
6.236157973800121,-0.013104071238699482,-554.247169285924
3.1873552711502375,-0.004781054347183297,-554.5424094547477
3.166692574280399,-0.006887924387685327,-555.9968882904975
5.203918031113876,-0.0130594731004598,-553.2490274819286
5.217531127042912,-0.012258395794582613,-552.9923957484219
3.884290890739907,-0.006145065157483744,-554.7880199742125
3.747375635042911,-0.006348262336033372,-554.1578200318124
6.996749742192529,-0.018291919611245686,-554.160230700974
6.360926383842937,-0.015559724621548903,-553.0835547852121
5.16072305467632,-0.013214760841581265,-553.4492309836436
6.8619266297679875,-0.016718040651269687,-553.2227548252054
4.395218081246446,-0.01056668796422374,-553.5420769071426
5.91379389212397,-0.01212650642903249,-554.4747310880015
7.853228314494165,-0.01852201025638226,-553.5913893300092
3.154147729580984,-0.0064800937068263675,-555.5735411907611
