bg,Model
0.23768152692598016,C1
0.13659702708281005,C1
0.1400717145754472,C1
0.25171238576450944,C1
0.31990221811398795,C1
0.3248412326644773,C1
0.16203953171785956,C1
0.22213126288227814,C1
0.13067919402916137,C1
0.3168348050880421,C1
0.2758812458506737,C1
0.2307320997372436,C1
0.28530861566469856,C1
0.14897422325252554,C1
0.20011401032689563,C1
0.19515608371848345,C1
0.33306548581091977,C1
0.17049574153992067,C1
0.1669963888894032,C1
0.2610539466703454,C1
0.2302834227379248,C1
0.21564166110253208,C1
0.1893235132793061,C1
0.15764604199273186,C1
0.18501775132729056,C1
0.08558579142761902,C1
0.17633896415394512,C1
0.2530290832871007,C1
0.20259442386570115,C1
0.18579978285042592,C1
0.12826860424799935,C1
0.27316772553826607,C1
0.23460091450521012,C1
0.19196680184961193,C1
0.28776280230742074,C1
0.20468117261078525,C1
0.0865820759616002,C1
0.2044345673266386,C1
0.11025982300142212,C1
0.20445393626147063,C1
0.22572121185222524,C1
0.11901934727482295,C1
0.20447719645344137,C1
0.2723571321215431,C1
0.2137800874250347,C1
0.22047139283186842,C1
0.20626219468659132,C1
0.22578032655513067,C1
0.22743667623392957,C1
0.20393503372665614,C1
0.24214169750681425,C1
0.17029202853871483,C1
0.18978466337154815,C1
0.2756872581521057,C1
0.18642159828221172,C1
0.2077983709196407,C1
0.10499728629717373,C1
0.08554427016635205,C1
0.07874212914887921,C1
0.26045936004940096,C1
0.3149591844445231,C1
0.1659000312875322,C1
0.1947113477642491,C1
0.23831888367768017,C1
0.24346494814986946,C1
0.1945182639479032,C1
0.2235634430103286,C1
0.13938771358337357,C1
0.1545699765050004,C1
0.13787947793544672,C1
0.25678055027468544,C1
0.14930488627298696,C1
0.1791786861637781,C1
0.18837291413232476,C1
0.251764370274316,C1
0.2380983383272405,C1
0.15174117542410231,C1
0.23358580297292664,C1
0.11742854702329597,C1
0.2563600501348143,C1
0.1638038028270297,C1
0.17130025363342302,C1
0.20666538225999498,C1
0.17997579387888574,C1
0.14384109971969739,C1
0.21200444879207575,C1
0.15104418851120505,C1
0.1804692038805666,C1
0.17087576064812507,C1
0.10647239946259743,C1
0.21180504571139983,C1
0.15244256967438433,C1
0.21756766726301444,C1
0.17474741388696222,C1
0.14335237906227477,C1
0.24732904554873972,C1
0.17607196653381993,C1
0.20851656220308182,C1
0.20921530545692485,C1
0.19318918668192098,C1
0.2610539466703454,C1
0.2690101469634754,C1
0.20232235424367725,C1
0.16881837803609095,C1
0.1935159313136863,C1
0.14622320853382462,C1
0.2064546449188017,C1
0.2092418971117837,C1
0.24085379578976768,C1
0.19146026130246452,C1
0.1332569698887754,C1
0.08514525411971821,C1
0.22578032655513067,C1
0.1387526012153614,C1
0.2543183145198332,C1
0.2250714819618068,C1
0.2113481416861548,C1
0.18251395261666212,C1
0.2730057440558509,C1
0.14897694218956928,C1
0.16481788204334014,C1
0.27687883325593643,C1
0.22289051693527967,C1
0.3133376296491656,C1
0.22840723825387602,C1
0.15477182283749621,C1
0.14782168265149828,C1
0.20859189836938444,C1
0.1976695234403819,C1
0.3147502197711764,C1
0.23597744882370722,C1
0.13499055352313075,C1
0.2645624736574076,C1
0.29910357492773804,C1
0.21056773176563642,C1
0.2881996834838141,C1
0.1513881847643065,C1
0.1805785111220652,C1
0.21254781467376216,C1
0.37402287725042876,C1
0.2897972054972647,C1
0.2189793332775758,C1
0.20251170949965838,C1
0.21242687749257294,C1
0.21318175418774424,C1
0.16583408149108542,C1
0.124367567432446,C1
0.14731973563704281,C1
0.21822084727632673,C1
0.1799267522801826,C1
0.22226404784972964,C1
0.21891553187349727,C1
0.2729460146632865,C1
0.22120351451589704,C1
0.17057914627428825,C1
0.20292028320161268,C1
0.3101067012875114,C1
0.2751843096889607,C1
0.26211874604858776,C1
0.20118991463058503,C1
0.2019334516305217,C1
0.23637949275642392,C1
0.2163003984228425,C1
0.18981736094393425,C1
0.26779820029630524,C1
0.35415666081733543,C1
0.2107740350762878,C1
0.2601889509093779,C1
0.23243118099865345,C1
0.20021246280354366,C1
0.18923315566715126,C1
0.21607964373100425,C1
0.17110106595172106,C1
0.15610202655779998,C1
0.17410394409516392,C1
0.17440613027943552,C1
0.16363173401095316,C1
0.10686104198237176,C1
0.16694049505742964,C1
0.23886044254305352,C1
0.17763345374402723,C1
0.18002369200103602,C1
0.19118082753578325,C1
0.3034333793401472,C1
0.22453458802545603,C1
0.19795366716118346,C1
0.215922980286584,C1
0.1883660303973188,C1
0.23541495151914768,C1
0.21404519388880866,C1
0.17240030842966067,C1
0.18564197818237524,C1
0.24894485242665504,C1
0.14179752785024768,C1
0.15584064733617203,C1
0.15725329416634148,C1
0.13120520669893243,C1
0.20959562809950932,C1
0.15774089764285176,C1
0.271421328491871,C1
0.21921951630658726,C1
0.23205938624718572,C1
0.19771862810782148,C1
0.14772655488178116,C1
0.19070507823058355,C1
0.21998090465066947,C1
0.14766208595596186,C1
0.1876338640568009,C1
0.20535890755418323,C1
0.10140965309854569,C1
0.3074638348580194,C1
0.0763382333194593,C1
0.14157107240043545,C1
0.15881455143667716,C1
0.17928052758400195,C1
0.18037191748196335,C1
0.14986221327943738,C1
0.2731320347648406,C1
0.20831126006678946,C1
0.17994044119191102,C1
0.22843029001404405,C1
0.1098849049182071,C1
0.1964510275665593,C1
0.2016860129203711,C1
0.17241971483859808,C1
0.22980030126472623,C1
0.21425651523430467,C1
0.2441128365387735,C1
0.23526865801395164,C1
0.2692657214631441,C1
0.181225347467693,C1
0.2608110023816232,C1
0.14661029253731012,C1
0.17537177309056481,C1
0.1902579041077633,C1
0.12392231416355902,C1
0.17534561150296052,C1
0.2002013481270103,C1
0.20407080574359318,C1
0.2642993720853662,C1
0.2142004242749013,C1
0.21504958495017196,C1
0.2783908946504516,C1
0.2094986544900447,C1
0.18689480751939652,C1
0.18595963013318392,C1
0.21628421514872503,C1
0.19906858918684361,C1
0.18614063693903388,C1
0.18809866257970387,C1
0.18780439286150954,C1
0.12280880881526511,C1
0.26507574482214435,C1
0.19694005488001107,C1
0.23188180709041115,C1
0.21094745080559135,C1
0.23248077879596565,C1
0.2099735620173316,C1
0.25160707375264996,C1
0.19038027121696938,C1
0.24129546366819501,C1
0.20129472887664684,C1
0.23817578855160373,C1
0.258210716808109,C1
0.30175224407077,C1
0.11062670361818573,C1
0.18197610326608232,C1
0.15024472865696326,C1
0.3115905583486859,C1
0.28987413721554384,C1
0.27485405972752275,C1
0.17142109309599146,C1
0.180989766190011,C1
0.19576954165967525,C1
0.22745171908487433,C1
0.23865810102522753,C1
0.2279071249212506,C1
0.3313331454184816,C1
0.1532208473161403,C1
0.1970990814825333,C1
0.1826113799173399,C1
0.27225944756778575,C1
0.1776250602103117,C1
0.13111261411468988,C1
0.18767935701677757,C1
0.10566714709276295,C1
0.2260761594157663,C1
0.1861122622598757,C1
0.16558161881023303,C1
0.17446349140810619,C1
0.1942284578210315,C1
0.23677443274688767,C1
0.21007894186319462,C1
0.21233517835559104,C1
0.09766598114276506,C1
0.12542013850357575,C1
0.20981138927683254,C1
0.1372776469903316,C1
0.29773364512648476,C1
0.26719009689767004,C1
0.18939252530871156,C1
0.2574560987069435,C1
0.14218613673611633,C1
0.2875529833060894,C1
0.23033650073192308,C1
0.15130774698928118,C1
0.16657869651114648,C1
0.16891348793316607,C1
0.22509500003924965,C1
0.2583569492916284,C1
0.17593262381597727,C1
0.25037394237025407,C1
0.21802865259331905,C1
0.07903416793724957,C1
0.2628239887768786,C1
0.17185321882270718,C1
0.2381330798515157,C1
0.10217244976224871,C1
0.35600238020202235,C1
0.1606690581223638,C1
0.3152536398606467,C1
0.2982882474890851,C1
0.06550480384069748,C1
0.1617370120487215,C1
0.16173379850692807,C1
0.232915243625228,C1
0.19637857447133839,C1
0.15628377803339577,C1
0.2495994925074829,C1
0.10602262513600273,C1
0.24307529744102488,C1
0.2052854799817727,C1
0.20742315663171482,C1
0.19270209356393422,C1
0.18564133608377087,C1
0.26219698429001653,C1
0.19973541786992396,C1
0.2012550409475022,C1
0.15120189521249153,C1
0.17530630316674584,C1
0.19851378228954633,C1
0.1658080413984305,C1
0.21941669062009858,C1
0.22714149849695883,C1
0.26466285114527166,C1
0.10969593095809217,C1
0.12280761686894244,C1
0.34222710153200725,C1
0.18883029576929,C1
0.23645329711183818,C1
0.23387111583533604,C1
0.17498285893097376,C1
0.2463529072377132,C1
0.18729816510357705,C1
0.25916609985775074,C1
0.1876170964153637,C1
0.13896888833179297,C1
0.1988761739213504,C1
0.17284599745611287,C1
0.22509500003924965,C1
0.23126589747167353,C1
0.23577576273500875,C1
0.20749334108393297,C1
0.13584853641552655,C1
0.1920463648887091,C1
0.24329943100473642,C1
0.15852909101555276,C1
0.17348093382541308,C1
0.26506049573139057,C1
0.233955572306073,C1
0.1615844511478648,C1
0.22339442508273635,C1
0.15551726434667046,C1
0.19865084546793518,C1
0.18111598942731588,C1
0.24215045655304582,C1
0.18419882735594373,C1
0.2676175392760135,C1
0.1785470505984325,C1
0.15559044420390913,C1
0.16633271620688514,C1
0.3154374403413582,C1
0.27125235508510415,C1
0.1383284135666166,C1
0.16531548164966467,C1
0.20526918336807715,C1
0.22867586456794353,C1
0.15421448711161295,C1
0.22536117093334315,C1
0.2558650137679948,C1
0.23336000753168254,C1
0.19681877060511782,C1
0.19782560427879828,C1
0.2735751907635648,C1
0.19692331832848226,C1
0.22434430797216431,C1
0.16002083740545928,C1
0.19271963650257196,C1
0.22995969785478945,C1
0.1934892199069265,C1
0.26233534965349753,C1
0.25904687002254784,C1
0.2252050760958197,C1
0.12453820967020804,C1
0.1850298812222951,C1
0.20925557931963107,C1
0.22972875588089275,C1
0.22340507468227022,C1
0.190631580159024,C1
0.21513145339314863,C1
0.26435025313163985,C1
0.11669509008379732,C1
0.15809692812465248,C1
0.1396424694458607,C1
0.09012080101933713,C1
0.23772789180192563,C1
0.2652834542667575,C1
0.23512749395397062,C1
0.15133650353057418,C1
0.2065629641710711,C1
0.22217179734239165,C1
0.1966021349324564,C1
0.20185057588006972,C1
0.13178653258381878,C1
0.29028865954351757,C1
0.2445249364421931,C1
0.24346494814986946,C1
0.26234660368153767,C1
0.202151420067148,C1
0.252537011123114,C1
0.26508053784001856,C1
0.15859113194591787,C1
0.24426702441018333,C1
0.2689337320980653,C1
0.22949399899994893,C1
0.2513221042641877,C1
0.24939956712044087,C1
0.24186128362559356,C1
0.29438297496969745,C1
0.23945231974351633,C1
0.15432375196247836,C1
0.19674417284886947,C1
0.20886963769505168,C1
0.26163112910495434,C1
0.2212361498846414,C1
0.26234434541675766,C1
0.14254334296727694,C1
0.16473861115113933,C1
0.15176817230051182,C1
0.22439747894429168,C1
0.21380319903291098,C1
0.19678034330228425,C1
0.2650197368313889,C1
0.24092296076334596,C1
0.17688388507617364,C1
0.11562588848677002,C1
0.1842835907393604,C1
0.19903953666638302,C1
0.21226094931159833,C1
0.21125762487019578,C1
0.19220262752773631,C1
0.18048436276932847,C1
0.16090158159965717,C1
0.19343371485852018,C1
0.11933326319269794,C1
0.2594367763074941,C1
0.20289441585986562,C1
0.1799267522801826,C1
0.08586874604986433,C1
0.15179676399401962,C1
0.16473861115113933,C1
0.166626286214728,C1
0.16890092487454536,C1
0.09347862203980062,C1
0.17613503892355073,C1
0.20765690815378918,C1
0.17051547199885278,C1
0.11767343540401329,C1
0.11363659840656182,C1
0.2356586592968093,C1
0.14563366817016896,C1
0.1493129299346159,C1
0.08250068916258013,C1
0.18219575993353498,C1
0.20709945553816925,C1
0.2370855443499911,C1
0.1939708926988715,C1
0.2027523452381648,C1
0.10236248601474868,C1
0.24457116681670377,C1
0.11294921113410462,C1
0.19135962115431665,C1
0.1588556981894332,C1
0.23053335542709405,C1
0.11798012441750383,C1
0.18465331236627458,C1
0.18966197335240215,C1
0.12668177659852814,C1
0.25081709506749866,C1
0.17511790596755852,C1
0.22738985575523138,C1
0.14742295641968645,C1
0.19471597243431,C1
0.1902786222286009,C1
0.23336241273925534,C1
0.3009152878669532,C1
0.25982822369557845,C1
0.1846691798036374,C1
0.1792578731186945,C1
0.2402889339571455,C1
0.20076458487419546,C1
0.16514380600827475,C1
0.1526845690567711,C1
0.22727022129052815,C1
0.27110897216014834,C1
0.17136184845570063,C1
0.2760433630712605,C1
0.27673650732817734,C1
0.17496167455063202,C1
0.15904918841116072,C1
0.17925914841427773,C1
0.18145198882226182,C1
0.16758011749676394,C1
0.20384847302142922,C1
0.15799150699009543,C1
0.17740298149136507,C1
0.15752091125537626,C1
0.13811259477096124,C1
0.2148611222329387,C1
0.1440357762811984,C1
0.15696109818239762,C1
0.2118931742400139,C1
0.2718987463082359,C1
0.19960740329379162,C1
0.09984728992011069,C1
0.22557081680949914,C1
0.22403644885316734,C1
0.20920586364415691,C1
0.3413396912146225,C1
0.1315843231913339,C1
0.2683219619640999,C1
0.22175653398438475,C1
0.17635567388867712,C1
0.21731611832368428,C1
0.16974100051628543,C1
0.2766033107776224,C1
0.24095021543289885,C1
0.2314806950637731,C1
0.18886145969442494,C1
0.26955873333584507,C1
0.27586736678339713,C1
0.20363188974521648,C1
0.1507714326320154,C1
0.17922075590354555,C1
0.27127435749802326,C1
0.21072910443512874,C1
0.19753106058897724,C1
0.1776743241560172,C1
0.21796365284322575,C1
0.2357569777603347,C1
0.23369586407596518,C1
0.14288804588294512,C1
0.11630286558861408,C1
0.21666657819885643,C1
0.20740531432633605,C1
0.15752974361592736,C1
0.24798183291728046,C1
0.26923341622767943,C1
0.2405270081335683,C1
0.17259705179011378,C1
0.2938008247670939,C1
0.27812328119180374,C1
0.18074228116977079,C1
0.1890168559170268,C1
0.21000211178888983,C1
0.2568318703526342,C1
0.2362288245224789,C1
0.11942255275684886,C1
0.15153366861608553,C1
0.2470426618903152,C1
0.14196487134445146,C1
0.20948683414329358,C1
0.1293826200802863,C1
0.23989541441930137,C1
0.28633602720690177,C1
0.28619805882591165,C1
0.2007674620404477,C1
0.09802443931193988,C1
0.23246133792962276,C1
0.11699401152134131,C1
0.18511575991728652,C1
0.30159492346610683,C1
0.28085269768658405,C1
0.13073860727681338,C1
0.25982446200366643,C1
0.12130166019903137,C1
0.20871952407068073,C1
0.15888529637588558,C1
0.17171160291005072,C1
0.21357702113890176,C1
0.28146758442325687,C1
0.21806258022159897,C1
0.19429459534956064,C1
0.20299699489406925,C1
0.1457351652551353,C1
0.2325628396552072,C1
0.2635593866778055,C1
0.1807726757274206,C1
0.20252431083541325,C1
0.1571230939091061,C1
0.12304519814514712,C1
0.28508819929158863,C1
0.16078214275992259,C1
0.15520040052912,C1
0.16860148212101983,C1
0.24767018687111791,C1
0.20911512985756944,C1
0.17950325244683,C1
0.19721519431689088,C1
0.16417903052314145,C1
0.1445594314497719,C1
0.27090171003453584,C1
0.2344480434605479,C1
0.29344193768577104,C1
0.24497212339417113,C1
0.2992832702782171,C1
0.18332280149803037,C1
0.11840112970709309,C1
0.27506954958992796,C1
0.1487303717910784,C1
0.20313534807964348,C1
0.18555515225191702,C1
0.1401084456468746,C1
0.20675158735460167,C1
0.22282970569270572,C1
0.17077941410760628,C1
0.27399412520535404,C1
0.19760967363338103,C1
0.26073754997792586,C1
0.21992075335538278,C1
0.2091336666759132,C1
0.23819476627531394,C1
0.14126357396634343,C1
0.21354308606134983,C1
0.19836734892596897,C1
0.2731600318139387,C1
0.08821772645450376,C1
0.23511487460609534,C1
0.267493060384848,C1
0.3100027042378325,C1
0.225281143105701,C1
0.13545910715458234,C1
0.22528465013040277,C1
0.25217449535959285,C1
0.2946876935602801,C1
0.20348587770816084,C1
0.1459723912981954,C1
0.20428599141620002,C1
0.28265196712701957,C1
0.13011767082327957,C1
0.22155758335765358,C1
0.22585297308727847,C1
0.15561887967273139,C1
0.18478370677799508,C1
0.14790736000324947,C1
0.2319814636502434,C1
0.25799200022994595,C1
0.19447645922424817,C1
0.19288858596462655,C1
0.16412432475049107,C1
0.2526511515433837,C1
0.20607650521749377,C1
0.10669473089926285,C1
0.29163819787175377,C1
0.21176512258332503,C1
0.19085763078257023,C1
0.2121337888210166,C1
0.13224283488572716,C1
0.11191143738197187,C1
0.10689581232627175,C1
0.19679891899583168,C1
0.25481025338197244,C1
0.16983585952557725,C1
0.13337560742642196,C1
0.2981746776606314,C1
0.15037906997157988,C1
0.19702734097951902,C1
0.23291052238059723,C1
0.1639481121181863,C1
0.2577728514738441,C1
0.1769144183895655,C1
0.1742447099686393,C1
0.18846224305184145,C1
0.2514326254101332,C1
0.23557503787874012,C1
0.17777799245214426,C1
0.17963973338380468,C1
0.2339795130403937,C1
0.13437795045461282,C1
0.1718363350687623,C1
0.2261829898623809,C1
0.18410407417443655,C1
0.29539649172556015,C1
0.20847209016244425,C1
0.21501983608221617,C1
0.10490537907692757,C1
0.21562301877635448,C1
0.10444630139480852,C1
0.2150098116179703,C1
0.23025296307833065,C1
0.16545101626950426,C1
0.19965200344926842,C1
0.23134296092598117,C1
0.21710654543027266,C1
0.2524969751446893,C1
0.1778988486782928,C1
0.10237413084071922,C1
0.22340225120478052,C1
0.11482344053758359,C1
0.2103997959421196,C1
0.19767813399321696,C1
0.23838643370074641,C1
0.1724440511660567,C1
0.2180398318854951,C1
0.25659846586036844,C1
0.21492616007404078,C1
0.16210350645068455,C1
0.2585951148190086,C1
0.19270406649025498,C1
0.19724244608553382,C1
0.197741808514143,C1
0.2344413958898623,C1
0.21672230114457197,C1
0.2269785926283289,C1
0.23010141683962396,C1
0.22442389800556115,C1
0.14253690363159066,C1
0.1752108365712659,C1
0.2120627911429463,C1
0.17577742343707803,C1
0.29305375265873806,C1
0.17178454767912063,C1
0.18965958713160055,C1
0.14967636257956643,C1
0.2133746284064125,C1
0.25614008335804417,C1
0.12562168945760496,C1
0.22631338384533847,C1
0.1667572650958434,C1
0.19360008496331965,C1
0.11871495231278659,C1
0.26811130305772507,C1
0.20199413958138146,C1
0.22407774933284266,C1
0.2791360103033243,C1
0.17842239615391142,C1
0.2511793337295414,C1
0.188402292127616,C1
0.22081180814017046,C1
0.1981214746748661,C1
0.33300483226569855,C1
0.30520779415326793,C1
0.22134935481670015,C1
0.19404639107107788,C1
0.20236771879644871,C1
0.2549573357521592,C1
0.16350080039499348,C1
0.1748145517527125,C1
0.21811011223374052,C1
0.19385708822259073,C1
0.20438015111424176,C1
0.19489074893943953,C1
0.14829179804556195,C1
0.18270820146679503,C1
0.1843273445921783,C1
0.16376758521869708,C1
0.23402533352493637,C1
0.17767757930209394,C1
0.22787839628194403,C1
0.21309245366097895,C1
0.20591143856883473,C1
0.20081903947284324,C1
0.19995945438843232,C1
0.1752108365712659,C1
0.17452677881288542,C1
0.20605825623412655,C1
0.23222194165549623,C1
0.12867951763709362,C1
0.18904940977181298,C1
0.26640035658809746,C1
0.16750592800527528,C1
0.1544240166233881,C1
0.19687255603195847,C1
0.11791646703413736,C1
0.20980857292377603,C1
0.22390763774770944,C1
0.22541360821627904,C1
0.2394788999800157,C1
0.13780805791000347,C1
0.23045361858344132,C1
0.1451742322452137,C1
0.1666902251879505,C1
0.10371561663100629,C1
0.27431874488540203,C1
0.1474201386910091,C1
0.20743194078492652,C1
0.23523653349952242,C1
0.22174032965259546,C1
0.1229405528399122,C1
0.30563906509325645,C1
0.12124011150698771,C1
0.2395572019287829,C1
0.18072192528840303,C1
0.24868127983124222,C1
0.2242777108536144,C1
0.14502741257138893,C1
0.1781850061512338,C1
0.07519500772583333,C1
0.17024746530740897,C1
0.2474591349408173,C1
0.08294113314232417,C1
0.1956399769528526,C1
0.21385142616340086,C1
0.2325099059954453,C1
0.16769535663898388,C1
0.2588727277606079,C1
0.22439658347339134,C1
0.30910625793492846,C1
0.24328195733462596,C1
0.16100366169506014,C1
0.23085631194624798,C1
0.2334862154625837,C1
0.26073754997792586,C1
0.20045369832435508,C1
0.14161217703602672,C1
0.1636397061976613,C1
0.22975555381303067,C1
0.2565213072333355,C1
0.19387039450283008,C1
0.2183492826513159,C1
0.24904902608404905,C1
0.17423538166906247,C1
0.2302880528109856,C1
0.23893941388788997,C1
0.16855626988330383,C1
0.3189633939657623,C1
0.19578181363173172,C1
0.23144367610594646,C1
0.24985621957313622,C1
0.2232775409256538,C1
0.1893954098463997,C1
0.16174374097365507,C1
0.2180398318854951,C1
0.2960105505590766,C1
0.19741918598645553,C1
0.21184484720028926,C1
0.1445205163480714,C1
0.20006421492476975,C1
0.19396284143276105,C1
0.20571737936084297,C1
0.23414188889372298,C1
0.22076311373713764,C1
0.17558988973138356,C1
0.2976314480605362,C1
0.2076463864582826,C1
0.21415142606995993,C1
0.18632850686836377,C1
0.18251821081572633,C1
0.19534063280327604,C1
0.20610613251813487,C1
0.28098678002728245,C1
0.22190628998538126,C1
0.21454783651431486,C1
0.1585127606052633,C1
0.32020399154702073,C1
0.2002529844096724,C1
0.19120541372434954,C1
0.280673012134118,C1
0.09831497243068768,C1
0.17635567388867712,C1
0.2038222548434042,C1
0.1471542676229833,C1
0.1992526673324997,C1
0.1793694170208621,C1
0.16015946002637077,C1
0.1864513648178492,C1
0.21844255405048985,C1
0.24972350126863235,C1
0.09575181500338202,C1
0.20905082184278972,C1
0.15656125440964322,C1
0.16476591154834688,C1
0.23222194165549623,C1
0.2760200054285693,C1
0.12236022643635722,C1
0.19723823655386052,C1
0.22191110613849577,C1
0.2991322053360247,C1
0.15826375889760358,C1
0.23528651614348914,C1
0.28793213209046387,C1
0.0576445715028359,C1
0.18682880016721062,C1
0.15133497585539019,C1
0.22641459000840353,C1
0.20987369240564108,C1
0.16438925864484188,C1
0.26726313442816463,C1
0.18508209657373664,C1
0.20932804275226075,C1
0.13098108321835492,C1
0.1843473960266927,C1
0.1859255998866982,C1
0.18926026610038432,C1
0.1614641348819854,C1
0.21943261723985108,C1
0.2108129609071299,C1
0.20067579567602134,C1
0.1445205163480714,C1
0.19835262509085377,C1
0.1811830526442484,C1
0.09369821449420873,C1
0.21464618718285294,C1
0.1843592844293563,C1
0.19230228307666597,C1
0.21989105952076746,C1
0.23302480927949026,C1
0.24590083289928058,C1
0.2426231209286278,C1
0.09818724752911548,C1
0.1588186857108215,C1
0.24250489691250005,C1
0.06553758308581062,C1
0.24759677974119604,C1
0.2539250368701061,C1
0.1606839736902923,C1
0.24260578477572498,C1
0.14417041360655386,C1
0.26992150256362646,C1
0.18947153907483394,C1
0.15616940783388722,C1
0.20571737936084297,C1
0.17833579505259303,C1
0.1298011150391599,C1
0.18463686437109478,C1
0.1942868798308714,C1
0.15348792713262505,C1
0.24369831904196745,C1
0.2824863540841602,C1
0.2623618032585246,C1
0.21683194202971004,C1
0.1878570054399715,C1
0.25065966285813707,C1
0.13008959756178895,C1
0.10207580245176479,C1
0.25609552282676806,C1
0.1699173146885196,C1
0.24405907150302736,C1
0.23317334927181618,C1
0.22419079827848826,C1
0.23888965460667855,C1
0.10012885295387146,C1
0.24612495411369298,C1
0.20445637397551206,C1
0.1897530538923089,C1
0.2204371947055691,C1
0.21672230114457197,C1
0.2597933338786667,C1
0.15594217553230413,C1
0.13895123583643446,C1
0.20348567940209503,C1
0.19788595879529358,C1
0.2511165391343909,C1
0.24309238386299964,C1
0.2180398318854951,C1
0.13614014848459766,C1
0.17219510794528914,C1
0.22276859671765234,C1
0.21693672841209793,C1
0.1266613248664118,C1
0.2688005722611888,C1
0.26910479157134853,C1
0.18424354192933415,C1
0.13286748098971984,C1
0.14238634276196643,C1
0.28040222609688664,C1
0.14433176813271967,C1
0.2777977503139752,C1
0.24303842261763006,C1
0.09596247127693802,C1
0.30587315170597507,C1
0.16860981136030087,C1
0.05305014391060099,C1
0.2341327567874534,C1
0.21669359539556962,C1
0.22317674691844178,C1
0.17925960661172513,C1
0.2039716500343534,C1
0.17426686876951106,C1
0.22220161712200465,C1
0.2361321382003271,C1
0.21406492298987784,C1
0.11389080431527066,C1
0.23573715717457136,C1
0.23212981805258742,C1
0.25953807057577777,C1
0.1855223945698759,C1
0.2870441992219805,C1
0.17755424219246277,C1
0.23058959916999552,C1
0.20229234582277358,C1
0.17343648643078535,C1
0.17913439364316872,C1
0.15849256487786995,C1
0.25805398766208154,C1
0.20477137137171206,C1
0.16628847799065463,C1
0.172603200923717,C1
0.2527578341736903,C1
0.20467211713187017,C1
0.17103203141062523,C1
0.19318866220317021,C1
0.19854528145211736,C1
0.21549548738193788,C1
0.22528758545824942,C1
0.24822005178675857,C1
0.1777377606213071,C1
0.20017161400132472,C1
0.22703822610279006,C1
0.26535841599712057,C1
0.24839095352330576,C1
0.23595890647878554,C1
0.19124655978646904,C1
0.23726681745790687,C1
0.16654577570172627,C1
0.2523087295613493,C1
0.25595227508258944,C1
0.14203636331728656,C1
0.14377917577478558,C1
0.20387217130506935,C1
0.09865592407225167,C1
0.23515104564948672,C1
0.28561854975217804,C1
0.2299247464879174,C1
0.30011278800802776,C1
0.2425874282789194,C1
0.2624592044802036,C1
0.26645061365336487,C1
0.20932809486729598,C1
0.2761190673368408,C1
0.20654865545366688,C1
0.18752931027187092,C1
0.2324467415608649,C1
0.1435214024220804,C1
0.1762454805700245,C1
0.22149065605350968,C1
0.1871887878376404,C1
0.24530852828250188,C1
0.18066260523591646,C1
0.1818112279284041,C1
0.15449364337994193,C1
0.2070372757599828,C1
0.20675823914359004,C1
0.20100644763462575,C1
0.11721736117904154,C1
0.19678890734223187,C1
0.16995655842343887,C1
0.19857303809419122,C1
0.2084769230221262,C1
0.18727310608126227,C1
0.1591502035808296,C1
0.16673003830670016,C1
0.1450329140178898,C1
0.2559828478569169,C1
0.23272468268828747,C1
0.22157690670130614,C1
0.17874522541895188,C1
0.18310657543103578,C1
0.2820160204543266,C1
0.12261967474550656,C1
0.19900005796217604,C1
0.18983176122385112,C1
0.21202668284954776,C1
0.10874939924276453,C1
0.3070242702202363,C1
0.23889643814504152,C1
0.23697410580864273,C1
0.1950068292689739,C1
0.2507382974056534,C1
0.2845576364507162,C1
0.17885593575600978,C1
0.18857743776768823,C1
0.27221393608457894,C1
0.15137937307070176,C1
0.18633689020365102,C1
0.1926930604321106,C1
0.15484702508025636,C1
0.22119766912065175,C1
0.10548931764514537,C1
0.16315489634908792,C1
0.2039306495968924,C1
0.1762348244662182,C1
0.2337370449609737,C1
0.13681092802385156,C1
0.050997982761341334,C1
0.2743785010647805,C1
0.2561858473884332,C1
0.24363468240921246,C1
0.23914452795307586,C1
0.1565560103551219,C1
0.22944953334149404,C1
0.313274306981379,C1
0.2494987156883109,C1
0.20229448324194563,C1
0.06255361248123875,C1
0.21780637020358687,C1
0.18933283960889152,C1
0.10565289619438659,C1
0.19597458047362576,C1
0.18495823624695268,C1
0.1694234457493255,C1
0.19114444270458003,C1
0.21266125814877268,C1
0.4034541516096804,C1
0.19767822816242794,C1
0.14888002092400496,C1
0.2302631687852757,C1
0.1720529759404891,C1
0.1298383060542297,C1
0.21147852477811713,C1
0.2587977874541805,C1
0.25826646646972373,C1
0.2135828051803126,C1
0.24306048952081977,C1
0.24171781903674683,C1
0.2165596495919011,C1
0.2272205665937325,C1
0.3107116104449868,C1
0.24524615624343876,C1
0.24963266955494373,C1
0.2770727123612029,C1
0.1654205203777936,C1
0.2703603200689516,C1
0.30849039359651614,C1
0.16939042529888934,C1
0.20704193812034377,C1
0.2307468004522657,C1
0.139278128445536,C1
0.19046733269446078,C1
0.1786422670497384,C1
0.14630630299495767,C1
0.30109201748604003,C1
0.24235731061991556,C1
0.21061483195748323,C1
0.1988819129740701,C1
0.15238695405087388,C1
0.17994518550173605,C1
0.2198790842099102,C1
0.12841791339454173,C1
0.18534111442614595,C1
0.11932283972106318,C1
0.20282824757184212,C1
0.07177090879500832,C1
0.25114143607847866,C1
0.21656763875519694,C1
0.16194486012484635,C1
0.1704365940512197,C1
0.2215710088665353,C1
0.25698915770678077,C1
0.20478637307539765,C1
0.12464463992687533,C1
0.1371745525867507,C1
0.08604193685907617,C1
0.1549895863145184,C1
0.1450231203381406,C1
0.2187481480408298,C1
0.2269266708176108,C1
0.17324741933276888,C1
0.21634308372298042,C1
0.21059151316815572,C1
0.25037707570187206,C1
0.1660380923803114,C1
0.2375938293576938,C1
0.17422782781697405,C1
0.14705528987165256,C1
0.2199982045842276,C1
0.15955358479884002,C1
0.2588047038937615,C1
0.2908148647004438,C1
0.23922422715443986,C1
0.19536731907864557,C1
0.236422816212248,C1
0.1844141360939863,C1
0.2112362699562777,C1
0.2903546509757799,C1
0.21942332164739,C1
0.2618432923305527,C1
0.19058937741538032,C1
0.20221441054792366,C1
0.15329427957902245,C1
0.24090547187456843,C1
0.2153234916629018,C1
0.22368547650408666,C1
0.1661687470002633,C1
0.2147216275667541,C1
0.2178052848228092,C1
0.14354136381078425,C1
0.15336419067383858,C1
0.12208370615870268,C1
0.18207280065394765,C1
0.14928898597471316,C1
0.12662020745377128,C1
0.21160958321863363,C1
0.134205855948968,C1
0.16998237074190775,C1
0.2386079598301294,C1
0.2543841675771673,C1
0.1371745525867507,C1
0.17456765881467684,C1
0.1984522481961312,C1
0.18700111389439134,C1
0.21446146963099771,C1
0.27840731601984536,C1
0.1540261338239638,C1
0.15500816330899472,C1
0.18102290268727633,C1
0.27194043592999906,C1
0.2208837327355338,C1
0.19736358676941648,C1
0.19733962676473438,C1
0.22690273548835127,C1
0.2030293335881635,C1
0.1918920867620788,C1
0.25447942668200885,C1
0.1703762120537366,C1
0.14602935360263716,C1
0.19377267025261682,C1
0.23966988176990628,C1
0.2650618030701652,C1
0.240304791638898,C1
0.21318130060005203,C1
0.16711999560857005,C1
0.11588625729477883,C1
0.25496354753102657,C1
0.1574877237999241,C1
0.18455786451797188,C1
0.19646317571366667,C1
0.13681092802385156,C1
0.2446969158554023,C1
0.3027271901774136,C1
0.20210384764998088,C1
0.17793177480539235,C1
0.2196974668333439,C1
0.21501660721728438,C1
0.23847036547772987,C1
0.1844256972572513,C1
0.1392285479799424,C1
0.2885210201497216,C1
0.17468593487785908,C1
0.32036722115738636,C1
0.16886394455745837,C1
0.24249591932058942,C1
0.2772605828442037,C1
0.22434268310022,C1
0.26391815749659264,C1
0.09221019089253198,C1
0.23911561645903795,C1
0.21842077444740113,C1
0.24262119052135125,C1
0.257947594072756,C1
0.2098549845522304,C1
0.08406756788886038,C1
0.14997098129018838,C1
0.19102978236680737,C1
0.142379280899534,C1
0.193217594668736,C1
0.18323790716072472,C1
0.17270531728620828,C1
0.22137094811101923,C1
0.2573986150930471,C1
0.22667779834097124,C1
0.22584980711851685,C1
0.17176385227990734,C1
0.1135933046643975,C1
0.15619534517075714,C1
0.18479953280588735,C1
0.05137605846687475,C1
0.23811247053121576,C1
0.22150281360489857,C1
0.24820021337909118,C1
0.1773365884477203,C1
0.267803338665963,C1
0.31868509852864485,C1
0.13629460010195868,C1
0.18098424073828503,C1
0.22263850553002604,C1
0.24656115856955008,C1
0.20828408209991697,C1
0.2550024821450663,C1
0.2384943232168725,C1
0.16281577910250655,C1
0.2821944023573785,C1
0.15496229381184082,C1
0.3184629760334302,C1
0.12522541052927108,C1
0.03786309684329652,C1
0.13710127863342064,C1
0.22246111507996422,C1
0.2866852155079874,C1
0.2798730398928907,C1
0.1534394892784642,C1
0.16657409093936262,C1
0.17410630518651377,C1
0.19772524074173883,C1
0.20787201573200836,C1
0.13293755264191495,C1
0.24406015709469464,C1
0.19250862247612166,C1
0.14582402164904604,C1
0.22886943172703667,C1
0.17408399835664107,C1
0.14603022135392943,C1
0.24969805247191013,C1
0.25805373712790125,C1
0.13370315667029894,C1
0.1821104958511002,C1
0.2872954858373151,C1
0.23968550548743844,C1
0.18160629271689394,C1
0.22412713411814622,C1
0.13692363039450461,C1
0.2737516941572519,C1
0.2543184046307735,C1
0.20634541663590564,C1
0.17475355895853453,C1
0.2614338314453637,C1
0.17957838721414757,C1
0.05438298864289054,C1
0.13962410880406717,C1
0.19525795777956365,C1
0.1867601227036554,C1
0.15610626054255872,C1
0.19196767851035063,C1
0.14200744083772657,C1
0.23338189322667635,C1
0.22496353327128343,C1
0.12802176520587966,C1
0.19205865055949645,C1
0.3263629175269232,C1
0.21478378078991667,C1
0.15104117027930064,C1
0.16062576714553076,C1
0.12087550350133945,C1
0.22230369051068502,C1
0.27323228471616284,C1
0.2178661584318714,C1
0.2037510278865535,C1
0.2318603956571722,C1
0.19202398614426408,C1
0.22181962508922512,C1
0.1812252500498982,C1
0.22289294395835546,C1
0.25212894657009777,C1
0.16691445800419827,C1
0.19769828260736902,C1
0.21992579738048312,C1
0.294058820089717,C1
0.24813304781085713,C1
0.18730464119228946,C1
0.11493202262094279,C1
0.252536430664989,C1
0.20282706242905932,C1
0.16044065713816805,C1
0.22245420087713103,C1
0.12766256818810373,C1
0.20103485732933993,C1
0.18942402425160837,C1
0.24187401272837147,C1
0.24868558788808592,C1
0.2418501876784686,C1
0.21003186874065935,C1
0.19182256299198389,C1
0.14108059910403734,C1
0.22561326765735357,C1
0.2551550451645755,C1
0.1795561167014919,C1
0.2049506593912533,C1
0.1913898585256829,C1
0.22216432345704137,C1
0.19284427979355326,C1
0.1750542240623236,C1
0.2134970094654992,C1
0.22370399557866105,C1
0.2655972875594541,C1
0.14165837931389685,C1
0.2796201785537543,C1
0.27277928711129645,C1
0.21622490138836864,C1
0.2158937311427715,C1
0.1708749843747465,C1
0.2560135398200827,C1
0.27131044125627296,C1
0.22704645498937645,C1
0.12108795541704857,C1
0.2831490535126199,C1
0.23998601589004204,C1
0.16517331020690468,C1
0.30823481669427033,C1
0.2341844288061305,C1
0.27997182018242567,C1
0.20804635249654793,C1
0.18714062996229633,C1
0.1378672550411657,C1
0.29306533378431665,C1
0.12256264167477322,C1
0.21245310366043513,C1
0.19683148051230628,C1
0.18083684514520246,C1
0.26378248077034727,C1
0.15656706673033105,C1
0.2677431245468826,C1
0.15442482607352653,C1
0.3049595120520728,C1
0.20812549767856497,C1
0.24034981974411793,C1
0.28878316854226677,C1
0.13455846337410685,C1
0.23103715960797475,C1
0.10770671277209973,C1
0.20168960786265655,C1
0.18016857178045864,C1
0.21367267834416548,C1
0.21704464872831106,C1
0.20216951687100448,C1
0.1742557433788984,C1
0.21989077292233405,C1
0.21003186874065935,C1
0.24646973555223203,C1
0.24176987102122297,C1
0.194302393451383,C1
0.2526767931708885,C1
0.15707702128280834,C1
0.18553134093014084,C1
0.16802385288968075,C1
0.148501760343787,C1
0.12047738809834982,C1
0.2318899851616421,C1
0.20623052973862213,C1
0.1451644139309104,C1
0.13465384565797472,C1
0.20728386593538023,C1
0.21754880465208573,C1
0.08408723903903557,C1
0.24476855832621752,C1
0.20824632154789802,C1
0.15840972957799682,C1
0.2927928518444305,C1
0.19422892198592417,C1
0.12774465982746722,C1
0.2722832042694599,C1
0.23609647597455802,C1
0.23491395717637276,C1
0.3176718032892993,C1
0.2872214362135985,C1
0.1932411169944017,C1
0.12973161834566588,C1
0.3199007286460928,C1
0.21971626562105995,C1
0.10328247666926477,C1
0.15300404713976035,C1
0.22022482646719546,C1
0.16808488565477436,C1
0.13796564370948206,C1
0.1911123353721469,C1
0.2210016756062316,C1
0.2443601024264137,C1
0.2826083373421971,C1
0.25920905593115956,C1
0.21844724674000324,C1
0.26780285107830215,C1
0.16051119506758876,C1
0.09714237267920496,C1
0.19041729412404512,C1
0.2657977562511444,C1
0.24018480018776028,C1
0.1064085680002222,C1
0.20403132595837187,C1
0.23939405860114968,C1
0.2308402421404692,C1
0.18998267741180097,C1
0.27190316648123947,C1
0.19017847307434896,C1
0.19975859702052937,C1
0.2517467965489741,C1
0.22880630650554795,C1
0.15776889055931942,C1
0.16443349553499476,C1
0.19033587735479673,C1
0.15538715641397405,C1
0.27636781315457476,C1
0.1997253157023856,C1
0.17570548891656956,C1
0.1777204871159772,C1
0.09458410752950591,C1
0.20106155317882915,C1
0.1711157841732994,C1
0.19515579340382794,C1
0.13379393495664368,C1
0.20903849172783448,C1
0.24513182037804812,C1
0.19089986338705578,C1
0.17581475580799516,C1
0.2474171327841371,C1
0.1742734214796864,C1
0.14413521204268628,C1
0.14511436146533763,C1
0.2935802328335075,C1
0.20046688399735274,C1
0.2162372380769305,C1
0.25178316517848104,C1
0.276423890563754,C1
0.29087951660839967,C1
0.25117307864112315,C1
0.23415404156427122,C1
0.09124477235435134,C1
0.18752746345486626,C1
0.21907704479811543,C1
0.24695564429826897,C1
0.22637379372953748,C1
0.20978419453453184,C1
0.1566634214956063,C1
0.22233343063828284,C1
0.26480874503818563,C1
0.21014467256672922,C1
0.23941078927221687,C1
0.20907270443812925,C1
0.17468889824918907,C1
0.2919073680625141,C1
0.19793077237448037,C1
0.2546266933882621,C1
0.221138725253385,C1
0.22809856335284426,C1
0.21122551452516797,C1
0.20163470807519163,C1
0.22718402398336293,C1
0.20365416284123244,C1
0.24290411617590063,C1
0.19214290808269158,C1
0.17736625223948854,C1
0.11694127152897393,C1
0.130407275465536,C1
0.21534847954722344,C1
0.2450137638239091,C1
0.23316038481171397,C1
0.2470859182016823,C1
0.2620866664263515,C1
0.23664393197228428,C1
0.22571970740444777,C1
0.17756800506564535,C1
0.16239753212369049,C1
0.090133304391072,C1
0.25697325885547323,C1
0.09874555581376557,C1
0.16886554469714687,C1
0.21913830089064018,C1
0.1401164618413649,C1
0.18460913875771126,C1
0.29938684041413066,C1
0.2271329795983042,C1
0.24346341820134693,C1
0.18615678621768364,C1
0.2576325174394967,C1
0.191077401915929,C1
0.11168447762357267,C1
0.19813715895782946,C1
0.15927953089383448,C1
0.2322572025123485,C1
0.1466604268396311,C1
0.2465129978113065,C1
0.09516023935462173,C1
0.27882724287142785,C1
0.22839196582052093,C1
0.19747209177474467,C1
0.20277286424080174,C1
0.21561169217889536,C1
0.15375114930600176,C1
0.20580280497600847,C1
0.12962543207341304,C1
0.19432523203724242,C1
0.22950906281564168,C1
0.22775897100115533,C1
0.16897787845975207,C1
0.20490693936206827,C1
0.1754637671703576,C1
0.20357351769618653,C1
0.2652449869465338,C1
0.24418553678212995,C1
0.17478747200415623,C1
0.25941767146845607,C1
0.15266804962492084,C1
0.1879528190409726,C1
0.19670189877928013,C1
0.18316837036044373,C1
0.15818331645916614,C1
0.21600699797100176,C1
0.2243356270234993,C1
0.25501833357297493,C1
0.16451988900027237,C1
0.16157253805986377,C1
0.07423812624644364,C1
0.22361612747806225,C1
0.24208376218951153,C1
0.10749884068206475,C1
0.2602937719975475,C1
0.24404549685761587,C1
0.20713973591284196,C1
0.19371434722653064,C1
0.17350499103588668,C1
0.17978826683275884,C1
0.246262962315756,C1
0.2080448978964806,C1
0.20479315628788003,C1
0.20396833929176472,C1
0.23221940379343436,C1
0.17181904742529736,C1
0.16496657747041457,C1
0.21612041022291256,C1
0.10156351796823164,C1
0.20047618100071316,C1
0.19364533065771167,C1
0.18066991667039098,C1
0.2263060587363812,C1
0.13409202862147054,C1
0.14980788225461808,C1
0.20340768563785921,C1
0.20833371674797402,C1
0.12201379793333418,C1
0.12840440822951957,C1
0.16172050116459474,C1
0.18216125434331631,C1
0.15615500432448323,C1
0.2892171246582223,C1
0.11820637601888562,C1
0.2183783853776877,C1
0.1867016576484946,C1
0.19090023600627457,C1
0.28632105608050673,C1
0.11374654987728494,C1
0.318606624350846,C1
0.178004458163674,C1
0.15708523692275408,C1
0.1356632487008713,C1
0.18493492481404927,C1
0.1579259446659455,C1
0.21166722802643959,C1
0.23746819316931872,C1
0.24360588494460092,C1
0.17827864820961356,C1
0.19677459656596968,C1
0.23275177730460905,C1
0.17399851640264488,C1
0.16388918388006662,C1
0.2145113702193714,C1
0.2687176279903263,C1
0.1647269564211605,C1
0.1577081191293107,C1
0.22439441137081378,C1
0.1789980445972676,C1
0.21657712764575202,C1
0.22571970740444777,C1
0.23240879260736508,C1
0.2557139057762714,C1
0.18154626842003618,C1
0.16849432731154404,C1
0.21801986948633245,C1
0.19825191610843862,C1
0.2588934719810238,C1
0.33872181289718356,C1
0.21529007097624764,C1
0.08890618972897796,C1
0.18651488639806266,C1
0.24511876949375777,C1
0.21754868804376237,C1
0.25892498408643744,C1
0.1067860688398046,C1
0.20830005765158238,C1
0.1774891453352788,C1
0.2738290450462259,C1
0.20308062188829357,C1
0.24380461535835352,C1
0.27529629272934086,C1
0.2766598437094053,C1
0.2811517027221989,C1
0.17395233423633852,C1
0.26689118468780576,C1
0.19313080323367032,C1
0.14754341863525786,C1
0.14179196667243796,C1
0.21003210624103122,C1
0.23284875945113617,C1
0.18464793172957752,C1
0.2212152105240419,C1
0.26924043119112423,C1
0.22048792411473628,C1
0.18663290356901888,C1
0.19730933385280847,C1
0.24610132828523218,C1
0.1177861191445675,C1
0.19496602430502624,C1
0.2602026738969977,C1
0.20755146598991592,C1
0.1376235633465634,C1
0.19914296455033303,C1
0.1257246559771787,C1
0.25737824912034735,C1
0.22029690574747787,C1
0.12223012765859204,C1
0.1661079214844236,C1
0.17503355051903438,C1
0.2129447598617991,C1
0.18117526621519447,C1
0.10021683513535551,C1
0.12449625279770184,C1
0.26300454514021265,C1
0.18059147832976136,C1
0.23577427923319155,C1
0.15287382593806342,C1
0.2729168528804652,C1
0.20173574962740387,C1
0.1728948910088116,C1
0.2377192992486144,C1
0.20894321983021155,C1
0.16360472655674438,C1
0.1534174798804833,C1
0.23277823189658162,C1
0.18064751062247572,C1
0.16195150968668318,C1
0.2588872015055631,C1
0.2199774633636706,C1
0.2345715723698146,C1
0.1879708564362837,C1
0.246040349125463,C1
0.21902339063834017,C1
0.2530667871877435,C1
0.22718088895889688,C1
0.14852136784495693,C1
0.26671681839366235,C1
0.23148541162164407,C1
0.28701834106849794,C1
0.19222234944520436,C1
0.14699595366705673,C1
0.20736322449517386,C1
0.23685263587609848,C1
0.285916643590045,C1
0.27133910164793634,C1
0.17468221814553064,C1
0.2552468152801301,C1
0.2858047172211139,C1
0.17307313642686115,C1
0.21002246767664542,C1
0.1803482734148675,C1
0.2473405317405957,C1
0.15317429800069982,C1
0.2094875431581034,C1
0.2434298075186592,C1
0.2672884826663575,C1
0.28357465612418115,C1
0.2308571789382694,C1
0.15241597673298107,C1
0.24270987830981938,C1
0.11969057143745569,C1
0.1961706382864303,C1
0.20668038181159049,C1
0.17008578549331077,C1
0.1879426052788736,C1
0.17785062099459042,C1
0.1517785437962474,C1
0.2819011606470082,C1
0.3036442548752244,C1
0.22591761373333397,C1
0.179329250114379,C1
0.23372686347733476,C1
0.15355199454064306,C1
0.2552056658179067,C1
0.27706042774914613,C1
0.1999516976588782,C1
0.30611575726931467,C1
0.23977621154118423,C1
0.16876872221905106,C1
0.21611013696805287,C1
0.18253844219331944,C1
0.2045494887088523,C1
0.23236896302196136,C1
0.24782131148671216,C1
0.32114657797030016,C1
0.23340998145565955,C1
0.23276047150384488,C1
0.16397003573745406,C1
0.23049838908450374,C1
0.25352332319721615,C1
0.17067686796640655,C1
0.19178109843790075,C1
0.1856901572861933,C1
0.19983454406430512,C1
0.2374092837501024,C1
0.20233269481458893,C1
0.17065785872552885,C1
0.19985349794901666,C1
0.1397559974370297,C1
0.26023556154925576,C1
0.17383456034624514,C1
0.1833228254011781,C1
0.2035165620476286,C1
0.12875427875085393,C1
0.2309719118162524,C1
0.27759189333660617,C1
0.22239400982991228,C1
0.20193775140175957,C1
0.14852071756861715,C1
0.26161124778531786,C1
0.2096947214368212,C1
0.26865600211776175,C1
0.24596567245690037,C1
0.22571970740444777,C1
0.2035078107919905,C1
0.11720931253779268,C1
0.23408407825950645,C1
0.18495017177455964,C1
0.15138992079086694,C1
0.19140308423643815,C1
0.09191455427466777,C1
0.15800951775692523,C1
0.116701392904073,C1
0.2465129978113065,C1
0.11216719729637398,C1
0.2533430736368234,C1
0.26679205070159057,C1
0.32677042687912283,C1
0.23197696024854017,C1
0.15342995063887419,C1
0.13116684578618676,C1
0.15861554163051617,C1
0.2856365912553895,C1
0.1041999490952086,C1
0.21959128555595336,C1
0.21722907386229642,C1
0.2053745117793017,C1
0.17990485400385048,C1
0.25136949744519443,C1
0.22104190829921422,C1
0.21005694060714156,C1
0.16959661739622586,C1
0.21274627515077904,C1
0.25567205250203406,C1
0.15032509785496256,C1
0.2265351611340633,C1
0.15941423591184484,C1
0.1518566589806544,C1
0.24084957802331258,C1
0.22809856335284426,C1
0.18828648506513607,C1
0.19757378307696274,C1
0.20924554439905704,C1
0.15462971349712365,C1
0.33816995552769646,C1
0.1289445259985274,C1
0.2018917977086085,C1
0.22344300725839128,C1
0.22976868995460473,C1
0.16388918388006662,C1
0.11575186456820166,C1
0.2426054130338482,C1
0.06989213312979722,C1
0.18663672589097186,C1
0.2035078107919905,C1
0.2770444556627337,C1
0.24957201057347697,C1
0.11737367812591659,C1
0.21604710835619886,C1
0.1957090908259817,C1
0.15399799995896463,C1
0.19612000763100557,C1
0.16725756738520395,C1
0.22523039344806278,C1
0.2608075446776404,C1
0.15508613751511963,C1
0.254571994430211,C1
0.2755307114448879,C1
0.22927447004945092,C1
0.2728862536336777,C1
0.26957058706353115,C1
0.1557755698972993,C1
0.17944277880524523,C1
0.24505319581547644,C1
0.1676909165517315,C1
0.18636451341903087,C1
0.23555436660744383,C1
0.277485799569706,C1
0.13321807146723474,C1
0.24793957450018753,C1
0.25910320038294543,C1
0.36145456353879996,C1
0.210498485588182,C1
0.22704871827862255,C1
0.29007609865539613,C1
0.1644266017241045,C1
0.20239687921541458,C1
0.23145511499021243,C1
0.14798251385574018,C1
0.21151392891589932,C1
0.14774107798219888,C1
0.1810102982881563,C1
0.2750627295598792,C1
0.1210925288604726,C1
0.2064583424128555,C1
0.1627425519908904,C1
0.030173506031217635,C1
0.17574247084063532,C1
0.15986529613743428,C1
0.18555339405535956,C1
0.22306183163208576,C1
0.16971421588974084,C1
0.18283912991856582,C1
0.17614526319854837,C1
0.16815869630438007,C1
0.12368090115725001,C1
0.1427282091231102,C1
0.29176714653031793,C1
0.19074420672128511,C1
0.15350698058450057,C1
0.1610470976030048,C1
0.23734449021460444,C1
0.18304261748067324,C1
0.2474176896356835,C1
0.16909081623985697,C1
0.17904815795698517,C1
0.15133521003112668,C1
0.26350901225589085,C1
0.2142273418111777,C1
0.11834336416339385,C1
0.20464777373719412,C1
0.2560116788768812,C1
0.1677417115078269,C1
0.28951859041829187,C1
0.17241634547355905,C1
0.11893578029401175,C1
0.1884991090806527,C1
0.26074752435499826,C1
0.14386601066898055,C1
0.21650675129253785,C1
0.22585330683109106,C1
0.2634032933559931,C1
0.20149148470381087,C1
0.17992593819136168,C1
0.19282222645597719,C1
0.2197968861643049,C1
0.2025253104796575,C1
0.1759579554960228,C1
0.2508603861290733,C1
0.2694489469165456,C1
0.21054060776951278,C1
0.19256187070924255,C1
0.2573867050819614,C1
0.19639015540132596,C1
0.2754500529125588,C1
0.176220208391549,C1
0.292940824586877,C1
0.2169507942569738,C1
0.28368956275403595,C1
0.20284667454773292,C1
0.2122782325115329,C1
0.2478529503290159,C1
0.1970034190258032,C1
0.20560136919664504,C1
0.16221549215839548,C1
0.15629506756401518,C1
0.20094809952264617,C1
0.1694408890750078,C1
0.10354620975184121,C1
0.1964388164711388,C1
0.1427966445047845,C1
0.15566438828819007,C1
0.2125287968444909,C1
0.15600032734658953,C1
0.25432841081076263,C1
0.22801700008455383,C1
0.17248029107681093,C1
0.21209579964446382,C1
0.17103596220790263,C1
0.20556078021385304,C1
0.24294779649321804,C1
0.17735960692943112,C1
0.13414599016353415,C1
0.19150841137680957,C1
0.19979299542334553,C1
0.15109286458791607,C1
0.251676742167824,C1
0.2151001176986704,C1
0.0946402761314277,C1
0.23786296034525073,C1
-0.025790552496468496,C2
-0.025293729158434725,C2
-0.09211809410508882,C2
0.08552267755220254,C2
0.04134429332695199,C2
0.04210764683582578,C2
-0.10672784328613995,C2
-0.09840713271245029,C2
-0.0013673296262959253,C2
0.0026386497241396548,C2
-0.0870568642105093,C2
-0.07593897025273572,C2
-0.10178739411129047,C2
0.014906269758994006,C2
0.13016255024290815,C2
0.0028566984915510407,C2
-0.027652112818308275,C2
-0.02003645124840347,C2
-0.06832945554124764,C2
-0.05791061130177973,C2
-0.0504093905590858,C2
-0.0520228183798775,C2
-0.12057806079290057,C2
-0.04101062050751092,C2
0.016980495259416525,C2
0.15368183407398242,C2
0.07623859385974369,C2
0.007822580905301281,C2
-0.20252204163268978,C2
-0.02158168176188569,C2
0.13799399887599462,C2
0.13756648054373793,C2
-0.007474142379872664,C2
0.2501052959138143,C2
-0.07707937799706784,C2
0.16847202984241194,C2
-0.026243228874279927,C2
0.08274603377021768,C2
0.09368444144000813,C2
0.07140117443183032,C2
-0.011459077082839164,C2
0.08366144682608032,C2
0.0143969817938015,C2
0.12038727227234228,C2
-0.19188075529469945,C2
0.015198699851661501,C2
0.0892807662228812,C2
0.10943056736648021,C2
0.06908727953667365,C2
-0.005235280764086428,C2
0.15055642439835876,C2
0.0708877349879348,C2
-0.05180136002966009,C2
0.08451589779294931,C2
0.100004615373465,C2
-0.008671881519359326,C2
0.107556583539749,C2
-0.03785815090302329,C2
0.1481445245245857,C2
-0.06273669178434739,C2
-0.10102452214390226,C2
0.21041367471409594,C2
0.05280620150753658,C2
0.12875447747777544,C2
-0.1325311559119847,C2
0.03359313510024533,C2
0.02708260312274964,C2
0.017889381260801154,C2
0.09739719700824545,C2
0.01494503231777089,C2
-0.0011057466321101744,C2
-0.08296623159617679,C2
-0.05993480206831727,C2
-0.1175367105570021,C2
0.15664952342852903,C2
0.030256541048990823,C2
0.10392417839598389,C2
0.016047273733249122,C2
-0.06946075824840575,C2
0.17501648266965775,C2
-0.07319013512092967,C2
-0.11512475813484647,C2
0.07464779378971476,C2
0.04356848653828225,C2
-0.045741454033395273,C2
0.14569881542138147,C2
0.05442391227264299,C2
-0.027143996749700913,C2
-0.03327804798242835,C2
0.0015792275279903067,C2
-0.034794978620278236,C2
-0.07922538974848721,C2
0.03699801722953062,C2
-0.07898129043288177,C2
0.09981869440825022,C2
-0.10487464908791805,C2
-0.10907368134890022,C2
0.12146176890178927,C2
0.0033871261377857592,C2
0.009015655480911267,C2
-0.10150916822277815,C2
-0.08102875928425493,C2
0.0700567883552311,C2
0.15018301174289633,C2
0.14832728936255274,C2
0.1270435406308995,C2
-0.014892098964861093,C2
0.18440970804767004,C2
0.012605561326919583,C2
0.06480169198681546,C2
-0.07546482273547254,C2
0.16783559784484392,C2
0.06513826485196302,C2
-0.013348496268381756,C2
-0.11252194504978516,C2
-0.0015258418697487938,C2
-0.048422266004963244,C2
-0.034610709126147,C2
0.06807952484955986,C2
-0.07311927803791232,C2
-0.050837686377146876,C2
0.047025578376057336,C2
0.022674996600903004,C2
-0.059790943110610985,C2
-0.08473359747081723,C2
0.0969316150700484,C2
-0.07255580875078013,C2
0.05851539549365892,C2
-0.024359658644337773,C2
0.004039241647888936,C2
-0.06294507291773158,C2
0.20740319480444747,C2
0.17415553081356497,C2
0.0028437094249578396,C2
0.07121634086397807,C2
-0.054590339252373915,C2
0.1665614040358751,C2
-0.10843732435884416,C2
0.13151111354660835,C2
-0.07046575576164413,C2
0.04266958551353405,C2
-0.019694266322048848,C2
0.1861590485420485,C2
-0.007985890111961137,C2
-0.09948262266513952,C2
0.1409809820021463,C2
-0.18586051648252241,C2
0.0678412299980655,C2
-0.26696510920969924,C2
-0.1173711860211072,C2
0.09001268715463573,C2
-0.06536107550113143,C2
-0.09233852095987345,C2
-0.03135164594162351,C2
-0.008312535554721561,C2
-0.17984927157528885,C2
0.051233519784614934,C2
0.05185499810468176,C2
-0.13055345544314667,C2
-0.07200791790685096,C2
0.00694728536380412,C2
0.14473266099145693,C2
-0.07594288799430135,C2
-0.06757632131652727,C2
-0.029465246059568292,C2
0.12288974151574303,C2
0.09040547373926844,C2
0.0014556238607854322,C2
-0.022871583964561487,C2
-0.03297073101925511,C2
-0.07377702944102842,C2
0.0516770944485957,C2
0.1290169299090404,C2
-0.14997055255031627,C2
0.19398921910279496,C2
0.1551408883071711,C2
-0.013677684531397248,C2
-0.03462711362873493,C2
0.01375818808625924,C2
0.034079355625449656,C2
0.15573677775586314,C2
-0.11940112968263822,C2
-0.08746617889842759,C2
0.10161281869771926,C2
0.0059521254202823115,C2
0.055930044184715894,C2
0.12939468406902405,C2
-0.07281918814979611,C2
0.03594144220836753,C2
-0.12280214805525039,C2
0.04981423008676117,C2
-0.03983776959694048,C2
0.012788735428752428,C2
-0.17226264724200543,C2
0.14763932858393014,C2
-0.043524133861491246,C2
0.054601182033105565,C2
0.2063307906014351,C2
2.095800659579483e-5,C2
0.04469055019564648,C2
-0.15126740091616245,C2
0.024026543296803975,C2
-0.025344319834940888,C2
0.09604965649319896,C2
0.05039409352912261,C2
0.07849392120347856,C2
-0.061272545337217724,C2
-0.07744617548274067,C2
0.02366138722881368,C2
0.10395634632140735,C2
-0.10662888453486744,C2
0.041338019763038324,C2
0.15363414360353045,C2
-0.13779448493698368,C2
0.04462268858909348,C2
0.05159003896375847,C2
0.13778453160758786,C2
0.04015417824415952,C2
0.013110081030420297,C2
-0.1856554017313573,C2
0.018604533949997476,C2
-0.03662242748828044,C2
-0.13030989981471286,C2
-0.041178968738040674,C2
-0.05818102716771273,C2
-0.029796476564051967,C2
0.021819446544107023,C2
0.22578499871457722,C2
-0.005259845202457328,C2
0.03239488828180849,C2
-0.11755178660255591,C2
-0.006273847592835648,C2
0.0728496418765475,C2
0.07148120733139166,C2
-0.08990103536274317,C2
-0.014628123188578812,C2
-0.07795112625767346,C2
0.027558141271712813,C2
0.04319244423000476,C2
0.08452445848878944,C2
-0.21228028242870348,C2
0.09372692427946844,C2
-0.03462711362873493,C2
0.14206389593037444,C2
0.1077774636035064,C2
0.12257736195319512,C2
-0.030537150952339553,C2
-0.04150090125297089,C2
-0.0254673840231021,C2
0.05143529512647044,C2
-0.05416427744791917,C2
-0.15198479061878875,C2
-0.07765947519867936,C2
-0.020962088916698176,C2
-0.05367065440744666,C2
0.1558314862648,C2
-0.00513309851708485,C2
0.12309662864604459,C2
0.16690049581224473,C2
0.03880408790287909,C2
0.17420317120887793,C2
-0.1555898778127121,C2
0.1425704941883849,C2
0.01277091830798744,C2
-0.13872067463341792,C2
0.09265847252458705,C2
-0.07610287267428884,C2
0.07698680504495277,C2
-0.043279550397156835,C2
-0.038605471413084645,C2
0.03378161627344742,C2
-0.1863218133693214,C2
6.223464777549668e-4,C2
0.15073535361539717,C2
0.15804938167128074,C2
0.15075353715203638,C2
-0.0700678507571478,C2
0.1838576802091065,C2
-0.06417657264344491,C2
0.1583421062810322,C2
0.0502839663285962,C2
0.00839832878286324,C2
0.05234573491070954,C2
-0.03621234255763716,C2
0.13796287495896029,C2
0.09341048669499348,C2
-0.03812613871377045,C2
0.14655462713371686,C2
0.12532172980630432,C2
0.007869637179839021,C2
0.0756257555589786,C2
-0.11785659466104831,C2
0.043337743196720555,C2
-0.0067745355856376616,C2
0.04082674218740366,C2
0.012693099769476288,C2
0.11062469606465673,C2
0.011975654428311236,C2
-0.21460556991066265,C2
0.025427118126407744,C2
0.03579609563449483,C2
0.05693552624014658,C2
-0.06294507291773158,C2
-0.0919959453677484,C2
-0.0023607646857557243,C2
-0.06903942491434714,C2
-0.10321377521984226,C2
0.004114857630885538,C2
0.014508322372993973,C2
-0.09758509976820715,C2
-0.12273455580432169,C2
0.09552858149871374,C2
-0.07205782742396187,C2
0.27708131647000733,C2
0.11326532978836723,C2
-0.009820060845701029,C2
0.11624807811683588,C2
-0.025768168135897787,C2
0.16135844233917052,C2
0.021779421748639196,C2
0.18537955227573383,C2
-0.11492114841599321,C2
-0.08974914560657675,C2
0.17839415562988897,C2
-0.042332348310451254,C2
-0.035443952202318586,C2
0.02960136496227684,C2
-0.15104597891683175,C2
0.062361021775572616,C2
0.24765600535305515,C2
0.17857359299943754,C2
0.1271044239727379,C2
-0.1395856531638749,C2
0.22275395787173388,C2
-0.02405196631650073,C2
0.057181685435511644,C2
-0.038644085386213986,C2
-0.0016151420641006484,C2
0.17741201503510912,C2
0.07930349531528053,C2
0.03067605771393549,C2
-0.05539238569220506,C2
0.0671579282438367,C2
0.07960640624830251,C2
0.018907219959983484,C2
0.19229752327806784,C2
-0.03965584501532862,C2
-0.01881162427998878,C2
-0.02533955022394599,C2
-0.05110320497191292,C2
-0.00393065163343498,C2
-0.0448750537228597,C2
-0.1282092352508949,C2
0.0059557981314786596,C2
-0.03392443342067389,C2
0.005114836441786879,C2
0.07212707412290977,C2
0.17375752934227032,C2
-0.03398489146925961,C2
0.22357951138644477,C2
-0.11885067994867024,C2
0.13907153836064542,C2
0.1809285269168414,C2
0.1494772772673893,C2
0.1899990528131823,C2
0.037108195569631276,C2
0.0733762600037864,C2
-0.06420647341697985,C2
0.09243888691952788,C2
-0.08982961920903029,C2
0.00983229539011832,C2
0.04549017124521368,C2
-0.16223704392255486,C2
-0.04609565852284453,C2
0.08519322070441546,C2
-0.03799388960577421,C2
-0.1752686027738921,C2
-0.036949011724077815,C2
-0.1688588993353011,C2
0.03818327650335969,C2
0.030653798176090534,C2
0.16517338110107885,C2
-0.07216705463743754,C2
0.013608370999403985,C2
-0.06128065682337369,C2
0.07568127918211509,C2
-0.005084563594369304,C2
-0.01994845162106791,C2
-0.013660157072085267,C2
0.0066251026712835365,C2
0.014191272055114553,C2
-0.048029696149910886,C2
0.12758229613732586,C2
-0.07076475799891332,C2
0.23025826085424803,C2
-0.04432079579808568,C2
0.1226582896846303,C2
-0.20164703255483019,C2
-0.14447674301860766,C2
0.04011201207516754,C2
0.16368697328630483,C2
-0.0098559411088735,C2
0.1696691235093332,C2
0.10852018092485179,C2
-0.22124103969061626,C2
-0.14910999051801868,C2
0.04464999993154761,C2
-0.06613154707865355,C2
0.02722889164728632,C2
0.04904811465977318,C2
0.09411683180979107,C2
0.1473109104142809,C2
0.20480036085896328,C2
0.02227187462497741,C2
0.05821363635465995,C2
0.08926623196036126,C2
0.009015655480911267,C2
-0.023005848105683603,C2
0.1300144504816817,C2
0.12284620948149813,C2
0.07789057446535128,C2
0.0949615258124149,C2
0.13827606400067552,C2
-0.049288884846693956,C2
-0.018003726391062486,C2
0.14187409619072947,C2
0.048798217230402785,C2
0.044471230691154065,C2
-0.20191234650507328,C2
0.03944362187596396,C2
0.059668254721033764,C2
-0.035356318901677515,C2
-0.09826530034652323,C2
0.005750066053562347,C2
0.1098350425373911,C2
-0.041736336799146914,C2
0.06500422040197154,C2
-0.022333212081540557,C2
0.060059274585726435,C2
0.13199134968225296,C2
0.08978950483455464,C2
-0.10384493215581958,C2
-0.043152181645205206,C2
-0.10956902466771173,C2
-0.006900433359205982,C2
0.14266180548614552,C2
0.0729074747251657,C2
0.0379280118234677,C2
0.15261911720646715,C2
-0.049202955344444604,C2
-0.05872591590879721,C2
-0.026243228874279927,C2
0.02218202108551661,C2
0.07136662496055189,C2
-0.00170634570331335,C2
0.10833007343530977,C2
-0.09412802787084198,C2
0.0159969772270524,C2
0.19156491069888815,C2
-0.013844465026677702,C2
0.08758514427839119,C2
0.01562624213528327,C2
0.21765617810318677,C2
-0.03489719765276653,C2
-0.09490089418697262,C2
-0.113489199675667,C2
-0.05392163514868798,C2
0.16570809341037962,C2
0.07988307760497121,C2
0.015332961156576709,C2
0.2561277416819452,C2
0.030146995851489264,C2
-0.08175916419198163,C2
0.019142463938795047,C2
0.04767123186567382,C2
-0.14061807656069103,C2
-0.002120707747499062,C2
-0.12980660295311078,C2
0.06150635604196575,C2
-0.05276392701457889,C2
0.03140103755862795,C2
-0.08758391334438861,C2
0.03714826171678276,C2
0.016376939031356078,C2
0.09664470060503802,C2
0.07467905267895544,C2
-0.13077067340178555,C2
-0.013809735505850185,C2
-0.16593525356686045,C2
0.051249784933772094,C2
0.09577244094779992,C2
-0.04048273511943817,C2
-0.09156911929461818,C2
0.10708500097095591,C2
-0.0767532740702293,C2
0.019003769196818163,C2
-0.08227106509101433,C2
0.005941787294958173,C2
0.14610874647915525,C2
-0.033249599157648684,C2
-0.15535893870079118,C2
0.04906986025411045,C2
0.010187367048910906,C2
0.17344123281893567,C2
-0.07795923839905661,C2
-0.06061047357167823,C2
0.1412536145521283,C2
-0.09769206733106467,C2
-0.04425220001922952,C2
0.04496178333610839,C2
-0.023787186799610106,C2
0.1222331735260729,C2
0.1200545391719651,C2
0.3065368782598575,C2
0.11424067240215756,C2
-0.11284489455191844,C2
-0.025794086885794404,C2
-0.0696097211977537,C2
0.1005133917096874,C2
-0.09610305570222188,C2
-0.10256495397570733,C2
0.011336300126064458,C2
0.16604634601500906,C2
-0.12855198068337356,C2
-0.010795684739876354,C2
0.2220085252322922,C2
-0.15516007443288926,C2
0.06631393312894757,C2
0.19089625809456973,C2
0.14691660423138309,C2
0.1159875832029729,C2
-0.1280418849837909,C2
0.03302030488002671,C2
0.26691908259828195,C2
0.0987157170452789,C2
0.02444603069435114,C2
-0.012135610570914918,C2
0.1205546666727247,C2
-0.03775248390544754,C2
0.06141066214165042,C2
-0.08453296140539193,C2
-0.18029787427374483,C2
0.022891336273524354,C2
0.005973904290596872,C2
0.07988586043864679,C2
0.0013375477902256572,C2
0.04642249984019854,C2
0.05061780299452301,C2
-0.10189123358102807,C2
0.06141066214165042,C2
0.13497935372375575,C2
0.17161159886819377,C2
0.11550082229561483,C2
0.14589484674184094,C2
0.030769635458166106,C2
0.10337433370458554,C2
0.03939772113327784,C2
0.026352875928709683,C2
0.06935315920816251,C2
0.06683690149224285,C2
-0.11324002495306609,C2
-0.037073832107416965,C2
-0.15644449862605248,C2
0.09193960963480624,C2
0.10594925289351673,C2
0.14294999122710872,C2
0.06556035988900843,C2
0.058859432491721125,C2
-0.0841805985579515,C2
-0.056656440596804386,C2
0.08020717379482331,C2
0.0017662372005013277,C2
0.05586303148989245,C2
0.01810960524468057,C2
0.15140040630725476,C2
-0.1972362064936245,C2
-0.07035361352018726,C2
-0.14251027829067858,C2
0.1889081300256844,C2
0.12606194283968924,C2
0.025811086446313462,C2
0.056535930843287396,C2
0.05500928705386255,C2
0.06819255122317194,C2
-0.026803310150880305,C2
0.19011315025501102,C2
0.10444696530920686,C2
-0.016039557617642253,C2
-0.15681290805217366,C2
0.031018610152214396,C2
0.0776203077248916,C2
0.06254328893141302,C2
0.2416836820645671,C2
0.07802943333547017,C2
0.014170194071953579,C2
0.023641773425337728,C2
0.13594542743024934,C2
-0.08196067871375454,C2
0.043014001695864626,C2
0.11039445150427177,C2
0.13421786417206621,C2
-0.14540771858639256,C2
0.030019019047001758,C2
0.09512286029058967,C2
-0.07690220080826761,C2
-0.017995220038758072,C2
-0.11293770900370412,C2
0.12610059413793112,C2
-0.029623501529439756,C2
-0.028076914969508017,C2
-0.023784022312327603,C2
0.04654558071261242,C2
0.11450082089857681,C2
0.058336644044783025,C2
-0.026743346953084862,C2
-0.03487812204633882,C2
0.1648209666284366,C2
0.10096948178627588,C2
0.11333220811368803,C2
0.16544181700900232,C2
0.10007392186593594,C2
-0.07851641312412519,C2
-0.024431366398090487,C2
0.028852866675770958,C2
0.04856538713734848,C2
0.03899099574767904,C2
-0.13605632191294176,C2
-0.031821503184490695,C2
0.1520652132052342,C2
-0.021117260211938098,C2
0.01817852711728242,C2
0.024001271080472956,C2
0.08291744502703934,C2
-0.07007449308723009,C2
0.1007389177642122,C2
-0.0824039176034366,C2
-0.06420504929439264,C2
0.08222038520972708,C2
0.14523102118069853,C2
-0.20144575048392202,C2
-0.11859053094998981,C2
-0.03612200392476589,C2
-0.012005745747828957,C2
0.044777785134888864,C2
0.035035628912192154,C2
0.04350897919233346,C2
0.06974195371178993,C2
-0.015145466609614078,C2
0.058346406551480046,C2
0.13778349289819278,C2
0.016540973596534718,C2
-0.1319335242684651,C2
-0.06666860274466607,C2
0.12269256677472114,C2
-0.11062467982924637,C2
-0.022361576368794475,C2
0.0935393485455786,C2
-0.14248495654540794,C2
0.0678568941688748,C2
-0.007369392965249907,C2
-0.055544160452473984,C2
0.11676125048168057,C2
0.15371307664300332,C2
0.2142118354336667,C2
-0.018249920847526302,C2
-0.036243059720979603,C2
-0.17519908746782317,C2
0.03968916741053921,C2
0.04535455344346233,C2
-0.14184927204052933,C2
-0.07155402237489697,C2
-0.03868830653915019,C2
-0.03972472121597123,C2
0.0634564551372231,C2
0.12933244353291995,C2
-0.0346511611939293,C2
-0.146421661147455,C2
-0.08252952904087343,C2
-0.025357461511415373,C2
-0.06619471410766822,C2
0.013139237934962161,C2
0.01773100677959647,C2
0.12867397070168163,C2
-0.03538444115115776,C2
0.044466509844343916,C2
0.046370526760835265,C2
0.07081199331096247,C2
0.07956767940462547,C2
-0.041226641301238834,C2
-0.10075160518316066,C2
0.07311317195821067,C2
0.06151427704214524,C2
-0.01463184648670067,C2
0.1429403102413236,C2
-0.15884699056413115,C2
0.044814340712836534,C2
0.026326666769818083,C2
-0.04071458624613422,C2
-0.05293695663386389,C2
-0.02722371357208564,C2
-0.07779795476406168,C2
0.00753411420934097,C2
-0.07719990067576293,C2
0.05613240190811603,C2
-0.09436807630890587,C2
-0.09741889094248443,C2
-0.18321576270144216,C2
0.11329968427672915,C2
-0.17277621120485326,C2
-0.11597801953933576,C2
0.08995974664726944,C2
0.13963970602823478,C2
-0.07595551512427427,C2
-0.13220122458192043,C2
-0.022552718225523568,C2
0.07384479803986893,C2
-0.0073968432876459975,C2
0.06345028297018028,C2
-0.020067201756772735,C2
0.008623716107456679,C2
-0.14125283468184344,C2
0.03661097183757679,C2
0.20251617406072236,C2
0.035308853092166775,C2
-0.09922774792759415,C2
0.1904556385125727,C2
-0.04127803972649963,C2
0.11066720938688797,C2
0.03242859761874155,C2
0.16714098230187255,C2
-0.009070135855628561,C2
0.04581433244662782,C2
-0.07388327940437439,C2
0.04326183150881826,C2
-0.10144226776501701,C2
-0.0903158775295558,C2
-0.19956826703087174,C2
-0.010646734330706412,C2
0.07829272555591868,C2
-0.03192277258732311,C2
-0.05812326727478834,C2
0.14976195096686118,C2
0.01156394302370016,C2
0.1019165829733712,C2
0.21082958634635407,C2
-0.05467467703902139,C2
-0.03314657501968889,C2
0.08852228906645025,C2
-0.1379867695034908,C2
0.12002143077188415,C2
0.11365574885528475,C2
0.03695028039963552,C2
-0.03075476277714491,C2
0.04957836102437511,C2
0.07012504517926127,C2
-0.08540970873194853,C2
-0.10572004259959611,C2
0.02337822453649261,C2
-0.0790352643559465,C2
0.20392231090832152,C2
0.07077059517755138,C2
0.013570210571041859,C2
0.11550082229561483,C2
0.11029338026477442,C2
0.06431074553164093,C2
0.2061814906433236,C2
-0.11155288376313738,C2
-0.10265645020565736,C2
-0.07031631662795758,C2
0.11575983883707533,C2
-0.1599913772104028,C2
0.004872270721412948,C2
-0.0068210408653081875,C2
0.06810312464652414,C2
0.10051477510556224,C2
-0.03123489549755175,C2
-0.058775181814951276,C2
-0.060549566406725604,C2
-0.032224182366367767,C2
-0.023587884468723633,C2
-0.0035198402919520352,C2
0.09499102264564432,C2
0.10547960239525728,C2
-0.1512235684312639,C2
0.040216280246364346,C2
-0.040366259815636005,C2
-0.025939910635388502,C2
0.0792658112227177,C2
0.030967396972642794,C2
0.1093857492312659,C2
-0.11473041714615097,C2
0.09919787289777504,C2
0.09654878025767456,C2
0.027421560198074124,C2
-0.058530291902704076,C2
-0.11758592688359773,C2
0.2084616738112748,C2
0.10893373084717818,C2
0.16639266573656192,C2
-0.0967133434247389,C2
0.0402980913249512,C2
-0.021913518855080555,C2
0.13335379584232523,C2
0.029848282299520523,C2
0.05333858535093963,C2
0.024610912395064216,C2
0.0603694852975092,C2
-0.10472303277838624,C2
0.04321292030317584,C2
-0.08633112838409829,C2
0.1539513690658781,C2
0.004921207037347525,C2
-0.03657297709930263,C2
-0.07412353650885266,C2
-0.14669606808150107,C2
0.049173190600313235,C2
-0.10328343951970112,C2
0.020389359973695162,C2
0.07391159181937897,C2
-0.15220044621451032,C2
-0.0025608033601467947,C2
0.12735627335722272,C2
0.06694106037319811,C2
0.040506308078178725,C2
-0.038952939327641566,C2
0.021078766625595075,C2
-0.026365948329411637,C2
0.020622943670549065,C2
-0.036949311800648706,C2
0.0392833210769416,C2
-0.016929097919503838,C2
0.03162780534410354,C2
-0.01252070393451454,C2
-0.06474205607618234,C2
0.021822334776670487,C2
0.10816177829060646,C2
-0.1630200723340915,C2
0.12043999613434511,C2
-0.014906108027068654,C2
-0.02376620173693518,C2
0.02356522706656387,C2
0.06571206327951402,C2
-0.04541054428282683,C2
0.043115058020550656,C2
-0.1136608313972421,C2
-0.009899943801844413,C2
0.1332714749853539,C2
0.07628643922474941,C2
-0.06071518404256729,C2
0.12697962964413914,C2
0.06120245849418711,C2
0.023690152465784903,C2
-0.17461617640938218,C2
0.060807931936896854,C2
-0.09328583207841146,C2
0.00392083345412219,C2
-0.06201163649880559,C2
0.06770175416172933,C2
0.15043424308521774,C2
0.16480732744194432,C2
-0.0672332801258584,C2
0.03827888313486955,C2
-0.15898928093144082,C2
-0.050208324669856995,C2
-0.13174988936203663,C2
-0.018602862815722432,C2
0.030419613637956457,C2
0.03567938181667951,C2
0.08577163482817496,C2
-0.029499076107041434,C2
-0.29730412301834175,C2
0.03917270622676228,C2
-0.02561944752779699,C2
-0.10694286098406569,C2
0.2570659927551343,C2
0.14189410402957747,C2
0.10868473962481465,C2
-0.04290392125604103,C2
-0.021348328796217397,C2
0.057347907484686475,C2
-0.11359769924700454,C2
0.0401699937898011,C2
-0.030294270638867964,C2
-0.040279866471308226,C2
0.14245005913791453,C2
0.06586775869389284,C2
0.1750773036243512,C2
-0.0449048824843451,C2
0.11618360886836306,C2
0.09378051086255315,C2
-0.03632848126314904,C2
0.24611714454610048,C2
-0.04808997471536251,C2
-0.006708659081614864,C2
0.01978488913305966,C2
-0.07402534870744587,C2
-0.07228734326264682,C2
-0.29507229319377526,C2
-0.05106529022891178,C2
-0.04015034592687182,C2
-0.04190032514289762,C2
0.3032008375385675,C2
-0.08810112350624123,C2
-0.134602263875817,C2
0.09079970606074209,C2
-0.03820528024072339,C2
-0.10808140394354143,C2
-0.039903388500246606,C2
0.1814891643131824,C2
-0.021171726953134365,C2
-0.005099572308584047,C2
-0.15876156339547143,C2
0.23477402272970277,C2
0.02819160468384298,C2
-0.06694757493649399,C2
0.14365498609693472,C2
-0.035596509884096406,C2
0.1308583952033015,C2
-0.050119101575748753,C2
-0.01012596354263244,C2
-0.08666972875570249,C2
-0.02007854919231586,C2
-0.008500203162377429,C2
0.10055471100020232,C2
0.006810835436955688,C2
0.12622685598985983,C2
0.08524467021419282,C2
-0.10025230699655704,C2
0.09683665710893846,C2
-0.08144919790291665,C2
0.004936998393911603,C2
0.01248395894640239,C2
0.1732711028843576,C2
-0.1320781633783726,C2
0.09108871476110256,C2
-0.008451021764620866,C2
-0.04604281107446352,C2
-0.12217025645820868,C2
0.052382376905706074,C2
0.14164789287661972,C2
-0.012156921355482034,C2
-0.04230339128596429,C2
0.1799395617675451,C2
0.07037712929916858,C2
-0.11342095760469625,C2
0.054494675436746506,C2
0.1409006458701091,C2
0.12204450403585884,C2
-0.0589804606619895,C2
0.1266427187476282,C2
0.15668627330676985,C2
0.26153999250932713,C2
-0.02154364487248936,C2
0.0595448897375854,C2
-0.013279816769805379,C2
-0.05672661170477483,C2
0.06065126251033437,C2
0.08538444850500879,C2
-0.019404149854790456,C2
0.014921220278782621,C2
-0.020426444345831477,C2
-0.2090155799556755,C2
0.08907509660797436,C2
0.14313833488261568,C2
0.08749296710708401,C2
0.09457753664535234,C2
-9.775645967616126e-4,C2
-0.012713576285467112,C2
-0.07195682624279495,C2
-0.018979843571457197,C2
0.024685516133691993,C2
0.013624008554542016,C2
0.12698453590117575,C2
-0.0071553117221778845,C2
-0.08208078263770152,C2
0.06731492530162259,C2
-0.043479051711951135,C2
-0.039346566190624044,C2
0.0017358544932487077,C2
-0.13148438213102048,C2
0.04491077611110987,C2
-0.10819420645844258,C2
-0.017736761526832,C2
0.10885323753583287,C2
0.02497574752228091,C2
0.10259067273762852,C2
-0.008748011285162408,C2
-0.06516339140141247,C2
0.12186245727598233,C2
-9.77105614340043e-4,C2
0.09390040534523678,C2
-0.11232198961353687,C2
-0.04401413841348903,C2
0.058921357722728426,C2
0.16438175985207648,C2
-0.12189624506885688,C2
-0.010800877992477212,C2
-0.10314171145837733,C2
-0.03783450823944672,C2
-0.00911760526944811,C2
0.0854398853879688,C2
0.11575192434246963,C2
0.11666279925377679,C2
-0.0576838251638601,C2
0.09303785175149293,C2
0.01881467547653049,C2
-0.07325578921818222,C2
0.0060756823435962806,C2
0.002883085922819946,C2
0.04903325205882314,C2
-0.10531449595840736,C2
0.03139756178373054,C2
-0.13065387179517512,C2
-0.14181903349612113,C2
-0.056807671667489304,C2
0.043514591546709426,C2
-0.23321176519988548,C2
-0.02476948525631991,C2
-0.05763075936077994,C2
-0.055455569797379686,C2
0.02505795578462422,C2
0.03501330271027378,C2
0.005682113074029549,C2
-0.12406103870393406,C2
0.03171067011424895,C2
0.1305044247916911,C2
-0.07632293288587957,C2
-0.09538496755456391,C2
0.001049912156936129,C2
0.035279151119084876,C2
-0.19057505826640114,C2
0.030359537981594006,C2
0.04589140959522423,C2
0.0026854868873483206,C2
-0.20010469558906513,C2
-0.08341000360765886,C2
-0.04847904163032889,C2
0.13507909092331705,C2
0.047190742055856945,C2
-0.08881070591256784,C2
0.12947840628315285,C2
0.008488995673610358,C2
0.02785655295621034,C2
0.06292885942677905,C2
-0.020542852966961872,C2
0.06760026680935721,C2
-0.0818863333028404,C2
0.17806264956051254,C2
-0.003216747705786338,C2
0.07832757261356299,C2
0.2070112466153312,C2
-0.14376033487642814,C2
0.017231583551065285,C2
0.018415065707891323,C2
0.06907268689487975,C2
0.07614675474906737,C2
-0.019851065354445974,C2
0.029803113424559748,C2
0.092888675311434,C2
0.08820815812581424,C2
-0.19005423053634735,C2
0.06555287108740443,C2
-0.005610835813939816,C2
0.029033150874584773,C2
-0.004530478100816197,C2
-0.14134258102604577,C2
-0.10743885535645428,C2
0.08997567824857458,C2
0.044403964834900875,C2
-0.022251984928059475,C2
0.015823543149282512,C2
-0.17253520831830355,C2
-0.15089014157889813,C2
0.02595433463534201,C2
-0.07405758708031057,C2
0.04141313915540698,C2
-0.17090839336957558,C2
-0.12045213761114232,C2
-0.0912863243075593,C2
-0.12871073196605176,C2
0.020854537879911872,C2
0.051405502668979156,C2
0.011486671940125412,C2
-0.027305342858727072,C2
-0.08423364636060766,C2
-0.016739947887798673,C2
0.025370120897236823,C2
0.16544947569670373,C2
0.08933497729391272,C2
-0.06374508210049921,C2
-0.11670035474076942,C2
0.12979452217584073,C2
-0.0528170155744116,C2
-0.025531726140855443,C2
0.05066321720575907,C2
-8.853888157094349e-4,C2
0.055465992404469644,C2
0.09165813161486956,C2
-0.06278424594187865,C2
-0.09919396150343672,C2
-0.0034106157017973135,C2
0.15225890325710636,C2
0.12819107956272596,C2
-0.1839165765137898,C2
-0.11392523969095486,C2
0.041370925450574275,C2
-0.10603887782808966,C2
-0.04585576651149898,C2
0.03012626009481769,C2
-0.1344017979778241,C2
0.1307446822866561,C2
-0.0377926827996951,C2
-0.08993623908427253,C2
-0.08159706438952535,C2
0.004025980686451214,C2
0.04251903834273877,C2
-0.07664715100312633,C2
0.04268708012813467,C2
0.2844041412083765,C2
-0.16096876673298666,C2
-0.015225880945585794,C2
-0.09947349330960041,C2
-0.08213967182793408,C2
0.13039561912344783,C2
0.06909817264721718,C2
0.04089021856481681,C2
0.04141313915540698,C2
0.06743018862230127,C2
0.14510609520019543,C2
0.07139048509687357,C2
-0.12166206182745964,C2
0.12414268011488674,C2
0.16811181036880407,C2
-0.10264644404402724,C2
0.3183694084331534,C2
0.11513470047650068,C2
0.1043548418446987,C2
0.0013729180234923685,C2
-0.0072961551453447,C2
0.13286041078663685,C2
-0.10230389977286268,C2
0.15584413319892584,C2
0.018613637343227588,C2
-0.04431317925872785,C2
0.0513855660601546,C2
0.08442614412241826,C2
0.1482169610792199,C2
0.11480227204360463,C2
-0.1631530867406917,C2
-3.246394573320349e-4,C2
0.10177038541469559,C2
-0.050452775365457926,C2
0.1145995036697998,C2
-0.06735750253235676,C2
-0.07420607775000446,C2
0.0602818248567116,C2
0.2316763127176253,C2
-0.08792232554052382,C2
0.1996953121223213,C2
0.0029265462060600357,C2
0.031533098078538005,C2
-0.1220332864901255,C2
0.003683046681117949,C2
-0.11873240568423324,C2
-0.135582468481315,C2
0.008938492860904063,C2
0.20016067069064042,C2
0.013674994810884744,C2
-0.07818022071955569,C2
0.17141847618172001,C2
0.08765341679025182,C2
0.24022953392231514,C2
0.07400444339058429,C2
-0.06246654431230553,C2
-0.15146144210909734,C2
0.01295451392505468,C2
-0.008452949754653313,C2
-0.1126968450690954,C2
-0.19347535847664893,C2
-0.13547966629758004,C2
0.11707161459573255,C2
0.04745576045774143,C2
0.12778040460122608,C2
0.09190721487114663,C2
-0.18515691303724094,C2
-0.1346614726895254,C2
0.024705952008403254,C2
0.0020997360494933726,C2
0.035495103565412106,C2
0.04635915293480279,C2
0.0027621147080130757,C2
0.09397968103615564,C2
0.032384982806852806,C2
0.06375843977263725,C2
-0.0484136556314982,C2
0.013033493231338428,C2
-0.01655067291367532,C2
-0.09055207486859701,C2
0.0793155056002601,C2
0.14594192352892357,C2
0.0026778817043831126,C2
0.07476972770494536,C2
0.04997483858536367,C2
-0.08669487072838557,C2
-0.07666982852223149,C2
0.20652916997393322,C2
-0.01500513623469571,C2
-0.05287675710877432,C2
0.09165813161486956,C2
0.03914483915248756,C2
-0.20838209901834898,C2
-0.017776131782508628,C2
0.18225061034593004,C2
-0.07986864119502003,C2
0.0853509880748118,C2
-0.03436245809315416,C2
0.03535332845988729,C2
0.15263932611483622,C2
0.07930634405050466,C2
0.046653870081644004,C2
0.07717851067374462,C2
0.004781499041200055,C2
0.077705289890003,C2
-0.022949326136312842,C2
-0.08235307592355666,C2
-0.11003527242778205,C2
-0.06883574296057193,C2
0.06221169051791767,C2
-0.002251119396187093,C2
0.107741556335549,C2
-0.007080191883472461,C2
-0.07534560581774426,C2
0.04057864770687189,C2
-0.11734841840089644,C2
-0.09878116638791859,C2
-0.03363298804843545,C2
-0.03399250849308238,C2
0.09804220115541429,C2
0.1799455185842171,C2
0.07219932273539202,C2
-0.04581401357677446,C2
-0.04975965285775043,C2
-0.05247313663909714,C2
-0.12128462947446704,C2
-0.06283167178298915,C2
-0.07388992418605905,C2
-0.003221288229473915,C2
-0.031508100817162606,C2
0.033512014628408165,C2
0.07838492317697277,C2
-0.1415213930813293,C2
0.04013633793512032,C2
-0.13963829813556436,C2
0.04229219754984301,C2
-0.05548596240898156,C2
-0.04332742854683777,C2
0.06405517054555938,C2
-0.04375756058966762,C2
0.04172663584079208,C2
0.19539296482404384,C2
0.09128616350597829,C2
0.05479318904966305,C2
0.06907268689487975,C2
0.11874799749193349,C2
-0.09992892027166103,C2
0.049338863043882915,C2
-0.15009916672641266,C2
0.06225837191677028,C2
-0.09800324914653245,C2
0.10627273127041784,C2
-0.11005385424393921,C2
-0.06898739819101979,C2
-0.023217151512634045,C2
0.13433984774310787,C2
0.2267777616818971,C2
0.310412267831936,C2
0.07281853750132666,C2
-0.1434414298936633,C2
-0.07983788973904793,C2
0.0852475658682624,C2
-0.09006497432202673,C2
0.15240212665615357,C2
-0.12699365465022963,C2
0.015365523581864137,C2
0.07646911052540001,C2
0.051615987159888965,C2
0.019402828797781865,C2
-0.10124648184243987,C2
-0.037342872558639106,C2
0.013845508887292884,C2
-0.025912274035807634,C2
0.006925324307556824,C2
-0.09107502374355565,C2
-0.003095784246797559,C2
-0.05301610177353874,C2
0.037126119649240556,C2
-0.09654702470622385,C2
0.026951999355518768,C2
0.03993152321035153,C2
0.19724636266977008,C2
-0.09313592623706893,C2
-0.057701921431267095,C2
0.012951918831372929,C2
0.02505733564486364,C2
-0.07263541152111846,C2
-0.10112943922551693,C2
0.030619562171587678,C2
0.03985805639421146,C2
0.05809281727271426,C2
0.011510049375342071,C2
-0.07300511251231383,C2
-0.008747156547930103,C2
-0.0351120437768305,C2
0.05660592233531883,C2
-0.0706925362976971,C2
0.026934036437227804,C2
-0.178696567757149,C2
-0.2776635758616322,C2
0.0881972558780116,C2
-0.038547086246290725,C2
-0.10732775846515868,C2
-0.05730855455614958,C2
0.1512830281142763,C2
0.09693446585722398,C2
-0.013020865744630447,C2
-0.08851318840714706,C2
0.1655495227148965,C2
0.04035596419352437,C2
-0.1282425093730072,C2
-0.004198454482833416,C2
-0.053082657342476275,C2
-0.03221725153505792,C2
-0.09111482232449675,C2
0.05400243065767287,C2
0.1430537115192076,C2
0.22250581392488666,C2
0.010084250423256827,C2
-0.1533165303615224,C2
0.07268617071394592,C2
0.03983772944368884,C2
0.020135994914701916,C2
0.14405960754472133,C2
-8.362297240959854e-4,C2
-0.09841728715854738,C2
-0.05400906409244913,C2
-0.11618922265857184,C2
-0.12934941365115352,C2
0.10398091001351809,C2
-0.02214140143632696,C2
0.11877969605951719,C2
-0.08299934777957729,C2
-0.002054299251731617,C2
0.09613954242654557,C2
-0.03700368010381261,C2
0.0616791201824685,C2
-0.15058355897108386,C2
0.04771041633697026,C2
-0.05472888946005994,C2
-0.04209094968488542,C2
0.03647802300988161,C2
-0.009975871913875806,C2
0.12421966760363792,C2
-0.027244427909634338,C2
-0.06379592288034597,C2
-0.023094884446494372,C2
0.10381043689476695,C2
-0.06563085674527858,C2
-0.08997135820621882,C2
-6.457917791542755e-4,C2
0.08790058169946155,C2
-0.0838271811388702,C2
0.032610392750952816,C2
0.0896413796187665,C2
0.01478037050523315,C2
2.7958936938150825e-4,C2
-0.03684975097077112,C2
0.011545128667020309,C2
0.0539819964852038,C2
-0.02360623997040042,C2
-0.0494682139608118,C2
0.17140044874860177,C2
0.10351344797460703,C2
0.030677236892622476,C2
0.06006143742424982,C2
0.030276148259272724,C2
-0.034154375263599365,C2
-0.02181798459246967,C2
0.05400729136180362,C2
0.11977427118580461,C2
0.024953104893282292,C2
-0.07921866988717843,C2
0.04209285856694381,C2
-0.10302109956339488,C2
-0.0027820109741979043,C2
0.010721516229481224,C2
0.029698870737868054,C2
-0.009642144530059916,C2
-0.01206461190471659,C2
0.1699578619026939,C2
-0.00699628414409955,C2
-0.07650803673327675,C2
-0.1157432930060189,C2
-0.09633647481912239,C2
0.14475817753742382,C2
-0.057517325087910035,C2
0.15899698055664693,C2
0.3025067733499391,C2
0.041556456882749254,C2
-0.03451854669659772,C2
-0.14785479836865806,C2
-0.04325059003647558,C2
0.11467611505374645,C2
-0.0303823187595137,C2
-0.09664820225934946,C2
0.2305348326059397,C2
0.1668640775875055,C2
0.10372627156854151,C2
-0.06811626719638392,C2
-0.014809461126962485,C2
-0.01452833839694151,C2
0.2265595885340265,C2
0.01277549516201458,C2
-0.06513764415524498,C2
0.03749757106255996,C2
0.0066540447605625275,C2
0.07914915173473208,C2
0.034416412787549006,C2
-0.11893661784829782,C2
0.041714387255068805,C2
-0.00986619658727278,C2
-0.05715559830208763,C2
-0.0852369357860434,C2
0.04807800043193387,C2
-0.001553139290616865,C2
0.1376235393203355,C2
0.005779205670882151,C2
-0.07310912829422263,C2
-0.04302180719699042,C2
-0.07173467124134537,C2
0.052100697158104656,C2
0.01104451238358975,C2
0.002883085922819946,C2
0.08370835745505595,C2
0.1972469446613617,C2
0.09771318178054714,C2
0.08524413712114401,C2
-0.1962807103386522,C2
0.06387040466432417,C2
0.020854537879911872,C2
-0.11289052086483446,C2
0.01461853255501789,C2
-0.10848368259625196,C2
0.12287045767695276,C2
-0.1444930569751578,C2
0.16669709051300818,C2
0.08429787431913921,C2
-0.04585576651149898,C2
-0.08935280826358202,C2
-0.08381670780575498,C2
0.06080208551721483,C2
-0.09505224289874692,C2
0.011299182797466958,C2
0.18967665621782173,C2
-0.008241282719876925,C2
0.046208433015153955,C2
-0.06540007633232782,C2
0.11151982727237518,C2
0.039767788545859155,C2
0.0052781557570920346,C2
-0.1365057108615604,C2
-0.15718532588356784,C2
-0.06153868494709269,C2
-0.05757571772978792,C2
-0.039269394450890255,C2
0.0021343118568030624,C2
0.03325780182937062,C2
0.2197916559051452,C2
0.10686785022934692,C2
-0.101777364477015,C2
-0.08262965250936166,C2
-0.04224194544758014,C2
0.018613637343227588,C2
-0.03971968918084193,C2
-0.18129585881203866,C2
-0.06567663390297045,C2
0.11655403871338438,C2
-0.12047709298322148,C2
0.0788551646587082,C2
0.06948354267051211,C2
0.2659419058410722,C2
-0.07631401663947124,C2
0.042748398678186916,C2
0.20077803548849038,C2
-0.02922476748466679,C2
0.036187945363543056,C2
0.014178451039875448,C2
0.07027045600498777,C2
0.12628355237698732,C2
0.035366399096936146,C2
0.11490608010060264,C2
0.09162473793381842,C2
-0.06032916756646918,C2
-0.05639408942867065,C2
0.021912564859881953,C2
-0.12018626043498262,C2
-0.046226375516454345,C2
0.04696790227143796,C2
0.08186456750617963,C2
0.02994704756855196,C2
-0.08244365949517003,C2
-0.06882153007823735,C2
0.0718484241808301,C2
0.03434976610627642,C2
0.02896664581744915,C2
-0.029386637862504006,C2
0.04966912057264327,C2
-0.1775758498514462,C2
-0.014508623934013684,C2
0.26469760229019157,C2
0.027647619120455876,C2
0.07363434947915318,C2
0.09759500407519694,C2
-0.01806809454268759,C2
-0.15422121451968168,C2
-0.18441337779394773,C2
0.02526400730722459,C2
-0.027530229285361557,C2
-0.0191307929156928,C2
0.08016514725623042,C2
0.07985709186587553,C2
-0.07135704823201183,C2
0.0640725689061345,C2
-0.05222556706665438,C2
0.1902287060110237,C2
0.15007151790859175,C2
-0.02741895580620085,C2
-4.939188879663978e-4,C2
-0.25805155697677024,C2
-0.07953523341926319,C2
-0.04663639061884793,C2
-0.02022965376030715,C2
0.0224858284714958,C2
0.10569035680837242,C2
-0.08402813824387975,C2
0.017190650078304393,C2
0.12894380391918736,C2
0.08520944555558904,C2
0.09497990850941483,C2
-0.0156785395342091,C2
-0.17647924846357418,C2
0.011550037340159941,C2
-0.1251231499326311,C2
0.037431625634324575,C2
0.07899349807881154,C2
-0.09203508968060209,C2
0.04132141718582552,C2
0.04694490984595689,C2
-0.13057415694584187,C2
0.04984570455596053,C2
-0.10669209011152411,C2
-0.08878193371302953,C2
0.061184646882692484,C2
0.10371372685923061,C2
0.04693517023139432,C2
0.059038611010841464,C2
0.19813287881951286,C2
0.060810706000146625,C2
0.03700362261426817,C2
0.13051885509679123,C2
0.056995133861419675,C2
0.15245857001383561,C2
-0.08245206977809512,C2
-0.020229343016193765,C2
0.10575148794265629,C2
-0.11691440970620735,C2
-0.029504357839009634,C2
-0.12152359968618956,C2
-0.006555308567623978,C2
-0.06124709712272883,C2
-0.04141596956911192,C2
0.023694952023687557,C2
0.04205506192636826,C2
0.019240162676278524,C2
-0.023849737162617693,C2
-0.0617296685618514,C2
-0.024727239151042135,C2
0.012264570037082166,C2
-0.05398661500130837,C2
0.10001671212022803,C2
-0.04470807243136943,C2
-0.15894738644672862,C2
-0.03558559688081314,C2
-0.03708172887353216,C2
0.025170862795999192,C2
-0.16572992952514232,C2
-0.08837632370731599,C2
0.05501817199580297,C2
0.014335371332902774,C2
0.16626389057631907,C2
-0.06430700998144767,C2
0.09700534924003133,C2
0.059629250045912865,C2
0.03967586758460251,C2
0.026473318825209324,C2
-0.037304527672446464,C2
0.03286800888134015,C2
0.04680312052155286,C2
0.049692882484876744,C2
-0.22097499654627878,C2
-0.1322070850986905,C2
0.017664755732414925,C2
0.03391308895805843,C2
-0.012246492111864585,C2
-0.06889969471121163,C2
-0.0701064925606753,C2
0.05870411429910333,C2
1.0866349861832214e-5,C2
-0.05896462610898407,C2
-0.056475894822264436,C2
0.123349268416814,C2
0.00893488548945695,C2
0.16779533083829645,C2
0.01696996878947407,C2
-0.19839072143040343,C2
-0.03305328456058665,C2
0.07727995387450394,C2
-0.06727118447683725,C2
0.09204700854563587,C2
-0.0011889404399179765,C2
-0.001991095383555047,C2
0.07459500932635899,C2
-0.059831136116295,C2
-0.015043819652084553,C2
0.0020497423176673787,C2
-0.08101205278736454,C2
-0.16476075056407719,C2
0.03807599847451321,C2
-0.0409795082334736,C2
-0.024792335586363998,C2
0.14047906586485315,C2
-0.10070421101776059,C2
-0.018378623823371427,C2
0.09997587711881065,C2
0.11667181086203068,C2
-0.22961788754097456,C2
-0.052364808609498645,C2
-0.25919775122212424,C2
0.0823637935184926,C2
-0.1013124446524229,C2
-0.012008902729809881,C2
0.023086378398918306,C2
-0.027218380941748194,C2
0.06460101495726032,C2
0.033598885646442186,C2
-0.09177415138724793,C2
-0.10718558274586105,C2
-0.13294041401469747,C2
0.05362892098204251,C2
-0.03626126541662446,C2
0.04004444696556263,C2
0.18685552927614216,C2
-0.08068226763080899,C2
0.09091494264042857,C2
-0.014257254353626563,C2
-0.08173160810734456,C2
-0.06779414059176968,C2
-0.09050251430501227,C2
0.2349448577122801,C2
-0.14813772794661945,C2
-0.1801632251150479,C2
0.005980890607644784,C2
-0.09469480432509647,C2
0.18626414244842732,C2
0.03183518540469649,C2
-0.004867919178955182,C2
-0.03993987682050604,C2
0.09319028891692413,C2
0.26021997738944086,C2
-0.07164974823400383,C2
0.01055156814824175,C2
-0.24664234946486982,C2
0.10280238928058294,C2
-0.13387473711814962,C2
0.03887432650556205,C2
-0.0231093732633178,C2
-0.13627294222703296,C2
-0.09408620252518397,C2
0.05131981934193286,C2
0.10880837561592907,C2
0.016962928933984975,C2
-0.04128543881342555,C2
0.0688242168550569,C2
-0.01057743367987498,C2
-0.06629464007868566,C2
-0.0981074952167501,C2
-0.08158622778615215,C2
0.14192546019210173,C2
0.11364223126563668,C2
-0.05382460028848683,C2
-0.02580571331918854,C2
-0.029599150020507864,C2
-0.011992057877923144,C2
-0.029149341750441246,C2
-0.06197239134687606,C2
0.10854867139980034,C2
-0.09359582296184288,C2
-0.062041970940781704,C2
-0.014490973106874527,C2
0.22687605407296546,C2
-0.22936275527222566,C2
-0.11102969851376333,C2
-0.07534791840656624,C2
0.1090869649266808,C2
-0.05458929784068654,C2
0.05250933906414593,C2
0.22006185863655742,C2
-0.04783529802437561,C2
0.158952633150038,C2
-0.04686976077094669,C2
0.1926315072591817,C2
0.003573605485989631,C2
-0.08861708925655946,C2
-0.03998510869434663,C2
-0.03986252617821681,C2
0.07598340268608933,C2
-0.1280315445260598,C2
0.0024572447320534464,C2
-8.349280528509931e-4,C2
-0.011307732430520974,C2
0.04080135292237133,C2
0.055147688383761426,C2
0.05788345533034358,C2
0.02604946021984847,C2
-0.027940974663314876,C2
0.046668905094437135,C2
-0.00823070415238969,C2
0.13790892608972055,C2
0.1051598036911845,C2
-0.05839496496594608,C2
-0.03511456770516032,C2
-0.11970326044496371,C2
0.09755560354146695,C2
0.017623060253328347,C2
4.508852972533381e-4,C2
0.056335754271036854,C2
-0.08003227296725998,C2
-0.06879309205939736,C2
-0.06963756315039124,C2
0.06282978738119703,C2
0.03401195318455146,C2
-0.04250774920219394,C2
0.045227803195571493,C2
-0.14045762399474815,C2
0.006725958164403981,C2
-0.010959986711768954,C2
0.07598609106406669,C2
-0.06976056036730174,C2
-0.049353568281582064,C2
0.0837649648033189,C2
0.10218421407460952,C2
-0.10311215786707514,C2
0.06528866779257274,C2
0.011164610398884799,C2
0.08067391827233994,C2
-0.04015564288306625,C2
0.01039926680698354,C2
0.028748660301925244,C2
0.20007410311126075,C2
-0.12517429022988907,C2
0.07241544191327028,C2
0.18119654577246835,C2
0.15703602982094655,C2
-0.05008008795369234,C2
0.00792869876240554,C2
0.11704736161152889,C2
-0.13034061818918377,C2
-0.2546402797170342,C2
0.11313871442614684,C2
0.10177733116751267,C2
0.1365021269903614,C2
0.1022393327082378,C2
0.06791510267302162,C2
0.15023923323069577,C2
-0.19170263277354205,C2
-0.14813772794661945,C2
0.09288230460656612,C2
-0.09235118166519855,C2
-0.07395154080750138,C2
0.21130330527787525,C2
0.08075045391042701,C2
0.14215419738285265,C2
-0.06116699324381601,C2
-0.009408930209095667,C2
-0.021224123768391646,C2
0.011880207668203137,C2
0.09291568278520965,C2
-6.210061384800611e-4,C2
-0.04228032139028719,C2
-0.017769184677840402,C2
0.016522079677772354,C2
0.022202756247445013,C2
0.2256918049352747,C2
-0.013650138733495146,C2
0.057425655457512076,C2
-0.12066263251459482,C2
0.029398596240117703,C2
0.10320908406128697,C2
0.052704713553428394,C2
-0.17148151255357297,C2
0.1454584990711478,C2
1.0866349861832214e-5,C2
0.08028233489261279,C2
0.10242209242959283,C2
-0.016655211024807784,C2
-0.02000520180074737,C2
-0.028213084462490642,C2
0.032660021212507565,C2
-0.06921700911278801,C2
-0.12674153163991625,C2
0.11270905513709983,C2
0.0264439299744037,C2
0.042266377342120215,C2
0.08938812787204037,C2
0.026687347500410262,C2
-0.10948315528743469,C2
0.057938118540150976,C2
-0.09212757377197774,C2
0.15422298956865732,C2
0.06866601957331347,C2
0.03293159812684082,C2
-0.10719649213126264,C2
0.1409229793175014,C2
0.02538625939132004,C2
0.09670176111553465,C2
0.09995025795288003,C2
-0.031097210145638203,C2
-0.049073901316522624,C2
0.17470196313551306,C2
-0.10470497112325083,C2
0.05756401860552464,C2
0.15873698268726644,C2
0.13192907041986698,C2
0.10634538227082853,C2
0.022953832837034907,C2
-0.08773689185714,C2
-0.22008575723062915,C2
-0.07048243985461553,C2
-0.02755606088957304,C2
0.03732385598449642,C2
-0.1853281104306212,C2
-0.09846826435902323,C2
0.085833064075486007,C2
-0.04899419059566,C2
-0.06387042431398364,C2
0.1031164559913781,C2
-0.06935615288466457,C2
-0.13066905637189427,C2
0.01679411591911306,C2
0.02012034126022315,C2
-0.13078616428250678,C2
-0.023803605404930255,C2
0.10934894470023984,C2
0.0679157823539848,C2
0.05444912686424288,C2
-0.060662198398889394,C2
-0.031424112924806916,C2
0.1298613823765719,C2
0.034161795280172186,C2
-0.14106156478094292,C2
-0.05983328088165626,C2
-0.21424320061870475,C2
-0.01247126383227816,C2
-0.17918407233802414,C2
0.08157576621938145,C2
-0.15171055616548332,C2
-0.09360545665627715,C2
0.012094918398520359,C2
0.18514393951445196,C2
0.11214244213859244,C2
-0.036012765277871873,C2
-0.061350139011209344,C2
0.016879188022353254,C2
0.0795081156466059,C2
0.17260285217159893,C2
0.1609186776372181,C2
0.13118097278615676,C2
0.12887524307455728,C2
-0.15043003083678924,C2
-0.081603844719340915,C2
0.02188480416945897,C2
-0.04434479455241693,C2
0.023062843558491405,C2
0.10388320146369584,C2
-0.13087457050024418,C2
-0.07696095530717596,C2
0.06356507835668444,C2
-0.10521554070002398,C2
0.08712049128998824,C2
-0.10370802552395089,C2
0.07723188200020656,C2
-0.00806294050540482,C2
-0.04545208051383116,C2
0.023594456596916124,C2
0.027402838922151812,C2
-0.06222841300329039,C2
-0.16512265426435827,C2
0.06822997102411632,C2
0.007581447332662632,C2
-0.066952891394183,C2
0.13582645651044198,C2
0.140007436086101,C2
0.0975871752438597,C2
0.3203173707368453,C2
0.17919837191938376,C2
0.027647619120455876,C2
0.19589640682584564,C2
0.2759971351268372,C2
0.14736744895763576,C2
-0.03590391183809678,C2
0.08862147394601881,C2
0.061089607402546514,C2
-0.1833915954434953,C2
-0.030777220867235097,C2
0.1274299946855923,C2
0.11061627039576773,C2
0.06571225385349874,C2
0.012094918398520359,C2
-0.04225019791272479,C2
-0.012192979382074393,C2
-0.04165190728133965,C2
-0.09047899420745674,C2
-0.04156266994479628,C2
-0.03832295212414505,C2
0.07661903036964153,C2
0.035174105479348655,C2
-0.008931211620654904,C2
0.02662769330347726,C2
0.10416088798138666,C2
-0.1580603578151711,C2
-0.1557938203631461,C2
0.08781853759691752,C2
-0.08665555088116658,C2
0.11917702589755508,C2
0.07024833178569218,C2
0.1445894867662252,C2
0.12833862479812982,C2
0.0818762651052794,C2
0.0403696137035547,C2
-0.022044262447471978,C2
0.1916735481893668,C2
-0.004740236122740174,C2
0.0481768047836838,C2
0.12085386240875277,C2
0.058389643595181534,C2
-0.06403975016959182,C2
0.07451242538628813,C2
-0.026360334022912518,C2
-0.05442102376314216,C2
-0.04869827514151036,C2
-0.06709683333121846,C2
0.19847598401616207,C2
-0.20540215097971035,C2
0.21481235959098985,C2
0.032148874929015706,C2
-0.024995383693435215,C2
-0.0162647353685188,C2
-0.11662828079995916,C2
-0.0016224786467801539,C2
0.09655338279346662,C2
0.04063338911797676,C2
0.1668591434349707,C2
-0.0072878589677890515,C2
-0.15334540623226933,C2
0.06753481981179893,C2
0.16063887112192665,C2
-6.522258643800183e-4,C2
-0.1271207103603099,C2
0.09790873742885695,C2
0.07299624614040967,C2
-0.010528306385269609,C2
-0.039408600888881096,C2
0.01039926680698354,C2
-0.0316733047477664,C2
-0.06442474421978626,C2
-0.2736004047076013,C2
0.05326851624906033,C2
0.0326876360590338,C2
0.12735740156292286,C2
-9.238612105136115e-4,C2
-0.09518051233341765,C2
-0.03384940096068842,C2
-0.019391447532775427,C2
0.08266411246226149,C2
0.010468924298119492,C2
-0.09570830114005799,C2
0.08100848046423548,C2
-0.05260005880634619,C2
0.044722123485061535,C2
0.17931534202529803,C2
-0.06723539522463255,C2
-0.10895397082528965,PZ
-0.040675719479044144,PZ
0.06382443889666797,PZ
-0.023531235275504603,PZ
0.05886364332005045,PZ
0.16163220906327536,PZ
0.0637078175891476,PZ
8.910296216829497e-4,PZ
-0.12452465432804888,PZ
0.1819777029044986,PZ
-0.23379534788036163,PZ
-0.1194868411545264,PZ
0.0020104689534197378,PZ
0.05228033840617548,PZ
0.1404875320336344,PZ
-0.09992219247450357,PZ
0.031074337596103778,PZ
0.08676963885017533,PZ
-0.16554133347543487,PZ
-0.1235162911719501,PZ
-0.0768359275050397,PZ
-0.0355323629449613,PZ
-0.027483385549595292,PZ
0.07600836606161707,PZ
-0.04956380582048974,PZ
0.06330630515233121,PZ
-0.1290322089819817,PZ
-0.11704832879616897,PZ
-0.18086401384351747,PZ
-0.14606345017105277,PZ
0.12484328900720015,PZ
-0.03047345874726494,PZ
0.10522413907595203,PZ
0.1619087478760011,PZ
-0.05589069293194186,PZ
0.017604519114615462,PZ
0.10238973635226184,PZ
-0.06994214904684999,PZ
0.046187068157727745,PZ
0.0582478211685001,PZ
9.477712919189508e-4,PZ
0.004365455176036419,PZ
-0.10353149186861868,PZ
-0.04333093749475772,PZ
0.08700320618797763,PZ
-0.1108778228610675,PZ
-0.21417522180300955,PZ
0.07599586936112412,PZ
0.15734806830125003,PZ
-0.012512079488228786,PZ
-0.01622702987958092,PZ
-0.12378157995395307,PZ
0.06412145252100164,PZ
-0.016035475051336,PZ
0.05228869356975657,PZ
-0.17490568066893872,PZ
-0.15772363579170012,PZ
0.05407000519374104,PZ
-0.0947332355144079,PZ
0.041067197223488006,PZ
-0.05500643263093539,PZ
-0.0030149420198535004,PZ
-0.042070474498306976,PZ
0.05752587510112114,PZ
-0.01687747410104343,PZ
0.2132689650483854,PZ
-0.05860798799138559,PZ
0.027707723450428934,PZ
-0.028680191006078902,PZ
0.006173260428409273,PZ
-0.004107367653100926,PZ
0.004576468111900725,PZ
-0.0485225920215444,PZ
-0.15967712455971123,PZ
-0.047286522016895906,PZ
0.09564482539658427,PZ
0.1332370236113266,PZ
-0.10318342110803191,PZ
0.18366878165364348,PZ
-0.08125589001650807,PZ
0.07353709896771256,PZ
-0.02480852291414974,PZ
-0.10345963652760083,PZ
0.05720136257411901,PZ
-0.07755774974567267,PZ
-0.02976476133674357,PZ
0.06508136890740795,PZ
-0.07097254965905629,PZ
-0.09617103110485388,PZ
-0.11490740361910824,PZ
0.09331719343515969,PZ
-0.018287054578624284,PZ
0.15964689084398254,PZ
0.15919087546633134,PZ
0.00878819317825853,PZ
-0.18006614139031826,PZ
0.061452722744484045,PZ
0.16307897812457292,PZ
0.04206559047258187,PZ
-0.058843868595935205,PZ
-0.07583183107490309,PZ
-0.05928858127717965,PZ
0.06353811916518741,PZ
-0.10970944795347015,PZ
-0.05781650132554965,PZ
-0.12495486782563855,PZ
0.042158740860831864,PZ
-0.08495444899860038,PZ
0.03201765653658544,PZ
-0.17404038614708417,PZ
0.007368966785713499,PZ
-0.02604242886715466,PZ
-0.12364668191549408,PZ
0.03522327794926397,PZ
0.0029692730885492874,PZ
-0.052572719927559505,PZ
0.1731659743635101,PZ
0.18980117386603035,PZ
0.19745557673962727,PZ
0.09597244177695785,PZ
0.0207648632124061,PZ
-0.015556890587198863,PZ
0.19325054361762015,PZ
0.13778032917196623,PZ
0.206844157992466,PZ
0.15747453103565245,PZ
-0.10463180740451529,PZ
0.012309810145675181,PZ
0.0748112873920587,PZ
-0.1641611182217699,PZ
0.19653842848316683,PZ
0.005670312303911559,PZ
0.08455387412910531,PZ
-0.013379903513291642,PZ
0.04434189399999061,PZ
-0.11419901431921065,PZ
-0.09629685994749129,PZ
-0.006609244329678868,PZ
-0.03813442144893385,PZ
-0.01809890241174397,PZ
-0.05245227867615992,PZ
-0.13631814978382636,PZ
0.16085117693952736,PZ
0.0581353764991286,PZ
0.04846006801177023,PZ
-0.1787216353219111,PZ
-0.022476582709561644,PZ
-0.0016806046896101073,PZ
-0.019154540069745044,PZ
0.018798994626828512,PZ
0.05850206194583129,PZ
-0.14177671800626304,PZ
-0.01619207166127732,PZ
0.027863579374866235,PZ
0.10499247895820883,PZ
-0.04398922035418526,PZ
-0.15701013410525927,PZ
0.1386810799435253,PZ
0.03228834718036437,PZ
0.015343981084232319,PZ
0.04078701764076201,PZ
0.104562035882445,PZ
0.0470140281366135,PZ
0.10349883597621498,PZ
0.05608934494570942,PZ
-0.09395184863209052,PZ
-0.1184664020233628,PZ
-0.03648416973219078,PZ
0.04465233058044316,PZ
0.005206773121526419,PZ
-0.18843106793280523,PZ
-0.02727545487067434,PZ
0.1494318852785453,PZ
0.004640892282745716,PZ
-0.023389563998894723,PZ
-0.1548911443467526,PZ
0.013616827781726543,PZ
-0.09028933192012492,PZ
-0.07380478643278143,PZ
0.10988387812558098,PZ
-0.16957957291674286,PZ
0.16049587661882014,PZ
-0.2474473289336378,PZ
0.1168768255682413,PZ
0.060710012789200546,PZ
-0.0070964021224683635,PZ
0.040321195368805844,PZ
0.13106819251518037,PZ
-0.04650580687574016,PZ
-4.3782299905308075e-5,PZ
-0.10255704540673846,PZ
0.17549276093649083,PZ
-0.015581872842365563,PZ
-0.03389185920560934,PZ
-0.020825935768965402,PZ
0.09902041957116126,PZ
0.10920807820391255,PZ
0.14452179830902023,PZ
0.04798510995501604,PZ
-0.08111946172648703,PZ
0.0023228059048297917,PZ
0.0659801157322606,PZ
0.08743928117569304,PZ
0.032781755077860325,PZ
0.02690191216914925,PZ
0.06624017652559598,PZ
0.016612675254116256,PZ
-0.14209200576546502,PZ
0.07893571044295439,PZ
4.310971040969447e-4,PZ
-0.06582530800604279,PZ
-0.016009095913098056,PZ
-0.09841441311244607,PZ
0.06311108106046019,PZ
0.15769008459953612,PZ
0.03207792626664713,PZ
0.03892915588778047,PZ
0.047897508042678796,PZ
0.05772937052789166,PZ
-0.04727651544584244,PZ
0.12901413888106025,PZ
-0.14161010024542597,PZ
0.2248427022412739,PZ
-0.127368791714586,PZ
0.18828953130269502,PZ
-0.024548480024765514,PZ
-0.09180064611683644,PZ
-0.08708988715027002,PZ
-0.26138873773859905,PZ
-0.1237589105903399,PZ
-0.1529256794740637,PZ
0.01768319340898203,PZ
-0.030491082464933632,PZ
0.07993411491802967,PZ
-0.11186027414654556,PZ
0.048427174453466545,PZ
0.04544084719124621,PZ
0.03097210339456246,PZ
-0.007990526431996142,PZ
0.10385155491155376,PZ
0.03871891484557351,PZ
-0.1347971638425371,PZ
-0.10451427242735034,PZ
-0.1200980206231679,PZ
-0.03162804893194413,PZ
0.15472775600477578,PZ
0.012898921917781752,PZ
-0.14592435452402147,PZ
0.13436249785216464,PZ
-0.08213691645094484,PZ
-0.16265739634606935,PZ
-0.021210558471620927,PZ
0.013363816600910069,PZ
0.005734372081897074,PZ
-0.018045340841275993,PZ
-0.10395836276821005,PZ
0.06367643670666089,PZ
-0.0341972901323913,PZ
-0.04436481590871985,PZ
0.012856065060189274,PZ
-0.05703176071946489,PZ
-0.1583345942809667,PZ
-0.1258626925247765,PZ
-0.056421142803834756,PZ
0.16470339518520002,PZ
0.08669576204417614,PZ
-0.12495486782563855,PZ
0.09620899185165536,PZ
-0.04847590104102828,PZ
0.2645598663788941,PZ
-0.10520463400309196,PZ
0.16125146296404444,PZ
0.10028826609282153,PZ
0.14629212136995418,PZ
0.08561908513151205,PZ
0.006986148725008086,PZ
-0.04671384598035084,PZ
0.1085738535933241,PZ
-0.04093322599228709,PZ
-0.15780480204991623,PZ
-0.13585424758351197,PZ
-0.07789263816406833,PZ
0.018268420228429946,PZ
-0.011867155456551315,PZ
0.11121832012280367,PZ
-0.11934164725052089,PZ
0.10484432569598275,PZ
0.05860026927322107,PZ
-0.04893016788667194,PZ
-0.2106948665413207,PZ
0.09284033980291084,PZ
-0.11926804110664506,PZ
0.0024115318462216775,PZ
-0.05202146006634533,PZ
-0.029913307381971337,PZ
-0.10771907526984889,PZ
0.053142314500724076,PZ
-0.12705007798009987,PZ
0.08638614042295648,PZ
0.25075286013655895,PZ
-0.014112871540279383,PZ
0.09393114740930328,PZ
-0.023124776402726716,PZ
0.015708036341001153,PZ
-0.12799951874391496,PZ
0.020256660608764118,PZ
-0.1347971638425371,PZ
0.07076745023863099,PZ
0.006937187342145254,PZ
0.13634433691748682,PZ
-0.08430769580531287,PZ
0.050816137087686605,PZ
-0.10854447109408842,PZ
0.033249735647492944,PZ
0.02822425901211298,PZ
0.13116549947507308,PZ
-0.03588104733750297,PZ
0.08406217119549245,PZ
0.026248268181434442,PZ
-0.07754447694327134,PZ
-0.026583939532185616,PZ
-0.0038670662388688923,PZ
-0.07272899441952241,PZ
0.03397799633809051,PZ
-0.06687258803974508,PZ
-0.1333149825855912,PZ
0.04479145793160508,PZ
0.06014433606784087,PZ
-0.03236573964923628,PZ
-0.03236497468236585,PZ
0.0046454034359442765,PZ
-0.003909618965022881,PZ
0.013974764712872238,PZ
-0.03742411157618576,PZ
-0.11497497711007171,PZ
-0.07855633516840284,PZ
0.03750937426010469,PZ
0.18899537804510191,PZ
-0.163954737851373,PZ
-0.0017557883573211808,PZ
0.07877154166745384,PZ
-0.08351979491845307,PZ
0.046866339675894916,PZ
0.0034134681081397816,PZ
-0.13904065777176952,PZ
0.044387140721051196,PZ
-0.008066578765214726,PZ
0.054414503777913854,PZ
0.08184588497886588,PZ
0.08303059912026285,PZ
-0.16123858376105024,PZ
-0.03239306553265704,PZ
0.06277374136399741,PZ
-0.19542895590757767,PZ
0.0014061457636487251,PZ
-0.12188540155404477,PZ
-0.056592601158225335,PZ
0.03092736720298575,PZ
0.017227247445439443,PZ
-0.0454584862865943,PZ
0.05330215764487693,PZ
0.19264344565507138,PZ
0.05959899236340843,PZ
0.10693491839218591,PZ
0.06762871366925721,PZ
-0.06616783470271978,PZ
0.042636572487188426,PZ
0.10319881505368779,PZ
0.12260741383060578,PZ
-0.015736767320199616,PZ
-0.1871505745239353,PZ
-0.042408959084352035,PZ
0.04928560452180755,PZ
-0.01146302468221802,PZ
0.03337557866970529,PZ
-0.09075986093505249,PZ
-0.1602527190010544,PZ
-0.1519183371691636,PZ
0.10542266428732547,PZ
0.1420753818964525,PZ
-0.1302884942385006,PZ
-0.17444731143114198,PZ
-0.08691666094727192,PZ
-0.010561408728267632,PZ
-0.03060362901727737,PZ
0.0066473333463420645,PZ
0.016261126917367728,PZ
0.11596493190712473,PZ
0.046571757023766765,PZ
-0.1258600383083505,PZ
0.006486970936559144,PZ
-0.06778347018249564,PZ
-0.13058597433497063,PZ
0.025514522372025023,PZ
0.09825807284739844,PZ
-0.010352717856647198,PZ
0.003413471482468046,PZ
-0.029305455042639553,PZ
0.1456362618311111,PZ
-0.08652811293803275,PZ
-0.04939513922549206,PZ
-0.12767938323262373,PZ
0.060756370062639724,PZ
0.18031983438920818,PZ
0.1755175547204804,PZ
-0.15713434650350122,PZ
0.030470699994869635,PZ
0.13966613622784108,PZ
-0.06405300636120013,PZ
0.1382999432330385,PZ
0.17013188556612416,PZ
-0.10355067963456632,PZ
-0.057490083505856285,PZ
0.10690459515211762,PZ
0.023175476587065036,PZ
0.10768812549852336,PZ
-0.0483674839400943,PZ
0.09600166715568594,PZ
0.046146940614087965,PZ
0.1485924136019276,PZ
0.003927137135947341,PZ
-0.057659611478826145,PZ
0.14096817598438544,PZ
0.011481317549595409,PZ
0.10526815654522184,PZ
-0.1204019026680909,PZ
0.049962886394852725,PZ
-0.08628423345351366,PZ
-0.006275402386299041,PZ
0.010701180037189839,PZ
-0.055119895465672475,PZ
-0.017415497754883245,PZ
-0.07106513571044293,PZ
0.011861036571335852,PZ
0.05614126735980956,PZ
0.0673287005214686,PZ
0.05483825394431009,PZ
-0.2765490208790863,PZ
0.007935136115880521,PZ
-0.13919243071434137,PZ
-0.015822539924196303,PZ
0.019865129174724508,PZ
-0.10130495077593799,PZ
0.10944171205584258,PZ
-0.005832569196334788,PZ
0.14126128560989426,PZ
-0.04337030827623331,PZ
-0.013525263312819391,PZ
0.09374262983671715,PZ
-0.12993340781128712,PZ
-0.003642432172941912,PZ
0.07986664316165132,PZ
0.03427455782915864,PZ
-0.02009416833720304,PZ
-0.08498341548607699,PZ
-0.02731124029868586,PZ
0.10997871991254363,PZ
0.030092858086840375,PZ
-0.057866338768666016,PZ
-0.0384292912737539,PZ
0.10898096250192989,PZ
0.071278204891671,PZ
0.06551174942240343,PZ
-0.035337012168641886,PZ
0.0869941998319109,PZ
0.11955638043182398,PZ
0.022859436211351152,PZ
0.1356394135514215,PZ
0.08754570541080847,PZ
-0.2095976363734413,PZ
0.03343295116283418,PZ
-0.0664521153493408,PZ
-0.011636866213544816,PZ
-0.1094775412025539,PZ
-0.005734542732522878,PZ
-0.13308502487385376,PZ
-0.20991276297466577,PZ
0.05726438367917231,PZ
-0.1340414064620941,PZ
-0.03986108258971355,PZ
0.162442260206581,PZ
-0.1726899475509008,PZ
0.02867941607716698,PZ
-0.17713225496843713,PZ
0.05925781353021643,PZ
0.03988839602047719,PZ
0.010488963244049469,PZ
0.04468193519735787,PZ
-0.09580364179845341,PZ
-0.03569050266595973,PZ
-0.1461880805960492,PZ
-0.00799111231063106,PZ
0.17465929817388237,PZ
-0.10347978059739832,PZ
0.07746250664820618,PZ
0.07880397756137501,PZ
-0.17095766368624488,PZ
0.1386810799435253,PZ
-0.020001938991827492,PZ
-0.01662407036625396,PZ
-0.0790274036470795,PZ
-0.007498851957026889,PZ
0.29018355057909895,PZ
-0.01302787357982043,PZ
-0.07665024733882031,PZ
-0.059121578687421905,PZ
-0.09183969282677286,PZ
-0.062483569470181126,PZ
-0.11379927358695188,PZ
0.031717297814945464,PZ
-0.022672689592709232,PZ
0.04351684929461556,PZ
0.10233549917602894,PZ
0.07679053531576108,PZ
0.1207395306415186,PZ
0.09305886411304345,PZ
-0.017966562894870204,PZ
0.017866482329307813,PZ
0.003101070180152571,PZ
0.10453945029232055,PZ
0.1141682292724006,PZ
0.06962023990738166,PZ
-0.04025887796306417,PZ
-0.131135982039439,PZ
-0.06739656397898526,PZ
0.13606931451428597,PZ
0.3044967691910586,PZ
-0.1615342487690774,PZ
-0.0999884657820111,PZ
-0.057153052115880607,PZ
-0.018064358434446596,PZ
0.12461436181574947,PZ
-0.16272128695594504,PZ
0.03264913864011997,PZ
0.11116188510494895,PZ
-0.07379623583838871,PZ
-0.2841036868529796,PZ
-0.19266499749775687,PZ
-0.05818420295109024,PZ
0.049061143199708696,PZ
0.13869084517488534,PZ
0.07057141381909814,PZ
-0.06864399320036738,PZ
-0.03321040968626103,PZ
0.025860528420129897,PZ
0.02402282103805783,PZ
0.09416384171535454,PZ
-0.03309170521243943,PZ
-0.01373469888579454,PZ
0.028928690902833426,PZ
-0.25607535087466476,PZ
0.16894756334877412,PZ
0.006378088807511187,PZ
0.18920661605764666,PZ
-0.2153274707130551,PZ
-0.04866533544571951,PZ
-0.08271590643851838,PZ
-0.13214181458428723,PZ
-0.03686192751981555,PZ
0.050138284157403235,PZ
-0.12901091034134185,PZ
0.0035596150377040755,PZ
0.033918325534492054,PZ
-0.028354296468351893,PZ
0.05072995770930662,PZ
0.15374352852833814,PZ
-0.17771266249746162,PZ
0.09836912882982336,PZ
0.09043511402019097,PZ
-0.06324256880568176,PZ
0.0847660473107145,PZ
0.1842684339591854,PZ
-0.11322983930425222,PZ
-0.23658303814506942,PZ
0.16679227492749663,PZ
0.044304596963678264,PZ
0.13858254053856772,PZ
-0.026661335999387428,PZ
0.1969112177959224,PZ
-0.026467048782407646,PZ
0.05379937328357725,PZ
-0.10624968449763564,PZ
0.06632010111611483,PZ
0.04060299717792115,PZ
0.06866081637190893,PZ
-0.01013244251549715,PZ
-0.10820193341393944,PZ
-0.1476710241939747,PZ
0.1703303711096389,PZ
-0.13361748031416584,PZ
-0.12716388142664847,PZ
0.20427378001751184,PZ
0.019699802114122908,PZ
0.015882424132864757,PZ
-0.016281986589794746,PZ
0.07463725470286,PZ
0.04913222387448232,PZ
0.05843025807955487,PZ
-0.021298220839727496,PZ
-0.026322098530265424,PZ
0.018259260707586142,PZ
-0.07559768591014725,PZ
-0.031672507957261675,PZ
0.01619444254737002,PZ
0.12098464579636416,PZ
-0.10231356839175273,PZ
0.16864889430006968,PZ
-0.10048952377135374,PZ
0.061794005390162526,PZ
-0.06029497677396245,PZ
-0.10235667173175442,PZ
-0.01666915262002505,PZ
-0.1313154820204874,PZ
0.011330846746547656,PZ
0.029071168473552535,PZ
-0.06351107568657341,PZ
-0.10806610131576336,PZ
-0.02779661282633647,PZ
-0.16038312393235427,PZ
0.07251331579324506,PZ
0.19649062222190392,PZ
0.10218438190431212,PZ
-0.09209262033608005,PZ
0.11009103137042008,PZ
-0.04107937566224364,PZ
0.019102331754541693,PZ
-0.04904429493967603,PZ
0.10444693957635377,PZ
-0.12988945571719496,PZ
-0.06561808243738176,PZ
-0.05393007657608803,PZ
0.06250337071401685,PZ
0.1947286749894187,PZ
-0.14299468801904158,PZ
-0.0870219170377914,PZ
0.17286649667250542,PZ
-0.009157835902036969,PZ
-0.005143888404984774,PZ
-0.024337919441462394,PZ
-0.14265186951921233,PZ
0.03682610403565538,PZ
-0.005217864102888194,PZ
-0.22603480092599018,PZ
0.10783658050389516,PZ
-0.1758448096984528,PZ
0.011652556418806026,PZ
0.013821226026731696,PZ
0.2009247854134496,PZ
0.16699567666079412,PZ
0.14989186656626333,PZ
-0.20470328694607431,PZ
-0.1652826142849107,PZ
0.0971160123244242,PZ
0.002275429890834256,PZ
0.06111262582334495,PZ
0.018259622882340103,PZ
-0.09508363431531969,PZ
-0.046727377193636004,PZ
-0.03216791630096946,PZ
-0.0862671467253939,PZ
-0.022159485473084,PZ
-0.0049470629119929485,PZ
0.050695751963682464,PZ
0.048009032511012566,PZ
-0.08225686409420652,PZ
0.012439601264217802,PZ
0.08733376762139461,PZ
0.02374612177090092,PZ
0.030043597789937385,PZ
0.11668257442671723,PZ
-0.15270877160483812,PZ
-0.17556862020046593,PZ
-0.0724841965353035,PZ
-0.05976976155918375,PZ
-0.15044798896346728,PZ
-0.12225334758956388,PZ
-0.011356301110192916,PZ
-0.1328285447899718,PZ
-0.029806282710637205,PZ
-0.1407572269595928,PZ
-0.16485405172817727,PZ
-0.062216255908202546,PZ
0.16356127239796658,PZ
-0.11800684320529911,PZ
0.17202627609279442,PZ
-0.23591194788820347,PZ
0.11197832136296691,PZ
0.037006643667585125,PZ
0.1622330694242312,PZ
-0.10920323430422965,PZ
-0.09731967095316876,PZ
0.11361318238457033,PZ
0.006403749488823475,PZ
-0.10162260419438969,PZ
-0.07108341712711667,PZ
0.034979031021675384,PZ
0.0024965759381482162,PZ
0.07238033858752457,PZ
0.04398956244147061,PZ
0.015185870559546764,PZ
-0.03718172569003491,PZ
-0.020835936229737274,PZ
-0.15814932620412075,PZ
-0.01649755268363698,PZ
0.15355634855820208,PZ
-0.0021734440321983725,PZ
0.021836992642636978,PZ
-0.005930729942313497,PZ
-0.13574880146809037,PZ
0.045496933006220326,PZ
-0.1061109924743967,PZ
0.14250471164980488,PZ
-0.0043611551847153925,PZ
-0.02313162832583689,PZ
-0.09531834526452271,PZ
-0.10882348050800156,PZ
0.033816015134770186,PZ
-0.11289183445847081,PZ
-0.044787515027752786,PZ
0.020563025310015342,PZ
0.020053415659077596,PZ
-0.08016834296481747,PZ
0.16716028145580586,PZ
-0.031395416196502574,PZ
-0.05836718594083175,PZ
0.02582072191648642,PZ
0.038765816950493116,PZ
0.06256067841104082,PZ
0.08297333139214445,PZ
-0.041734757150615615,PZ
0.05888203782429343,PZ
0.12739724347042292,PZ
0.011443484009837482,PZ
-0.10695887339885345,PZ
-0.12268819240975927,PZ
0.0574924044569519,PZ
0.12478210849240076,PZ
0.02721014093269873,PZ
0.031107669819549176,PZ
-0.09055494578357898,PZ
-0.05135361500613191,PZ
0.008963102591601609,PZ
0.1533518887544367,PZ
-0.017279177853563126,PZ
0.054533397506410605,PZ
0.08767478054574286,PZ
0.07587328657187041,PZ
0.03388614790944923,PZ
-0.07396453951246194,PZ
-0.0668302897515273,PZ
-0.020922624439011255,PZ
-0.0647037685478134,PZ
0.09173345935486665,PZ
0.037217012978590536,PZ
-0.04633895046628816,PZ
-0.12716489315576193,PZ
-0.13623344899831896,PZ
0.08944667035312057,PZ
0.1516095205865212,PZ
-0.06666621094363025,PZ
-0.03402129938371148,PZ
-0.014647893140303538,PZ
-0.06561636748833481,PZ
-0.17734678775926793,PZ
-0.08053248111390951,PZ
-0.031909840416436144,PZ
-0.2193380386478206,PZ
-0.06730519128117729,PZ
-0.09770772423873181,PZ
-0.16148815173139516,PZ
0.16209276759426133,PZ
-0.07202407464588811,PZ
-0.18677121261232366,PZ
0.07852146427302596,PZ
-0.013961628282171502,PZ
0.07340782962526607,PZ
0.16322008800547552,PZ
0.18039223046824343,PZ
-0.08268593495179262,PZ
-0.028901250501294763,PZ
-0.1457059084867826,PZ
-0.25034249945603276,PZ
-0.11275397058702098,PZ
0.02516091535969927,PZ
0.1773123992837105,PZ
0.07309562584067764,PZ
-0.03916382249198894,PZ
0.10696316606772238,PZ
0.07699163778423868,PZ
0.09415669919539763,PZ
0.1427983076885737,PZ
0.017297705517685915,PZ
-0.15471476264250944,PZ
-0.2082311933055222,PZ
0.13308351420498382,PZ
0.010201478749165521,PZ
0.00957430388772569,PZ
-0.008624301237767681,PZ
-0.15066485898004875,PZ
-0.0016279447585231949,PZ
0.09421375523176884,PZ
0.09421638397718972,PZ
-0.002977325496059856,PZ
-0.17851277351266837,PZ
0.00835664369829578,PZ
-0.06802083844468275,PZ
0.00266612339061016,PZ
0.10047818925614387,PZ
0.12615390202441354,PZ
0.08024593622666687,PZ
0.010805382660041017,PZ
0.13909520575855577,PZ
-0.08925390912332107,PZ
-0.0016024710836512676,PZ
0.11900624721248983,PZ
-0.14197104069752955,PZ
-0.034380845842436454,PZ
-0.04946841633723624,PZ
0.13299611328634253,PZ
-0.14269589489879406,PZ
0.22416977441157454,PZ
-0.012850265862470109,PZ
0.11172107595742715,PZ
-0.06320564620054643,PZ
-0.05268539030670505,PZ
-0.013581468773304597,PZ
-0.039582368854014074,PZ
0.25861110019799766,PZ
0.19800749275760798,PZ
0.1576110706908421,PZ
-0.012911654093913283,PZ
0.026129154342401047,PZ
-0.1098958006975228,PZ
-0.018582923457235972,PZ
-0.1416315069185325,PZ
-0.017466491261021296,PZ
-0.048222806769232754,PZ
0.01889998043261371,PZ
-0.03473423477589272,PZ
-0.008983710381994574,PZ
-0.009926251324734636,PZ
0.011144636026076307,PZ
-0.011840348569037602,PZ
-0.10739925785022211,PZ
-0.1185135350449461,PZ
-0.01825240697105167,PZ
0.03456654986209263,PZ
-0.0016475371512363786,PZ
0.19316943633768618,PZ
-0.07786136272984341,PZ
-0.0049470629119929485,PZ
-0.07962590840095679,PZ
0.0636288882282619,PZ
-0.17141983090854435,PZ
0.03118467256816225,PZ
-0.020281161497927927,PZ
-0.05591986392657483,PZ
0.017590750109703235,PZ
0.11448156539430454,PZ
0.076913918317281,PZ
-0.07904088980373451,PZ
-0.012793271649070147,PZ
0.11837606391624209,PZ
-0.1447427774839156,PZ
0.08531422400243796,PZ
-0.07564705914187768,PZ
-0.038664911368895945,PZ
0.06816541552681624,PZ
0.06509779209605582,PZ
0.010921757900758888,PZ
-0.019099084285201837,PZ
-0.17037462024142486,PZ
-0.0011023547070444003,PZ
-0.06660860626555976,PZ
-0.10981177438979534,PZ
-0.08805274028390947,PZ
-0.19229408483220362,PZ
0.04237733408435744,PZ
-0.07529361353176706,PZ
-0.11734858370998866,PZ
0.16699073651114046,PZ
-0.08049000114722014,PZ
0.08075666987337327,PZ
-0.20014072986960513,PZ
0.02915895317118051,PZ
0.1478124820746009,PZ
0.05456164050574122,PZ
0.15532265431556844,PZ
0.07163743158469765,PZ
-0.053573381255066554,PZ
0.09509330515312574,PZ
0.1478124820746009,PZ
-0.04726320953685435,PZ
0.1334820591977196,PZ
-0.005192370676394265,PZ
0.02047682339764495,PZ
-0.05442026328909365,PZ
0.1735570755390281,PZ
0.05442934158099018,PZ
0.07986886894311214,PZ
0.059853214645782506,PZ
-0.14603557052580887,PZ
0.07585207058954904,PZ
-0.01106380679075887,PZ
-0.08568018954129729,PZ
-0.11640538437001,PZ
-0.04615098107464657,PZ
-0.08210127274238127,PZ
-0.03463625077979855,PZ
-0.06355341423601094,PZ
-0.007966167265268831,PZ
0.014369650642397203,PZ
0.01722578470871737,PZ
0.0013007248947159156,PZ
0.07698139184937645,PZ
0.13622861189632257,PZ
-0.17405605538828167,PZ
-0.0756298637934852,PZ
0.086372637298851,PZ
0.04720089994099236,PZ
-0.1531494836234753,PZ
-0.08849117846946339,PZ
-0.02260349171425658,PZ
0.045663920403435684,PZ
0.22193257422256624,PZ
0.009332037916433368,PZ
0.010738020421894378,PZ
-0.0517274471560494,PZ
0.02189018530249503,PZ
0.06513770063161539,PZ
-0.054689129677233994,PZ
-0.07946835404882913,PZ
-0.09637438555887981,PZ
-0.003290793794228239,PZ
0.03656275836813798,PZ
-0.10581330829929193,PZ
-0.00625874613185412,PZ
-0.03201859525031488,PZ
0.0492576369881488,PZ
-0.019284438151955744,PZ
0.09638557398122141,PZ
-0.043159318433399055,PZ
-0.032281721436051264,PZ
-0.00906028322629615,PZ
0.09043260316210944,PZ
0.06852977326280961,PZ
0.11880652452203992,PZ
-0.033165898006752646,PZ
0.07963459001013229,PZ
0.11860831465662695,PZ
0.08099225257985189,PZ
-0.01475468067389163,PZ
-0.09311553359023893,PZ
-0.02121991739703822,PZ
-0.01578686126048624,PZ
-0.0595327248406824,PZ
0.25710010834607,PZ
0.022018639924455727,PZ
-0.01424982812902821,PZ
0.002930679245449423,PZ
0.026949703460259905,PZ
-0.05993897231515864,PZ
0.051956974002490885,PZ
0.05482583306484912,PZ
-0.06851136110138124,PZ
0.2589075360510521,PZ
0.0777236058860569,PZ
-0.036179601513636,PZ
-0.042072880705098535,PZ
0.18553006193978994,PZ
0.22660240925961245,PZ
-0.2180948832530299,PZ
0.09228816105519919,PZ
0.001857836571532441,PZ
-0.0358174557603686,PZ
0.023174562798361505,PZ
0.06848820830996016,PZ
0.09409359706097728,PZ
-0.009961976131835089,PZ
0.03692595323233909,PZ
-0.2171724098918689,PZ
0.0997058478094221,PZ
0.058217656530526504,PZ
-0.09703631678622449,PZ
-0.10981963052840928,PZ
-0.06959859133195828,PZ
0.045715868700636264,PZ
0.18128330916789198,PZ
0.08370596194711222,PZ
0.06434604453938512,PZ
0.031658912794663686,PZ
0.07802854140971277,PZ
0.12438006123088544,PZ
0.11231057487724552,PZ
0.05657559123518404,PZ
0.014886486939287444,PZ
0.0071002888719676645,PZ
0.2870001878287951,PZ
-0.055982895269169795,PZ
-0.1104698048337425,PZ
-0.049937035405344825,PZ
-0.05766767548402709,PZ
0.037842780955106126,PZ
0.2620292795925214,PZ
0.153087695625115,PZ
-0.04302942814068167,PZ
0.0831285057949521,PZ
-0.28819876016422924,PZ
-0.07906868776952677,PZ
-0.12038015156465334,PZ
0.01439388827777776,PZ
-0.07408692205397002,PZ
0.10277484728963426,PZ
-0.08881332645852916,PZ
-0.12409376577288031,PZ
0.06608646212145516,PZ
0.04068186389211442,PZ
0.037839586825009174,PZ
-0.020291226974345045,PZ
-0.12839794189025835,PZ
0.028254343217999113,PZ
0.060114624332871014,PZ
0.10376265656887773,PZ
-0.07375479024124312,PZ
0.14434022805952335,PZ
0.07829823021599962,PZ
-0.02160634841660862,PZ
-0.016755443399918028,PZ
0.11136212368822195,PZ
0.07676758621601051,PZ
0.06741718443905172,PZ
-0.034590195090120776,PZ
0.06563330022932153,PZ
0.12507373844643743,PZ
0.15032279749030486,PZ
-0.14176292421456727,PZ
-0.018131823138889946,PZ
-0.014928955557874494,PZ
-0.02147902784513813,PZ
0.04583292125281614,PZ
-0.015063158738966596,PZ
-0.015936246694136888,PZ
-0.1579853325284842,PZ
0.13894703325879024,PZ
0.147952028773086,PZ
-0.05038839097695201,PZ
0.0696090121182526,PZ
-0.031752417149260526,PZ
-0.09912328716450089,PZ
-0.14227461492095148,PZ
-0.1678892104503656,PZ
0.19606283096733157,PZ
0.03938644438093948,PZ
-0.08854391814739532,PZ
-0.021100851368816773,PZ
-0.07223509642898651,PZ
0.17237231013189522,PZ
-0.05179863950149061,PZ
0.07821433035412187,PZ
-0.075999677618829,PZ
-0.04066905106947005,PZ
0.04435685059041803,PZ
-0.10191015722575991,PZ
0.06990834673091895,PZ
-0.06099990827837464,PZ
0.08989010774054437,PZ
0.05558341942852833,PZ
0.06661270144994144,PZ
0.13067329272359116,PZ
-0.14873245531596427,PZ
0.24012897996980803,PZ
-0.13686488512831657,PZ
-0.003116523417665794,PZ
0.08784845084268558,PZ
-0.05222976526979671,PZ
-0.18636310424295027,PZ
0.0055750230982735734,PZ
-0.17547414571521797,PZ
-0.08080142284564727,PZ
-0.056612455433610036,PZ
-0.10253178836318613,PZ
-0.0666821514607123,PZ
-0.2500735940210375,PZ
0.06309219157547655,PZ
0.02446216194452791,PZ
-0.08679528951372192,PZ
-0.15338398350572877,PZ
-0.11224094425120566,PZ
0.15500062902502365,PZ
-0.035670589579405956,PZ
-0.042485957573773034,PZ
-0.12090503272748432,PZ
0.1329171952529156,PZ
0.11113480714240925,PZ
0.06476224757801805,PZ
-0.03991452978801736,PZ
-0.0028225948390773886,PZ
-0.007239953025849138,PZ
-0.21420655891939255,PZ
0.06580648837104831,PZ
0.05453074686968949,PZ
0.11759637229260288,PZ
0.01639554898020552,PZ
0.07385108925247828,PZ
0.020401444475349348,PZ
-0.016693545271629757,PZ
-0.07416813378244319,PZ
-0.005402007222616301,PZ
-0.025524881251398016,PZ
-0.10929725367913376,PZ
0.045627241159735064,PZ
-0.03147776851041682,PZ
-0.06775095034834407,PZ
-0.05490206393919509,PZ
-0.13709942904768732,PZ
0.09606052540280186,PZ
-0.06376330428932299,PZ
0.11752938072614735,PZ
-0.13593440214378244,PZ
-0.09423385354573538,PZ
0.1203998399975852,PZ
-0.022644417188552632,PZ
0.17227874359453363,PZ
-0.11736055455162653,PZ
-0.023276909260664835,PZ
-0.04081355125846932,PZ
0.013824032021243278,PZ
0.047934533632486606,PZ
0.1458601112759889,PZ
-0.0993089378555176,PZ
-0.09669332319944444,PZ
-0.011048529645512933,PZ
-0.04711519766794355,PZ
0.031685603097467714,PZ
-0.009277415628222992,PZ
-0.017080645160465563,PZ
-0.03598778117877828,PZ
0.031873266306923866,PZ
-0.04739447130264399,PZ
-0.09876151055675628,PZ
-0.006478833118331931,PZ
0.07070704645852455,PZ
-0.18810732262584928,PZ
0.06575673496032462,PZ
-0.16702920855099643,PZ
0.02124788370824402,PZ
0.08283538339552385,PZ
-0.07511025665822672,PZ
0.05191393273212596,PZ
-0.24617512577454176,PZ
0.07793232430662587,PZ
-0.0010049605693370073,PZ
-0.176022905688683,PZ
-0.09382936822540369,PZ
-0.06946062090281258,PZ
0.01954437845617593,PZ
0.22883995406378715,PZ
0.08973510064094364,PZ
-0.050467816726349396,PZ
0.027222434272745795,PZ
-0.014096591828527355,PZ
-0.11830410710236444,PZ
0.06738521046982598,PZ
0.04742831321664205,PZ
0.016681675041011923,PZ
-0.04966817242430628,PZ
-0.11216040251552152,PZ
0.02552092781869601,PZ
-0.04957245522319936,PZ
-0.17500883227698166,PZ
-0.07638355576038275,PZ
-0.03040368096540018,PZ
-0.08525369440044625,PZ
0.024182064287764427,PZ
0.08111168554583253,PZ
0.07055646746566016,PZ
-0.11077162685517088,PZ
0.05527659480481005,PZ
0.026616189478459257,PZ
0.0012171531637480415,PZ
-0.17024324315863307,PZ
-0.0408077228688829,PZ
0.1049752464910922,PZ
0.186489753040059,PZ
-0.022223898305847718,PZ
0.059960165955397896,PZ
0.04253686538027898,PZ
0.09211303348199122,PZ
-0.07375525681148945,PZ
-0.12459404994655376,PZ
0.07156798421416202,PZ
0.05103802537635708,PZ
-0.06118510142333604,PZ
-0.034538013236864194,PZ
-0.05180650439182671,PZ
0.19719639935788583,PZ
-0.0022753892231694717,PZ
0.083977314043493,PZ
0.12833772645373873,PZ
-0.006736100817335282,PZ
0.006384836312938576,PZ
0.06315691061784362,PZ
0.072399579862572,PZ
-0.04854240137163518,PZ
0.025724693397388997,PZ
-0.009446332524234519,PZ
0.1753052621783719,PZ
-0.012633182600024162,PZ
0.11813363897180588,PZ
0.11539320507996717,PZ
0.06656776550940978,PZ
-0.0635888876781033,PZ
-0.009635317511423769,PZ
0.13182116703328134,PZ
0.1706940157144086,PZ
-0.18867626025189002,PZ
-0.06676042869388754,PZ
0.19946418766880986,PZ
0.10336832019157896,PZ
-0.08245275339587138,PZ
0.11765162805263508,PZ
-0.1745849648731716,PZ
-0.2102732425936525,PZ
-0.06814378941856958,PZ
0.040935417997452414,PZ
-0.2891890146989279,PZ
0.014317597257958455,PZ
0.017445066313508704,PZ
0.052093145242741716,PZ
0.05315591219557399,PZ
-0.05916368542169629,PZ
-0.09379055788831536,PZ
0.0378503409083431,PZ
0.08413117025076425,PZ
-0.016119602328949007,PZ
-0.08123866648991779,PZ
0.1739978583833616,PZ
0.16648808177931096,PZ
0.14772753812974415,PZ
-0.08324345460301394,PZ
-0.0611922480263391,PZ
0.007418643202505508,PZ
-0.08353807303022112,PZ
0.06045353387170593,PZ
0.11984176412134809,PZ
-0.1581366034580895,PZ
0.19369483968358805,PZ
-0.06432457354042828,PZ
-0.12397369735840956,PZ
-0.023836312299821166,PZ
0.022721581727134704,PZ
0.07390672103999303,PZ
0.10346246917115351,PZ
0.1804900288182089,PZ
-0.047998153439057965,PZ
-0.09504246931024941,PZ
-0.03000679157691344,PZ
0.0062859065582066,PZ
0.0456863153673954,PZ
0.07639615723305787,PZ
-0.20908255349807695,PZ
0.15518694876826897,PZ
-0.023554284447105348,PZ
-0.04302942814068167,PZ
-0.09926843395055812,PZ
8.184634487733711e-4,PZ
-0.2711224439898794,PZ
0.26837790902035635,PZ
-0.06863939192736153,PZ
0.07593280302548021,PZ
0.21271055207985917,PZ
-0.04048183333788703,PZ
-0.14091109515845013,PZ
-0.06484003842745287,PZ
-0.04564476413672502,PZ
0.09112353628850486,PZ
-0.12599877353915967,PZ
-0.12254972272041531,PZ
-0.042418641514622005,PZ
0.12714773307554506,PZ
-0.07650146254748375,PZ
0.024403400620006163,PZ
-0.08734562890504646,PZ
0.14426915354965392,PZ
0.1746296243132437,PZ
0.011893455958233103,PZ
-0.03689490946223908,PZ
0.15186422152146042,PZ
-0.06953901747920112,PZ
0.02367536014693998,PZ
-0.019756727571992788,PZ
-0.035449281345775345,PZ
0.05191393273212596,PZ
0.08605326437571428,PZ
0.022336975597760586,PZ
-0.1499527057575138,PZ
-0.10542550976647788,PZ
0.03078027267384518,PZ
-0.0530790980662072,PZ
-0.0883979552792347,PZ
-0.08932722788264844,PZ
0.018601451372143335,PZ
-0.12538598850755195,PZ
-0.0060306653399001195,PZ
0.031848466089371905,PZ
-0.13675260044246684,PZ
0.012549056653830049,PZ
0.23121529435932114,PZ
0.057286787854293045,PZ
0.03327535923297445,PZ
-0.02825298596906498,PZ
0.013251213986971488,PZ
-0.028515588113650105,PZ
0.12337234756254573,PZ
0.03953159330212529,PZ
-0.09178713284131886,PZ
0.026092048763101783,PZ
-0.0806139139558695,PZ
-3.46849363298124e-4,PZ
0.007678159064595069,PZ
0.09332377854726355,PZ
0.10469747417478366,PZ
-0.07068785975773109,PZ
-0.21279378419920508,PZ
-0.10210487090519457,PZ
0.024010668586632394,PZ
0.19563893497206641,PZ
0.04258154063087922,PZ
-0.24384105925477143,PZ
0.12935412437723443,PZ
-0.07286852020273446,PZ
0.09623738650975631,PZ
0.10808621784290667,PZ
0.1166053331138241,PZ
-0.1060051143537962,PZ
0.03262856384585183,PZ
0.09574921634691194,PZ
0.08263985382009825,PZ
0.037325439449974365,PZ
0.15059876084408008,PZ
0.018335594171311503,PZ
0.03142725685500453,PZ
-0.030595640937747363,PZ
0.14540734593581192,PZ
0.04900487770252415,PZ
0.08035539263739955,PZ
-0.03373133523808203,PZ
0.16430829908673933,PZ
0.027680480595440725,PZ
0.01599480350386506,PZ
-0.01556879772290276,PZ
-0.022290073800505836,PZ
0.11138963559658265,PZ
-0.11133045048527884,PZ
-0.1640304466111361,PZ
0.008998085491454151,PZ
0.05442334381978635,PZ
-0.039194637718171235,PZ
0.1819849780762352,PZ
0.2513783437660395,PZ
0.013271007870915223,PZ
0.07332919935364225,PZ
0.07380636536429976,PZ
-0.04295793791102448,PZ
0.015993610593661833,PZ
-0.06926246647975393,PZ
0.027324350998384095,PZ
0.08452193062885748,PZ
0.055674247515342765,PZ
-0.09297421184110785,PZ
-0.09404406351984607,PZ
0.22805828813933535,PZ
-0.010901915336421993,PZ
0.004690581827101387,PZ
0.014705172581775505,PZ
-0.2230355132831315,PZ
-0.05190928201772669,PZ
-0.039715405969900315,PZ
-0.20249004162739564,PZ
-0.06037969102350988,PZ
-0.060229407631992665,PZ
0.201521807231862,PZ
0.05103146806118215,PZ
-0.13315178868570066,PZ
0.071774960522707,PZ
0.006271359956018184,PZ
0.1736619158670495,PZ
0.06904827590655964,PZ
0.07720265432307948,PZ
0.08903831564908932,PZ
0.01505279633443403,PZ
-0.053132761220937234,PZ
0.19354569422970766,PZ
0.12235072761432378,PZ
0.08959589071370146,PZ
0.15765972253654334,PZ
0.11959251824224414,PZ
0.13532836307343804,PZ
-0.03647169935461133,PZ
-0.006453941410449457,PZ
-0.13432623381573072,PZ
-0.0652351433734478,PZ
0.14748639049211482,PZ
0.08636346019280014,PZ
-0.13476877242463112,PZ
-0.0488365181298283,PZ
-0.02750156459080437,PZ
-0.12139451352958242,PZ
0.02891867995159759,PZ
0.09402924032970553,PZ
-0.07814253172466643,PZ
-0.021947330632984548,PZ
-0.028605103895538178,PZ
0.07816596806184592,PZ
0.08908086570702602,PZ
0.06063767989309085,PZ
0.11857336614090337,PZ
-0.0027171171921447617,PZ
0.01874315797847685,PZ
-0.008538016899947477,PZ
-0.03462165487952611,PZ
-0.0855487387613588,PZ
-0.08676258970333725,PZ
7.306329750851499e-4,PZ
0.06900837917361666,PZ
0.03981297151727327,PZ
-0.1180936890105943,PZ
0.061867631184372274,PZ
0.02236509413004911,PZ
-0.06524278113276609,PZ
-0.030392517034091834,PZ
-0.08626173082462889,PZ
-0.12580657234126394,PZ
0.03580492413397576,PZ
-0.15294554497369567,PZ
-0.08786502300523324,PZ
0.0877965076447478,PZ
0.11617330115194625,PZ
0.049595366885233916,PZ
-4.8352328696235625e-4,PZ
0.09636358547136711,PZ
-0.20304311445173268,PZ
-0.007602849409237417,PZ
-0.09600268935588435,PZ
0.331273779931784,PZ
-0.027461345141960095,PZ
0.0640351575267617,PZ
0.01731341014055172,PZ
-0.030804165009556187,PZ
-0.24294428527560383,PZ
-0.024390125450727933,PZ
0.036613484663753915,PZ
0.061752684713236326,PZ
-0.0701055237263806,PZ
-0.051535589084824605,PZ
-0.1029213159990936,PZ
-0.027551525002167596,PZ
0.13230070510346434,PZ
0.09993128995486113,PZ
0.03845443975949117,PZ
0.07347656427484461,PZ
-0.08412075215878582,PZ
-0.048389941184187095,PZ
0.10917395043810556,PZ
-0.023532572689765163,PZ
0.2970938968899425,PZ
-0.06541908111033484,PZ
0.06074393437216395,PZ
-0.18278525002066665,PZ
-0.0909227531341033,PZ
0.0178907468423646,PZ
0.0039875129944510375,PZ
-0.08468585044786422,PZ
0.00767962685455871,PZ
0.09978163551289392,PZ
0.0061491801298564795,PZ
0.11944990364054035,PZ
-0.004662237926392375,PZ
0.09917607185558949,PZ
0.10728811727318972,PZ
0.06605713944428183,PZ
0.07658867542357645,PZ
-0.20674235179293937,PZ
0.04027338353093411,PZ
0.11113480714240925,PZ
-0.03024397334620185,PZ
-0.22239577071777084,PZ
0.03602527704541917,PZ
-0.11094685346920533,PZ
0.08933364280452014,PZ
-0.09701625523166887,PZ
0.0657415073552231,PZ
-0.0776403045948926,PZ
0.021676298575626696,PZ
-0.1670948712314588,PZ
0.09750745911760858,PZ
0.0421664054373023,PZ
0.14002794766782842,PZ
-0.1401179313058397,PZ
0.031136512867808608,PZ
0.020175983232048278,PZ
0.010761396884815838,PZ
-0.07668633282451348,PZ
-0.00883371350011108,PZ
-0.012326367881838975,PZ
0.10090822871419748,PZ
0.04705994529458783,PZ
0.02479336048834206,PZ
0.15619955687209058,PZ
-0.11402140439297702,PZ
0.006319167229633299,PZ
0.0526469342935435,PZ
-0.10177597756043279,PZ
0.035715717030231395,PZ
0.14472375191260678,PZ
0.07488938125560664,PZ
0.0594079855916836,PZ
0.12408401574163153,PZ
0.003912211561695224,PZ
-0.06355511786744453,PZ
0.19643596350151593,PZ
-0.03836268716121309,PZ
-0.10674927723480779,PZ
0.09329126132894872,PZ
-0.0243110250886013,PZ
0.04626354315693375,PZ
0.10797210408647047,PZ
0.1070335792196325,PZ
0.10767040714621236,PZ
0.027737397999401586,PZ
-0.08106997809779906,PZ
0.1218033794091285,PZ
-0.009103919539083558,PZ
0.07996701397465301,PZ
0.01677516826743789,PZ
-0.02763127978550115,PZ
-0.033862278768926016,PZ
-0.06002765849987288,PZ
-0.057598550098954766,PZ
0.09529417146439106,PZ
0.1352394672771979,PZ
-0.13104110180945405,PZ
0.09519433633950576,PZ
-0.05625542735070085,PZ
0.051999154960314,PZ
0.05675226495696066,PZ
0.08491313479983659,PZ
-0.05177936709107868,PZ
-0.05626716705598749,PZ
0.004049715429389651,PZ
0.011327508694460142,PZ
-0.007234296226909319,PZ
-0.1012597345222864,PZ
0.1393008644154355,PZ
0.0854699403919752,PZ
0.2058423921364309,PZ
0.07224325985257256,PZ
-0.052656530681399485,PZ
-0.20446703550739362,PZ
-0.05874442668125951,PZ
0.11232754293130766,PZ
-0.015176225389691482,PZ
-0.008856021449601681,PZ
-0.13856820762520053,PZ
0.09795823902239958,PZ
0.05915098329759266,PZ
-0.004209794527796504,PZ
-0.13733417420814117,PZ
-0.01519575758889222,PZ
-0.1053931452849409,PZ
0.03823201041957679,PZ
0.10376016543093682,PZ
0.024551225775968175,PZ
0.16144401211257528,PZ
-0.12641233424507095,PZ
0.07355090090594256,PZ
0.09207538328264682,PZ
0.10104936129183871,PZ
-0.18681772831838517,PZ
0.1353322096845436,PZ
0.11599333691022869,PZ
-0.06343826674506689,PZ
0.06448572927166987,PZ
-0.12219626740618098,PZ
-0.1544702270702141,PZ
-0.13409819176950272,PZ
-0.13665204818800492,PZ
-0.15835039388250519,PZ
-0.01999538931694512,PZ
-0.08556602179243497,PZ
-0.08051196582780004,PZ
0.08809748078000859,PZ
0.13364802531085374,PZ
-0.06282903528839198,PZ
0.10761877396627909,PZ
0.23758089859368184,PZ
0.03823537555499827,PZ
0.056617107699707486,PZ
-0.04269547782384784,PZ
0.0036036490597990967,PZ
0.17870606611281445,PZ
0.125170198717668,PZ
-0.23001965990013504,PZ
0.04094958862667815,PZ
-0.06673276671497855,PZ
-0.026194246273386977,PZ
8.434695171283257e-5,PZ
-0.07398731132437829,PZ
0.07276886729853525,PZ
0.0019851248866203652,PZ
0.07674703245350858,PZ
-0.036028819200431196,PZ
0.09696560209858425,PZ
-0.10680122356221558,PZ
-0.03706251104461057,PZ
0.03536787676388368,PZ
0.07592315010647639,PZ
-0.020593869030649886,PZ
0.0420197513587456,PZ
-0.16075526799488912,PZ
0.056617027730091654,PZ
0.0807700682892803,PZ
-0.1096357778430517,PZ
-0.08545455294656404,PZ
-0.03246866420867958,PZ
0.005935232038738532,PZ
0.006631594208843866,PZ
0.0617727636944754,PZ
-0.2122005736847901,PZ
0.05419995699474753,PZ
-0.012308845417871573,PZ
0.011277610607173387,PZ
-0.04046657169773159,PZ
0.06370910064902932,PZ
0.07496811501972754,PZ
0.09985619837980993,PZ
0.004911261361584636,PZ
0.247286267648336,PZ
-0.013983657443821029,PZ
-0.1245814699987214,PZ
0.005715580796727078,PZ
-0.026051907568406238,PZ
0.010848891028531475,PZ
-0.05840660078926693,PZ
0.010394308191007041,PZ
-0.09733524170432561,PZ
-0.06628762960308036,PZ
0.18580458578507536,PZ
0.10281504404352625,PZ
-0.15505262897357494,PZ
0.07805298998754041,PZ
-0.0592740353107121,PZ
-0.1219153468511586,PZ
-0.07027023762308915,PZ
-0.14864331016820972,PZ
-0.23359859483857953,PZ
-0.10306588146790607,PZ
-0.012572758868725657,PZ
-0.010900839286061531,PZ
0.11582779308549392,PZ
0.02313572948544918,PZ
-0.10358881304048931,PZ
0.04658594842584246,PZ
0.03376298437849165,PZ
-0.14828614105761917,PZ
-0.036345089667186234,PZ
-0.11567730497283266,PZ
-0.07742521486363299,PZ
-0.11783107402774634,PZ
-0.12445568448632653,PZ
0.037881492030232194,PZ
-0.0789044336248636,PZ
0.05320715525129647,PZ
-0.15856379831167644,PZ
0.1698878614967788,PZ
0.07068142781765788,PZ
-0.01383558794449577,PZ
0.039565381579606075,PZ
0.10628396581530822,PZ
-0.031068354243709847,PZ
0.053505129115527045,PZ
-0.04099919758327894,PZ
-0.005133152546328762,PZ
0.060920002217293004,PZ
0.014118393569629805,PZ
0.01967289183931971,PZ
-0.08919961768768336,PZ
0.12181437375517581,PZ
-0.03315023630859523,PZ
-0.027580496365316932,PZ
-0.06412855260560602,PZ
0.11997767905484756,PZ
0.08233299474029739,PZ
-0.012609174137200044,PZ
-0.08093726556916303,PZ
-0.1154151210063107,PZ
-0.011943043903711169,PZ
0.008535580974956353,PZ
0.06717782805854572,PZ
0.04199466011005804,PZ
0.061489701435430956,PZ
-0.10639042589388675,PZ
0.09530476234171681,PZ
0.09274226863764978,PZ
0.0422571909326582,PZ
0.020312353845856543,PZ
0.04100171632924811,PZ
-0.004676705796967218,PZ
0.08448064096651066,PZ
0.14979659005555612,PZ
0.20330967045940845,PZ
0.12420157751259159,PZ
0.07525701235585386,PZ
0.07780241039173609,PZ
-0.043394741939095455,PZ
-0.0636666293252898,PZ
0.06464542460240949,PZ
-0.0039665426515844565,PZ
0.11766419310492113,PZ
-0.030177533092633227,PZ
0.14894933390987092,PZ
0.010649091168088397,PZ
0.15846277232869832,PZ
0.035378221015206775,PZ
-0.094652588426135,PZ
-0.2665775488019322,PZ
0.14607383898456933,PZ
-0.1983292733267804,PZ
-0.001472847344880469,PZ
0.11826970247206556,PZ
-0.009364364448700773,PZ
0.0744818674830871,PZ
-0.08174955983569464,PZ
0.01486009175359227,PZ
-0.11910752656563764,PZ
-0.005846799505228553,PZ
-0.016891059321565025,PZ
0.06575385280519944,PZ
-0.07365867460758954,PZ
0.018190708412114842,PZ
0.039378747701653616,PZ
-0.009052841183875338,PZ
0.05308259529966274,PZ
-0.011240589053135228,PZ
0.11530013930667261,PZ
-0.045520175108817,PZ
0.08238684681561309,PZ
0.13253378201507504,PZ
-0.13508953843763302,PZ
0.10944184965445505,PZ
0.08694040018431692,PZ
-0.03687113750360553,PZ
-0.03020406109445386,PZ
0.042337805785514965,PZ
0.040511076448107,PZ
-0.043432843237959075,PZ
0.07496468222363731,PZ
-0.07671463067722972,PZ
0.07581746419785465,PZ
-0.0703434430591935,PZ
-0.0014857540298855998,PZ
0.2484354113473927,PZ
0.09004804512874397,PZ
0.21265302571130013,PZ
-0.09027444544917748,PZ
-0.02816192971850024,PZ
0.06823736855367882,PZ
0.08270667347944805,PZ
0.07562181381566473,PZ
-0.22134809328325755,PZ
-0.1598233396547331,PZ
-0.011500206081564539,PZ
0.09034552319811981,PZ
-0.08965625697741365,PZ
-0.09785735306833337,PZ
0.010362610748830199,PZ
-0.17147258530119186,PZ
0.15448014690544298,PZ
-0.06072540674796235,PZ
0.04859997080852181,PZ
0.00787131789074176,PZ
-0.03660435358411271,PZ
-0.2299812333787386,PZ
-0.013271896623940248,PZ
0.027750790305211694,PZ
0.020524986636815887,PZ
0.04882176825096255,PZ
0.11490833225612233,PZ
-0.043545001354907735,PZ
0.09775463644782922,PZ
0.007490781919482298,PZ
-0.18245750689971285,PZ
0.04930881960138334,PZ
0.008559070046315356,PZ
-0.06622707277662754,PZ
0.09756917786100668,PZ
0.008232356705246037,PZ
-0.056717618865218325,PZ
-0.02479776802102969,PZ
0.04088524222330406,PZ
-0.013460139265001864,PZ
0.07081416931771133,PZ
0.0843826216498711,PZ
0.019088889970117325,PZ
0.07129367774508673,PZ
-0.20022385954398528,PZ
-0.08457803242009716,PZ
-0.008618159461778088,PZ
0.05958325611413442,PZ
-0.02468470453774821,PZ
0.009666941532460026,PZ
-0.06505519826611697,PZ
-0.13694171270515257,PZ
-0.10622363387811536,PZ
-0.1297533322491447,PZ
0.019628184431472052,PZ
-0.03720340817994801,PZ
0.06071969460916937,PZ
-0.06091367996003906,PZ
-0.02082776529058536,PZ
0.08073236543300355,PZ
-0.028312729283920167,PZ
-0.05420718032671215,PZ
-0.040805841748515884,PZ
-0.0678993869047941,PZ
0.04896478980203254,PZ
0.058512390384301616,PZ
-0.04222684555009651,PZ
0.044465977506022,PZ
0.1899012778727006,PZ
-0.12353986436917268,PZ
0.015827102543109182,PZ
0.15606568791204897,PZ
-0.084311061036238,PZ
0.0428414409873566,PZ
0.06213194473117658,PZ
0.3177329597663115,PZ
-0.17354593858970374,PZ
-0.19145721656173365,PZ
0.15553733763810176,PZ
0.03830783341774382,PZ
-0.17825583233766937,PZ
0.08366591528162397,PZ
-0.014771957226867583,PZ
0.13516104919153016,PZ
-0.24128238288586468,PZ
-0.20259394108444756,PZ
-0.08752240638781059,PZ
0.1742498359745759,PZ
-0.04762879674551555,PZ
-0.06533331930243935,PZ
0.03188424030983107,PZ
-0.058596252861772495,PZ
0.024456178728325742,PZ
0.1194304612942097,PZ
-0.016672516838899476,PZ
0.08138070802793584,PZ
-0.0623288678112119,PZ
0.0779687839115435,PZ
0.04703058648840408,PZ
-0.044062572451904036,PZ
0.09673019878792102,PZ
0.1165591248669691,PZ
0.13770405341292782,PZ
-0.026617195490261,PZ
-0.06276549295546505,PZ
-0.17561637968025137,PZ
0.012887583243463618,PZ
0.0693408122945476,PZ
0.09514239191534005,PZ
-0.19639209870645538,PZ
-0.17712336214262575,PZ
0.019699496598172453,PZ
0.05091277467758529,PZ
-0.11485680147069775,PZ
0.09992846209875972,PZ
0.12390394459205276,PZ
0.27535866804779635,PZ
-0.0448349689320633,PZ
-0.12460710697701408,PZ
-0.034744029350012626,PZ
0.1358846113816889,PZ
-0.11663329473185706,PZ
-0.08826750131935612,PZ
0.07560470657321508,PZ
-0.1494942141616925,PZ
0.05178682900890925,PZ
0.05310571160914984,PZ
-0.09805333818853693,PZ
-0.11865088492914673,PZ
-0.18691530737675882,PZ
0.001726254896028484,PZ
-0.010383583678579125,PZ
-0.07809809519499325,PZ
0.019333467111332773,PZ
0.12913583675723567,PZ
-0.0644458838975199,PZ
-0.07829428321780019,PZ
0.0783049586199971,PZ
-0.1129027110899717,PZ
0.0932555367919797,PZ
0.006606137736635223,PZ
-0.10969387068220417,PZ
0.04086333795531268,PZ
-0.006111037545042108,PZ
0.23904363278396232,PZ
-0.07251306983272769,PZ
-0.18131144628707388,PZ
0.07299728181182155,PZ
0.03458413510691675,PZ
0.034403936220168935,PZ
-0.1327708570416551,PZ
0.14157451149921857,PZ
-0.06635473176475949,PZ
-0.0012429831510037924,PZ
0.09411491299827679,PZ
0.04726445393080774,PZ
0.09679900767515151,PZ
-0.058855292086246014,PZ
0.10561510164772082,PZ
0.020563460059472412,PZ
-0.05762452262857083,PZ
0.07134465762637454,PZ
0.0966181712873699,PZ
-0.1273757842871786,PZ
-0.11586753692044345,PZ
-0.2070012372038308,PZ
0.09476035807156566,PZ
-0.0649071140960753,PZ
-0.12853497843921863,PZ
-0.0435848524059048,PZ
0.10761877396627909,PZ
0.07771507201140157,PZ
0.010260076884242818,PZ
-0.17279433509546827,PZ
-0.02929632452503471,PZ
-0.0653219320225446,PZ
0.12217488584804316,PZ
0.04698783865487549,PZ
-0.021010710555627414,PZ
0.025121625625555467,PZ
-0.0713451644695982,PZ
0.10256092480610773,PZ
-0.09329456653319405,PZ
-0.0034020111585100488,PZ
0.042479288157557395,PZ
-0.09155872906347196,PZ
-0.2542390678415398,PZ
-0.06322599890842255,PZ
0.04937348354363892,PZ
0.01582708528248182,PZ
0.06172338404067042,PZ
0.05028923710845594,PZ
-0.03730152178397673,PZ
0.051011309697590844,PZ
0.11538124850775786,PZ
0.21857798851512908,PZ
0.1030567485131319,PZ
0.24097053582909983,PZ
0.04951102398509854,PZ
-0.021570716552445114,PZ
0.06611153109649186,PZ
0.2680573128610164,PZ
0.25666350383557807,PZ
-0.08628372860143825,PZ
0.015744219887843185,PZ
0.03349052139880399,PZ
-0.04423806017830585,PZ
-0.10373552481599904,PZ
0.11253975490456695,PZ
-0.10660247172030614,PZ
-0.002023555771845556,PZ
0.04907507384180325,PZ
0.0485131889449801,PZ
0.10868591057361485,PZ
-0.02648055100450154,PZ
0.0032973056614774843,PZ
-0.021013786433282576,PZ
0.14755678926152913,PZ
0.04291418044964735,PZ
0.12569096934564947,PZ
-0.07904519980427774,PZ
-0.06852979127019516,PZ
0.015516635394242154,PZ
-0.09563903535288297,PZ
-0.07413678376532049,PZ
0.20229087544346647,PZ
0.016601484897654735,PZ
0.13476980227669283,PZ
0.04656183755294409,PZ
-0.09906418711684173,PZ
0.16234732452234357,PZ
0.10482557789330639,PZ
0.26502333372522324,PZ
-0.10672887286109606,PZ
-0.019957947709947292,PZ
0.0756534029732518,PZ
-0.12750546967961823,PZ
-0.10834501759178772,PZ
0.1833567694757417,PZ
-0.10767799856604277,PC1
-0.08550641138986183,PC1
-0.01750309913193071,PC1
-0.012491091095262925,PC1
-0.15466097835925255,PC1
-0.10729930632700632,PC1
0.11441214005370477,PC1
0.004265340314802968,PC1
0.029252289160887873,PC1
0.029550393395672732,PC1
0.020819004768554777,PC1
-0.11647411768739982,PC1
0.008719183632819427,PC1
0.11449609717705937,PC1
0.16334767597062066,PC1
0.004370710944309516,PC1
0.06888402654650601,PC1
0.011781892220043888,PC1
-0.08564929218606322,PC1
0.22363986122818408,PC1
-8.372949527716313e-4,PC1
-0.11455403585848564,PC1
0.1978398347023966,PC1
-0.004754187848112164,PC1
-0.0540937643234143,PC1
-0.1782850085060023,PC1
-0.015903922146689443,PC1
-0.06789387598589565,PC1
-0.06197187730933825,PC1
-0.11759802302146753,PC1
0.046971124938541234,PC1
0.1656358526835746,PC1
-0.084711187837995,PC1
0.044328657973003345,PC1
-0.15719707277998804,PC1
-0.23171645905477897,PC1
-0.06757262026894076,PC1
-0.013039584158141897,PC1
0.19009866357971353,PC1
0.16919976776882242,PC1
-0.11099796472583208,PC1
-0.09410332177084975,PC1
-0.020045710251694417,PC1
-0.019712315555084903,PC1
0.1553279844430323,PC1
0.03575237459934204,PC1
-0.04706743982456569,PC1
0.1251555434554828,PC1
0.09664922644882179,PC1
-0.018398436360978012,PC1
0.04156517852387494,PC1
-0.12025533822058343,PC1
-0.03321714830090877,PC1
-0.0857958897916773,PC1
-0.05805704326735388,PC1
0.020198237239744975,PC1
-0.06770829012608937,PC1
-0.05623290702054603,PC1
4.1973574775002777e-4,PC1
-0.03230795814102236,PC1
-0.031884042939609857,PC1
0.13856273199645802,PC1
0.0807902207437878,PC1
-0.07305431259553233,PC1
-0.056472652491712905,PC1
0.0324352299537559,PC1
0.11216622565580951,PC1
0.13346934675936553,PC1
0.13495831750640722,PC1
0.024869321950685974,PC1
-0.20713764262825168,PC1
0.05965343564665004,PC1
-0.046787330907706544,PC1
0.17380179432525716,PC1
-0.11923206645670265,PC1
0.014392461197176088,PC1
-0.12767628707470544,PC1
-0.013593429995080532,PC1
0.003364118207974373,PC1
-0.13582069662811488,PC1
0.04697847574983641,PC1
-0.0628257208766129,PC1
-0.04606881241766298,PC1
0.01800125711053507,PC1
-0.13745865822004136,PC1
-0.1445965690557967,PC1
0.052768429789629215,PC1
0.04605017927366436,PC1
-0.013591593418763745,PC1
-0.048058040965244644,PC1
-0.03556764316193806,PC1
-0.02432991370293794,PC1
-0.025583562866321293,PC1
-0.04611075570424546,PC1
0.13483984871646107,PC1
0.08531388420515235,PC1
0.031832903802143764,PC1
0.010254039084082189,PC1
0.003198870478483096,PC1
0.07856608868338022,PC1
-0.07947359145960774,PC1
-0.057640195785684425,PC1
0.15202804418332283,PC1
0.128191585167027,PC1
0.17711749099006172,PC1
0.31801881317640757,PC1
-0.03687222451374045,PC1
0.09990170493395506,PC1
-0.12927612096773294,PC1
0.13055655891716683,PC1
-0.09686723087258933,PC1
0.0736695355491142,PC1
0.0035335694870982336,PC1
-0.20846114064618637,PC1
-0.07166014904434923,PC1
-0.003645588979078955,PC1
-0.10574572081695559,PC1
0.12969749397124644,PC1
0.11556761540829472,PC1
-0.09395684577086622,PC1
-0.1503964348155483,PC1
0.0291867201656803,PC1
0.05322983581434212,PC1
-0.056695261503216195,PC1
-0.10284889771563713,PC1
0.029984597880499092,PC1
-0.02705390754227622,PC1
-0.08916094984239509,PC1
0.02782134343635493,PC1
-0.1479968626072918,PC1
-0.04999521703748274,PC1
-0.00673889764863899,PC1
0.01927907743410525,PC1
-0.10621583451018515,PC1
-0.04005646330304048,PC1
0.2166044246337979,PC1
0.02942810722402142,PC1
-0.18312502211277168,PC1
0.09527941447998292,PC1
-0.008486452039224835,PC1
-0.029262894769649175,PC1
-0.025967386524806145,PC1
0.040879036912908444,PC1
-0.09455889352932909,PC1
-0.01979697441267276,PC1
0.11007525184243874,PC1
-0.04261403827798325,PC1
0.08536834516797845,PC1
-0.05607981828501764,PC1
-0.04033786449429204,PC1
0.011793744751712673,PC1
0.10682882098912574,PC1
-0.10411088822594784,PC1
0.10215767327848307,PC1
0.1495733562201954,PC1
-0.07171717920310768,PC1
-0.13583347274822355,PC1
0.1637776227956839,PC1
0.013710917400125353,PC1
0.029387687590704856,PC1
0.014908616290338524,PC1
0.2660305203059166,PC1
0.19914207146337098,PC1
-0.10438943523888679,PC1
-0.1428926451800745,PC1
0.11407332875380594,PC1
-0.1005827311200429,PC1
-0.00803452747922731,PC1
0.022182851178008577,PC1
0.11632862163491395,PC1
-0.0071978269387506025,PC1
0.010171708660569496,PC1
0.0071320519469443705,PC1
-0.14451658044039584,PC1
-0.02684585474915885,PC1
-0.08958868795150668,PC1
-0.19938212107686898,PC1
-0.05104083816456749,PC1
-0.0018567868232241408,PC1
0.052353095643608835,PC1
0.04051566508051273,PC1
0.047682149946280214,PC1
0.05803736521897351,PC1
0.04734453948921412,PC1
0.007945503673264508,PC1
0.02681051079034878,PC1
-0.018871844284999814,PC1
0.07088857078691092,PC1
0.1018560325142385,PC1
0.029360103206183083,PC1
-0.043048532045424956,PC1
0.016590685142634218,PC1
-0.0883458340052152,PC1
0.16474695844997334,PC1
0.034138293193378154,PC1
0.07381874647589222,PC1
-0.01979773359928253,PC1
-0.06419174400832241,PC1
0.01986456980369978,PC1
-0.0776614804681777,PC1
-0.23843931427903106,PC1
0.1645862106406602,PC1
0.10946510056388678,PC1
0.07991683991701043,PC1
0.030620217440005273,PC1
-0.05208700441117481,PC1
0.08644206985548712,PC1
-0.05493880271927772,PC1
-0.12321294590147797,PC1
1.9982714181188133e-4,PC1
-0.051800018040130055,PC1
-0.054004633292020876,PC1
0.09233198645217755,PC1
-0.05900696445357431,PC1
0.09612035177551173,PC1
-0.1030178186868125,PC1
-0.10202049031594954,PC1
-0.03993906682748037,PC1
-0.027047856652049236,PC1
0.03865462829101796,PC1
-0.0017403715079761968,PC1
0.09892449010733972,PC1
-0.02466320352427142,PC1
0.044049037780016564,PC1
-0.0010938990986572028,PC1
-0.06403121247575452,PC1
0.08264339216501898,PC1
-0.07974647203301284,PC1
-0.026375810337442712,PC1
-0.008338754477422262,PC1
-0.07963630754319272,PC1
-0.004247805607353279,PC1
-0.04584513121384432,PC1
0.07296731305028577,PC1
0.08281776307739344,PC1
0.026035438225785634,PC1
0.06832644937605947,PC1
0.11953298551963439,PC1
-0.14725862411914228,PC1
0.053838342367706855,PC1
-0.005946953540633321,PC1
0.1563617260807456,PC1
8.038620038083432e-4,PC1
-0.056750450916689975,PC1
0.05376176964330786,PC1
0.1789819787002063,PC1
0.11553432127396554,PC1
-0.02225638484605731,PC1
0.022986013479458854,PC1
-0.05167563168374525,PC1
-0.03178743548897843,PC1
-0.07203827564471117,PC1
9.141584436182966e-4,PC1
-0.12208007349643718,PC1
-0.039225912768859166,PC1
0.06382502216073395,PC1
0.10633878695634799,PC1
-0.015838950475584576,PC1
0.07432353044417464,PC1
-0.12175830312779837,PC1
0.009540601722952385,PC1
-0.08822688145956592,PC1
-0.15933909582461522,PC1
0.04289174250982418,PC1
0.11180741920246987,PC1
0.1130057842075676,PC1
0.07725383357911973,PC1
-0.05016254311273234,PC1
0.10807888273883727,PC1
0.0060110747237215306,PC1
-0.07252069988012963,PC1
-0.0859776439088276,PC1
0.017225681713378575,PC1
-0.15531532811942178,PC1
-0.07227786850132704,PC1
0.07200941859088454,PC1
-0.1691129277914808,PC1
0.1680549124046162,PC1
0.054681541483204525,PC1
0.020050129158579615,PC1
0.09839283575512289,PC1
-0.0948755106486499,PC1
0.048091335081698286,PC1
0.11938768923542752,PC1
-0.039209863990267615,PC1
-0.023430768897694396,PC1
-0.08854700527141036,PC1
-0.04814871471254038,PC1
-0.04906329668885012,PC1
-0.045450519217191857,PC1
0.10630950901291338,PC1
-0.04273966855455785,PC1
-0.22941370182026627,PC1
0.030801386345722222,PC1
6.957812741383185e-4,PC1
0.11492372225197255,PC1
-0.08167936468797402,PC1
-0.10571563986010993,PC1
-0.026005624055631994,PC1
0.07433364671499168,PC1
-0.04381416003858007,PC1
-0.10060378244058493,PC1
-0.04698774545873681,PC1
-0.044274370004363316,PC1
-0.13864003983402023,PC1
0.0075683183282727415,PC1
-0.0362112062032908,PC1
-0.01747063289506314,PC1
-0.1770123545641752,PC1
-0.1440944489814173,PC1
0.03855676449622937,PC1
-0.10162706791436846,PC1
-0.04749975891399574,PC1
-0.020205087138465014,PC1
0.08985257959421364,PC1
0.03110226232726016,PC1
0.08844185166978531,PC1
0.04649791109146392,PC1
0.0427456882976746,PC1
-0.026667667827932357,PC1
-0.08277445501666686,PC1
-0.0323007564297702,PC1
0.066000652349871,PC1
0.12355438701561386,PC1
-0.05538847431489976,PC1
-0.12646995424775012,PC1
0.013226213365817783,PC1
0.2082109768757351,PC1
-0.20683850508560037,PC1
-0.09540926382446845,PC1
0.07284156475213402,PC1
0.049875301654838534,PC1
-0.2196838768861208,PC1
-0.18123346700280007,PC1
0.026224142951861505,PC1
0.1478796299468837,PC1
-0.016962011581838445,PC1
-0.03655791401726814,PC1
-0.014712364724990708,PC1
0.09703213910835118,PC1
0.022058939358692093,PC1
-0.18147601672855762,PC1
0.07235105181414689,PC1
-0.01228193080815335,PC1
-0.1301128043002802,PC1
0.028956315680127076,PC1
-0.023752924885061394,PC1
-0.041329530356032415,PC1
0.15917323909147973,PC1
0.08862416905585885,PC1
0.24585991824496245,PC1
-0.05221235578371768,PC1
0.06036721567136907,PC1
-0.029302143064333333,PC1
-0.06583897223094456,PC1
0.003947948699500525,PC1
-0.05551712113779872,PC1
-0.08659698127053841,PC1
0.03661577802391559,PC1
-0.00819667855128647,PC1
-0.007892284582146945,PC1
0.06930734554146765,PC1
0.020881974362069712,PC1
-0.0032444059793654556,PC1
0.033860871515765945,PC1
-0.012966328284756891,PC1
0.12116434388422535,PC1
0.03485174137183175,PC1
-0.22536437256784514,PC1
0.26367932705645547,PC1
-0.17090332663774974,PC1
0.1787109311378336,PC1
-0.021828911773469892,PC1
0.12420720916933095,PC1
-0.0504151075828376,PC1
0.02670918489836032,PC1
-0.09100718445491086,PC1
-0.17101616893306965,PC1
-0.07466031641876815,PC1
0.009489842806508431,PC1
-0.14830856378806279,PC1
-0.07298521675229683,PC1
-0.009706297697139335,PC1
0.017137097016543555,PC1
-0.004543721614658402,PC1
-0.003931702408601946,PC1
-0.1231833593672061,PC1
0.046194230228881486,PC1
0.001194234533315977,PC1
-0.08443369743582535,PC1
-0.09583581912772465,PC1
-0.003036086110894869,PC1
0.029594985252554513,PC1
-0.07260689136931435,PC1
-0.1718469039489684,PC1
-0.20427227343394738,PC1
-0.006799659663624676,PC1
-0.06356251666586023,PC1
0.030151855038150616,PC1
-0.07303939272463095,PC1
0.16698560288089123,PC1
0.13139535047407494,PC1
-0.013561501672494317,PC1
0.065116049898277,PC1
-0.10834061386951324,PC1
-0.07630634101760575,PC1
0.018289714433147898,PC1
0.1672162446908923,PC1
-0.04543353572521536,PC1
-0.061581499345184365,PC1
0.021805071592566963,PC1
0.058867810165659853,PC1
0.13102850898833163,PC1
-0.012925238113820212,PC1
0.06035182598617016,PC1
-0.0019236196270280038,PC1
0.05207449773884616,PC1
0.17801863478922575,PC1
0.050152225667283924,PC1
-0.059032403029650043,PC1
0.07505533937872522,PC1
0.08312735773913968,PC1
-0.013589181542425008,PC1
-0.04930489382504982,PC1
0.10824001748254569,PC1
0.008338097791021036,PC1
0.09260397290105463,PC1
-0.09070725251237588,PC1
0.09698865555410964,PC1
0.03420651297126423,PC1
-0.060196586267960636,PC1
-0.02481653646417431,PC1
-0.010810018249203183,PC1
0.11457952759738929,PC1
-0.08508830702360796,PC1
0.11964951253316979,PC1
-0.0393538409766482,PC1
0.07171850183905287,PC1
0.008356798633266913,PC1
-9.743834928798642e-4,PC1
0.1844399960017241,PC1
-0.09647805759753263,PC1
-0.12021750242770803,PC1
-0.122886437162711,PC1
0.029938064137421533,PC1
0.10731543724706351,PC1
-0.26331704937240363,PC1
-0.030464810942353114,PC1
-0.024515438060311284,PC1
-0.01500323964016441,PC1
-0.08154490623988903,PC1
0.025972590280275473,PC1
0.09235084912932963,PC1
-0.1527990477133926,PC1
0.05862134670579158,PC1
-0.010057582947179044,PC1
-0.05682921423696011,PC1
-0.07986222507012118,PC1
-0.07639956771973702,PC1
-0.049532669345999564,PC1
0.07963069346139724,PC1
-0.10899666434575317,PC1
0.028535233856959025,PC1
0.19789392400299619,PC1
-0.005034216148511971,PC1
-0.19447792273570616,PC1
0.005079239289273858,PC1
0.16249517983209918,PC1
4.0602787324759337e-4,PC1
-0.11019533917135904,PC1
0.12234717523955595,PC1
0.08601440625178336,PC1
0.0776455468518123,PC1
-0.03880440373090753,PC1
-0.12161998184470364,PC1
0.052399636462163786,PC1
0.06402024965839584,PC1
0.18450265960630802,PC1
-0.06568570684462421,PC1
0.022635811496637185,PC1
-0.020587762282939907,PC1
0.039036128838939546,PC1
0.06552304756250997,PC1
-0.007426634036870015,PC1
0.004457797476968322,PC1
0.061725923016541805,PC1
0.11979636535957333,PC1
-0.039187643732414505,PC1
-0.06406347926919576,PC1
-0.12652196401950488,PC1
-0.04863242036351774,PC1
-0.16210319354776553,PC1
-0.04508643287873055,PC1
-0.032906391447735564,PC1
-0.13770759436805632,PC1
0.03096608509000152,PC1
0.01951087458267127,PC1
0.0790997044693692,PC1
0.1095877459670048,PC1
0.22600441262338594,PC1
-0.051368161204763285,PC1
0.09212784190803124,PC1
0.20206783874964282,PC1
0.03336119190293094,PC1
-0.04422262853690971,PC1
0.13544572787441161,PC1
0.06211340715800903,PC1
0.09008980557084639,PC1
-0.1335636648473518,PC1
0.07837803433997542,PC1
0.007142080871837595,PC1
-0.19131134156131635,PC1
0.09686219191516762,PC1
-0.0686979763670768,PC1
-0.057284350255150995,PC1
0.03372819148397769,PC1
0.1254223706472606,PC1
0.12023177195256876,PC1
0.047281174804028214,PC1
0.05241931146663874,PC1
-0.10682812039031038,PC1
0.016435454091877095,PC1
0.09207770519641537,PC1
-0.10578522898389023,PC1
0.1297508548869564,PC1
-0.006398866443752968,PC1
-0.004051215675986947,PC1
0.1152297997023116,PC1
0.12464532851990703,PC1
-0.006738992820394123,PC1
-0.011874767811872168,PC1
0.06151268227764431,PC1
0.12196805560095697,PC1
0.13064393973469374,PC1
0.026852809391832353,PC1
-0.25760624551031835,PC1
-0.055002676412569784,PC1
0.038084362698386734,PC1
0.016208198668857164,PC1
-0.051811538143453205,PC1
0.04634242475813233,PC1
-0.024621782039745625,PC1
0.034115608587955024,PC1
-0.028962268716576898,PC1
0.0013702236563894674,PC1
0.014872567233190491,PC1
-0.09496459660678588,PC1
-0.06252897244978582,PC1
-0.3057408602277629,PC1
0.04090127655730795,PC1
0.24290654148393453,PC1
0.08039304067647962,PC1
-0.017760375086162447,PC1
-0.022998641506561196,PC1
0.04722610103581116,PC1
0.01902300470862316,PC1
0.07434088087351143,PC1
-0.007804653916623466,PC1
0.1253102611869172,PC1
-0.11470882951798589,PC1
0.014060324874050695,PC1
-0.17762961095284943,PC1
0.27672856845419924,PC1
-0.12567611217664804,PC1
-0.035715216616247415,PC1
-0.05331231398977844,PC1
-0.020058319726310267,PC1
-0.11962684803735542,PC1
0.06723658695560905,PC1
0.2216700490136917,PC1
-0.11188229210002676,PC1
-0.19157841002574552,PC1
0.12766672047043454,PC1
-0.1390601287288436,PC1
-0.11839575035474541,PC1
0.07173673026331646,PC1
0.08222885242279679,PC1
0.09902302399849686,PC1
0.08532306849501421,PC1
-0.07000170570986418,PC1
-0.06954855188505406,PC1
-0.06682589275468155,PC1
-0.0412601466336389,PC1
0.03271000732655724,PC1
-0.004195038679758602,PC1
0.11452801077013054,PC1
-0.11457312277361004,PC1
-0.008593610852100907,PC1
-0.19207873992924765,PC1
-0.0562010975995593,PC1
-0.17344939367072432,PC1
0.08712390265892725,PC1
-0.09984573668195003,PC1
-0.006672274848062339,PC1
0.09398646188061441,PC1
-0.08002930501955612,PC1
0.05872975724170107,PC1
0.21340671654085297,PC1
0.010477231169140169,PC1
0.16886707977944254,PC1
0.11438767771284264,PC1
0.14775256337186524,PC1
0.03697745279327111,PC1
-0.17343434805830518,PC1
0.025136293688523194,PC1
-0.22588361097287754,PC1
-0.00437108169540398,PC1
-0.05181034026193461,PC1
0.20437230676531995,PC1
-0.07454190147054673,PC1
0.1476212818462727,PC1
-0.21288186874301518,PC1
-0.03975296546711524,PC1
0.013565924326211551,PC1
-0.038824614037066156,PC1
0.05553054192596811,PC1
0.037288301232174303,PC1
-0.029557505234242408,PC1
0.11277284306808025,PC1
6.585013798082427e-4,PC1
0.16477523812986802,PC1
0.018887213328891272,PC1
0.20737962857093714,PC1
0.011679827965313624,PC1
0.0015496373116228807,PC1
-0.048186119785721314,PC1
-0.12569932538463768,PC1
0.09446668250189101,PC1
-0.04023450154775035,PC1
-0.15546326788463732,PC1
-0.05224431509938167,PC1
0.02670603645684571,PC1
0.17242740886051586,PC1
-0.037872484040747896,PC1
-0.09245390965411299,PC1
0.2142066652416032,PC1
0.11011846830801884,PC1
-0.0030708981041184524,PC1
-0.1694138007674585,PC1
-0.01755821300264972,PC1
0.2671034550129482,PC1
0.07366531628885782,PC1
0.05198216518961275,PC1
-0.02070268762286106,PC1
-3.0528104706738224e-5,PC1
0.18638866643269852,PC1
-0.15956703040566564,PC1
0.1068664825439794,PC1
0.13013693442936675,PC1
-0.07073190407543362,PC1
-0.03228532048874223,PC1
-0.1023480391975354,PC1
0.029205835144660477,PC1
0.0015903730303202662,PC1
0.02978921374353556,PC1
0.18136057527008642,PC1
0.15156329025654564,PC1
-0.22030017697724558,PC1
-0.08071309173143291,PC1
-0.08922732445632157,PC1
-0.08391545646796911,PC1
-0.02966216372965378,PC1
-0.1803492178595422,PC1
0.25043838017634623,PC1
-0.06045081756525442,PC1
-0.0806213739601134,PC1
-0.04462296951735014,PC1
-0.007006294430882619,PC1
0.027315912572838535,PC1
0.12357828635605958,PC1
-0.02352631729602639,PC1
-0.0641971549606638,PC1
0.21574904925303878,PC1
-0.066941857405524,PC1
-0.0472292794653764,PC1
0.0821536011854087,PC1
0.07052652848945877,PC1
-0.15893978381885665,PC1
-0.003471572413922097,PC1
-0.12168906351760472,PC1
0.10701600712286147,PC1
-0.18018318373512973,PC1
-0.16201870694716713,PC1
0.0782465570126572,PC1
-0.12591969227492716,PC1
0.0921737866569361,PC1
-0.0250388254181517,PC1
-0.20520669375508416,PC1
-0.04379475585613184,PC1
0.002158369728425518,PC1
0.09633932202553558,PC1
0.04275154220557477,PC1
-0.04840537878694462,PC1
0.018420313813124634,PC1
0.055701310222356366,PC1
0.06188158745526505,PC1
0.06709144717964911,PC1
-0.052859748988259576,PC1
-0.02440962195367929,PC1
0.06136047932991819,PC1
0.050913333966404704,PC1
0.1604915220957237,PC1
0.07176495083762009,PC1
-0.019679283675160412,PC1
-0.1274625247961891,PC1
-0.013538307394896386,PC1
-0.05425184097223821,PC1
-0.0054840203239857645,PC1
0.08147690598240527,PC1
0.03925336144853277,PC1
-0.1927859905659481,PC1
0.038486240807091794,PC1
-0.02006025346646381,PC1
0.06701308949771638,PC1
0.12843195192326273,PC1
-0.025524035512983795,PC1
-0.2516064834043916,PC1
-0.11598182642482298,PC1
-0.06708327399249273,PC1
-0.09328835010123782,PC1
-0.07068442634927247,PC1
0.0276215650132084,PC1
0.03483119312453136,PC1
-0.14595158700598543,PC1
-0.08175209952570124,PC1
-0.19538799189613937,PC1
0.21651412173940124,PC1
-0.014876918982448029,PC1
0.02831151403879441,PC1
-0.012057092778579942,PC1
-0.011430437637598143,PC1
0.13858776526771072,PC1
0.057685922661864675,PC1
0.045073740945629936,PC1
0.055437345657032004,PC1
0.07339347465769153,PC1
0.025025398006851236,PC1
0.03636413282832193,PC1
0.09065453609505826,PC1
0.02180427985894904,PC1
-0.024834669513291205,PC1
-0.3022890395293642,PC1
0.09424477821152391,PC1
0.10443781699384459,PC1
0.042766196813349484,PC1
-0.07239274767170653,PC1
-0.14184693656256891,PC1
-0.10934262250623852,PC1
-0.005590129530400788,PC1
0.09629300171961298,PC1
-0.01985914849201341,PC1
-0.13179045096679698,PC1
-0.06655381799271351,PC1
-0.07487680411944904,PC1
-0.14479948519930658,PC1
0.08613659646490462,PC1
-0.051368161204763285,PC1
0.07253338832215403,PC1
0.0312947015225836,PC1
-0.11675240325058198,PC1
0.0569222488568745,PC1
0.05911233854446155,PC1
0.08854062476819753,PC1
0.14583216951486497,PC1
0.1551252023947698,PC1
0.035197882430695396,PC1
-0.059655405226901,PC1
0.058427590776672,PC1
-0.02615053061792029,PC1
-0.021061162118407938,PC1
0.01841824507951937,PC1
-0.0012616976302576716,PC1
-0.02637998510394765,PC1
-0.011515405202587807,PC1
-0.053907644350523615,PC1
0.026849235751809926,PC1
0.012861638808900315,PC1
0.07295938292129747,PC1
-0.06994306235827967,PC1
0.09772411350692181,PC1
0.07603375949937623,PC1
0.029315646471627956,PC1
0.25838299031992035,PC1
0.1317070759021026,PC1
-0.18412345227172508,PC1
-0.11197539110136366,PC1
0.1476710441911192,PC1
-0.059980987501832346,PC1
-0.12125213497606968,PC1
0.018959995267039793,PC1
-0.05893998372617167,PC1
-0.03184853734976438,PC1
-0.04741316367894754,PC1
-0.014387341582904258,PC1
-0.09777243485220252,PC1
-0.038928282276070744,PC1
-0.11315297214736407,PC1
0.08313279801828033,PC1
-0.08743028957286858,PC1
0.14473142289397678,PC1
0.1367539749067927,PC1
-0.06882062046915129,PC1
0.0406444051893465,PC1
0.08895457362260618,PC1
0.06636426221657044,PC1
-0.1729949872149043,PC1
-0.03933502816494176,PC1
0.003262262968815481,PC1
-0.12288237913483459,PC1
0.2956028463278807,PC1
-0.058092004235351345,PC1
-0.17357289349364624,PC1
0.10046502273049086,PC1
0.19870719616498556,PC1
-0.3695246545719846,PC1
-0.11513503400430136,PC1
-0.10091350243236831,PC1
-9.056905459108797e-4,PC1
0.021099423838584,PC1
0.08181848774874152,PC1
-0.13261169021597857,PC1
0.22280131207649922,PC1
-0.01235946448338291,PC1
-0.2898320599886239,PC1
-0.08266171275980329,PC1
-0.041840711794167595,PC1
-0.09333901868598501,PC1
-0.028425221179025316,PC1
0.12261344091469084,PC1
0.07612165363903614,PC1
0.19663165890877637,PC1
0.00974596165726136,PC1
0.1120060756194876,PC1
-0.0685163181492755,PC1
-0.13924903447253711,PC1
0.12378196110946971,PC1
0.06523266306294401,PC1
0.05070240560768449,PC1
0.09316361118153806,PC1
0.014864132315265812,PC1
-0.04091913242459724,PC1
0.03104353846071497,PC1
-0.13045328869984343,PC1
-0.09338034788267352,PC1
-0.05815081295104184,PC1
0.016795201681323195,PC1
-0.017549484297965916,PC1
0.1301132625719317,PC1
-0.08308260808432187,PC1
-0.1506698982181089,PC1
0.08668804138905789,PC1
-0.07736603291047518,PC1
-0.09532090603294208,PC1
-0.09235762897059223,PC1
-0.008308348851450278,PC1
-0.08589155524688546,PC1
0.005362994006263777,PC1
-0.07034605851233339,PC1
0.1162030152110231,PC1
0.04008174975171883,PC1
0.01783734783412265,PC1
-0.010026649412677316,PC1
-0.14267185722490633,PC1
-0.023229708647857575,PC1
-0.034952928813318886,PC1
-0.029619129861147023,PC1
-0.09710185731429158,PC1
0.048054403560755896,PC1
-0.04390921311231693,PC1
0.1585710336655632,PC1
0.1696632063629626,PC1
-0.09110114682602431,PC1
-0.12545558986022898,PC1
0.00798397125855456,PC1
0.021850345614915775,PC1
-0.03577976566602369,PC1
0.06302900527361259,PC1
-0.05206959542272008,PC1
-0.07768420672719138,PC1
-0.08063316000999202,PC1
0.1216710647713902,PC1
0.12658415614200266,PC1
-0.12616216127324933,PC1
-0.030940829422378843,PC1
-0.08824174034796758,PC1
0.03601010545242017,PC1
-0.17858080638301527,PC1
-0.2467678504656582,PC1
-0.04686627942529706,PC1
-0.020989391375015,PC1
-0.10461467938370629,PC1
-0.03200067649831813,PC1
0.03671403827571565,PC1
-0.128237067210623,PC1
-0.01806398335857961,PC1
0.11407359280589022,PC1
-0.03950046876898499,PC1
-0.09160122006303632,PC1
-0.12256674859163016,PC1
0.03948199853613982,PC1
0.006552872355142,PC1
0.18195391980427164,PC1
-0.06267115421651068,PC1
-0.01985914849201341,PC1
0.010757697585364039,PC1
-0.02450945956955796,PC1
0.24489834496696367,PC1
-0.067134225289747,PC1
0.17570171787568536,PC1
0.06647221928254686,PC1
0.07220001446659058,PC1
0.1350769413601406,PC1
0.08291810898384719,PC1
0.2444902378513636,PC1
0.047009192989320527,PC1
-0.012805813944303572,PC1
-0.14449467994099188,PC1
-0.06305751879459176,PC1
-0.0030491011082497688,PC1
-0.04100176996041164,PC1
0.16123045346684595,PC1
0.062158774292939034,PC1
0.029091462539832892,PC1
0.05433103836875852,PC1
0.0842463859072399,PC1
-0.02070268762286106,PC1
-0.03690290771558076,PC1
0.01105890475688453,PC1
-0.07864098394633054,PC1
-0.0779021948589314,PC1
-0.01982825644462575,PC1
0.04166784785276006,PC1
0.11252525979722741,PC1
0.03012246726141399,PC1
0.0162950511736046,PC1
-0.11095506557874192,PC1
-0.006120003751417108,PC1
0.1905552369354453,PC1
0.1257233645958565,PC1
-0.15607699275124765,PC1
0.04461892211183499,PC1
0.12514673720388392,PC1
-0.1478072793650689,PC1
0.16436110222483208,PC1
-0.025823305647734662,PC1
0.013845214231221876,PC1
0.006422359403231635,PC1
-0.058741822359516874,PC1
-0.09321298068106612,PC1
-0.016731803671311832,PC1
-5.011959502474721e-4,PC1
-0.038369207771577284,PC1
-0.06329559389390596,PC1
-0.04640070187532906,PC1
-0.07134215081726185,PC1
-0.22942050484714324,PC1
-0.06313423104325451,PC1
-0.07201486345855378,PC1
0.005183658363181673,PC1
-0.014946195145473615,PC1
-0.02712319153418151,PC1
0.04390712310699079,PC1
0.03019143223294743,PC1
0.012178634656549347,PC1
0.16559343527455844,PC1
-0.057731687806590354,PC1
-0.14485447960303266,PC1
0.03027616801599884,PC1
-0.010894009575740597,PC1
-0.003162113542730903,PC1
0.05374805317894956,PC1
0.10109691667466622,PC1
0.0833477363097859,PC1
-0.053038307267725,PC1
0.12422759600196033,PC1
0.030383341900636216,PC1
-0.006649889455704848,PC1
0.13036179191791405,PC1
-0.07216600890159641,PC1
-0.11233198132175594,PC1
0.08419045565280964,PC1
-0.0031727387752332817,PC1
0.08406381853493192,PC1
-0.09333901868598501,PC1
0.04160965772295994,PC1
0.13673623679565614,PC1
-0.052521000008414975,PC1
0.06274684701838334,PC1
0.14587809447680722,PC1
-0.1445672332779431,PC1
0.12716273874977116,PC1
-0.16747703493636656,PC1
0.08495421479785009,PC1
-0.1129017440950717,PC1
0.051292976838359275,PC1
-0.07871534731000528,PC1
0.11387336494559536,PC1
0.12783925884617348,PC1
-0.056232155440570836,PC1
-0.06144857924246986,PC1
-0.09169281657851835,PC1
-0.0627571481577887,PC1
-0.04276513569359995,PC1
0.2573007699850909,PC1
0.00886290471185763,PC1
-0.22839921407969815,PC1
0.04757713161816335,PC1
-0.03682093441255789,PC1
0.12933204190648281,PC1
-0.11770378909574974,PC1
0.0051773561187025835,PC1
0.10364006787800434,PC1
0.05618092397819982,PC1
-0.04294874600211074,PC1
0.034689326510878374,PC1
-0.14608134406232612,PC1
0.013607214011096753,PC1
0.22786579345634694,PC1
0.15450820849327082,PC1
0.09355521250913776,PC1
0.09984354796023062,PC1
-0.09039092164171297,PC1
-0.12697311028289365,PC1
-0.05773865911255471,PC1
0.05852133122055034,PC1
0.16643052719976542,PC1
0.08710793301710472,PC1
-0.30258044547875923,PC1
0.08941517688526993,PC1
0.14117362868513314,PC1
-0.22609960776707871,PC1
0.04958003351451184,PC1
0.003818890936898141,PC1
-0.08180706469325985,PC1
-0.05325582391450486,PC1
0.164362271060615,PC1
0.08994742757019208,PC1
0.07740852375196663,PC1
0.08840371445514113,PC1
-0.11562913028274462,PC1
-0.0424276814379433,PC1
0.009749500010979663,PC1
-0.09774679968723674,PC1
0.08474657240656015,PC1
0.15603686271096015,PC1
-0.13971218851808026,PC1
0.024643850110885594,PC1
0.09170255600043156,PC1
0.07605988608250097,PC1
0.05907855374405777,PC1
-0.04374241790714232,PC1
-0.00792761603393189,PC1
-0.08908808650855655,PC1
-0.07058109215571316,PC1
0.17928732480334236,PC1
0.17643665762130234,PC1
-0.1793704184006586,PC1
0.13291526348957283,PC1
-0.04365930356726757,PC1
-0.19936577819752518,PC1
-0.008726676431600012,PC1
0.11677086878688776,PC1
0.17486081960175154,PC1
0.09720190830573848,PC1
-0.09006183429286177,PC1
0.010306277477688166,PC1
0.09047662621509983,PC1
0.10543561130225229,PC1
0.011093713219748252,PC1
0.04007554268924622,PC1
0.1828514775995425,PC1
0.0456044979305312,PC1
-0.03655992530405038,PC1
0.04233660234396904,PC1
-0.021046755265858873,PC1
-0.04182018621993413,PC1
-0.08138366469036967,PC1
-0.034120150498170576,PC1
0.22621639077340244,PC1
0.04138309271101595,PC1
-0.038540545542869176,PC1
0.02219709654617309,PC1
-0.003724888475041684,PC1
0.08639700046770916,PC1
-0.09549809223319636,PC1
0.05389671227736162,PC1
1.1510813376863164e-4,PC1
0.03530170575845783,PC1
-0.07544052471738383,PC1
-0.06053608976070893,PC1
-0.0966086889918416,PC1
-0.0035271483353497522,PC1
-0.10048583574625326,PC1
0.12416714446534707,PC1
0.03326231609972469,PC1
-0.10198358944927105,PC1
0.19560064394684132,PC1
-0.11761215696489039,PC1
0.08064542722318781,PC1
-0.09992084223419634,PC1
0.05463204146985121,PC1
0.1347240751627839,PC1
-0.0053505448327457565,PC1
-0.1727633560067803,PC1
0.16566606571563283,PC1
0.005074978211235894,PC1
-0.060345057402275776,PC1
0.009224406102894933,PC1
0.12652914349049457,PC1
0.07915903040462423,PC1
-0.014435176576044845,PC1
-0.02965823398617421,PC1
-0.010535524216847187,PC1
0.07382643160340528,PC1
0.04205892438586816,PC1
0.1356356137352277,PC1
-0.04011955332028231,PC1
0.02948405997344807,PC1
0.08402327537167115,PC1
0.032091635000535246,PC1
0.15348176245788003,PC1
-0.043599959308659085,PC1
-0.07558361265045904,PC1
-0.08331046474802192,PC1
0.0527566239531413,PC1
-0.0016820381264582886,PC1
0.077173645033139393,PC1
0.014543794140608673,PC1
-0.04979255398783719,PC1
-0.1999135678335439,PC1
-0.16339769868168888,PC1
-0.08161369846601044,PC1
0.14173406352041681,PC1
-0.005815561820845942,PC1
-0.07527518418456829,PC1
-0.0454276136813594,PC1
0.06588062348795383,PC1
-0.054247097715872786,PC1
-0.20115967153829967,PC1
-0.057017031758609386,PC1
0.002934527720385119,PC1
-0.16469125771556864,PC1
0.011384048395143996,PC1
0.013465625321130378,PC1
0.04435990617965886,PC1
0.03730188103994425,PC1
0.19007542882498432,PC1
-0.09689619047967943,PC1
0.032015937712207856,PC1
0.13818605426734776,PC1
0.009259148359045608,PC1
-0.1097052649638735,PC1
0.019269106349575266,PC1
-0.0017084523276374233,PC1
0.08937531186643649,PC1
-0.14822484511333667,PC1
-0.01927334845095463,PC1
0.2096932524246414,PC1
-0.1355274144896904,PC1
0.03104899750973785,PC1
-0.07410408222510233,PC1
0.15485608460249745,PC1
-0.009147607887140183,PC1
0.04125902461264828,PC1
-0.05020962854884448,PC1
-0.12090282495123907,PC1
-0.06770310674350691,PC1
-0.09178368501947755,PC1
-0.021101539365539376,PC1
0.18129743239372728,PC1
0.06920548929623191,PC1
-0.12495714758387629,PC1
-0.00943209517277982,PC1
-0.0971178262300329,PC1
-0.22544332019271568,PC1
-0.0011990065702354863,PC1
-0.07277771433123771,PC1
-0.04271375507656757,PC1
0.22660483521441915,PC1
0.1774823272515048,PC1
0.055632226962798535,PC1
-0.10867123175212626,PC1
0.10062042986382193,PC1
0.08392493006460364,PC1
7.616523936676452e-4,PC1
0.06762843759577648,PC1
-0.06274942930408828,PC1
-0.14510336018434802,PC1
0.05235653471341391,PC1
0.024277666267789363,PC1
-0.10298267844782082,PC1
0.06545703430330567,PC1
-0.03740634946979786,PC1
0.14815701430463055,PC1
-0.07603373821791218,PC1
0.008720772758922586,PC1
0.09458822535911451,PC1
0.11789716241164006,PC1
-0.12075031498460503,PC1
0.04426293203116395,PC1
-0.2011573377296468,PC1
-0.03586363985871902,PC1
-0.06899779724921251,PC1
0.13804222523805446,PC1
-0.14821167102293792,PC1
0.003518670308319278,PC1
0.10326333769584502,PC1
-0.1638770218867683,PC1
-0.03406023187227967,PC1
0.03663603972269721,PC1
-0.10965870744857649,PC1
0.022030171438796854,PC1
0.08065969617419258,PC1
0.05072350155865165,PC1
-0.20224924531368052,PC1
-0.10138449070829632,PC1
-0.06547943835593899,PC1
0.08765669159067419,PC1
0.09580257176964643,PC1
-0.0898421364929144,PC1
-0.02438099276743808,PC1
0.13118805346339552,PC1
0.02456292536090745,PC1
-0.13827439718908274,PC1
0.10539586345338146,PC1
0.12049549227121045,PC1
0.1292743848102281,PC1
0.039145216870351725,PC1
0.19642619246918866,PC1
0.07224262498266297,PC1
0.0760739882950382,PC1
0.0386871663087482,PC1
-0.006453894674939911,PC1
-0.136994533311071,PC1
-0.07155262290987863,PC1
0.08531081579145065,PC1
0.127362821592149,PC1
-0.14523617882276788,PC1
0.02115642146216633,PC1
0.0846212270555275,PC1
-0.15595351940130267,PC1
0.07063701308490614,PC1
-0.03532586489174209,PC1
-0.10122763457915923,PC1
0.1189817774052041,PC1
-0.00324122971189454,PC1
0.011617001157231764,PC1
0.10580217002407677,PC1
0.02945030595601772,PC1
0.04878423230358928,PC1
-0.1097429116666294,PC1
-0.04224766789067089,PC1
-0.03709025979138217,PC1
-0.07294495975170144,PC1
-0.030279002291153587,PC1
-0.15462538196120934,PC1
0.016327505539186007,PC1
-0.12134837712779453,PC1
-0.019457236785447855,PC1
-0.07805824360619183,PC1
0.08110488951645078,PC1
-0.24420269876271516,PC1
0.13235977468229723,PC1
-0.036159280251421455,PC1
-0.1349445801801447,PC1
0.06369095205527904,PC1
0.045692602804790365,PC1
-0.026122032250683543,PC1
0.163855825394706,PC1
-0.10265820262011838,PC1
-0.06372815195237648,PC1
-0.19085770801989027,PC1
-0.013774861535425661,PC1
-0.011730409891173486,PC1
-0.05639458604882773,PC1
-0.061120327912592746,PC1
0.027281388708719392,PC1
0.05395579409356738,PC1
0.06313012048778913,PC1
0.12597052481744986,PC1
-0.049405584385988674,PC1
0.01589170532923114,PC1
-0.0366534297865166,PC1
-0.030263725437652128,PC1
0.02784399248688415,PC1
0.11519464594254267,PC1
0.11856926624722736,PC1
0.054940663871419104,PC1
-0.15699112759330724,PC1
0.0693842062938023,PC1
-0.0933779364284154,PC1
0.021275379501678356,PC1
-0.023813386311016184,PC1
-0.05549476967035094,PC1
0.004614782014873274,PC1
0.03596654728143787,PC1
-0.16477990200128728,PC1
-0.09750502080685683,PC1
-0.11884885215555976,PC1
-0.01621972969398352,PC1
0.03947298219543977,PC1
-0.09275632772086428,PC1
-0.01767553973112001,PC1
0.04002987150493752,PC1
-0.22181720198479657,PC1
0.05483313316385034,PC1
-0.04365930356726757,PC1
-0.007747228069644476,PC1
-0.02092897645780096,PC1
0.019783432566400236,PC1
0.1098488383463653,PC1
-0.014592892756639848,PC1
-0.0490778568292276,PC1
-0.15432494096458635,PC1
-0.13644442079093438,PC1
-0.06303067450871913,PC1
0.132732786224576,PC1
0.02207133918079883,PC1
0.06235532766063997,PC1
0.12327895471006203,PC1
-0.012084734072624153,PC1
-0.0018653548228512035,PC1
0.02806622400855349,PC1
-0.14461432195093374,PC1
0.03993630147764723,PC1
-0.03462732679090924,PC1
-0.09467286855759302,PC1
-0.02425906908071297,PC1
0.047835524222885666,PC1
0.015196461922478456,PC1
0.02093672665012767,PC1
0.056388706746490706,PC1
0.09550180839466868,PC1
-0.08786332480769077,PC1
-0.009705852241490908,PC1
-0.047519195040780546,PC1
0.07432092234351959,PC1
-0.11097029630501862,PC1
0.06087439012317897,PC1
0.09523196848090018,PC1
0.00360332572644409,PC1
-0.06429496229399967,PC1
0.19616613096418223,PC1
0.10915514877853685,PC1
0.004230970083662038,PC1
0.03311426464107531,PC1
-0.13053424533561753,PC1
-0.10604900129306326,PC1
0.11341505935604934,PC1
0.053668676529316915,PC1
-0.3083649813565141,PC1
-0.10905599228642276,PC1
-0.0911728043916127,PC1
-0.009753505071043563,PC1
-0.0076332999276999824,PC1
-0.07154795051334026,PC1
-0.11228322723261261,PC1
0.17082325894716358,PC1
-0.025529893255374685,PC1
0.1773373410795541,PC1
-0.056437330326915426,PC1
0.1925752145552735,PC1
-0.03952790375140171,PC1
-0.005468073341805962,PC1
-0.12489666225608723,PC1
0.018778923681755738,PC1
-0.03844334074683729,PC1
0.3606904954140467,PC1
0.07318871303162743,PC1
-0.08438570231334619,PC1
-0.14179884672074042,PC1
-0.009865901459505359,PC1
0.0419486454785332,PC1
-0.07754763804030541,PC1
0.040291197430665344,PC1
0.13481307293808487,PC1
0.024224574272435174,PC1
0.04136379161713612,PC1
-0.07236625275488828,PC1
0.2669708571748344,PC1
0.10178276907153597,PC1
-0.0897736716306166,PC1
0.12138385308639396,PC1
-0.059868526673027056,PC1
0.01677332466926169,PC1
0.32581039736508904,PC1
0.10015249697742618,PC1
0.11970841771932178,PC1
-0.04430611825527054,PC1
0.04775819744320506,PC1
0.24822325566874728,PC1
0.05375905269988976,PC1
0.14997413185302494,PC1
0.10814649653047326,PC1
0.11486397997276389,PC1
0.15733074922493517,PC1
-0.04550529560160149,PC1
-0.01072509687514211,PC1
-0.07225288836379795,PC1
0.07882243007659817,PC1
0.10419941499791932,PC1
-0.10362220980907957,PC1
0.09628657829676349,PC1
-0.07404701504218472,PC1
-0.03833993286573827,PC1
0.08188307220327712,PC1
0.06516981742546182,PC1
8.260463982240219e-4,PC1
-0.20414800690795962,PC1
-0.04847696630462908,PC1
0.10051992046835487,PC1
0.07574798006234952,PC1
-0.015615787840330691,PC1
-0.10284222165752643,PC1
0.13957722918444382,PC1
0.03212078641415709,PC1
0.06516352229220625,PC1
0.10683841037991212,PC1
0.013093383312635369,PC1
0.08759429437387085,PC1
0.07843282613986591,PC1
-0.11112297436438562,PC1
0.065862600575972,PC1
-0.07410236914945154,PC1
-0.02001653099268689,PC1
-0.006158912661287888,PC1
0.10878504247177449,PC1
-0.1126993081741452,PC1
0.11747596181994097,PC1
-0.04986879607679742,PC1
0.08352397798411361,PC1
-0.04731609691754772,PC1
-0.12808077766389803,PC1
0.06455934636542772,PC1
0.08389073188654092,PC1
-0.11008926480847495,PC1
-0.05896264764157853,PC1
0.09165117593341365,PC1
0.10976315224511685,PC1
-0.16316161228989237,PC1
-0.07232534138090198,PC1
0.11406717210746475,PC1
0.07810267605081338,PC1
-0.16044376148817452,PC1
-0.031542455546193296,PC1
0.05038734063499094,PC1
-0.017781712232181897,PC1
0.03720249359609055,PC1
-0.0024995828669478848,PC1
0.04199559810276576,PC1
-0.08035800934866341,PC1
0.037447113836910406,PC1
-0.08054390998008366,PC1
-0.1758102659177038,PC1
0.09487408777296183,PC1
-0.10195722132767401,PC1
0.13444402731382316,PC1
0.29916338567992096,PC1
0.11222516219252615,PC1
0.05021948351275274,PC1
-0.05280933673426722,PC1
0.10253059535931512,PC1
-0.1295527506184352,PC1
0.020053181098794337,PC1
0.08305313652818722,PC1
-0.11217969947528504,PC1
-0.16490447002642594,PC1
0.029324029429733153,PC1
0.03737102917018071,PC1
-0.11304534112309907,PC1
0.11274733473448471,PC1
0.005892396476885702,PC1
-0.17200345854713264,PC1
-0.16384429732284203,PC1
-0.14440617073361053,PC1
-0.16477990200128728,PC1
0.16509125045139172,PC1
0.1040646965231708,PC1
0.11133630647335807,PC1
-0.06001078773728351,PC1
0.1041016604950347,PC1
-0.1445903801507039,PC1
0.13049803957624712,PC1
0.18298542161440717,PC1
0.07406691383274962,PC1
-0.2948758250479341,PC1
-0.04279234484462467,PC1
-0.08231824695903131,PC1
0.05061953783568686,PC1
-0.11520546103586161,PC1
-0.0494834084516488,PC1
-0.10034523658849523,PC1
-0.038275153749734954,PC1
-0.04499104608258403,PC1
-0.11627267456732575,PC1
0.017056416639053135,PC1
-0.009378823548741231,PC1
-0.08888871705348234,PC1
0.05264867365564916,PC1
-0.013551173216677374,PC1
-0.08007914391574857,PC1
0.017172751287806536,PC1
-0.12949800710101422,PC1
-0.13078737111022312,PC1
-0.10134356828794058,PC1
0.049999520800800265,PC1
-0.06788877133913784,PC1
-0.08331366283063767,PC1
0.1046095780488264,PC1
-0.024005101376388387,PC1
-0.05829210040063756,PC1
0.1168175971931292,PC1
0.08830567313409202,PC1
-0.039186578561232116,PC1
0.002859237300656625,PC1
-0.10762868546245245,PC1
-0.17668890935897547,PC1
0.06375869903707254,PC1
-0.11710901397915639,PC1
-0.10208891897340833,PC1
-0.04002287931183192,PC1
-5.318084429878096e-4,PC1
0.05576595969054464,PC1
0.11294452749030834,PC1
0.21665732681434646,PC1
-0.07591361555941623,PC1
-0.1717750983451392,PC1
-0.07012896630049005,PC1
0.01880678966297366,PC1
0.11829887541035004,PC1
0.16132281831384315,PC1
0.041337846627761306,PC1
0.02547874482442119,PC1
0.17659063183631193,PC1
-0.025784931770335487,PC1
0.10954956563398116,PC1
-0.02200418673032475,PC1
-0.07618135162907808,PC1
0.13675873743484623,PC1
0.18117378989645325,PC1
0.09426811050182535,PC1
0.03703800872599068,PC1
0.20129286962722948,PC1
-0.0441596271510032,PC1
0.12266325161192115,PC1
0.08035975340581508,PC1
0.08230483865503971,PC1
-0.00350559377909556,PC1
-0.19215798522054528,PC1
-0.07844202633831196,PC1
0.14824390953227726,PC1
0.10004255617532992,PC1
-0.02901078714850061,PC1
0.08368389104603129,PC1
-0.02074630971620653,PC1
-0.030223452638293243,PC1
-0.07738420713652301,PC1
0.049012654363806064,PC1
-0.16230608469112115,PC1
-0.04557189815831745,PC1
-0.05426187542983283,PC1
-0.09911581279316997,PC1
0.08204991883602643,PC1
-0.1281497517493976,PC1
0.0764565558458423,PC1
0.1276393209204499,PC1
0.19904902263221522,PC1
-0.13338140355161723,PC1
-0.016568421631912963,PC1
0.07306951648796567,PC1
0.061751667057989755,PC1
0.002038376136962894,PC1
0.06482493882134169,PC1
0.1304549708044075,PC1
0.1250956381390768,PC1
-0.07862771595034732,PC1
-0.03139368408356461,PC1
-0.18233392690838196,PC1
0.057337679920948285,PC1
0.00841520194056577,PC1
0.02032388541670411,PC1
-0.13170990912866298,PC1
0.05502661412693471,PC1
0.11188472933462867,PC1
-0.047101741690783266,PC1
0.18646347325608117,PC1
0.21411665920446454,PC1
0.04053781310713722,PC1
0.06957077058132866,PC1
0.05599502808209707,PC1
-0.20777226189058876,PC1
-0.15360155714330326,PC1
-0.11469833807882657,PC1
0.04271807514216958,PC1
0.005219313991448732,PC1
0.021412955196646606,PC1
-0.019409075053567586,PC1
0.07816278015926709,PC1
0.20785029926336285,PC1
0.021779057891466225,PC1
-0.025286406844411552,PC1
0.17488656806290784,PC1
0.0481356333256108,PC1
0.07446352518295515,PC1
-0.0023031118956082248,PC1
0.032162730382378366,PC1
-0.08904975477139493,PC1
0.16399741895289013,PC1
0.03291428749573879,PC1
0.12326163585883973,PC1
0.0015232528421696171,PC1
-0.0408605115265365,PC1
-0.05031587380402924,PC1
-0.16036786902144445,PC1
-0.06596694165909511,PC1
0.0075905845770057705,PC1
0.032132028372723144,PC1
-0.07462635515201849,PC1
0.06165617380733868,PC1
-0.05282784574472547,PC1
0.15880011586058435,PC1
-0.03180761293010159,PC1
-0.010212398541625603,PC1
-0.04900428856670388,PC1
0.09037595339317561,PC1
0.18781795740170687,PC1
-0.03483402043515278,PC1
-0.04778835045692064,PC1
0.21925348568698863,PC1
0.05407444759762968,PC1
-0.17087757562571965,PC1
-0.022000073372748924,PC1
0.10899901224665905,PC1
-0.13065163899202317,PC1
0.09773514185270521,PC1
-0.02668249835383138,PC1
-0.004223836912260661,PC1
-0.1882930334150924,PC1
0.20124279594956987,PC1
-0.19162908297241377,PC1
0.05027865339944469,PC1
-0.1918077618617862,PC1
0.10005516400077422,PC1
0.15070354960894308,PC1
-0.08416007030716627,PC1
0.126704116218804,PC1
0.05109519342253188,PC1
-0.08340382982455569,PC1
-0.1346185610755801,PC1
-0.01674685630686768,PC1
0.07650855650937222,PC1
0.017315867501405464,PC1
0.2623192897298026,PC1
-0.1730287245328866,PC1
-0.058351117429966154,PC1
-0.09106961212958044,PC1
0.008873968404937087,PC1
-0.017723571800538303,PC1
-0.14557727585857644,PC1
-0.049790601201981796,PC1
0.19652712968222538,PC1
0.16108970661004124,PC1
0.14919491049925074,PC1
-7.133180281304434e-4,PC1
-0.05313270338721241,PC1
-0.12939697775434963,PC1
0.013984129846546421,PC1
0.004530675408411462,PC1
-0.1184140199261885,PC1
-0.10017569379582678,PC1
0.00681118513386509,PC1
0.19759738096268362,PC1
-0.06770085974941643,PC1
0.126704116218804,PC1
-0.03228024303310454,PC1
-0.18994215007300422,PC1
0.0686785391576755,PC1
0.14730974967094984,PC1
0.21865067586046685,PC1
0.1291567297466329,PC1
-0.18041093660493313,PC1
-0.06395210866749765,PC1
0.05509815576818708,PC1
-0.04540919466962455,PC1
0.18470608784701656,PC1
0.011990306513373315,PC1
0.13405640359598114,PC1
0.008134367957491728,PC1
0.1869522696953836,PC1
-0.13029541924473584,PC1
-0.034378541551333644,PC1
-0.017918316477990987,PC1
-0.041118102251711884,PC1
0.17206478132516007,PC1
0.07750715174110204,PC1
0.026945252303182635,PC1
-0.013580249494392037,PC1
0.03398434909783284,PC1
-0.13673291595257414,PC1
-0.07507767196214914,PC1
0.0630321914826037,PC1
0.18428406282366006,PC1
-0.1308360315699328,PC1
0.16436786006564894,PC1
0.142977316957384,PC1
0.023573955757639833,PC1
-0.002677159830512487,PC1
0.024386765013703467,PC1
0.020023416184484465,PC1
0.03634704984763383,PC1
6.146612837117094e-5,PC1
0.008227059884051351,PC1
0.11232107118523726,PC1
-0.07151377242795375,PC1
0.08551211550148477,PC1
-0.13747768327444873,PC1
-0.05542614718487672,PC1
0.06861460341620151,PC1
-0.008856013296755932,PC1
0.07428003913900642,PC1
-0.13596785040675657,PC1
0.08211622716299993,PC1
-0.24556755395543423,PC1
0.16978553708739072,PC1
0.02358916189282618,PC1
-0.028493394339681427,PC1
-0.11144624809890108,PC1
-0.13726603063998133,PC1
-0.17880972867513187,PC1
0.14960800004317212,PC1
0.06588064235693922,PC1
-0.07053178097907731,PC1
0.1325662108822585,PC1
0.037462107898078995,PC1
-0.0016588712750314726,PC1
-0.09319643246152845,PC1
0.19247895762148912,PC1
0.16813111738104985,PC1
-0.029338990654028174,PC1
0.18646347325608117,PC1
-0.06898203628070518,PC1
0.16007429476124396,PC1
0.11711084683046014,PC1
-0.03645275918410737,PC1
-0.3242786770153439,PC1
0.03995391920368747,PC1
0.025832189476534092,PC1
0.04052487880488273,PC1
0.05030197864462658,PC1
0.0095183126040582,PC1
0.17527559911787488,PC1
-0.09352369208879627,PC1
-0.14080838435340948,PC1
-0.10268161516540827,PC1
0.036343435732215046,PC1
-0.23677036712232385,PC1
-0.07622402015274997,PC1
0.019936130199927907,PC1
-0.03692538617901643,PC1
-0.20234214797736835,PC1
-9.87730838546766e-4,PC1
-0.1695936542744902,PC1
-0.10901012441721294,PC1
-0.028171035214993312,PC1
0.004203085813287502,PC1
-0.1438480118970849,PC1
0.064727680401058,PC1
-0.1040749205765689,PC1
0.07454092613493339,PC1
0.008539188625715479,PC1
-0.0633822743889131,PC1
0.19194949182126594,PC1
-0.15121185488562153,PC1
0.116418775830752,PC1
-0.036837934570590064,PC1
-0.17795924923781203,PC1
0.220000319521767,PC1
-0.11352653435318869,PC1
-0.04566120656893775,PC1
0.13121331223442861,PC1
-0.06118493166484665,PC1
-0.051384500890996415,PC1
-0.16764805881970213,PC1
-0.00937841671227041,PC1
0.03396286849363234,PC1
0.03125032735882418,PC1
0.1947177036731406,PC1
-0.14819147732882054,PC1
0.04319834318493811,PC1
0.20328779733001323,PC1
0.06439800311579108,PC1
-0.014251785548874817,PC1
-0.15979915634030026,PC1
-0.17222370997337275,PC1
-0.12095925977983665,PC1
0.17433523708979562,PC1
-0.007486521869766629,PC1
-0.08907315940513967,PC1
0.03836076207895049,PC1
-0.042944949100213015,PC1
-0.03645869427555962,PC1
-0.12978235142167538,PC1
0.019496855893032492,PC1
0.03278058393872556,PC1
0.061161747977320456,PC1
-0.04692166753239496,PC1
0.022775359944291265,PC1
0.006573067397510403,PC1
0.04935328967715356,PC1
0.001632806143227257,PC1
-0.10411434397885166,PC1
0.025735956804975296,PC1
0.02249991192563082,PC1
0.1156165513852489,PC1
0.11625336164050272,PC1
0.08453491051274346,PC1
0.03592689740389565,PC1
-0.08420490288877794,PC1
0.040115356028414116,PC1
0.07052563519214264,PC1
-0.05800609884921845,PC1
0.06027951156180504,PC1
0.11446102732022712,PC1
0.0959361906808246,PC1
0.20180182845131095,PC1
-0.03706810419302643,PC1
0.12191273546827006,PC1
0.08010600576373145,PC1
0.13040853037432423,PC1
0.014379290353065455,PC1
-0.015189530493722896,PC1
0.027874517661441327,PC1
-0.15128269490890317,PC1
-0.11807470035460033,PC1
0.03985721054435629,PC1
0.02848842892581185,PC1
0.03207465871577799,PC1
-0.033953592111492216,PC1
0.1378423239381792,PC1
-0.028294642832477797,PC1
-0.07031482053989654,PC1
0.17222758424484763,PC1
-0.030387660305096195,PC1
-0.1544280697646776,PC1
0.02284073940153101,PC1
-0.05545507482229179,PC1
-0.0012501443337616241,PC1
-0.04591929090216489,PC1
-0.020455177483840552,PC1
-0.015047965820513189,PC1
0.09357279926749032,PC1
-0.17393863947835692,PC1
0.20720313928626205,PC1
0.12933026949593787,PC1
-0.11092748949859198,PC1
-0.03862779319963641,PC1
-0.08507297487140321,PC1
-0.07503807138801417,PC1
-0.14652503200300804,PC1
-0.06965705558939661,PC1
-0.09816583672095501,PC1
-0.014935424983838527,PC1
0.0733445546597113,PC1
0.04835487938203669,PC1
0.13143295163337526,PC1
0.004181558695690271,PC1
-0.1640504048361737,PC1
-0.06375221717137156,PC1
-0.010195093434443615,PC1
0.10678682177743468,PC1
0.030677122060762937,PC1
-0.059747769172645265,PC1
0.11643234305731426,PC1
-0.08996549714721816,PC1
-0.027117035955943163,PC1
0.012822890235198902,PC1
0.09967980451989278,PC1
0.11906596523113963,PC1
0.19949706968091768,PC1
0.13648006677807092,PC1
-0.01854327232988228,PC1
0.13038578473694057,PC1
-0.04031068838775728,PC1
0.11345298325520534,PC1
-0.08258915518066287,PC1
0.05320802725526598,PC1
0.12403642444473299,PC1
0.04751121243097585,PC1
-3.394177545820807e-4,PC1
0.07229507347657364,PC1
0.024263385596106562,PC1
0.1539454162435247,PC1
-0.066966586084468,PC1
0.10757323442921357,PC1
0.2338210277905089,PC1
0.046417968495049686,PC1
-0.04261179343636303,PC1
-0.08127869785895807,PC1
0.09482208860638557,PC1
-0.0896171132206853,PC1
-0.13347309817586825,PC1
0.030899507495112763,PC1
-0.026039814454292327,PC1
-0.010503856967701813,PC1
0.005462681904335118,PC1
-0.051810755273403765,PC1
0.009656457654224175,PC1
-0.004179270510065315,PC1
-0.0520900622034323,PC1
0.16685742900930212,PC1
0.16694660961959717,PC1
0.044684171864001226,PC1
0.030704383541654282,PC1
0.017693883739656552,PC1
-0.04423989756641743,PC1
-0.10030353434804089,PC1
-0.11574211296048484,PC1
0.05478891182803291,PC1
7.145564188592857e-4,PC1
-0.06279060963502604,PC1
-0.013983044230672575,PC1
-0.06046374567864869,PC1
-0.09085599778218162,PC1
0.027210678735012282,PC1
0.020111295273367316,PC1
0.1921196446184026,PC1
0.03897089757685345,PC1
0.03232819010562882,PC1
-0.02425005367781318,PC1
-0.026991566449088972,PC1
-0.11562213916393176,PC1
-0.055043494702483195,PC1
-0.007569866684995454,PC1
0.08884587266651495,PC1
0.082214527140962,PC1
-0.10270497262826013,PC1
-0.004507612339705647,PC1
0.09283249931300391,PC1
0.005403743181585666,PC1
0.06583877070775651,PC1
0.11738540115501579,PC1
-3.7916584910666074e-4,PC1
-0.15193636854232687,PC1
-0.12705286458584095,PC1
0.028402629239323678,PC1
-0.11832244735097425,PC1
0.01939526350291511,PC1
0.04956019754836587,PC1
0.07586737927524254,PC1
0.08899343702760487,PC1
0.010121120611407637,PC1
-0.0962496707354621,PC1
0.06261058334870902,PC1
0.061993379161728056,PC1
0.11184152208672546,PC1
0.0052595184369990805,PC1
-0.01936415797423699,PC1
-0.006258549300399426,PC1
-0.10856946026053847,PC1
0.10190171453940683,PC1
0.1569662809857567,PC1
0.11091695431013276,PC1
0.12567838002188722,PC1
0.18152250915066812,PC1
-0.03869909803185825,PC1
-0.17430639139305767,PC1
0.03222915582292067,PC1
-0.1070390886539643,PC1
0.1432594416396048,PC1
-0.15859719551001367,PC1
-0.0240104579593543,PC1
-0.16760505050798688,PC1
0.013308327127458344,PC1
-0.0494659964683936,PC1
-0.0960851592107161,PC1
-0.07466508924017287,PC1
-0.10839546053694304,PC1
0.034846177185532595,PC1
-0.017311925368865125,PC1
-0.046656492741768626,PC1
-0.025053008837875597,PC1
0.0042353496744208,PC1
-7.187500909983796e-5,PC1
-0.1918077618617862,PC1
-0.030976895355774907,PC1
-0.09696446163283835,PC1
-0.032506209389735724,PC1
0.012327723146151704,PC1
-0.051189118518853584,PC1
0.024041670287635368,PC1
-0.3790656787469882,PC1
0.00709473278917068,PC1
0.24085740309636047,PC1
-0.07468079545838224,PC1
0.035846381829144396,PC1
0.04337023634954816,PC1
-0.16833923841967172,PC1
-0.07707149259309592,PC1
0.06237512542766688,PC1
-0.08258518719315508,PC1
