bg,Model
0.00533410504506396,C1
0.001646977830359081,C1
-0.041992727615924874,C1
0.03756483260982414,C1
0.013462913986750799,C1
0.022104735604714695,C1
-0.024357000225572197,C1
0.003482790153000348,C1
-0.002750230834617301,C1
0.009752253684039772,C1
0.03589100278354097,C1
0.025059975650388092,C1
-0.010796084012784948,C1
-1.1362964991127981e-4,C1
0.01268199676128165,C1
0.013848401992225017,C1
0.013745753617486131,C1
0.025771554293011475,C1
0.0025781387751912526,C1
0.05002685819476133,C1
0.03160101155759473,C1
0.01057704706808078,C1
0.006560612794183827,C1
0.03318220216141461,C1
0.02423947742968532,C1
0.0168651836986085,C1
0.01756467357232441,C1
-0.021990257087624893,C1
-0.00733779983978315,C1
0.01872753547577777,C1
0.042732261422948774,C1
-8.649992245907084e-4,C1
-0.0030471442150298185,C1
0.017733934290142264,C1
0.02355608129820759,C1
0.020351527061679857,C1
-0.0013723681912074072,C1
-0.005744409921132508,C1
0.021068174265497085,C1
0.0352797253579074,C1
0.001812300304504192,C1
-0.024303314827067483,C1
-0.0016946081404541737,C1
-0.00675459746461341,C1
0.022141344265803303,C1
-0.0077809165819616765,C1
-0.034730114141245966,C1
-0.0083051527124033,C1
-0.012773394152839493,C1
0.03358366131831894,C1
-0.010345785598253386,C1
-3.7333357837317357e-4,C1
-0.007259507657799324,C1
0.014790594080327187,C1
0.012545246216015323,C1
-0.011185717286256277,C1
0.02408988048301863,C1
-0.027500057671840463,C1
-0.014133118494100417,C1
0.03735331108721324,C1
0.01259344103009913,C1
-0.01671205516286267,C1
-0.01899154462420947,C1
0.02313598760765825,C1
0.017065571210331903,C1
6.459038876193606e-5,C1
0.02024040483411858,C1
0.03316077358007628,C1
0.0073241529601533635,C1
0.015029841941500489,C1
0.017958173470366063,C1
0.013878731349617777,C1
0.0186816148432062,C1
0.02168066980961116,C1
-0.019420582564931156,C1
0.045274547217445615,C1
0.020766158201325373,C1
-0.012843300189415485,C1
-0.04721627229428503,C1
0.03371740792267303,C1
0.024917872872713805,C1
-0.008404531779764654,C1
0.020492933535754054,C1
0.025116282411824786,C1
0.005136525797167758,C1
0.024191314759018548,C1
0.030639161326245015,C1
0.02579209307130841,C1
-0.005341368091320629,C1
0.0012364912347315425,C1
0.012079051849558677,C1
0.005563378355809409,C1
0.027238110332872118,C1
-0.030833034862379333,C1
0.012977366571838938,C1
0.03528259597549981,C1
-0.00945585490765631,C1
-0.0061415820280347295,C1
0.005565638298800765,C1
0.011197290322297278,C1
0.02578396446431821,C1
0.01350234001330068,C1
-0.005924410838119185,C1
0.004513145168349004,C1
0.028293382141861053,C1
0.017035371033678085,C1
-0.008292000788820818,C1
0.012254205982506676,C1
0.008508867445552386,C1
-2.5003829859049885e-4,C1
0.011861323574671921,C1
-0.022727295153558813,C1
0.026528035815112053,C1
0.020671850078722756,C1
0.03549293219491619,C1
-0.0053018723227730045,C1
0.024562037829647786,C1
0.0015754481849896427,C1
0.02138831501178346,C1
0.014485839923376848,C1
0.025072180719504445,C1
0.008205558613516902,C1
-0.011117291370405513,C1
0.014220239685489843,C1
-0.028283968225589994,C1
-0.01540694702466506,C1
0.030659925720409875,C1
0.015517518957704063,C1
0.008945379020165482,C1
0.024514563561312267,C1
0.025268882905750578,C1
0.015388510849000432,C1
0.007154735371453894,C1
-6.748369148167507e-4,C1
-0.014321366874660287,C1
0.020321072260250164,C1
0.022228996784250922,C1
-0.00716520357475978,C1
-0.004248874364788343,C1
-0.014704926063526896,C1
0.02541539688295549,C1
0.02504631353070498,C1
-0.0023003797460862956,C1
0.004344846155310665,C1
-0.009684971184078177,C1
0.02698355480531736,C1
0.020119677474934622,C1
0.013738129512504686,C1
0.011807790315256682,C1
0.003927014310549887,C1
0.01016186109764996,C1
0.02268264399498684,C1
0.01702809662048444,C1
0.03261626678880353,C1
0.013112225945695399,C1
-0.008710152295661923,C1
-0.02133383547085734,C1
-0.023701167309060217,C1
0.018393391433826616,C1
0.01105288051507971,C1
0.015737827724770878,C1
-0.006951354392185917,C1
0.01416213223010115,C1
0.025303129696453763,C1
-0.005689330182082302,C1
-0.0019818844003644705,C1
0.022989630321826923,C1
0.021924456071632712,C1
0.003402041918175168,C1
0.0030607967360343656,C1
-0.015652206218040473,C1
-0.0013633803183056557,C1
0.040248216968234315,C1
-0.011285922292131928,C1
0.003946488588107694,C1
0.00396388455648047,C1
-0.009372585888179946,C1
0.021660461260562078,C1
0.022104735604714695,C1
0.00534394185987882,C1
-0.029132270037270536,C1
0.004698254386737179,C1
0.024889811144794646,C1
-0.013438874327290606,C1
-6.529948767219317e-4,C1
-0.003675493939710388,C1
0.0013531380599784851,C1
-0.019365420560632826,C1
2.5284806081707356e-4,C1
-0.011847407822145113,C1
-0.008725652109486063,C1
0.015029841941500489,C1
0.038352950701009816,C1
-0.003332261996693642,C1
0.054399983399467736,C1
0.025021794248583577,C1
0.0063817748338311844,C1
0.030425323210867914,C1
0.022285660077280396,C1
-0.02481355749751801,C1
0.02177052754476306,C1
2.6198315059674203e-4,C1
0.007746741969363151,C1
0.020887113583904594,C1
-0.015623449898833719,C1
-0.003019927825418312,C1
0.006696735985200423,C1
0.010723235098837552,C1
0.004645481704982442,C1
0.03809972210959613,C1
0.03318030526493876,C1
-0.015779679402697235,C1
0.009549721398027514,C1
-0.012192548608223766,C1
-0.010938445011042415,C1
8.80222125389696e-4,C1
0.006445609520129375,C1
0.02127079402693787,C1
0.01568898282539246,C1
0.0032216254446564762,C1
-0.003019927825418312,C1
-0.010678461251345807,C1
0.02270241616415031,C1
0.009506787986534279,C1
0.008921472089541162,C1
0.0040152688699204245,C1
0.036958101702488144,C1
0.030272625624680333,C1
0.010790076163590291,C1
0.013023299343420195,C1
0.03376736659558368,C1
0.0037546891826667843,C1
0.02673587051548839,C1
0.023642761712782824,C1
9.721398039290417e-4,C1
0.007890197449861268,C1
0.02490873090766463,C1
-0.0026038960314500067,C1
9.744838481408171e-4,C1
0.010801124189549344,C1
0.02423466022830118,C1
0.026188197685293298,C1
0.006323952342665301,C1
-0.013217474307971187,C1
0.02538245548343394,C1
0.03477067713256759,C1
-0.023508132276559773,C1
0.030318517253674203,C1
-0.006427366591199513,C1
-0.004387768690756914,C1
0.01345114511227083,C1
0.017334441809567565,C1
0.014273952688161964,C1
0.0019561604365809357,C1
-0.005165426677936269,C1
-0.010883883111662572,C1
0.019456541945665727,C1
0.02294377810683934,C1
-0.001855584273682937,C1
0.008124852656157366,C1
0.014124300403240433,C1
0.002726511238606115,C1
0.010087192113244825,C1
-0.014683413778090583,C1
-0.0031699414805201106,C1
-0.0013008169030291703,C1
0.025727258229143124,C1
-0.002127475695794974,C1
0.008048277444918223,C1
0.011459159013928293,C1
0.03227407622721983,C1
0.00674958176419347,C1
-0.01977240830877128,C1
-0.010434055827743486,C1
0.03593248790788431,C1
-0.001116780399168018,C1
0.027335753962997807,C1
-0.01252375165843531,C1
0.00981423632471723,C1
0.02694933385202672,C1
0.011474528492509333,C1
0.009645275840100043,C1
-0.017883885053078974,C1
-0.027696824088705906,C1
1.7584961424109077e-4,C1
0.004395339176781619,C1
0.0302608547377968,C1
0.026593740859337973,C1
0.023805627293214334,C1
0.010816936896143627,C1
-0.006898803423976436,C1
0.01926041911651087,C1
0.010004488459890788,C1
0.0049821633088512505,C1
-0.004908971907141447,C1
-0.028058719234429236,C1
-1.551173806958947e-4,C1
0.030903519907520473,C1
-0.018207594648942935,C1
0.007449550949976402,C1
-0.0301784233791587,C1
0.0021119944898419438,C1
0.012731539196499036,C1
0.0028050000576189046,C1
0.02571552171372256,C1
0.03917061661545382,C1
0.003954361632807393,C1
0.012587642994100274,C1
0.0011779329806285224,C1
0.008619562513037542,C1
-0.014550265762667056,C1
0.00939089040974385,C1
0.018862882615766158,C1
-0.018686938798279592,C1
0.021812890145368,C1
0.01785976766389002,C1
0.018188370201918446,C1
0.010961714410679634,C1
0.010426065056243678,C1
0.0025684395087347653,C1
0.0015320606865844612,C1
-0.021134166569823386,C1
-0.022412026472272473,C1
0.002085702676470161,C1
0.027750298160739137,C1
0.012486335744183969,C1
-0.0025549602285740085,C1
0.010124699572154634,C1
-0.0031522973675809285,C1
0.015477227287367328,C1
0.008543653066929797,C1
1.9997845026380277e-4,C1
0.01912033232659805,C1
0.025856971292608284,C1
-0.030071703988822463,C1
0.03614061534671664,C1
0.019702711186599338,C1
-0.017524285828965654,C1
-0.033181913812558736,C1
-0.004718491184884176,C1
0.009400496111279553,C1
0.04024226430720173,C1
-0.016840593498656038,C1
0.019292296208123793,C1
0.009848171301656666,C1
0.014337524040225218,C1
0.012055138851787349,C1
0.004953381137754993,C1
0.016818827283182344,C1
0.00991013982977899,C1
0.014772215483881085,C1
-0.00892913739583028,C1
0.00475618797278317,C1
0.024953547910773102,C1
-0.0029492093212215974,C1
-0.012669867843033061,C1
0.010711277898803518,C1
0.0012133561875845825,C1
-0.027538189339108225,C1
-0.01758457559783672,C1
0.01719456097589113,C1
-0.007250051327696103,C1
0.019848245771813527,C1
0.02456588157557046,C1
4.209046813940893e-4,C1
0.0024192579831161607,C1
0.030485253963649345,C1
0.04777601589508691,C1
0.031468337580544445,C1
-0.02277280675419238,C1
0.008734315032064073,C1
-0.015994091666082105,C1
0.029351392837901506,C1
0.0022897152262073735,C1
0.016015971715819585,C1
0.01277671629160386,C1
0.0056240090354772974,C1
-0.013191647032514924,C1
-0.013890326127445876,C1
0.005697292389201012,C1
0.007696328533577849,C1
-0.01648486364783394,C1
-0.013257257156393285,C1
0.030799963870047103,C1
0.006243664947794825,C1
0.0024717320241186315,C1
0.016716548510839733,C1
3.9842405521727745e-5,C1
0.015944556046619797,C1
-0.007469392337440908,C1
-0.0162931429663202,C1
0.017850128310487615,C1
-0.0067976812075386545,C1
0.029379316307332468,C1
-0.0019467597328214114,C1
-0.008041430819076437,C1
-0.010955763376956707,C1
0.018848313590904834,C1
-0.02013377799124011,C1
3.0644629041102697e-4,C1
0.014372653654216031,C1
0.007753519488405256,C1
0.0021086773559127157,C1
-0.009464076590978216,C1
0.01620916218844458,C1
0.04337669931730063,C1
0.008772066294536746,C1
0.018618381681212548,C1
0.011136904167527256,C1
-6.472226710100195e-4,C1
0.007690684446018489,C1
0.008505647275081102,C1
-0.015910372204714092,C1
0.04525627780594752,C1
-0.01595199498880382,C1
0.01895880173220099,C1
0.02091309099737862,C1
0.011329524734816413,C1
-0.017956293682047098,C1
0.006632716303142126,C1
0.007980155204249537,C1
-0.0065947348619330316,C1
-0.006380137943979284,C1
-0.007967142782321199,C1
0.022951521531842836,C1
0.013252727782908329,C1
-0.004961706645522314,C1
0.009934523673001922,C1
0.0035001884319905835,C1
0.022891790244881676,C1
-0.007831351619280912,C1
0.0016200429288168536,C1
0.005704234069204273,C1
0.0022049106805819316,C1
0.033579459437574344,C1
0.010303950619489122,C1
-0.021141041483507303,C1
0.028969669185190748,C1
0.007611290539532287,C1
0.024586694615827905,C1
0.004085965687921349,C1
0.027089572865976602,C1
-0.007920714640936268,C1
0.006123794525868446,C1
0.011830484782403743,C1
0.0039802744551582815,C1
0.013505499744949353,C1
-0.0014996182003343076,C1
0.003967476254924404,C1
0.0058415900674371486,C1
0.01670156952163699,C1
0.0028750953332775976,C1
0.03301037947877522,C1
0.019659137090600236,C1
-0.009724664419145733,C1
0.009823025018169689,C1
-0.02920436817013845,C1
0.002842617273563444,C1
0.030282286545952546,C1
0.0012807629054289462,C1
0.01990421019023019,C1
-0.0066660120705392,C1
-0.015387105567338109,C1
0.026285201460959605,C1
1.347827397656944e-5,C1
0.01939111082647298,C1
0.018194204206906414,C1
-0.02128439542781835,C1
0.02327035809368093,C1
0.021455563659978187,C1
-0.0028041886168846068,C1
-0.023801809062968637,C1
-0.02136084444082906,C1
0.026600178206044305,C1
-0.005269279444101582,C1
0.02077522431842304,C1
0.018384393248842605,C1
0.028996392215125073,C1
-0.01664993996514179,C1
0.030199830350171826,C1
0.023809014807861996,C1
-0.009098519321308444,C1
0.036775732141531146,C1
0.012809690154191004,C1
-0.020707988404057985,C1
0.0034683801449721012,C1
-0.015198699146569086,C1
0.02088175063776075,C1
-0.00263752241533588,C1
0.009651316943838391,C1
0.030570594069507413,C1
0.011547692258938569,C1
-0.006383331558267999,C1
0.014244878112223263,C1
0.00686692746688874,C1
0.005704981419465757,C1
0.00251972405243708,C1
0.025273043598727653,C1
0.030753337464426732,C1
0.004932460946538358,C1
0.01107027621522052,C1
0.014643264939834567,C1
-0.003965265190299189,C1
0.007487791181046057,C1
0.012907884072727608,C1
0.03409085250474644,C1
-0.011914674101583284,C1
0.009018878063711391,C1
0.006760114386818628,C1
-0.023345549138317663,C1
0.022683436945394837,C1
0.019473175816082523,C1
0.026512976434362703,C1
0.012981908472500827,C1
0.017496500103336168,C1
0.007360162997682837,C1
0.029298727065986126,C1
-0.010011097424633927,C1
0.014261376747310026,C1
-0.008015827592067664,C1
0.01772103068631031,C1
-0.012145784078481686,C1
-0.02292787104832276,C1
0.009702935897422951,C1
0.027951843568798485,C1
0.03338888827240431,C1
-0.0053873911127533276,C1
-0.012829104218110867,C1
0.03648102092836098,C1
0.013723180846204058,C1
0.015576800730960964,C1
0.0284760959074995,C1
-6.489118185486979e-4,C1
-0.01871401688591513,C1
0.0025299818744722764,C1
0.004649224399473337,C1
0.024797326547653077,C1
0.004621610297449929,C1
0.001163226990790433,C1
0.020195566531246434,C1
0.003913436335195348,C1
0.014485678456254193,C1
-0.01164051792101747,C1
0.019024408988200837,C1
0.009345729857077285,C1
0.015651565628241312,C1
0.008109849847431197,C1
0.0033555066337646756,C1
0.0055777889293152525,C1
0.012015730482353767,C1
0.02451419515651007,C1
-0.006064390481825709,C1
-0.003098815148568864,C1
0.0026813897391295177,C1
0.008853664570932259,C1
0.014211801930457867,C1
-0.002126502629249613,C1
0.01213179350570735,C1
0.038973221988225545,C1
-0.0026986806250856267,C1
-0.0030391210229960587,C1
-0.007225434433308229,C1
0.030792486994500684,C1
0.012241202013412368,C1
-0.0066214822995338315,C1
0.00986853146133172,C1
0.015633269514240416,C1
0.028584740501631564,C1
-0.00657624259742933,C1
0.0022258623569341705,C1
0.01183493928694603,C1
-0.018968423271058032,C1
0.014237616493450707,C1
0.002251256228379501,C1
0.001639303661114152,C1
0.04611692918894813,C1
0.016636325199891992,C1
-0.001633156253700422,C1
0.010691147847176237,C1
0.010959791369457437,C1
0.0018793922213255843,C1
0.01770800079205822,C1
4.892148169606926e-4,C1
0.004468121923916081,C1
-0.013158133024554156,C1
0.03485360772984514,C1
0.02296120568832248,C1
-0.010034295053349575,C1
-0.015558950952386956,C1
0.027485593056952595,C1
0.03324507105325728,C1
-0.015947394926225395,C1
-0.02305644892361258,C1
0.013992748509491159,C1
0.04521421805385278,C1
0.02073320094898495,C1
-0.006793023391133747,C1
0.024163008362453126,C1
0.0077228981943522,C1
0.023365335936105007,C1
-0.019686718725983793,C1
0.016695073615405367,C1
4.892148169606926e-4,C1
0.02833605110962721,C1
0.0031521789197733567,C1
-7.616635599756926e-4,C1
0.004333845407419906,C1
0.01772103068631031,C1
0.021102506872906362,C1
-0.007921087518818485,C1
-0.00643299427446181,C1
-0.01602471786981952,C1
-0.0012319551703593385,C1
0.005355862187244409,C1
-0.019673287819396496,C1
-0.0084772464738194,C1
0.03285899759185253,C1
5.222087584336333e-4,C1
0.02458397486080166,C1
-0.016134629185982824,C1
0.004286628732270512,C1
-0.00627036962533787,C1
5.1008774810044205e-5,C1
0.01671860516378301,C1
0.011780296513498186,C1
0.006564402033201137,C1
0.03198302084825922,C1
0.009722903716076587,C1
-0.01498767140382545,C1
0.05962588922285791,C1
0.005285383738373246,C1
0.022564518308866,C1
0.019744787971931244,C1
-0.007582570687486042,C1
-0.017466085571711767,C1
0.012909152626107045,C1
-0.014529465735581126,C1
0.016770333291645807,C1
0.03057790146334477,C1
0.004126193788252941,C1
-5.491210325566445e-4,C1
0.028876557182773533,C1
0.01174593244020757,C1
-0.002562912747044316,C1
0.00606001103426463,C1
0.008342117198735486,C1
0.011738167408084392,C1
0.020479615999568702,C1
-0.00855098891930796,C1
-0.010817373587865605,C1
-0.01122435347626422,C1
0.018686366411667238,C1
-0.0019395372533257127,C1
0.027196134527663347,C1
-0.003960535359452659,C1
-0.01381560572080996,C1
0.0025875491053203225,C1
-0.002644747875691535,C1
0.005541522422883246,C1
0.0050324347674662855,C1
-0.00829614408966645,C1
0.02255939035549649,C1
0.01265828089467772,C1
-0.010184437195897428,C1
0.007837409163785124,C1
-0.0047375304759348195,C1
0.03311643729869184,C1
-0.03076165252926132,C1
0.03679295887066908,C1
0.042310679711214536,C1
-0.015186464255668185,C1
-0.006839789425283925,C1
-0.0033157693678830605,C1
-0.004013041436745517,C1
0.008780020936769908,C1
0.02823830217098751,C1
0.007956516463575659,C1
0.011159380307317715,C1
0.010623672619565434,C1
0.015213002483242756,C1
0.02809754580825521,C1
0.003739030646067046,C1
-0.010540473348249466,C1
0.007115836051071581,C1
0.02029866277133103,C1
0.014819620570744286,C1
-0.00971530280723728,C1
0.014577899493676246,C1
0.021858702935383667,C1
-0.023968262266624386,C1
0.008408487883088381,C1
0.015221038041269057,C1
-0.02746062229234897,C1
0.021326605711694292,C1
0.01796960221074592,C1
-0.01981117538709684,C1
0.002991047157899301,C1
0.020207311487061834,C1
0.017358537340577185,C1
-0.009691692866040904,C1
0.011138845165172185,C1
0.02685254787860765,C1
0.018545896704579276,C1
0.01699779766471156,C1
-0.0018919064942544781,C1
-0.03859571906913689,C1
0.005554660634776099,C1
0.015318296109330113,C1
-0.0013468746435372344,C1
0.014144370348868654,C1
0.007598319181484455,C1
0.031540869055042955,C1
0.002599796857633648,C1
0.007841789860145764,C1
-0.010396239705935704,C1
0.015062569719590718,C1
0.024677431105003665,C1
-0.014368443540421405,C1
0.020862956072969306,C1
-0.01359600522909537,C1
0.015833127202358042,C1
0.0191964437015859,C1
0.033397470379325264,C1
-9.010265276809485e-4,C1
0.012241202013412368,C1
0.01532557814323266,C1
-0.007503824021175234,C1
0.029169264764844122,C1
-0.0037174555790537873,C1
0.0161161375207557,C1
0.0062528310288108985,C1
-0.024966274139536625,C1
0.006240410942761657,C1
0.007193420055943917,C1
-0.005146267241453182,C1
-0.007527310361534725,C1
-0.008756776805362559,C1
-0.015575108255256414,C1
-0.02779049663373813,C1
-0.00613689005347111,C1
0.013327088931970921,C1
0.02501170367158129,C1
-0.001520877106285542,C1
0.003069743575370338,C1
-0.013779323554808341,C1
0.0023130793612404573,C1
0.013843723434215745,C1
0.004085926025672748,C1
-0.0046536270923680685,C1
0.014914652257589488,C1
-0.005449942855543004,C1
-0.009672945144338358,C1
0.001862387865682445,C1
0.0036946999129042783,C1
0.009410207372870441,C1
0.015534800590871404,C1
0.00886414204029634,C1
-0.002843951229440499,C1
0.014156592543442238,C1
-5.309576344406774e-4,C1
0.012241202013412368,C1
-0.0011734770365965062,C1
0.007408033057092183,C1
-0.007238974943953667,C1
0.007301010973352531,C1
0.012295171583535353,C1
0.021176083536354,C1
0.00817744636261342,C1
9.28852182267504e-4,C1
-0.00870217386503341,C1
0.01010577856515767,C1
-0.021991850510431985,C1
0.026144565038582916,C1
0.01200078127740999,C1
0.017466721707865625,C1
0.03220106438221662,C1
0.01846839420961726,C1
0.026684154570201023,C1
-0.0025590528438978804,C1
0.016446097628641892,C1
0.02739271705418041,C1
0.014153793736905132,C1
4.452122791602283e-4,C1
0.01576142020337557,C1
0.005303866645321332,C1
0.026289619523620016,C1
0.02641331706221868,C1
0.023002129417660735,C1
0.00862280751067246,C1
0.01076532869722413,C1
0.013997670937596476,C1
-1.7192587330760838e-4,C1
0.01096292398038224,C1
0.010344210261115018,C1
0.018173162999470506,C1
0.010845778035177417,C1
-0.010951742871309757,C1
-0.0012596546740485113,C1
0.027787691845450102,C1
0.02883819622292879,C1
0.001126541091657567,C1
-0.024551619454728744,C1
-0.019356814364579936,C1
0.01179625881119578,C1
0.009757977078633994,C1
0.021255792403867574,C1
8.335292781204776e-5,C1
0.025608820328958583,C1
-0.002610271582311481,C1
0.013997670937596476,C1
-0.018568845701376735,C1
0.012647172908252633,C1
0.011881744002931868,C1
0.021436805658896066,C1
0.03584256675223424,C1
0.0065968473430996644,C1
-0.014192760003450995,C1
-0.015396150769315517,C1
0.031608521827554206,C1
0.02158550434039246,C1
-0.016584461774198735,C1
0.007366602052862756,C1
0.005024903725350622,C1
0.0045991652714598655,C1
0.0052711789435823855,C1
0.004506722460241704,C1
0.028288992591709333,C1
0.01755016170568481,C1
0.017778709761391273,C1
0.017268672738713575,C1
0.029473512107519695,C1
0.022559667853492275,C1
-0.021330157855315928,C1
-0.025871490753405828,C1
0.0012189057658484777,C1
-0.03067397458611615,C1
0.021213199772571738,C1
0.043258106171073465,C1
-0.0019903063090915118,C1
-8.093706070493793e-4,C1
0.003314733900134514,C1
0.018655119474799156,C1
0.005200870514625332,C1
0.013460212520691298,C1
0.017385890730754774,C1
0.023223679547996878,C1
0.0029454386492919968,C1
-0.0094313332179154,C1
-0.01898965237535437,C1
0.008488954460864097,C1
-0.0030929647813960105,C1
0.023748762679096584,C1
-0.01056283295614837,C1
-0.006680652978463758,C1
0.01666107861548428,C1
-5.291571547891196e-4,C1
-6.448377978049385e-4,C1
0.018276614301518702,C1
-0.0030000626453870966,C1
0.021764965472353175,C1
-0.02112943078898164,C1
0.015963457883620344,C1
0.035750579300907546,C1
0.007486019014937427,C1
-0.023968262266624386,C1
-0.010625019318123128,C1
0.006559177032270941,C1
0.02223724154996003,C1
-0.005337926654849233,C1
9.158404984296979e-4,C1
-6.642396660815212e-4,C1
-0.0029202877065543703,C1
0.002018200821780788,C1
0.034126894717596654,C1
-0.02122895670307819,C1
-0.01307303115033397,C1
0.0198993400706653,C1
-0.012351423922861746,C1
0.017366323654209634,C1
-0.008290034393521323,C1
-0.0315230500899672,C1
0.006067921598009413,C1
0.014237283843770456,C1
0.018700922279392004,C1
0.028006862156311763,C1
0.027779489401073748,C1
0.024738496289798368,C1
-0.008248843607317353,C1
-0.0026349008856754908,C1
0.01639501370457956,C1
-0.02989552906118479,C1
-0.009516297977145536,C1
0.020919578672370553,C1
0.01681679256252146,C1
0.005442460181527363,C1
-0.016104475222736843,C1
-0.007296494667769927,C1
-0.0012171437261740865,C1
0.024922906462105217,C1
-0.011224482622788683,C1
-0.016237288974817497,C1
0.03511177889138263,C1
-0.011244715350205348,C1
0.018454507296568463,C1
0.012315434244590714,C1
0.029726442935590472,C1
0.026367191617921212,C1
8.062118306889875e-4,C1
0.015890385610811082,C1
0.0336219009202094,C1
1.9588275045589923e-4,C1
0.04131642943762188,C1
0.013004727351660472,C1
-0.004863319207954792,C1
0.008891951641845966,C1
-0.00463766642723567,C1
0.011324389197227672,C1
0.01796837649129328,C1
0.008346557869811734,C1
-0.013198926700743433,C1
0.0042388700291667095,C1
0.022750977888799494,C1
0.01817230898516568,C1
0.0054061025431210745,C1
-5.276393690731795e-4,C1
0.022984081621852975,C1
0.014714838958316292,C1
0.018440110482078206,C1
0.029419783974380026,C1
-0.0028350295351714256,C1
0.010746680067974025,C1
0.010928677612223362,C1
0.014857289192711924,C1
5.502484554481338e-4,C1
0.0355621294449973,C1
0.005643791589539093,C1
0.018378967244466665,C1
0.02232355207527799,C1
0.016084180419043633,C1
0.01839739545249082,C1
0.014063796639904692,C1
0.02688523978632722,C1
0.022942400271574306,C1
0.003736913165817717,C1
-0.02100965493763684,C1
0.027519788901945636,C1
0.02096084322589205,C1
0.01562466518623642,C1
-0.009203487338080994,C1
0.018173162999470506,C1
0.018851862405771337,C1
0.003705214388826601,C1
0.025218879863627003,C1
0.014679718006995211,C1
-0.008679333894291706,C1
-0.02502498929128747,C1
0.025220857429332097,C1
0.03021100326157567,C1
0.013736242009956816,C1
-3.241511012676383e-4,C1
-0.01501177466874489,C1
1.4307701452906385e-4,C1
-0.017497875277346323,C1
-0.03616310248566121,C1
0.0048063728131974275,C1
0.03295118551107774,C1
0.0219400710052153,C1
0.025223302756384458,C1
-0.015934656794925176,C1
0.009666587853682001,C1
0.007748538138069693,C1
-0.007880389405349724,C1
0.043768080664718836,C1
0.017228459731425092,C1
0.015161037098784342,C1
0.0074993409922770315,C1
0.0038346590394371556,C1
0.018414996771749945,C1
4.470234437245978e-5,C1
0.007486019014937427,C1
0.01716662159477239,C1
0.008473926659220166,C1
0.014485678456254193,C1
-0.010595212603266797,C1
0.014495451546333802,C1
-0.00848597669860339,C1
0.020936450628254034,C1
0.010659361968917029,C1
0.002481135164328887,C1
-0.028542982349415578,C1
-0.011652891818486204,C1
0.006449982970438544,C1
-0.020036617776838204,C1
-0.021200167193344745,C1
0.0010599702690307009,C1
0.007605596516751332,C1
0.017930706462229388,C1
0.011767711046929443,C1
0.00535364324741573,C1
0.0030992123190215545,C1
0.011180056507323184,C1
0.011869906132808312,C1
0.02257340571640175,C1
0.020344056837402102,C1
-0.008207761998014625,C1
0.009949653712624268,C1
0.001064002280073009,C1
0.014891080824188867,C1
0.016989062165926317,C1
0.012526559985763854,C1
0.004245225495776203,C1
0.002760478815491383,C1
0.002704679123515163,C1
0.036351229516702076,C1
0.01741954676903578,C1
0.018829335441604367,C1
0.005085571542012602,C1
0.01589485587629423,C1
-0.0032443763750492714,C1
0.008036874013735248,C1
-0.007307664869060048,C1
-8.765428600150203e-4,C1
-0.009346897433901678,C1
-0.0055059874111056456,C1
-0.016988432053744333,C1
-0.0023569391325554186,C1
0.012752720656316038,C1
0.022762370599507323,C1
0.01655226211146921,C1
0.027328243874552797,C1
0.0245301495832754,C1
0.01720177160441774,C1
0.008346003430941494,C1
-0.0017693511198787482,C1
0.006225111716683754,C1
0.006965114682540423,C1
0.022331211130784373,C1
0.011168674497360528,C1
0.015661318726917423,C1
-0.01885835878524388,C1
0.021721025110971348,C1
9.718968588678586e-4,C1
-0.023765860483453645,C1
-0.002934442497409871,C1
0.015879799832799534,C1
3.318971338126756e-4,C1
-0.011596122909682954,C1
0.004901387409871745,C1
0.014115640073915879,C1
0.01812835513783552,C1
-0.007529840489870581,C1
-0.009697073653022827,C1
0.01058978824957988,C1
0.014753927443688405,C1
-0.03663971771699557,C1
0.02037292088116527,C1
0.016562081931243,C1
-0.012834719005420355,C1
0.03725131706575896,C1
-0.019376247043695186,C1
-5.379018456385661e-4,C1
0.013319793407435372,C1
0.020392461433773747,C1
0.01680505404663711,C1
-0.013211034961700263,C1
-0.020959364825452707,C1
-6.203834732370944e-4,C1
0.0525080505897078,C1
-0.00653143353683646,C1
0.001870791498348969,C1
0.0060758310485112006,C1
0.00885904809868226,C1
-0.01182333623793616,C1
-4.2003484145943827e-4,C1
0.05673870249366863,C1
0.020385287067540964,C1
0.005914107690422682,C1
0.026880836628916438,C1
0.011241962746701993,C1
0.0028868317548396815,C1
0.007268790212973294,C1
-0.010267727931838474,C1
-0.008041317249650501,C1
-0.004350442805500094,C1
0.026744050645895162,C1
0.017675408773281935,C1
-0.008650935676512119,C1
0.0045550959351896465,C1
0.02087809824549523,C1
-0.011451619935222075,C1
0.015012794077264763,C1
0.029146696426106823,C1
0.00967417014709183,C1
-0.007349001367764065,C1
0.025237717071890646,C1
-0.008928023654168225,C1
-0.0035161038628518364,C1
0.006903881493396404,C1
-0.02536392202308288,C1
0.01655226211146921,C1
0.021129155724651894,C1
0.02195043405434203,C1
0.01020092432342392,C1
0.024385260889967095,C1
0.013944240924229495,C1
0.015309429077765141,C1
0.016098929503755233,C1
-0.021984650671998424,C1
-0.01898178268575867,C1
0.027434680953566104,C1
0.006182758705595967,C1
-7.431287687061517e-4,C1
0.0032508853757729295,C1
-0.006735609203022309,C1
0.0032519503397345027,C1
-0.0023523144672641678,C1
0.01082466717177374,C1
0.033307123021727704,C1
0.017252553459206784,C1
-0.0017003758563274574,C1
0.01579718380844547,C1
0.021592166094303998,C1
0.010931701914762346,C1
-0.015223089230784198,C1
-0.013405700746101252,C1
0.024157158556811237,C1
0.03770612089182149,C1
0.0021393692613156006,C1
0.01066840951998171,C1
-0.017018999521830967,C1
-0.010145530799568472,C1
0.0012413669301650169,C1
0.020310881725285508,C1
-0.005673351114909134,C1
0.02122310746644566,C1
-0.008691143833517826,C1
-5.023628581241326e-4,C1
0.01862560847152994,C1
-0.011563869661145568,C1
-0.005928530080806928,C1
0.00875101030611235,C1
0.02663183102158834,C1
0.008633035511285254,C1
0.002080153612717261,C1
0.008801704686379773,C1
0.019358345388137833,C1
0.01145407673233596,C1
-0.011912557852508087,C1
0.00808439407842534,C1
0.03456909141593625,C1
0.0022336590652386043,C1
0.005136483819526298,C1
0.033102406926615084,C1
0.009203704073301318,C1
0.01288173136579278,C1
0.020453748350611572,C1
0.028852750659671664,C1
0.027883471636218925,C1
0.003156552115511947,C1
0.012916656958190048,C1
0.0021239706802104793,C1
0.030015779517222382,C1
-0.018069758215278266,C1
0.007412073302404662,C1
0.01508609535503035,C1
0.002886661089748785,C1
-5.69426253521358e-4,C1
-0.014665555758190606,C1
0.011426559660265219,C1
-0.008079560018375335,C1
-0.0073977195819816466,C1
-0.005685554193932565,C1
0.006688370643607189,C1
0.009462445851824739,C1
-0.005427261402227953,C1
0.005146664405926861,C1
-0.005380119427829928,C1
0.018777237538223978,C1
0.025055391298864742,C1
0.00839925787863514,C1
4.0824454820531083e-4,C1
0.011050686504861426,C1
-0.017285766740696058,C1
0.017778270622179685,C1
-0.021407520937389467,C1
0.016422002458392378,C1
-9.915142176294576e-4,C1
-0.008134345952575119,C1
0.030062603578872138,C1
0.0027782003208725193,C1
0.02070595503848894,C1
0.016401849472007124,C1
0.005040262101140992,C1
-0.01198304015637851,C1
-0.031554478136640786,C1
0.004303349211965639,C1
0.013524046188764575,C1
0.028283304378284857,C1
-0.009055325761425098,C1
0.03334792135708949,C1
-0.009709530633041207,C1
0.029204069204219647,C1
0.013311829609037634,C1
0.015105740725614986,C1
0.017337115241108664,C1
-0.013264339243651623,C1
0.03774134310981796,C1
0.026075028648012956,C1
0.01060693456420895,C1
-0.016696319350657667,C1
-0.009603851875444772,C1
0.02763570065230582,C1
0.00915336214669433,C1
-0.023636825607833502,C1
-0.012809809773111273,C1
0.0077402881352661565,C1
0.0070481941285657065,C1
-0.005081463554994056,C1
-3.586249883378972e-4,C1
-0.027149587259040823,C1
-0.006004196262609068,C1
0.014489320998079208,C1
-0.008844681121230154,C1
-0.010131112479993643,C1
-0.00838904407880938,C1
2.8845501616586375e-5,C1
0.024296815937560605,C1
0.01894715123920243,C1
-0.026920745746370916,C1
0.024527333064372377,C1
0.01109401351069261,C1
-0.0181646536800282,C1
-0.0030325343478970757,C1
0.005146664405926861,C1
0.01965375192454301,C1
-0.007598589898465215,C1
0.002886661089748785,C1
0.036351229516702076,C1
0.002585503376062985,C1
-0.015735334497219193,C1
0.009719739357228056,C1
0.036300232463245444,C1
-0.012071768755711459,C1
-0.01690225803027617,C1
3.318971338126756e-4,C1
0.0032553797902605736,C1
-0.01333102183407351,C1
0.002249910593018479,C1
0.007061578413129373,C1
0.009502975279741237,C1
0.046902866071180216,C1
0.011426559660265219,C1
0.03270404849475435,C1
-0.010612729899159182,C1
0.030533572498418038,C1
0.013273001906782676,C1
5.86817992966393e-4,C1
0.011052235152777545,C1
-0.00797642068619327,C1
-0.012373014793766917,C1
0.007908017268004783,C1
-0.002178356502417752,C1
0.025176496703629588,C1
-0.019883590684203433,C1
0.009267034841306414,C1
0.00167430756466091,C1
0.016147776053966893,C1
0.007301483605773768,C1
0.018667883586469647,C1
-0.01703444976940039,C1
-0.01699702489115453,C1
-0.009527467559237397,C1
0.055489965477435205,C1
0.010338107783874059,C1
0.008325729602644048,C1
0.0033564970892297997,C1
0.012050806546454313,C1
0.04429392764815874,C1
-0.0037572221598247274,C1
0.01413179955662733,C1
-0.013720797290234558,C1
0.018895879589831473,C1
0.0014250196676834116,C1
-0.0019858982342553164,C1
0.01586247716160206,C1
0.0011534500739517036,C1
0.014217575315098567,C1
0.033245259405230716,C1
0.007062938078896383,C1
0.02391914340379361,C1
-0.007349748107941957,C1
0.023542194502258185,C1
0.006895633078781001,C1
0.011508354412156004,C1
0.0346907004182515,C1
-0.0029050692005404485,C1
-0.008420273398541766,C1
-0.005985067160981008,C1
0.005111008965705943,C1
-0.003509793497957296,C1
0.0188605193397676,C1
0.009533074157590998,C1
-0.014046272838148044,C1
0.0112177388133211,C1
0.006864572018052448,C1
7.124955578581369e-4,C1
0.02488193944225621,C1
-0.006454343883816325,C1
0.010127186826685439,C1
0.0056502583198076795,C1
0.0385338632658931,C1
0.007557260854795751,C1
0.0036016123907058814,C1
0.017575078760238488,C1
-0.013704725298329268,C1
0.023372339871708434,C1
0.0020535631964072633,C1
0.02953700192144542,C1
0.0059605451137070345,C1
-0.012378817721809623,C1
-0.008741730066602608,C1
0.015788523938666914,C1
-0.01895295319972809,C1
0.03537328703122318,C1
0.017924935193945835,C1
-6.713659126154244e-4,C1
0.012386756672073958,C1
0.01712899767678274,C1
0.006740354333187423,C1
0.017807940116985388,C1
0.011128941787925698,C1
0.0013295008749082621,C1
0.015079058254289353,C1
0.009521557711696656,C1
0.03361055859708327,C1
0.011867140570549068,C1
0.020502729055674254,C1
0.012195667988904356,C1
0.01633800999389084,C1
-0.03153932809490286,C1
0.00588466293398769,C1
0.022644560670550054,C1
0.016760067062397615,C1
0.03139029225745668,C1
-0.008078531520852333,C1
0.002333568875352372,C1
0.004050764420902088,C1
-0.012180555410690887,C1
0.01536979467364378,C1
0.016094683996092565,C1
-0.004331054271566777,C1
0.020124864164394605,C1
0.015115000092444712,C1
0.006557997266234622,C1
0.0077237972351720885,C1
0.007443200174313549,C1
0.0319907723713181,C1
-0.006877570586482071,C1
0.025086942770926407,C1
0.03033542016562853,C1
-0.005174372940047077,C1
0.012752720656316038,C1
0.0037699885224327335,C1
-0.007068516073097131,C1
0.008382045656246014,C1
0.008273989416925209,C1
3.9670993151210993e-4,C1
0.011596623975849712,C1
-0.0262873935602019,C1
0.017743970209041927,C1
-0.021407520937389467,C1
0.013291721184224328,C1
-0.008097196018208346,C1
-0.02521814451393825,C1
0.0078622718351443,C1
0.010636415522657372,C1
0.019063194264535607,C1
-0.007150242469129842,C1
0.009953705833180428,C1
0.007766482012673655,C1
0.009252772208510163,C1
-5.853508306986558e-4,C1
0.01240116530380959,C1
0.009521954602162727,C1
-0.014633537239011552,C1
0.02709133265969133,C1
0.01817132155695785,C1
0.007625789008541371,C1
0.00870152607309833,C1
-0.009476140928071431,C1
0.017160576380268508,C1
0.016097661428321475,C1
-0.03316558300146798,C1
0.015778397234558546,C1
-0.010224564285355495,C1
0.03646658915826943,C1
0.015132465774533482,C1
0.015712189172170796,C1
0.02428881776341174,C1
0.030906782869019562,C1
0.00205693884217225,C1
0.013039434504274323,C1
0.023583497023366644,C1
0.01723994764018698,C1
-0.01931183904737259,C1
-0.0040726217813298535,C1
0.02339335571947859,C1
0.025881735874614075,C1
0.02837373232517439,C1
-0.02181840409469556,C1
8.133616744723741e-4,C1
-0.012782103890390927,C1
0.015483527603184177,C1
-0.015287322845143126,C1
0.01109401351069261,C1
0.005769625241798344,C1
0.0022636798224872573,C1
0.01763609964135157,C1
0.02191666533770352,C1
0.025327729364389838,C1
-0.004354859237481253,C1
-0.006789570596162132,C1
0.006556035987465958,C1
-0.009188056381567025,C1
-0.014965521166122845,C1
-0.014405916477562574,C1
0.004369974284019687,C1
-0.009750582128187864,C1
-0.01382852726353094,C1
-0.0011378642392699395,C1
0.006831749545925838,C1
0.008994249287401519,C1
-0.005693861583285942,C1
0.01313937619293971,C1
0.017793734928675555,C1
0.002933436154757111,C1
-0.0253701836813473,C1
0.0605792014414884,C1
0.005224148197588512,C1
-0.0026168244104094237,C1
0.026205394544344777,C1
0.009534749690527438,C1
0.011740388971253252,C1
-0.01588181888854012,C1
0.01441576873671439,C1
0.022499307764684725,C1
0.001472273671920833,C1
0.01361866956889396,C1
0.006965114682540423,C1
-0.03230542573388522,C1
-0.0071900759483348835,C1
0.009763532064883267,C1
-0.012446089245746413,C1
0.004092096181008325,C1
0.01138107364273043,C1
0.019460588062109506,C1
-0.014764832228845483,C1
0.016493234809693502,C1
0.032962956409201126,C1
0.0072348581403166995,C1
-0.021494051822643537,C1
0.04583296191399056,C1
0.0013276531774884612,C1
0.0037115061001102723,C1
-0.0017799361261430814,C1
-0.010612729899159182,C1
-0.0024646408134671475,C1
-0.00766413698108229,C1
0.011220618058843116,C1
0.005970785282855766,C1
0.006992849380266194,C1
0.03588707024380379,C1
-0.00206464641062262,C1
0.011431004374740449,C1
0.02206656655879971,C1
0.02014682176882108,C1
-0.006784478775262143,C1
0.015417304889915575,C1
0.01848247743426506,C1
0.027479386068024164,C1
-0.01864682821816001,C1
0.05940779596195851,C1
0.030015779517222382,C1
-0.012249410349582922,C1
0.006522300331122338,C1
0.004082879046937829,C1
0.006473169747263156,C1
-0.021800139827903655,C1
0.021719178913552926,C1
0.008667132871162681,C1
0.00790921717195651,C1
0.005475026757341869,C1
-0.0013129921478885129,C1
-0.03449991512829431,C1
0.0052269369313971345,C1
0.018648340565817233,C1
-0.0037767375139681355,C1
-0.01032612379794847,C1
-0.013338662522098211,C1
0.015429385861833088,C1
0.023063564942394962,C1
6.749132066289926e-4,C1
0.01137432811789289,C1
-3.7499637259303005e-4,C1
0.004278909659566163,C1
-0.009551315921548866,C1
-0.012488491379101027,C1
-0.018922472073992332,C1
0.00970605842325512,C1
0.028830629828707224,C1
-2.1068459264071606e-4,C1
0.009259416025750311,C1
0.021132958646108726,C1
0.016833006572106717,C1
-0.0035242666663411037,C1
-0.006369785461472956,C1
0.007016234735321369,C1
0.02237903953866911,C1
0.03543714729543721,C1
0.004006783141880411,C1
0.012162751949662483,C1
0.01120633921900558,C1
0.035308459977701226,C1
0.015461055002143034,C1
-0.00794680570464573,C1
-0.022006990274347837,C1
0.009610355868686546,C1
0.0017382587729979837,C1
0.006073763467816353,C1
0.014856311785251057,C1
0.0012442211358174905,C1
-0.00568294214326681,C1
0.00868361622003708,C1
0.030385896790634918,C1
0.00992167164771828,C1
0.023502304243782503,C1
-0.005223338150912225,C1
0.020927428918033283,C1
0.032489257431166936,C1
0.02703234928297348,C1
0.02382846251656523,C1
-0.0177263375028604,C1
-0.015634428064148005,C1
0.03437441657900156,C1
0.01090642931304634,C1
0.03073242024677205,C1
0.016004132162123656,C1
0.02968604862283935,C1
0.025731124270176896,C1
-0.01814246572655851,C1
0.012002793140423056,C1
-0.0024986280728901515,C1
-0.003294198202950428,C1
0.01687922066408229,C1
-0.030507008199608755,C1
-0.008144121476482694,C1
0.0024363980593065486,C1
0.0032601170136721917,C1
0.02640783374520607,C1
0.011874607919775567,C1
0.04567416249698458,C1
0.0066278323019995445,C1
0.028351403218392912,C1
0.028385791182757858,C1
0.0036714870708522513,C1
0.011085517026341056,C1
0.007128477215375486,C1
-0.010495587235860214,C1
0.02112920867768689,C1
-0.02373560188008686,C1
6.492680031786775e-4,C1
-0.009347096348383984,C1
0.017408995451312206,C1
-0.012670686381542074,C1
-0.02798758643446119,C1
0.027586478538008198,C1
-8.940172037212278e-4,C1
0.010885337888268221,C1
-0.001544297710267234,C1
0.008465324635047863,C1
-0.0017391998519770977,C1
0.009215532134465182,C1
0.007791122499428316,C1
0.015818972658068246,C1
0.02648907849308213,C1
0.00802061437591537,C1
0.024873423262950313,C1
-0.00636997140599686,C1
-0.003640284423851502,C1
-0.04139974683867767,C1
0.015376452227315665,C1
0.04536872734831294,C1
-0.0065550934055228684,C1
0.005949923451238941,C1
-0.0013147544010322608,C1
-0.00880645037921553,C1
-8.050389821451214e-4,C1
0.01790004637573994,C1
0.009064869504810207,C1
0.011256056684771303,C1
-0.015882852800759045,C1
0.006925260122358029,C1
0.022649750521359223,C1
0.025278894356840234,C1
0.013056798625139443,C1
0.00516004010094356,C1
0.001788591429988367,C1
0.0024418110707534234,C1
-0.03392531898157803,C1
-0.03107293723898479,C1
0.0023459417005221037,C1
0.00471183967394237,C1
0.007642092361908999,C1
-0.022781845377262876,C1
-0.005032378010108303,C1
0.012570082374059552,C1
0.020249343205933596,C1
0.008622361293124032,C1
0.007139018884526002,C1
0.031683434689954555,C1
0.002442132139507425,C1
0.02008098627743139,C1
-0.001308639510439043,C1
-0.0011002159523797398,C1
-0.010284393307138404,C1
0.0010626829078791353,C1
0.0283852068749669,C1
0.04055107772284734,C1
0.020797052896822644,C1
0.028301788887128906,C1
0.03724252416926186,C1
0.02808956820081825,C1
-0.009026234387438872,C1
0.009011991453638984,C1
0.017275797438132255,C1
0.021070136220038747,C1
0.004492165883600725,C1
-0.007456766640328046,C1
0.002506535584354397,C1
0.004885442146682486,C1
0.004081775952251326,C1
0.01590019542750724,C1
0.015228749168104,C1
0.0038104678518503217,C1
0.006300847668007372,C1
0.0017792217265900322,C1
0.025391480278374307,C1
-0.001288392986746387,C1
-0.012187982956898184,C1
0.0021789674015182956,C1
0.026680726766797343,C1
0.007096191029108634,C1
0.006056977673827555,C1
0.02779645226062183,C1
0.008900455483406667,C1
0.032066890493709574,C1
0.00862808545573408,C1
-0.02121549372567881,C1
-0.017024187584619994,C1
0.020496150116823104,C1
-0.0020075384895687446,C1
-0.00928741970657335,C1
-0.016581320189560923,C1
0.015279222198383006,C1
0.0276998251281543,C1
0.0035912132420647634,C1
0.004597125279172228,C1
-0.004811878375743543,C1
0.029062812542422746,C1
0.012857321124650545,C1
0.010968619176919579,C1
0.00665353103187446,C1
0.0029461178214046186,C1
0.010462221443197226,C1
0.01799886009496081,C1
0.013247183114040538,C1
0.006171710304858297,C1
0.019723185460939374,C1
0.009292613875426601,C1
0.018362610075221403,C1
0.029818060244767578,C1
0.011719074741282285,C1
0.02352114937079304,C1
-0.01310740631856554,C1
0.002033457430093594,C1
-0.005329521309800224,C1
0.009748350065905163,C1
0.005000239834213263,C1
0.011165927814942639,C1
-0.03889869701299473,C1
-0.018699106044752806,C1
-7.63097986214047e-4,C1
-0.014189399787085163,C1
0.0037419797606259263,C1
0.03682560136250031,C1
-0.013125322586886989,C1
0.0032703211012339133,C1
-0.005959514371912001,C1
0.004773852478391604,C1
0.011224022664635704,C1
0.011261318429254149,C1
0.026281882076140805,C1
-0.014599350068225603,C1
0.03237495465960837,C1
0.0023828738469469663,C1
-0.022958967814695336,C1
0.010288947406235392,C1
0.03455735209420824,C1
0.030388170739680184,C1
0.016491125577581266,C1
0.010740499389830016,C1
-7.414038657620431e-4,C1
-0.0043534431281868555,C1
-0.007848781045008621,C1
0.019867377372664703,C1
-0.012041682058391144,C1
0.015318147472245544,C1
0.020961030678051214,C1
0.013684102273442626,C1
-0.009062124043864285,C1
0.009752812618089964,C1
0.011445193228410715,C1
0.021856542628197986,C1
0.0017091032388979364,C1
0.012909993456405736,C1
-9.893224132972393e-4,C1
0.023467161177062813,C1
-0.0024910409966888824,C1
0.019688623741778235,C1
-0.005217604826713757,C1
0.03168342811474703,C1
0.03655643889018538,C1
-0.02012719977462166,C1
0.025076677289860044,C1
-0.0028255914304965097,C1
0.014926017508594956,C1
-0.01018769702876577,C1
0.02895718672539158,C1
0.0101225140337574,C1
0.021725845781847476,C1
-0.009768902059204594,C1
-0.01115242498097343,C1
2.9912210402504875e-4,C1
0.01332687765915928,C1
-0.010822425019018875,C1
0.017139186018689183,C1
-0.007665670850831471,C1
-0.0167950776630489,C1
0.013275455275305355,C1
0.003197262935516674,C1
0.016235239220286846,C1
-0.011579346083203646,C1
0.020082050580310797,C1
-0.02689761829626105,C1
0.009102895146051183,C1
-0.0018955701401786249,C1
0.0066269012962075,C1
0.004821762099435687,C1
0.01449753362179431,C1
-0.01531963543370896,C1
-0.018529832375783893,C1
-0.011632102830178369,C1
0.011872674409597057,C1
0.00696599341523715,C1
0.004095064425655934,C1
0.006475714830120327,C1
0.03696637448741992,C1
0.024713415483726804,C1
-0.010437001696966736,C1
0.03329540548572407,C1
-0.012849700569396431,C1
0.02513049251915886,C1
-0.004290602903841749,C1
0.03315894728515234,C1
0.012594287046480664,C1
0.006595455807945424,C1
0.02356402889473192,C1
0.01915836695059161,C1
0.007656362742287152,C1
0.011094698924028968,C1
0.03033254804139283,C1
0.019455140564425013,C1
-0.0286166859118411,C1
0.02575465915462984,C1
0.01044869912319993,C1
0.016638949682956202,C1
-0.012848706741224033,C1
-0.009241144244751864,C1
0.019211586402688465,C1
-0.02064688347207068,C1
0.022910397711728415,C1
0.023410234525766082,C1
0.002004211220204846,C1
0.01674891149663608,C1
-0.009657021835242035,C1
-0.004601039933163256,C1
-0.012535205142544793,C1
-0.026068454140512246,C1
0.053965364632775736,C1
-0.015290440326818009,C1
0.007479698493165767,C1
0.01929828070444679,C1
-0.010310713642571558,C1
0.014193480910259626,C1
0.026572980246755105,C1
-0.01117049774300218,C1
0.025841253075710276,C1
0.012093535024749136,C1
0.008295237447760274,C1
0.018733989650976317,C1
0.014008134754590958,C1
0.021694111343066612,C1
0.03591241297965791,C1
0.010399254047040113,C1
5.177018272250582e-4,C1
0.011046990388756414,C1
0.03548424467360988,C1
0.00335663702653823,C1
0.019024685103004545,C1
0.05211965435510146,C1
0.022096693977280396,C1
-0.009815125446038016,C1
0.011970711992830077,C1
0.005754464000282259,C1
0.004645349044893479,C1
0.03332181209424666,C1
0.039495404359007585,C1
0.012291941104480005,C1
0.0027638143241759637,C1
0.016043690942723336,C1
0.005117285766578764,C1
0.035067005971735815,C1
-0.005034103646611138,C1
-0.002568063654188069,C1
-0.025990456652246162,C1
0.006966077311354572,C1
0.01701007797459953,C1
0.002683568979886915,C1
0.03909991745890228,C1
-0.036611991806914615,C1
0.0317361548562071,C1
-0.0015213432158948503,C1
0.015544446402534832,C1
0.016025037769096993,C1
0.03238901664886319,C1
0.020616990214132,C1
-0.008783629065170087,C1
0.01795242455851518,C1
0.02747615289090019,C1
0.020784191983242647,C1
0.003664999500549859,C1
-0.011224458590403929,C1
9.929862920650579e-4,C1
-0.020586128929095313,C1
-0.01157970743617719,C1
0.002996837316111842,C1
-0.00872673103814535,C1
0.021748483664269017,C1
0.00961750406464594,C1
0.02135621771510812,C1
-0.004293461953594897,C1
-0.014973823387135057,C1
0.010651467529528329,C1
0.019869492393342236,C1
0.005757225886910695,C1
0.0028366035172309977,C1
0.00921923817968246,C1
0.04185601838846319,C1
-0.013244838800729254,C1
-0.024705326286513653,C1
0.012951333112008325,C1
0.017323310556332457,C1
-0.021706963537344602,C1
0.0075295090576953045,C1
0.042348582713286606,C1
0.005193610118358297,C1
0.0011388853127671595,C1
-0.001574521782852043,C1
-0.00809229406520335,C1
-0.0012045638855963658,C1
0.012981006304504786,C1
0.038025652115519594,C1
0.031450213221722395,C1
-0.015208072163513818,C1
0.0064929633530545205,C1
0.0017495147654803403,C1
-0.006269000149968215,C1
-0.027185631235480123,C1
-0.007203783689050523,C1
-0.007942930643255484,C1
0.003531619181598238,C1
0.01992351906334881,C1
0.0024679908158139877,C1
0.012370341610568887,C1
-0.0010376802036437278,C1
0.014488169334880454,C1
0.013785135395431261,C1
-0.007792803583411742,C1
0.03357399428275824,C1
0.003572121275956989,C1
-0.0027566623530023548,C1
-0.005118072701880194,C1
0.003284492915246826,C1
0.02109824343463895,C1
0.0020852964037195915,C1
0.04789664000269308,C1
0.025836183426397624,C1
-0.0030919475351991665,C1
3.331677001604267e-4,C1
-0.013952639434227055,C1
0.006435475611950283,C1
0.008462667830572061,C1
0.041116406950812256,C1
0.014217626542911673,C1
-0.014928810286717064,C1
0.027490217982735494,C1
0.007354011360050251,C1
-0.025748455266723706,C1
-0.004120013869828227,C1
0.015700030130892363,C1
0.01003687543949619,C1
-0.0011372727540982475,C1
0.004292108901042821,C1
-0.0078042233058573905,C1
0.03204137092101961,C1
-0.0021739756403968765,C1
0.025738218692715826,C1
0.014314246845156506,C1
-0.0017503798545256358,C1
0.010659330868138986,C1
0.004337768742059569,C1
0.024553639630170977,C1
8.260851104012479e-4,C1
0.01693470566405844,C1
0.01335657395212501,C1
0.0024371432797972922,C1
0.011280874044261403,C1
0.04658719080297369,C1
0.01624040045617672,C1
-0.013321209197968656,C1
-0.0049259023251212175,C1
0.0018142615703156222,C1
-0.003001021049529456,C1
-0.02892011934552899,C1
-0.0029305211904229935,C1
-0.01728197940457437,C1
-0.016660262938017704,C1
0.008210057465613232,C1
-0.02709531298663423,C1
0.008770571156781017,C1
0.023844444135696866,C1
-0.012396204706624128,C1
-0.002805581492519713,C1
0.028626802851544474,C1
-0.00660725180487105,C1
0.03796433580505756,C1
0.01349161690973263,C1
0.024835221759232206,C1
-0.019943483249318578,C1
-0.01361075865430003,C1
7.672141693476076e-4,C1
0.005571898197484088,C1
0.0041766385407045765,C1
0.006797667230056247,C1
0.019798504995151317,C1
-7.713915743956961e-4,C1
-0.007646051987302134,C1
0.020497007382847626,C1
0.015461055002143034,C1
0.014329885272657888,C1
0.00554680361262923,C1
0.016260896881513116,C1
0.008002897983599551,C1
0.00860986107531913,C1
-0.003455674614615245,C1
-0.01898786103179416,C1
0.0050010550741116,C1
0.018076073197729164,C1
0.022605741372968377,C1
0.023579067393946947,C1
-0.01221742165921894,C1
-0.020333584065065233,C1
0.02321114510353006,C1
0.0018012045761600023,C1
0.004055406358504975,C1
-0.002273998448029953,C1
-0.025068651996952542,C1
0.02131275833811614,C1
0.023153327427755915,C1
0.006410609232014069,C1
-0.009530282996224954,C1
-6.07602818930901e-4,C1
0.008468181492216075,C1
0.0029817500495795944,C1
-0.004393581377422084,C1
-0.018841796314161097,C1
-0.007414241045558146,C1
0.01147004639299921,C1
-0.0012789144929130115,C1
0.03435117738458838,C1
-0.004513316973588005,C2
-0.0772705008362502,C2
-0.27165281850270684,C2
-0.009970579916702436,C2
0.004067484929730407,C2
0.08554764016916128,C2
-0.07648771198716939,C2
-0.02506535946645419,C2
-0.05935729084465954,C2
-0.08862062195720402,C2
-0.056632772476215315,C2
-0.0603867075508547,C2
-0.09890506826074853,C2
0.05339652275294299,C2
-0.0638371051717072,C2
0.002952697702385605,C2
-0.06859673285287365,C2
-0.011652054370938157,C2
-0.01038160081943585,C2
-0.07130367912707065,C2
-0.12368616921207141,C2
0.060591583854801075,C2
-0.015945288414247312,C2
0.04108522997826486,C2
-0.03277661480509583,C2
-0.001587096799827943,C2
0.07794567441026934,C2
-0.06132157274315739,C2
0.07574825013066522,C2
-0.08594701474594031,C2
0.07571566315079256,C2
-0.06359763529706337,C2
0.19267296549585342,C2
-0.08337498855574918,C2
-0.1610873587752049,C2
-0.057746712777888454,C2
0.021976596188222706,C2
-0.23459403253318192,C2
-0.028727150283767246,C2
-0.06444564320954083,C2
-0.11556526187771768,C2
0.003222103421518359,C2
-0.021857685609357178,C2
-0.11277458703284182,C2
-0.0742312284047254,C2
-0.06291962044091431,C2
-0.1579791339211446,C2
0.0662908430874654,C2
-0.1564176548328399,C2
-0.10327758890766058,C2
0.04850316720698092,C2
-0.05670281632729256,C2
-0.03326702444826044,C2
-0.057229732087034066,C2
-0.016781134393757658,C2
-0.18805184060420066,C2
-0.08992336512268867,C2
-0.03173803116241006,C2
-0.02219796993201198,C2
0.0637587492378084,C2
0.08686609969687852,C2
-0.13868731401898032,C2
0.0555377648943687,C2
-0.030685285282938547,C2
0.05262846734621566,C2
0.01189873247742255,C2
-0.118664035167976,C2
-0.0906323857520786,C2
-0.04077954918960902,C2
-0.07721756198574768,C2
-0.129010057150376,C2
-0.10823356983836246,C2
-0.022538699526997087,C2
0.00773913779709666,C2
0.013858078656848204,C2
-0.09514528219361429,C2
-0.08129925756002418,C2
-0.22070561006945189,C2
0.030210718956575837,C2
-0.11198188426769307,C2
-0.057836201247929396,C2
0.005991410362489921,C2
0.09068082376940219,C2
0.025563496041766665,C2
-0.004138976631255509,C2
-0.0699001909623128,C2
-0.10598570570851594,C2
0.07468698138787058,C2
-0.0623001696076141,C2
0.013004614986712397,C2
-0.08860267858124904,C2
-0.06124206543153135,C2
-0.11167744991579237,C2
-0.0032343830960246695,C2
0.002500781606926822,C2
0.05723382004393958,C2
-0.08129064671957988,C2
-0.002874312211788993,C2
-0.08307981516971374,C2
-0.008873063213325927,C2
-0.03238203820466873,C2
0.03923090855204299,C2
-0.09049632997395338,C2
-0.08525418356943419,C2
-0.01184741114476405,C2
-0.041606979932022524,C2
0.051957574229153314,C2
-0.00666015808159127,C2
-0.05872009165340287,C2
0.0423475830010012,C2
0.023047973211691747,C2
-0.023543531996552337,C2
-0.006086146180882317,C2
-0.1405743235327976,C2
-0.11960499731583449,C2
-0.09833259103454553,C2
-0.09679592656461253,C2
-0.12717280931877722,C2
0.0503573697013288,C2
0.05682080833656483,C2
-0.1079289589438739,C2
-0.11382291227124976,C2
-0.07227147004010236,C2
-0.08233844861182762,C2
-0.030064286833976737,C2
0.006564877558783759,C2
-0.022385877003983777,C2
-0.08507782334547812,C2
-0.06211499402002222,C2
-0.017328158809288924,C2
-0.013886125271190557,C2
-0.13539861022719588,C2
-0.17181418549722238,C2
-0.057932638918347795,C2
-0.06961037249987725,C2
-0.02279112434974051,C2
-0.07946365227147158,C2
0.11816446997585128,C2
-0.1111437911238363,C2
-0.13270796389807116,C2
-0.022631855442882126,C2
0.05158599231947315,C2
0.04379619192915598,C2
0.020417009155294985,C2
-0.003266683794718596,C2
0.09970853394711245,C2
-0.09519900031451209,C2
0.04506502917587189,C2
-0.0768742000962701,C2
-0.0484216115721333,C2
-0.11718032791105719,C2
-0.05309541365038157,C2
0.019456523456209025,C2
-0.11985855022590941,C2
-0.09578606335325399,C2
-0.04716883197504644,C2
0.12347782717071115,C2
0.035991265876416045,C2
0.10483382300747568,C2
-0.09081662892528408,C2
-0.07027416617204182,C2
0.01142748122192613,C2
-0.014589794453441567,C2
0.09181596249732513,C2
0.013242580963793812,C2
-0.07995406371457647,C2
0.008193540916384839,C2
0.04059043978088419,C2
-0.008027040322406268,C2
-0.010144272867591307,C2
0.045000879402728976,C2
-0.18319935222794848,C2
-0.0050611582296766905,C2
0.0475197538248374,C2
-0.054284881268504406,C2
-0.048764324779880436,C2
-0.0914428046185213,C2
-0.09734924462210687,C2
-0.11475435888475212,C2
0.11519856343556252,C2
0.017888344477015053,C2
-0.10444470343893568,C2
-0.05465152237362434,C2
-0.07660422807339903,C2
-0.1090532166502226,C2
0.014910055706050418,C2
0.004112915906243617,C2
-0.06897416327587823,C2
-0.10647094078286692,C2
-0.08154075931183005,C2
-0.1115048112226859,C2
-0.011604574550338372,C2
-0.09955048803975074,C2
0.08896772364026276,C2
-0.19613297652364783,C2
-0.02399541600093073,C2
-0.04075670228646913,C2
-0.036150422312598365,C2
-0.1598612259457552,C2
-9.03260081787198e-4,C2
0.10910232703644682,C2
-0.1050264056477618,C2
0.0075908763300269605,C2
0.0444431874108076,C2
0.04584512063786057,C2
0.03944469779229329,C2
-0.12857967671814075,C2
0.11532858216705624,C2
0.0399277670368113,C2
0.06723426556947584,C2
-0.058161547287205254,C2
-0.07290694516341785,C2
-0.10738468309860888,C2
0.02266497290184906,C2
-0.006196509640975248,C2
-0.01657085795759622,C2
0.10464726916930409,C2
0.030944162972165005,C2
-0.006262984861438711,C2
-0.07859345011760174,C2
0.10298763637892216,C2
-0.05536116624378641,C2
-0.005244824340427888,C2
0.0087884295199467,C2
-0.13219711495379036,C2
-0.08857832572527626,C2
-0.0854596694642164,C2
-0.016572707834307095,C2
0.04967125580240524,C2
-0.09604253651637792,C2
-0.1949776893627257,C2
-0.08087412930541771,C2
-0.06710736587990322,C2
0.06105958437584891,C2
0.022429534918189782,C2
0.10031360783975413,C2
0.04396675435271398,C2
0.05986483913686226,C2
0.08536502213449121,C2
0.14572396076711483,C2
-0.10489867248273133,C2
0.029970108030864966,C2
-0.04369590877587049,C2
-0.06202635713014278,C2
-0.03298860616978756,C2
0.013719939821740315,C2
-0.0889135267819714,C2
-0.10285017700804344,C2
-0.08837566980890904,C2
-0.1286164496901147,C2
-0.07137660063267284,C2
-0.10834645894472986,C2
0.02807398963186742,C2
0.005809376073859528,C2
-0.026750469983405984,C2
-0.05996385950094894,C2
-0.11231610568244652,C2
-0.12472582791855943,C2
5.740658805337001e-4,C2
0.09216818188451295,C2
-0.10836410001887203,C2
-0.15681837756693853,C2
-0.10337782726934408,C2
-0.06534969399644916,C2
0.009005613164950535,C2
-0.0469669772613869,C2
-0.13042176935391628,C2
-0.0547199806778885,C2
-0.07105853979637274,C2
-0.11546675512911123,C2
-0.10985009330458229,C2
-0.02135129344335164,C2
-0.04062037031450099,C2
0.04945626715199,C2
-0.07757565710366573,C2
-0.060145716179184384,C2
-0.015970246589302406,C2
-0.1309856160461786,C2
0.0031464845758421775,C2
0.006408489968976569,C2
0.07037567490207729,C2
-0.03989029939551678,C2
0.008954394717427788,C2
-0.016033789234110737,C2
-0.03999803376715183,C2
-0.12623819609905043,C2
-0.003333061789598293,C2
-0.0967189296802296,C2
0.08004537198972017,C2
-0.16086120558801484,C2
-0.061651934233628324,C2
0.002416885093510363,C2
0.008926372560837312,C2
-0.12647639827877225,C2
0.09030700549384499,C2
-0.04803348973937218,C2
-0.0226655766499601,C2
0.03127606075911074,C2
0.05405240040370873,C2
-0.06806893360725577,C2
-0.10397357809237565,C2
-0.04535558306501353,C2
-0.11106650024216104,C2
-0.006184096085976566,C2
0.017024911526917545,C2
-0.028150315725299427,C2
0.07564346611631467,C2
-0.020200056840033405,C2
0.013870646934731314,C2
-0.06080705161167817,C2
-0.009957874971333828,C2
-0.05640377769327883,C2
-0.10752227629365368,C2
0.011419313938688797,C2
-0.020208566390352338,C2
0.041722155398803196,C2
-0.07017007364859035,C2
-0.04763124295744711,C2
-0.13962191168399118,C2
-0.07496745295916407,C2
-0.07329582745525623,C2
-0.06665717310883976,C2
-0.06256399521522846,C2
-0.09088462757185632,C2
0.07322561865535712,C2
-0.10293896366006783,C2
-0.14176752540263868,C2
0.007932047983171368,C2
-0.012456349344688757,C2
-0.028253079864523176,C2
0.008719252411753284,C2
-0.10514645826358206,C2
-0.03967110765650361,C2
-0.08049026417857946,C2
-0.015635890561032713,C2
-0.15394803514958344,C2
-0.028211731383104368,C2
-0.055023511998368295,C2
-0.009691825800899855,C2
-0.09718345580029925,C2
0.016512614674323627,C2
-0.10590365308543806,C2
-0.06985174839433204,C2
-0.03098783657054414,C2
-0.041094509437638066,C2
-0.10338992149619124,C2
-0.06342676622789235,C2
-0.06708828125420177,C2
-0.03264900387492839,C2
-0.07874628424673538,C2
-0.1553493523226631,C2
-0.05361812884910083,C2
-0.007033195206257565,C2
0.048038731047516055,C2
0.00325066572482597,C2
-0.07404151899820303,C2
0.03602907906628231,C2
-0.07660256763806336,C2
-0.12821548109279327,C2
-0.11797969251123393,C2
-0.06681650663307298,C2
-0.016724827532566156,C2
-0.0636462025282965,C2
-0.018372588623501333,C2
-0.09407827446965905,C2
0.125566247165958,C2
-0.036017752063216286,C2
-0.07456185124435544,C2
-0.09622049339899699,C2
-0.01427787115878304,C2
-0.07116068605371209,C2
-0.010322867560240355,C2
-0.031133857781246797,C2
-0.01396374633213374,C2
-0.0849816715587261,C2
-0.10573666649790397,C2
-0.048729220250486566,C2
-0.07029829254297147,C2
-0.0878755501492236,C2
-0.12540368203607788,C2
-0.0367567206246547,C2
-0.10061118943641228,C2
0.00303233383558051,C2
-0.05468296058021789,C2
-0.0210282955761194,C2
0.05306189248695983,C2
0.018512886164326097,C2
-0.05813254765392661,C2
0.06363769360293314,C2
0.07239948726852483,C2
0.1477525808421192,C2
0.04391696716604508,C2
-0.02195291176922274,C2
0.054985683605986435,C2
-0.027197306079872148,C2
0.01823882364095025,C2
-0.029560223630986752,C2
-0.051747048424490696,C2
-0.04659612473654341,C2
0.017093273820871082,C2
0.03341041989331323,C2
-0.037864586582520815,C2
0.031587906128627614,C2
-0.043263119052473806,C2
-0.055529748789537835,C2
0.09398203667629806,C2
-0.10769717646355359,C2
-0.13725284340785152,C2
-0.0806328407165802,C2
-0.02528333935586808,C2
0.03190112157620311,C2
-0.11066796825810912,C2
-0.12236471349381195,C2
-0.0816264762683741,C2
0.002859361282117813,C2
-0.1072305320366699,C2
-0.10504766461344221,C2
0.028205386898428893,C2
-0.05133915822376203,C2
-0.04645754420986467,C2
0.0446620924778081,C2
-0.020824442393100932,C2
-0.10976859941922365,C2
0.02231678232922858,C2
-0.03049625402193544,C2
-0.019834398292144676,C2
-0.11076500647730733,C2
-0.10738143405321185,C2
-0.03669433338615168,C2
-0.10765264750249069,C2
-0.14171557289862663,C2
0.04715938573282885,C2
-0.028075192996526027,C2
-0.03899218865143819,C2
-0.07040870557279325,C2
-0.03142600342799348,C2
0.07421963975912294,C2
-0.0011094693643157044,C2
-0.015534085328112138,C2
0.027301159095943883,C2
-0.13843916520861416,C2
-0.06210709658518863,C2
-0.06416903221226633,C2
-0.023633874786506477,C2
-0.001822212380807521,C2
-0.03662366698006078,C2
-0.09912341335928007,C2
-0.07725756410998426,C2
-0.07245919304041203,C2
0.03994707517633787,C2
-0.21157796570234727,C2
-0.057021023014805335,C2
-0.12000012816172277,C2
-0.1226416699267675,C2
-0.08616045419896178,C2
-0.06563973231103533,C2
-0.13085097195561146,C2
-0.03506890389307415,C2
-0.11601020918801455,C2
0.010721517029909079,C2
-0.1308971698109756,C2
0.05843478416053669,C2
-0.12696872286715497,C2
-0.10939833989140305,C2
-0.2142895531330825,C2
-0.06934886453109237,C2
-0.05330907758900553,C2
-0.044993451032747,C2
-0.17632028272188793,C2
-0.0916301718101514,C2
-0.04698195912469616,C2
-0.0572224803352086,C2
-0.03220589539834218,C2
-0.1403524490555749,C2
-0.0782015162523585,C2
-0.07681853153035213,C2
-0.13971738729086935,C2
-0.1112210428970904,C2
-0.16864807624127934,C2
-0.14830173307168723,C2
-0.03186379944884861,C2
-0.15194510778163925,C2
-0.07787768471968985,C2
0.01372090121187626,C2
-0.045784555526840784,C2
-0.10022821433502585,C2
-0.05465819661964075,C2
-0.10253086026346063,C2
-0.05054873150992694,C2
-0.050807811908638846,C2
0.027326750282283364,C2
0.04540763210392029,C2
-0.08237488125150758,C2
0.061208128631186076,C2
0.032285111730689486,C2
-0.04366785158557044,C2
-0.1423379885707866,C2
-0.09704943471259561,C2
-0.016683589434257157,C2
-0.04388838788886611,C2
-0.02877226105399301,C2
0.010189042364901701,C2
-0.08433292691363412,C2
-3.1681176149905843e-4,C2
-0.012694045683923905,C2
-0.15451963350272604,C2
-0.06076547446560762,C2
-0.04078357521246201,C2
0.009391372193427016,C2
-0.08149616152780002,C2
-0.05869881168456545,C2
-0.09876303464040778,C2
-0.08957510465201927,C2
0.07508917757852644,C2
-0.03712114169812657,C2
-0.024551243753165017,C2
0.051392711172138464,C2
-0.068002953995421,C2
-0.03898134000920986,C2
-0.09427681731310508,C2
-0.035506267682215514,C2
-0.03632624502758288,C2
-0.0035477540124366144,C2
-0.04149407209906389,C2
0.02514313063509009,C2
9.543567105238515e-4,C2
-0.08047519341709355,C2
-0.006558581725871426,C2
0.03317160657349105,C2
-0.016461591139530895,C2
-0.0744153092929216,C2
-0.08152947370859366,C2
-0.04001228609722888,C2
0.05809372239745321,C2
-0.07188093284213566,C2
-0.043919046626552535,C2
-0.049406049936237165,C2
-0.021786597151338464,C2
-0.03866543321356974,C2
-0.021237084860732246,C2
-0.11199465083552723,C2
-0.05255180301863564,C2
-0.0706153775733803,C2
-0.0303631938355039,C2
-0.10913631348773213,C2
-0.08327588704220304,C2
-0.1681756052595873,C2
-0.002760746265812347,C2
0.09764022712700673,C2
0.056271586917793256,C2
-0.014943525842297314,C2
-0.11761219481811001,C2
0.059692361441620004,C2
-0.1261993327186652,C2
-0.21657212679267154,C2
-0.049669170707811364,C2
-0.10510052399013418,C2
0.12882690359832827,C2
-0.08353153061998145,C2
-0.1550464074864174,C2
-0.05356682416584632,C2
0.07880734067049756,C2
0.017930493002712513,C2
-0.09118381936913764,C2
-0.13777003204870936,C2
-0.023268072967577505,C2
-0.0019610625933181997,C2
0.06414577052735494,C2
0.02813153012623479,C2
0.0277235285583372,C2
-0.060033832103470644,C2
-0.10750703806594343,C2
-0.09058152848514466,C2
-0.05658652184667136,C2
-0.06802063964667197,C2
0.09342465996809926,C2
-0.046102793610078734,C2
-0.11153795804248144,C2
-0.016780868347016198,C2
0.08316956374633178,C2
-0.1572224155843965,C2
-0.057850711143775546,C2
-0.08668144326341455,C2
-0.08271320895710083,C2
-0.08646290590442542,C2
-0.11016540740053037,C2
-0.06957249670692237,C2
-0.07283216822007225,C2
0.04448571907072016,C2
-0.0017671078409659605,C2
-0.1505461269979666,C2
-0.016681830684132554,C2
-0.016792632070686438,C2
-0.11917914406161237,C2
-0.1027793797208564,C2
0.05829278586896686,C2
-0.02030568484250598,C2
0.07473058864586538,C2
-0.09109735059801527,C2
0.015116171350647401,C2
-0.021865398115417656,C2
-0.022832152029783316,C2
-0.15006151450918714,C2
0.06868756092445935,C2
0.05424017281400106,C2
0.014990978776043176,C2
-0.19246579288308777,C2
-0.0037086428363466845,C2
0.1394493620930956,C2
-0.09845783606026037,C2
-0.10778071190300079,C2
-0.10321484342368939,C2
-0.04559657208514445,C2
-0.2226881964329397,C2
-0.028517676805562487,C2
-0.0046626402285887755,C2
-0.008647111233095098,C2
-0.05226692252839758,C2
-0.07713675925279424,C2
-0.07474816864089491,C2
0.0062118332763016065,C2
-0.15532051171168965,C2
-0.05358719770604077,C2
0.058722795600924554,C2
-0.06924295546655967,C2
-0.14300839878858487,C2
0.055198965993580505,C2
0.004581582660154855,C2
-0.010502705814471068,C2
-0.04221125365391852,C2
-0.0043894391392705,C2
-0.1363175045188981,C2
-0.1486629901414955,C2
-0.040445646972541556,C2
-0.037649886476853314,C2
-0.07799714170781569,C2
-0.1191402303691159,C2
-0.17350452687674528,C2
0.008084096757971532,C2
-0.11048712283526656,C2
-0.0656213198015984,C2
-0.02184874777875702,C2
0.0179404597531891,C2
-0.08107220944790412,C2
0.028909537326646376,C2
0.012514064488752464,C2
-0.11498534992923239,C2
0.001966558444426888,C2
-0.0045947755556631775,C2
-0.18053172235126516,C2
-0.044290942818050016,C2
0.006378414872735436,C2
-0.10013016188049191,C2
-0.04442205214101658,C2
0.022222085282929432,C2
-0.031494594791276,C2
0.03298621609458358,C2
-0.002818821851232483,C2
-0.06361301386864071,C2
-0.005586533627787799,C2
-0.10377179824395144,C2
-0.043612872881016056,C2
-0.07225509269339614,C2
-0.11448446991049174,C2
-0.104508425720705,C2
-0.06986434454015622,C2
-0.1751539988067304,C2
-0.12420025173193866,C2
-0.0913290252075471,C2
0.023808883511568513,C2
-0.04442205214101658,C2
0.07663724954030782,C2
0.0603483565130065,C2
-0.06656890970562385,C2
-0.1127821333423735,C2
-0.08965103645409607,C2
-0.17583999797764885,C2
-0.10539697956005886,C2
0.05644496876560338,C2
-0.09628717284876805,C2
0.020902620965304188,C2
-0.03840220820620243,C2
-0.04331460538725544,C2
-0.012565729743135357,C2
0.026508734024568645,C2
-0.027768385554860817,C2
-0.10105639940534974,C2
-0.04011049152006156,C2
-0.05585000439437267,C2
-0.06035226481332072,C2
-0.11747829772755579,C2
-0.08317965017242031,C2
-0.13625598975086842,C2
-0.012373866544540847,C2
-0.11947836457987496,C2
-0.13778602594759615,C2
-0.08269814520042906,C2
-0.13191965337942327,C2
-0.09468039167921598,C2
0.02075702352471822,C2
0.07187475678938923,C2
-0.055302501937240525,C2
0.0014940174945348274,C2
0.026888843292270405,C2
-0.24759604570689522,C2
0.04428463607649961,C2
0.009678661370037542,C2
-0.09737525316013551,C2
-0.027407400518393583,C2
0.04182340275616228,C2
0.10081364150953304,C2
0.10959974474561154,C2
-0.11090631243283322,C2
-0.06061772008592279,C2
-0.07390835309484936,C2
0.03855724931928733,C2
-0.09451780894712529,C2
-0.057792385886947586,C2
-0.005597394347118027,C2
0.06288039278900473,C2
-0.07605852733066265,C2
0.011496819372958378,C2
-0.1817085102922629,C2
0.043669999239841106,C2
-0.018190486978195274,C2
-0.039507211208867285,C2
-0.0015060750586911517,C2
-0.11658086653156584,C2
-0.053689717141527704,C2
0.06958570552385814,C2
-0.05301765786167843,C2
-0.17475441522681046,C2
-0.02448619204288011,C2
-0.013973987242567414,C2
-0.0429181689290408,C2
0.011102015376399613,C2
-0.046715590554724656,C2
-0.08506111694344431,C2
0.035978016368086264,C2
-0.0035593873042127143,C2
0.013771582034025773,C2
-0.058873098108357204,C2
-0.05301648312316917,C2
-0.01852928142356021,C2
0.1463278941838904,C2
-0.004476984634588885,C2
0.05712101240697901,C2
-0.109841528308886,C2
-0.12567398433638774,C2
-0.04167327968550322,C2
-0.03720305008194947,C2
-0.1524883490751314,C2
-0.05813878940002288,C2
0.04053691993451562,C2
-0.012600360984287545,C2
-0.12488636706967499,C2
-0.07714308720680707,C2
0.03558811759919875,C2
-0.024653362046691687,C2
-0.11353727395941282,C2
0.02112103718481797,C2
-0.03215458876763583,C2
-0.11136689016442702,C2
-0.0033901569608327355,C2
-0.018803425322634917,C2
-0.0678702495736114,C2
0.027159248276308723,C2
-0.017688077299466972,C2
-0.07296758121470942,C2
0.03403451168891958,C2
-0.006770794777139197,C2
-0.09493246032087077,C2
-0.01916032627396297,C2
-0.07288721355276702,C2
-0.008218380839128719,C2
-0.032210367055980696,C2
0.030332216316987647,C2
-0.06422923330142011,C2
-0.008789586626599427,C2
-0.12533017110193806,C2
-0.1511207510337824,C2
0.0057983109528810806,C2
-0.033982247346783054,C2
-0.022271961091277853,C2
-0.057792385886947586,C2
-0.09613469600991226,C2
0.005843704853435291,C2
-0.060722429766969205,C2
-0.10092023772795577,C2
-0.07740814165862031,C2
-0.06292036434744262,C2
-0.007126195134202994,C2
-0.05568249135842873,C2
-0.020356141372584832,C2
-0.10053030124951809,C2
-0.020964654056362074,C2
-0.00975698316754589,C2
-0.05386122425131686,C2
-0.08223554708821892,C2
0.02731436762930832,C2
-0.014187824869061921,C2
-0.007045354084817993,C2
-0.09030058799857907,C2
-0.11858974462139783,C2
-0.1266919385359267,C2
0.02690125565247633,C2
-0.07394008027930053,C2
-0.006692098303173834,C2
-0.01666636982849852,C2
-0.09651229041926176,C2
0.02211572824274085,C2
-0.12667081718025333,C2
0.09963183281429393,C2
-0.0357238332777156,C2
-0.028945107885653753,C2
-0.016251957304598663,C2
0.028590050143323883,C2
-0.015515899470144048,C2
-0.0512038494874419,C2
0.039659090379818546,C2
0.04376188637015513,C2
0.08803893472267853,C2
-0.028320901098790652,C2
0.009119357145067467,C2
-0.17348753195874478,C2
-0.08944100342013045,C2
-0.036599779787091113,C2
-0.11734669984149539,C2
-0.09051819799491177,C2
0.024296220180839587,C2
-0.10378402974922196,C2
0.06752498771087902,C2
0.05811884243558154,C2
-0.034448762277476605,C2
0.01980802434679502,C2
-0.07614373887484907,C2
0.0691588933989649,C2
0.03870815504938111,C2
-0.049622190987049744,C2
0.047717065595277205,C2
0.02430335671339935,C2
0.0011619541001478442,C2
0.03869932936167192,C2
-0.10946120825054899,C2
-0.001977179590435127,C2
-0.023356062639435626,C2
-0.01129055937168899,C2
-0.214856650522438,C2
-0.11708901278138685,C2
0.029920273696569515,C2
-0.11576816886573929,C2
0.06061649755756243,C2
-0.006693979528696877,C2
-0.09777052812721543,C2
-0.10495062802351678,C2
-0.01011917778657389,C2
-0.14132008784117234,C2
-0.1001374719311922,C2
-0.005432310280672467,C2
-0.06748917984046299,C2
-0.020274098598771648,C2
8.96698035382712e-5,C2
-0.05255180301863564,C2
-0.12120725145425411,C2
-0.06201637629038351,C2
-0.056764491144065135,C2
0.0032818614656515144,C2
-0.05081108480195761,C2
-0.11490695306540905,C2
-0.16122556478210273,C2
0.01060078952708289,C2
-0.01689665156987734,C2
-0.0328527042756098,C2
-0.1124019792032049,C2
0.0827513508435618,C2
-0.07991628838141446,C2
-0.01852289998082096,C2
-0.07381898016187437,C2
-0.021237084860732246,C2
-0.0648684145924216,C2
-0.11622314829114358,C2
-0.04445832299465122,C2
0.1482550186463928,C2
0.007038914972886851,C2
-0.01798334342189506,C2
-0.020199849622005262,C2
-0.10104019799430333,C2
-0.059098216291352125,C2
-0.0615146145900481,C2
0.004723149064678175,C2
0.005988880761361788,C2
-0.04242358273903639,C2
0.04816774345349781,C2
-0.013205984201993204,C2
-0.10916188303604674,C2
-0.0030055717637025928,C2
-0.08696652208749718,C2
-0.024509987816594293,C2
-0.015371469106599568,C2
-0.05361154895231278,C2
-0.010840811832033326,C2
-0.029617808955351294,C2
-0.12341298514035468,C2
-0.04270367083188817,C2
-0.05297592210324942,C2
-0.15050731772033543,C2
-0.028020673569462615,C2
-0.12953545821129286,C2
-0.10579656727047385,C2
-0.015427312383249358,C2
0.05476308896563114,C2
-0.058686598515766464,C2
-0.011541452375488167,C2
-0.12843234513190385,C2
0.033655555404478094,C2
-0.0706153775733803,C2
0.04333915979951082,C2
-0.03182205906086706,C2
-3.578524119431615e-4,C2
-0.08018104800204158,C2
-0.14147898487732172,C2
-0.04490533684344665,C2
-0.09088699956614509,C2
-0.04578848194373016,C2
-0.1045710628245595,C2
-0.021924445223084413,C2
-0.04549557451611268,C2
0.048382283269007294,C2
-0.012710065013631557,C2
-0.0017159367628232503,C2
-0.03526063913938997,C2
0.07539309932023645,C2
-0.03748869175382227,C2
-0.16544849542456844,C2
-0.033674332894354744,C2
0.026025643673344586,C2
-0.058971381390315894,C2
-0.06736026362420296,C2
-0.12289441705541469,C2
-0.1222938049777127,C2
-0.0286649343690065,C2
-0.18670484667571452,C2
-0.035015567709425696,C2
7.281794255152166e-4,C2
-0.07646928444774871,C2
0.02245573784298098,C2
-0.03992537170771595,C2
0.0337160294470894,C2
-0.008929361931878273,C2
-0.024640120765643307,C2
-0.016056854707347218,C2
-0.16505618358643218,C2
0.010389868100675204,C2
-0.07119137238755523,C2
-0.04824067443100795,C2
0.03953138338552309,C2
0.08400686316403383,C2
0.10842751040197826,C2
0.025041077075544815,C2
-0.09301802844441362,C2
0.022564251654046536,C2
-0.06731638187358198,C2
-0.03774039503569951,C2
-0.13542186864044875,C2
-0.10065682905482953,C2
-0.008010574976431213,C2
-0.05801116418736809,C2
-0.0029567966708709606,C2
0.029920273696569515,C2
-0.020199849622005262,C2
0.006497677322057648,C2
0.04219583626747077,C2
0.008049477959102744,C2
0.06315989584936765,C2
-0.018330558778262403,C2
-0.11002142593164983,C2
-0.020294298183820975,C2
0.0413999656762494,C2
-0.08831104965967987,C2
-0.1396101364090876,C2
0.05236221042889822,C2
0.0874939133365028,C2
-0.012896515538069232,C2
0.009674114698474845,C2
-0.16299899988073654,C2
-0.05226692252839758,C2
-0.014187824869061921,C2
-0.149061272714135,C2
0.037887062799549454,C2
0.007693206816378403,C2
-0.06298556179811948,C2
-0.015153141342576245,C2
-0.04601428085856556,C2
0.011235831018452713,C2
-0.002611861554649932,C2
-0.0911642658719724,C2
-0.12056053170290237,C2
0.05231931133365647,C2
-0.18755462057335193,C2
-0.19132950137223678,C2
-0.15514015153455615,C2
-0.05315490244429543,C2
-0.07496399743763045,C2
-0.13285123478768673,C2
-0.13598553627764545,C2
-0.14681180753650297,C2
0.024337812728002943,C2
0.026900310500564135,C2
-0.026841854378425123,C2
-0.020904958110871345,C2
-0.08294591166835974,C2
-0.066011627762628,C2
-0.11550178937877778,C2
0.02051560384539929,C2
-0.08724702216029637,C2
-0.2252924290355728,C2
-0.05124907505077804,C2
0.07537201328487933,C2
-0.07266167283048672,C2
-0.13728075967524145,C2
-0.12873538900365805,C2
-0.05340357906284894,C2
0.032275945646825885,C2
0.041619590990641935,C2
-0.025458007415456153,C2
-0.08913209144039667,C2
-0.026267976453853054,C2
0.06850783012087205,C2
-0.11369806798099093,C2
0.001655587855049153,C2
-0.05264700289046457,C2
-0.029683824033868603,C2
0.10894352607541127,C2
-0.050433370909552626,C2
-0.039202255456277695,C2
-0.04926107795940613,C2
-0.16669979849319336,C2
-0.06744993038188925,C2
-0.032252578997820705,C2
-0.001135133244982392,C2
0.023824813998226946,C2
0.033393262683768556,C2
-0.025304899371290365,C2
-0.014903927248943773,C2
0.06445389271823743,C2
-0.03017081411142072,C2
0.10287269752821292,C2
-0.03023706693225697,C2
-0.002711526094774562,C2
0.03629407555448458,C2
-0.16099808069207666,C2
-0.08550869290927923,C2
0.024276738627266994,C2
-0.11162306250806103,C2
-0.08621189743266214,C2
-0.10176696156596006,C2
-0.11567164441688821,C2
-0.052334127602926814,C2
-0.03351217876349978,C2
0.09903949085452639,C2
0.01956902761792357,C2
0.0781467122125915,C2
-0.018746399950640417,C2
-0.0695415342722839,C2
-0.11922435479367191,C2
-0.1095043608754506,C2
-0.08345640045622446,C2
-0.09196243754232059,C2
-0.0183002898089466,C2
-0.09241968028003181,C2
-0.06659331908098562,C2
-0.010651009057227198,C2
-0.07656208332606318,C2
-0.03576091673403251,C2
-0.0969653324596157,C2
-0.05129142134868747,C2
-0.06254273458650586,C2
-0.1245982195473516,C2
0.013700730475081108,C2
-0.02691023405165495,C2
-0.07895819745037488,C2
-0.11744679793674466,C2
-0.09226412194730226,C2
-0.12067941809236561,C2
0.005247048914240528,C2
-0.05782603562543395,C2
0.024497374843977706,C2
-0.028223941673271927,C2
-0.0035585318432932262,C2
-0.020648830812025606,C2
-0.010167699856441434,C2
-0.015395211340818844,C2
-0.02285480078045683,C2
-0.030322774028850977,C2
-0.009317583706196285,C2
-0.08192925543723545,C2
-0.0288229135724987,C2
-0.07232721023825012,C2
-0.07118673964822632,C2
-0.1255881182795369,C2
-0.025089473677759724,C2
-0.08132886735515818,C2
-0.053894128048002664,C2
-0.001065249577395011,C2
-0.06553966824755646,C2
-0.010127753542414363,C2
-0.14202747767958124,C2
-0.16284234911724127,C2
-0.139409569367238,C2
0.0062882819886959165,C2
0.10672540086962054,C2
0.06606071173333508,C2
-0.03976756099347818,C2
-0.06376055549854333,C2
-0.052199187046058214,C2
-0.11646375417657943,C2
-0.12184497133320593,C2
-0.007098896661678836,C2
-0.12249557877692283,C2
-0.0985801085010633,C2
-0.11076547276044038,C2
-0.07815840272569281,C2
0.013641938915196706,C2
-0.10285403517840364,C2
-0.054369777129908516,C2
0.034998390498902555,C2
-0.07458562424264346,C2
-0.05861905617045226,C2
0.07192353026246492,C2
-0.09161411996885728,C2
-0.006205518413142069,C2
-0.01156825492540704,C2
0.04183322316347139,C2
-0.02780268552490895,C2
-0.10944043258384728,C2
-0.002902960938499995,C2
-0.046021229456400754,C2
0.0648870002448111,C2
0.047978857475688856,C2
0.043007731259293885,C2
0.007653962766743901,C2
-0.10557168165935024,C2
-0.03919808624786027,C2
-0.08520562140047255,C2
-0.06889203459442526,C2
-0.08314731584424563,C2
-0.02011020955115618,C2
-0.030342277885267707,C2
0.03346160524406186,C2
0.01409046999508817,C2
-0.05742827255165809,C2
-0.136524888255202,C2
0.03086675802042469,C2
-0.023314019295780364,C2
-0.15678221978552814,C2
0.004084423369308168,C2
-0.027674758864501787,C2
-0.06496747501211403,C2
-0.10638558508216013,C2
-0.030442023140040284,C2
0.014580936599474426,C2
-0.06081733374571577,C2
0.05945479743508698,C2
-0.06465293101196083,C2
0.02191752694441456,C2
-0.0840913556277047,C2
-0.18853653828858274,C2
0.0580480869707337,C2
-0.08169153762752569,C2
0.025272145928214258,C2
-0.10310315615261142,C2
-0.1299938833311768,C2
0.04907383970867159,C2
0.013212818549346583,C2
-0.07708456916328671,C2
0.04806898828462869,C2
0.05919640855006854,C2
-0.0826177097286469,C2
-0.007098896661678836,C2
0.00849307295794577,C2
-0.043999675734226376,C2
8.570664156860724e-4,C2
-0.15384915215718914,C2
-0.016406777582120897,C2
-0.011818737264216655,C2
-0.017129089647599176,C2
0.042646287225599294,C2
-0.04338793433071112,C2
-0.09377458059404373,C2
-0.023694398679661326,C2
0.034774311258508585,C2
0.04517064509176862,C2
-0.11957105792782098,C2
0.07522577717586196,C2
-0.042473943736972955,C2
0.0044478784165545016,C2
-0.09635911433994301,C2
-0.0161456178684275,C2
0.023477148402354635,C2
0.0937045944946059,C2
-0.07444976447290015,C2
-0.13121429930366293,C2
-0.0013791059236159635,C2
-0.177068857112369,C2
-0.05314597166011048,C2
-0.07493665768574266,C2
-0.0537337213835905,C2
0.07781993523725125,C2
-0.05797320059033476,C2
0.0718763128290682,C2
-0.10453310492484436,C2
-0.06738699071092402,C2
-0.0731164617675908,C2
-0.06161932772605099,C2
-0.10412150332750061,C2
-0.0272796551958025,C2
-0.06305983044469016,C2
-0.15101172500231236,C2
-0.09474839254382664,C2
0.009470209575881003,C2
0.09044826992656038,C2
-0.061208612830701226,C2
-0.1387288919098341,C2
-0.04464875384726719,C2
-0.1691996490614922,C2
0.01610854135730027,C2
-0.06604914560395093,C2
0.032910044494375665,C2
0.009359870462218936,C2
-0.014339569997789098,C2
0.022258880129260136,C2
-0.033749068627851576,C2
-0.04868840838249904,C2
-0.04324555938226425,C2
-0.025865284753001504,C2
-0.04620966862994591,C2
-0.13833717523901937,C2
-0.07022009173617103,C2
-0.07986827346767318,C2
-0.06515147140538505,C2
-0.03511017429783746,C2
-0.03587751258498101,C2
-0.08869909571075761,C2
-0.031014833237091963,C2
-0.14310511357565908,C2
-0.10260982710379582,C2
-0.06200012875269999,C2
0.04716381857185169,C2
0.022308860780612217,C2
-0.1376794336578241,C2
0.014555713420523655,C2
-0.15320221518970348,C2
-0.05867819698131747,C2
-0.03243406959460339,C2
0.02320972575249708,C2
0.054560966937003165,C2
0.03332939983729384,C2
0.030209873171184454,C2
0.03980006371614052,C2
-0.0441902621995283,C2
0.03050731662407652,C2
-0.039299448728153656,C2
-0.04593136837110037,C2
-0.08546285996274869,C2
0.10424745952292795,C2
-0.07939002665608483,C2
-0.011128520307390933,C2
-0.016959751860832033,C2
-0.07683075386319468,C2
-0.056572024699147516,C2
-0.12620795115797198,C2
-0.0513838399514515,C2
-0.22109687845368167,C2
0.05072051593475217,C2
-0.024622986570928762,C2
-0.006805923497428652,C2
0.049196710116019796,C2
-0.04607679026965886,C2
-0.1767633159654902,C2
-0.06604513664866782,C2
-0.011670094148591229,C2
0.05706556202014348,C2
-0.04912598110650209,C2
-0.05881441480854586,C2
-0.06563941744487622,C2
0.08506469398752145,C2
0.06585913292645582,C2
-0.05635763580728416,C2
-0.14008523121972594,C2
-0.17372130725215437,C2
-0.07068523081593339,C2
-0.1920371427828812,C2
-0.14745047012638812,C2
-0.1004015720667441,C2
-0.03517972191141822,C2
0.0156739423065147,C2
-0.010167473301520229,C2
-0.17702913832965267,C2
-0.0040783338176719145,C2
-0.04806395358441762,C2
0.05904217142381657,C2
0.06057692124568214,C2
-0.026378825779173498,C2
2.4579224184046594e-4,C2
-0.023376261266336806,C2
0.004739995595296552,C2
0.02680519929462248,C2
-0.008707948373533968,C2
-0.012502351076290816,C2
-0.1297334141404507,C2
-0.1917597070998643,C2
-0.08443083416201973,C2
-0.08582308365342659,C2
-0.09996280907843565,C2
-0.008598197806386872,C2
-0.09508055329443474,C2
0.010916028351564654,C2
-0.09677005164916216,C2
-0.008932302012096091,C2
-0.08882274454018942,C2
0.01981480784719135,C2
0.0038678862119497504,C2
-0.034700726541629916,C2
0.048150656888208986,C2
0.002720387935765548,C2
-0.053128785769686236,C2
0.011682742666038751,C2
-0.084842428011586965,C2
-0.01896692044195787,C2
-0.08528239118877813,C2
0.04930536034816122,C2
-0.09707069256038968,C2
0.0025185466361157946,C2
-0.00070904431689171495,C2
0.00778190971161781,C2
-0.08367422657642995,C2
-0.07098732775916229,C2
-0.07474234519122573,C2
-0.09590485752999325,C2
-0.09851785614854877,C2
-0.016968542674763526,C2
-0.020899696431983677,C2
-0.07116657045686145,C2
-0.03894815308795574,C2
-0.049679617738526916,C2
-0.03242968058236474,C2
-0.06515147140538505,C2
-0.007236196016501673,C2
-0.03349188127573375,C2
-0.054498056379499615,C2
-0.03216389585748473,C2
-0.16921741015969563,C2
-0.06691487674672086,C2
-0.15101172500231236,C2
-0.07628292172417038,C2
-0.045594662244670375,C2
-0.15461393109637764,C2
-0.1448618893530017,C2
0.017783622384742084,C2
0.03204046117991963,C2
-0.14438989783015801,C2
-0.039646852063622104,C2
0.10057949374539908,C2
-0.050958599312323535,C2
-0.048948893944492304,C2
0.012224922483396329,C2
-0.06995515321174547,C2
-0.006283190217370414,C2
0.07621470568925606,C2
-0.08671948482552942,C2
-0.06782106785057429,C2
-0.1353675910277095,C2
-0.007913727080557799,C2
-0.049936176266003045,C2
0.052290401560085104,C2
0.015009795708037899,C2
-0.06436224602442556,C2
-0.09479413092753158,C2
-0.1830984663053558,C2
0.0338364358871767,C2
0.06190526585357194,C2
-0.045496940018710234,C2
-0.02188223507836476,C2
-0.0577405585347364,C2
0.054088073608117716,C2
-0.025252019416749386,C2
-0.01951636621424449,C2
-0.11075360693462141,C2
-1.5913186783408917e-4,C2
-0.10124999155959863,C2
-0.04651248919053848,C2
-0.0759375423661025,C2
-0.03231373128274531,C2
-0.05848496282680023,C2
-0.03466638519711121,C2
-0.13068343933963067,C2
-0.04217077024021324,C2
-0.0814933353578791,C2
-0.0866139209526818,C2
-0.016608582666574473,C2
-0.10619708435006711,C2
-0.014726655609868,C2
0.020595751783479943,C2
-0.09709492776591849,C2
-0.11005065438987553,C2
-0.12966211227840524,C2
-0.009392946820134413,C2
-0.01395963897500907,C2
0.09223094639217774,C2
-0.10193740452586317,C2
-0.17948929799932126,C2
0.04704954266370817,C2
-0.16258757436601845,C2
-0.17891573604864078,C2
-0.05845849030634556,C2
-0.030449777724720142,C2
-0.07459089997466015,C2
-0.10617630953592308,C2
0.16368801902452226,C2
0.002971196345756086,C2
0.03401589741915856,C2
0.015226617074051377,C2
-0.05358283604471369,C2
-0.09041912423230843,C2
-0.09979144051435931,C2
-0.11539796373901416,C2
-0.177068857112369,C2
-0.11150268994908089,C2
-0.04557188040340138,C2
-0.03667791725923916,C2
0.09525665650069151,C2
-0.15879078376665917,C2
-0.02731009762440203,C2
-0.05811877539020016,C2
-0.0384058554293247,C2
-0.16496919862496506,C2
-0.1576031894324185,C2
-0.09609874626420595,C2
-0.04322810571057738,C2
0.05648538090251244,C2
-0.0123760259715079,C2
-0.05582245360248732,C2
-0.06408697555639961,C2
-0.1428893133977789,C2
-0.04530073506151737,C2
-0.04848479047528366,C2
-0.18210347584003475,C2
-0.059457596211981247,C2
-0.026961088449679992,C2
-0.07266167283048672,C2
-0.10513393825757059,C2
-0.045941761763682074,C2
-0.07604983548426206,C2
-0.12533921708708215,C2
-0.05819768832922204,C2
-0.006687652902201104,C2
-0.046768936674140324,C2
0.029583919231594383,C2
-0.05937461426705247,C2
-0.04647716816061293,C2
-0.041571931351041105,C2
-0.06767306797148706,C2
-0.07537050684803781,C2
-0.09115425864801868,C2
-0.10893098801132352,C2
-0.09933338408572275,C2
-0.043145131928781014,C2
0.05479195996864202,C2
-0.12143945813818549,C2
-0.044807669125256765,C2
-0.0026107966225059065,C2
-0.0012814740720853354,C2
-0.07589662142189493,C2
-0.06810858997003712,C2
-0.043735289186876865,C2
0.11173043102111328,C2
0.0044478784165545016,C2
-0.1249721191233684,C2
-0.012366572718668527,C2
-0.14933926641925005,C2
-0.15741285464460358,C2
0.04124866399390266,C2
-0.22167651869218094,C2
-0.01814082322040502,C2
0.009470209575881003,C2
1.9551734994230352e-4,C2
0.05965268900414894,C2
0.1334865823166509,C2
-0.06175876883841286,C2
-0.040932421941758015,C2
-0.09483362340060676,C2
-0.0037643518050988027,C2
-0.0711443917559123,C2
-0.04932865681585495,C2
-0.13700065931919952,C2
-0.18506965240662465,C2
0.12280584446127984,C2
-0.044563699268325666,C2
0.02116949250611893,C2
-0.04407023285168425,C2
-0.1012939482557364,C2
-0.05319228185713129,C2
-0.053567116349206786,C2
-0.02064384690901902,C2
0.041137268077071645,C2
-0.22562976317729494,C2
-0.018923903794340932,C2
-0.012390773501922955,C2
-0.007548690314304829,C2
-0.04694602391968406,C2
-0.030942355406710302,C2
-0.11012988087073436,C2
-0.17792778320198865,C2
-0.07674489449235461,C2
-0.10753783127357376,C2
-0.03697546428459518,C2
-0.10431279045271151,C2
-0.11005506090114416,C2
-0.038992962618435816,C2
0.00258349551304185,C2
-0.19189375891533256,C2
-0.002200057658575569,C2
0.009396226453341112,C2
0.020853736771301777,C2
-0.08599148797864142,C2
-0.11533625175101765,C2
-0.054727265302797645,C2
0.0054198156668424854,C2
0.0067094083765682645,C2
0.013267722775516896,C2
0.0020672047745431688,C2
-0.042672710971859505,C2
-0.1327891898360044,C2
-0.03358329482207857,C2
-0.1306600433688764,C2
-0.07606883276061319,C2
-0.09053876730343907,C2
-0.12090104034252976,C2
0.0044066071098844,C2
0.0021713114683528795,C2
0.059477162726877426,C2
-0.029736982887314176,C2
-0.058669232864965906,C2
0.03166722502425103,C2
-0.08442052106176812,C2
0.005363159429303238,C2
0.07665051058058492,C2
-0.033940882717328286,C2
-0.15684149763515987,C2
-0.020249332170921147,C2
-0.15807846343291942,C2
-0.005223778786299774,C2
-0.09332235365371576,C2
-0.11713505779476917,C2
-0.0020797727767228047,C2
0.05022596512245857,C2
-0.10008363939549103,C2
-0.18190691368356507,C2
0.024071926881875007,C2
0.02880769377894262,C2
0.041807609328473244,C2
-0.05854952013726666,C2
-0.07277325800723741,C2
0.006255445170643678,C2
-0.07590160594934399,C2
-0.1823816354799394,C2
-0.03178327327799231,C2
-0.11311090098055382,C2
-0.01779409907054825,C2
-0.1989466553246797,C2
-0.19837242072198594,C2
-0.11099299388230657,C2
-0.0809703943051159,C2
-0.1167142364099064,C2
0.011979736960537484,C2
-0.2211017205799849,C2
-0.053567116349206786,C2
-0.0899660027830229,C2
0.013230505539031365,C2
-0.051083707025960434,C2
-0.07564969212023628,C2
-0.09550552374336771,C2
-0.08282940507573729,C2
-0.13797363833217757,C2
-0.08345841077304336,C2
0.10988456256192815,C2
-0.20743264755558954,C2
-0.1007770384389306,C2
-0.024521980830100855,C2
-0.03649930159743889,C2
0.038016704863353436,C2
-0.0455031953947666,C2
-0.017953751184812336,C2
-0.09652614201300659,C2
-0.10990707225714068,C2
0.06488435205915455,C2
0.010973037872239572,C2
-0.07705125252409539,C2
-0.021952048212776562,C2
-0.0075712389089818075,C2
0.1182140246442068,C2
0.07845741125930863,C2
-0.16720849495072945,C2
-0.11334956151124077,C2
-0.09606048107150858,C2
-0.0069399585827803825,C2
0.049819196344981276,C2
0.06512173751993465,C2
-0.005774599756067179,C2
-0.15421617012306882,C2
-0.0049630629106695474,C2
0.016892117352340974,C2
-0.06102995033034177,C2
-0.13716847596161064,C2
-0.09816527204069819,C2
0.012179152934711446,C2
-0.05956909648752309,C2
-0.054166889148560445,C2
-0.0844437493467161,C2
-0.0890676117491799,C2
0.02610064409036618,C2
-0.050745768144717276,C2
-0.04092380702961726,C2
-0.224578961077977,C2
-0.2130294771280426,C2
-0.15556105631103298,C2
-0.038619298545854795,C2
-0.11755887444276984,C2
-0.1247666200754868,C2
-0.03156594436908582,C2
-0.06313075561896636,C2
-0.053735138571163965,C2
-0.13094653935564976,C2
0.0668541785966768,C2
-0.06979325793224436,C2
0.006003377489928286,C2
0.014852332879383062,C2
-0.024061716263891454,C2
-0.11381033093075332,C2
0.014561286147651656,C2
-0.040942392101013275,C2
-0.005550725103656139,C2
0.025900550987873236,C2
0.007471395281819462,C2
0.013123564223790157,C2
0.06256438629133464,C2
-0.08889353590866642,C2
-0.09392877222817413,C2
0.0066306537321655715,C2
0.003073525733604414,C2
-0.06993436641357867,C2
-0.009393962216181502,C2
-0.0048556025945430265,C2
-0.005547128068107858,C2
0.028977726383226668,C2
-0.12855556829601453,C2
0.06683100451200776,C2
0.017203244736024255,C2
-0.12238065867005891,C2
0.033662601276717746,C2
0.04079345335439168,C2
-0.028581924522507754,C2
-0.09628104118301684,C2
-0.061039121905085786,C2
0.0666791574783539,C2
-0.13922646698481786,C2
-0.12755099361787578,C2
-0.06528602316522608,C2
-0.0441808854488097,C2
-0.0922863043816635,C2
-0.046397181852175895,C2
-0.10012023498464485,C2
-0.12042688562602784,C2
0.03244097476167835,C2
-0.07251191751781216,C2
-0.020180872447729342,C2
-0.07016431084107941,C2
0.014175182198490906,C2
0.015754272571192083,C2
0.04542639342506956,C2
0.06144116860207932,C2
-0.18182006603948533,C2
-0.15311259681448905,C2
-0.016686041357558808,C2
-0.016972073646955618,C2
-0.13326380786536127,C2
-0.12585558644085526,C2
-0.11409159889611147,C2
-0.058967194209142475,C2
0.005013581232716058,C2
0.002682504111953112,C2
-0.08717025004440243,C2
-0.07665747669550599,C2
-0.10548340275006116,C2
0.0588387620206414,C2
-0.13598683285759178,C2
-0.10690712955317055,C2
-0.014067961814809994,C2
-0.09793199247659996,C2
-0.08735906857667022,C2
-0.037861755007740194,C2
0.05309807836246953,C2
-0.04245658612979855,C2
-0.028663434970928655,C2
0.08586657022048387,C2
-0.0702575805417889,C2
-0.007451866557497411,C2
-0.01866773853349049,C2
-0.13212173739139726,C2
-0.12134057949066356,C2
-0.11661735723978449,C2
0.0839541821510784,C2
-0.004362289118235711,C2
-0.11470548582204534,C2
-0.0010094124374565028,C2
-0.03978591776891965,C2
-0.06412355088357331,C2
-0.04807283834521353,C2
0.07628708224601642,C2
-0.08300090701125666,C2
-0.12380941636316668,C2
0.014658816203031638,C2
-0.10097146030498962,C2
0.10610673582944233,C2
-0.03740008355703754,C2
-0.04574076173137767,C2
-0.02211941148230167,C2
-0.05777813938878395,C2
-0.004961381495974533,C2
-0.042007532885774995,C2
-0.1062623366358407,C2
-0.014503729802850418,C2
-0.08065827406270265,C2
-0.1217619067790244,C2
0.044811848514054134,C2
-0.05658417813393761,C2
-0.024310583602089895,C2
-0.0020960194564478424,C2
0.10957131203235401,C2
-0.044210422095186164,C2
0.04573929285201704,C2
-0.1196104888536013,C2
-0.024054063099527373,C2
-0.06359529738924047,C2
-0.12471888125566666,C2
-0.06643027888228131,C2
0.010086000460339882,C2
-0.05274190811221067,C2
0.08622447420181825,C2
-0.08120041280507438,C2
-0.14849103882598919,C2
-0.061723122275004406,C2
-0.15457994809257888,C2
-0.0075712389089818075,C2
-0.043805524596185474,C2
-0.16601246913690165,C2
-0.09808475268533806,C2
0.019120972231258165,C2
0.015333737290523591,C2
-0.158672259245178,C2
-0.05048865142713297,C2
-0.04648161611296221,C2
-0.08493260535810641,C2
-0.2330683973282566,C2
-0.11842640763861162,C2
-0.09004130070767973,C2
-0.20064701076186625,C2
-0.07083600476211566,C2
-0.04680407182684825,C2
-0.06819430266411033,C2
-0.03138673182653549,C2
-0.055443226080834906,C2
-0.12156446036628743,C2
-0.033919254133925617,C2
-0.08530922884063934,C2
-0.037880415931295104,C2
-0.061039121905085786,C2
0.07370744128657405,C2
-0.07157399989917006,C2
0.06480821928312996,C2
-0.03310564726231212,C2
-0.02671800062138217,C2
0.043892449411398596,C2
0.11181518497551511,C2
-0.09452675819529739,C2
0.073885522262785025,C2
-0.10292730542250642,C2
0.028191688088632698,C2
-0.00791010373326867,C2
0.0354255063380768,C2
0.007745723434317241,C2
-0.1335887291277985,C2
0.036767617875549316,C2
7.179396326800064e-4,C2
0.02056609458328311,C2
0.036564160154520554,C2
0.01983111345246677,C2
-0.05086558177351563,C2
-0.06784451847192036,C2
-0.06695660428565628,C2
-0.042659838363007324,C2
0.017261304226846616,C2
0.08769795230445866,C2
-0.0405769853667971,C2
-0.14336095183242945,C2
-0.09163743866318531,C2
-0.047519421504086765,C2
0.10149407812884713,C2
-0.008722461324289364,C2
-0.23019066282347722,C2
-0.09769566869510232,C2
3.7639980132229967e-4,C2
-0.12574567612527343,C2
-0.08802493797827209,C2
-0.030100583288977745,C2
-0.026341036678105147,C2
-0.10994918007247029,C2
-0.07355334250890046,C2
-0.08954094546126305,C2
-0.020805864200325486,C2
0.008235998980271622,C2
0.06938652393685302,C2
-0.11412322298659203,C2
-0.07018952647096902,C2
-0.0764817817333634,C2
0.0758888643840949,C2
-0.14365800202972362,C2
-0.11301203288521006,C2
-0.0048556025945430265,C2
0.0835194971829506,C2
-0.14535360830769742,C2
0.026021993920194234,C2
-0.05674863679484328,C2
-0.007818810160141992,C2
-0.09482159746903555,C2
0.04438186010819071,C2
-0.11222035768099939,C2
-0.01512131402868113,C2
-0.14416384773679664,C2
-0.08202036347101284,C2
-0.14600520259633465,C2
-0.04214099976286302,C2
0.03138840667335363,C2
0.005931536103842318,C2
0.005253967354495678,C2
-0.17020597273762064,C2
0.0034760746487563707,C2
-0.028202313388554875,C2
-0.04118425549187582,C2
-0.2274085125315758,C2
-0.05155910043802638,C2
-0.06844926924408312,C2
-0.014398561238063382,C2
-0.0023768106889878876,C2
-0.0954171850441548,C2
-0.06740032833118197,C2
0.013091032214152407,C2
-0.12405568320661658,C2
0.07585789784904126,C2
-0.029676837615158914,C2
-0.06127718350002918,C2
-0.0602512332316598,C2
-0.027818393349417297,C2
-0.15987711751507028,C2
-0.035417962669295845,C2
0.010296055441418976,C2
-0.054513466474372524,C2
-0.11703196220151768,C2
-0.10313651194840529,C2
-0.0033758253476080975,C2
-0.08256914707077012,C2
-0.14535360830769742,C2
0.08497802775603404,C2
-0.004479703873485036,C2
-0.07019297183226689,C2
-0.02461142730631187,C2
-0.09430579590786978,C2
-0.14940974775042412,C2
-0.10234162250688478,C2
-0.03776874692287903,C2
-0.017609610605062234,C2
0.034848332156918696,C2
-0.06310535718571733,C2
0.05756498066843729,C2
0.04946496920873253,C2
-0.036777576645642795,C2
-0.12835009682633175,C2
0.010313978931932054,C2
-0.02298923139086638,C2
0.04565151962683144,C2
-0.03334269457584578,C2
-0.0992626740290412,C2
-0.18228002945828714,C2
-0.12367881320440546,C2
-0.07161226849177785,C2
-0.009816200928564799,C2
0.02124445562335417,C2
-0.10763946867063988,C2
-0.006431143045306863,C2
0.012236035975163456,C2
0.03116983534961338,C2
-0.12483705952879036,C2
0.05860618750998311,C2
0.04135349764246755,C2
0.014033896548841303,C2
5.901663812184488e-4,C2
-0.10554712113826617,C2
-0.1312009437091308,C2
-0.0406335430907051,C2
-0.03021936457530626,C2
-0.09365276075845383,C2
-0.04322241907459946,C2
0.02465857513786337,C2
-0.05888801426344392,C2
-0.1146525187131842,C2
-0.07769371655967294,C2
-0.07172680338026585,C2
-0.19154619928993558,C2
0.014842805206931396,C2
-0.03448508747958791,C2
-0.08481235164127662,C2
0.005593004148559479,C2
-0.003049604009652984,C2
-0.11938994891852829,C2
-0.03917833253860144,C2
0.002298905676206088,C2
0.03491063320508782,C2
0.027471107951132993,C2
-0.05645407795277853,C2
-0.0806391088873734,C2
-0.019121058698074844,C2
-0.08710916178466076,C2
-0.024536158701925652,C2
-0.02477081575035804,C2
-0.09488383945611444,C2
-0.15390384416810102,C2
-0.032322258761990866,C2
-0.012723095817048558,C2
-0.11462141515869814,C2
0.00701022075708134,C2
-0.15288783612355566,C2
-0.08965487990523298,C2
-0.08687184052985839,C2
-0.08659307110078346,C2
-0.021520879687635892,C2
-0.2070254837759064,C2
-0.0015614399557820659,C2
0.012767380651366258,C2
-0.07161353683824098,C2
0.010492665859912164,C2
-0.05751542631224277,C2
-0.11305737130033615,C2
-0.024164664728626176,C2
-0.030397368461023082,C2
-0.20943039452836815,C2
-0.053399634221465236,C2
-0.1728007887488175,C2
-0.02904942958107743,C2
-0.09634703783285646,C2
-0.06934586897850623,C2
0.026947483858811433,C2
-0.10728824801018874,C2
-0.12249203622332752,C2
0.007923668249124521,C2
-0.011044533856893538,C2
-0.1425466964274942,C2
-0.1177204516941231,C2
-0.04669419209948231,C2
-0.2166558811539096,C2
-0.14339735223531158,C2
-0.03552981338327558,C2
-0.1579155130305932,C2
-0.11975648779318854,C2
-0.07286276988264448,C2
-0.03384298069393106,C2
-0.13751767433973544,C2
-0.06199307143322791,C2
-0.08230963730772421,C2
-0.047684262733483404,C2
-0.023792019858769525,C2
0.035531126883696175,C2
-0.026362590996386943,C2
-0.06014676052478956,C2
0.0038012678466642844,C2
-0.05242402002708848,C2
0.029212262663452615,C2
-0.022761300718137388,C2
-0.06793845689682003,C2
-0.09557379502054636,C2
-0.10531941340230244,C2
-0.008731167320078073,C2
-0.14720916642504756,C2
0.0020359209777508006,C2
-0.010804280919190667,C2
-0.02425595618466006,C2
0.020232993379205352,C2
-0.0032819662078418035,C2
-0.03480320175953698,C2
-0.0973888464375657,C2
-0.13391009816271954,C2
-0.05003922490202739,PZ
0.19853948028405807,PZ
0.04903448847914604,PZ
-0.07691805567937608,PZ
0.09158780253860785,PZ
-0.14471534274859335,PZ
0.014744015068742927,PZ
0.11945867725129847,PZ
0.07691379378408315,PZ
-0.0024544828944982333,PZ
-0.10318813699732118,PZ
0.06275202874539552,PZ
-0.15845927765079576,PZ
-0.11016186705497764,PZ
-0.17378087189057534,PZ
-0.03628522214039684,PZ
0.00803013595004715,PZ
-0.12557505315033857,PZ
-0.018427098566519515,PZ
-0.026713235107635735,PZ
-0.061133512100093365,PZ
-0.07833083371891271,PZ
-0.1448442449687229,PZ
0.07638197786980948,PZ
-0.029245264726216573,PZ
-0.08944673128055204,PZ
-0.16188972986533673,PZ
-0.054841144691413324,PZ
0.12871430184473542,PZ
0.07796310519834941,PZ
0.25640376865420955,PZ
-0.015418627379698947,PZ
0.12474779410624989,PZ
-0.060461741769437354,PZ
0.1467159880761516,PZ
-0.05195669784034752,PZ
0.0505287212229001,PZ
-0.13685189510073303,PZ
-0.019957626068192565,PZ
0.04595929863676115,PZ
-0.11101283247448018,PZ
-0.1202272620307007,PZ
0.07056482476023454,PZ
-0.08027541249116996,PZ
-0.007799458743615539,PZ
-0.05402728066986265,PZ
-0.04824610699598124,PZ
-0.09037369927297849,PZ
-0.10465100387967338,PZ
-0.021715619389240208,PZ
-0.10099605615389609,PZ
-0.012700487573054224,PZ
0.03413557542018708,PZ
-0.07643715996937449,PZ
0.2219921044409936,PZ
0.10514962394079064,PZ
-0.06362976300009854,PZ
0.03634044736535151,PZ
-0.07557459493759613,PZ
0.04996651842910218,PZ
0.03997273582541339,PZ
-0.10582139452514164,PZ
-0.11590614713124718,PZ
0.05301370560221806,PZ
-0.0433625154464226,PZ
-0.021449358405438844,PZ
-0.11074458201591726,PZ
-0.15124194507005598,PZ
-0.048398184671548494,PZ
-0.032307168281564935,PZ
0.10401736150650472,PZ
0.0818957488003951,PZ
-0.12242784476954716,PZ
0.05232907899821242,PZ
0.007591483422844266,PZ
-0.09580182026601285,PZ
0.01079971990234503,PZ
0.05026775326046363,PZ
0.1473743165847665,PZ
-0.09856894859598024,PZ
-0.0069277484433542535,PZ
0.026975946654153683,PZ
-0.08694739147321778,PZ
-0.005709199629496779,PZ
-0.1548262143809937,PZ
0.07841768487656253,PZ
-0.021714449622711858,PZ
-0.024006741556684683,PZ
0.033095658217070154,PZ
0.1758157291754176,PZ
0.11889672190541724,PZ
0.016594145214883983,PZ
-0.07567469411416575,PZ
0.06980702470106456,PZ
0.031528390590658255,PZ
-0.05592285675054164,PZ
0.06108271561962981,PZ
0.04328897062762512,PZ
0.0993184949026815,PZ
0.09516984495057573,PZ
0.016095930167148484,PZ
-0.051597347519725646,PZ
-0.052359301545150685,PZ
0.11301710055530378,PZ
-0.11564840568025603,PZ
0.11247411205731411,PZ
0.1275392302727443,PZ
-0.12598346044071285,PZ
-0.17525498123403563,PZ
0.1321730266116512,PZ
-0.051633422072225876,PZ
-0.05842101800812011,PZ
0.14161999484123516,PZ
0.12732991846615627,PZ
0.11705309573881055,PZ
0.07071718772136795,PZ
-0.07994074246972735,PZ
0.0876979041875452,PZ
0.11999508239058157,PZ
-0.13899290721796306,PZ
0.007925320740731722,PZ
-0.15993507993829278,PZ
0.010129654457399082,PZ
-0.03645937185017893,PZ
0.02748297019074157,PZ
-0.03331109050527926,PZ
0.03175189651345624,PZ
-0.0676809395228287,PZ
0.09067706416790453,PZ
-0.19390123598237446,PZ
-0.1267766347232037,PZ
-0.025758783775064326,PZ
-0.012474762334960924,PZ
-0.06636727109556444,PZ
-0.017367234271166376,PZ
-0.14814926258196984,PZ
-0.05671432590666608,PZ
0.003201873473879055,PZ
0.010270903354318149,PZ
-0.10715250928503231,PZ
0.07217097549971464,PZ
0.08745275576667483,PZ
-0.013527655534502643,PZ
-0.07568766270805652,PZ
-0.16199308651984484,PZ
-0.12013359788741707,PZ
-0.04793002596236376,PZ
0.05823583912517249,PZ
0.06886089786801614,PZ
0.006850905993297032,PZ
-0.05391547057244332,PZ
0.06503715505136942,PZ
0.07380463156544516,PZ
-0.1207963841634522,PZ
-0.053763373834442005,PZ
-0.05856036168292139,PZ
-0.017395037734765688,PZ
0.06964934281023448,PZ
0.07049177899897836,PZ
-0.05627708068581964,PZ
0.015358139940193777,PZ
0.09663115443772022,PZ
0.15893212803595091,PZ
-0.04384308879228509,PZ
-0.16399182054097433,PZ
-0.055782349150158755,PZ
-0.15486182735949078,PZ
-0.03529035054252935,PZ
0.0504947006692265,PZ
-0.15032596708417517,PZ
-0.10244039801522294,PZ
-0.14883060854330382,PZ
0.09425226185158952,PZ
-0.0021147831460781655,PZ
-0.16293494494229732,PZ
-0.007347616981032361,PZ
-0.1672680778553967,PZ
-0.014767056515692678,PZ
-0.09343673041592751,PZ
0.04170026160479994,PZ
0.07974394862370786,PZ
0.06529868497563379,PZ
0.1498982262025083,PZ
-0.19780835959866405,PZ
-0.1822724579111767,PZ
-0.10598982665822147,PZ
-0.03240557591241738,PZ
0.09180730612406716,PZ
-0.04097045953033775,PZ
9.799146786558105e-4,PZ
0.01779708259520167,PZ
0.09319773233971068,PZ
0.10920829411236231,PZ
0.06483091651932393,PZ
0.14879745432661506,PZ
0.06234865813317124,PZ
-0.06849932701569938,PZ
-0.004693362375501512,PZ
-0.11634769425034601,PZ
-0.13960113034874885,PZ
-0.04605362917128583,PZ
0.006877029957329016,PZ
0.025090141071180017,PZ
0.02341558863097777,PZ
-0.1854306646885058,PZ
0.007826064648121848,PZ
-0.15447874210382734,PZ
-0.04947290727318156,PZ
0.011437163714279813,PZ
0.15356517598676805,PZ
0.005969862232090301,PZ
-0.08209252928550237,PZ
1.2467902263335606e-5,PZ
0.10749053552734099,PZ
0.038299905035109466,PZ
0.11612111643498854,PZ
-0.11472156126314395,PZ
0.0825090094847656,PZ
0.08453190952478468,PZ
0.017866236056090896,PZ
-0.03331049619263965,PZ
0.03566671964119618,PZ
0.02367689808021533,PZ
-0.03025152987937787,PZ
0.20476971782104872,PZ
0.07851205905241138,PZ
0.08988439780993278,PZ
-0.0306125734957345,PZ
-0.0521647647509044,PZ
-0.023426651516852512,PZ
-0.16176117678055343,PZ
-0.19010058779516756,PZ
-0.05891773558863592,PZ
0.056050464422891744,PZ
0.084014467557833,PZ
-0.12974347133163916,PZ
-0.0031364206030609753,PZ
0.05654403236401248,PZ
-0.20863148346729485,PZ
-0.12884502862645833,PZ
-0.048887276397374835,PZ
0.061579326982298344,PZ
-0.1580436261859194,PZ
0.04909556367866449,PZ
-0.00336726333575299,PZ
0.19977059074417847,PZ
0.10957745815008435,PZ
-0.04197249438087101,PZ
-0.2302440098015631,PZ
0.027097760514876522,PZ
-0.19590614037911827,PZ
0.029389885115253374,PZ
-0.13017408133092367,PZ
-0.010319807848032258,PZ
0.09786761361543465,PZ
0.03351434380105962,PZ
0.017635428853360682,PZ
-0.057354522455820525,PZ
-0.06171312184388902,PZ
0.030238061287069642,PZ
-0.06152422767855658,PZ
-0.01648544967704759,PZ
-0.09961780132580549,PZ
0.057503603322396096,PZ
0.006582918028456702,PZ
-0.2093085766356656,PZ
-0.14335726901557433,PZ
-0.05847436614553231,PZ
0.08682384686273338,PZ
-0.03856230722642763,PZ
-0.12196921772826184,PZ
-0.007101613585472934,PZ
0.1040948776262638,PZ
0.06508497408180255,PZ
-0.09690799134235455,PZ
0.07760076107084068,PZ
-0.073822768448977,PZ
-0.1154807105120041,PZ
0.09827857992551359,PZ
-0.05478149637721434,PZ
0.027143694100567203,PZ
-0.12846756170292706,PZ
-0.06989326503065552,PZ
0.17978206968178106,PZ
-0.040521801172713076,PZ
-0.08335292456295551,PZ
-0.0849952252338206,PZ
0.03441484211776423,PZ
-0.056093080638424234,PZ
0.05106967551140104,PZ
-0.05390392897830579,PZ
-0.0933884868151402,PZ
-0.0761582609107273,PZ
-0.012416498163571103,PZ
-0.02579943430330621,PZ
0.07350254133947827,PZ
0.15567485079998786,PZ
0.07515581459045055,PZ
0.04714676425760575,PZ
-0.13476173544087364,PZ
-0.1720435556881963,PZ
0.12029321234037989,PZ
0.03306028405584173,PZ
-0.012246101717395833,PZ
0.18878138619951274,PZ
0.05471401694483238,PZ
-0.13683391781461304,PZ
0.07469931934220742,PZ
0.190903555634293,PZ
0.12376035535489222,PZ
0.09712959438257213,PZ
-0.16633849746995472,PZ
0.08296577943366291,PZ
-0.07161701341339424,PZ
0.07663987823375921,PZ
-0.028411621771325418,PZ
0.00635848974085277,PZ
0.13581956241369836,PZ
0.12828468460661188,PZ
0.01747897923526804,PZ
0.08358257264595198,PZ
-0.17474356843783723,PZ
0.14247458057122508,PZ
-0.09246441780363042,PZ
0.09966543723349401,PZ
0.011481854742061495,PZ
0.0893577924349501,PZ
-0.03985748194336499,PZ
-0.11987135520828374,PZ
-0.04764849827027038,PZ
-0.09728964721549552,PZ
0.15722498003623858,PZ
-0.0929248724785815,PZ
-0.02998126211639872,PZ
0.07998032381492423,PZ
-0.08040005129942057,PZ
-0.023692484669763786,PZ
-0.020356995329301058,PZ
-0.06446642629280191,PZ
-0.061650458543351994,PZ
-0.0015061031374927897,PZ
-0.1469988413393816,PZ
0.040385966086982084,PZ
0.132619865813986,PZ
0.034315183448447896,PZ
0.09253075402643797,PZ
-0.12292493639162416,PZ
-0.07208310654949973,PZ
0.05026311949661615,PZ
0.16418552743173648,PZ
-0.07162868770940022,PZ
0.0065894406762073005,PZ
2.106920339689164e-5,PZ
-0.010630474958448814,PZ
0.08600119527111552,PZ
0.091418391647009,PZ
0.12855619323459808,PZ
-0.08637101471097525,PZ
-0.021243867056233927,PZ
0.021278488582429242,PZ
0.11179409071850172,PZ
0.0737708527634817,PZ
-0.01831885557070244,PZ
0.14075199676298064,PZ
-0.1535472308794886,PZ
-0.0693285898939757,PZ
0.12072580744479322,PZ
-0.019228549565177826,PZ
0.12127863231712233,PZ
0.038008975963619754,PZ
0.01065254711310596,PZ
-0.17500666982612886,PZ
0.2627847789177061,PZ
-0.007974061449404712,PZ
-0.137408051638097,PZ
0.07655407399943553,PZ
-0.09638913122672643,PZ
0.10065418835499838,PZ
-0.10408186737594052,PZ
0.0466060836098011,PZ
-0.07323365870772285,PZ
-0.027209372258380105,PZ
0.00877106963667268,PZ
0.08292453953239003,PZ
-0.14477577155977983,PZ
-0.1385217948411463,PZ
-0.19118625388720023,PZ
-0.07470348769232346,PZ
0.11369082307469847,PZ
0.1132840863586589,PZ
0.028828465821814662,PZ
0.09996200152371149,PZ
-0.14058090860089356,PZ
0.020511457017783015,PZ
0.09021080100132059,PZ
0.11201389608987375,PZ
0.0013877053419675822,PZ
0.03145686954492179,PZ
0.09984162310244747,PZ
0.09682323818768572,PZ
-0.04584249407585014,PZ
0.1861479145857088,PZ
0.1546402827791385,PZ
0.0087813178580262,PZ
-0.0837063569386755,PZ
-0.02197072347178841,PZ
-0.019458224846963076,PZ
0.024581436195335725,PZ
-1.2162380890884394e-5,PZ
-0.21087774175264762,PZ
0.05092666933171781,PZ
0.04837523650064934,PZ
-0.1464106787536388,PZ
0.03396082686900075,PZ
7.458840071000589e-4,PZ
-0.10094576084308698,PZ
-0.03536216593606975,PZ
0.11054407194001259,PZ
0.09401205769031878,PZ
0.020019229137091088,PZ
-0.10101477696478428,PZ
-0.001907348085143215,PZ
-0.0759279204049609,PZ
0.07615617002596067,PZ
0.1674394272147421,PZ
0.05011581270324582,PZ
-0.10869782842991617,PZ
0.1450528371565905,PZ
0.06233196765096426,PZ
0.10118734161968838,PZ
0.179557856605418,PZ
-0.08448301504801597,PZ
0.06710649123487424,PZ
-0.10349076597676377,PZ
0.16282976590362136,PZ
-0.13956109615805118,PZ
0.09729373076596344,PZ
-0.03343020718968446,PZ
-0.11788629117460075,PZ
-0.11644035447999843,PZ
0.14130456477409367,PZ
0.029824029626123766,PZ
-0.25290483719867535,PZ
-0.076192844613245575,PZ
-0.05810934781274028,PZ
-0.005006185026574607,PZ
-0.09623907567858489,PZ
0.05872493963782088,PZ
-0.030738947398829077,PZ
-0.07902530085316511,PZ
0.1467991205280071,PZ
-0.040948754831526574,PZ
0.07752539714672478,PZ
-0.1150801927539844,PZ
0.01981732557668473,PZ
-0.0115967408645731,PZ
-0.07604678958260168,PZ
-0.14079527150648435,PZ
-0.05668283396767846,PZ
-0.15506338429973596,PZ
-0.005580434590488952,PZ
-0.18592209438657178,PZ
-0.04946273225508481,PZ
-0.04417794698546762,PZ
-0.002772499235948578,PZ
0.0469069351979218,PZ
-0.04425420231380022,PZ
-0.29086972411501916,PZ
0.17381655891080783,PZ
0.07635779268964624,PZ
0.08194650168722616,PZ
0.12852635775515697,PZ
0.010619567893807818,PZ
-0.14953341472567877,PZ
0.0520069950147735,PZ
-0.26497084318212344,PZ
-0.18143495797955977,PZ
0.13226513791663314,PZ
0.11913119858403105,PZ
0.043970239799872496,PZ
0.11355967893490845,PZ
0.1378395914936314,PZ
0.05680239839453813,PZ
-0.06319220646900357,PZ
-0.10639687723380978,PZ
-0.01025390572077367,PZ
-0.15109217923210114,PZ
-0.09565180286533304,PZ
0.07340079364837077,PZ
-0.07863319796138271,PZ
0.047658475653165874,PZ
-0.030443128900980117,PZ
-0.015464356068074742,PZ
-0.033717605085770666,PZ
-0.193001473631407,PZ
-0.1328800189097288,PZ
-0.0973908145294837,PZ
-0.013967642052921505,PZ
0.07119930206382623,PZ
0.04842379302988082,PZ
-0.10437227813564627,PZ
-0.13581625095882624,PZ
0.10583021407902926,PZ
-0.05133086488051018,PZ
0.019996169287559235,PZ
-0.008830060788205807,PZ
0.027226042741355722,PZ
0.03607682894600138,PZ
0.03186769557251142,PZ
-0.12246289378526731,PZ
-0.0721220691452031,PZ
-0.10888029285668824,PZ
-0.2714817811585814,PZ
-0.23050061319732007,PZ
0.025814662460016444,PZ
2.9502882781852566e-4,PZ
-0.009668495603245297,PZ
0.052015084173806334,PZ
-0.02705678440124317,PZ
-0.05439983134069354,PZ
-0.0728765388938184,PZ
-0.10880078493670056,PZ
-0.05351681240784856,PZ
-0.03746210042837929,PZ
0.17433679094754456,PZ
-0.11433831897030942,PZ
0.04837545534275877,PZ
-0.04971172657631938,PZ
0.07967809301661657,PZ
0.026981954263456523,PZ
0.02976028466975124,PZ
0.08370738814174097,PZ
-0.015678056624729073,PZ
-0.025945002903469586,PZ
-0.17074605313371755,PZ
0.11656223775301439,PZ
-0.026350199758653,PZ
-0.01715238373851835,PZ
-0.11832624520298397,PZ
-1.714470623208758e-4,PZ
-0.16245594603852637,PZ
0.1464871197736305,PZ
-0.11104231920129425,PZ
0.11466386039137538,PZ
-0.03243408298166655,PZ
0.1124804284453862,PZ
-0.09574624980484053,PZ
0.04924478775890101,PZ
0.11102217158733813,PZ
-0.02662455958794563,PZ
0.11907062002214056,PZ
0.03926914795577213,PZ
-0.051347966357939326,PZ
-0.12822516041645377,PZ
-0.032165103922309125,PZ
0.04356864408675566,PZ
-0.05724291306893496,PZ
0.2472572678796189,PZ
0.04677885810685668,PZ
0.02901477263150727,PZ
0.001421970999963662,PZ
-0.013502281558966073,PZ
0.10543686498258695,PZ
-0.1362362569907049,PZ
-0.007452592010036493,PZ
-0.06011484128560636,PZ
-0.05755233747086466,PZ
-0.14522264488022646,PZ
0.054973143295186475,PZ
0.0028260357178238604,PZ
-0.10329913324628491,PZ
-0.12838849728784796,PZ
0.08094864271769804,PZ
-0.02701931162892607,PZ
0.11723598678230521,PZ
-0.0777891748692573,PZ
0.03027922020299862,PZ
-0.04048783215967664,PZ
0.0011950181813771,PZ
-0.07614322395065362,PZ
-0.031217367003277187,PZ
-3.4076452126798225e-4,PZ
-0.13181935967121683,PZ
0.03235705046691351,PZ
0.0683981193635027,PZ
-0.027104597643988426,PZ
0.024087718313149417,PZ
0.21123618976043199,PZ
-0.09264418789343573,PZ
0.03074559361474962,PZ
-0.10076250882960658,PZ
2.4109975302064046e-4,PZ
-0.05107972262674056,PZ
-0.04611786265390104,PZ
0.14605075142670473,PZ
0.02082388281008524,PZ
-0.018835799642089444,PZ
-0.06702265923107141,PZ
0.007979128022456719,PZ
0.1066026434283145,PZ
0.1538445306902933,PZ
0.1048770696151316,PZ
-0.07742388015833122,PZ
-0.04343511211875297,PZ
-0.026564418979724592,PZ
-0.0437049236099991,PZ
0.0340781405747986,PZ
0.024772270705978233,PZ
-0.1452931973832914,PZ
0.06927769948628554,PZ
-0.09858679819702977,PZ
0.02166363375104092,PZ
-0.020532024363872067,PZ
0.046297505392900076,PZ
0.16884770251230485,PZ
-0.05686396612841944,PZ
0.06902997632394675,PZ
0.03447862673876197,PZ
-0.14646458891061975,PZ
-0.07512539257106828,PZ
-0.07795836821962163,PZ
-0.10211206962665759,PZ
0.11507840294587621,PZ
0.035162031123803505,PZ
-0.1374621459789499,PZ
0.041477907848497114,PZ
0.0752056638810177,PZ
-0.04144721313163149,PZ
-0.01617871686597365,PZ
0.008539803186315888,PZ
0.02627284342926002,PZ
0.1194845300020911,PZ
-0.021014655251889003,PZ
0.06470640115576562,PZ
-0.15202387165098366,PZ
-0.06368550755004695,PZ
0.061649580403128144,PZ
0.03523690900500026,PZ
0.07269868530683891,PZ
0.07044698141292266,PZ
0.022371993170001214,PZ
9.23777885112889e-4,PZ
-0.02426426679390087,PZ
0.041792637669628506,PZ
-0.0026234587740358375,PZ
-0.1467318303493162,PZ
0.07735800792822252,PZ
0.04044761758835826,PZ
0.15223269487419935,PZ
0.07861337612629463,PZ
0.03632543728357834,PZ
0.007246651133334343,PZ
-0.020071684798661574,PZ
-0.03971772583409864,PZ
0.05398575946542568,PZ
-0.010120670904243586,PZ
-0.036550286936266316,PZ
0.16125949109840515,PZ
0.12680190217479495,PZ
0.05815517100824437,PZ
0.017549570838422936,PZ
0.09743929257228218,PZ
0.19948703876420065,PZ
-0.01593469565802518,PZ
0.07454971780503009,PZ
-0.06831942438964385,PZ
0.05436361816260038,PZ
0.008297343286127273,PZ
-0.0931964198107293,PZ
0.03691878704665004,PZ
-0.011140531984149687,PZ
-0.06529185656703149,PZ
0.09984209415614109,PZ
0.027229927235877496,PZ
0.05721075135526671,PZ
0.14152529388957386,PZ
0.009123005858588086,PZ
0.019227205521460275,PZ
0.09622137839838049,PZ
0.17415544957774906,PZ
-0.0028359283034749133,PZ
0.0413984397939202,PZ
0.08711288412519698,PZ
-0.03495443431714284,PZ
0.035553241299709014,PZ
0.07459626940001675,PZ
-0.004188351668968977,PZ
0.014549713938578013,PZ
0.02001917164357531,PZ
0.062219845144161734,PZ
0.062310924478264015,PZ
0.026343729010676137,PZ
-0.034265988969292074,PZ
0.1261723728558713,PZ
-0.07338378637065644,PZ
0.09210713930290396,PZ
0.04911097006252127,PZ
-0.041563391933413886,PZ
-0.008501536247462553,PZ
0.08333697501042642,PZ
-0.007200512143139805,PZ
-0.0887478769207437,PZ
-0.14902008690040366,PZ
0.06243422493228829,PZ
-0.003549511222862317,PZ
0.08207000323621286,PZ
-0.14551863828236258,PZ
0.16355302187877885,PZ
0.0566950859130607,PZ
-0.048375053937927,PZ
0.1404616502690538,PZ
-0.050820629210697854,PZ
-0.06338369761869093,PZ
0.04223605685270361,PZ
0.1010358331628166,PZ
-0.1282361196788392,PZ
0.060944777182130525,PZ
-0.08334361149045671,PZ
0.07351273890483223,PZ
0.07096152310757615,PZ
0.05709360184921567,PZ
0.009169833693803569,PZ
0.13507816071480333,PZ
-0.010664104111111516,PZ
0.09030766028605061,PZ
-0.0351526583232512,PZ
0.13433583237540384,PZ
-0.056522636363898954,PZ
0.127788246353201,PZ
-0.037509022218533486,PZ
-0.2001940361075003,PZ
0.035074047165577056,PZ
0.11542729328021242,PZ
0.20499274512610055,PZ
0.07604887424595477,PZ
0.04627377941641027,PZ
0.10583021407902926,PZ
0.11516254755683228,PZ
0.05477167019291881,PZ
0.02521646581359983,PZ
-0.12016715482393006,PZ
-0.11332773770106964,PZ
-0.07718908753178277,PZ
0.009012412198272274,PZ
-0.04844014741875807,PZ
-0.1113350674800723,PZ
-0.0845429316504043,PZ
0.07681097222664021,PZ
-0.013957543245345656,PZ
-0.13732234910679358,PZ
-0.12928052522919467,PZ
0.0657038429633424,PZ
0.016132226746476394,PZ
-0.11277274847134511,PZ
-0.09379525347315512,PZ
-0.04550774946918357,PZ
-0.033593575954627156,PZ
-0.045544809867214826,PZ
0.049026535954945716,PZ
-0.149417344998798,PZ
0.059696648188492636,PZ
-0.10375731339815726,PZ
0.0735168170137345,PZ
0.06993298958455849,PZ
0.06175568990220961,PZ
-0.05079266851716248,PZ
0.0034870883384320317,PZ
0.09628406645711661,PZ
0.20287982540290195,PZ
0.1652737298197487,PZ
-0.02752217959137432,PZ
-0.07938512321518024,PZ
0.05610637253057996,PZ
-0.14987466681489559,PZ
-0.021764330185132665,PZ
-0.026284343656804147,PZ
-0.0732138211777727,PZ
-0.02305303974913569,PZ
0.026563474079138463,PZ
0.09777215160755279,PZ
-0.10848664347193208,PZ
-0.06154974965206827,PZ
-0.0530711726802446,PZ
-0.07427296431946451,PZ
-0.006174941255091454,PZ
0.14976017003697212,PZ
0.14575418184989694,PZ
-0.06641633030914389,PZ
0.05936128904778806,PZ
-0.04654093382498504,PZ
-0.17628360488263536,PZ
-0.009170430607433756,PZ
-0.15317942975520119,PZ
0.06015730890322981,PZ
0.1174940246982572,PZ
0.07497174286921704,PZ
0.0047017430337290556,PZ
0.03229980376680117,PZ
0.026639741483181885,PZ
0.10744153527409023,PZ
-0.034372092188536985,PZ
-0.05620443873565205,PZ
0.012747279869463734,PZ
0.148899409931795,PZ
0.05664515734702471,PZ
-0.041795573000527,PZ
0.09704504098259215,PZ
-0.05344999108228876,PZ
0.21793259529091932,PZ
0.05388283466707269,PZ
-0.03992205937110385,PZ
-0.014310346194013036,PZ
0.051673055389223246,PZ
0.09578543408418191,PZ
0.06635398574299001,PZ
-0.06832479951937612,PZ
0.11126078109577683,PZ
0.05254221049335743,PZ
0.13503898173975945,PZ
0.07269472969121196,PZ
-0.06310392713870178,PZ
0.15679449825475933,PZ
-0.09218441866883101,PZ
-0.02481857294181193,PZ
0.0518597531347668,PZ
0.012907740560003947,PZ
0.06534997543687288,PZ
-0.11324416857099409,PZ
-0.16916274510352924,PZ
0.10631948181976576,PZ
-0.044115346719364415,PZ
0.02317534514037117,PZ
0.10585300229439125,PZ
-0.09955175544870189,PZ
0.0402392411626364,PZ
0.021569184868917374,PZ
-0.11384167961025873,PZ
0.056310833291732657,PZ
-0.1344900078461976,PZ
0.04616146737020872,PZ
-0.058265533848097746,PZ
-0.013256382019897803,PZ
2.3992686121590556e-5,PZ
-0.038702755028960645,PZ
-0.03721361993394082,PZ
-0.21069979117085674,PZ
0.1292815862017557,PZ
0.18536517534217797,PZ
-0.06056504827666416,PZ
-0.16268320731552977,PZ
0.0072763905380636065,PZ
-0.03644865154418188,PZ
-0.012271795208240455,PZ
0.017972951824305708,PZ
-0.09125078299523207,PZ
0.01661586494357222,PZ
0.14671609260151253,PZ
0.03551448663941621,PZ
0.18225824747576377,PZ
-0.01928845169231489,PZ
0.06636922315780472,PZ
-0.10114804402512387,PZ
-0.03934536722497447,PZ
-0.06606865477642287,PZ
0.023396412177781052,PZ
-0.08453827821609944,PZ
-0.012857221922708438,PZ
-0.08524891534854588,PZ
0.025826608535081452,PZ
0.16420640113859375,PZ
-0.1362362569907049,PZ
0.051509493743904344,PZ
0.07064991632479146,PZ
0.10096544024887823,PZ
0.07032009030552236,PZ
0.1900331648586678,PZ
0.007368404626840022,PZ
0.08074864550638239,PZ
-0.1720932712566441,PZ
-0.020919792463850062,PZ
-0.05598652978613192,PZ
-0.09841109588143858,PZ
0.11846824889091015,PZ
-0.06220945917201193,PZ
-0.08450378404584792,PZ
-0.08667779910581982,PZ
-0.04509777154839471,PZ
-0.0666438261533791,PZ
0.13550880059318124,PZ
0.041446064468598866,PZ
-0.12600360900972185,PZ
0.04511599993490863,PZ
0.003075697403052302,PZ
-0.02778190015465648,PZ
0.04596201572284875,PZ
-0.12680813234405622,PZ
0.03525750155150005,PZ
0.02186852720544355,PZ
0.014067309142643217,PZ
0.014942673889587352,PZ
0.05802441208159605,PZ
-0.060544236902768125,PZ
0.055191839286978,PZ
-0.020241145801969215,PZ
0.19383576542427544,PZ
0.11918127800411527,PZ
-0.012844594485973436,PZ
0.046166517369317255,PZ
0.10379230825918814,PZ
-0.17024425860996298,PZ
0.004447788797665379,PZ
0.03497637097044823,PZ
-0.09867253622384811,PZ
-0.19875344909341486,PZ
0.06164424371334262,PZ
-0.1134847642537462,PZ
0.1885990190809774,PZ
0.12352987243689863,PZ
-0.09950998228774145,PZ
0.1629459216206491,PZ
0.010205325666293397,PZ
0.07832898544213573,PZ
0.08355309324429742,PZ
0.11602637150567546,PZ
0.011071656387883544,PZ
-7.084705640584572e-4,PZ
-0.14077871723421065,PZ
0.05061578802731797,PZ
0.03467723851585065,PZ
0.033239816810740244,PZ
0.089255269846249,PZ
-0.054079444952813555,PZ
0.008994140402940918,PZ
-0.11571587414528642,PZ
0.10754721120009132,PZ
0.08020167498476109,PZ
-0.004233883998294153,PZ
-0.17616687086294625,PZ
-0.03657433870536358,PZ
-0.0013284594123491034,PZ
-0.019162201435049573,PZ
-0.026232386969001112,PZ
-0.11143882051251722,PZ
-0.02305303974913569,PZ
0.09329622702470841,PZ
0.014550111799462383,PZ
0.07644561515035861,PZ
-0.2700817486117305,PZ
-0.050652760303131455,PZ
-0.20936844671266422,PZ
-0.14067130460469213,PZ
0.10130175888930969,PZ
0.10884702766458787,PZ
0.09871690041829984,PZ
0.15230842193352156,PZ
0.03545462579339245,PZ
0.06725826986457178,PZ
-0.0861141397573815,PZ
-0.030535252124679713,PZ
0.0937434338547152,PZ
0.1043937629947319,PZ
0.03184536329791545,PZ
0.07649219924594508,PZ
0.09495825457601852,PZ
0.0335649858503457,PZ
-0.18363089193985832,PZ
-0.17349096907959818,PZ
0.06192614025220545,PZ
0.029582678377315277,PZ
-0.03718397404512182,PZ
0.17708291479485594,PZ
0.0016168681229975258,PZ
-0.097942192534002,PZ
-0.061508548626268644,PZ
0.13164124773323985,PZ
0.09888747391763947,PZ
0.012455657874935258,PZ
-0.07059669363358964,PZ
-0.022379304987175733,PZ
-0.04130445099750393,PZ
-0.014558746976516206,PZ
0.023191334533184643,PZ
-0.1543069097262958,PZ
-0.1549777846310597,PZ
0.007186338495642028,PZ
0.0434024126830556,PZ
-0.0793576054260926,PZ
-0.13049819142315006,PZ
0.004729201029453893,PZ
-0.02479156572204884,PZ
0.02524935177821288,PZ
0.1307413230472049,PZ
-0.1370013073946228,PZ
-0.05801410893288584,PZ
0.04627377941641027,PZ
0.0407653972176006,PZ
0.013911541611926315,PZ
-0.03712722259794747,PZ
0.0033461889434855605,PZ
-0.014121958644075965,PZ
3.5218225052277563e-4,PZ
-0.13031579835494309,PZ
0.02100937245813022,PZ
0.1471543073240113,PZ
0.0411053761392626,PZ
-0.021313308094365407,PZ
0.026220244441302054,PZ
-0.013564689455127881,PZ
0.1719424991458242,PZ
-0.014758632185142326,PZ
0.15805959909248204,PZ
-0.0034170157669524415,PZ
0.04387843247563558,PZ
0.035262181477535307,PZ
-0.062290004366439285,PZ
-0.141663952257578,PZ
0.008046965439671885,PZ
-0.05752625866438994,PZ
0.12180982285980907,PZ
0.07553298833406984,PZ
0.004726805844328466,PZ
-0.04695098518946067,PZ
-0.2331063354499618,PZ
-0.11273893923283196,PZ
-0.05366594531114958,PZ
0.11157892514271514,PZ
-0.09555346371593287,PZ
0.15896525148388146,PZ
-0.06181602786175412,PZ
-0.023107110640054458,PZ
-0.06286411563350075,PZ
-0.03661040336216521,PZ
-0.09872510364483754,PZ
-0.2534789456741221,PZ
-0.08044573711257079,PZ
-0.08871156553728035,PZ
-0.09232746906287409,PZ
-0.09213959778691633,PZ
0.012369563807158807,PZ
-0.029367092931182955,PZ
-0.02514218783400541,PZ
-0.2180124374743469,PZ
0.17615817570095965,PZ
0.11565395549717773,PZ
-0.09900737969955631,PZ
-0.04394663233868948,PZ
0.15097948757101146,PZ
0.07957990016482426,PZ
0.029842068322885565,PZ
-0.034785398602211595,PZ
-0.041592902724586135,PZ
-0.2159289301938121,PZ
0.030050806416400826,PZ
0.1324037913298281,PZ
0.09468907368542198,PZ
0.1434083572164332,PZ
0.140392712878107,PZ
-0.105099047448581,PZ
-0.2073731554314397,PZ
-0.020792648781018153,PZ
-0.036544418474945536,PZ
0.09279854835373838,PZ
-0.08866140780702367,PZ
0.019063812719605635,PZ
-0.031258309739753576,PZ
-0.06280054744113198,PZ
-0.08249333204831925,PZ
-0.006426573388101884,PZ
0.039594436477654205,PZ
-0.07533178703331037,PZ
0.11375118323894252,PZ
-0.08900084917274766,PZ
0.04892272757235985,PZ
0.0053078060599458105,PZ
-0.029154097552048147,PZ
-0.07713614090122743,PZ
0.14428028379031085,PZ
0.006226397564826677,PZ
-0.11477443233972692,PZ
0.026570990183181653,PZ
0.13087749238757473,PZ
8.441884540227249e-4,PZ
0.09315240527849891,PZ
0.09627570351780346,PZ
0.015409583685985023,PZ
-0.06107762975646654,PZ
-5.707341512784658e-4,PZ
-0.08528148373810134,PZ
-0.1408026322288228,PZ
-0.13255112973147815,PZ
-0.020977092942414566,PZ
0.006532477808468443,PZ
-0.08490261400139738,PZ
0.060751356379779485,PZ
-0.10842398361641054,PZ
0.022564613488921085,PZ
0.13313203699268356,PZ
-0.014622213230993672,PZ
0.06780991126757577,PZ
0.04091106405425189,PZ
-0.09099830392943445,PZ
0.022821434029037586,PZ
0.11311308375056199,PZ
-0.17636830474816498,PZ
0.01784725187069517,PZ
0.08336721163672917,PZ
0.23023200188028764,PZ
-0.07501612103704121,PZ
-0.024025028525560994,PZ
-0.15793013901364403,PZ
0.045878040536553796,PZ
-0.045449890806765675,PZ
-0.07793166359293133,PZ
-0.12218148664731485,PZ
0.04106025740383941,PZ
0.11691382614780568,PZ
0.05918300149915651,PZ
-0.07645071223803651,PZ
-0.06180627709448041,PZ
-0.03633070490410022,PZ
0.02456791774871787,PZ
-0.10690875503235027,PZ
-0.036810704709420605,PZ
-0.010022937167962861,PZ
0.048408225517761964,PZ
0.05229669308790436,PZ
-0.03618094332842073,PZ
-0.030962222396186637,PZ
-0.004354034662857401,PZ
-0.05521474713400546,PZ
-0.17362498066210705,PZ
-0.03259601677316956,PZ
-0.021762652924016752,PZ
-0.016112702534141293,PZ
-0.06388084988189535,PZ
-0.032863489150757555,PZ
0.00640877452525862,PZ
0.00895667498522144,PZ
0.14311532099369226,PZ
0.039906269998840976,PZ
0.17945300078710288,PZ
-0.018434605534144846,PZ
-0.14919059002807655,PZ
0.06136311901987336,PZ
0.023227917849289507,PZ
0.028120982418106608,PZ
-0.00987822869059194,PZ
-0.005400716507312331,PZ
0.17305474916497546,PZ
0.010861918432829076,PZ
-0.14898607662184538,PZ
-0.1098707726166778,PZ
0.04987110462726594,PZ
0.18245108772004456,PZ
0.001896731676840794,PZ
-0.07822174077167934,PZ
0.11019758301527885,PZ
0.049145286737490274,PZ
-0.1342758546110761,PZ
0.12952886514793538,PZ
0.19427433817287718,PZ
-0.09494198264226388,PZ
-0.04749643979993146,PZ
-0.04583952354714864,PZ
-0.07750114268178213,PZ
0.07391517927710882,PZ
-0.02251210784437401,PZ
-0.09010470163516514,PZ
0.18304162830095372,PZ
-0.166101685013458,PZ
-0.10005120456521496,PZ
0.06174776946030123,PZ
0.11007794810462454,PZ
0.10438840599864269,PZ
-0.06718595770712361,PZ
-0.143817631268372,PZ
0.027413827311374372,PZ
-0.06321487781215827,PZ
0.06272528517741938,PZ
-0.06974830400995542,PZ
-0.17701042473347178,PZ
-0.11883387194313963,PZ
-0.010252414009951152,PZ
-0.018503191909216343,PZ
0.01101275536402413,PZ
0.03547338714589166,PZ
-0.12308867660997076,PZ
-0.07345360338038628,PZ
0.09969990232323558,PZ
0.1318460084499215,PZ
-0.14555608735625022,PZ
-0.05439817100235205,PZ
0.07430824108449324,PZ
0.12231583368387662,PZ
-0.01786023253291413,PZ
-0.03308527058188153,PZ
0.08775084126691743,PZ
-0.12987860265715137,PZ
0.03544743424643701,PZ
-0.03675747086316913,PZ
0.05048464376900638,PZ
0.04325366701776073,PZ
-0.1282749085805862,PZ
-0.024122012700572765,PZ
0.08075875028306054,PZ
0.12636531820711105,PZ
0.023308799660077532,PZ
0.11241231104463234,PZ
0.11596988367752631,PZ
-0.20710633397983044,PZ
-0.07370772709736322,PZ
0.09555378054439982,PZ
0.055326589125018706,PZ
0.015884883052737903,PZ
-0.010218644508433614,PZ
5.119460453840863e-4,PZ
0.1942730885441536,PZ
0.13431208847692386,PZ
-0.11413122256664007,PZ
-0.023843703394764035,PZ
-0.07398454917328581,PZ
0.1762862359099264,PZ
-0.008834535866737697,PZ
-0.07034962201923971,PZ
0.09992294586792913,PZ
0.0962093302549771,PZ
-0.14635245132177088,PZ
-5.661955104891703e-4,PZ
0.07511325690358432,PZ
-0.027560270481031143,PZ
-0.057190801385906084,PZ
0.05527751959772251,PZ
0.012133450055303002,PZ
-0.1135880276599405,PZ
-0.011090629979432387,PZ
-0.11366278790748746,PZ
0.03125549763316619,PZ
-0.14114670074630536,PZ
-0.11356204131707093,PZ
0.15160189852588554,PZ
-0.020369183696634686,PZ
0.05748582329596594,PZ
-0.07818517203689399,PZ
0.016259414062939494,PZ
0.13599663536097667,PZ
-0.20071423875833472,PZ
0.030699612876088328,PZ
-0.1846516319126274,PZ
-0.12401240379601666,PZ
0.0841409617721622,PZ
-0.12025552938422866,PZ
-0.0929128692310595,PZ
-0.052997110518260386,PZ
-0.14105838268155899,PZ
-0.0749044280339695,PZ
-0.036795811358631324,PZ
-0.14192040490826618,PZ
0.12533640105529717,PZ
-0.06614598513682353,PZ
-0.030631693264703767,PZ
-0.020754422880766198,PZ
0.0526143845876947,PZ
0.015763413688693897,PZ
-0.11207254265141807,PZ
-0.051670883270245584,PZ
-0.10688326129801647,PZ
0.05022346854497121,PZ
-0.12302111677167743,PZ
-0.16909986841919813,PZ
-0.019897746203060424,PZ
0.17493557390902778,PZ
0.08965238933948624,PZ
0.02324922811288749,PZ
0.05272312731599191,PZ
0.170321115864307,PZ
-0.1558032287095581,PZ
0.029814797933854886,PZ
-0.25156108444766373,PZ
0.07211862852894067,PZ
-0.14980784028350347,PZ
0.04737377485131824,PZ
0.054324306538971495,PZ
-0.12913987310128616,PZ
0.023268469955790502,PZ
-0.08868690321634268,PZ
0.1328141445399929,PZ
0.0866881064647753,PZ
0.05684078627982886,PZ
0.10950602154533451,PZ
0.2035172608747379,PZ
-0.03567310163728261,PZ
-0.08840725158304216,PZ
-0.025238507058985338,PZ
-0.06060410662901324,PZ
0.1736782757112502,PZ
0.0496787737123687,PZ
0.07056221853982106,PZ
-0.03618291098057178,PZ
0.007743223716481333,PZ
-0.2977941421602992,PZ
0.007477949591483284,PZ
0.14957056355619522,PZ
0.08048123501617721,PZ
-0.1271693006616779,PZ
-0.08857838226608254,PZ
0.002319356358061254,PZ
-0.08369443862103929,PZ
-0.1700003588226469,PZ
-0.11118402991603582,PZ
0.15723168006591992,PZ
0.013445684973823757,PZ
0.14785995139579577,PZ
-0.038648749898302956,PZ
-0.05983862001854929,PZ
-0.015709204551320605,PZ
0.037633049489935164,PZ
0.027802006906401937,PZ
0.16334957016572488,PZ
-0.05139834401675726,PZ
-0.12230163780637852,PZ
0.0018244604061676065,PZ
0.02787063522860151,PZ
-0.06521373283636056,PZ
-0.14182810787996722,PZ
0.019424867457260422,PZ
0.20768949647546894,PZ
0.1303673226582187,PZ
0.12652895652964286,PZ
-0.06181602786175412,PZ
-0.0760987222448964,PZ
-0.05025225578127279,PZ
-0.1043818956838063,PZ
0.0051837447603914205,PZ
0.004723792151135706,PZ
-0.12230779389775605,PZ
-0.010334986374043564,PZ
0.18029130369044694,PZ
-0.07222341037011241,PZ
0.18707939992311587,PZ
0.09996278689358792,PZ
-0.053350900419479125,PZ
-0.07590444165470955,PZ
-0.01951276463978644,PZ
0.08021785898015522,PZ
-0.0037381197415071593,PZ
0.004944460204242863,PZ
-0.13391866341289704,PZ
0.15467484339618925,PZ
-0.005990604272749792,PZ
-0.22284379838341878,PZ
-0.20362310099119985,PZ
-0.1810767833928183,PZ
0.05292425680423889,PZ
-0.05170102485841893,PZ
-0.14700571768628282,PZ
0.04420350311329154,PZ
0.17629436318584688,PZ
0.15820587155598798,PZ
-0.08397379731650997,PZ
0.145984218697308,PZ
0.16492031551429792,PZ
-0.17548918327193275,PZ
0.053227203436792436,PZ
0.06236388341690979,PZ
-0.09576144763988151,PZ
-0.07871653147246609,PZ
-0.1457058780999651,PZ
0.10418260634579,PZ
0.013767885529563678,PZ
-0.08853630666859719,PZ
-0.06419656865187029,PZ
-0.07665043789444359,PZ
-0.18804927736393345,PZ
0.14775625256961772,PZ
-0.0396373326990172,PZ
-0.1305561980033505,PZ
0.01979821333359664,PZ
-0.014361407233606592,PZ
-0.10381251813393286,PZ
-0.19912042285129972,PZ
-0.07337746884676685,PZ
-0.05645111665209391,PZ
0.17958992452697375,PZ
-0.11954290488346972,PZ
0.029501639524049772,PZ
-0.10972523262846484,PZ
0.006707250041623147,PZ
0.227459197893647,PZ
8.018626035964389e-4,PZ
-0.015204757595285598,PZ
0.03471261869325051,PZ
-0.11163736995431252,PZ
0.18387613944081826,PZ
0.17018617754802406,PZ
0.09158807007233846,PZ
0.046818160661778754,PZ
-0.07862658574983852,PZ
0.09778115796765317,PZ
-0.028195267538155114,PZ
0.07000485995541088,PZ
-0.03422914840434531,PZ
-0.03533777882713625,PZ
0.08316830072890402,PZ
-0.09846526444144371,PZ
-0.0052606420979355376,PZ
0.17621745060635896,PZ
-0.042330929342537606,PZ
-0.15185554516224437,PZ
-0.00787540474823998,PZ
0.012799973693716729,PZ
0.006432829394066933,PZ
-0.05300692457731856,PZ
0.158219267808054,PZ
0.07661510311060621,PZ
-0.10201600208787194,PZ
0.07930084542531013,PZ
0.05610186807831255,PZ
0.13393274836452534,PZ
-0.05207996465117992,PZ
0.08683425212274445,PZ
-0.05228573785598642,PZ
0.0478118094022883,PZ
-0.10290015472050461,PZ
0.06800823235503517,PZ
-0.015788566707640832,PZ
-0.12142338826732373,PZ
-0.07017424394700242,PZ
8.40904376442575e-4,PZ
-0.05373909975781718,PZ
0.14890192010984682,PZ
0.10304280879103771,PZ
-0.11666608896176084,PZ
0.13995516342725228,PZ
0.1088633546602886,PZ
0.0802915965181426,PZ
-0.030820610837342416,PZ
-0.052438645078507595,PZ
0.06995808512522247,PZ
0.12818091362116266,PZ
-0.0014866609241061396,PZ
-0.029800354537599206,PZ
0.004831250293463624,PZ
0.045842552098343516,PZ
-0.09790475544792883,PZ
0.08459221801049258,PZ
0.04161034292986677,PZ
0.07597856329537808,PZ
-0.11293671852499602,PZ
-0.05506281362603139,PZ
-0.0901003070160463,PZ
-0.034455137428163786,PZ
-0.07049542021026323,PZ
0.07933402258473479,PZ
-0.09291403093776743,PZ
-0.007025455187102084,PZ
0.011315086632350299,PZ
0.05362717425869759,PZ
0.14217819888605931,PZ
-0.11401993752585474,PZ
0.04007169880517003,PZ
0.14238916800495477,PZ
-0.040993810041416,PZ
-0.10919310928211401,PZ
0.08285234569906859,PZ
-0.048029837300443454,PZ
0.08651624910673572,PZ
0.013403049587538348,PZ
0.07097891625191577,PZ
-0.024858159936416636,PZ
0.05560539046388876,PZ
0.017198578012617906,PZ
-0.15991081962440648,PZ
0.11595507428371701,PZ
0.06996332867533041,PZ
0.047608507962639136,PZ
0.043815365895986724,PZ
-0.057244527532195486,PZ
-0.17772481981880567,PZ
0.06432090429498395,PZ
0.10826627042041265,PZ
-0.01223002587176069,PZ
0.07694391064856468,PZ
-0.040279049268760456,PZ
0.25621640276535307,PZ
-0.036981948052890956,PZ
0.021914937307285838,PZ
0.1687280365894308,PZ
0.014015320430021721,PZ
0.08809976987435499,PZ
-0.17086508990936725,PZ
-0.12228725447074798,PZ
0.019754174318475627,PZ
0.050376129516635976,PZ
-0.004310257339607763,PZ
-0.008538810943259149,PZ
-0.08817049958467409,PZ
-0.16543369935130883,PZ
0.08927154899707818,PZ
0.0425441262896823,PZ
0.14950566939939425,PZ
0.14304130115782013,PZ
0.10718651014952132,PZ
0.1554356266900784,PZ
0.08479804605184588,PZ
0.07306095422157755,PZ
0.04574465032869437,PZ
0.2258662373972199,PZ
-0.09050209707889123,PZ
-0.16583770222692934,PZ
-0.025011258860701484,PZ
-0.10698583492797215,PZ
-0.023981391066006667,PZ
0.09508158218600093,PZ
-0.05885292171133397,PZ
-0.005226054344540362,PZ
-0.17677897377527152,PZ
0.013365832286993354,PZ
0.1440178382668705,PZ
0.06647208971098056,PZ
-0.12964167341628702,PZ
-0.009521100669063608,PZ
0.13004571651466396,PZ
0.03359273128465628,PZ
-0.015303575212082839,PZ
-0.05340131973269074,PZ
-0.0026785094872870535,PZ
1.6971492539363808e-4,PZ
-0.006992437567718612,PZ
-0.03806236851778753,PZ
-0.09426366096631926,PZ
-0.03624977776530185,PZ
0.010892352109549322,PZ
0.042835812274914675,PZ
0.12329009088982676,PZ
0.06656684666523358,PZ
-0.11844554932552154,PZ
0.20664058829010948,PZ
-0.028257989006384487,PZ
0.11824730561553483,PZ
-0.033452014741607396,PZ
0.16931615261615043,PZ
-0.0631578818091333,PZ
-0.11990881576358842,PZ
0.067611565159449,PZ
-0.1014787897833139,PZ
0.006298566554269573,PZ
-0.10213511131148481,PZ
0.023736143504750472,PZ
0.04102452256019064,PZ
-0.03470521694003417,PZ
-0.05389819907641201,PZ
-0.08601174313893335,PZ
0.13285319579459787,PZ
-0.09973010635853466,PZ
0.06218764320557079,PZ
0.019790752567585997,PZ
0.028961650131441703,PZ
0.011987034493428236,PZ
-0.01975791510977945,PZ
-0.022781145154803874,PZ
0.198751232290854,PZ
-0.1169406318703189,PZ
0.012236632879944961,PZ
0.07422811139557428,PZ
0.0628521271188756,PZ
0.09408171698324529,PZ
-0.037440624402934386,PZ
0.09260944014112446,PZ
-0.03333793143156137,PZ
0.09167022173608462,PZ
-0.052055370595866374,PZ
0.025057793834691703,PZ
0.01360618055589552,PZ
0.006952301855302429,PZ
0.11575824047233417,PZ
0.10849279359265844,PZ
0.034236779568678086,PZ
0.0510198348476553,PZ
-0.08045931652740596,PZ
0.022493288829084593,PZ
0.06982002160939363,PZ
0.07083554948234443,PZ
0.04100340404452045,PZ
0.1342817672630432,PZ
0.05779623685486471,PZ
0.06359366347715498,PZ
0.03053982658092157,PZ
0.22588267646675447,PZ
-0.027810496145426942,PZ
0.033767151134055554,PZ
0.0031855764517666196,PZ
0.07601691605085739,PZ
0.0508019186671789,PZ
0.07497463241240482,PZ
0.034877768249065,PZ
0.08085289878401718,PZ
0.06408321688807068,PZ
0.03306868668918111,PZ
-0.02156852748205466,PZ
-0.013152314374785791,PZ
-0.028100642976204578,PZ
-0.007208603242872851,PZ
-0.07859670207405006,PZ
0.10346821858100211,PZ
-0.22610487199251214,PZ
0.01438072480258995,PZ
-0.009395400314623256,PZ
-0.18520616100840157,PZ
0.0024831885061413613,PZ
0.10366708950116638,PZ
-0.059377095723291654,PZ
-0.10588621128217622,PZ
0.023003707513252265,PZ
-0.04531617051637099,PZ
-0.05428602864525057,PZ
0.07401990633454683,PZ
0.06132106661008727,PZ
0.04826662996964784,PZ
0.015960998420738094,PZ
-0.007526071583900354,PZ
-0.06113579882330561,PZ
-0.039716170823689056,PZ
0.09262719431802148,PZ
-0.08685356114718626,PZ
0.22195749241258705,PZ
0.05288133572633537,PZ
-0.0827246590907863,PZ
0.04252879481647266,PZ
0.14821989009229833,PZ
-0.11214171535646134,PZ
-0.094101937541093,PZ
0.11029493601189973,PZ
0.035145750700213516,PZ
-0.02376171631146745,PZ
0.11129594139566412,PZ
-0.07141111589828032,PZ
0.0978575096393072,PZ
-0.036268704632067834,PZ
-0.029120600284620372,PZ
0.10054021079169397,PZ
-0.025314401372556812,PZ
0.09214782476198716,PZ
0.20693322728122973,PZ
-0.07241920764520213,PZ
0.05805746059385349,PZ
0.016296119512524007,PZ
-0.02027740689010272,PZ
-0.10172742968760903,PZ
-0.04676694161351257,PZ
-0.12813902828537194,PZ
-0.18999443203609911,PZ
-0.054573503520707604,PZ
-0.1220171155156657,PZ
0.1389304861120373,PZ
0.10660512699672872,PZ
0.16496122362562435,PZ
0.07706843449981692,PZ
-0.1905048789198746,PZ
-0.09741604767148729,PZ
-0.04225303054576561,PZ
-0.269874128021725,PZ
-0.0730097964091707,PZ
0.15520902982910828,PZ
0.20363905343693423,PZ
-0.1555256545888101,PZ
0.06390823238083332,PZ
-0.0036564889087330257,PZ
0.00952075944228032,PZ
0.05501380048970466,PZ
-0.20342135630436198,PZ
0.01563065524022602,PZ
0.1535493881528792,PZ
-0.2679251249071843,PZ
-0.02247893507720812,PZ
0.04711293220459879,PZ
0.18827527972703575,PZ
0.05660490126040873,PZ
0.03008541415777481,PZ
-0.11859406412040559,PZ
-0.06381291242299042,PZ
0.1566664488606042,PZ
0.002195030701401028,PZ
-0.1317099427339525,PZ
-0.1281514115658366,PZ
-0.11415162489794038,PZ
-0.06680311893602595,PZ
-0.002815059791607448,PZ
0.033022266896963484,PZ
0.09527559888037325,PZ
-0.021929139903597884,PZ
-0.062202914677368173,PZ
0.23595274316402048,PZ
0.03377249192056187,PZ
0.08016124590532205,PZ
0.03273175857826559,PZ
0.04971658286800436,PZ
0.0020743782975719827,PZ
0.018332381955260317,PZ
0.027451234043144507,PZ
-0.08094311292474149,PZ
0.04176270349864292,PZ
0.08734888742089997,PZ
-0.033902563791742474,PZ
0.018855321582928006,PZ
-0.0088657101336818,PZ
0.05285094204840336,PZ
-0.005832197127323732,PZ
0.1432264447406379,PZ
-0.11736602444322389,PZ
-0.04228102936228425,PZ
-0.06170500066207059,PZ
-0.1241049755905269,PZ
0.0011004639563709125,PZ
-0.027596026156812392,PZ
0.03062432580294938,PZ
-0.022677744221102886,PZ
0.02062428409507231,PZ
0.03544551863277186,PZ
-0.05358306423405225,PZ
-0.13110721611875298,PZ
-0.17738646983087325,PZ
-0.07525869032393874,PZ
-0.015607441203355422,PZ
0.0010790236672781062,PZ
0.09474344474197642,PZ
0.10809419882927901,PZ
0.05972081031634169,PZ
-0.0951906664697348,PZ
-0.11900367222341537,PZ
-0.0946550799629645,PZ
-0.023554320623336355,PZ
0.1382055179963596,PZ
-0.11202823281198475,PZ
0.044317820884167435,PZ
-0.0648698564799467,PZ
-0.08669150985021348,PZ
0.03864389216992562,PZ
-0.032808276994536936,PZ
-0.05148334816890214,PZ
0.0375742782063065,PZ
0.032195558203115524,PZ
0.010441742013210291,PZ
-0.11639861357754426,PZ
0.03811665363457906,PZ
0.12276718195848857,PZ
-0.15895653788077282,PZ
-0.09772024291641421,PZ
-0.05579408096736726,PZ
-0.19838349232981478,PZ
-0.07373163664462024,PZ
0.1430853199427635,PZ
0.021672293809641256,PZ
0.12266261020927892,PZ
0.06754107533662716,PZ
0.07245506612255495,PZ
0.010235200858796638,PZ
-0.13411577648984213,PZ
0.08592881919102854,PZ
-0.03304366859131386,PZ
0.01697709660902344,PZ
-0.14809850809046324,PZ
-0.12272483563946765,PZ
0.14678107157779136,PZ
0.0132038478609449,PZ
0.041956251283554694,PZ
0.17086821789579848,PZ
0.08862238083994411,PZ
0.12630069757327875,PZ
0.12054631778823727,PZ
-0.004173319034022502,PZ
0.07121484723923502,PZ
0.02976586496732154,PZ
-0.04208643576221505,PZ
0.13212465389124148,PZ
-0.003689386420664055,PZ
-0.14543718103691564,PZ
-0.10521167821627021,PZ
0.05015561936963173,PZ
0.1045684225226054,PZ
0.05563966257133432,PZ
-0.06253305136377448,PZ
-0.09584846323352622,PZ
-0.04972851037048207,PZ
0.1845137734494111,PZ
0.09687117703760197,PZ
0.08208309137684872,PZ
0.018031573364902527,PZ
0.08898377743369082,PZ
0.11925270410715386,PZ
0.03581100188848222,PZ
-0.07074076082349051,PZ
-0.23127619294531077,PZ
-0.09310064893388571,PZ
0.20104308566322104,PZ
-0.07958513997777578,PZ
-0.1543512799713621,PZ
0.07013436509060911,PZ
-0.02253358713960954,PZ
-0.020432966673513464,PZ
0.03949001421919151,PZ
-0.08553755546274144,PZ
0.11894844343442619,PZ
0.08213318439018955,PZ
-0.001580136357599966,PZ
0.04411153210670783,PZ
-0.09239850286071735,PZ
-0.029379873886319796,PZ
1.3397645943819675e-4,PZ
-0.19419260684890283,PZ
-0.04570917160802405,PZ
-0.06112466465657689,PZ
0.013481950124684533,PZ
-0.06656611645364033,PZ
0.045833907662117104,PZ
0.06526075778072592,PZ
0.07439745333880289,PZ
-0.042822318556695146,PZ
-0.028676563650753,PZ
-0.16276114884856613,PZ
-0.0872367324565044,PZ
-0.15674410058342242,PZ
-0.06530946369286961,PZ
-0.0830974220006041,PZ
0.021451651228015366,PZ
-0.0744737263997355,PZ
0.02871661110369246,PZ
-0.18345997908173728,PZ
-0.015310985113761198,PZ
0.003762810329626637,PZ
-0.029697094787387156,PZ
-0.043338187607498066,PZ
-0.025263273910350735,PZ
0.09131576265646214,PZ
-0.09905736995845472,PZ
-0.09607833157668169,PZ
0.08512099170785824,PZ
-0.04681054785871579,PZ
0.07921768118419155,PZ
-0.10871836831148393,PZ
0.07713257625556022,PZ
-0.01648895736489984,PZ
-0.011518775678798408,PZ
-0.11397788296303257,PZ
-0.027654624371274725,PZ
-0.030412130837316365,PZ
-0.03175058273058416,PZ
-0.12438774342531894,PZ
0.024283170300870672,PZ
0.10589032388216818,PZ
0.21446931669181715,PZ
0.06669105488814114,PZ
0.11994319954295057,PZ
-0.05350684755372875,PZ
-0.052689831361188516,PZ
-0.12758021983746826,PZ
-0.04999212537461416,PZ
0.02158578065211737,PZ
0.01509977742160955,PZ
-0.06403910685501453,PZ
-0.07102975861996227,PZ
0.052634674545432,PZ
-0.003208354160135915,PZ
0.004870707556805909,PZ
0.12188699433363753,PZ
0.10418184301002159,PZ
0.09789904521446419,PZ
-0.009747838265650014,PZ
0.16815445162783818,PZ
0.07946130973010272,PZ
-0.013907102786221759,PZ
0.03808346280290055,PZ
0.053854223554940864,PZ
-0.13823364508642358,PZ
0.04462912388647162,PZ
-0.07710812726640166,PZ
-0.1249608535237217,PZ
-0.0903260066558344,PZ
0.045199487396179766,PZ
0.06727050977913054,PZ
0.09428478171861453,PZ
-0.07572997308323834,PZ
0.24796862019197474,PZ
0.27881200372880954,PZ
-0.0032347955761721225,PZ
-0.021568074449535204,PZ
0.06652179948892144,PZ
-0.07320104762822402,PZ
0.06757568339665082,PZ
0.15252623907458274,PZ
-0.08991460361947892,PZ
-0.153112634785442,PZ
0.08401982332447566,PZ
0.1490966378597147,PZ
0.3518523617480957,PZ
-0.03623286715368285,PZ
-0.05893038877544719,PZ
-0.0532096387692917,PZ
0.0035305460898911183,PZ
0.04624207098899145,PZ
-0.025365352721671328,PZ
0.06681463880587418,PZ
-0.12919471429986154,PZ
0.08945574824304721,PZ
0.009987454751247495,PZ
0.025922839495297514,PZ
0.04008328104131108,PZ
0.03328274066348387,PZ
-0.1401129981376414,PZ
0.056697387137876074,PZ
0.023861440907673004,PZ
-0.1932391676807967,PZ
0.09386811065901998,PZ
0.1825533283700722,PZ
-0.2779515832987834,PZ
-0.12453596156631096,PZ
-0.14527075454075652,PZ
-0.22556106096973105,PZ
-0.029652258344438125,PZ
0.03968242375741624,PZ
-0.07050238343010232,PZ
-0.04323975169992841,PZ
0.010158648332641754,PZ
-0.08717399478379495,PZ
-0.23913728807034818,PZ
0.05769974532605341,PZ
0.10529688030119913,PZ
-0.0892137145950182,PZ
-0.17623840089735723,PZ
-0.11147587321110841,PZ
0.010264519115042729,PZ
-0.06471471429234746,PZ
-0.09578141643382429,PZ
0.2103664927675184,PZ
0.03405382703939223,PZ
-0.03367799819163189,PZ
0.17351783350714028,PZ
-0.08522886108553716,PZ
0.18918497969866122,PZ
-0.11668053305858864,PZ
0.028772562138508137,PZ
-0.17152396919286717,PZ
-0.19370331049698084,PZ
0.023990433387461284,PZ
0.05004076656142412,PZ
-0.12460600748252582,PZ
-0.05089892209353894,PZ
-0.014910121335153598,PZ
-0.043158465439945795,PZ
-0.037223550708048316,PZ
-0.08496366741559824,PZ
0.050489462471504445,PZ
-0.04879080165480052,PZ
-0.06452052421714255,PZ
0.09401387875532377,PZ
-0.03667471328872262,PZ
-0.10661007377217101,PZ
0.10788255477183241,PZ
0.14066108703337768,PZ
-0.05453749034179533,PZ
0.09091871163832743,PZ
0.014719685610530157,PZ
0.09277762692535715,PZ
-0.04408068336612142,PZ
0.03772143636138123,PZ
0.09843022174574961,PZ
-0.12882493237510112,PZ
0.1345789592844204,PZ
-0.09971650415859301,PZ
-0.024324674624302177,PZ
-0.005201252212719443,PZ
0.013935396055373493,PZ
-0.018061491640346067,PZ
-0.06835406466173592,PZ
0.10727068585601959,PZ
-0.012084886571092052,PZ
-0.236268033636496,PZ
0.04359303740037755,PZ
-0.13687543860638796,PZ
0.020975275465867423,PZ
0.021259744207662107,PZ
0.18329715950090095,PZ
-0.09111219624380182,PZ
-0.09326096108071084,PZ
0.23371549483678575,PZ
-0.17039369958947398,PZ
0.1674040520578791,PZ
0.11865599313700925,PZ
-0.02269553102609418,PZ
-0.093053217288592,PZ
-0.06719631847849895,PZ
-0.04096251003870792,PZ
0.029818604265601255,PZ
-0.12123414184367327,PZ
0.010189327974512948,PZ
5.654032919146929e-4,PZ
0.11934295312962503,PZ
0.18202753654330295,PZ
-0.0915784320735124,PZ
0.09166490448474225,PZ
-0.06378585800679737,PZ
0.025241006397379907,PC1
-0.0509656813084224,PC1
0.09532811557746224,PC1
0.12470915176933992,PC1
-0.11276106974310232,PC1
-0.028943551993612218,PC1
-0.023388505187253696,PC1
0.12946155259054076,PC1
-0.031602879453153127,PC1
-0.025272989071960378,PC1
0.11515739635216035,PC1
-0.04604971246636339,PC1
-0.2600580914129709,PC1
0.07281851427942981,PC1
-0.028094785099512888,PC1
-0.08652957687612463,PC1
-0.02905631960426062,PC1
-0.08563463809961251,PC1
0.013962025930629271,PC1
-0.07130375272949706,PC1
0.16981463538839237,PC1
-0.11015804206991893,PC1
-0.030515184225318893,PC1
0.03144367824750791,PC1
0.08254903916999673,PC1
-0.09888272785452902,PC1
0.034387561570090146,PC1
0.11286101848396186,PC1
-0.016694794020047532,PC1
-0.1781626699939589,PC1
-0.026187958133948544,PC1
-0.03847727820939974,PC1
-0.15353819630873616,PC1
0.08661917349216303,PC1
0.1146357059607622,PC1
0.04353444779326747,PC1
0.17986408933889217,PC1
-0.08284165847078463,PC1
0.06069343304259643,PC1
0.11785498981375435,PC1
0.1202590597123377,PC1
0.1090429878282656,PC1
-0.006432157807751835,PC1
0.0320029207766529,PC1
0.08645834773327808,PC1
0.10450982686867397,PC1
0.2247694820682682,PC1
-0.0924011824028105,PC1
0.007009522245115918,PC1
-0.05207173941578275,PC1
0.07863771220688275,PC1
-0.1684719874996445,PC1
-0.027379998200737943,PC1
-0.01825215857653358,PC1
0.07505478425700207,PC1
-0.011559007448692059,PC1
-0.04854907983217673,PC1
-0.05733569406535846,PC1
0.1569327510771477,PC1
-0.0963033652971381,PC1
-0.15541702674793284,PC1
-0.0551567994200453,PC1
0.0068668821095949,PC1
-0.006541878122039192,PC1
-0.0719989939346054,PC1
0.21250133717872977,PC1
0.1293977856888884,PC1
-0.050467063919087216,PC1
0.03076582875482517,PC1
0.06106744805551902,PC1
0.025481722103311857,PC1
-0.024643305411005505,PC1
0.07710315740018134,PC1
-0.005043553101808533,PC1
0.03222539231133505,PC1
0.01123416453956086,PC1
0.09861641429378495,PC1
0.07876612248201643,PC1
0.04935006659648236,PC1
-0.0673979760238286,PC1
0.08532426831072495,PC1
0.09506401092131442,PC1
-0.08599748149965344,PC1
-0.1122036612253014,PC1
0.10005823196650687,PC1
-0.03819585875679336,PC1
-0.05719811590457764,PC1
-0.04760962504904688,PC1
-0.0667357289689429,PC1
0.005300660166710255,PC1
-0.00808349631497532,PC1
0.0028240427831331683,PC1
0.040174149433495315,PC1
-0.024494911437080436,PC1
0.01585592264726808,PC1
0.025662389257014355,PC1
0.14741184265706098,PC1
0.11622707731728117,PC1
0.08958729548708558,PC1
0.08920052356568736,PC1
0.01789963580149006,PC1
-0.09144390785823497,PC1
0.011912301037835957,PC1
-0.07330007688963186,PC1
-0.22953061816287626,PC1
-0.002688247841798816,PC1
-0.04848156772635431,PC1
0.224183116214226,PC1
0.06892164876383385,PC1
-0.03924329695448492,PC1
0.08725313976605203,PC1
0.12846072027344177,PC1
-0.08260660698877964,PC1
-0.09546723611188604,PC1
-0.14009495698362914,PC1
0.16391094371477327,PC1
-0.11326938810691031,PC1
0.13911616492237283,PC1
-0.015134471724972065,PC1
0.02558727028193499,PC1
0.05800384416092079,PC1
0.12465418607349608,PC1
-0.09950427158135405,PC1
-0.026622704677646866,PC1
-0.020461814530062697,PC1
0.13344218992461393,PC1
-0.037760160227562206,PC1
-0.15276522110869536,PC1
-0.09415369966870132,PC1
-0.1943768207184674,PC1
-0.05883857978899411,PC1
0.08915987049227883,PC1
0.07604920033463906,PC1
0.005414203201534105,PC1
-0.007401774515665503,PC1
0.1785104264435843,PC1
-0.18789411513967033,PC1
0.07868138726664667,PC1
-0.0588191414665164,PC1
0.2684864317427363,PC1
-0.024570830108201734,PC1
-0.09588188821725344,PC1
0.005953585266114326,PC1
-0.06083359203164213,PC1
0.11917569913147383,PC1
0.23926968958167485,PC1
0.14017615757040436,PC1
-0.08197793868824191,PC1
-0.0775963982455925,PC1
-0.06718960972943704,PC1
-0.050544965021413084,PC1
-0.03558053711968777,PC1
-0.06025087001372557,PC1
0.12766982071416508,PC1
-0.018683298586537313,PC1
0.034168444273672396,PC1
-0.11286482380517558,PC1
-0.12666795258163638,PC1
-0.009789690413037962,PC1
0.07388834624817746,PC1
-0.06711070345883863,PC1
0.12697245358714118,PC1
-0.027884785264690824,PC1
-0.12024283995466964,PC1
-0.20465533829683485,PC1
-0.02205017844374641,PC1
0.09425358677937731,PC1
0.1388419488050075,PC1
0.23399880807075993,PC1
0.06508985913413562,PC1
0.011849902412688143,PC1
0.1146357059607622,PC1
-0.05202411752851889,PC1
0.09794325721420909,PC1
0.08426247255267555,PC1
0.0692071816081043,PC1
-0.15187744712793885,PC1
0.18595412510932374,PC1
0.14541905358717738,PC1
0.03278132190430617,PC1
-0.002828583720946333,PC1
0.1352333213312904,PC1
-0.009331495597699552,PC1
0.06566007088518666,PC1
-0.10872143539994056,PC1
-0.06938131332313036,PC1
0.041266136835518934,PC1
-0.10047995509719113,PC1
0.057100445138554404,PC1
-0.23255373282642536,PC1
-0.1171627358450203,PC1
-0.05533585474803277,PC1
-0.08149494875841967,PC1
0.05441678170952125,PC1
-0.06517749144370816,PC1
-0.19527386816749692,PC1
-0.0027188962662184554,PC1
0.07402123187803787,PC1
-0.10053529567908473,PC1
0.06925779128992984,PC1
-0.01770434847547056,PC1
-0.035616435427119966,PC1
0.14879784862983367,PC1
0.0390131101039394,PC1
0.06072097460086161,PC1
0.06579972903525709,PC1
0.04624009567757783,PC1
0.03368113770480166,PC1
0.09407439101561857,PC1
-0.026943386284014423,PC1
0.07289665369435018,PC1
0.08089474521108465,PC1
-0.022776524784108326,PC1
0.13533769051992636,PC1
0.04048319140440223,PC1
0.14257661305888913,PC1
-0.15442221653581295,PC1
-0.1264444574459053,PC1
-0.10481778754949933,PC1
-0.08893791691960876,PC1
-0.009076181439884472,PC1
0.11876493220285356,PC1
-0.01378443821233671,PC1
0.01312230498582246,PC1
-0.024992743973544368,PC1
0.10414425255819468,PC1
0.1165443530486154,PC1
-0.05161804583801647,PC1
0.005006921108904952,PC1
0.033712477789501274,PC1
-0.04723934685520005,PC1
-0.0946505760033326,PC1
0.07613488477470963,PC1
-0.03536653281363682,PC1
0.03341531485014823,PC1
0.03930770820033699,PC1
0.07119413831511694,PC1
0.1302629226472373,PC1
0.09378574951650302,PC1
-0.05519757590619102,PC1
0.12032840967372431,PC1
0.020798874666530538,PC1
-0.0029229936678027753,PC1
-0.04390338045229898,PC1
-0.1739522189325138,PC1
0.11511873560604453,PC1
-0.08908605168855915,PC1
-0.03581657267008993,PC1
0.10166503437220534,PC1
0.02563080297512662,PC1
-0.048840989417939656,PC1
-0.02923989696077324,PC1
-0.07891380118079003,PC1
0.06931182136071659,PC1
0.034354188650432244,PC1
0.06925299675988218,PC1
-0.08494542924257874,PC1
-0.08586548200287043,PC1
0.16031530020467738,PC1
0.11338460993816685,PC1
-0.05829242414318935,PC1
-0.04582117677981308,PC1
0.03497713175837433,PC1
0.12397670008230051,PC1
0.10723578518719702,PC1
-0.039165676846232185,PC1
-0.17946459327133996,PC1
0.0636919110758668,PC1
-0.0538772708071999,PC1
-0.06237081353333552,PC1
0.009377241494281648,PC1
0.05043913632816731,PC1
-0.06528714342641172,PC1
-0.10072877038942821,PC1
-0.04550494570092731,PC1
-0.02890893576146357,PC1
0.10897976760738433,PC1
-0.06538294641152845,PC1
0.07174772662229331,PC1
-0.0288301852973889,PC1
-0.031080129878885934,PC1
-0.028333892098497453,PC1
0.23695364468529134,PC1
0.05007472957985935,PC1
0.0684574459134335,PC1
0.12572784602222636,PC1
-0.031082164753646134,PC1
0.1057445946829438,PC1
0.07555212859119555,PC1
0.024061090630689213,PC1
0.1115045249266824,PC1
0.06757147914047602,PC1
-0.14577902144944269,PC1
0.06068865611033967,PC1
0.018449868188350736,PC1
0.028538429039159437,PC1
0.14840431370391724,PC1
0.016663762633233277,PC1
-0.21396126390278633,PC1
-0.12811033809431202,PC1
-0.25097080595122195,PC1
-0.013592566013701325,PC1
-0.1568141397486064,PC1
0.023803062256471975,PC1
-0.04058005085855523,PC1
-0.03612973112307268,PC1
0.131799674942609,PC1
-0.08401858957147862,PC1
-0.08849208712769194,PC1
-0.11112042753560666,PC1
-0.09941783101177905,PC1
-0.05466181686934557,PC1
0.04277622299919665,PC1
-0.20454146776028942,PC1
-0.18880914741265703,PC1
-0.012999697035073768,PC1
0.10891815918644174,PC1
0.11998002328026383,PC1
0.055868514364913115,PC1
-0.04037326288274747,PC1
-0.01620860161954593,PC1
0.23718791538144238,PC1
-0.16711659716835342,PC1
-0.14692667747701543,PC1
0.03776595343180403,PC1
0.10502591358390359,PC1
0.047058987709503335,PC1
-0.029440315182764458,PC1
0.04841412011019975,PC1
-0.004606843176888786,PC1
-0.06511260528447824,PC1
0.04831809502640122,PC1
-0.091309506642222,PC1
-0.07246941380282425,PC1
-0.004986129490680571,PC1
-0.09562748388355918,PC1
0.005534031698533615,PC1
0.10652088081127269,PC1
-0.040374363719240795,PC1
-0.050907237485845684,PC1
0.0739914393610798,PC1
-0.0194818901013415,PC1
0.06565594432828856,PC1
-0.1767825338415634,PC1
0.06787192885413508,PC1
-0.03826835984385381,PC1
0.07200084070721938,PC1
0.057780117068960274,PC1
0.0196682122912272,PC1
-0.09012992765834976,PC1
-0.07359827123380552,PC1
0.05818835311397527,PC1
0.06381461666746364,PC1
-0.121482908993775,PC1
-0.024914573271423303,PC1
-0.08516006619420723,PC1
-0.1684719874996445,PC1
0.05233051289824469,PC1
-0.005047093615365348,PC1
-0.01091185694665378,PC1
-0.063972919124848,PC1
0.03378886032999771,PC1
-0.11481295857899831,PC1
0.0027160997606279994,PC1
0.05589991918394964,PC1
0.03667170458614467,PC1
-0.0337562480988457,PC1
0.003490638551220728,PC1
-0.08148819236386454,PC1
0.02078754207715935,PC1
0.006225192399511165,PC1
-0.020495001889897058,PC1
-0.08836147624794813,PC1
0.0419582365216334,PC1
0.0768097602084031,PC1
-0.05841938757727517,PC1
0.18942683795731546,PC1
0.06247684025338483,PC1
-0.05709695018277516,PC1
0.0641709013707876,PC1
-0.0026751574428674554,PC1
-0.0563556557085339,PC1
-0.02416512752675374,PC1
0.044901313279448615,PC1
-0.15226239744039086,PC1
-0.021475733053203105,PC1
0.11569387210180146,PC1
-0.09124920608216622,PC1
0.034123062040353265,PC1
0.111875502608906,PC1
0.1016644931828024,PC1
0.0669113420708917,PC1
0.06932628925282089,PC1
-0.012192561140856312,PC1
-0.02384662652998308,PC1
-0.08228263157169838,PC1
0.028465080164961944,PC1
-0.08086900339885215,PC1
-0.00725552283129368,PC1
-0.14142588274554302,PC1
-0.045957204464241015,PC1
-0.12139877033631374,PC1
0.08828528739004517,PC1
-0.14389106982163813,PC1
-0.10388945218836218,PC1
0.015658628445483914,PC1
-0.036375790294814775,PC1
-0.0036855227581038185,PC1
0.01784688230292314,PC1
0.06686117555167312,PC1
0.12352097628737624,PC1
-0.07928914133428745,PC1
0.022066217318502106,PC1
0.11276433937476564,PC1
-0.09282469219770449,PC1
-0.11588673664207973,PC1
0.00786305939188488,PC1
-0.12231266699967812,PC1
0.1699816280763413,PC1
-0.07232102771053196,PC1
-0.06298050065232055,PC1
0.015908863753336944,PC1
-0.0669369797956664,PC1
-0.027454074606313605,PC1
-0.048091394850251615,PC1
-0.04582954289231404,PC1
-0.016653247662540376,PC1
0.04342426042725218,PC1
0.0610808126658287,PC1
0.05574454957583151,PC1
-0.00906101727655162,PC1
-0.12152828537456603,PC1
0.052783229364360126,PC1
-0.052881874618245256,PC1
-0.14344921303936106,PC1
9.35982533001728e-5,PC1
0.1980060932119736,PC1
-0.12626902330382944,PC1
-0.008201185620827424,PC1
-0.10717061829987343,PC1
0.128951908529241,PC1
0.16599819886441008,PC1
0.07358027813614848,PC1
0.12363009555891698,PC1
0.07024633724489378,PC1
-0.026534249472884734,PC1
-0.007390504199158093,PC1
-0.024999958963246287,PC1
0.09301971486993349,PC1
-0.10197854561779265,PC1
-0.12377997649100217,PC1
-0.01028170980587328,PC1
-0.08646143456409719,PC1
-0.1376770706426842,PC1
0.0627590174513488,PC1
0.0820371827913462,PC1
0.1495658100970412,PC1
-0.11675095084043051,PC1
0.1729744358404,PC1
0.08653268243515352,PC1
0.04436074718728482,PC1
6.656042213341595e-4,PC1
0.029904441013865905,PC1
0.03440577018868915,PC1
-0.15195304459209358,PC1
0.124971401487155,PC1
0.07224140014504114,PC1
-0.19435381958837694,PC1
-0.03910086105998742,PC1
0.0035192554790521666,PC1
0.24805609533618825,PC1
-0.08735854640535967,PC1
0.08425980557665438,PC1
0.053622338060212965,PC1
-0.023845522378908624,PC1
-0.0016826260827120382,PC1
0.01829477850379653,PC1
-0.018572284353326474,PC1
-7.942573706213353e-4,PC1
0.10611963987750939,PC1
-0.047773781436077634,PC1
0.0924006360178202,PC1
0.17042258751957268,PC1
0.10790666935689011,PC1
-0.19344553216180058,PC1
-0.009973724895999157,PC1
0.037941597646454814,PC1
0.033240618871616924,PC1
0.09334369439170347,PC1
0.12027329389065884,PC1
0.010667033472148188,PC1
-0.08547660492116249,PC1
-0.06588799743088586,PC1
-0.10947067227117023,PC1
-0.035713774021943714,PC1
-0.03223503361298875,PC1
0.05397430211852661,PC1
0.06399731511414067,PC1
0.10238271685686057,PC1
-0.047575693093882,PC1
0.15267457931170658,PC1
0.13889392271756357,PC1
0.08705023321955382,PC1
-0.035737703551643685,PC1
0.04314017224803413,PC1
0.10919296011834807,PC1
-0.038561716863422496,PC1
0.04636343182742967,PC1
-0.2205511571400277,PC1
0.0821405562543075,PC1
-0.02556545650119834,PC1
-0.06884966532277692,PC1
0.06087084761523917,PC1
0.01968694949735244,PC1
-0.044016980165687024,PC1
0.05864192127108034,PC1
0.013458819886518203,PC1
0.11990631324979482,PC1
0.036378570791530236,PC1
-0.039096011018493804,PC1
0.19241520957679611,PC1
-0.030409865921329618,PC1
-0.10187659083756406,PC1
-0.031700699017672085,PC1
0.08466665944728331,PC1
0.09162082321010613,PC1
0.011343135026583016,PC1
0.1721169343856174,PC1
-0.05289902525299424,PC1
-0.1962473643841921,PC1
-0.046504781241719334,PC1
0.05484433093510742,PC1
0.05031278329339558,PC1
0.008822635440695196,PC1
0.10005468457653878,PC1
0.06848436521580153,PC1
-0.08314830492618347,PC1
0.07138081468354454,PC1
-0.12245970811370702,PC1
0.06858455239178012,PC1
-0.05375291358957482,PC1
0.0434948581688386,PC1
-0.06778598261784063,PC1
-0.02460601129130139,PC1
-0.025533868567907538,PC1
-0.11029956024164422,PC1
-0.1141766314951697,PC1
0.20182624596276297,PC1
-0.16663365552770323,PC1
0.08549739624308636,PC1
-0.07926277003024682,PC1
-0.11191081198384518,PC1
-0.1171312446487505,PC1
-0.09614152318196724,PC1
-0.20984414796390008,PC1
0.09051783607099442,PC1
0.10218030777081694,PC1
-0.1037775609042611,PC1
-0.15133044863420578,PC1
-0.014909696688427884,PC1
-0.004493600042121945,PC1
0.060179906197875346,PC1
0.1183011052928995,PC1
0.10843916239285548,PC1
-0.08138643874828573,PC1
-0.11956723524625885,PC1
0.01032760176800289,PC1
0.05404792926578052,PC1
-0.014749251642343319,PC1
0.06365837970313026,PC1
-0.01493301326610276,PC1
-0.01599453907268275,PC1
-0.06771697526603293,PC1
-0.049652875975703545,PC1
-0.13278556588854284,PC1
-0.10811417324782813,PC1
0.0547146977995807,PC1
0.06371507245075199,PC1
0.014552079853189192,PC1
-0.16768063294215918,PC1
0.01196951324335471,PC1
0.13744419337082578,PC1
0.050769324747831954,PC1
-0.03209257289264218,PC1
0.0471271311947636,PC1
-0.17187007988403602,PC1
-0.11040321487778194,PC1
-0.06864991907624471,PC1
-0.00639455505947106,PC1
0.06381597505047451,PC1
-0.008438577746781604,PC1
-0.10224314847293811,PC1
-0.040288435539144914,PC1
-0.009110017363372065,PC1
-0.09021735140184245,PC1
-6.380657522471744e-4,PC1
0.012327936650260139,PC1
0.06508774466830304,PC1
-0.11642467251312938,PC1
0.050472590114311634,PC1
0.0035218739349648295,PC1
-0.08508951235870102,PC1
-0.015483293607813024,PC1
0.09258265306649978,PC1
-0.055383476204104984,PC1
-0.028535025361723573,PC1
0.04911993518712169,PC1
-0.06530345107343939,PC1
0.0037096433728665626,PC1
0.07814357282336894,PC1
-0.010016836600014754,PC1
-0.17856891768265992,PC1
-0.0030511787332855762,PC1
0.002466833856917018,PC1
-0.020986733300979027,PC1
0.1416471300035728,PC1
-0.11303385257299255,PC1
0.13380753453865996,PC1
0.04878215065661587,PC1
-0.006518713883001383,PC1
0.1656027113896637,PC1
-0.02349273360354988,PC1
0.04276470417942088,PC1
-0.05184923596139083,PC1
0.05476994985772607,PC1
-0.030811277075729573,PC1
-0.011839739940689615,PC1
0.10035702432093034,PC1
-0.12430871074197261,PC1
0.020215651749874705,PC1
-0.08166542106763386,PC1
0.07167279577809443,PC1
0.004030042598927794,PC1
-0.011732899138944295,PC1
0.017172997416974447,PC1
0.0015637579091011917,PC1
0.021015108344540546,PC1
-0.050096112047242375,PC1
0.06308564597521973,PC1
-0.06974461715004251,PC1
-0.17990866936271405,PC1
0.012377581910141586,PC1
-0.13949279699031364,PC1
0.023099310070005,PC1
-0.04866291247851959,PC1
0.02262653567713753,PC1
0.10843340179385899,PC1
-0.11724597539705668,PC1
0.02842260464658306,PC1
-0.012316225413780697,PC1
-0.0964842621088153,PC1
-0.12927349879632755,PC1
0.029284066913850677,PC1
-0.015893625718408102,PC1
-0.11209918267119456,PC1
0.03977489729440196,PC1
0.05804313852674859,PC1
-0.05307892758383849,PC1
-0.005873547306373074,PC1
-0.07618578730833836,PC1
0.028058609468476887,PC1
0.043923038031542266,PC1
0.1767806541659372,PC1
-0.08847657235931322,PC1
0.051325131038880936,PC1
0.03264710251730878,PC1
-0.04110284704079616,PC1
-0.026428822856225394,PC1
0.0984509983705752,PC1
0.18602134499625675,PC1
0.006823690653641981,PC1
-0.24676946481945772,PC1
0.03597231071216567,PC1
-0.07900865643948934,PC1
-0.08482471179855888,PC1
0.10545726744664564,PC1
-0.21778087068936938,PC1
0.08920775585323969,PC1
0.008774334352333775,PC1
0.07482800042732278,PC1
-0.058672580230177074,PC1
-0.016854829639965402,PC1
0.1954779669672028,PC1
-0.018282384944067524,PC1
-0.13178677357032342,PC1
0.14869509700029143,PC1
0.01792134902626418,PC1
-0.08090567408362676,PC1
0.017207164109085852,PC1
-0.07988223899150873,PC1
0.09050256420603117,PC1
0.002365245262680782,PC1
0.14222203720084395,PC1
0.08557428994674862,PC1
0.03724520785407566,PC1
-0.021379541648717464,PC1
-0.19050514317037842,PC1
-0.10699060909445379,PC1
0.1113372537000342,PC1
0.05889289846103374,PC1
0.09306755559950566,PC1
-0.04741155734493836,PC1
-0.0950545110507912,PC1
-0.09153076562166053,PC1
0.09516448328391254,PC1
0.16907244597370308,PC1
-0.2116639377124921,PC1
-1.410585174068035e-4,PC1
0.22810816477031787,PC1
-0.054556932933101515,PC1
0.10155340737254086,PC1
0.04888616965962344,PC1
-0.050096112047242375,PC1
0.14057411041815146,PC1
-0.12648093499880816,PC1
0.15490568495895887,PC1
0.09031049756826537,PC1
0.009715308565201503,PC1
-0.03958106101260688,PC1
-0.010665896215783205,PC1
-0.11997944836483096,PC1
-0.11229018776841798,PC1
-0.0074684168196397175,PC1
0.12397933144057548,PC1
-0.12791766550091002,PC1
-0.03875330244327814,PC1
0.15362240326855406,PC1
0.03820113665400224,PC1
-0.07485100466655376,PC1
0.05008913860354548,PC1
0.10966342937853542,PC1
-0.03896183887558092,PC1
0.02256694465273982,PC1
-0.013366270856663733,PC1
0.24834427941916215,PC1
0.08207364120074946,PC1
-0.009010229972776396,PC1
0.18830881319758314,PC1
-0.01160670649808783,PC1
-0.042626666810992,PC1
-0.005251157928239117,PC1
0.11696202219033291,PC1
0.0452597991190479,PC1
-0.1079455380763979,PC1
0.16707491068836494,PC1
0.043316693709569004,PC1
-0.14247185221707612,PC1
0.12233416932974234,PC1
-0.18421906644880645,PC1
-0.013034777146893838,PC1
-0.15086868704844908,PC1
0.039911526044710995,PC1
-0.041918839381610486,PC1
0.014211921910602738,PC1
-0.06456871616172188,PC1
-0.0015332150799783478,PC1
0.08634826991464403,PC1
-0.06217430137387055,PC1
0.14869518339120458,PC1
-0.1008327529837724,PC1
-0.24430295857968887,PC1
0.022840058608964667,PC1
-0.08796785115346689,PC1
-0.07550390319890868,PC1
-0.08395382051040338,PC1
-0.02056205060131056,PC1
-0.12437731210613459,PC1
-0.0051220179251523085,PC1
-0.03068794028539303,PC1
-0.015472813637614385,PC1
0.04187719809069168,PC1
0.069553596456459435,PC1
7.478426458247507e-4,PC1
-0.03699734795666934,PC1
-0.14394063004150814,PC1
0.03512615230252023,PC1
-0.035786450549686745,PC1
0.021384229358284542,PC1
0.04872894149577145,PC1
-0.06148457502062007,PC1
-0.008640080032727433,PC1
0.03276964435971764,PC1
-0.06810119308465731,PC1
-0.1400791097732775,PC1
0.11367804364614742,PC1
-0.09216418255537623,PC1
0.21409498624900491,PC1
0.1531322977961727,PC1
0.08244218320537505,PC1
-0.02516760542967085,PC1
0.03850950825875362,PC1
-0.026522604021321894,PC1
0.10990787808731521,PC1
-3.490839508650534e-5,PC1
0.05476994985772607,PC1
0.08496485334597284,PC1
-0.04012580914811705,PC1
-0.045166821959103265,PC1
-0.01367374962132802,PC1
-0.03302068930180421,PC1
-0.12557307778206533,PC1
0.1312259581742579,PC1
-0.09592425473740616,PC1
-0.029116434691670814,PC1
0.07927797332422004,PC1
-0.0677885987978192,PC1
-0.03204349038888275,PC1
-0.018098974333788993,PC1
-0.05434717990254803,PC1
-0.04699438270977306,PC1
0.07545501970785563,PC1
-0.0685656702071071,PC1
0.030979663838953675,PC1
0.08830947371889333,PC1
-0.015393478435071752,PC1
0.08544475733084399,PC1
0.0015666212106728028,PC1
-4.0718905792273136e-4,PC1
-0.027768202426218733,PC1
0.03800259178189457,PC1
0.09003844241103223,PC1
-0.010016836600014754,PC1
-0.0763545626481692,PC1
-0.028679509881329,PC1
0.08133170121243746,PC1
0.010587600973916284,PC1
0.06200282249168658,PC1
-0.016457528832912523,PC1
0.1254605075013222,PC1
-0.06535930560375361,PC1
-0.17171814529243162,PC1
-0.171100402024298,PC1
-0.03190612975337076,PC1
0.08673580289095664,PC1
-0.15374699091077876,PC1
-0.18757161285009152,PC1
-0.07520534375893104,PC1
-0.022704226740008493,PC1
0.07127677167797343,PC1
0.045219086464062364,PC1
-0.1900441654182024,PC1
-0.04485955095509711,PC1
0.12866459729983867,PC1
0.1799561080395644,PC1
-0.1229246222829382,PC1
-0.01866176898458723,PC1
-0.12161178507968698,PC1
-0.049769974590003735,PC1
-0.062391129931707603,PC1
0.11374104784539278,PC1
-6.847358528376333e-4,PC1
-0.028688356062688658,PC1
-0.027873924494867308,PC1
-0.13626488074893034,PC1
0.07073841963015307,PC1
-0.047517403689983,PC1
0.08169776234288087,PC1
-0.08861803557053546,PC1
0.02940468679932,PC1
0.0999405310012766,PC1
0.1402515023121201,PC1
-0.09529608435696554,PC1
0.09977015825695365,PC1
0.1781234456435387,PC1
0.08490744607772774,PC1
0.009690005413154342,PC1
0.12097186942428718,PC1
-0.1363267551677319,PC1
-0.0910965068539645,PC1
-0.20706421545947973,PC1
8.459432661689775e-4,PC1
-0.24208596265034205,PC1
-0.010943570620690967,PC1
0.1326229519781299,PC1
0.17777622473877097,PC1
0.05328300056971185,PC1
-0.06524081873606508,PC1
0.03400519419458031,PC1
0.115880385856088,PC1
-0.050209778857118054,PC1
-0.12251473024552959,PC1
0.11017740919731243,PC1
9.90886325493802e-4,PC1
-0.05322451069991101,PC1
-0.02676566879319845,PC1
0.008146099231850192,PC1
0.04894463108602189,PC1
-0.26570086455607433,PC1
0.01282165397728307,PC1
-0.01289921866118738,PC1
-0.05045845368021168,PC1
-0.16976704151853567,PC1
-0.04496719789342266,PC1
-0.10248399233589689,PC1
-0.01695486452448052,PC1
0.26965042652958243,PC1
-0.058250456793725924,PC1
-0.007787308625177399,PC1
-0.10026273634489777,PC1
0.06675500363286033,PC1
0.09970959551274268,PC1
0.1494680984910434,PC1
-0.1038078745071848,PC1
-0.23189256878244713,PC1
0.06855692898510855,PC1
0.11211082370965694,PC1
0.08335091036315705,PC1
-0.10259340575850372,PC1
-0.027143182500438,PC1
-0.040385717131843385,PC1
-0.01997957902751825,PC1
-0.13240240386230817,PC1
-0.09111635217202815,PC1
0.06509805536297629,PC1
0.08240559576718005,PC1
0.09029032109147694,PC1
-0.12369254342189727,PC1
0.009879813853593267,PC1
0.04517121721322281,PC1
-0.1276249933467164,PC1
-0.03975556862861375,PC1
-0.04088231461464128,PC1
-0.02189411721046318,PC1
0.0635378403342827,PC1
-0.0660086931245798,PC1
-0.1088229260335756,PC1
-0.13770701552785958,PC1
-0.032523205499285404,PC1
-0.0015892616936033152,PC1
-0.03519909929542235,PC1
0.13864610560355012,PC1
0.13827375449774573,PC1
-0.04361872334375084,PC1
0.07346517900224457,PC1
-0.061351454233820706,PC1
-0.11218325710076968,PC1
-0.13067263123616757,PC1
-0.06350334500072254,PC1
0.055743269807664385,PC1
-0.05156499459462824,PC1
0.03243498924625106,PC1
0.03356061229927948,PC1
0.12243898210741203,PC1
-0.16321872050296346,PC1
0.13243857933577735,PC1
-0.05899512708121456,PC1
0.10889377345966889,PC1
0.048734840189621736,PC1
-0.1330813955085958,PC1
0.18685870520661718,PC1
0.011873372381473707,PC1
0.19077616330559094,PC1
0.12174708119729855,PC1
0.0782060440337281,PC1
0.08537744546028035,PC1
-0.17218030930256373,PC1
-0.04038031479540221,PC1
0.07048323353281495,PC1
0.04068962185830536,PC1
-0.04611384327847963,PC1
-0.14436422566208754,PC1
-0.09783356301488388,PC1
-0.01832488076530779,PC1
-0.14745610492839084,PC1
-0.1065223427791967,PC1
0.008811326535212455,PC1
-0.1215171837097033,PC1
-0.1148779699844732,PC1
-0.010121124332609577,PC1
0.15544952552296748,PC1
-0.01289921866118738,PC1
0.12253090061054224,PC1
0.14464934692292838,PC1
0.14078526164067556,PC1
-0.03201169606145795,PC1
0.03784388051170348,PC1
-0.008559646306937702,PC1
0.036602680327607974,PC1
0.025812845478918933,PC1
-0.11092166010806433,PC1
-0.03261082121125569,PC1
0.06472431978076143,PC1
-0.006506379831356221,PC1
-0.05958382050348537,PC1
0.017370579683954356,PC1
0.21212544063399633,PC1
0.02755350581441474,PC1
-0.006058027293676485,PC1
-0.07862953066462387,PC1
0.024091071144500736,PC1
0.18295285717654386,PC1
-0.026472433095973635,PC1
-0.02600284995275276,PC1
-0.13513388250794328,PC1
0.05227274845602025,PC1
0.028117130194326868,PC1
0.05254473218996,PC1
-0.19397509064384175,PC1
0.12687631670999477,PC1
0.08264073363332333,PC1
0.006899489649040497,PC1
0.09325340839993192,PC1
-0.05293668403508058,PC1
0.08337460091900706,PC1
-0.06768384215075243,PC1
0.14930331424105509,PC1
0.03360196231104556,PC1
0.015471663352183807,PC1
-0.07075226645896639,PC1
0.11754491934403116,PC1
0.0879689579074821,PC1
-0.026216604965901707,PC1
-0.013038301851431192,PC1
0.03842713407877406,PC1
-0.01301919327018149,PC1
-0.13133173782262764,PC1
-0.12666315121802646,PC1
0.14455042187116124,PC1
0.0500294023870775,PC1
0.1412753875731495,PC1
-0.002749350207944439,PC1
0.08270980293655067,PC1
0.005022184908482186,PC1
0.1521529137197558,PC1
-0.09091584166208808,PC1
0.012581651569434917,PC1
-0.08886559675602382,PC1
0.16094727918717935,PC1
-0.006127792560403782,PC1
-0.05028123979176254,PC1
0.015746345326325857,PC1
0.06009342307613434,PC1
0.15084588311905162,PC1
-0.05762991488307584,PC1
0.08944717541926597,PC1
-0.04667998018919195,PC1
0.042403765335151694,PC1
-0.07897178740710808,PC1
0.10197099417256715,PC1
0.08220705569344003,PC1
-0.14674804995171328,PC1
0.054912455770532026,PC1
-0.08959619255866294,PC1
0.06526150637990719,PC1
-0.16632629514528907,PC1
-0.0843265028731219,PC1
-5.502706973182225e-4,PC1
-0.21279057937475299,PC1
0.01616182952682313,PC1
-0.01385107908593726,PC1
0.08689861203656879,PC1
-0.09463990390282459,PC1
9.407622917140435e-4,PC1
-0.07152407187745652,PC1
0.08420921263139314,PC1
-0.01843099713024812,PC1
-0.037049562007952036,PC1
-0.07604162602662455,PC1
0.04094802167843028,PC1
0.0424822669405911,PC1
0.02733387558302979,PC1
-0.07805306639798953,PC1
-0.06070317475727777,PC1
-0.08168522468960743,PC1
-0.03071777689536144,PC1
0.11274341135910038,PC1
0.14812602866687077,PC1
0.12551553881406938,PC1
0.10964055327173743,PC1
-0.040640853975659114,PC1
0.12864636520873282,PC1
0.03888577852233518,PC1
0.02065737707110877,PC1
0.10260340028744519,PC1
0.01210571715961619,PC1
-0.08800663810618668,PC1
0.037461163118751556,PC1
-0.027770669575765638,PC1
0.2151703224216151,PC1
-0.15255769465396674,PC1
0.11146680797163333,PC1
-0.035775533704620346,PC1
-0.0901597571010754,PC1
0.11780233303259671,PC1
-0.3290415841345952,PC1
0.0971680121879775,PC1
-0.03903724679237954,PC1
-0.022779121718340317,PC1
-0.09193514884393457,PC1
0.050466077196437,PC1
-0.14023466612261254,PC1
0.034436327334266215,PC1
0.011517918291479447,PC1
-0.03193398820372978,PC1
0.04201554988101834,PC1
0.047165786147790066,PC1
0.10082005053611372,PC1
0.030470736901425946,PC1
-0.3332810019506026,PC1
0.0035209613036877654,PC1
0.09924031108264596,PC1
-0.10379355786746125,PC1
0.05718374419867062,PC1
-0.06916703472833305,PC1
0.10849546712137499,PC1
-0.035646338638874155,PC1
-0.09435094531920434,PC1
0.08856483783104634,PC1
-0.2272913197119809,PC1
0.01501826243069444,PC1
-0.01799732990931828,PC1
-0.09314646869595132,PC1
0.059070357872271606,PC1
0.3097510793854582,PC1
-0.03324543779207606,PC1
0.09883312422080705,PC1
0.1624783454817292,PC1
-0.035628167990906526,PC1
0.032491996640334815,PC1
0.058172858121077836,PC1
0.13682964466668218,PC1
-0.10991343081351027,PC1
0.04461516867376453,PC1
-0.08022967839979264,PC1
0.04951277609404614,PC1
0.10918390230349545,PC1
0.2138693709804443,PC1
-0.22812697735906773,PC1
-0.1713391750807619,PC1
0.057301316463223124,PC1
0.1305430402084755,PC1
0.09054478789027738,PC1
-0.17240630572192803,PC1
0.014728283095306532,PC1
-0.025199447928193904,PC1
0.07853752092674395,PC1
-0.001915068910550731,PC1
0.16213899348857763,PC1
-0.14035362086091407,PC1
-0.030779754640986742,PC1
0.07155237787013932,PC1
0.0855753387558609,PC1
-0.16842694902423452,PC1
0.04788381336157374,PC1
-0.056051434415688405,PC1
-0.11142965276796327,PC1
0.05386125426373886,PC1
-0.12884552998455592,PC1
-0.15225184568316644,PC1
0.10846249832103357,PC1
0.30579319061049975,PC1
-0.034834178290476504,PC1
-0.06147752477893649,PC1
-0.07898134800179687,PC1
0.019188076710687594,PC1
-0.14160845682025702,PC1
0.13511664383116653,PC1
-0.05338110218053645,PC1
-0.14891315488689508,PC1
0.03223505471142949,PC1
-0.0984042423561748,PC1
0.05554607859524458,PC1
-0.09711204263265488,PC1
-0.26728031619814385,PC1
-0.01053121199375459,PC1
0.20438750070956893,PC1
-0.08270652611454321,PC1
-0.10947062933898197,PC1
0.19122991338502984,PC1
0.03516064959262434,PC1
-0.06207828807526167,PC1
-0.03336699741377726,PC1
-0.01064574120693753,PC1
-0.1887849818352226,PC1
0.0505665611104088,PC1
0.09208182043565716,PC1
-0.06396693204536795,PC1
-0.11078632291862864,PC1
0.32701623605836516,PC1
-0.09716172413452197,PC1
-0.11547060704723329,PC1
-0.05610669872772698,PC1
2.734459252379008e-4,PC1
-0.05230850755476658,PC1
-0.08002301604538793,PC1
0.05029120626390751,PC1
0.01730485919098272,PC1
0.15087203373642705,PC1
0.02444933232088354,PC1
-0.20512142516131682,PC1
-0.04239746286536762,PC1
0.21094764691268758,PC1
0.08977581432925912,PC1
0.17075215492827403,PC1
-0.13950082043700565,PC1
0.04985918874095821,PC1
-0.08578788793645337,PC1
0.0034565330546463624,PC1
-0.07750699264578578,PC1
0.028400934698331912,PC1
0.022769731474411824,PC1
-0.0066862184463611155,PC1
-0.08676473015236207,PC1
0.03044491159956494,PC1
0.17640217570808556,PC1
-0.06287501890659755,PC1
0.00620723907002995,PC1
-0.11848430073211812,PC1
-0.16168432839397617,PC1
0.20982434578841955,PC1
-0.11756092544551604,PC1
0.07516579609984633,PC1
-0.03437779669932306,PC1
0.002864661749569666,PC1
0.07019040180967923,PC1
-0.03636182912532132,PC1
0.08114486893139623,PC1
-0.06189970641654796,PC1
-0.15478239052277284,PC1
-0.20039083640390126,PC1
-0.13836995581601086,PC1
7.600650656053062e-4,PC1
0.009198284420101666,PC1
0.11811715054792353,PC1
-0.04223199686291043,PC1
0.06762882351330315,PC1
0.053269125094899124,PC1
-0.15884695954561698,PC1
0.026061946109006487,PC1
0.013721346058408346,PC1
-0.03807746419818456,PC1
0.06073228036092333,PC1
0.023339626705250156,PC1
0.027039753970274763,PC1
-0.009072043395007858,PC1
-0.10401937418426836,PC1
0.19185231266019,PC1
-0.19246250842556586,PC1
0.025165292302231558,PC1
0.14124991559944433,PC1
0.021471091413823792,PC1
0.015264697437347265,PC1
0.0966762389172868,PC1
0.07126438375601374,PC1
-0.07087798239140158,PC1
-0.023998486586704976,PC1
-0.12262046522062105,PC1
0.06672583476071677,PC1
-0.11933042308826608,PC1
-0.08872163540967362,PC1
-0.005467691656873379,PC1
0.013216244113529778,PC1
0.11179390911174963,PC1
-0.018157668235141373,PC1
0.07975924583565103,PC1
0.04852051378560902,PC1
0.020498531022485444,PC1
-0.019608378514553985,PC1
-0.0935216270174966,PC1
0.05542121608865959,PC1
0.022605830006618668,PC1
0.06875090680535811,PC1
0.11205590708657706,PC1
-0.028439818445328446,PC1
0.08461089489485993,PC1
6.564899518888279e-4,PC1
-0.024937479278522724,PC1
0.03555768294338936,PC1
0.07574774248202443,PC1
0.015034960803566647,PC1
-0.07601748622792492,PC1
0.179245747697772,PC1
0.14900446911130283,PC1
0.028437378069534607,PC1
-0.20105557873346833,PC1
-0.1594396909497366,PC1
0.17480188625590656,PC1
0.08485961303300774,PC1
0.14095153203242386,PC1
0.05345528325180665,PC1
0.09358244281930903,PC1
-0.08996801628992968,PC1
0.07131077685824644,PC1
-0.028071866478137322,PC1
-0.11721884741997646,PC1
0.17109119296436237,PC1
0.10717089642740656,PC1
0.06648093670015953,PC1
0.04836854314855299,PC1
-0.21652814942604956,PC1
0.048247588791300956,PC1
0.10538332573453724,PC1
-0.002594787821035397,PC1
0.132113626756664,PC1
0.02738003042002061,PC1
0.057628017304133444,PC1
-0.03407398266247654,PC1
-0.1849987958424419,PC1
-0.144556909647706,PC1
-0.2043015639446707,PC1
-0.10671080492670007,PC1
-0.26220599083200535,PC1
-0.06411026650719215,PC1
-0.05487351746718368,PC1
0.16197694783617889,PC1
0.0915292699927962,PC1
-0.03962000036162232,PC1
0.18577057096994223,PC1
-0.18144722423498835,PC1
0.012202472106160586,PC1
0.11256729512915539,PC1
0.0074920999275237925,PC1
0.004169792352945519,PC1
0.17790439571719796,PC1
0.13940248629805546,PC1
-0.055050079681002256,PC1
0.026167153485207345,PC1
-0.07386407668917107,PC1
-0.04027208020834027,PC1
-0.2332482828226498,PC1
-9.174693815962674e-4,PC1
-0.10260972499928014,PC1
-0.0011372377249886448,PC1
-0.06131001799637265,PC1
0.1285199624770822,PC1
-0.0025491259610897253,PC1
-0.14633945536724696,PC1
-0.20872451131422498,PC1
0.07547002702221203,PC1
-0.11898880530807796,PC1
-0.11444955337935132,PC1
0.09175908824227628,PC1
-0.035558840436807126,PC1
0.1087847835076229,PC1
-0.0643496890723974,PC1
-0.03533902198008767,PC1
0.0024307311642290073,PC1
0.1316979948829744,PC1
0.05698901998415125,PC1
0.026951794031970636,PC1
-0.09693874195755828,PC1
0.05831156442694951,PC1
0.1670655710854525,PC1
-0.1865790731279945,PC1
-0.07342094786001965,PC1
0.07317749151427404,PC1
-0.06659505889508044,PC1
0.017205786657589567,PC1
0.06512546188322121,PC1
-0.07221533750765409,PC1
0.1165166818988752,PC1
-0.007054597727785945,PC1
-0.18345681319877377,PC1
0.2575500545849041,PC1
0.01630027741806259,PC1
-0.022658648424272843,PC1
0.009705950728024118,PC1
-0.037076645925727646,PC1
0.016163652542451282,PC1
0.05659571534178217,PC1
0.06298647780527734,PC1
0.0324942820068125,PC1
-0.047253775817239135,PC1
-0.0626847248634245,PC1
0.22708167989033184,PC1
0.09071957795418119,PC1
0.07585805188093096,PC1
-0.019362789329568246,PC1
0.1058656284909218,PC1
0.17669311463144075,PC1
0.18511038858710038,PC1
0.030047318436587415,PC1
-0.06802236356922209,PC1
0.07853285764381038,PC1
0.048761053517517486,PC1
0.06544808344835533,PC1
0.05951609680037941,PC1
-0.11113946106102356,PC1
0.08397929783854774,PC1
-0.12461262105209231,PC1
0.10003980760432042,PC1
0.1048408997394023,PC1
0.06949190819500324,PC1
-0.11458162543052205,PC1
0.015260395299690449,PC1
-0.024466317967016045,PC1
0.0721636390410221,PC1
-0.11731147003573013,PC1
-0.055932120477598546,PC1
-0.11819136583695321,PC1
-0.012234646287089097,PC1
0.017932074252817617,PC1
0.13676884232502373,PC1
-0.1792787023171763,PC1
0.017397164531982583,PC1
0.013829541406164804,PC1
0.10638352459430164,PC1
-0.11853342980179074,PC1
0.015199135164769017,PC1
0.17197856449902077,PC1
0.005364629884531874,PC1
0.24430719605671225,PC1
0.022672429292555033,PC1
-0.14373209946159568,PC1
0.07221326865317038,PC1
0.1535895237856759,PC1
0.027089384857195267,PC1
-0.01962729986393545,PC1
0.03808856591284973,PC1
-0.06559783377135098,PC1
-0.018411339974529668,PC1
-0.10967013450633903,PC1
0.09510784154688559,PC1
-0.004069023756640325,PC1
0.06621084535510952,PC1
-0.07805842408956618,PC1
0.09649093580864535,PC1
-0.09703913612091397,PC1
0.04891758423641106,PC1
0.004708096418142111,PC1
-0.005124725214850377,PC1
0.010975343322175587,PC1
-0.09089560040661775,PC1
0.1228105263966808,PC1
-0.08200262184922075,PC1
0.09909030841395086,PC1
0.06784404595990975,PC1
0.12841246238989873,PC1
-0.01790737546865466,PC1
0.14030068885344063,PC1
0.15804350819999996,PC1
0.07652480601466688,PC1
0.0121699145485996,PC1
0.006671264001890706,PC1
-0.15832245500560502,PC1
-0.11811946269417671,PC1
-0.05167838476273329,PC1
0.19773976628676843,PC1
0.05340868347891057,PC1
0.04929445413212111,PC1
0.05036637243322874,PC1
-0.032328911170602555,PC1
-0.10834760648131571,PC1
-0.13214952446768602,PC1
0.08468637539598928,PC1
-0.15162291662678776,PC1
-0.13075616729076614,PC1
0.022163884323445935,PC1
0.002668844315532208,PC1
-0.13257932391098115,PC1
0.18686697409512149,PC1
-0.018443890248300437,PC1
-0.14909338212620218,PC1
0.13686514781187276,PC1
0.20914170580310662,PC1
-0.03441121803635514,PC1
-0.02198028549963057,PC1
-0.1164325855113,PC1
-0.02210576276776944,PC1
-0.017750740837801027,PC1
0.05504647849525067,PC1
0.16634560382669555,PC1
0.06423555307206649,PC1
-0.10399045873463605,PC1
0.02444288532767871,PC1
-0.030104781535866515,PC1
-0.046828169477255155,PC1
0.0942759738180336,PC1
-0.061989798494483474,PC1
-0.13564881306260057,PC1
-0.15157057916559302,PC1
0.0924593668217639,PC1
-0.00849926515915525,PC1
-0.15569816470589942,PC1
-0.16246659270032207,PC1
0.020406770139938295,PC1
-0.09946991259439603,PC1
-0.03048755810050379,PC1
0.062009223612088354,PC1
0.020245836918517418,PC1
0.06823102018758376,PC1
0.050270608881570054,PC1
-0.022228240767292545,PC1
-0.1848842551133376,PC1
0.020975954975233982,PC1
0.02741391571767634,PC1
0.07144839934705127,PC1
-0.022908950933847032,PC1
0.092368677374214,PC1
-0.05049145015181515,PC1
-0.05620977811000798,PC1
-0.03282062922378032,PC1
0.09456829103001378,PC1
-0.23868231599382644,PC1
0.08841513757898013,PC1
-0.17121185551308502,PC1
0.0037308043644754055,PC1
0.15564695495813322,PC1
-0.014196990960854474,PC1
-0.022525907979098432,PC1
0.21450980919194054,PC1
0.03387670627095442,PC1
-0.006008793312786795,PC1
-0.07217606533846757,PC1
-0.1814616733613651,PC1
0.09157493104840532,PC1
0.1329023200692313,PC1
-0.03295776586406013,PC1
-0.043969186359392586,PC1
0.05276832478689117,PC1
-0.05841069008704235,PC1
0.1078985524359716,PC1
-0.1471842374152411,PC1
0.07997844011933034,PC1
0.059521682066371095,PC1
0.016912465589535616,PC1
0.012994582896813607,PC1
0.07134510987362813,PC1
0.04358467979985487,PC1
0.08889969359246651,PC1
0.11966265893824576,PC1
-0.027686779568387415,PC1
-0.07623740177924436,PC1
-0.013001093644282029,PC1
-0.11184280889712438,PC1
-0.11755742118562684,PC1
-0.14259859165930158,PC1
-0.22267497961241534,PC1
-0.12445962001607436,PC1
0.2063226024832192,PC1
-0.09651041495266938,PC1
-0.022646491027036676,PC1
-0.04544397874251501,PC1
0.0023784867632445396,PC1
-0.02562733023543117,PC1
0.1035298001096579,PC1
-0.05967314143602258,PC1
-0.11323751024680559,PC1
-0.012186161459294546,PC1
0.08515111465931367,PC1
0.30246489252094916,PC1
0.04928211754794,PC1
0.0570967036074055,PC1
-0.12317511380207274,PC1
-0.3550026810796266,PC1
-0.20299531521856073,PC1
0.05696383628228447,PC1
-0.14036979015092746,PC1
-0.05309005929689629,PC1
-0.04766872652512738,PC1
0.01963220357135157,PC1
-0.008247476072068965,PC1
-0.12173827747141854,PC1
-0.06655002451465014,PC1
-0.10233313324168408,PC1
-0.12764806844628007,PC1
-0.06292905948538366,PC1
-0.010281350030602415,PC1
0.16491174159216745,PC1
-0.07476033348908727,PC1
0.1683278765443929,PC1
-0.09183196641082017,PC1
0.10501735539513377,PC1
0.08599636529568427,PC1
-0.023120880319207837,PC1
-0.04877117605002443,PC1
-0.3067487304135389,PC1
-0.08033073979429389,PC1
-0.11704162377322341,PC1
0.04506090355272613,PC1
-0.051358711345724006,PC1
-0.056861086715216544,PC1
0.1188447577425564,PC1
0.24377613235802986,PC1
-0.09102499191609587,PC1
0.051516509487356185,PC1
-0.04058566826637927,PC1
-0.04503726660676554,PC1
-1.3026601541921493e-4,PC1
-0.07751119723289832,PC1
-0.06397491638184934,PC1
-0.09307303706780477,PC1
0.030504171421844764,PC1
-0.09408458023365307,PC1
0.005486087058282331,PC1
-0.1796487343329668,PC1
-0.08004857302073949,PC1
-8.509711010926298e-4,PC1
0.15726339560619113,PC1
-0.0870127076480045,PC1
-0.09810198647391365,PC1
-0.10395308267854844,PC1
0.037288335415327375,PC1
0.2441569975534944,PC1
-0.10141969065709378,PC1
-0.10634974491034326,PC1
0.05326441739198525,PC1
-0.1360250451350643,PC1
0.01601131976990839,PC1
-0.041500278754533215,PC1
-0.04446372952432968,PC1
0.03994168628654453,PC1
0.06693907794603328,PC1
-0.1473389755312897,PC1
0.10989638383435404,PC1
0.2401236260615143,PC1
-0.07805860826087725,PC1
0.037465193041855256,PC1
-0.11350620477949598,PC1
0.2286617297212543,PC1
0.09002505930404515,PC1
-0.021234515896100502,PC1
-0.04444268929536776,PC1
-0.07097425370478617,PC1
-0.1188772411026043,PC1
0.008483181318952182,PC1
1.4841185433731724e-4,PC1
-0.0697037628358433,PC1
0.04225617935823145,PC1
-0.1050154729254591,PC1
0.032922212536332325,PC1
0.028122299886765588,PC1
0.07450704330517327,PC1
-0.08666892376601258,PC1
0.11104264914260627,PC1
0.12855739956954731,PC1
0.1871527088150997,PC1
0.09491187872381379,PC1
0.10390517907708241,PC1
-0.04210511785252544,PC1
-0.12954232508513278,PC1
-0.046905590517542076,PC1
-0.0026920797396918703,PC1
0.10197937567757753,PC1
-0.001190557167656649,PC1
-3.232813107871199e-4,PC1
0.11224798972770271,PC1
0.009957751232710537,PC1
0.030452655056902773,PC1
0.05678786465593276,PC1
-0.0935175706434995,PC1
0.15423318889674775,PC1
-0.13711194294458345,PC1
0.059091850531017835,PC1
0.0763250789832567,PC1
0.07734540771010215,PC1
-0.034287269963318996,PC1
-0.04159309156351921,PC1
-0.0063649208018163594,PC1
-0.05538291238199026,PC1
0.1552167265133127,PC1
0.030369549812492205,PC1
0.05256450266655196,PC1
-0.11748769585039433,PC1
0.05706287567493907,PC1
0.020949447919118437,PC1
0.06528950978297246,PC1
-0.2060001317784096,PC1
0.0077865101590420815,PC1
-0.07020043618747641,PC1
-0.013534568732655725,PC1
0.0014217488122313382,PC1
-0.07293190013631332,PC1
0.07832079009964606,PC1
-0.026123084314670697,PC1
0.07254400506044109,PC1
0.10860003810305302,PC1
0.010873818364194283,PC1
0.008483181318952182,PC1
0.09743132335405347,PC1
-0.021872607364665564,PC1
0.15223518045266793,PC1
-0.07657144717920322,PC1
0.0067887510345975306,PC1
-0.0029312693211853078,PC1
0.12602497656253314,PC1
-0.11421978402196074,PC1
0.0774226109343909,PC1
0.13749752804895582,PC1
0.0946478562558413,PC1
-0.08027367247379413,PC1
0.00996055327079226,PC1
0.08460334479554578,PC1
0.035697883838095044,PC1
-0.004784063794644702,PC1
0.08215804410102015,PC1
0.03450378834951333,PC1
0.04218440936892314,PC1
0.13071096839536278,PC1
-0.003913972128328086,PC1
0.1468032383814597,PC1
-0.1161984584012525,PC1
0.062496891828526135,PC1
0.0921910683048399,PC1
0.002583550871312887,PC1
-1.0195412900814577e-4,PC1
-0.20754472345369793,PC1
-0.0674084090885171,PC1
0.07332575147525629,PC1
0.07332467133079773,PC1
-0.045041339938591225,PC1
-0.15632101001769766,PC1
-0.1269337230477737,PC1
-0.04225230643561413,PC1
0.016413925247365693,PC1
0.036383353178552603,PC1
-0.06997824096211827,PC1
0.04932707833359058,PC1
-0.016768476577489887,PC1
0.011005876621279616,PC1
0.01713411891889165,PC1
-0.0508742976608398,PC1
0.05084267545033825,PC1
-0.06838859680242532,PC1
-0.043188421091750154,PC1
-0.14687351740797114,PC1
-0.08768915311343986,PC1
-0.07646592039140039,PC1
0.03619114191491461,PC1
-0.061772291342955324,PC1
0.18992048042903661,PC1
0.03609398243960449,PC1
-0.006772591207683644,PC1
-0.19613938836319128,PC1
-0.05809375888367361,PC1
0.016122371285629843,PC1
-0.0939855995615892,PC1
0.0935468787556789,PC1
0.032446267648702856,PC1
-0.1753536923041597,PC1
0.002467809710700375,PC1
0.12390155840748442,PC1
-0.0017699933018405362,PC1
0.16105109888697153,PC1
0.028885320490662322,PC1
-0.06274556255405293,PC1
-0.006645157340329602,PC1
0.12990638421034173,PC1
-0.0434403534155607,PC1
0.10317263091363635,PC1
0.07502854942851225,PC1
0.05662109963583669,PC1
0.017805995948990065,PC1
-0.009006984062343931,PC1
-0.10787475941389468,PC1
0.06152334323802269,PC1
0.03467322969365031,PC1
-0.047970178092766186,PC1
0.015471820754216235,PC1
-0.012762710583194167,PC1
-0.008691276995810168,PC1
0.2648535123881885,PC1
0.026908025022823506,PC1
-0.03396029846663121,PC1
-0.16192690138067256,PC1
-1.0195412900814577e-4,PC1
0.08754295641031493,PC1
0.00952428089167192,PC1
0.05085129047517367,PC1
0.08913315156951868,PC1
0.12384959324076247,PC1
-0.09578494650035384,PC1
0.2377719034016432,PC1
-0.04488002698952068,PC1
-0.07875933399750444,PC1
-0.0945074569549853,PC1
-0.1524070637040518,PC1
-0.10702817745268092,PC1
0.07803626719397833,PC1
-0.01165572945132304,PC1
-0.020338603451553534,PC1
-0.07795923422019028,PC1
0.03450921799703002,PC1
0.005161315435799367,PC1
0.16886669301733295,PC1
0.15952732670691694,PC1
-0.029152928493574416,PC1
-0.09514165707557007,PC1
-0.13138829931969576,PC1
-0.14967510613781737,PC1
-0.04608971833955135,PC1
0.009146480715880867,PC1
-0.002082856890382491,PC1
0.12733440152596529,PC1
0.1133084795284504,PC1
-0.20244169555755986,PC1
0.12868392977170728,PC1
-0.06374005494095333,PC1
-0.07358558885727147,PC1
-0.05699254647363265,PC1
-0.09316964790664403,PC1
-0.1030775483878702,PC1
0.04491174722715305,PC1
-0.11813248038096784,PC1
0.1657621310299478,PC1
0.08994493768804097,PC1
0.038821743707481204,PC1
-0.203335147349043,PC1
-0.01682221454444159,PC1
-0.06881770264826016,PC1
0.16243926625531177,PC1
0.17590948654599023,PC1
-0.17690558914725507,PC1
-0.07424734409553613,PC1
-0.05015057528315994,PC1
0.02379884512952462,PC1
-0.0930442012870985,PC1
0.18277513980917545,PC1
-0.013097485533149177,PC1
0.01587539071676137,PC1
0.06204847169315347,PC1
0.01890093181813611,PC1
0.06668105719393567,PC1
-0.10559184263896937,PC1
0.1490728282357063,PC1
0.029802104596396248,PC1
0.025840251895301914,PC1
0.11503467835555926,PC1
-0.08652095536866365,PC1
0.07309375926303831,PC1
0.16366361915723643,PC1
-0.05793642209497885,PC1
-0.17234391596719909,PC1
-0.030461319415056885,PC1
0.019541946071220735,PC1
-0.19033835663229637,PC1
-0.06134782892665363,PC1
0.04301020293807291,PC1
0.13430377538259855,PC1
-0.20546359273517303,PC1
0.025463685123732108,PC1
-0.2415529269957704,PC1
-0.23977192425391491,PC1
0.16632699106228785,PC1
0.06270763847231506,PC1
-0.33233507133894497,PC1
0.0070509589563072786,PC1
0.15692120831163672,PC1
0.0857555733428673,PC1
0.02010163137096469,PC1
-0.2456811147966395,PC1
0.031581040971725094,PC1
0.09065113457044874,PC1
0.05360439784166949,PC1
0.03473087439010303,PC1
0.0850344976866347,PC1
0.1802742418095707,PC1
-0.06544410128326639,PC1
-0.12234315985486548,PC1
-0.10985086887798935,PC1
-0.13331115359886475,PC1
-0.04959142361342944,PC1
-0.06366853712535049,PC1
-0.03362614259074166,PC1
-0.019545970466938525,PC1
0.07129605518973299,PC1
0.024421502712519076,PC1
0.04135286160413762,PC1
0.04546970070937299,PC1
0.07738570110147991,PC1
0.1034099118075231,PC1
-0.1352089951986684,PC1
-0.002485486096233433,PC1
0.11814088534614475,PC1
0.01890564815272096,PC1
0.03397432252321812,PC1
0.015971049004303357,PC1
0.13482818605763974,PC1
-0.05481179438740393,PC1
0.22056471552950133,PC1
-0.11105386162788652,PC1
0.06991818309843477,PC1
-0.10016560039757788,PC1
-0.0090296609412829,PC1
-0.11156252492257124,PC1
-0.04438180773367477,PC1
0.013461887752986713,PC1
0.15199418765188688,PC1
0.02919585624005059,PC1
-0.07119003512675917,PC1
0.10212829750845163,PC1
0.09393584186152142,PC1
0.16028742333163448,PC1
-0.02745380278921148,PC1
-0.07864739324469953,PC1
-0.10792212214214597,PC1
0.06659360101220202,PC1
-0.05842398428043246,PC1
-0.03105884674368833,PC1
-0.03692193497174549,PC1
0.07322749542969473,PC1
-0.019144631473226155,PC1
0.11679624195316334,PC1
-0.20228358086181195,PC1
-0.001257808306742209,PC1
0.1160917895593177,PC1
-0.011088184807999779,PC1
0.0558900075336599,PC1
-0.03435984093435913,PC1
-0.301651131074692,PC1
0.022001309364447712,PC1
0.06874620261953288,PC1
-0.05292261161540091,PC1
0.08240094403396771,PC1
-0.03979925919451542,PC1
0.018278295933476317,PC1
0.06048593658532375,PC1
0.14513145287311252,PC1
0.05992861466441489,PC1
-0.03549904615696582,PC1
0.11457364871644518,PC1
0.09237235498748425,PC1
-0.04188464281151252,PC1
0.09893037208588441,PC1
0.19693675654455536,PC1
0.01847117824063603,PC1
-0.1690060889502954,PC1
-0.07539166048429174,PC1
0.09085671657119847,PC1
-0.0699918420094977,PC1
0.26686101181676597,PC1
-0.009138193684830515,PC1
-0.02235064003585653,PC1
-0.054813945385884744,PC1
0.08935781395797675,PC1
-0.0356607238859416,PC1
0.02183110642939141,PC1
-0.20157414371464488,PC1
-0.015015620213632584,PC1
0.17285410126243222,PC1
0.06287127659625863,PC1
-0.026204486543328805,PC1
-0.055125747388177715,PC1
-0.029232108542512094,PC1
-0.08962068165749243,PC1
-0.00899261295195742,PC1
0.0627080953446039,PC1
1.5578180232814903e-4,PC1
0.147022295108274,PC1
-0.0031472251638912443,PC1
-0.26302201676280723,PC1
-0.23386244803651932,PC1
0.02767210629885524,PC1
-0.053618033817618975,PC1
-0.2098456433718901,PC1
-0.022897630762910244,PC1
0.06610982561656657,PC1
-0.08124583296042823,PC1
-0.042905275373205494,PC1
-0.09892991534499222,PC1
0.26439106126729855,PC1
0.14473502104560523,PC1
0.026132957292701063,PC1
-0.05618582849905999,PC1
0.05126507988814971,PC1
-0.12867134358745638,PC1
0.04017993971405024,PC1
-0.06928825981247647,PC1
0.011017129299351518,PC1
-0.02984030104251908,PC1
-0.07663997700816781,PC1
0.10776922999967284,PC1
0.0320385449362517,PC1
-0.16785129858888587,PC1
-0.06494692811934921,PC1
-0.08049722167648171,PC1
-0.016964875169620863,PC1
-0.046282763034287494,PC1
0.20841002709439244,PC1
-0.06905979304633572,PC1
0.10744931094194016,PC1
0.018490318031651944,PC1
0.040768647772943145,PC1
-0.01648598011618321,PC1
-0.008201841541567563,PC1
-0.07208987482026871,PC1
0.021114938262487865,PC1
0.012037909494783464,PC1
-0.19976289677648104,PC1
-0.18914906858493338,PC1
-0.21972305353759405,PC1
0.11388883251119628,PC1
0.18161689769447797,PC1
0.006692212016504696,PC1
-0.01753447454073808,PC1
-0.06473859849863701,PC1
0.007892111475339601,PC1
-0.04173787875252508,PC1
0.0031096606144558198,PC1
0.05851946110293139,PC1
-0.07776287920708094,PC1
-0.01746875529532537,PC1
0.051332270110858766,PC1
0.02458049033554865,PC1
-0.16598726267405053,PC1
0.06247526351513788,PC1
-0.1385137472823637,PC1
-0.01081410921529407,PC1
-0.06156200871116921,PC1
0.001251330704802267,PC1
