r0,ba1,lp__
0.34487339930948974,0.015041966747442658,-146.00176684648056
1.3992916237431543,-8.031651326073971e-4,-143.8465995416757
1.0447881726736068,-9.089254925397822e-4,-143.82408618986972
0.9871923428006523,-8.605125954155163e-5,-143.88728093557893
2.883021469675218,-0.01910294352457731,-145.18948482915505
2.954472501684435,-0.010906331154482404,-145.60444228689036
1.57890885155473,-0.003677471871605759,-143.53618858967332
1.600646935364798,-0.004050320958665487,-143.50213054349766
0.606333842937295,0.007643664251893249,-144.3955230019231
1.0864136359595074,7.289437897235994e-4,-143.41420440771867
1.0880929436411395,0.002128140462835982,-143.57415745112897
0.47409492957669674,0.01611534919551186,-144.80159038570676
1.4686776018270327,-0.003107847000565162,-143.40900231983514
0.7100380504070658,0.008575255426196967,-143.88170852913754
2.9043158044378825,-0.018145465713925918,-144.6567398343553
0.8719586206679326,0.005673748510994749,-143.74043621757593
1.6647180434968423,-0.006761878589541928,-143.3963364571459
3.5424798839129292,-0.018701592778340718,-144.410454344158
1.487388408633289,-0.005583148034704415,-143.47045251444908
0.6950063813497754,0.006235541447533766,-144.0015733918996
0.9602596189478971,0.004105103376046298,-143.65229119396002
0.3499851828632685,0.01680731118876442,-145.1652378272442
0.43844525399998135,0.009095848901677726,-147.00324501492287
0.6290439433072341,0.009916179757726757,-143.95945490094107
3.021898816496331,-0.013905422949163618,-144.26448057151742
0.3101590373825628,0.020581516923819022,-145.17328210556656
1.9659056146919753,-0.012016529657988844,-144.23117874128323
4.60105937755047,-0.022702203162911754,-145.24482068717964
1.7386200040661555,-0.010835781033880377,-144.56763308278377
2.7197912092894314,-0.014068838436502976,-143.82645477487452
1.8058599253393575,-0.009949455071417961,-143.88549288936954
0.671178082119087,0.004518569289356671,-144.93587107405597
1.5127963430939055,-0.005007167513479615,-143.35638266111226
2.4416902600387997,-0.015318196468571596,-144.36675649384244
1.5148343184889852,-0.00401851241251226,-143.3616191446649
0.7494651960017498,0.00589669577211668,-143.76401732604816
1.048204498268066,-0.005153514192457036,-146.31481028005697
2.603491795183006,-0.01577527385903285,-144.22680554281786
0.8380970699365612,0.00674397512998825,-143.89979101761188
2.223712516607972,-0.013370703005136243,-144.07487818435425
0.3326819887665459,0.01972372724222207,-145.03631327207992
1.5068212543375317,0.0014645610600422182,-146.47312078247006
0.9715918805946745,0.0052512734270349,-144.1088382954245
0.6162994995132925,0.008219806980499095,-144.1358829029539
0.8040741344017635,0.003855386866027911,-143.8582512919603
0.6682941941074965,0.010542073333542132,-144.22668223387686
3.514830095606979,-0.014949254012739064,-145.18724431815951
0.7294308630537538,0.002792827983886374,-145.06773321619514
0.5472149713530771,0.014203986769725509,-144.71528948401888
1.0544037904048311,0.0012559988377796381,-143.4310135308313
0.9309875947226406,0.002717282160625643,-143.5342100870802
0.32576899080736593,0.021882363890215084,-145.47198983971646
0.6361587661144027,0.012595345208334075,-144.900112868432
0.460538799074539,0.01484048162412106,-144.43865394294923
1.7840782088739868,-0.005957093102934291,-143.5037802567554
2.2745621840169585,-0.01079715410986382,-143.58287823853752
0.5622496920335497,0.011485689882297406,-144.1041834446996
0.864469818592485,0.004847056495447108,-143.59725552514183
1.441655467012535,-0.00477986911899627,-143.41575350753504
1.7629574202827942,-0.0070878431294735325,-143.38133317030466
0.4698343281498009,0.012181575033365973,-144.626419059318
0.6152216758506509,0.006270690482430939,-144.8546290553199
2.087312257596757,-0.01219352604893978,-143.95496855532448
0.4518342080822123,0.015185057395012923,-144.47576541472705
1.0198310571098725,-0.002475775684018333,-144.73774963070875
5.558426436815052,-0.0281616262441667,-146.5695468598994
1.5152720819023155,-0.0030155892541102562,-143.5312573455243
0.4022532765122917,0.017225245342776,-144.710034550306
1.2561197175938583,-0.008901134625981102,-146.99028873224339
1.138337414716816,0.0021943355631471417,-143.78710247811006
2.311817314913594,-0.00990136589134005,-143.75918703170117
2.5911524638154884,-0.011329872781096303,-144.02032432291506
1.9318750718992148,-0.00842566564584643,-143.431635706705
1.3979329371925933,-0.00432277025418997,-143.4221646379587
1.8536576667478566,-0.008725712968148806,-143.47374269822552
1.488298920138374,-0.006982135806583242,-143.88095111901595
1.525289916430877,-0.00350844457018352,-143.44662023488428
1.462229029210239,-0.00459045068013221,-143.36463326360854
1.9494424689224066,-0.012183163567919791,-144.3705889392534
1.2476785410755922,0.001781325420652775,-144.24018590185625
0.7372066144974057,0.0073262407265563476,-143.75640985753856
2.440010691706991,-0.012793484187645076,-143.68988850409136
1.6296756377839676,-0.004968658498792114,-143.39744982852858
1.3729115263228453,-9.222826802596771e-4,-143.68636957426568
1.0525132704435225,6.000307257263462e-4,-143.46451454222634
1.1242301667752508,0.0015039237749092133,-143.5343051450574
2.0343346241877636,-0.008668190640054847,-143.49896815614673
1.9023006687996322,-0.011506360391292545,-144.21740453135547
1.5287459952862235,-0.0030572987441411332,-143.55837999497865
1.8338772935002907,-0.007831054224816881,-143.4036868780878
0.5848213611584844,0.00957770580771155,-144.1096876343263
2.2177830647519983,-0.009990183808864241,-143.58542882317357
0.5463035866944229,0.008815785584219115,-144.72265795942306
2.1400221208782537,-0.0079447912951252,-143.88858650180754
1.9623009593028697,-0.008815140379334967,-143.44352227403562
2.935263326012125,-0.014353652585712882,-144.01640610257644
0.9172619431979794,0.00394611707364671,-143.5495356478141
1.664005633542413,-0.006510696851944551,-143.37455654788178
1.0810144996414242,1.9205382778146758e-4,-143.44778015552828
0.8076955700306551,0.0067880351988941386,-143.79061267943115
1.4172378741481797,-0.007850659362768108,-144.6972371071197
0.6863839505277587,0.00602012752930064,-144.12713629838854
3.2062466311739266,-0.020251236619051375,-145.10075234246239
0.7633137068821582,0.0060388671507925215,-143.70949850842354
1.5850683844159592,-0.006438518473887911,-143.44876682808058
0.8283308626201856,0.008887354741795292,-144.88717567560764
1.3655750872983048,-0.0011318365407078216,-143.59292839026966
1.2003305634489043,-9.114810745337226e-4,-143.37009914068628
0.7480241062150934,0.009142158808089327,-144.24046428906306
1.5936495498280845,-0.0014070111244214442,-144.67981136446173
1.5839322504677058,-0.0031579883699012256,-143.70915583463744
1.6525742436248498,-0.006201230399892973,-143.36150676408263
1.892722534546015,-0.0029672156443942997,-145.73025564613044
0.8535024046379723,0.008096541923263399,-144.65020848212262
3.0530661305744506,-0.015567040958923075,-144.04645941568265
0.31142123474409583,0.02074504668363599,-145.17332765671998
1.41120801610148,-0.002042132386969889,-143.4903273035942
0.6371280906560645,0.006882587535028716,-144.32159915105822
2.3352213452266852,-0.012992258621191207,-143.7767739366446
0.9376889826938983,-9.237110621925057e-4,-144.67348640385907
0.4064361290992359,0.019848009489524317,-145.76102641745183
0.8297480773225357,0.008479384828239287,-144.63780267345857
0.3962975228813968,0.014003974040775743,-145.2072697003871
2.7832082585008204,-0.017192669238864176,-144.46697395213278
0.07867121997773924,0.04090998311094417,-148.91884332238757
2.0117207546961473,-0.008242839389409463,-143.51873665013088
1.038990654739511,-0.0029492685168549986,-144.83136325565957
1.467399959103139,-0.0027143066119946994,-143.47928756548524
1.4371593263118727,-0.005094410842888776,-143.48164679877624
0.24317342988226012,0.02539944248344655,-145.82629369132223
2.0260525577937463,-0.007822982308275592,-143.6208741936283
1.4328115571322415,-0.0038383793125056657,-143.33883692242512
1.9494424689224066,-0.012183163567919791,-144.3705889392534
1.4804425657891784,3.133260601376265e-4,-145.08366961976554
0.6379440605825455,0.011023918841436721,-144.20299457280674
0.6248691197248576,0.0061995350907683225,-144.74946012410442
0.7508706381308141,0.007902388223780381,-143.85916383488293
0.8541340588260031,0.009334990293526366,-145.58936362536423
0.5901290249167027,0.01009187959548345,-144.03250232956188
1.7645033704634332,-0.003067612722218043,-144.6897195841739
1.532500418670839,-0.002064535036536983,-143.93244503654734
1.4017745876682495,-0.003024748801169978,-143.3438460012364
1.1402222764930938,-0.001019680144162731,-143.46662500589485
2.7886487914751403,-0.01287423600927639,-144.0426662284633
1.3213524317811,-0.0028241382071266924,-143.35997098991163
1.1963631402954342,-0.005194672701791686,-144.76153798611313
0.3513425879857427,0.019963368049088853,-145.08869077490317
1.6659105078144296,-0.004956745962494594,-143.45853765337745
1.272811616380769,-0.0025096231013614087,-143.39361310211686
1.9277281471031529,-0.010745796477149757,-143.83434807387104
0.605203717031043,0.007560041515542912,-144.43771965342432
1.1968802319238339,-0.003584600393562084,-143.9466106471844
0.8475856566433073,0.002076004822138039,-144.10429476630176
3.003196771002058,-0.013586789343547366,-144.31828358753205
1.5248949740138564,-0.006138852079239818,-143.5057819545054
2.1589694010030156,-0.008591152452977582,-143.73915677549303
1.6258500146983084,-0.0016683787418985394,-144.72560591750224
2.2782258952638954,-0.011009399023210128,-143.57946512609666
0.3087955800289274,0.018476021564398332,-145.5049885596215
1.4883739487269145,-0.007239054422414294,-143.9850604701236
2.5781558478736613,-0.01656377206945724,-144.61345761667837
1.4730485182281343,-0.003123366142688276,-143.41410838845883
1.066589263142559,-1.7697807179779292e-4,-143.53722744987365
2.493736524600823,-0.014002478713021722,-143.85124155333642
1.9392527133133615,-0.009721161150245112,-143.54602776366818
1.1255228175654706,-6.38200826973754e-4,-143.44834510180772
1.3501303560956386,-0.001359428206104765,-143.48915240657612
1.232329850370386,-0.0015824730193599204,-143.36904497373018
2.3059187525088314,-0.013372515202720446,-143.91541074477354
1.3193834059174434,-0.0032529830823621606,-143.40730338703477
3.2068707591656653,-0.01384062191607377,-144.7763546276833
3.0694451115525556,-0.014447600291337282,-144.22129928062262
1.5518786074853672,-0.007134443993179056,-143.70198578405166
0.8019975957376116,0.006662958681389131,-143.7499751830961
0.40221870942146204,0.014177685641991561,-145.0337452053262
0.27764741501329565,0.027221310358078073,-147.69977250317734
2.1699277131380468,-0.010134704754159337,-143.53008880440646
0.7089187934559564,0.006403399612855761,-143.8800266551892
3.5455178418597675,-0.01892798004093691,-144.43166105860058
0.9498510423199611,0.0036322912068049965,-143.54670687027894
0.4603094429044463,0.015703648183662607,-144.57803376963244
1.423181338364891,-6.238125769980375e-4,-144.05374544709392
2.5478520208676247,-0.013599871555735782,-143.76095678303219
0.5067217887217137,0.008247120038930779,-145.74834820402486
1.7223816493274813,-0.007877031664242884,-143.49323588056942
0.8906786642246693,0.0018976442979023725,-143.85478324431983
5.78975547147895,-0.027509857613414443,-146.40430809326702
0.7207956349398951,0.011519548048710151,-145.3576508106457
0.4075683691749831,0.0186790182266586,-145.14988156505518
2.4364290501911308,-0.014832598355643104,-144.17946853234542
2.2695169829361213,-0.013727391805477966,-144.10782323419443
0.7872521023612122,0.004098137804688668,-143.90331841775247
0.41088750091503784,0.015889420688293757,-144.6187045204934
1.50430555831386,-0.002660958884356717,-143.59597565563584
1.1979954901321257,-0.0029724000167518465,-143.72092948941813
1.7930868806146492,-0.007848055953487459,-143.4157854458124
1.1994544080955525,0.0026465493632928105,-144.39316479022577
1.5999946709088475,-0.004384927295345678,-143.43480131954928
0.8120672645029173,0.007299616134261572,-143.9487321072466
1.6927046895793296,-0.005453306004274239,-143.4251140704773
4.554893577897327,-0.022589297230462487,-145.20808572656995
1.4767286965483242,-2.9431715408353835e-4,-144.5986817118314
2.116117585586241,-0.011891123318695435,-143.79712636346866
0.8545030689402127,0.00466726316723646,-143.5906159273802
0.5668201670722922,0.008396000585100897,-144.60420090234595
0.4868358876968969,0.018154846903722557,-146.30783081098534
1.8389148014868222,-0.005674637795319647,-143.72062081365465
1.4767286965483242,-2.9431715408353835e-4,-144.5986817118314
1.844616629672888,-0.00753598935789985,-143.40540997902247
0.9613676189906065,0.004071575086735164,-143.64793730367097
0.576885147469818,0.010861353180419598,-144.05880219995953
1.3557091511909054,-0.001917921447698262,-143.39977097289497
0.9966855259771189,-0.001542660271303836,-144.44139605053437
0.6789091630044479,0.009761837437854508,-144.0420725962985
0.9277475554048247,0.0023123702668377405,-143.5871033660719
0.5779620306635287,0.011636743848819636,-144.12296466276769
0.618117478123693,0.011619070127707277,-144.27703784187358
0.7677798634553002,0.00848422787339833,-144.11246378486246
0.28059345905922106,0.020047900591246927,-145.68790525707982
0.6816213028400618,0.0019507585177417947,-146.49060850316556
1.6536137250595313,-0.008779945630887243,-143.94432368359057
0.6020341543650519,0.00980453671793223,-144.0031624595778
1.3679719248494004,-0.0022494058182481996,-143.37550723194406
1.9770519296734588,-0.005703953217980812,-144.2547567604525
0.8409466863279671,4.844696578926831e-4,-144.9516807442605
0.2476389606019583,0.027069279231866198,-146.5091691577094
1.2398273662551822,-0.005551366358558835,-144.62420399371516
0.6527746845748832,0.008809090928027816,-143.88841287571233
0.7276943236821463,0.007056760954389144,-143.7558765377333
2.9329048258683996,-0.014539459540180398,-143.99199860278648
0.8744018258645592,0.004753017459187412,-143.59432852870307
1.969574587599006,-0.00850871105286137,-143.44990608105337
0.6213994375466575,0.008502504105025446,-144.04392738215813
0.9838356301076692,0.004561991998900283,-143.89130306051842
0.8077666401186883,0.003376977459796974,-143.96623045087887
2.3610648550156585,-0.017916962048572,-146.2901851439841
1.9248544075460765,-0.008074989005601246,-143.43685232641084
1.611694179514174,-0.0014929754781709697,-144.74914845862298
2.679186589617141,-0.012495401077772928,-143.917051403656
1.9957197374552058,-0.008301604826461811,-143.489944032661
1.1280568461748597,3.5370089334275196e-4,-143.3987445292366
0.7034960669490731,0.010654426974964515,-144.57146486408658
1.2192262770095952,-0.0024980775680204827,-143.51531814985523
1.830667677499282,-0.010562453324451736,-144.04933942218943
1.493242375629839,-0.004408030672827096,-143.33828499785608
0.5150897760489975,0.008678131533175013,-145.3192511769257
3.6921832241604546,-0.019100966083833663,-144.50969852452275
0.5594317774027343,0.01419366065740601,-144.84572602620327
1.254090870344928,-5.70107875474853e-4,-143.43113928929878
1.618481176524624,-0.004051630600364624,-143.54712839976662
1.8118153183694647,-0.002061479403842199,-145.90704094043141
1.287760500143447,-0.006667142712894268,-144.92441840915853
1.9867082551084458,-0.005989756219414111,-144.1511023367587
1.4411757910700764,-0.00426156766631385,-143.35614598436212
2.77226211095319,-0.010087793980642823,-145.32993885857326
0.43165168119804415,0.009097938326339709,-147.22603385512483
1.318442808405272,-0.004312621717858108,-143.6380120023068
2.999578180001033,-0.015936377236400928,-144.0182821404837
2.1581768666959857,-0.010498873784590414,-143.52813089194208
2.4913918986119956,-0.011607643883858189,-143.75913869127416
0.9269446172537807,0.0025021020523935933,-143.56484959379716
2.9531955958523506,-0.0136038383983554,-144.19911774984126
2.96468790343917,-0.011902736332706434,-144.96593539227544
0.6449443156312795,0.009376798903248131,-143.9157106286374
0.6680342859422504,0.005303433550319205,-144.58941096577794
3.465800239587107,-0.0174940173874023,-144.34629848563227
0.9601505720627802,0.002424686379691377,-143.4990846220458
1.89607141014344,-0.010472022442878341,-143.820964928372
1.4013316315738489,-0.0024252985959041743,-143.39962798098085
1.3551142485981382,-0.00254640855377581,-143.34441548775214
1.9348627288381066,-0.007880488382023617,-143.46017249229044
2.12276527274614,-0.01164083797870849,-143.71908042785697
0.6878482439955009,0.01007230696848484,-144.18531238465158
0.7384224660195041,0.0077348588207166585,-143.8007248274626
1.0736037783102304,-0.0012157797706460137,-143.767573307244
0.5771412259579377,0.012086347529697438,-144.20453581281444
0.9267723795809869,0.005865509398687493,-144.08337363006032
2.9864690118018307,-0.016698905348595597,-144.11281172520515
0.9245831637461807,0.0061810453350502675,-144.2165076950749
0.6551140169839517,0.00938718376402984,-143.9165096321292
0.6208355314310334,0.012996043366166133,-144.9432967704677
1.125853764290474,6.487137872751723e-4,-143.41390803025675
0.7675408270707632,0.0044566487541827645,-143.94137639344024
2.3672747393785047,-0.010470584831862051,-143.74693116359052
2.5478520208676247,-0.013599871555735782,-143.76095678303219
3.2671276392160906,-0.020544209551724302,-145.13802823463385
0.6857994925193356,0.004334491542017819,-144.82610558168136
1.4248589918133643,0.001581507510876838,-145.6659836645897
0.4220942918071541,0.01426876537643758,-144.7153462904561
1.034330702408714,0.0011969944139007616,-143.45083559695678
0.3774664495501975,0.01781459515217418,-144.78934086292287
1.2980112611113916,-0.002361454149145035,-143.35336148470464
2.1415964433916086,-0.007914212914646472,-143.90458093800328
1.7180689743597268,-0.0029969715638445407,-144.4437523146893
2.4664737035684197,-0.01100161735096774,-143.82751788809693
1.3661340816307552,-0.004477673970870212,-143.52714635554872
1.1356404524067438,-0.00413904617859321,-144.65007913123517
1.1102630259635804,4.835604460784312e-4,-143.4035719366525
0.26470652351826846,0.024669790059066533,-145.77475574615914
1.0233350143330968,-9.601804240343709e-4,-143.9736285439842
0.8463980132199925,7.48614843867958e-4,-144.73519904190178
1.7244896484106804,-0.00815662605281784,-143.5480836778352
1.9146310536024367,-0.008153184596208276,-143.42741076597656
1.3856918433939651,-0.0027707493806079573,-143.3482328836846
1.064102491016591,-4.3853686995985763e-4,-143.59987234076877
1.809199839202557,-0.005097139801825013,-143.82514906789288
0.6527618874788051,0.0026207497847341556,-146.55667573418015
2.8988644817725193,-0.015751836659833547,-143.9845679065125
1.4423866053821686,-0.007937355400963669,-144.58309606059694
4.816565135969168,-0.02466382043940687,-145.58127972790084
1.4263570888797235,-0.004320192126393789,-143.37742223719593
1.4516845920849524,-0.0037021706275270167,-143.33877354295333
0.4673552716548747,0.020217681374464093,-147.86256069135445
1.178777744016182,-5.281541637308174e-4,-143.37652843129985
0.6700890927689453,0.007416458487050701,-143.92904898281168
1.794811670349758,-0.011534620084336727,-144.6897885813864
1.524666449244488,-5.006564299525175e-4,-144.8174825670998
0.805527038599568,0.006998165102516055,-143.83293309805842
0.667185244903975,0.008602683713147046,-143.86208670810132
2.133085957773198,-0.009446744056007551,-143.53863174245447
1.8290662298820295,-0.008778510871580186,-143.50962703698613
1.8331892283064106,-0.013516947263044508,-145.81416465479018
2.8352821398457295,-0.014469998966255213,-143.899557734581
0.8218418503445334,0.0031706160644575784,-143.92894217013924
3.116613087141327,-0.019176072111821076,-144.75152144575418
1.253098440122598,-0.0024598582044009793,-143.42303857524902
0.4930945692021159,0.008762141245064085,-145.73874534314658
0.3045951225106308,0.020352419519561942,-145.22260533981014
0.6622533707478392,0.007339331911797691,-143.9884559959377
2.665804191125398,-0.015084058502146315,-143.9524671031564
2.282478239030575,-0.009629322633441392,-143.7604374146183
0.605203717031043,0.007560041515542912,-144.43771965342432
0.5402217724468982,0.008508416210536657,-144.95151994421872
0.9306401153494958,0.0019667946949141948,-143.6336089605316
6.911085002169196,-0.03273432590991566,-148.24102918768943
0.5852642231995034,0.010335963445374532,-144.0398959169401
2.0491977883841415,-0.011857473245493546,-143.9250339290104
1.9227296669711378,-0.008133494244531643,-143.43282633516964
1.4267612347794267,-0.005817289146201998,-143.7050735367293
1.0704493293394335,0.007187834471142071,-146.89843846306425
0.3601055719412259,0.018762588032747874,-144.89912399519747
0.7292677867966658,0.007523939397199124,-143.77067225615951
2.4138227140224164,-0.009353683508493837,-144.2352717020994
2.963366170643648,-0.016336873197163152,-144.0577552598162
1.3227746551387896,-0.003998541820693472,-143.5401473226771
1.0785001119464093,1.1974668020697159e-4,-143.46058485466108
3.8951381896779007,-0.02166375160438825,-144.9330972768756
0.8366945206097541,0.008167822949341208,-144.52286551184486
1.3808314030022883,-0.0047319110478819225,-143.54615414193336
0.9187076136730419,0.005808109685425772,-144.00664666287602
1.9770519296734588,-0.005703953217980812,-144.2547567604525
0.46623149882090886,0.01598642054028094,-144.69048635367503
0.9737512958058425,0.00631553227673869,-144.74085973734202
1.0088322760503885,-9.199503664872634e-4,-144.05690637390157
1.3335737024481966,-0.005774741554879929,-144.1188248418618
3.6983587500704633,-0.01986730506245943,-144.57923584424813
0.4259770627195725,0.01264136703689959,-145.16814205152255
0.55098647097047,0.00841146776731085,-144.82429889684713
0.8150956877112245,0.008466677561148307,-144.48357651959682
1.1053227885573442,-0.0034680850656992703,-144.5282595579829
1.043747923829101,-4.99775119359904e-4,-143.70431639976368
2.364200683160553,-0.015096302802087146,-144.46173053868912
2.577374680674613,-0.012178313926269833,-143.8045758859497
2.373171548670523,-0.015320290198296614,-144.54562103564615
1.9976684266356592,-0.009722762163799336,-143.49746438914698
0.8824700915678295,0.006987518368174416,-144.29022784323243
1.4199244124460886,-0.008464930820973845,-145.06549262821343
1.2545909218234266,0.0012210836046912736,-143.9932749801093
1.3304232856644596,-0.0014550221855128631,-143.42730971434364
0.2912882143695977,0.01950217795585296,-145.59516164949352
0.40831342036070606,0.01672588261331518,-144.6525148379787
1.1175191626198784,-0.00464381271367526,-145.1307787809025
3.913551901889621,-0.023020927200426387,-145.41133744757232
0.8928421737895206,0.0030489119814039547,-143.60142030645886
0.7077560787758379,0.009141358437418746,-144.0009815898377
1.3039040348592978,-0.0020180079864494907,-143.34819449431282
0.6740526966707983,0.007933877672346353,-143.85816758009594
1.4818181173949925,-0.004938869703871447,-143.37915108881873
2.373550763460345,-0.01113402103758196,-143.65765423459166
2.351680355887642,-0.008688570671301231,-144.3192647724188
2.299788187103333,-0.011824557391254207,-143.61521651671185
2.038792391182689,-0.006557009705175114,-144.0977158162833
0.37728619159226645,0.017414604430546442,-144.77625613526666
2.0964931410663112,-0.005942358537998814,-144.7256130211142
0.3164404262358092,0.02072564526476443,-145.15700152849166
2.2564265806861705,-0.009693433280847149,-143.6923327146769
1.3328485932899357,-0.0066017619696552,-144.5478572367789
0.26404164734085095,0.024237609666578827,-145.6598676323712
2.0901052991740103,-0.010892665054838758,-143.59885084787254
1.9215631977802374,-0.010834139669942743,-143.8807874834044
2.626803632461508,-0.01593814916509476,-144.24749367786055
1.2182208343361451,-4.940423912957984e-4,-143.3916871226246
1.0818654705466362,-9.782189514738176e-4,-143.65879458193402
1.2159353992559232,-0.0025780847196893845,-143.54330221694244
2.429419724570946,-0.01572864090263993,-144.59080985313227
2.8587226428231305,-0.015861042448118878,-144.00585349097983
1.19174567448519,5.590202051214909e-4,-143.50592247908915
1.5453647019622774,-0.002371866150270103,-143.85713610635
1.5421576606940421,-0.0038867907394583992,-143.41353387454012
1.43389303560029,-0.006211932388002892,-143.81382330315088
0.26470652351826846,0.024669790059066533,-145.77475574615914
0.914465286206132,0.002549201958319351,-143.59752551918376
1.2966357318054453,-0.0012754112537314722,-143.39824548712028
2.806871363968032,-0.012736963840676132,-144.1173062681394
0.6927569913679109,0.0060324101276835315,-144.07069604794265
0.7203192786284782,0.006992774102176153,-143.77286096146327
1.4205921230698786,-0.006702523211399379,-144.07541949566993
1.5590864975605676,-0.007931634931867347,-143.96940079485657
0.26040131887949847,0.028793349110700826,-148.4389371733431
0.4180438105754649,0.012075334463353708,-145.60995794079687
0.35150544050399646,0.020476717923255967,-145.23837962630105
2.0026080751113824,-0.0028012340428000566,-146.90969793525267
2.4507203139269023,-0.012640553026488751,-143.679246302749
2.8182219238485464,-0.01695863372271758,-144.32404371422209
0.870933421285496,-7.416630228801958e-4,-145.34558457289498
0.8884526100340584,0.005271135944708938,-143.69976058498543
3.192113112490992,-0.018830937077585232,-144.5265565584321
1.5417695055737828,-0.004916138480808865,-143.3417058781111
0.6168011065124229,0.008583027759464151,-144.06016504894853
2.0211754067746046,-0.008660151199923328,-143.48525791943652
2.793647902629454,-0.011924210678569018,-144.36373477670833
0.9562178675355476,0.0025074854328325136,-143.50137621863976
0.2240726553966099,0.027085956089932677,-146.1181996854316
1.1481601949453237,0.002224956711697294,-143.84761473874573
2.5150504067512625,-0.01742888649480707,-145.28737865617714
0.634118206499846,0.010549350109078271,-144.0615150961099
1.934699605984672,-0.007850946438869652,-143.4628232184703
2.634763950486589,-0.015479467374517443,-144.083999849409
1.1427082012781147,9.523879604986232e-4,-143.4715859114064
0.6254206760449452,0.009650725577330727,-143.94723686157667
0.30046994442564096,0.021073624671520377,-145.24090775350587
1.6265008849369613,-0.005827562118645536,-143.3534290144464
1.0865237744472755,-0.0038513057248120495,-144.9225676306253
2.815335360827766,-0.01699059080111856,-144.33933811951667
2.0434506613319336,-0.008747323694549213,-143.50190162844825
2.3963071458453045,-0.01162617650599711,-143.64555976546768
1.9806258974183926,-0.010769733902532334,-143.72593988091432
0.620331812133911,0.00900316450486732,-143.9846825793414
3.026411015554041,-0.014372399962602216,-144.15807257856727
2.1457502577335994,-0.006350855740723834,-144.72284660868215
0.20952172185909843,0.030412629853176804,-147.39229827909017
0.4375915630588954,0.016250279942212727,-144.61346576716537
0.7985556593225984,0.006900518900728623,-143.78754496864337
0.9383461456632086,0.007148457399704501,-144.94361144836594
2.8814319268048014,-0.01847243260399699,-144.8554040474473
2.210509766585956,-0.008520167703301464,-143.9012689497785
1.4259971496790336,-0.0015757202216027328,-143.66748547964625
3.092262256459307,-0.011220602222801848,-146.04345709875412
2.034276600375873,-0.006684789935221074,-144.02189576676636
3.075617195734911,-0.013456787291639828,-144.5569796609083
1.9494053960150561,-0.00874584979604681,-143.43964388878112
0.6641998167858656,0.003065541147370078,-145.98026134826296
1.1015431999438787,-0.0013356621089639711,-143.66847425984815
0.5039775695377126,0.009544380903527385,-145.08698751385833
1.243598900200581,0.0011488587609398315,-143.89921063851224
0.6324322138258586,0.012486609856860727,-144.79125047689155
3.0559854716973187,-0.01403940723338528,-144.30119747135004
1.371311745405645,-0.0024909939171454346,-143.35667486648114
2.327478865248333,-0.015200392626496584,-144.62037010145096
1.7829895090457626,-0.008002667547655695,-143.43994838221587
0.7303407092864581,0.011034937391706192,-145.1342108345165
1.1065957410656595,0.002201001177892277,-143.65445680244065
1.183582773514932,-0.0033911283992694463,-143.94459908916429
3.5475325983189716,-0.017152518023891398,-144.49036528267874
0.9521585576778033,0.0011389089970945145,-143.71861564769313
0.28811325081542605,0.018544204746690784,-146.0367424467029
0.3488636930475346,0.010446496636166546,-149.45667417051553
0.43128422508092507,0.018521460885165618,-145.40970032379155
2.4092284471034486,-0.008733680673408356,-144.53139978078875
2.840259978831869,-0.016851206106127566,-144.26013285369416
1.5293114184338379,-0.0043233056351224125,-143.3515954473562
3.0119125488450287,-0.011058016890189471,-145.76908837761036
0.41201092986725807,0.011566883409127334,-146.0594398468627
1.1481471831586654,-0.005338976312404213,-145.29820249595502
0.4669756985448861,0.008889232680680594,-146.30964699580966
1.5600453531083023,-0.007573125280239283,-143.8249656367061
0.5254417841566934,0.013810385657703948,-144.40695715073906
2.5750102566386914,-0.016099630597723253,-144.40876918659276
1.424600943708247,-0.004420238798374951,-143.3918573276613
1.4057714117308375,-0.007074103455846833,-144.33703980489935
0.695625508710749,0.009754359721008543,-144.12347927780382
1.8381314221728497,-0.010469768154774153,-143.98628380864957
0.6632068003405535,0.007630749355344196,-143.9345847838504
5.543886264971578,-0.027756655992813364,-146.43101347707275
2.8457148614042094,-0.01688996953869028,-144.26610865233437
1.3418915366553241,-0.0015328770242375176,-143.4360823532137
0.6815050596085265,0.011215283794399592,-144.6425732863868
1.250934388016074,-0.006196112814260204,-144.9268206101991
1.138337414716816,0.0021943355631471417,-143.78710247811006
0.8813365526749362,0.004156760939180314,-143.56259668931497
1.8855330941700597,-0.007971374471962148,-143.41656873768548
1.912861861343809,-0.00579763095271457,-143.934605300685
0.8401810102996621,0.00602959016080417,-143.72388035049178
0.8452323778715732,0.003545702074486201,-143.70679664171848
0.7826850338917911,0.006069382446351563,-143.6771470126773
2.874202471127023,-0.013184592402511677,-144.1424341857496
1.0071631937459098,0.005550859407102251,-144.56526483212167
1.3759376877196234,-0.004024846062365553,-143.41642813402552
1.8658493362615045,-0.00736202477931156,-143.43157902082464
0.4797932993151598,0.013773910544604414,-144.3461547342377
1.3831430149677075,-3.630968132040699e-4,-143.96092211098104
1.8176942848402375,-0.0032011372557816694,-144.95324418445236
0.30017379247084935,0.024490156197198812,-146.318907305894
1.737598317923582,-0.010622405023410492,-144.45549286298439
0.9446316438725572,0.0017251854432317802,-143.6229459888977
0.811766808198669,0.005914492979416854,-143.66283038409048
1.8168603425229406,-0.01010833958030077,-143.91170530270853
0.49053581872945307,0.010990265827197646,-144.71211178465148
1.4383158253470971,-0.009822203000648752,-145.90431720523455
0.4239406310219756,0.015110690768128165,-144.57688326668034
0.8462258841143829,0.007882170831185259,-144.45174462367734
4.191652769558275,-0.019876777196578467,-144.99187834389843
0.3083614349389725,0.019474986911119686,-145.27509019982114
0.2544194873034779,0.019251268735355827,-146.96076929588432
4.12473021090354,-0.022057764546216156,-144.98775877393874
0.8235490417340824,0.0013952191295199855,-144.64668061890328
1.4550997757655326,-0.0057802888228424215,-143.59959445247944
0.8042800354427808,0.0038600746100264285,-143.85582439435643
0.5697009581525625,0.015086914028638439,-145.56722899717943
0.7430709440598507,-8.277666981873987e-4,-147.6318183868609
2.444037672094601,-0.013435640753969892,-143.77577861123575
2.2649927661529143,-0.009894958846786872,-143.66980068055642
1.1942076489240192,-0.0012127705777360534,-143.38747466402145
1.4827886214004289,-8.696856663322333e-4,-144.27627258708515
0.43772692359983034,0.013954362412094863,-144.60132876281318
1.9796436892948133,-0.010773822690738026,-143.72898485303935
1.0540942919809821,0.0016875042269055888,-143.44815399372004
0.597598327021577,0.01046821172679032,-144.0134329540664
4.6748282722323475,-0.02332685027119214,-145.33049908167808
1.9697323894569359,-0.004035388086243289,-145.3686478475046
1.5416576643040107,-0.007169239472666929,-143.74736335082173
1.6718188567657521,-0.005510702408851983,-143.39032017073473
1.6519647195809923,-0.004691291837207429,-143.48108589499827
1.9305536786762463,-0.008563322806771483,-143.43241167986037
1.5404009333289919,-0.007798178221426903,-143.99258059366844
0.9342263734101807,0.0072885647884947235,-144.99935790998046
1.0051253589993743,6.919089203610542e-4,-143.58776226451198
0.5505915779042955,0.010993884389501881,-144.14564116651925
4.228292238123712,-0.02361998159741913,-145.3988788215376
1.7966293947197631,-0.005428145204069708,-143.66843688635745
1.0488717290316487,0.00502760543335114,-144.6176459631298
1.1164744887818039,-0.002078949460558579,-143.82695485490063
0.6736746101596975,0.01254699941699398,-145.41077834839453
0.1520074496761198,0.03221623148683808,-146.95387256394181
0.9723482968625872,8.318887722347507e-4,-143.69663443324686
3.0879434486270996,-0.01584239456991435,-144.06740701004074
1.2839989582939644,-0.004062413082574564,-143.69558402249706
1.6664240069036922,-0.007324907385634393,-143.4771781035258
0.46181995797812403,0.016917224638621307,-145.0137985849348
1.187197263638812,-0.0019806213815614826,-143.5055834966837
0.819004550977098,0.007830522951307423,-144.1978373909011
3.2083346051312174,-0.016092726264827866,-144.17072417188018
0.4469996161585502,0.012317785653023425,-144.9151291323607
3.168221031080692,-0.01312824488797825,-145.01545287299373
4.662193589973744,-0.024416403371659456,-145.51611841587388
2.6729318302835705,-0.013502918341511438,-143.79889006671203
0.938084786287701,0.003841998725490915,-143.55774163643278
2.530206965804997,-0.014113025240538715,-143.84628941967438
2.6729318302835705,-0.013502918341511438,-143.79889006671203
2.4107167572006882,-0.013079330845779244,-143.73466413466028
1.4422040812311419,-0.007461727173014434,-144.32526922669535
1.3517080352823192,-0.004924303620472353,-143.6995660285741
0.22719353607969775,0.029566445858005334,-147.49928425912628
1.418774321822811,-0.0023389919404402993,-143.44616862938483
0.9105167780108184,0.004609105019090652,-143.62533961973114
1.04950689319269,0.002241116107314328,-143.50578932266265
0.6272548731964969,0.008644193153568465,-143.98962510401051
5.08115113669208,-0.02340439292559974,-145.6865908472616
0.22647989443160216,0.020872095421206303,-147.34864348829407
2.177631006104831,-0.010029764898159259,-143.54015358431604
0.49015942546664426,0.016238185403718193,-145.03809132482357
1.0906468069158604,-0.004473871466724536,-145.29096259822313
1.3549439821364222,-0.006801243335648103,-144.51006378460715
3.2805752795001744,-0.01631643471012509,-144.23475965628813
1.8725241928568197,-0.0030960574927755627,-145.44822467710793
7.953111449372875,-0.029772632186850057,-148.49205250185634
5.1018748393016935,-0.02271060356410155,-145.83181447765094
1.310504945270626,2.0705908263290724e-4,-143.84067770145677
0.3155677489138198,0.019886209031193845,-145.14302580726326
1.6302553336797845,-0.009231616668876882,-144.24465239992145
2.8237247515967234,-0.015595644938091468,-143.97271692094805
1.7018115222923555,-0.005611028129667904,-143.4173621764416
1.8738020360076255,-0.008444317475266503,-143.4305462229496
0.8728950829120773,0.003934142387913588,-143.57656303868896
1.1168036302539532,0.004143315400260162,-144.65839275099773
1.8191550110259869,-0.010973579353742983,-144.2796947339856
1.3444489381766604,-0.0011613474340861712,-143.5202476052333
0.6269697527875182,0.007439091288196525,-144.2463434901621
3.1232718143941227,-0.01387291446775273,-144.52271827419
0.34522505581005264,0.014362110307368177,-146.38237519595094
2.208037139493811,-0.006492824237170236,-144.97180019563422
2.8006358444188466,-0.013696303596654823,-143.91708394624376
3.015511861468019,-0.015010967964946905,-144.0448142471131
1.3573911135878851,-0.0017336036861115695,-143.43146704954046
1.2730267014105627,-0.00255439122421637,-143.3984365800792
2.9454966343912865,-0.0176683153224388,-144.40516211141033
0.33175838008666597,0.01540211995752716,-146.21565121555642
2.965744096565379,-0.015541012549280205,-143.98589179321942
1.4059115044550563,-0.0012668954651286956,-143.6963972999564
3.0922851778585048,-0.016231025447090108,-144.0719064525647
1.6812588834272395,-0.004718643558378339,-143.54355861930125
1.4519093905624048,0.0012478219833410454,-145.63327845388974
3.1056995757167614,-0.0197610754272992,-145.04370859663138
1.4248481183049355,-0.0041005897095705655,-143.35794718956862
0.8635233855542748,0.002910020518001948,-143.74672055254402
1.1017420870436256,8.016223966810493e-4,-143.41308974202346
3.601249600852158,-0.020931376857266266,-144.87549195048996
1.4247044264963025,-0.005044539863827597,-143.50081783047077
1.3640013919162832,-0.0038683998932158327,-143.41469461013048
1.9836414746934656,-0.008631981257582909,-143.45477246263064
0.846806918103974,0.002555387436318477,-143.94363081563546
0.4765596058085426,0.01859011058759277,-146.43423251549612
1.142973674197379,-0.0011197711545571235,-143.47518330973062
1.608971472347894,-0.004100812848447827,-143.51074135332848
1.5494319717774332,-0.0067928950534599086,-143.6072502356831
1.9109741698756355,-0.009173039556865952,-143.48650018616115
3.1895626822272085,-0.015886306405508088,-144.16768851333904
2.0303251908067432,-0.013516086461845744,-144.76925367554225
2.7609659130475017,-0.01722825698997129,-144.52205663664537
0.680521291325354,0.007570354047563286,-143.8619855657371
0.2783408292092595,0.02325294020882009,-145.50834432829978
1.4550592361047283,0.0015790331273033168,-145.99466563681474
1.3435735130041129,-0.004987759166500042,-143.7533257971323
2.128287246785513,-0.008166156212651066,-143.78131468310477
1.9302264457185314,-0.0029857782570085396,-146.0326556265792
1.9755016899579394,-0.00978379307904993,-143.52041203142434
2.8712634075676617,-0.014989963170465952,-143.92312088041854
3.3511789853926346,-0.017624662218858434,-144.25859113345805
0.7720501409388772,0.004302669544468147,-143.951805134497
0.4376956766150932,0.01405899291889343,-144.58427523673024
4.284042749758973,-0.022742885440101415,-145.13178612365218
0.5833598874161878,0.015269697149344565,-145.98335875652734
3.7370051700339055,-0.018188347646878194,-144.6040680546237
0.8318166333413658,-3.9054767508184116e-4,-145.65125196546893
4.198958028991383,-0.022240196264628788,-145.02704442942596
1.3236518220389242,-9.364470343535191e-4,-143.51698669994704
0.8447068970963105,0.0064671239348728544,-143.84617050794196
2.1450626370527526,-0.006750164220947091,-144.46985887101033
1.6552996391691148,-0.008970582122099134,-144.01703055507645
1.3549439821364222,-0.006801243335648103,-144.51006378460715
0.2600736303577117,0.020362725177394566,-146.16802308168505
3.324713317032816,-0.017603583425421673,-144.24528323153956
2.124767311240209,-0.01208504045750253,-143.83920400326826
2.5708321353905235,-0.013888389995047986,-143.79108937211194
1.7540182455377065,-0.007396131667441675,-143.39730859473497
6.887103068864918,-0.02981402836989752,-147.32617441103363
1.2192398351193445,6.892563147345341e-4,-143.6226992344176
1.1542773488810383,0.0023543960365651016,-143.93508530214464
0.7278577120844248,0.0052181111449221395,-144.02161140622223
1.2396078793861194,-0.0033050739449713724,-143.64572473712224
1.849886763449057,-0.008145731433555925,-143.41681063449712
2.6228632048234126,-0.014269772596432521,-143.8292899320626
1.2034017941764859,-0.0052505461757589005,-144.73678672728025
3.115843339166656,-0.018562096674629745,-144.5149322729326
5.930365335228306,-0.029504393174474296,-147.0135719583845
3.065590039407685,-0.017207084585199407,-144.18256975961555
0.5357970013009704,0.009729939894877714,-144.52986791374545
1.8051552295236575,-0.008413388704286099,-143.4765255690924
3.5459679552565344,-0.015963054009374922,-144.81344745007274
1.4741158795834854,-0.0064064353540504845,-143.72758988857407
0.46455026972721347,0.01821908335069671,-145.84298120779715
1.498117847951969,-0.002302927102272873,-143.68934535423008
2.286401122710839,-0.009943218861375449,-143.69954831544487
1.7716057814114343,-0.003763315727348851,-144.29167366808093
4.002396979555746,-0.021621129777377863,-144.90036539848506
1.2515889973599363,-0.0034698831666019297,-143.64626210548198
3.3416271383547844,-0.016773855083896262,-144.26418447605266
1.2598085731136663,1.401855054924126e-4,-143.60468422036288
1.3768361640687794,-0.0010711025105388109,-143.65141034138546
3.961958985189622,-0.021780119468052413,-144.9434394153261
0.2504034577551513,0.023030116290947127,-145.69169924120018
2.0838962932522866,-0.015738986661383167,-146.02867111799424
0.9240463372194392,0.0017102034330916875,-143.71819430729383
1.044311933403339,0.0013777695850768889,-143.436609232915
0.3111507646934095,0.0203218392910239,-145.16595786878227
3.0305607852590466,-0.016177114797416004,-144.04422303241893
3.084847264241321,-0.011588306622065158,-145.70336875952955
0.6815891673808451,0.00454872488293238,-144.7736333871811
0.5833598874161878,0.015269697149344565,-145.98335875652734
0.1925166161817012,0.028311819813619455,-146.30322848325955
2.8439472978743425,-0.016819270541447995,-144.24583133829327
2.338747509127963,-0.011023891724615214,-143.62839628956536
1.0524719567896803,0.0013102659521830005,-143.43228365046988
0.5718604148723724,0.014198393383517036,-145.00649535801725
0.9514743558772368,0.005600212482501141,-144.13254445805242
0.974379181199157,0.004080317342238374,-143.6931014571328
1.0959832257853734,-0.001220110365167212,-143.6614974839118
2.13895048879558,-0.010485078398777083,-143.52635414266484
1.1782623627882192,9.283225734605252e-4,-143.5529410043285
0.6056950825709263,0.009754656824285632,-143.99291476394734
0.7619637683210588,0.0014837964071069572,-145.40666763225084
0.335020041248479,0.022190557488004758,-145.7469753225925
1.6104986425988108,-0.0054541411415155484,-143.34996667327474
1.638317682284988,-0.0036809020200685746,-143.7230556396325
2.9752827339164565,-0.014187914428277253,-144.10545456284765
0.23457512468308606,0.026410309659153128,-146.01747373802993
1.1780939407703772,-0.004010013339505928,-144.25414698854638
2.2590279588338373,-0.008407879348061203,-144.10353863783212
4.314409084192628,-0.02096505632735857,-145.01774065159844
1.7204487593184852,-0.008165526811823988,-143.55789820881898
1.7573770130820314,-0.008606196488792697,-143.59090850333558
1.3667487097347588,-0.0037279551288221142,-143.3907390893119
5.265687778638904,-0.02462896281488896,-145.81240832521954
2.5178981966500626,-0.013593308527194987,-143.76606527213823
1.5642170782106133,-0.006795389694060431,-143.56897228372554
0.8324550167904576,0.0031583946976626713,-143.86249522598328
0.2541805335726685,0.023463138408779678,-145.6126749640867
5.862492810748865,-0.025949057960668737,-146.35955523989767
1.4638074457011157,-0.006339606739205654,-143.74257593698266
2.9532501140421137,-0.020527480168543756,-145.89114526123151
1.8816256515613758,-0.007896815873881127,-143.4159909406883
0.7447023707382382,0.0068425375877137614,-143.73068487373928
1.243902464260024,-0.0041525829734884445,-143.91556144904902
0.5020402175494653,0.01547084589512717,-144.81232797788095
0.9427806964223926,9.92975545792301e-4,-143.8094761071353
4.119499761469301,-0.0201053015533178,-144.86755775756055
1.940429335690111,-0.006845816235620783,-143.6601106479193
1.5000154597766797,-0.0023472625002056192,-143.68113620373464
1.2038675982364815,-0.0020752055289242023,-143.47645364527838
0.2828555865512547,0.019353475497106178,-145.86212255823528
1.250386991993972,-0.0032784874142161398,-143.59772865787662
4.3588533540109085,-0.017963652112253776,-146.12691106014245
2.183211832611725,-0.007820854418101115,-144.08461033799517
3.6375294372197144,-0.018727742669595874,-144.46502030042362
2.6864409462991,-0.014583203226739143,-143.85787225283983
3.6537930128441554,-0.023390508038873953,-146.00604075492112
0.9757326783798624,0.005038870806596937,-144.0394988309729
7.461087155767913,-0.029248694887746913,-147.913478950041
1.0217171143267056,0.003003618423672885,-143.5835964667127
3.2097505424638624,-0.014258556250932853,-144.60470519808405
1.9102106967996293,-0.011596243767431541,-144.23089630017748
0.9013108436795839,0.0016539137658519464,-143.86139169775265
1.26458901292488,-0.0023871847435064483,-143.3931280272552
0.7584510074123783,0.011658999672587123,-146.1284657276931
1.6647487821744968,-0.01051143082740103,-144.76891263720455
1.5350059319439742,-0.0023153661413954536,-143.83488201455157
5.574938617184859,-0.02857692966255749,-146.7288714978959
2.4075158970928014,-0.012529644284187095,-143.66821192393445
1.6622484765377203,-0.00867111874343962,-143.8706482946856
0.37741525121363223,0.01802938086472528,-144.80770783243102
0.7402386489219136,0.013195237474647528,-147.43894054936123
0.41096691302186233,0.015908103155449084,-144.6177565465459
1.126871934594698,-0.005252960390603366,-145.45691581979207
1.3014773238994684,0.002500518041884682,-145.20674191456368
1.927429802957761,-0.005983801899179293,-143.9128144435852
0.9366233639061154,0.0017334363350008472,-143.6544832521598
1.3204347378547387,-2.2454602405743243e-4,-143.71879400499205
1.6703701178070987,-0.004975306484355171,-143.46380994443712
1.349689694965835,-3.51779284887931e-5,-143.93485588391545
1.9546729081141645,-0.007913914732858695,-143.4807606428938
1.4106967743910055,-0.00176386519456549,-143.5582449413662
3.051647964883334,-0.02063040654099805,-145.67142386432064
1.8977440043338667,-0.015204569529275186,-146.77137918734346
1.734876052942866,-0.005088173538362221,-143.58939849924985
4.821269647371691,-0.024961006132209765,-145.65095348336706
1.7064622338246975,-8.444312480946807e-4,-146.14710753657064
5.9806655274368445,-0.028359863399515302,-146.64491752029346
2.1382508674188134,-0.008684428540472498,-143.6685547016718
1.5294088681633755,-0.003757397272733729,-143.41192857886466
1.1220446559335455,0.0016222021276478924,-143.55455111398567
4.369211062115877,-0.018281515921108524,-145.96839037679518
0.7150644904519626,0.011572092715364512,-145.31047588683523
3.8401916541086543,-0.021721617601091217,-144.97550324152212
3.280900656013924,-0.016857532382276982,-144.2019879934411
0.8995490944370393,0.004287356037183186,-143.56839241914588
0.7453460340304393,0.004609815607683455,-144.06353918658178
6.651791012728993,-0.025178513056775997,-147.9528501631644
0.8400000468367766,0.005447833319871981,-143.63671093007514
1.0502914273886892,0.0020593417363534913,-143.48162526793655
4.468712879439081,-0.02143363069432145,-145.1535365747746
1.7267361267284147,-0.004463011431307114,-143.76179084592184
2.0355936594937707,-0.011714142987488586,-143.90678543051123
2.9570447693415125,-0.012930191483554343,-144.4334542358051
4.852014446712502,-0.025429111372968157,-145.7785474796377
4.34948121538116,-0.017579476452800464,-146.34926765510392
4.189443197086677,-0.018589523535002435,-145.34643498363357
1.8188701826811917,-0.004494645402436685,-144.13649046151315
1.675162015705066,-0.003935117504477328,-143.76668386321884
2.7655257048748356,-0.01774289149538744,-144.74901917478496
1.148822516366005,0.0029100387486468027,-144.16983988501238
0.17781074924364415,0.02810502722853748,-146.56593301746327
1.6701299053204068,-0.005307028080640209,-143.41135360364513
1.0634919107929213,0.0016757316612394792,-143.4539472820869
4.146150912966156,-0.022245862563397476,-145.0268568346482
1.875668274837184,-0.012680915042277408,-144.98093978512793
2.5243262741014743,-0.01264070434690523,-143.71052583179306
3.3023143387623253,-0.01609176910163597,-144.2937758277612
0.5955486967927711,0.008900575221537357,-144.15293998611767
1.3240633246920832,-8.490233059671355e-4,-143.53987777082816
1.0677585746852516,0.0023305262977975586,-143.56276628406235
0.7996962115963304,8.060239283793843e-4,-145.29805588260575
1.7774735705825144,-0.006321963122219874,-143.43357727299937
1.9145454859482065,-0.013563508579453418,-145.3621307456116
1.4475042305643646,-0.004837421977010987,-143.41467685075895
1.3630805693653223,7.599703509909676e-6,-144.02878294671498
0.7266823717118025,0.006733356016963366,-143.76874593662305
0.8445504584392926,-2.28409785007412e-5,-145.22110254058617
1.8167303843623501,-0.008384944320887149,-143.46022277730995
1.0008024744638824,0.00270321316246168,-143.49799591361386
2.3542719305956,-0.010704669582236318,-143.6841478840206
4.146150912966156,-0.022245862563397476,-145.0268568346482
0.8247596273572219,0.009601353417863978,-145.37872419163426
1.5485875313341437,-0.007433603578169994,-143.8158871304534
6.002091746026153,-0.02855191558809444,-146.697125218196
0.6268998320569483,0.006980623262377743,-144.39829750786967
0.9777069869668809,0.0023263772679079616,-143.4804550520047
0.6550159144403174,0.005025739459006734,-144.90174554833743
0.29960498682989534,0.021621841649029395,-145.27759772905446
2.396553305696598,-0.013648217227231625,-143.86571885622192
3.0313444563141934,-0.013969138226574382,-144.26707724079716
0.45928927890885585,0.019409497828326995,-146.72298122709415
1.0662970238494622,-0.0016016204126326214,-143.94412958902834
2.378291380656462,-0.01469072051846306,-144.24639922940165
1.0651045924407136,0.001335064964000891,-143.43112777612754
1.769378638894674,-0.007157552951825271,-143.38317931127654
2.0801254758677907,-0.007921932780998602,-143.7248028462841
0.22711087092004106,0.022877258282522142,-146.32556055396674
5.157468428172733,-0.026244951266572038,-145.99060098590107
1.5821293567672305,-0.005663808662248812,-143.35900367259495
2.4396766641407863,-0.015174661549171919,-144.30968665023983
1.5155594842076936,-0.0023935955724446465,-143.7238175191733
0.3419513260867803,0.018419766720732225,-144.99159494186537
2.0587204454626944,-0.009022613645478872,-143.49520207807157
0.8254257540250033,0.003867046570527573,-143.73928811996316
1.540763190912773,-0.006393138086858266,-143.52728465104272
0.8569482302908171,0.0018531518683143505,-144.1127861359444
1.700675537041945,-0.0066140052447721314,-143.36928700671672
1.8190246159483585,-0.005823139121240898,-143.61773929819302
1.3358333878352022,-0.0022711226062737573,-143.34827037090255
3.0969359827107277,-0.018523136871845432,-144.52279295229573
0.8597917242775337,0.008156303749846203,-144.75634339866355
0.6212384907533651,0.006936045907315254,-144.48071074896635
1.0517799112908288,0.0011535410508221027,-143.43323901459087
1.2754149300180593,-6.75339571771458e-4,-143.45461018419962
0.5543410320723069,0.012225753970876382,-144.1747255198568
0.6239196019901954,0.005201052248762378,-145.2988514949023
0.9415812253689377,0.003356465126773681,-143.51687611698463
1.2055111788081103,-0.0020658853466478154,-143.4704757346234
0.5405541476704625,0.010341905716959133,-144.31271087698673
2.5199151077158364,-0.018875327713039552,-146.3023781162105
2.605898868010728,-0.015058368266574699,-143.99863876865058
1.4730741466050243,-0.006049403776725704,-143.6204679073149
2.6851874358179364,-0.016077911546385517,-144.2070413882927
1.110475135957585,-4.0019626507572354e-4,-143.4518963095482
6.624672596970741,-0.03076200028471349,-147.44225988660855
0.5488089051488831,0.013954290619745176,-144.6220388962863
2.054094970561074,-0.011320810576597468,-143.74501063355413
3.005118808395879,-0.0151025586676508,-144.02553548514058
1.1035834319034323,0.0022979117793283945,-143.67168694385083
0.45466294486333114,0.015617347102780413,-144.54022876596034
6.936747227048182,-0.031202260715156447,-147.63301513848566
0.9011501020835931,8.613697602878475e-4,-144.14604063297978
2.8762752581259843,-0.014101846412270653,-143.96837312293485
1.0229307490926425,0.002848710059919542,-143.55574767597568
1.8543721831264486,-0.008641617831880197,-143.46169129224248
1.1582510614069748,-3.179951703851805e-4,-143.3837507467109
1.1776192648374557,-0.003549668479367789,-144.0457096893883
2.968138686051957,-0.02066482696719793,-145.9399230681168
1.650864471144133,-0.008355221139157014,-143.7934347537264
2.8558598947007856,-0.01398721452519962,-143.95514943033152
1.8684590824472826,-0.010660391563656096,-143.96690832244587
0.5730237062512759,0.008761130922749634,-144.40138474689007
3.4514994076616747,-0.015907714530501212,-144.6121604850641
1.8240725988104458,-0.009466470841125823,-143.6790689280438
1.1928981015669793,-0.005309010918266623,-144.86099586016263
0.9794651903991868,0.001963334017442475,-143.49270368211475
3.058392133070765,-0.016216304038543558,-144.05602882133093
2.695276014028255,-0.009989511261947644,-145.03272524783037
3.1736575178537505,-0.013191094187802793,-144.9995371348942
0.7343943255659199,0.010152571324070686,-144.61730077955633
5.209282802504669,-0.026403475396604925,-146.0346097869192
3.5139655732488277,-0.01677532349726442,-144.50826231640553
1.0057257432885414,0.0017311036347986781,-143.4648644292342
2.0021533598958654,-0.009059009926713149,-143.45743481111842
2.2931566835363726,-0.007288527909337931,-144.87921229973315
3.108681271405778,-0.014634199620698193,-144.25261776704255
1.0315768559472496,9.84576119147818e-4,-143.4704563328108
1.359877447244024,-0.007464006421995953,-144.86829109777986
1.2533859595927592,-0.0016782401617390775,-143.35773568459015
3.499927335738132,-0.019199697317450807,-144.4649973173907
1.9904427750980365,-0.009361593187010946,-143.46752901222223
0.7112586404184044,0.0034582640496210104,-144.9441113713907
6.401495995377594,-0.03358826081057105,-149.07919456105805
1.3985287429719164,-0.004439074156544021,-143.44046591268935
1.3553311710276563,-0.00651401392927721,-144.35270793354928
0.7105796492881448,0.00286255195710022,-145.30857870692785
1.655948200434507,-0.007949941766715237,-143.64860669671464
1.1453010313217407,-0.0015793369643384632,-143.55617411871089
0.5201835704681195,0.012999503803100564,-144.24533598120536
4.277374856453714,-0.02052536313209354,-145.0156417987473
1.754871722944892,-0.010508325676602877,-144.31798873367742
0.9779785745176324,9.069606516604471e-4,-143.6528034284721
2.0270048340678803,-0.007602717065324425,-143.67710108694467
1.0015264505980237,0.006416031443527125,-145.12522689771922
7.828449437860989,-0.028473554443881506,-148.73850369238482
3.203439821593681,-0.015136052010298802,-144.31469755777437
2.1657715499997297,-0.016314125071966255,-146.02852876175015
0.9105199204989619,0.0033856653567229363,-143.53635950395466
2.926139346461483,-0.015049224351016204,-143.95725683414173
0.9729889806242943,0.0018819302648413543,-143.51245040950516
1.6065247736179706,-0.004035718359982903,-143.51996627188248
2.467179585057469,-0.014030302594080717,-143.88249205847535
0.49623602072483325,0.011932454123870905,-144.39827800398032
0.7881280564672964,0.0016450193645602064,-144.9379719196911
0.5515447341158781,0.012802467922816647,-144.27221728135842
1.3929447245724789,-0.007671201283898141,-144.75659578546404
1.2506320333407128,0.0019549970227409966,-144.36311231145328
1.747153232502807,-0.002462928197209931,-145.0163462306016
2.5908641831315107,-0.015508236711619263,-144.15333661180375
0.790481127875427,0.008564960363045432,-144.31470438679642
0.9579065244744686,7.225964797704605e-4,-143.8027388323873
3.1789882137739958,-0.019260469591233162,-144.69770213528986
1.7592091679517001,-0.0092809453091848345,-143.7847117612529
3.4330478153640964,-0.018004769229204562,-144.31796606011966
1.543529011440709,-0.00921226008678602,-144.69908166264017
0.7201916415783096,0.007292660695762553,-143.7678565702154
3.079512666683644,-0.017986572218305096,-144.36605261338062
2.866595037637522,-0.010978027319106472,-145.14289786763442
6.709218169852183,-0.02935101155468986,-147.1573477729091
0.6449828480724271,0.010833075518871383,-144.1829193391305
1.2825035434265712,-0.0052705177828682665,-144.18230133744154
0.638023947562765,0.002468128797284904,-147.01611475469755
1.1385774420191415,-0.007129564696784642,-146.84168705136122
1.0442414727779632,-0.0024175371939435704,-144.4812450145695
3.1274976923491082,-0.015627682402424802,-144.11876948488467
2.8195602166682057,-0.018964078704602167,-145.2783347432293
1.7132671601277778,-0.006125463791483226,-143.38096830777076
1.110501566789784,-1.7961671301842876e-5,-143.4162229984161
1.7020723796352046,-0.00783260675079085,-143.51800301226262
3.577245977536732,-0.017620961065264777,-144.46378657511343
0.6550159144403174,0.005025739459006734,-144.90174554833743
2.939594983079086,-0.015309262721967866,-143.96650737651024
0.4925165695166912,0.013901553860416044,-144.33762778921533
0.866110726821676,0.004856647574361108,-143.59871327210112
1.3464730868914845,-0.0014672885513360065,-143.4579248681097
1.613204323036696,-0.0034462793037987388,-143.71471596395762
0.9577277334789461,0.0025833723339077253,-143.49684460151042
0.9246505560112324,0.003664099164589517,-143.53221628832517
0.2910722690574354,0.021200360944890535,-145.3133335804779
4.205674696043503,-0.0182526716133619,-145.5296885235167
0.4380637312364278,0.01571580473572124,-144.53454618297704
0.5575876906313686,0.007998018029701431,-144.90963956685312
1.0652997161113138,0.0033564750893212885,-143.86244145541406
2.629366093464273,-0.014029244293614162,-143.80063323820082
0.8548091478968514,0.005331816227988654,-143.63871442775502
0.2592779756562681,0.02409646529783,-145.62610759942183
0.1884107715173021,0.02783757628341605,-146.3506813975635
0.813362253348919,0.0037163178279750663,-143.8362778201074
1.7295066469412732,-0.007957430281989638,-143.4976064549132
1.0528832379845867,8.340443471419922e-4,-143.4447435288484
0.7416435470222306,0.006691864828534025,-143.73502635607585
4.525899425274102,-0.019505489606069293,-145.7658621179766
3.463291752566716,-0.01310262845005803,-146.2626293697179
1.7325444617617756,-0.008573121174333998,-143.63597076726364
0.35279126471547906,0.014682696818017099,-145.958802513334
3.2827442994112874,-0.020055983811633146,-144.8851457003388
0.8742623171532827,0.005792829488209989,-143.7786764316879
1.82454723137853,-0.006844591964744964,-143.4343771579196
1.1844713735241108,0.001488582914790921,-143.7435340160146
3.224742828473354,-0.015070586076468568,-144.3729207129654
1.5273390969770486,-0.0028090350258317526,-143.62623727906498
0.8266939632099819,0.0038523645988506623,-143.73600599790103
0.6056950825709263,0.009754656824285632,-143.99291476394734
0.639380253795861,0.009434086066656697,-143.9227556178862
2.122160853656492,-0.008173463811814661,-143.7626826248097
0.974830516059089,0.005482952609562447,-144.24794235002986
0.5488089051488831,0.013954290619745176,-144.6220388962863
2.347837474755583,-0.009987158813882673,-143.81762572679253
3.7440821088025213,-0.020320826503275928,-144.65527175551162
1.3139463878316138,-0.0046411614824345224,-143.76018333013485
0.964854218203305,2.5346573191223495e-4,-143.91187232194915
2.44910079224086,-0.01133507490449074,-143.7353385436209
0.9264019431022948,0.00504399648104826,-143.777272790267
1.7962659663263938,-0.008799514876288305,-143.56373900360776
1.9836414746934656,-0.008631981257582909,-143.45477246263064
1.1214819965020233,-0.004272567853787699,-144.85482727713568
0.41746596496159555,0.015045730438845011,-144.63463909692308
2.0374925592305067,-0.007923886079394826,-143.6230284295563
0.9302298237844076,0.0032374691362000666,-143.51714684576464
0.8322860025285493,0.0029040089342857334,-143.9367846355694
0.847408320113267,-8.645804790134042e-5,-145.2244530037098
0.5571231170564942,0.011515313342310459,-144.11276959694058
2.439548965588093,-0.014477370736471845,-144.0477704326396
4.124974736184418,-0.025548542353140954,-146.49498042536214
2.52087702890983,-0.012877640973800807,-143.70952101697299
3.5109673640598293,-0.022617338592364047,-145.82052478803564
1.959598374028358,-0.007192726437494939,-143.6180588253267
1.0761866894428922,-0.001095898873192315,-143.71804412775063
0.2526726419516509,0.020946454763402806,-146.17915611766753
1.9744158500082793,-0.004912085236237401,-144.72395606005935
2.5153943211274643,-0.010822141379686716,-143.98594696301612
2.6795220938332327,-0.015488153070686666,-144.0374166776895
2.2271595052208077,-0.011827090654426647,-143.64550725566346
1.4167790212109352,-0.007955349384448593,-144.76349702815142
2.1276350220633944,-0.011789462348231961,-143.74981883652956
0.2697115986071347,0.02013586313392617,-145.95224133270605
1.5573328923877428,-0.005332159587954812,-143.35153706921326
1.1361332592214466,-4.319501842032405e-4,-143.40884701264002
0.8608088097694402,0.005254126016103431,-143.63661518241733
0.9036471621482163,0.0033341869982676598,-143.54925787665505
0.6957363310765459,0.006096154414296012,-144.0306403595893
2.185809195176747,-0.007328072077641,-144.33396499778635
0.9237257675322931,0.005864760415369056,-144.06268375220932
2.2147303537724827,-0.012670482724107576,-143.8553249873671
1.124912752232836,0.002970034832458483,-144.041353555882
1.5989592848975926,-0.009451615658404086,-144.51786538272208
3.0028771649841413,-0.01837368697111065,-144.59094738673048
0.977037310233708,0.00484033940577224,-143.96279112187398
2.550254868791689,-0.015242832076128393,-144.12626066349648
0.3865561445350547,0.016678314117547135,-144.73951864232356
0.3580403269565314,0.020737905209822646,-145.41378764758875
1.2940061733983586,-0.0021110972160838784,-143.3485992290006
0.8455638097910705,0.008620281816702772,-144.90794787424772
1.8948042887623215,-0.008318381424517943,-143.42161915582864
0.35618172568595424,0.01839713072753493,-144.8892777575336
2.1612629749514505,-0.009066858109530196,-143.6349269325465
0.3649722386601938,0.022198712317774708,-146.44978742330645
2.978451277959783,-0.012378190822600717,-144.75245235220908
1.1472039987554157,-0.0023036384448941617,-143.7450203018074
0.37581418038316805,0.01742794579962542,-144.78389053611957
2.5664078360426537,-0.00941389761487851,-144.81852499338086
0.9331922675236879,5.784368894857868e-4,-144.01104229655917
0.46474095539323174,0.014662949142122779,-144.4201039591609
2.5621362042010696,-0.015245486385427545,-144.10912027346444
3.2287505793541067,-0.01728909513206096,-144.1885391296578
0.875382924195263,0.006322427727496604,-143.95073781772396
2.212601953299281,-0.007280134009041469,-144.48172291846848
1.336953485414845,-0.0029327791603422637,-143.3530379524915
2.024999243081027,-0.010049516097864175,-143.5211131214254
0.5941323937074946,0.008383348653253929,-144.2923302165057
1.1566165949054648,-0.001758314086187854,-143.55695807368264
1.3634264430309029,-0.001454406899039756,-143.50185681104452
1.9183050783365612,-0.011666450427452336,-144.23471254142035
3.4212045274115077,-0.016559991013128373,-144.39751587282848
2.283842906133838,-0.014722134454998266,-144.51018077088762
4.091151439267301,-0.016751966597742262,-146.0270424371135
1.916232241675849,-0.006433460589838001,-143.71362767326005
0.8124312327409184,0.008609672706081407,-144.53829408684183
1.0087392202145589,5.445535292396106e-4,-143.6035606904499
2.404953497870098,-0.01371242210631425,-143.87219440915638
1.0714639861071533,-0.0015145223107605145,-143.88047387857142
0.6200816397671445,0.009486709557224145,-143.95781460633097
0.7606931342468202,0.01162961035585437,-146.14207993313244
1.2845317670149203,-0.0026086710787592907,-143.3863022458034
0.4135113850359105,0.016397731234990397,-144.61894884665318
3.1679278302409664,-0.01767171788290974,-144.24050101946693
1.0846432844729208,2.080072170324754e-4,-143.43960029688634
0.2833776829981482,0.024037426582578153,-145.76556949907345
1.8827012239518464,-0.00810273670302378,-143.41545774939925
2.1369128417952368,-0.008021667406949297,-143.85231153174638
1.8917171277569256,-0.0037908954516717806,-145.01346670157534
1.410896281857365,-0.003499962818437906,-143.33742691447344
2.006903967855397,-0.010855325372082829,-143.70141560346406
2.5886893549681527,-0.014572269198947373,-143.8985418668334
0.4489845764080568,0.013537510895558557,-144.56018416232084
0.8447579642146569,0.007413878876876261,-144.20117373044775
2.9595501503736026,-0.017412870840353627,-144.3057909365828
2.7248648879065382,-0.018845299660190853,-145.48985263339245
1.6548456551156718,-0.006981848353616701,-143.43559029173448
0.21741553104678316,0.02136932302439262,-147.53401476011788
1.0752203435688374,0.0018005469301141665,-143.48356563085193
4.105522083241087,-0.01966143171631696,-144.90261897664124
0.6273576122428083,0.009956831142924704,-143.9629194212801
0.33060440296658583,0.014224625421976514,-147.011406496774
0.5457017095012267,0.009349792598790886,-144.5323239468728
0.31487910223848026,0.024276161709733596,-146.58205489152513
0.9833813248718725,8.726652476841798e-4,-143.63709365394217
0.2067587526322599,0.02789080659463534,-146.21442433431775
1.6222293080039873,-0.0036500874481734604,-143.67676797168434
1.2606016421439452,-0.00511810958213027,-144.24587686336332
1.0329158575005046,-2.2337022337222932e-4,-143.6807042747714
0.4570132844893103,0.013446975693392505,-144.49913327534006
1.1009634009526434,-0.001871668290313356,-143.839305644029
0.9724944671449598,0.0023081830400896322,-143.48658196192932
0.8179856360364626,0.005017532641995074,-143.6351068377329
4.4201327348332144,-0.018780846713515886,-145.84179255353686
0.9667841853135515,0.002070203889687568,-143.50942548093835
1.0421338684118953,4.5062864286701245e-4,-143.5081196488806
1.112436791597694,0.004073702583077556,-144.57195708709204
0.47258237669159303,0.012412277357751128,-144.5370896272749
0.9476168823901394,0.0068556209564194035,-144.83710740150633
1.4305982746096428,-0.003500680060620628,-143.3379990716932
1.6606503291113204,-0.009716815768300389,-144.34503066891773
0.5615341453796933,0.014879456373950847,-145.28053864531816
1.7644261345979633,-0.0028991313297546525,-144.8092375264496
0.8396157835484117,0.007945869097345893,-144.42597200445857
1.1489595058207116,6.814219830283026e-4,-143.44177144648427
1.6136452911642942,-0.0038799056566499127,-143.57945453746225
2.7645716197205377,-0.017431695696446314,-144.60454146543537
0.6532876840486271,0.00911929636584377,-143.89588536521134
2.4122083912570536,-0.01365464439915078,-143.84956753875915
0.28761971201909337,0.017284966663483226,-146.7202471273533
1.6252105259299778,-0.008180072793513179,-143.8160919763609
1.9766019126623544,-0.009335915678400069,-143.4686984994853
0.9068750603445852,1.0940339022022847e-4,-144.43594034367985
2.6025106726359084,-0.011674298821546403,-143.95071031693317
0.36558916404000646,0.019791654874700377,-145.136831432172
0.9263664881715498,0.004451573283045342,-143.6325989174057
1.6401030988955985,-0.00920284326701919,-144.18577242076043
0.538807224931826,0.01463857724992012,-144.82946623577175
3.797377873514536,-0.019966565565873774,-144.61687793350865
0.3364289638255443,0.01773010848234479,-145.16958069749296
0.29912670042728956,0.024677434038440912,-146.4128403036858
2.7350820573052146,-0.017200997720357717,-144.56047747555007
0.8749769447140431,0.0051344002578212825,-143.6419873034916
1.6725447309517798,-0.007852815654671226,-143.5819112112978
0.6473615048023252,0.0066130324588615196,-144.30688695557504
2.5621488044257266,-0.01041733869320465,-144.27169977820722
0.8411300263465721,8.54286678536756e-4,-144.73737305731078
1.6407681174860986,-0.005140363868386924,-143.39201268216772
0.29863955344408,0.02333371342972372,-145.6940792105877
1.613651395968414,-0.0053369487709483835,-143.3539865563621
2.355533117810926,-0.01661017409682086,-145.35605972618143
0.27536378049571986,0.023832293527510987,-145.62351096967453
1.4228007751601903,-0.004750559592371963,-143.44623687455393
3.6205077746128933,-0.018439417155104575,-144.45297712575868
2.875968159069775,-0.012437228988366082,-144.3981023487111
0.3592204093406763,0.020263502489728535,-145.23880134136826
3.7353865660206096,-0.019510168406311586,-144.55373687497374
3.8933579675583396,-0.01926300801750429,-144.6811721204075
0.2988234760026769,0.019344787605145276,-145.47386951870894
1.344253065891938,-0.001583437542866362,-143.43190571234152
0.7351836547036578,0.004457400563460907,-144.2033799817615
1.5877897090872852,-0.0046443963526585155,-143.38090941877863
2.3269227800994923,-0.010887440187331404,-143.6268712192172
0.4794740089810594,0.016359660291512607,-144.96439333037227
1.566020283083894,-0.009998966762170672,-145.04993900550792
1.0555718812014205,0.003585724809538009,-143.9009889961857
0.6850115141633731,0.004941766331919667,-144.542605071162
2.1659154707996326,-0.008407584270008785,-143.81025481332063
1.20921845871866,-0.0013467297713951423,-143.37882480438327
1.7101967492036152,-0.008718699070475289,-143.73694153636066
2.0152188978585386,-0.00946363197548348,-143.47125880937568
2.635855145808188,-0.01112691404693498,-144.21131852348566
2.0950823487776087,-0.006546769029638713,-144.34881436179393
1.0171958572013742,0.0033958367740190487,-143.6631718290367
0.8927891066448344,0.003569849836562563,-143.55730390193972
1.5566762989431606,-0.002950118039321301,-143.68196904840593
0.9746100124108563,0.002552435120779859,-143.48260890434835
1.6090083609839805,-0.0033912944712597426,-143.71883328393872
1.7727203937547291,-0.009419662044974542,-143.79361239494114
1.5486302675414836,-0.002324026410500648,-143.89260742186266
1.6927896310273371,-0.0067757700987402265,-143.379597891141
1.2483019300040537,0.0012051152950899495,-143.95000513067583
0.3070932151846208,0.022286781550019463,-145.42618118402845
0.3169335826567192,0.022013797455172904,-145.42556177614017
1.2755063245319909,-6.777301400665373e-4,-143.45436268644445
0.9892670310869398,0.0028026663131904338,-143.49756715793646
2.8155322335803863,-0.01381626674737962,-143.92267700202507
0.47623086206817195,0.012731705803957225,-144.4399818369739
0.2811113397269535,0.020395715035474445,-145.58201985489026
1.1937834843505712,-0.0046792741042363025,-144.4860770831836
0.4438167839303237,0.012555527722270159,-144.8834687716033
0.7638987789973101,0.002406810931007949,-144.82018450606486
0.735292500843772,0.0023704037092769025,-145.23839876008648
0.9892670310869398,0.0028026663131904338,-143.49756715793646
3.0370375725320238,-0.01385660297625819,-144.31307172796735
0.872409838109672,0.0035977023992018074,-143.60141199279394
1.1225360471128392,-0.002542565876668337,-143.96535069211023
2.8137229003216144,-0.01588089634153656,-144.02830926719457
1.9143761895151241,-0.013338097741817151,-145.20864589206508
2.2299838747213188,-0.01567144012324852,-145.25684364516925
1.8042373987439968,-0.00509104077750541,-143.80928285083854
1.1595694409237507,-0.0019239431590486141,-143.58521595683925
0.5151667530826216,0.013212762935444138,-144.26711627429833
2.484217617677399,-0.01223772890950003,-143.69202994069926
2.0587197305577427,-0.012786982378923367,-144.2804830257782
4.72260493638139,-0.01831411307236178,-147.11378889694964
1.2155486814693532,-0.0013696965551291975,-143.37372202657286
1.8084867658130515,-0.0061864744793056845,-143.50816504061024
0.8582563715081178,0.004244324321879965,-143.5900420592234
0.5788241724434097,0.011566868686299402,-144.11403783119658
0.721545458579928,0.008557197176969483,-143.90996714394186
0.7201540931299956,0.006022851549166561,-143.88513370850433
0.9891905582686483,7.927614029117863e-4,-143.63003503605185
2.1044110060628873,-0.008922972916709744,-143.56251056889235
1.441748638525451,-0.005729329674030092,-143.626735735343
2.9126735546559614,-0.01230417848662946,-144.56845571269415
1.0842212752451568,0.0011411008176712293,-143.42581956653572
1.526983104280458,-0.006581977438241468,-143.6115244578607
1.227901916702067,-0.002657965126042734,-143.5231103421829
0.8143083154143699,0.005710088888363117,-143.64797665742302
0.7903055632243525,0.007119491422484215,-143.8099925614205
1.1634537541230754,0.0028268603169925976,-144.2282129070745
1.1602072230351559,0.002163588815693112,-143.88594980482088
1.8593782884801293,-0.0064038130798724745,-143.57183337625062
1.8009601865275144,-0.007080375917353602,-143.39507291874568
1.5608313701334318,-0.004592740771786331,-143.35827274778572
0.7709734180525591,0.0030332738730206735,-144.42434271012075
2.7295020678253388,-0.012580203624485536,-143.99363228682162
0.6062592978590154,0.0077703066221298115,-144.35401801643647
2.8637869583736792,-0.02005066903494029,-145.84722636811162
2.6770634584544553,-0.012126887739123966,-143.99578123638412
0.8979878537084691,8.142324426511726e-4,-144.1919725393439
3.2751782610423033,-0.01805793737116644,-144.28944421943405
3.2751782610423033,-0.01805793737116644,-144.28944421943405
1.6110854498920586,-0.006335749240426191,-143.3984809554647
0.8286489520023904,0.0022983716513806456,-144.17832325134572
3.2364889489982875,-0.018553140726745576,-144.40918072791885
1.1330630571304148,-0.004258985670757038,-144.74260257956934
1.828065858468017,-0.006003875827119216,-143.59361830977298
1.477985548005369,-0.005172395925208081,-143.41562083046358
2.6812274728896814,-0.02102266530803077,-147.37047239772699
0.30189292852673694,0.021616296892268138,-145.27386478476387
1.4050027086562273,-0.0038458084477639666,-143.35605824522548
1.2873559569447415,-0.0032360461267004633,-143.47425994129804
0.5544088290923095,0.011289354630431847,-144.11692777422866
0.6245753485701644,0.006686233569141661,-144.5392095925909
2.0296822667560988,-0.005649203858668068,-144.55151261671395
1.9167817487288628,-0.0063248900482675285,-143.75019606010886
0.23154055881076824,0.02774257532442747,-146.476651855786
1.089681938805661,-0.001270552668102175,-143.70443419042212
1.960516637271547,-0.008007991934162764,-143.47773984038054
1.808244855991207,-0.00697669445755571,-143.40573815179346
1.595596862575391,-0.0088653817759635975,-144.22870685021726
0.4794740089810594,0.016359660291512607,-144.96439333037227
1.7474864977176408,-0.008027871569421339,-143.4842034029788
0.2859900148062986,0.02411668154946027,-145.83322879494128
1.4236378575870083,-0.004456279771180229,-143.39809050022978
1.8565597038355777,-0.009929975473519037,-143.74237410310698
1.4306349112313133,-0.0066213713661467735,-143.99043314415223
0.7858367383306868,0.008680676497899982,-144.33178596735527
2.214512589637629,-0.012413467066747636,-143.7840537066102
1.7661425275942697,-0.008143371818136126,-143.47930989666818
0.8819282340447665,0.0026633175520682953,-143.70912116996703
0.6974638359168885,0.012059262599521062,-145.41353775688077
1.858658103840502,-0.006211730049239181,-143.61791776376447
2.7843169191279,-0.01126753082782591,-144.6391375452161
1.9248957298497524,-0.005006301915586037,-144.38743116664602
3.277524194269451,-0.02079191059654181,-145.24635030606228
2.374476794075479,-0.014445088232901075,-144.15697251783075
0.8873952225988969,0.00500037407399812,-143.6442319902223
0.6657563731891502,0.008418981170598989,-143.8636746607245
1.2771080051585044,9.54689859544212e-4,-143.99659831049817
0.2965857515073265,0.017489115205554687,-146.26680867532988
1.0761516494427108,0.0011647119854680758,-143.42508487648828
2.0243786188679627,-0.006208489052035273,-144.20708981932833
1.2240479517902687,-0.00503060312932415,-144.45145201356482
2.7353212563144575,-0.012092639171562069,-144.14118715099076
3.4155521659987245,-0.01540355317551281,-144.69926527708563
1.1287718260108748,-0.004755285825048431,-145.0940333363343
1.8750031805860405,-0.005022098731049158,-144.132677057333
0.7718757018977642,0.002910488940430416,-144.4707758794836
4.421713958824638,-0.01819314672041368,-146.1806739643166
2.841702678945663,-0.015405323933267824,-143.94473004038522
1.0654486217177634,-1.1165860703878528e-4,-143.5291279122158
0.25312661388175556,0.02585976170958591,-146.04757369108037
1.9011501140877525,-0.008109680059617081,-143.4216252110652
0.1986975130480892,0.024464809728075198,-146.84460375481186
2.442959464135745,-0.014322542965944901,-143.99325448092583
2.069987463032642,-0.005730403693379481,-144.7199118758523
1.422519252165434,-0.006178537031392786,-143.84898889382498
0.4593841680246414,0.013450896984532862,-144.4781734476087
1.4608511829101278,-0.002777777735421802,-143.45138366649374
0.7421147872711655,0.007439408566304069,-143.76819584507243
2.0457190944568726,-0.007222789593977777,-143.84838220349116
1.0512005114234533,0.002737095986008138,-143.6080299397385
1.5078936218050865,-0.0025115846487292278,-143.65455244351392
0.768705242865816,0.009028699723098402,-144.3551585503274
1.1466709117993992,0.0013782423388225518,-143.5685807892036
1.3340555006199508,-0.0026311777316020647,-143.34341239282057
0.48513182708921004,0.010184858515486603,-145.1293289003104
2.713296604129194,-0.019107351215239418,-145.70390183409847
1.0792641836263879,0.001728694727500829,-143.47975499447753
0.34559649617999383,0.020334666763983253,-145.1506586269064
2.1040383510550216,-0.009227425345992553,-143.52596912002718
3.402454273690586,-0.015389033277227723,-144.67230787171385
2.7703436297752733,-0.01598225742730476,-144.0820332203743
0.7654553206721445,0.0043907245264026735,-143.97432848036948
0.5935942305470985,0.012372133115270988,-144.372986261036
0.6667169772289454,0.006083881265412405,-144.29134046584568
2.6577395633815666,-0.012069883284411697,-143.96919741969708
0.7110966936141342,0.002090395077334754,-145.8214702590004
1.8836018504911505,-0.004376118255064051,-144.5477366023657
0.7639247237563349,0.005473124753437174,-143.7579395057726
1.2827919290356609,-0.00128230044476396,-143.38045789264123
1.7332681114747912,-0.0036357885416224826,-144.15983565731312
0.29547384194774756,0.018025092890357957,-146.03927023255704
1.6920727008668959,-0.009651893676405034,-144.17155040168328
2.7124293780206337,-0.013274844114462647,-143.8519739815086
4.759647816746154,-0.019025718589170466,-146.70440703441358
2.3582089086402473,-0.010372985217739978,-143.74952062593178
1.2233204470614814,-0.0013052724061874028,-143.36532376567516
1.8912543197438993,-0.007132320125926357,-143.49322093010878
1.879506313501098,-0.006742264442723323,-143.54183613266133
0.7234340443206244,0.00880774468659806,-143.97853959578003
1.0358452028374656,0.003110206727085969,-143.65242381166198
0.8046452639082959,0.004684069909886013,-143.69960347835772
0.971242590338206,1.428183173271527e-4,-143.90911819663356
0.6567613209554595,0.007423468415850726,-144.00818410366938
0.7636580579369799,0.009121562970962723,-144.35688479274125
0.2960893423712405,0.01941302914999212,-145.5133817146032
3.5768733751186588,-0.016381304782819843,-144.73881315608108
1.727276949592187,-0.00406164345404571,-143.92544488325512
0.5247276129768902,0.01390080350164882,-144.42793055420145
0.9574229930273935,0.0015584375233229607,-143.60421037479648
2.412311923097111,-0.009748125133618588,-144.0666198031353
2.9126735546559614,-0.01230417848662946,-144.56845571269415
0.5098396657406846,0.01325081497694399,-144.2710080655397
0.3484922143688983,0.014713040274328558,-146.07129879597315
1.494462497501702,-0.0010102705431868015,-144.2677729376466
0.8392297617750668,0.008659136581569379,-144.859726864554
0.31896964760072866,0.021362726352709086,-145.261355168442
0.4574163742141147,0.015447413185827928,-144.5162312676689
1.667686093266056,-0.007336573124141777,-143.4773323446404
1.6811196538724724,-0.009441148728886236,-144.1200640279048
1.4993312159216605,-0.004792184341108218,-143.35067033356586
1.5881765284221818,-0.003742033202956983,-143.54474584254018
0.9500642619440209,0.004383596652989612,-143.68655869870543
1.6127451763924923,-0.007700848757396787,-143.69398674364882
0.7024859182542892,0.008456832032812079,-143.84976590835146
0.2733931255940657,0.022743523669884497,-145.4551160612942
2.1484813351066023,-0.014664713727555977,-144.9611751144938
1.016300129987673,0.0010040351953367996,-143.50304833093944
0.8300045429568151,0.002353355993951665,-144.1450762743968
1.3137840068042332,-0.005861668349462008,-144.27823723292443
0.843333859041111,0.002203046979351049,-144.091203837803
0.7018657097370146,0.005836465359905723,-144.05212260264858
1.0918224951926583,-7.149323560699001e-4,-143.5570075641804
1.8056525975615605,-0.00954470224388176,-143.74645126375103
1.4368661560476905,-0.001132541312903736,-143.8856780214916
1.7872594028037958,-0.01352963897276851,-146.13402521330488
1.3280984471565453,-0.003205487788380211,-143.3868860603855
1.2350341675199286,-0.006004189744569267,-144.93838594477455
2.618699882087839,-0.015666629717969508,-144.16497146398518
1.858658103840502,-0.006211730049239181,-143.61791776376447
1.1768603052290367,0.0017394902133439098,-143.8008983121924
1.0214856421327783,0.0021256904952992014,-143.46316908253507
0.9332299440754696,0.004509587214109975,-143.66313980510142
0.8564158194848347,0.0019568596525000198,-144.07777654506387
1.388401416651449,-0.006837433149637261,-144.31828057935954
2.7211340233634,-0.013294722521259909,-143.86056841122232
0.8243954261191013,0.001590439371474619,-144.53733111247874
0.9207506091387866,0.002436094803238275,-143.592621404828
1.7170120174242705,-0.004907447295083461,-143.5893737333301
4.183487876405203,-0.018425046544338845,-145.39848624638162
0.828511656173636,0.007779404372609662,-144.2470398300304
2.8118104983154963,-0.0185239983354356,-145.04553918788451
1.5887711101082094,-0.005393412497468491,-143.34693692953505
1.4633689314723897,-0.0018377988246909764,-143.72020457699077
1.674089547266139,-0.008750840145226417,-143.86009986793795
0.8582563715081178,0.004244324321879965,-143.5900420592234
1.4167509888773504,-0.006065998117103712,-143.83121803607048
2.414700731419547,-0.011254651698770253,-143.69675624160288
1.3565171409597214,-0.005751091803867564,-143.9855799468784
0.8584209593559017,0.005964248065580837,-143.76491136545883
2.907885083145846,-0.014436599172559728,-143.97217064398356
0.4562028756232682,0.012316762429205473,-144.7722368478529
2.2001849410030716,-0.011506628357199051,-143.61346599830264
2.1369128417952368,-0.008021667406949297,-143.85231153174638
0.608520367748902,0.010943830068566158,-144.06884568668733
0.5268986998852695,0.011873369022532583,-144.2012227586729
0.7683621828831543,0.006508222497429389,-143.70143068810677
4.58162767789206,-0.01921284785583085,-146.05596767631747
1.6484481340287789,-0.00807675770227891,-143.7077804214247
1.9028187804262515,-0.00653178349264193,-143.6472923230317
3.883217046505943,-0.02399758675950307,-145.9536134274281
0.48584629710408167,0.015067048334009925,-144.54032921443564
1.9902666939001636,-0.009027196298712766,-143.45362378625825
0.2628949498466852,0.020804487778008786,-145.9147596743431
1.0025431329019105,0.004243163311166909,-143.8707569365505
0.22945923203487206,0.024924326108241916,-145.85597258718863
0.6400005567035164,0.01102772206620525,-144.21604561761515
0.6110842093340277,0.007039817794623326,-144.565182786919
2.567053724226242,-0.01606151193711756,-144.4092311310343
0.6067807749099027,0.007349354407978646,-144.49682248808193
1.8094942042211855,-0.004668156860013612,-144.00865678741337
0.9307699119148468,0.0051451041962236235,-143.8282110723693
0.817738948994475,0.008234414818601044,-144.38303008940818
0.8897653749891835,0.0014432023853138065,-144.0101909380214
0.7468279216467398,0.0033005530638536484,-144.5690560287056
1.0990288518551217,4.4042111370515584e-4,-143.4092743817796
1.8831074457529287,-0.006420572151875385,-143.62579703055837
3.1233666583916118,-0.01463075213595767,-144.28227368076423
1.5292872728713125,-0.0021802131520187716,-143.86624431929408
2.4178474731124346,-0.015530436379066065,-144.52488681212924
0.9595862182095052,0.003685311958225597,-143.56910960223678
2.062096846774758,-0.006352456764778075,-144.30221651729926
2.947142097525378,-0.015231395204656214,-143.97063163538763
0.9999998012717057,-0.0010125049090586912,-144.16131943436375
2.88233107820057,-0.015524460960797938,-143.95936117919533
1.6710627343797988,-0.007031187228275623,-143.42306224206956
1.5934284682548123,-0.007829982279569759,-143.79925588976553
0.5312108038950252,0.010302497545066845,-144.41478675767513
1.3297337300695415,-0.002043919359432594,-143.35759789918282
2.818356027199275,-0.012332469236992633,-144.27618741708432
0.810468433850582,0.007478302129449283,-144.00084714753166
1.7979992866913044,-0.004479515350648391,-144.04642526400195
0.8334032190817067,0.007317669581023131,-144.07974249488637
0.5697148563584915,0.011855450526856152,-144.1427945157375
2.4227913184598155,-0.013363989365295939,-143.77709033499698
0.992155939005962,0.0033530589581556615,-143.57966730613236
1.4925375559540042,-0.01312397860819926,-148.4181401816491
1.2247907965510092,-0.0027428229075616216,-143.55234982423872
2.0681554941331597,-0.010405772650353248,-143.540764246252
1.0280906174380604,8.010955842165251e-4,-143.49815896551252
1.5219782321682847,-0.00611425748633515,-143.5068915183418
1.1320072545337647,-0.0015016216390015328,-143.58633640235794
0.852406114621852,0.006269171176405254,-143.82224729372803
1.593737124298892,-0.009121779360252687,-144.36748981992938
0.9087633687063926,0.005475458964169627,-143.83186212154143
0.9455634590114965,0.004379594544196197,-143.670897891107
1.0884941054346515,0.0017447293722986,-143.49861756654622
0.3285667434670966,0.01426291043637637,-147.06584536454938
4.080516061304364,-0.020853092459729425,-144.82048041405872
2.1749852789387525,-0.01270108695021165,-143.93935150022998
0.3550977501357453,0.021249766641341,-145.61191354446544
0.9222830566646149,0.0036258695549989915,-143.53022313150012
1.603259619218193,-0.005472887052541536,-143.3484517563059
0.37097452809603404,0.02022433357599825,-145.3617418164121
0.34251291594577565,0.020843375039488486,-145.27806941862693
1.696570671804015,-0.008073369750911346,-143.58476407964386
0.6273505837478156,0.007301334535548217,-144.2848768428202
0.44305796101966227,0.016793723369800687,-144.7814673183384
1.6976698992974926,-0.009966619088501567,-144.2997124092547
2.415627433263153,-0.009575005127433601,-144.14568685248378
1.9199859106721964,-0.009396688921366412,-143.51139767226317
2.6078350066474343,-0.009925994873992478,-144.68953208164743
1.0329471685668816,0.0026381922343117685,-143.5394185670065
0.2727479860704589,0.02180492171771369,-145.48581325771076
0.37109640781099074,0.017240180004162945,-144.82241804837426
0.8125316719345731,5.974436333113075e-4,-145.25359239668782
0.4142596317604721,0.01699268149638111,-144.69088422748203
2.853230883952596,-0.011917203965347714,-144.55549686494743
0.5392763856692284,0.012107731039377685,-144.16524459651927
0.564514048805622,0.01301719616161894,-144.39668387601256
2.507198822650935,-0.010084697551956737,-144.23340947886814
2.934311004415859,-0.014029533290192218,-144.06592659757152
1.0493367851964106,0.0022894162659478448,-143.51309152668438
2.093008138441528,-0.011259807790233342,-143.6697433840655
0.8168876266590788,0.004160488947640919,-143.72652209668908
0.2877847038599662,0.01984359038663345,-145.57851142271807
1.7809572310828958,-0.004530159746590967,-143.94803770815636
1.6310889860355515,-0.002724056827881234,-144.10835193472133
1.000974335486467,0.003212601189667504,-143.57364356723792
1.305997353572358,-0.00578289293340417,-144.2875027433991
0.5858049047229964,0.010113768124232998,-144.04812542717494
2.952302120184648,-0.011617607674270097,-145.0915077820867
1.425405142054182,-3.392364277712023e-4,-144.219011041545
0.8391571103412295,0.0035632251166017514,-143.73160721632325
1.9293922789614588,-0.00915885672502466,-143.47195789523408
2.336354602661242,-0.013322336302120532,-143.856266900187
1.6528270236606462,-0.005719972565727011,-143.36048802164237
2.075161838664497,-0.008943222826269786,-143.51994397842554
2.0505722018904913,-0.011979450987048815,-143.96591900989327
0.8005333399601636,0.005279766900820918,-143.65991753730876
4.928244431948249,-0.01988841621543116,-146.65064186812035
1.1060300387589013,0.0013327241187701016,-143.46596012747878
1.6626350390231286,-0.0031456558434805023,-144.05523415296133
0.6915024300900187,0.00615269479756566,-144.04834281104942
2.4347705200474237,-0.011126714492390324,-143.74543416616797
2.138323606556939,-0.013065330575710615,-144.1665779029201
1.1036035632839765,0.0024934579729327996,-143.73391211036383
2.662373559186105,-0.014236808261206137,-143.82097930508203
1.1734661507225406,-5.581382514186579e-4,-143.37871452447718
0.8217581681448131,0.0024473568636039166,-144.17981116619572
0.6971382204485915,0.008240593081978054,-143.8240670330619
0.5859880231764729,0.016324460537032574,-147.0969780228563
1.4222678719950512,-0.0017053182520684043,-143.61256166583732
2.7629899401683105,-0.017271995704159757,-144.5370499124077
1.0734499346829167,0.002526579085040579,-143.62690024233189
3.641815705713178,-0.01797171252912568,-144.50571881012502
1.9386442512869917,-0.00977079271749844,-143.5559779545563
0.4990255462985734,0.009554765873513534,-145.17335304896824
1.0941453733030697,0.0014277611918902893,-143.4611635458224
0.3798237657702966,0.017443984400983503,-144.76503244332358
0.7861649904697062,0.005849993230049105,-143.67125119128713
0.8605417123455226,0.003391287819548896,-143.6682043556704
0.30361246600646946,0.019227263497296386,-145.40749039072048
3.687247402925419,-0.017934408388533957,-144.57114686882693
2.0803599761184,-0.013892344061890648,-144.78060518289334
1.8347354860749416,-0.003458520688114669,-144.8767270125405
1.6287969650937348,-0.005128572087021263,-143.3793248405449
0.7267921409223901,0.006284595191854401,-143.81037939136468
1.37491075771923,-0.0030347971139289484,-143.33878203542932
1.1124076846549884,-0.00139164535260809,-143.63663534559018
1.0325193275310693,-9.039752394659972e-4,-143.89445516202815
1.0898480171532605,-0.002041595605933655,-143.96808251708256
1.9026157716271435,-0.01097015487338299,-143.98545110994212
0.37528522228256855,0.017820475003114154,-144.79536562187272
1.4730454344403223,-0.0026832781593517843,-143.5002304087649
1.2192578396771754,-0.006039690885434587,-145.09949023059596
2.5459244547575497,-0.015257296264766143,-144.13798282980247
2.5910209582903914,-0.014852987205400464,-143.96098439336083
2.070638523091455,-0.012032524139767138,-143.93653675464193
0.8140095810836334,0.005217556520498023,-143.63673246732876
0.5328550327693006,0.0066060949678641455,-146.24380004266737
3.1321539329749104,-0.019458468713303197,-144.8509714550628
0.6170459708125241,0.01145057542891704,-144.21811733125259
1.7581120378571127,-0.008839523076766966,-143.65094540407958
1.8776557064691366,-0.011518475210085906,-144.31548948465456
0.42393009391044656,0.010810909389790376,-146.20459651851084
1.1595694409237507,-0.0019239431590486141,-143.58521595683925
0.8616641991117857,4.6635978965650247e-4,-144.71807380205246
0.8125941618329997,0.009848963752664351,-145.40411817648868
2.7513921555865504,-0.012539168057395467,-144.04889054406067
0.3554387129978418,0.017217780358618432,-144.99057900860512
2.0960134555494667,-0.010508688759966618,-143.53865148373413
0.7187149618165384,0.004866330976297652,-144.21119712560056
0.2735303683874135,0.022292592101572178,-145.44675152145535
2.567533185803881,-0.01240201237544836,-143.76439163546684
1.3261716531601058,-0.0027816079231539883,-143.35309393248914
7.321599623379359,-0.028154882369973665,-147.97046963303308
1.0748424092584745,-0.003195763120999428,-144.6395548132522
0.665579891264546,0.0038571908853756833,-145.41374949183984
4.439889278643759,-0.023100461531308906,-145.21667606987572
3.0645985141450214,-0.014279910938943331,-144.25317019794178
0.8136201840144867,0.0016411045065653801,-144.630563060459
3.1414086045387464,-0.016706489033284824,-144.11666738868084
3.8835538770356925,-0.018678675118617767,-144.73863798254584
0.33010273327881584,0.01677579902878896,-145.5992952918772
1.6131298235976752,-0.00505625059164321,-143.36977809404695
0.8822067950816294,0.0013080663421785555,-144.11990413039183
1.4353324172982627,-7.06365418398359e-4,-144.08058914615094
3.378464714313222,-0.020003431037714528,-144.7481486668078
1.4750767043617234,3.4590510637412606e-4,-145.06294206075412
2.944250363889029,-0.018074376405587993,-144.5597521301974
3.7928563719835044,-0.019597648705613674,-144.58967674178336
2.119857262952872,-0.012448883399489621,-143.97122318301984
0.11366769087203556,0.034197257494805115,-147.98190951108097
1.2418125591266314,-3.2869324671339984e-5,-143.50584270259998
2.6452671589584207,-0.009980802999015428,-144.815414178914
1.6198183621035653,-0.0050515262344660306,-143.37685493194448
4.153399988525673,-0.01714432073754212,-145.98183602813796
1.6662672235102411,-0.005265873701421753,-143.41114969437695
2.2213692037724013,-0.011674359632046046,-143.62540327257028
1.252356726960639,7.482243559743678e-4,-143.7790715416224
0.17991589739635527,0.02381146834408276,-148.3399527130756
1.2209654536548158,7.441956844167702e-4,-143.64567612692758
1.8779142714785118,-0.008178051420771888,-143.41622175365035
1.2570519154343387,-0.0010175870294292198,-143.38008348578597
0.8358222027420755,0.002531317946197784,-144.03250992980006
1.071588266514649,0.001613635487043294,-143.45549833158236
0.8068398831934853,0.006641396145412544,-143.75771623615356
0.9145304753178708,3.5398279486969857e-4,-144.25111457173395
1.8457001045099093,-0.005320216481209148,-143.87394596853218
0.857295892829859,0.005273436732155193,-143.63448981860682
1.7201698510880565,-0.007510081393736117,-143.43545895449813
1.3768175382376022,-0.00398893403857652,-143.4094765910869
2.272338715281324,-0.008742909488789306,-144.0117662599256
0.6985425578903003,0.011116668722461228,-144.77778278554786
4.207203831950919,-0.020056567059479672,-144.98528786083497
1.7749893662611946,-0.00588702059193878,-143.49908928084508
2.776766129375782,-0.014202800181008921,-143.86123807306956
2.6918672772395063,-0.014787483064345634,-143.8849475638285
1.0638913795129308,0.0034992064683346223,-143.91200990845954
0.7930808334520498,0.009569647675863331,-144.92770271309524
1.7265001656341743,-0.009637355647081375,-144.028189124371
0.5807455217384149,0.013053427532631397,-144.53333791079962
0.8796629175984765,-0.0030554278750321816,-147.04514776373426
1.0255993073778167,-4.002549476294025e-4,-143.76735519398235
3.200858010685816,-0.015579711788181034,-144.22278604839522
1.9846533014932595,-0.002247125245145131,-147.40947333492747
1.0802872967307793,3.306140673534927e-4,-143.4369425765697
0.8335222870073324,0.002483593500161911,-144.06744708746115
2.0381538582111998,-0.009489882531028233,-143.47401097398597
1.8266532692308888,-0.00892075467272656,-143.5404990562981
3.5887245258656524,-0.018070759292054164,-144.43755780950434
1.0872825629501162,-8.454850616665247e-5,-143.46521061319828
3.0176161930436374,-0.016501474252923694,-144.07591486372118
0.947672027703756,0.004361062169923564,-143.67318707840118
1.417342036454987,-0.004487299302992248,-143.412852019711
1.8697151032600057,-0.011403898205245998,-144.29016656837425
1.0020853303640955,-0.0016043909734784394,-144.4253823503928
1.0489719450905508,0.001383661761439904,-143.43448345113154
1.7987470642020738,-0.003102123743163786,-144.8960103137912
1.5816103316964643,-0.00590217454151722,-143.3790626838273
2.0903704245090213,-0.011582115983037796,-143.75448067223374
1.918352408977168,-0.009275271354212104,-143.49464150654973
0.7451237391527881,0.009745237989779087,-144.5034054189291
2.4116620858807267,-0.011373417663894544,-143.67951852362432
0.9315768044811964,0.0031621009753447747,-143.51597645893486
1.0039493603416245,-0.0017765623940883164,-144.4981999649713
0.9730743605539492,0.0015188791228448431,-143.55646400451056
1.6686176413330063,-0.006775973212131027,-143.39461899716483
1.5443876261789513,-0.011503424327288344,-146.3529516928671
4.191657810072097,-0.0193699372494992,-145.09972101605402
2.1937166169853386,-0.014649243621846315,-144.7745861188971
1.3476240313103776,-0.002599702135291937,-143.34163143266377
1.1474153020529891,-0.0038961108004553786,-144.42073951828021
1.6420935808432209,-0.005913152076758341,-143.35493660929697
1.8146467850127923,-0.005722276916283461,-143.6338045819138
0.8401323490499853,0.006176326838083846,-143.75471946140337
1.3690780359885024,-0.0027831772786060353,-143.34102612186567
2.6010430026204348,-0.012998745822740944,-143.75805782670952
0.5756968480623431,0.010428668231351964,-144.0707614018559
1.380841918723603,-0.0032833994860607067,-143.34172488710206
0.9798924892415672,-3.1472671952466726e-4,-144.0197174628162
0.542201089865828,0.010656840371383244,-144.23877355304026
0.799553169198657,0.005031983599709521,-143.6794099389938
1.0888319915434344,4.0426784602732484e-5,-143.4476301867316
1.3639618079346907,-0.006993892114877474,-144.55798029568638
2.0220868386972968,-0.007628447056999211,-143.65840315043903
4.927008174859948,-0.026451192173975083,-146.1160678610999
1.4607080835354063,-0.004391032317744165,-143.35023601897038
1.7383457845296935,-0.003303482971043973,-144.37542853163825
1.9173315452267532,-0.008312302389020282,-143.42659794626397
1.5493008614149677,-0.00783901286303727,-143.9717996206147
1.5862167007838306,-0.0010859209161394813,-144.85827218068613
2.6347586220919856,-0.01765152079653638,-145.03710580229145
1.3294777152673054,-5.050730817440143e-4,-143.65863395043073
2.747127512888567,-0.014413456740158672,-143.84932881387786
1.1513587048015284,-0.0010882511843900919,-143.4498456293821
0.9697361523573276,0.0035778542115750345,-143.57107812291036
0.9633979884987245,0.0046869980164952075,-143.83134601753684
0.8125833940406139,0.006291854452168968,-143.70939635522222
1.8569435380228931,-0.0055255876861631005,-143.8348533720753
1.2621585295240607,-0.004086663957831594,-143.79963106906777
1.5940438832741595,-0.0045768658598288395,-143.39687510902215
1.305609732541745,0.001287425063714034,-144.36293578273586
1.670901250875741,-0.003975402092947702,-143.73619362327156
0.6490347299190935,0.0052477607072591624,-144.8734304676487
0.4959129906318576,0.015002986515681587,-144.58259264319975
1.7663570259120447,-0.01064660731516988,-144.3378516282722
1.9434953064922262,-0.007552734627523574,-143.51363419030457
0.9506962106696425,1.1957599860577415e-4,-144.05993956199347
1.4499377566504288,-0.003920218572910461,-143.33681082497097
0.8784017603088992,0.005843953886862567,-143.80942563956884
1.5050779470396771,-0.0013297196415164654,-144.1527568164721
1.6835803192427081,-0.004645016276067186,-143.56835024492975
1.4312817772130997,-0.0033876911597851686,-143.3417742464972
0.7222053556034821,0.006729687416129427,-143.7826922847721
1.008997844489129,0.0020739362873345973,-143.46017415031378
1.8862534841219833,-0.009344118931922087,-143.54071411135715
5.524236068449569,-0.02867318723045895,-146.7901623118482
4.116985192926519,-0.016876540692743507,-146.0329848908642
1.1689766787480547,0.003426446667581017,-144.64341772344997
0.8072661682484625,0.003610370231545647,-143.9019778786092
0.7994857237473828,0.00625606132959159,-143.6878771302742
1.457608474620003,-0.0037222021123474057,-143.34022027064566
1.7062299268422858,-0.0054665628175940145,-143.4450972132782
1.7916626493468635,-0.0068704748590100746,-143.39861493692933
2.252655553832197,-0.01028221216104767,-143.59781217011397
0.5352777759833245,0.011757052303934862,-144.17190723771833
3.9118507271720273,-0.021273558296145464,-144.83360595115707
2.5295300265286897,-0.014785045413484512,-144.01186190269968
1.4612301527436815,-0.0038462590969991117,-143.3379773468883
0.9577500786206117,0.0028021259353685803,-143.49501686641096
1.5895495665075383,-0.006351273731035159,-143.42746283800193
1.9669786696763258,-0.006718410284873725,-143.77486705249078
0.9259776987099679,0.0052500011775036964,-143.83991579130182
0.9550867010385402,-0.002325779274039622,-145.35103448984637
0.6356802953638732,0.007368642307513006,-144.18559711885513
1.2803482195393965,-0.002039941787849189,-143.35284842206954
0.9097072562182411,0.0017906746663091482,-143.77312938547274
1.2455334374518197,-5.335094427542462e-4,-143.42214272684296
0.6172826801605059,0.01143414993870197,-144.2145321838307
2.7822010651131888,-0.01132535914907017,-144.60164983717365
2.734140382353663,-0.013023555292493116,-143.9148886882797
1.475954045278684,-0.007126917743566961,-143.9938729871134
1.4335233914460266,-0.0038536179601247828,-143.33903350922677
0.504474073251574,0.014501219879559279,-144.48559579067125
0.7903800754605043,0.007678257818456071,-143.96036800448985
1.2454682265157624,0.002032088295306576,-144.37114972719368
0.5447904514811236,0.01208226188881341,-144.1576251753044
2.6344561502462893,-0.015106549536417142,-143.98299217779876
1.2589065847114587,-0.005115896053343375,-144.25572894196625
1.9153151018079226,-0.009158073553655366,-143.48115515351114
0.38954360222384865,0.018847076030260673,-145.02969620199877
5.25943609992366,-0.018902781589682987,-148.6605956498436
1.6337755674064995,-0.002510495733309322,-144.23859848060934
2.5967720245480646,-0.014835359116103028,-143.95130174667867
1.3089423703892846,-8.020634201041458e-4,-143.50869722140226
1.8693922753045402,-0.008373404905618144,-143.42675254277847
1.1451214532550535,4.925303330611892e-4,-143.41575495295248
2.7795857103750414,-0.014528054017331104,-143.86654138183795
4.356732577595679,-0.01813509086023118,-146.01619519005334
0.9312391522389113,0.004627513331272771,-143.68416645617538
0.8292650993366059,0.002519705589409397,-144.08868640342286
1.726845689083397,-0.0012611329391003189,-145.91824971017203
0.9297581020201117,-0.00240172871883211,-145.73196877928734
0.827119524785781,0.004698161636451918,-143.63098220237885
1.2636221242304153,-1.1758164274829584e-5,-143.5746343241464
0.46328952425843134,0.010490361650755006,-145.414982668088
0.7228974619384704,0.005739817381776531,-143.92620777374674
1.156752738895844,-0.0035273776248781414,-144.170470530832
2.599103105017797,-0.011301244697127944,-144.04905852149216
0.8675250388982855,0.007470009843525864,-144.41830527868535
1.5428461852547206,-0.005752275727199205,-143.40429747825112
0.6205317076305169,0.012233454553114968,-144.53680744861268
2.8814604482752206,-0.017935493491227982,-144.60603332402124
0.9477422816176712,0.0015661376391241225,-143.64133563587012
0.6662206884146646,0.004031122735764394,-145.29430009691
1.0641849575530473,1.0986937290613204e-4,-143.49700900340258
0.6845518941636464,0.00854317161439671,-143.8474353280324
2.046990386366996,-0.01041587968132215,-143.55737836715502
0.9482930089343454,0.0059896669377655426,-144.30528196309587
1.6918952116721144,-0.006499079485130292,-143.3664741271727
5.360587914319015,-0.032157234520697055,-149.34421765514688
1.7296568252663014,-0.004899789078508762,-143.62755819457848
0.5292663885033106,0.013409005891347997,-144.32620738282034
2.06018565185706,-0.013711379551556152,-144.7582727576447
1.499056139455631,-0.003541014529737468,-143.3948734860933
0.5472045523574448,0.01281494035816693,-144.2602618184243
1.3543643264332412,-0.0033447305559074505,-143.36634871389435
1.335235134338447,-0.0018420127695945917,-143.3809990502273
0.860142144059706,9.743400737172743e-4,-144.46928435585403
2.2539297319764517,-0.008685892283547143,-143.97481073524645
0.5952022464222186,0.009007814973058833,-144.13432425502504
1.6272387089320979,-0.005487802134723866,-143.35552862606582
2.612026027040862,-0.009107468852292544,-145.24893355868372
1.1304893939589058,0.0011452867270796059,-143.4801303749432
0.38715727919697446,0.01229508959065034,-146.3316780442133
0.9784842156000878,-0.001807220457026409,-144.75961686418603
0.812160287922186,0.005707517535179565,-143.64794930273527
0.2312825023092289,0.026564756482792343,-146.0338351374904
0.8822067950816294,0.0013080663421785555,-144.11990413039183
1.1041296534527458,0.0016050922744011045,-143.50643335285758
1.3643147573052963,0.0014286417739341477,-144.9383134911381
0.7275992807591134,0.004100170767475051,-144.42196573750894
0.9109141164488682,-0.0018372487207319365,-145.5737000216161
1.4108747407013713,-2.760131195355599e-4,-144.16391405238636
2.9617206279800024,-0.018425405853243412,-144.67851898136618
0.8027523739046417,0.0061750125412482005,-143.6820272891028
2.5553014309094877,-0.0135139875598833,-143.75234913010786
0.7166108990908298,0.007882787973870282,-143.7976653443806
1.0664257519810652,0.0025952897932646143,-143.6213263343526
0.9314064892601666,0.0044608503010756155,-143.64745496517867
2.0488323991117334,-0.00928010615833818,-143.47660931135988
1.1748291158353903,-0.002252632783901422,-143.6102510989399
1.9938812772169752,-0.0123391791669277,-144.2863656458361
1.058643272950935,-0.0010210087507694196,-143.78454056505151
2.9948032968171048,-0.01582687153025306,-144.01039817768583
1.0253966351176238,0.0023380455722815086,-143.48433314951762
2.6108529404373564,-0.01101089255619671,-144.18216057121066
2.726885881911764,-0.012979275423391468,-143.91064314615542
1.5506974868910373,-0.004893406436564162,-143.34213734902613
1.5061587145442799,-0.008019510950245156,-144.25814290084193
3.899671669367662,-0.01862537891959415,-144.7722815828965
0.4991164801964915,0.014510749616585253,-144.46143202513377
0.6737358521770949,0.005349162815004808,-144.49978927977656
1.3409369689389214,-0.006885983647576555,-144.65495931161522
0.965960285886191,-3.604803823936293e-4,-144.14155810392887
2.092479167742904,-0.012686022520788973,-144.1338552435114
2.3451065963652216,-0.012013676171770377,-143.62836843472087
2.271586893346475,-0.013595908011012316,-144.05397011938862
1.3021693540634856,2.3858826719440942e-4,-143.81329058172886
1.0208593669876516,-0.0028387245735006887,-144.9464985558025
1.4589138784403084,-0.0037286171606173077,-143.34051469637805
0.5037059070159411,0.014167099378830803,-144.40046160533774
2.3566386605336516,-0.011915090442814755,-143.6243981769096
1.5601466751491129,-0.006007248101065568,-143.41702746062123
0.3461892631727304,0.01889860725996057,-144.94717584201982
2.745966654971733,-0.009095392397347926,-146.00531705063642
1.2336292977644192,-0.004576432330639144,-144.15780763734926
1.9967998878573818,-0.0059785097222010836,-144.20163602815074
1.4366609426946806,4.5372353359240264e-4,-144.8193019282013
0.1018823654469328,0.03697948597645783,-148.10353907692948
0.6272509158996109,0.006206474038261963,-144.71308918202516
4.321710920175267,-0.01892910527065133,-145.52121054075323
0.8634641123162126,0.0015569631375549021,-144.17582022567984
1.733613151169766,-0.00572355946570184,-143.45094156129002
2.3224666625590085,-0.010901315363986155,-143.62089561663655
0.8456355331159127,0.0021858507241407613,-144.079015071439
0.5748868636176905,0.013407710938161834,-144.63225723313616
1.2540595291899654,-0.0015990261204615604,-143.35616352874973
0.5910418560596239,0.009740488507562744,-144.05413836252683
2.080736478912515,-0.010925166264539442,-143.61427611483725
0.3347719699391094,0.018651050740051286,-145.043632268886
0.9243113842836889,0.0017470527210478436,-143.70814256227297
0.4352315441641827,0.013528576701446663,-144.72042450973512
0.6643948170112137,0.009048534487033692,-143.88756967015885
1.4244223213972595,-0.00535426448637035,-143.57655479863692
1.111729648888372,-0.0021320883339825646,-143.87215179183872
0.8020875619980836,0.0023076853769812143,-144.42853158330996
1.0385134158783482,-0.0022599935442508406,-144.44777516921434
1.295113455086565,-0.0040639353768712316,-143.65213842498758
3.964990953928283,-0.024016087469290265,-145.8386687049349
0.3281007555461123,0.018474504539988546,-145.15099936385158
3.9712923099135646,-0.01967161038786655,-144.73676332191164
1.0732394437340385,0.0027297670139301115,-143.68323684771613
0.9119299462542493,0.0013543238077086159,-143.88713244085054
1.9528189402808789,-0.00888396835243634,-143.44443404136743
0.9234432822521202,0.005208217550984353,-143.81455039263327
1.2580667650614792,0.0023283309457482783,-144.66621113236695
0.6973647678471401,0.00784431177648435,-143.80638767078878
0.47010714582586155,0.01125126484747311,-144.93306525879305
2.4203217702458155,-0.01204680432427736,-143.65221209496556
1.3560321742022414,-0.002444837105800003,-143.34938150979443
0.5516078162077405,0.014197589302769443,-144.75870394739107
2.181206869237099,-0.005612304494882743,-145.50520175037175
1.2258185383186042,-6.379191645154892e-4,-143.3856505941768
0.6175536688108805,0.013207919933065582,-145.02974118981183
3.8609419331622243,-0.01948091124224605,-144.63859100568692
0.622781038625835,0.008048453137358623,-144.12313339781227
2.6300678541781513,-0.01376312199557998,-143.78079986037744
1.6413139574031042,-0.0033596871896376017,-143.85915934995256
3.7650500267128812,-0.01800495012035439,-144.67671166140053
1.504774911734814,3.4051502578910794e-4,-145.32739484225291
1.5741923822443928,-0.005800100910055771,-143.37549434504828
0.9950855299523844,0.0040403316422537245,-143.76426004058814
1.6652315221290215,-0.0049880835005172855,-143.45168880085757
0.9155244660696389,0.0026696828716761454,-143.57826908949932
1.9752162495759797,-0.00894187600021269,-143.44868863400836
1.127814349186714,0.004335185921015982,-144.9035196282628
1.8807384355637624,-0.0018740508714403452,-146.776212497145
2.4771621591333797,-0.010001484478429773,-144.170212340795
5.147117157860921,-0.02302227954903522,-145.8349064992219
4.168906876379632,-0.016104348588553256,-146.80985648949584
1.2580615628426381,-6.426225510329472e-4,-143.4268400427232
1.4589969244832395,-0.003992103642044144,-143.33670021090464
3.108902875286719,-0.01573122393784559,-144.09097387868093
1.5767238450061427,-0.005233024594111721,-143.34505752338134
0.9431499751814099,-1.3667175098273031e-4,-144.22739229258798
1.6437303363942626,-0.004100386843346759,-143.60556581185892
1.1288305552591538,-0.0034533491253196224,-144.33401209728717
0.5716595505203595,0.011817920266170514,-144.14021810587334
3.2052778386328926,-0.017067126454267733,-144.163767208487
4.01770905775581,-0.02344336488702506,-145.4920948152779
1.3865782528600759,-0.0017145825716738839,-143.5021599779899
1.3007896812925488,-0.0033745769287678385,-143.46687124914408
2.5541256341667324,-0.009561021983803857,-144.67579238423613
1.3061599406381612,-5.889262630325424e-4,-143.55363392062304
1.181907287437959,0.0025515478117240403,-144.20800357977762
1.7433378900707368,-0.006354223971826384,-143.39125576706658
5.40445626789911,-0.03301770842092241,-150.0562833254502
0.8700789339781742,0.0010180109452678433,-144.3511506314914
1.5488980529204235,-0.003919935513034753,-143.41989486803345
0.7782284360129637,0.005887594163214573,-143.68346984519653
2.31856485766798,-0.013332425326022388,-143.8840408518922
0.3506690047982521,0.014788922400497862,-145.96444161770162
2.908721845346816,-0.014956891267541064,-143.94578387071246
0.39662785026440533,0.016730263038890848,-144.6823414681461
4.601496162278044,-0.018497776931101176,-146.55618625925567
1.016045837137885,0.004516495675509618,-144.06616656474603
0.3821178086333339,0.015721579382306044,-144.9228153167336
1.3721773759624447,-0.004206855519857845,-143.4549122499425
3.0953886566793987,-0.015195903266224015,-144.12631953014613
0.9019760317118306,-9.711207709211774e-4,-145.1012691822608
0.907516683150821,-0.0026089293595195407,-146.21114547138345
1.0928437323573157,-0.0051089306415934115,-145.72690329398515
1.639691637401339,-0.0032613853290618003,-143.8940521465722
0.9223949797939361,0.0019161439766348324,-143.67922158699577
1.2658898946728,-0.0063679033168241705,-144.91220549001062
2.683069729029267,-0.016519177415831063,-144.37227891962962
1.6417079856173333,-0.005033734156840979,-143.40601977281048
0.49793877205641957,0.008403065929234373,-145.85198100934545
0.3730496773457788,0.019433670895450898,-145.08385118135735
1.2576178438820365,-0.004945400546014855,-144.18132410065658
0.9378257501069467,0.004398437586673623,-143.65197972313214
2.1992896604107166,-0.010295063743363943,-143.5453520488518
1.9453772011034165,-0.007383197223939074,-143.5466032550128
1.3285167276954697,-0.001997830082230115,-143.35997428927348
3.915203326277469,-0.022886510769707383,-145.3510164035466
1.9844421571979525,-0.009980106576096371,-143.54316570143908
0.9759835087000621,0.0034470748686222796,-143.56168467095387
0.7376581713548563,0.0058453727659285,-143.82271400357783
3.4956984148912262,-0.0189613603611044,-144.42703042745737
2.3190962550064484,-0.01066971270705902,-143.63922112952358
1.5437820785900118,-0.006205271488489452,-143.47980558603678
1.6234491753040312,-0.003743370958539645,-143.6504951300955
1.5711453548329173,-0.0033655509585767884,-143.59884284701948
1.0559697554488998,-0.0010450148593125585,-143.8068190265213
1.4834804421631849,-0.002581428861396738,-143.55454974824218
1.6949893680755028,-0.0039663395425306655,-143.83151537141273
1.5288532008501345,-0.004263048430853092,-143.3551574085423
0.7765349179803772,2.2726428553559815e-4,-146.0722282074786
0.7366256108950677,0.010837574740513042,-145.07982772260854
4.445718083887056,-0.02010368886673024,-145.36942001771664
4.807748356983489,-0.026365493951190776,-146.1468462303034
1.2475975988162245,-0.002634178529622302,-143.46340390045583
1.4029089337409133,-0.0052328666349048866,-143.61033960289384
1.6480137721241066,-0.005636961503445434,-143.36103482904244
2.0921092949342057,-0.011255897121019199,-143.67004262339802
1.073714018283869,-0.002383591197341897,-144.22674410532096
0.7880566088898435,0.008161682644794143,-144.1195592471532
2.2817446111254722,-0.013821349907446786,-144.11669803642567
1.5017313091664344,-0.003952891415241527,-143.3550019954035
0.5963043206151348,0.012238506487357501,-144.34509130454035
2.009226920668792,-0.009465499622138194,-143.47172342085392
1.6565844351418968,-0.005710038562573909,-143.36299166831398
3.4632953366057606,-0.019865277774116293,-144.63330241070054
1.4628502657628513,-0.0029892070533082383,-143.4175826357862
0.3780958395606258,0.017576576016405016,-144.7754935207854
0.982210516181408,0.004506194244383836,-143.8619176448539
4.557328033982497,-0.022650979450119534,-145.21268304112496
0.351679000178127,0.019942950992736228,-145.08544822889795
0.794341724754105,0.0058515365443923065,-143.66217995688172
1.7417968004987856,-0.0028662753064107897,-144.68014943019327
1.305037866562707,-0.0030663912204830037,-143.40768728188354
1.1087370173839752,0.0028747502592816306,-143.90275958809357
0.6805173543531516,0.007802412870482852,-143.84522560515725
2.6282438902345606,-0.01566248389693492,-144.14978117009923
1.2280175628643595,4.723638751992175e-4,-143.5909173835373
1.6538887090535042,-0.004867835341754183,-143.45151135549878
1.721527863336936,-0.0034961878120875517,-144.17359519354937
1.303511980177932,4.1668244783423e-4,-143.89483471986028
1.6365545563515376,-0.0025622097983872202,-144.22525937602515
0.9457507657523659,0.003936837801322596,-143.58341877846476
0.8508573638577367,0.004531124123258232,-143.5941381026251
1.8760583880374309,-0.005848265856760396,-143.78226356436835
0.4145354228197887,0.0153978366905981,-144.62259627304647
0.9802323267930054,0.0018712063223812407,-143.49791677354634
1.662008412274875,-0.005384951449634328,-143.39165439888492
3.4593660317196027,-0.017720206570492263,-144.33183097516675
1.6785197929483744,-0.005975332976955501,-143.36504491086924
1.0512739270948357,0.0018022018180334277,-143.45549151513634
2.7132308660705475,-0.015120023810375065,-143.93199715970744
3.711266493599862,-0.02015451968784276,-144.6258101809685
1.2973153537994742,-0.0030674426536406374,-143.42259471559746
1.7093729930185004,-0.005044069974730499,-143.5349672779944
1.2253224975991202,-3.5935130448951265e-4,-143.4152252919828
0.6036534038766811,0.010788216642597033,-144.0388897257863
3.9198283419713045,-0.019750794962054553,-144.68447271561408
1.7248508566125746,-0.008218444802932283,-143.56171560921462
2.2290518582880265,-0.011632438460051988,-143.6152639425069
1.6145455493439331,-0.004006249743727052,-143.54818787198096
2.020685828624671,-0.008828975418733878,-143.47347971863104
2.4700248603756365,-0.015325645869490596,-144.30607995281542
4.017979288706369,-0.017938839387438038,-145.19784609786063
3.817819037700204,-0.020035682264128614,-144.6311387295634
2.0835507419937875,-0.006391345052490975,-144.38133883272863
3.719462850137575,-0.013711264515859857,-146.9522975970957
1.7156144715827069,-0.004923062561715693,-143.58135816452383
0.9684775078532436,0.005562229876110707,-144.23996890283053
2.4251930964540205,-0.004889214135218976,-148.38093917068412
0.903208387393903,0.0032688922926574575,-143.55386403604098
0.7750348911897761,0.009833667201274697,-144.884569877728
0.8955909267747817,0.001337915723172561,-144.00527214325098
0.783110308997509,0.007757104838547061,-143.94903707156314
1.280884192627318,-2.648093096228139e-5,-143.6296882797725
0.7781453984462817,0.007114102326869979,-143.77652246829274
1.1759199202719401,-8.29225526236132e-4,-143.38513764596414
2.4211348461724707,-0.011433499340734066,-143.68490648527455
0.770646647995447,0.0061627116965028836,-143.69227229279895
0.7495377903661916,0.0039369716321269845,-144.26248920046572
1.1297277175849039,-0.0021758887661105114,-143.79022954314058
1.3935673438749479,-2.9257366314101526e-4,-144.05281434916674
3.4940870895253067,-0.019562280685322935,-144.53960357608833
2.220413766326574,-0.009975498418755337,-143.59036591064117
0.6431602656705298,0.00658269236614212,-144.36215310188004
0.8963526195415376,0.0028865513485482356,-143.61129255140457
0.8596906892073236,0.003179029447288443,-143.70944750196216
0.8260915156192601,0.0063039430979680835,-143.7414263002176
1.335235134338447,-0.0018420127695945917,-143.3809990502273
0.884026779574391,0.003230594638888841,-143.6069529576416
1.858538424620237,-0.008353907672697652,-143.42892478489082
3.3358142863493385,-0.018269064571279008,-144.31940492818333
1.3315744269537728,-0.0012932554477526757,-143.45893677979473
2.2772944591630098,-0.010197447210165444,-143.64131206315233
1.399009625792263,-0.005534712046055709,-143.71608965395
2.726229798469227,-0.013962956077152465,-143.82934496623656
1.4932021870368033,-0.006538810661181245,-143.70428728301792
0.7876044263214214,0.007902385697355446,-144.02015945463586
0.6477870351547415,0.006431538417357876,-144.3666056432737
1.6391210162737102,-0.006089014020334207,-143.3599215238739
1.7417968004987856,-0.0028662753064107897,-144.68014943019327
0.4925686119485571,0.013269078819855656,-144.30159678350265
0.9037490956497679,0.004816638476810851,-143.64768541503548
0.8704146531202923,0.006440304272561755,-143.96599692458835
1.1433345978346832,0.002810171146893509,-144.08168713358572
2.686983978401137,-0.010337602996138322,-144.77751548757578
0.9742794892744054,0.0020229528487104085,-143.4981526774113
2.1600866649462445,-0.01210632053277785,-143.78394055195363
0.40192193192708786,0.017498597149121643,-144.75242581862625
3.913220696101187,-0.019401722469586078,-144.69279208248108
1.3360399250353319,-0.005039893824982485,-143.80405137406294
0.18812383023577553,0.027110727403729627,-146.44011540548232
1.8981824462841634,-0.01334899949331033,-145.3035939464377
1.6466922258448693,-0.005179518503575391,-143.39510211449746
2.2041134171628882,-0.01202549330738025,-143.70452050529008
1.024394279202916,0.0027872384889934968,-143.547694188927
3.5570496307990034,-0.01780516743850913,-144.42170231278592
1.806691012031159,-0.005258167422196044,-143.7567831584367
1.3870166909455592,-0.005631884133112244,-143.7975346478133
3.260933550179666,-0.016346060252253915,-144.2088201051955
1.8495350690329653,-0.006708366235490048,-143.49079378589693
1.3962310691402084,-0.0037682754397751032,-143.35817572328304
1.1832179231665958,-0.0013386552710818204,-143.4157072578534
1.4475637750280408,-0.0019977000445829058,-143.6089783949184
1.3550392297863363,-0.004391567929055743,-143.53858073448723
0.3538356571518362,0.016398375677876307,-145.21126455958387
0.7748913577482123,0.009569302680275962,-144.71334633348718
3.486686311018495,-0.0164241480876057,-144.53976301551248
2.109149863074913,-0.012376671634056088,-143.96994588964245
1.2472929756694442,-0.0030034927101619518,-143.53995196451174
1.544364833049607,-0.006460854024947223,-143.53477619386638
1.1729495543915789,0.0011465669622212139,-143.59213322203144
0.975767505717555,2.1606526396819603e-4,-143.856093934991
3.145894702843477,-0.01727695766436742,-144.17804986010458
2.0694903424701665,-0.013891000628211239,-144.82470124194364
1.0704919003466153,0.001978488120740835,-143.5025675192379
0.8463835928588915,0.007413188979850076,-144.2131716855213
0.7878165863431094,0.0039649521533246255,-143.93552486101072
1.3033490697835683,3.5418745831010715e-4,-143.86698546707035
1.1297086414460349,-0.003779216248287611,-144.49778521706494
0.8445171224025089,2.817519116048916e-4,-145.02958521611438
0.5029949999778389,0.014813684652273023,-144.57020829651833
0.9924007439507503,0.0018551901689427023,-143.47771719098287
1.1485167718191316,-0.0016166863385893271,-143.55332758404555
1.3067846470772109,0.001210709936412654,-144.3251595686964
2.3836087499752883,-0.01348285108090497,-143.8393291735443
0.8828109709620301,0.002539531979285906,-143.7317240975266
1.3349858512112895,-0.0015563824496034133,-143.41917296624288
2.3449736897011575,-0.011349846618888177,-143.61595162528238
0.4545860383803786,0.017118025876670405,-145.01957881547042
3.1225777667995147,-0.018464305265185804,-144.47470743478289
1.7046134390432617,-0.006316761702092245,-143.36790624587036
2.6000414710845434,-0.008873252216554613,-145.3636143675176
1.4035205874887031,-0.0017902882419455462,-143.53011579008066
