r0,ba1,lp__
0.3096143579190145,-0.5836245241083732,-1.652350913123871
0.7332014186781163,-0.8398392379458177,-1.3962012195804112
0.0099433346490265,-0.7649882646071189,-4.913399693946806
0.6941193419890153,-1.4228016460593815,-2.071412974742655
1.6566957806501943,-0.6419942467712303,-1.3579489619747545
0.3575056295898181,-0.10631926937012484,-1.3936713031289922
0.4845128895937531,-0.7524027793054311,-1.4921791048435404
0.9178455503064429,-0.16466275440378164,-1.0173178333060355
0.056152109022042464,-0.3988432979177683,-3.0153811352215976
0.28406005342898083,-0.6707309246661862,-1.7675696475194558
0.7924602667122049,-0.9869805998746566,-1.512138530105009
0.40013632865548826,-0.07092575751717814,-1.3352028892369479
0.062337629993156445,-2.532321727798163,-6.043854319332249
0.5066518921075054,-0.6004236238385471,-1.3668372706884548
1.2392860597099098,-0.8860926362708481,-1.4173306842305924
2.8889091319657854,-0.7372378396863927,-2.099789980218877
0.8721775069931961,-0.19171429657732142,-1.02735824518849
1.028089225741069,-0.6563506615737461,-1.2157853624807868
0.20892473114248428,-0.9919718403819513,-2.2667100271547165
0.6712839037722952,-0.3134155624204203,-1.1189617368967517
0.08048288962508011,-0.8981577850877724,-3.0035372614730433
0.48999347488648676,-1.639440689437154,-2.5472395665018936
3.93854849607876,-0.524086161560253,-2.7050693950309803
0.17031271603330295,-0.3017319204982206,-1.985952840889519
0.5028994077946739,-0.3010542833914429,-1.235581433118994
0.11963789382413148,-0.21051120049434763,-2.265083080197832
0.7203258509028049,-1.1280266176403817,-1.6845994746083313
4.903223768847572,-1.0581227786449336,-3.8731427753941476
5.335914367780978,-0.2283291655021371,-3.687556499912464
0.5742174282977731,-0.9137762564395769,-1.5464581111575446
0.5779287869533528,-1.5387016522851984,-2.310034798189248
2.736422223261161,-0.15951777509490653,-1.7432420097215453
1.2050721971127687,-0.7330699585647172,-1.2872284994235919
0.011972186913774554,-0.9504364201210513,-4.888805957796367
0.1528829454669018,-0.6888906754394307,-2.268250839527654
2.9240928759570153,-1.141179283246771,-2.5022536495065415
1.0140464278476693,-0.5332555799275324,-1.1422784936576384
0.6710892530276813,-0.035537023292223524,-1.3059350042194322
0.039253258709409274,-0.3428155499862717,-3.3357353237488483
1.4086284067649426,-0.14744168428975363,-1.0776308555476213
3.1231063947727673,-0.5896617446058392,-2.158128735447192
0.23343830590439305,-0.26885632105717056,-1.724417797611681
7.90514989418952e-4,-1.1833566770489106,-7.843782967095253
1.4086284067649426,-0.14744168428975363,-1.0776308555476213
1.370834397172554,-1.3372867619904605,-1.9495827355940127
0.8344687154451094,-0.3351256054533772,-1.0715833466147506
1.093048728742622,-0.531901568345255,-1.145537577182917
0.7168619343227948,-1.0101319760803464,-1.5599172560166579
0.020544769759985797,-0.8586401403618014,-4.274325098410118
0.21330633648520977,-1.0002409577505227,-2.2585732702959986
2.3748787948710537,-0.8267876013607403,-1.8517212613071414
1.5962762305763798,-1.1373510267610472,-1.7753863487597858
0.8681112980291136,-0.17195807510348335,-1.0244515275324602
1.4416353394191843,-0.9290755631785358,-1.507447918869952
2.0876295024046265,-0.8186845514587717,-1.6867224869045376
3.93854849607876,-0.524086161560253,-2.7050693950309803
2.6133885766709937,-0.6263568294865219,-1.848902331090168
0.13616533252084692,-0.14692432090066704,-2.1409187056523336
0.2332021900915475,-1.259116411328909,-2.481738691807154
0.7138389133739578,-0.2821386611311032,-1.0907382518871755
0.11963789382413148,-0.21051120049434763,-2.265083080197832
0.899045072036919,-2.0637428658923653,-3.1349844903175996
0.7595708673417774,-1.0528514893174026,-1.5888206500308257
0.9415288907679006,-2.268589380257076,-3.5750280243386063
0.7180132398734702,-0.6208509953481156,-1.242008489254581
0.06234868007699679,-2.4660482042007583,-5.878058329453091
1.72420149167119,-0.6872360526736953,-1.415584147786993
0.262981440771392,-1.1837918223878694,-2.2993347968511135
0.6764338263958458,-1.6652357005675515,-2.4538594493706256
2.736422223261161,-0.15951777509490653,-1.7432420097215453
0.48900432250789577,-0.32436977159492475,-1.256996167362289
1.5347526870701982,-0.5564257805783299,-1.2611882595732855
0.11567497608194204,-2.5001728719784273,-5.398078121928933
0.7928813658304364,-0.29330406695180117,-1.0679768424425409
0.37878989190066786,-0.7359225709870576,-1.6203545096993524
0.13616533252084692,-0.14692432090066704,-2.1409187056523336
1.230214846065674,-0.6707411536391992,-1.2479728679291693
0.6286371380549358,-0.11079834433431335,-1.1015792500983053
3.718490456274839,-0.7923448045750954,-2.719077806337904
1.3601514713917546,-1.772248737276308,-2.622988195211028
1.2608903672647331,-0.260206606843493,-1.0629275273261023
0.27032118397412513,-1.3345403793354804,-2.468964652699902
0.829879972125323,-0.19914226600569296,-1.0362092641595422
0.07983573258863849,-0.5184230922760141,-2.742001081839805
0.11680732863438209,-0.7415809934264064,-2.5390079789390545
0.6304908846886158,-1.2932214670659112,-1.9279583470845414
1.016490565715742,-1.1541168953528749,-1.6661273968873866
0.07146872807508943,-0.46243879991386355,-2.816888844445633
0.036013933077454915,-2.1137791618024466,-5.59389449098607
0.6710892530276813,-0.035537023292223524,-1.3059350042194322
0.08306166513736953,-0.6232949351179626,-2.76548194678578
0.1321630901069947,-0.3624306986907931,-2.2215596844671537
0.7000705029536829,-0.3701269588402299,-1.125141718991513
2.16565849582355,-1.1853218060806823,-2.095427917485268
0.2800279317317654,-0.5964127717389393,-1.7307479534817654
0.11963789382413148,-0.21051120049434763,-2.265083080197832
3.4602618907282925,-0.5936941799972019,-2.395154003242551
0.22763795409664125,-0.9334633327040107,-2.1433136835867392
2.0201998717431082,-1.4275494819943617,-2.3359521805885737
0.005390777712237052,-0.08087223690320247,-5.231851346964263
0.6812775422402451,-1.4877204074181702,-2.1717190524098937
1.4250350122446187,-0.41548093268954067,-1.157150832069516
0.4915756388572182,-0.7780240187182741,-1.5043757830329318
1.9351267293011747,-1.266900806863011,-2.0774727390001866
1.350013033666169,-1.2998174619853822,-1.8946615039359636
0.5565106029283137,-0.2309970551992107,-1.169262670355939
0.08887977212392724,-0.5505110147045675,-2.660881658295739
0.9086597300195539,-1.0848143519738755,-1.5928554084410096
0.12698209895466384,-0.29107213520281217,-2.23305277881393
1.0437492594750517,-0.2398138296809146,-1.0296890514803403
1.0434666675466533,-1.6390006790423586,-2.344079776408024
1.4610039125960208,-0.5002765836265906,-1.2070184318744017
1.6352249251710078,-1.035765070842362,-1.6798492023601361
0.7260136941767035,-0.13879694812619958,-1.0564562691803516
2.072198298880585,-1.2448769733953875,-2.1184476144147766
0.01685167215632549,-0.10239404464178876,-4.105511941507038
0.8880888077320888,-1.2122938951408568,-1.7416005841131812
1.1894298590815104,-0.9493730912869343,-1.4666104100133408
0.5506582238624783,-0.8161693485106103,-1.4803653722423196
0.17285818415545406,-1.1148875266784621,-2.5496290481520543
0.6853031395400799,-0.06655098878100674,-1.1022387972001837
0.181101530726794,-1.296536248364355,-2.730302114132358
1.0800579030471782,-1.7363324034169692,-2.5104683569935276
0.6071479859271267,-1.7860648209224759,-2.7011444769408266
0.7641554476696703,-1.0353521639938124,-1.5691165443887092
0.8735203159066062,-0.2810041822292212,-1.0482262371721651
1.5965256842697464,-2.0751347217694343,-3.2817879201122215
3.18113543338706,-0.3527532433109156,-2.0861147014145
0.6390774243708623,-1.0436870489624392,-1.6314484195016727
0.17048252572854553,-0.36435363668633264,-2.0059817888064035
0.45483165715950774,-0.15285506595897647,-1.254521343691557
0.11714290345358382,-1.9250623009566776,-4.114436027179651
1.8937181555391656,-0.9701149536663495,-1.7257374926254143
1.4743471600549698,-0.45745031679185916,-1.1907622678224314
2.0457317158781754,-0.9472939787417867,-1.778659124185999
0.5357985222013592,-0.09178384864667966,-1.1705929886883426
0.014579285856580316,-0.800870765140149,-4.563429811716055
0.47835655333142824,-1.29499066177788,-2.054255857462085
1.1827366643588961,-0.7785598457596201,-1.3179834207219792
0.5629913535200622,-1.1653789994357768,-1.816536468511859
2.0789934533803835,-0.05973123146105086,-1.5165609891522498
0.4049151176670881,-1.628808743406188,-2.635501898814315
2.736422223261161,-0.15951777509490653,-1.7432420097215453
0.3361963123956965,-0.47854571582609207,-1.5407593400199806
1.1615416851689129,-0.4442612187960552,-1.110477538862542
1.038911307361241,-1.2959259192693837,-1.8404499564685928
0.36454497632431954,-0.7092096721871235,-1.6251394991955062
0.2369030261183031,-0.9506951442864895,-2.1289180488807826
4.793966506692741,-2.3513411448743584,-5.99101094699996
1.4806056650098183,-1.5454127423274897,-2.2823046999061716
0.27539511927800986,-0.5732343297904064,-1.7292423328498634
1.2713890901371696,-0.3919970915926004,-1.1081098771258493
0.4884379897529887,-1.3589191811337447,-2.1283114158531773
0.6437725233522059,-0.33892009352279145,-1.1416157907248599
0.4935505664500385,-0.03459723778465651,-1.3837335816766774
1.2533848712895508,-0.12977878994048275,-1.0377395450835634
1.0979385147307508,-0.35083818833892555,-1.0660478994689329
3.1912311706326335,-0.7867092777016684,-2.3402801251983893
0.7497337189623056,-0.781025155181544,-1.3427710423529708
0.0782129233545168,-0.5695062192982381,-2.788701975061124
0.8080880802285887,-0.5196945377580937,-1.1562135027361056
0.5315680146831895,-1.6881179892575986,-2.5883633094790315
1.2533848712895508,-0.12977878994048275,-1.0377395450835634
0.4642398369870612,-0.4562046728443943,-1.3356551590097596
2.14318817265017,-0.7612945650158751,-1.6706783593254437
0.38325264975981743,-1.3854780794584414,-2.3020882514239167
0.27593894273463443,-1.2915760034560972,-2.3975988888005864
0.2534710261883681,-0.5471262443992491,-1.775650347441691
0.10086046188882757,-1.4046496184668649,-3.3813980200578895
3.9349544806349113,-0.6831523200185328,-2.798403712824126
1.4699619837653324,-0.11538583437049224,-1.0960759022518574
1.3547053677039724,-0.9128314542833379,-1.4677520097893815
0.9440508999508533,-1.2156830234270621,-1.7405687015260085
3.1231063947727673,-0.5896617446058392,-2.158128735447192
0.11570621710161691,-0.35162573560481014,-2.3342274587929666
0.09457536502094359,-1.5806164125169588,-3.702107735658107
1.1991080696258474,-0.9523517857617503,-1.471017026431531
0.029515300236878803,-0.45054923322277424,-3.6538591040097645
0.270192397558841,-0.6007717064632405,-1.7592767094018371
1.7999054468398523,-0.13782301811394662,-1.2233017141982812
0.5850671163128874,-0.25511275869234507,-1.1536380172322924
3.18113543338706,-0.3527532433109156,-2.0861147014145
1.0240289296736351,-0.7772422538896755,-1.302336912436731
0.054004772835287526,-0.5127863034175294,-3.1041625198067306
3.3284249103056283,-0.8194267651447824,-2.46165582983906
0.5565106029283137,-0.2309970551992107,-1.169262670355939
0.8313390337312265,-0.12758901831815211,-1.0255316362820799
2.5155556728693034,-0.8799704592309214,-1.9802359547947572
1.3600365853351633,-0.3622145774531583,-1.1181246929444106
0.5038016197701434,-0.3347008624121066,-1.2453866656605
0.36851927776621446,-1.3257238117242132,-2.2455533448183234
0.18417816300449064,-1.2391436443315826,-2.643768361300981
0.33153816901954736,-3.111305315200347,-6.275660886870411
2.2506298336932935,-0.4925803367667886,-1.5607374246633305
0.5555198652106992,-1.2922769318112697,-1.9783606090429797
0.6853031395400799,-0.06655098878100674,-1.1022387972001837
0.7928813658304364,-0.29330406695180117,-1.0679768424425409
0.012105184286076908,-1.1009182159300814,-5.032237108114016
0.024405601202135266,-0.7641936529902984,-4.029344186400167
3.6625472458900683,-1.0120017898424025,-2.876462183050474
1.8869519730939621,-0.9142490492082672,-1.6699148204810927
1.2443337123768181,-0.7499766968243649,-1.3069660193866075
2.381934317163183,-0.8033366158203686,-1.8366962804277374
1.6467304458291558,-0.050801365520102934,-1.3764135729131484
2.101699521305233,-1.5776245219122738,-2.603402774089002
0.7355872982413606,-1.3497202445981562,-1.9535457211900558
2.736422223261161,-0.15951777509490653,-1.7432420097215453
0.4569148058557172,-0.7932091960898,-1.5547635461498226
0.01623203339911619,-1.702891304078005,-5.586920049002675
0.7941641835834538,-0.045583676271011064,-1.1760475928256615
0.47643593148038027,-0.8971929375351372,-1.6203355364842897
1.9253706800179728,-0.29778698905253764,-1.3145910385769468
0.5070360977257187,-0.35348580648637734,-1.2486852893209277
0.12988353591395402,-0.4946470003353637,-2.2933384710348363
3.1874965583085553,-0.9163868945427813,-2.4481431978158104
0.40579390668575477,-0.6511217797603356,-1.5196835599880396
1.2713890901371696,-0.3919970915926004,-1.1081098771258493
0.5273435843577724,-1.579576251295721,-2.414777131334419
0.5407555415660046,-0.19482776272420677,-1.1745440439772046
0.22877725639693444,-0.6172595297214346,-1.8942883481898378
0.7803920210010831,-0.1226824455406865,-1.0375276522056864
0.7775293259017089,-0.10882933710140097,-1.0386855128151513
1.6361825979400302,-0.6441821489237561,-1.3513020740509165
0.5484026116927472,-0.7677331211996552,-1.4438552533050646
1.0452394099154545,-0.8926109679405008,-1.3993706203844434
1.0437492594750517,-0.2398138296809146,-1.0296890514803403
0.0053499378816925765,-0.6892750241259236,-5.4735702963638015
3.747956503824693,-1.1896438857799192,-3.134372032172136
0.11538751903909597,-0.937801780544282,-2.714582693499616
0.44443555747195296,-1.655869995693741,-2.626338490895699
0.09724849185826807,-0.8381677034639036,-2.778996845911208
0.8260176778884677,-0.17950823212987466,-1.0333441116165551
0.5661736072848519,-0.9303327839563083,-1.5677876728950744
0.4247894999929145,-1.3559793947134504,-2.2002910863273373
0.2771937808344887,-0.6180620697507357,-1.7512325894468632
0.5641911819259272,-0.33158141000112085,-1.1915264237101924
0.3395826470565648,-2.4237275549385737,-4.3568482013757635
0.47912823108936253,-0.7948355860575927,-1.530797047095849
0.8115908588522597,-0.7606487194148372,-1.3096430302393258
0.6673927120360419,-1.0108839309061035,-1.582712505576626
0.09874613458640785,-1.2415538039238563,-3.1846770780011173
0.5322653240846109,-0.8977278747249597,-1.5658361770960627
1.3285665862384144,-0.1369957808782013,-1.0551119273827696
0.1527177666790814,-0.7640809576386342,-2.3237913448945884
1.185436595665756,-0.04950631535639433,-1.1934300287089514
0.027182487322973407,-0.586479863818897,-3.804344164115176
0.6710892530276813,-0.035537023292223524,-1.3059350042194322
1.0635854833368492,-0.7100629733819803,-1.2540344647387558
5.335914367780978,-0.2283291655021371,-3.687556499912464
0.9760367119138094,-0.5716416855460357,-1.1636788988515532
1.2533848712895508,-0.12977878994048275,-1.0377395450835634
3.1446849090658118,-1.4966242423002016,-3.11891327314928
0.8608142172396643,-1.3577436234182043,-1.9324246641070524
1.4743471600549698,-0.45745031679185916,-1.1907622678224314
1.4784313794240815,-1.043316339933562,-1.631704225070438
0.09004595657817852,-0.7617670560796249,-2.7876255907741756
1.395394244501966,-1.4674629439191107,-2.1389410024977
0.41228987015437024,-0.1860656800980989,-1.315655169809663
0.6267113656012576,-0.6817567486083068,-1.3263766840206084
0.40013632865548826,-0.07092575751717814,-1.3352028892369479
0.8256560240534347,-2.1298227207541043,-3.285305462938917
2.311508945618339,-0.922627170393105,-1.899228858904446
0.3698661285032678,-1.609529513251547,-2.6597729091878364
2.4562383896114337,-1.4060244202902117,-2.546059655089136
3.1712047653551005,-0.3263376011892976,-2.070341432033519
0.0957792039263376,-0.11852183558864633,-2.4487687901561945
0.16608338387237864,-1.5819772800932943,-3.2126747454961366
2.130004471055344,-1.6144497243902352,-2.6771043485410506
0.7260136941767035,-0.13879694812619958,-1.0564562691803516
0.4830821236971615,-1.7298315584823878,-2.7068093454822
1.131700243857236,-0.613352954585441,-1.196080024838169
0.5442077436672802,-0.3919332416162959,-1.2294378005707634
0.32945449865296056,-0.24723545116627665,-1.470335005970214
0.1577059274606158,-0.46980713490717196,-2.115088498247381
2.680446463457459,-0.7786394740602439,-1.997602807249478
0.19412370171418097,-0.6719847164463358,-2.0591651167043006
0.15683824520792694,-0.5552124681515404,-2.1635089776458174
1.3619318791962225,-0.5662320211038587,-1.2133370388560367
0.16658167550184752,-1.2959226282368652,-2.7985589509741757
0.734957782900385,-0.49215615176608296,-1.1640088414159107
1.072959700396069,-1.3907204465023961,-1.9695904754915148
0.5322508575466262,-1.5144794509665869,-2.309715225283881
0.018268123005789005,-2.6576789635071285,-7.552494509819936
0.0759511316258739,-0.37947197251240583,-2.7256157712025124
0.8699589972742618,-0.41220195801758214,-1.094223422765098
0.8721775069931961,-0.19171429657732142,-1.02735824518849
2.8759424908027134,-2.357964631180552,-4.599560648336901
0.4662116585418457,-0.961939992167986,-1.6919914779038165
0.005390777712237052,-0.08087223690320247,-5.231851346964263
0.21923928463705714,-0.9421067534591892,-2.18061337382496
0.04617908506900661,-0.6475896097002296,-3.3310935238948076
0.46549645088362795,-0.3062031135552849,-1.2770274811566407
4.3970872523882285,-1.7126763798248759,-4.382775109773485
0.039253258709409274,-0.3428155499862717,-3.3357353237488483
1.185436595665756,-0.04950631535639433,-1.1934300287089514
0.068225064292786,-1.3395070886660372,-3.6503079546102155
0.5772462618121288,-1.4686306688519855,-2.2051705891829365
0.3565655607926646,-0.5092406447168021,-1.5174657327033603
1.5015549042235232,-1.339768554777315,-1.9925436203864193
1.676377761122929,-0.34975094701884557,-1.2209052711211368
0.5531306279328405,-1.2326411281449332,-1.9049937918079174
0.15138574312737085,-0.542423351838596,-2.186421398776349
0.7928813658304364,-0.29330406695180117,-1.0679768424425409
0.6445372916230975,-0.5512093343218027,-1.2356757536981997
0.7034198348099614,-0.36996495313159017,-1.123658231682141
0.3878542023788154,-1.62499868081685,-2.6552903357489734
0.43539312279146236,-0.5991969938597778,-1.44641756697373
0.2582460848748713,-0.5221777989924231,-1.748423243066326
0.5217620518833624,-0.8458986581760936,-1.5300779561651412
0.013654530305195933,-0.2016728031855139,-4.327674789123267
0.8681112980291136,-0.17195807510348335,-1.0244515275324602
0.028184170475404394,-0.7489522499723361,-3.877643696147241
2.689551017794231,-1.6204398783567784,-3.0130894456788044
4.35125695885511,-0.5129853793697339,-3.0123691991697843
2.1917519928040665,-0.6163626441161744,-1.5970022266192478
1.1264945562539432,-1.3528679043617537,-1.9225096911436668
0.8721775069931961,-0.19171429657732142,-1.02735824518849
0.7219451034300913,-0.3606629086336874,-1.1127901518280883
0.9178455503064429,-0.16466275440378164,-1.0173178333060355
4.3232000454986,-0.745349842680902,-3.136977360182793
1.9332447200470089,-0.5968998365738041,-1.4521896341226004
2.9458780103072706,-0.40072752426818514,-1.9457623783923108
0.8130304819485263,-0.8506245861831003,-1.3817982522236703
0.039253258709409274,-0.3428155499862717,-3.3357353237488483
0.2997210928765333,-1.5774709037930363,-2.7488312462010036
0.9861939056379131,-1.4770904508585998,-2.0909942904990837
0.6488440256439689,-0.3093321653085452,-1.129250200847066
1.4289771430005187,-1.7904824509488386,-2.6749319428596983
0.38522376600146335,-0.7231990140295872,-1.6006630760864322
0.6286371380549358,-0.11079834433431335,-1.1015792500983053
0.3046945870244516,-1.7711983313421051,-3.0617117095817727
0.4562482423837005,-0.5295503571116184,-1.38117825914525
0.03433089602364341,-0.7310675935314908,-3.673270380722717
0.2875051399490943,-1.5522256765650722,-2.738721956263779
0.13616533252084692,-0.14692432090066704,-2.1409187056523336
0.8825013540391865,-0.9194911635750058,-1.4302283098392834
2.9458780103072706,-0.40072752426818514,-1.9457623783923108
0.25099427570418614,-0.03943345476252397,-1.7033340714564307
0.21579686541556242,-1.063735491677042,-2.314981215220306
0.6488440256439689,-0.3093321653085452,-1.129250200847066
0.11570621710161691,-0.35162573560481014,-2.3342274587929666
0.04072106219790244,-0.697941371005056,-3.4852919625480214
4.6962712735436245,-1.1149930273264532,-3.7711071512409875
0.5836919913282851,-1.1937417789131706,-1.8345835560833743
0.2918828033137242,-0.527784203484081,-1.6625638018321047
0.3061530253839679,-1.1750655637384522,-2.1802127840013727
0.14211152788312637,-0.9510707127400687,-2.545522400223472
1.8444002539796474,-0.323529060352054,-1.284581701888609
1.2713890901371696,-0.3919970915926004,-1.1081098771258493
1.9463680489448516,-1.3303131554936247,-2.1652694978940685
0.6715516395770951,-1.0810483841127052,-1.6540488081216855
0.4855093883179006,-0.44239023679959016,-1.305920603187074
0.44486439790520976,-0.21826720166949207,-1.278675489127286
0.3200882307410249,-0.6540407717014698,-1.6731314963916821
1.5587539398027634,-1.7544566382650923,-2.6539262420302085
0.8721775069931961,-0.19171429657732142,-1.02735824518849
0.13616533252084692,-0.14692432090066704,-2.1409187056523336
1.4784313794240815,-1.043316339933562,-1.631704225070438
1.6895662082505023,-0.3993022728874861,-1.2448155477773504
2.50309211590434,-1.5777226050619688,-2.8301696111945525
0.5215606947722404,-0.9659815730029806,-1.6390505207864998
1.2040008894205738,-0.9781919539621156,-1.4967805532109215
0.5001668837835641,-0.8879750058329757,-1.5872301579564212
3.1712047653551005,-0.3263376011892976,-2.070341432033519
0.2218544111182638,-1.171109017857696,-2.413336494990186
0.11807224145148888,-0.21219712816091446,-2.2770465298577736
2.533478072944718,-0.41585141600048364,-1.6903511829070452
1.9253706800179728,-0.29778698905253764,-1.3145910385769468
0.10627239555904712,-1.0473579537511477,-2.8965014488586935
1.0503721842363973,-0.23484514860398037,-1.0288086511654868
0.3225472068624093,-0.3616012810969723,-1.5194307276369292
0.9451511340319384,-0.9664040921591972,-1.4685300027862964
0.8090349208372768,-0.8461512150076402,-1.3789340575865285
0.44486439790520976,-0.21826720166949207,-1.278675489127286
0.41228987015437024,-0.1860656800980989,-1.315655169809663
1.8729098316782795,-0.9483132939906902,-1.695065602277
1.175428105349701,-0.9006269687940379,-1.4193601475921924
0.057714610105873886,-1.5786361742548003,-4.156005624884556
0.8329247990672438,-0.2491389688712746,-1.0467736502860958
0.49901055122814175,-0.948139815931693,-1.6436231452140246
2.2495510673735306,-0.48785781030379616,-1.5578230182339778
0.6174788324172729,-1.2836198213850256,-1.923429245897293
1.2541009991237246,-1.317428533459036,-1.895490988976338
1.6563062550588268,-0.5282692939166715,-1.291250503014153
1.2881308611495728,-0.4606127595112904,-1.141020695515605
0.43622630912022253,-1.652190189958326,-2.6306866336992076
0.5121239728480179,-1.7780420743131176,-2.7620293306455284
0.4660433720482651,-0.48749390054895303,-1.3483450997112603
0.8865769573147912,-0.48715194287652974,-1.125622812001018
0.7699366382945614,-1.2104715969637683,-1.764004437271955
0.5357985222013592,-0.09178384864667966,-1.1705929886883426
1.9681656754730863,-0.7120236347595629,-1.5445525239228575
0.8690596249133627,-0.8106655439723613,-1.3379924798269123
0.28672968049032677,-2.3345398843582754,-4.260983303214788
0.643954474529284,-0.4878988703735547,-1.2031043754921456
0.829879972125323,-0.19914226600569296,-1.0362092641595422
2.736422223261161,-0.15951777509490653,-1.7432420097215453
0.15648973719591583,-0.7825778091952098,-2.3174685990934014
0.0693869707078795,-0.4632366009285608,-2.8447372159864805
1.1075699711305256,-0.28380702759132503,-1.0456751730472595
1.2201546116032278,-1.739928919615816,-2.5348533527231476
0.76479258844201925,-1.1272827579032871,-1.6683264047115818
2.0449570990754005,-1.4141219154337032,-2.3294506841028664
0.1560505138691467,-0.7555798375552534,-2.2990764766223784
1.5754957108325152,-0.5279359730146929,-1.2602839468409788
0.38664582173434375,-0.30765065541731706,-1.3842165176584549
1.5003940453114504,-1.006625260813818,-1.6013134826820115
0.43607258462110254,-0.5319232483970702,-1.4074903267144911
0.0693796441000278,-0.9215226014055288,-3.162143363724305
0.03652199799569074,-1.448472981532791,-4.395399502232738
0.4349247127650949,-0.2661576642392989,-1.3029273869285667
0.40710412101487475,-0.20794036426724527,-1.3274180437065057
0.14992419898222634,-0.41893417395431315,-2.1353025728136044
0.5654012034708359,-0.8864813013984183,-1.5285454575303112
1.088925823722466,-1.027697539453917,-1.5318152125121165
0.6991708805526594,-0.9395213168290049,-1.4983811352556138
1.12278210825035,-0.5592171963192545,-1.1633344141406865
0.7928813658304364,-0.29330406695180117,-1.0679768424425409
0.04479217922972241,-0.1974683422688969,-3.170012329846274
0.038094640472275336,-0.7475392187082815,-3.5851837589892264
0.5149095504034275,-0.4973209795682382,-1.3023376527933994
0.2486285426666618,-1.7352524269498768,-3.1459743281575507
0.8496752655346271,-0.21223561168175303,-1.035111583439676
1.8918258665924585,-1.2471539563738794,-2.0319799323326646
2.445412074826616,-0.28534310648123007,-1.591909562213434
0.44970244214454547,-1.5938038642517811,-2.518976975608437
0.6655568444415507,-1.065666722581171,-1.6405108549041474
0.46798086829968844,-0.7848010517006886,-1.5352650772765504
0.012692449283637474,-1.07641034443022,-4.958770071006619
0.6535694343685813,-2.062441195209972,-3.205707777789963
0.8442438970054947,-1.7682480691998155,-2.576908362757404
1.8443358206113858,-0.509767819696102,-1.3621482117631027
0.29457306992737337,-1.161973940745058,-2.19189298087535
1.1683220251293494,-1.1136966239943735,-1.6329135574252236
0.9877175930267733,-1.0612470778613496,-1.5631987322722918
0.008414090571790203,-1.2103961255337898,-5.518791010381855
0.9891945810366188,-1.4238284712631095,-2.0137025603033756
1.8358707411813622,-0.12527781715896735,-1.2395566054508564
0.6079564627324311,-1.0138214666106091,-1.619525452740548
1.7108533565641932,-1.4319502245743017,-2.199101794430906
1.5528152162542095,-0.6714090187274496,-1.3381406994074845
0.7610700937545262,-1.2323704809803462,-1.7934684128820821
0.12091209762602362,-0.586681863433182,-2.405701365356993
0.5839377270756225,-0.8173806378748851,-1.4559542142213
0.6424309413536253,-0.12253736795205486,-1.0938050641884756
1.005983423267234,-0.51862211164309,-1.1345022769354238
1.024377480466483,-0.9903516784499047,-1.4906906120139387
0.9962081185718228,-0.5018054137574117,-1.1259115440503407
1.8633935655550034,-0.8840725536207243,-1.6317863826264847
1.2922990183616305,-0.6840754247560693,-1.26985579479615
1.1067856114760375,-0.6121673141182167,-1.192700052979279
0.6977087779722444,-0.7412126255779448,-1.332360342947507
0.06545157333246036,-0.5267830250066718,-2.930646499272228
0.4685517956487637,-0.36020834576935323,-1.2915354519241316
0.19863480258942853,-1.824674584703268,-3.47964077571967
0.7032791300910708,-1.3370331399690094,-1.94910934914988
0.13182032109684175,-2.240353290410947,-4.667727241511473
0.14297519080663262,-2.0792062493893653,-4.249608659192748
0.5234225041779732,-1.510639319045963,-2.311804373975451
0.660800588489895,-0.4420625164759427,-1.17281338899213
1.0546532084816682,-0.5883204315489776,-1.1745016730200741
0.44371298686407046,-0.66840282659455,-1.4796715077189568
2.563995538303767,-1.1743023014436318,-2.3119216869658987
1.0979261744351287,-0.9846519995852383,-1.4892728501497408
0.13616533252084692,-0.14692432090066704,-2.1409187056523336
0.9663525882774245,-0.5430860307674654,-1.1480503198337753
0.3821198245367093,-0.5855508697449352,-1.5155757778304317
0.9232466584525377,-0.7436422967873293,-1.2796074358252454
0.1735848067575692,-0.5924348535033687,-2.100163333843822
0.7150080922297469,-0.3040650012815259,-1.096697359688528
0.4623400346059819,-0.8694950122785713,-1.6118054757737088
0.18248971985021434,-1.0418891360764042,-2.4263176429212603
0.41006682878573997,-1.6271200104152548,-2.625261728460577
0.6853031395400799,-0.06655098878100674,-1.1022387972001837
1.2533848712895508,-0.12977878994048275,-1.0377395450835634
1.8358707411813622,-0.12527781715896735,-1.2395566054508564
0.05365079069803577,-0.3651849140229582,-3.045589873613906
1.9139343152297892,-0.40511017293858304,-1.3468304681654086
2.103094699424787,-0.3156110680200614,-1.409490085080324
2.919552455056496,-0.3468490966457314,-1.9082743050467055
1.9935535325107894,-0.7323226456788642,-1.5717830201897467
0.39721234048094956,-0.6867446078306106,-1.5563056972837443
1.2554150894438556,-1.5327222601740813,-2.2025675864010865
2.5050259187768917,-1.332522585120642,-2.4745350574047684
0.3989699563902085,-1.1951757759046053,-2.0320616862396994
0.3885528358122809,-0.602758405553127,-1.5155378024494846
0.9284012758153013,-0.43857986959412565,-1.0988686573000053
0.7953474560098929,-1.1447925729250987,-1.679598681744386
3.064867750366216,-0.5894855215748613,-2.1186099203130597
0.04697631522967652,-0.8813070552379046,-3.4934391136073293
0.6392692047011643,-1.031107020641331,-1.6182896714195103
0.22190260059975261,-1.2585357956536238,-2.5193755044903257
1.115658386427963,-0.6726630535633569,-1.2324514664945279
0.7195081392150241,-0.493444955487374,-1.170439541665382
0.6883902707618473,-1.98910830050785,-3.040065534198683
0.5293596390203619,-0.4705643274867283,-1.2761622633789598
0.1603659085390252,-0.2554728258304233,-2.0232964878283832
1.8970569012033311,-0.6801764552498443,-1.488073220475576
0.045540961426739746,-0.7375854387466114,-3.406700208023366
0.11435328028522818,-0.8273791061012024,-2.625094045456764
0.08648919742945671,-0.1693645350382648,-2.54858091382884
0.8439621421530348,-1.7581986465030088,-2.5592410230966642
0.5777117783244823,-1.0067563917943232,-1.633171182630417
1.2314942640532804,-0.03425884012428759,-1.4912943844746955
1.6274161976553827,-1.6889398991367812,-2.566681586784592
0.39679034819847336,-2.242144235761286,-3.8347429631410987
0.8871342441990517,-0.2540920009135188,-1.0391760693703127
0.45294062619613806,-0.38044391353207646,-1.3173036429808116
3.223061204858437,-1.5443451477720034,-3.2452305799014702
0.01180104044641808,-0.30526126861954506,-4.4979608408178295
2.5894932110898594,-1.1830344283642273,-2.337816255265971
0.7303233964084437,-0.6095379544664535,-1.2303594895364582
0.07026087121544308,-0.35408662942932306,-2.788489774752896
1.0758900065334946,-0.27653360794556064,-1.0409777450222495
1.2314942640532804,-0.03425884012428759,-1.4912943844746955
1.8608865899097373,-0.5044231710047351,-1.367054922239987
0.6221176994785821,-3.1041402298927556,-5.914586959584595
0.1097848550354821,-0.21024205955978553,-2.3411203207789333
0.32643204334368053,-1.3258456100535156,-2.3248988228946863
0.21276880607992485,-1.9206162601928138,-3.604701335768432
0.08648919742945671,-0.1693645350382648,-2.54858091382884
0.310446404423562,-1.364770892612762,-2.4114902021447344
1.2314942640532804,-0.03425884012428759,-1.4912943844746955
0.01131724874328425,-0.3057225745656168,-4.539477675923245
0.7807001781393849,-0.03891675509439585,-1.251328656081556
3.7254920342779445,-0.6200573700261689,-2.6025286724923795
0.5456679137272403,-0.8578499921261769,-1.5193659231154486
0.02213333729345826,-0.7320638282650076,-4.1007623938670354
0.4717246273463557,-0.36259233045093453,-1.288821109379389
0.92157004166229906,-0.5300692987657563,-1.143733268855959
0.09641551272048797,-1.8807448286516162,-4.2041042379453
0.0024989282501420526,-0.12489563021591352,-6.0021963956562026
0.13581243878887786,-0.7140620930434114,-2.387235246818391
0.6270079959259438,-0.20658326786707124,-1.1151555995473488
2.2554224391309066,-1.4386311143600206,-2.4769148908974223
0.04139493699941774,-0.977339889671396,-3.7035882673003955
2.0004879556294233,-0.5446175285427188,-1.4554009532114642
0.03994609454162403,-0.022315547190924268,-3.2924063296395043
2.023615675899303,-0.07390443928799212,-1.3919119699787383
0.15637816625990394,-0.1207328275170032,-2.019513690144238
1.7559436835119797,-0.3859186342561063,-1.2674038588282959
0.36547771302572896,-0.8430954481815811,-1.7274326587232285
1.1356135179847093,-1.7175840158334923,-2.483487894336318
0.33700942847474075,-0.3484808036678002,-1.4853732390950403
0.3565182989965661,-0.6530359088739951,-1.601115958997478
0.5336921422413807,-0.627171104652957,-1.3583000584230427
2.6768676962423354,-1.7769598151486174,-3.2710134476492856
0.054804743580797614,-2.5442234077775474,-6.195319645003423
0.34319287468366855,-0.38713108386112344,-1.4875907862731041
0.1323442157067806,-0.528595550474517,-2.2943998994817316
0.4978770892281414,-0.6429353887021896,-1.4019620874495764
2.3512016479489586,-1.7862639119847192,-3.091644492559139
0.05377243740799745,-0.42987263488519745,-3.069161937458477
0.1746878554215906,-1.2443628681643601,-2.693661910275739
0.5810372140371267,-1.6833772249605452,-2.5408571272774947
0.007940080049852648,-2.7718381243452095,-8.685315295765129
2.307595711400679,-0.35719458754859024,-1.535183550593222
3.174881781671829,-1.3267664499370546,-2.8997659904787776
0.48155706104830304,-1.2529251375279191,-1.9971983090882612
1.2284820940925503,-1.1426246012034607,-1.6754982462805992
0.594682096083687,-2.1457843423833753,-3.416605626610336
0.5864784044045497,-1.260632869542301,-1.914695452990912
0.046335916560737496,-0.717439889545298,-3.3755337970803816
0.32730801717174446,-0.6053341897349991,-1.6273763607053877
0.35031988981551865,-1.4610989285456322,-2.4666335003283972
0.41834258710818567,-2.094296599566479,-3.482836306337727
0.17749706671908128,-0.6724438280956619,-2.1323886134205727
1.4712958998433112,-0.9425041663782976,-1.5293093747034125
0.583043154145314,-0.24053898529027035,-1.1514687422892032
0.24549007346970605,-1.4277821914670055,-2.6692698331018545
0.17383591305520563,-0.7633589094549175,-2.2148377784943154
0.47709876111659555,-0.7197469107334661,-1.4761483320306876
0.009895733523675338,-0.3915648560107843,-4.70220882370247
0.240853451532897,-1.5762800219254258,-2.9067494206693505
0.23495773292205668,-0.8423564854578547,-2.0380895981393636
2.559100823995042,-2.4067112782674047,-4.515574456299706
0.6385106402833816,-0.9942400322526626,-1.5813842002984575
0.1379542694107394,-2.1516899588905876,-4.433672138831403
0.7878571094990168,-0.6980055958187443,-1.2699015540863288
0.47380060020490566,-1.1698383748010006,-1.9050302322520976
0.3399571305294671,-0.39050107194387684,-1.4951384305800985
1.0182022995348985,-0.44181856690939786,-1.097765501749307
0.25970371156624605,-1.1043868922363647,-2.2177527841082862
1.0627051724542043,-2.241590038752143,-3.514250416709955
0.1111001325890016,-1.7089719773052179,-3.768716131113163
2.3208325684459417,-1.0591669301823505,-2.0398238744311152
0.0727996579323158,-1.6354076693725246,-4.030122802976014
0.6722513302085588,-0.3915118208530408,-1.1460150890931433
0.1020196759815076,-0.08228335192222913,-2.3901697043126404
2.225348843978533,-0.7819490904283556,-1.7311573468499164
0.7528783224209833,-0.3499614281344928,-1.097966485948636
0.39812037531123107,-2.0385166270676907,-3.3968962636228577
4.2512901068748405,-0.5102909810141657,-2.9342660581071813
0.10380363904111291,-0.6458964571195357,-2.577649006366224
1.0977807935262143,-0.6827989009076274,-1.237597281507499
0.7768511384424113,-1.1535985337704227,-1.6947524589864906
0.4592022651596084,-1.6032236715140353,-2.5226298367611584
2.2199755924461684,-0.42107830374690614,-1.5111328605724652
2.1591444661035433,-0.26993964723383734,-1.425867679633083
0.820625985437593,-0.22560451533765474,-1.0437687943718874
0.792184334087113,-0.18573496625282004,-1.0424460272811182
0.8404058286991332,-0.8786951077540055,-1.400328749305027
0.8427911108446691,-1.0892707809671298,-1.6070826722573042
0.24125514831946518,-1.6504161040077787,-3.025092005310001
0.7929640394159853,-0.9847000252490598,-1.5097585151750794
0.08811564935202464,-0.19646229988872235,-2.536522720525417
2.405076519651269,-0.363086904941693,-1.593410863347652
0.12697020292801203,-0.0885682423657253,-2.1965745086394666
0.8602715428813019,-1.0208339951164878,-1.5318297577099955
0.6023018948974554,-1.652576129046176,-2.474802298879121
0.13767615916322853,-0.9377326962892973,-2.5601984883150433
0.07824328536942866,-1.6234395428597073,-3.9439535232488097
0.1709699210186884,-0.8535637068804595,-2.301523060297731
1.7788369783155313,-1.1439467265927763,-1.85718426716918
2.152011311359043,-0.8474637759779178,-1.7447058386629606
0.12635272669781994,-0.2383994287419696,-2.223448223939279
2.8491265714449576,-0.8601148976142906,-2.1720129088434335
0.3630369363061089,-1.1595755409712205,-2.04859535089983
2.530626498678573,-0.4723438387109972,-1.7137139496915794
0.5576355773736488,-0.1512556344848201,-1.1533646187309023
0.044505263623285676,-0.12887230965838012,-3.1650236512940686
0.22356001342938156,-0.7476885451628683,-2.0011544782233144
0.44035777807527604,-0.8112401152144072,-1.5895807908351003
1.2314942640532804,-0.03425884012428759,-1.4912943844746955
0.6079185745354712,-1.3525961313048012,-2.0203910511917424
0.4078988321329959,-0.35442434147418234,-1.367443238390978
1.3241576441016318,-0.7320307609322484,-1.3113156446081788
1.1590254782681189,-0.07743280954225912,-1.0472492824621837
0.7003710132704213,-0.17781239322461298,-1.072395117411931
1.0315921638556849,-0.41962651179572735,-1.0885319699748823
1.809528581840092,-1.32595561287748,-2.0955413661685713
0.07627956921465097,-0.8943860424309538,-3.0495929113501536
0.5829057489828098,-0.19585920032949194,-1.1418379629480016
1.4002233028139823,-1.5189211304308377,-2.217152277136522
0.4006140737418733,-2.0621023378210204,-3.441503824275656
0.40536884000969686,-2.1808721618437246,-3.6864284434147008
1.5829874388690368,-1.5417735772244412,-2.3122064747317705
0.33189012336559515,-0.29585571127438065,-1.4786068045631404
0.4736004089686616,-0.8198502216951049,-1.5570689338563295
0.06780913038894053,-0.28553012883729234,-2.799631305907234
0.024106318486669366,-3.5811144087512323,-10.161577817747554
0.20156936788514634,-1.2540892697085855,-2.5895610154281448
0.05932637525383745,-0.47892024423370305,-2.998709970660787
0.34360028551999305,-0.9763676245376564,-1.8885234125488084
6.157526685112142,-0.2558684917362066,-4.372595261823249
0.00696138505326228,-1.2524826155641464,-5.758694558727027
2.622759818566223,-1.699645450051013,-3.1029300172683345
1.2314942640532804,-0.03425884012428759,-1.4912943844746955
0.4519570848486998,-1.124508120842462,-1.878384390451493
0.1874700569843991,-0.542146474268147,-2.008567599172846
2.7130723929208083,-0.147571914840536,-1.7273124108089108
0.9696757571298357,-0.5270419861156611,-1.139355919061236
0.38553223111368923,-0.331272656850527,-1.393533509814484
1.0203696978560088,-1.7088793635080626,-2.4603390268619774
0.5576355773736488,-0.1512556344848201,-1.1533646187309023
0.012874509299850477,-2.235890525501926,-6.864983676106104
2.7130723929208083,-0.147571914840536,-1.7273124108089108
0.8783745917419606,-1.561359076865785,-2.2269778094552954
1.9025506072493734,-1.4000006585830074,-2.239356118471992
0.1020196759815076,-0.08228335192222913,-2.3901697043126404
0.7217962293158598,-1.362212780419201,-1.9756204696729613
0.24586024903334777,-2.236489514922945,-4.1497949220498045
0.4088435601381401,-1.8091042600931344,-2.939695361740135
0.3782411710854984,-0.5114820080113801,-1.4812713614114432
0.6169436717086222,-0.49270539600619634,-1.2213005284111689
0.09572935665836177,-0.7513936700387126,-2.7242558507683987
2.208940070572712,-2.551578644626672,-4.6717040660239695
1.6349030595736955,-0.7176806506170711,-1.4008523058979323
0.8207681357038659,-2.4809534070171915,-4.095847665941714
0.02213333729345826,-0.7320638282650076,-4.1007623938670354
0.8129548387247623,-1.438142762674984,-2.054161861543237
0.507543394744674,-1.3373166049209453,-2.0799243104789586
1.9847874916718842,-0.5099052959804449,-1.4292773457961139
0.0653029516391671,-0.5534720560135569,-2.94718665254206
0.0789515357934895,-0.08335065914404083,-2.6229281891160583
0.6336231980894816,-1.0753222448099315,-1.668082989186905
0.07238854497949897,-0.45376624879838495,-2.8010476598810268
0.3253342062093833,-1.8257721242414424,-3.114958429258046
0.8468464585922133,-0.06705776504747096,-1.0594924251094175
1.2367151388644646,-0.9533633343968692,-1.4787071795202502
0.4148118479074211,-0.6464732863533673,-1.5037059429865804
0.882286691770154,-0.39955833971360843,-1.0873483543620657
0.38473636660150273,-0.7151967031099672,-1.59568646999619
0.48023474996164445,-0.7461589998110632,-1.4920916086733234
0.15274061129244806,-0.806979995472815,-2.357363115192446
4.5788844274284095,-0.41851010061914273,-3.1450043873731444
2.620257306288185,-0.8149992887342132,-1.9890967051490152
0.7633516476533537,-0.2325714800996533,-1.0604368991130766
4.1653357381312315,-0.6582430384282206,-2.955180805185549
0.21342938392968705,-0.5656113719176689,-1.9178367514034789
1.2260677174747647,-2.5176846657722045,-4.1916236851364985
0.0069592192932642965,-0.22903468652656234,-5.000875688868225
2.0940518026150174,-0.4491109824294545,-1.4558012892846677
0.6806760489371313,-0.44624534016889017,-1.1649122858774241
1.6654131184151975,-0.982735805125968,-1.6382247379292658
0.5049375908671372,-0.08334771450754046,-1.2018502966990483
1.9169594428599495,-1.3816855282389602,-2.2207465850603123
0.2366292237320104,-1.1831516081987634,-2.377813907438067
1.6317103334431993,-0.726315207103078,-1.40584847445215
2.1925110731827746,-1.2255880673122592,-2.1584966328179753
0.36521326583605984,-0.7587419896714716,-1.660331775350127
2.994024962899925,-0.28115782077362395,-1.9369324043952916
0.7444840691231849,-0.6322635315141547,-1.2394264809399815
1.5346988187615291,-1.1527105397097743,-1.7707354604288033
0.08676296987375555,-0.46262734497794855,-2.6383503627365243
1.2314942640532804,-0.03425884012428759,-1.4912943844746955
1.2314942640532804,-0.03425884012428759,-1.4912943844746955
0.5211245932727305,-1.9005157423280212,-2.978870759951815
0.00490200084760287,-0.22806876511478674,-5.349021535497554
1.0082299170890332,-0.5046059627473061,-1.127347269922574
2.6058147573713106,-0.5065589038019198,-1.7763703258414063
0.0024989282501420526,-0.12489563021591352,-6.0021963956562026
0.3802397190128462,-0.4235958537809237,-1.4369098284250894
0.22609548547855124,-0.23627496724976774,-1.7408072612805041
2.6598439816748494,-1.536122602537494,-2.8614128391204035
0.8006803885457391,-1.3960769419708583,-1.9974892295871456
0.29221076946087715,-0.2364455004575107,-1.5504451844012932
0.9110567845102322,-0.33360874211122793,-1.0598542560204842
0.3784740883545084,-0.47604102770150586,-1.4633892856090234
1.2314942640532804,-0.03425884012428759,-1.4912943844746955
2.752914873186126,-0.20581360198651688,-1.7614950262932272
3.04052882497049,-1.7921094479450512,-3.5343255058054375
1.9834931290919051,-0.15699479289501084,-1.3115802865104675
0.1906849394993595,-0.18766944773729904,-1.8654388185810067
0.5830841299575849,-1.6499269166480457,-2.4836373428955225
0.262707318247672,-1.7754879624841797,-3.175600795575699
0.002416690303795291,-0.2180921358094647,-6.051555125734535
0.37739980987186017,-0.6992722054092486,-1.596340768332786
1.4623840607096454,-0.8118439861684852,-1.4118613673955935
0.5285709431799611,-0.08253235332879805,-1.1806624052804762
0.8834362568443795,-0.9711691663234665,-1.47895716992835
0.06581398740688585,-0.3497634572981685,-2.847904114838289
1.7858304668105183,-1.4024390948362115,-2.1893646196225944
0.0024989282501420526,-0.12489563021591352,-6.0021963956562026
0.07345070650814191,-2.6106410992248734,-6.092314938498541
0.2338472640457098,-0.375732334535146,-1.7575217528190272
4.771282620766882,-0.6337274823963625,-3.4094727197416477
0.3256849390199343,-1.391908294574346,-2.4162140989207357
2.849750799889692,-1.5316224128007276,-2.97545285576407
1.2314942640532804,-0.03425884012428759,-1.4912943844746955
0.13638436658793987,-1.5759364302223058,-3.3704503372382852
0.3460447309859214,-1.7050908475276867,-2.8608993621215237
0.2562634187675668,-0.8022020070675929,-1.9395768328175582
0.9626590425201698,-1.0351859760639501,-1.5365200325285664
0.059980928663566774,-0.9549229030957969,-3.3296484269860764
1.3133525597858982,-1.6528915192138862,-2.406794672965028
0.9291914877477939,-0.6078739796834465,-1.187387314303404
0.8900424328084415,-0.20447267684005882,-1.0274542518954888
0.5945467932118194,-0.5677650752836947,-1.2756812393201415
0.3410980683180555,-0.8059697113441823,-1.7414769087894437
0.4364326219611873,-0.5434917498266616,-1.413245538411593
1.078429139748151,-0.5657786514146418,-1.1629763988559605
0.203952205915339,-0.9559973519831868,-2.2507872717303767
2.6711817327713923,-0.8732849838895704,-2.069974093276105
1.243934276311319,-1.6541201485687012,-2.393711848887662
1.6473078903905316,-1.3252252369148032,-2.0262764808162776
0.10878632905808933,-0.3768828875323271,-2.398176289306022
0.7342031617430236,-0.5472486401517226,-1.1929132003675589
0.01663994110431181,-1.4986083425161336,-5.235502806233465
2.7832589447231006,-1.3108037331535964,-2.618739634757097
0.2790927247727731,-0.595225756413481,-1.7324507808417202
0.8214224815043956,-1.9143841179785885,-2.8505734651829973
0.7105456252586174,-0.9391528509680751,-1.4932717818007686
0.820625985437593,-0.22560451533765474,-1.0437687943718874
0.020378632164392986,-0.48471570897480276,-4.031121661433658
0.7303233964084437,-0.6095379544664535,-1.2303594895364582
3.0113775626389074,-0.684141934492372,-2.143005019832639
1.4946384102230248,-0.6669280465991251,-1.3151506083765097
0.21453318823302947,-0.4163930099382233,-1.840515586556658
2.07081350531401,-0.6926944882784654,-1.5827848045495623
4.006650853436912,-0.4010330965182369,-2.699108935105599
0.6830242875545547,-1.2404184687705442,-1.8335681363225205
0.06005227687413936,-0.5537030912730617,-3.0258856483863776
0.9958209623127634,-0.23939633992052267,-1.0286677119329741
0.6033589023358673,-0.33482362531429727,-1.1646554117060064
0.8958674418142455,-0.3936906865481419,-1.083326442527088
0.019870709225550058,-2.972182553739829,-8.35531380537481
0.42913184761343043,-2.870843973886899,-5.395995478993038
1.0619983870772853,-0.23987668672528925,-1.0306201914196913
0.08976162038607097,-1.4107406142796295,-3.4954539457163087
1.652693096741173,-1.1732436675256586,-1.8385373112379881
0.9047194496824081,-2.2524905669722433,-3.5417067105250597
1.4193540302709893,-2.6404906408417346,-4.555247582606237
0.6704250360894267,-0.37676648212800645,-1.1412449144603287
0.11223020529692762,-1.660261797057494,-3.6776679353850796
4.1653357381312315,-0.6582430384282206,-2.955180805185549
0.03370823609378538,-2.075467213439036,-5.577503390132925
0.4113183655756115,-1.1021527088553238,-1.907076414631086
2.7732081872427083,-2.0713295438561836,-3.8984063865138805
0.21998700996606563,-0.9320126870314109,-2.16849761434165
1.3930879613158362,-0.1689106263907804,-1.076058145451274
0.08811564935202464,-0.19646229988872235,-2.536522720525417
1.314010334813478,-0.8520208084883756,-1.4038962786757283
0.31786929604600067,-1.3248693276819463,-2.3416236631787832
2.6031049611103243,-0.8825719180646473,-2.0358666080578796
1.5350291755201553,-1.0956236372729757,-1.706675365083734
2.9545419851778947,-0.683467721955008,-2.1047624063659303
2.2408356496301822,-1.1652426633081938,-2.112882027658189
0.7047429981029677,-1.0951069906334856,-1.6542947428993962
0.1020196759815076,-0.08228335192222913,-2.3901697043126404
1.8831502069528006,-0.5128291568882369,-1.3817010625184873
0.9375643151996933,-2.004423914087883,-3.0108918494943553
0.3464158928453951,-1.0324320058082301,-1.939489039461642
3.3831157363038677,-1.7158196125339902,-3.6363371073235315
0.03969305863752274,-0.10549831792482078,-3.272059132297177
0.8568455363896598,-1.3600629748425266,-1.9362287983725086
0.7396673100368633,-0.9702798387497034,-1.5119435676859783
0.669899322413337,-0.3133972766112788,-1.1196361415140639
1.7983037653999943,-2.1320587639630015,-3.4842971838424672
0.6889186293066248,-1.0919270649960355,-1.6577031015849593
0.434425157261093,-0.2674391538430992,-1.303918967532066
1.2314942640532804,-0.03425884012428759,-1.4912943844746955
0.019902757293622605,-0.8055394332859296,-4.261246645964348
0.09638962701511154,-0.10161839933885508,-2.441582787110735
2.55575671348074,-1.0753011266231998,-2.1955446204734286
0.28665127238598415,-0.2464941453755034,-1.5665205558826947
1.7513011932675349,-2.2288878438563064,-3.674912652855484
0.05727462516988046,-0.4851180312869048,-3.034841972367481
0.820625985437593,-0.22560451533765474,-1.0437687943718874
0.7528783224209833,-0.3499614281344928,-1.097966485948636
0.5063567386856788,-0.07478142087369155,-1.2064098853124081
0.002399312111821706,-0.23801050515651212,-6.063297024651478
1.2994522738443266,-2.123828323076425,-3.292832798923204
0.9146680269688737,-0.19103698072083466,-1.0221545458007872
0.08908602220749631,-0.835295848945831,-2.8560984342339237
0.04530011692076218,0.0081017115083451,-3.4002182350867556
1.2314942640532804,-0.03425884012428759,-1.4912943844746955
2.6341114130851935,-1.0963417768691754,-2.266548158454812
1.7841399646464127,-0.6790738360612668,-1.4357741154582615
1.6387260318086663,-0.42305352921552847,-1.2342940464180998
1.0645489868419225,-0.3747119116300957,-1.0722022755078573
0.004754350183779339,-0.3797608914312098,-5.425558769411484
0.6270079959259438,-0.20658326786707124,-1.1151555995473488
1.1303797855232978,-0.7219641760858833,-1.2684422516580125
0.21265553680688545,-0.5432466962740903,-1.9082956437521819
0.019600029639544794,-3.01931569473025,-8.509957862386887
0.9633908918247661,-0.4403383544882766,-1.0976358641696213
0.29298733128615695,-0.7525578327378117,-1.803784885924734
0.3602277571532221,-0.696030255618745,-1.623475604338785
1.2314942640532804,-0.03425884012428759,-1.4912943844746955
0.22609548547855124,-0.23627496724976774,-1.7408072612805041
1.164693387943258,-0.4760291061652127,-1.1255373768571668
3.693408903169403,-0.2505922620044315,-2.418264762869909
0.019245130020470513,-3.6087762675472863,-10.481375440831004
0.583043154145314,-0.24053898529027035,-1.1514687422892032
0.8481917741951222,-0.21692973637240845,-1.0363798694988957
0.21980157566049643,-2.2045176906823034,-4.1647807683543405
0.11002356561207476,-0.9016113741564578,-2.7235358039134776
0.04530011692076218,0.0081017115083451,-3.4002182350867556
0.8481917741951222,-0.21692973637240845,-1.0363798694988957
1.1812539982326542,-0.5806840379968299,-1.183274389657588
0.45336294160890905,-0.32675062554020984,-1.2978082226617718
0.5076100742746873,-0.18614774634936715,-1.203009710375154
0.46437098901972834,-1.0986535171519913,-1.8349622653157627
0.9106671750869367,-1.4262900901234121,-2.021396674344198
0.081151367310955,-2.646125602895195,-6.093580856443193
1.1745676167488304,-1.579100306672873,-2.2604464118889345
0.16466201904647643,-1.043972651294808,-2.513461742646983
0.8468464585922133,-0.06705776504747096,-1.0594924251094175
1.1392111586750326,-0.2996456290692383,-1.0537690269395712
2.21505979227262,-0.057477084875836415,-1.625880988411787
2.4289763112615246,-1.8211820252980422,-3.1998583983887916
0.7958876288830363,-0.5786637026160091,-1.1916107420938074
0.24667126519478436,-0.11576804730602419,-1.6538418954301894
2.6810146286362806,-1.74046506164099,-3.2094286283834323
0.6704250360894267,-0.37676648212800645,-1.1412449144603287
0.31814923528159844,-0.41742367648477013,-1.5505052111800506
0.6814566415291708,-0.3192199587840627,-1.1159300218159234
1.194087607391581,-0.5889497247296773,-1.190136111217705
1.695228460983988,-1.7776809854791311,-2.7474857870600253
0.3602117016083984,-0.42676276185927087,-1.472338289485664
0.14506886990755843,-1.4265341589145393,-3.093115407624529
0.011320750860179571,-0.22590934890355058,-4.517956231019964
1.5735229102165167,-1.8102600217425169,-2.7587265859238794
0.0964621524327889,-0.7688869884824958,-2.730660303299475
1.6380449332186802,-0.5959101745650263,-1.3220959844817273
0.32650956706677736,-0.798325229341037,-1.7644671817738726
0.5802642608302876,-0.3938038991688557,-1.2020766740719038
0.16971632751090984,-0.5319921260781659,-2.0848510360146895
1.3969995553184766,-1.2835965985049471,-1.8864829072021938
1.378289053682686,-1.3232019390335532,-1.9328778256245371
2.5232092384656064,-0.711876381126504,-1.8510616308401837
0.5388920331599509,-0.9048688719734572,-1.566525908567253
2.023615675899303,-0.07390443928799212,-1.3919119699787383
0.024660408737937654,-2.450317380915533,-6.729244248792973
0.037222184657983506,-0.4206477242369029,-3.4165447723036415
1.0217967210276921,-0.8155631365601275,-1.332805766991941
0.9414082315005545,-0.2979576264222479,-1.0461761679424026
0.9279645694113563,-0.8024356983175688,-1.324677820816976
0.08648919742945671,-0.1693645350382648,-2.54858091382884
0.15090867628013072,-1.902230560625738,-3.8512296471443808
0.08811564935202464,-0.19646229988872235,-2.536522720525417
0.06780913038894053,-0.28553012883729234,-2.799631305907234
0.09268906909146915,-0.97308202771658725,-2.944638115815449
0.12401410629480716,-0.8705172095974567,-2.5902741718028137
0.27383697509691257,-0.26866558660746737,-1.605150117800286
2.8835320608256088,-2.0368755046611593,-3.898947018839635
0.8871342441990517,-0.2540920009135188,-1.0391760693703127
0.007732619402785671,-0.982430577867315,-5.352625151412047
1.1796931513308355,-0.07875066630993205,-1.0484517743274275
0.8344982578478771,-1.9270641980538228,-2.872211093100539
2.48357035804595,-0.47301010970967405,-1.6857424546752706
0.015868507977038038,-0.6685888390878187,-4.3827927900264845
0.04396179827625347,-0.956367421280204,-3.625715363699589
0.5537546401488692,-1.2861482475675525,-1.9718768756659677
0.7807001781393849,-0.03891675509439585,-1.251328656081556
0.00851382144172621,-0.8232551679734516,-5.113452741348429
1.8089595960560831,-0.8619921110794545,-1.587722924634667
2.5476728317946074,-1.474958014592891,-2.7002430766992696
3.3869332492023334,-1.9394644249377435,-4.047769511301891
0.08568641071622805,-0.012884981396129036,-2.6678335192866554
0.37369560086450365,-1.398970990009734,-2.336569230705924
0.15610717836747925,-0.5365686926389936,-2.157272626147675
2.4575508515872024,-1.790075082070579,-3.1605699860813186
0.271870693006517,-0.7893049162412867,-1.8858005374876305
0.5374809069361559,-0.48905223212564775,-1.2779289914046559
0.46613179010704536,-0.3753225992633283,-1.2998521916917376
0.09959277546311479,-0.670794616149234,-2.6312411365238213
0.41492764819729977,-1.3235774112023937,-2.1705073455638866
0.6567235758995138,-1.0659165217806068,-1.6453046774688844
0.2440738070675294,-2.297242118653026,-4.293019094371774
0.04584773783178589,-1.2170931352690382,-3.8689350077442812
1.7931377580937136,-0.5321111771321605,-1.3507418877764479
2.4070604562115743,-0.7440442653683172,-1.805455115309068
1.2314942640532804,-0.03425884012428759,-1.4912943844746955
1.4443313524032464,-1.7782135238162446,-2.6577065379746556
1.9126587803732378,-0.11241129709910283,-1.2777097317369974
0.09128311295992302,-0.02173081564511168,-2.561152634168773
0.8930872112870829,-0.6136960683903936,-1.1944696853244028
0.7820031731637264,-0.7714535825237051,-1.3254699688489886
0.049453420319521775,-2.2628701777316524,-5.616468197028555
0.6212147735927145,-0.5699878211522108,-1.2597362373691179
1.0486104013890813,-0.9251957870639727,-1.429138163171857
2.5398901127532034,-0.06489573526450726,-1.7604524051553914
0.2703486224149823,-0.5783342909385207,-1.7456268571811666
1.2648044647947263,-0.6073892693175968,-1.214347790088832
1.2314942640532804,-0.03425884012428759,-1.4912943844746955
0.8416151185257738,-0.4604973824452174,-1.1200765113079498
0.6238291453310104,-0.23831836405946116,-1.1241081428742452
1.48861204674197,-1.3899610102309659,-2.056763678146614
2.6128408483300727,-1.066294020308723,-2.220894240162141
3.535068375366586,-0.09047753010390802,-2.323281169522364
0.2858662158475735,-0.5205221888773249,-1.6735692447655657
0.4353287787263917,-1.046235974993547,-1.8142873566240056
0.014925613585173412,-0.5478537241931924,-4.36967397445547
0.03994609454162403,-0.022315547190924268,-3.2924063296395043
0.05751077066119722,-1.1134961359091609,-3.53323062587686
0.08529626051160878,-0.43433260718904354,-2.6412433320570785
1.4907955189231565,-2.034391221195701,-3.1608594565640358
1.4163289248705628,-0.43846585525240045,-1.1643868182699073
0.5285709431799611,-0.08253235332879805,-1.1806624052804762
1.1279187840897145,-0.9776399091234164,-1.485434529481853
0.4222447492583684,-1.7277300274702547,-2.7769404316900173
0.03756668333133286,-0.04962197434765524,-3.3260017521182497
1.270320644508421,-1.0032531284887782,-1.5343097198249982
0.10385839779656936,-0.7709244273520254,-2.665747501394301
0.3828999121455259,-2.0789444446437817,-3.5038865640470185
0.08529626051160878,-0.43433260718904354,-2.6412433320570785
0.6369631447235671,-2.142998835037675,-3.3842286308705885
1.2314942640532804,-0.03425884012428759,-1.4912943844746955
2.2050266634412874,-0.34341092517650956,-1.4732526282488645
1.453101957735816,-1.2777185499379213,-1.8956837515377074
0.03756668333133286,-0.04962197434765524,-3.3260017521182497
1.6314008948238499,-1.0962911945009883,-1.742888996009277
0.8533452894518421,-0.6565174121921546,-1.2274438649060007
0.7390919968630361,-0.37252206174745656,-1.1108112200962863
0.5994917707633156,-0.43798645398457475,-1.2070808692117956
0.7037859609418107,-0.9875997335576231,-1.5427435796078868
0.24034673208587798,-0.8739200940794004,-2.047887578718993
1.513057572158877,-0.4042733685735468,-1.1806435656833325
0.8275564846727356,-0.6495627916711992,-1.2278003094718204
0.10597840832946707,-1.105611993654039,-2.961687249209039
1.0072710272974517,-0.8358611485543825,-1.3493582363105203
0.7029788303085486,-1.3995404727136929,-2.0347640986743762
1.8079852098536773,-1.21542200510696,-1.954397453556929
0.10709431444344206,-0.21530146445508352,-2.3643184859715722
0.5049375908671372,-0.08334771450754046,-1.2018502966990483
0.7830023695484161,-0.6441915696696334,-1.2351133155178564
1.0549849031183636,-1.5484633274680673,-2.2003277843898736
0.37349752006657655,-0.09010240127888158,-1.367459335164178
1.2314942640532804,-0.03425884012428759,-1.4912943844746955
0.04487356413248948,-0.4231809591793892,-3.2383210559828024
0.012764245868318496,-0.6359677952223844,-4.576099072261438
1.2314942640532804,-0.03425884012428759,-1.4912943844746955
0.6145331990260057,-1.2891679981438575,-1.9324025881007811
1.0799315369762224,-0.5283913194783497,-1.1426325827893433
0.28004067446684255,-1.3119525756584778,-2.4134708752652547
0.01238262690317529,-0.770932809927492,-4.701012170578146
0.00573710823723168,-0.5207698786187974,-5.30213772849481
1.6487214158649541,-1.336990855312388,-2.0424936014125157
3.9705762052425153,-1.6158698093263917,-3.897182601561866
0.3473213103038259,-1.1913414726389144,-2.1144735237027126
4.1653357381312315,-0.6582430384282206,-2.955180805185549
4.2881805392897085,-0.20515993700572766,-2.853461471655619
1.2314942640532804,-0.03425884012428759,-1.4912943844746955
0.27383697509691257,-0.26866558660746737,-1.605150117800286
0.3217316577192462,-0.6378143922203787,-1.659172699177475
0.5921399683660857,-1.1071875453902025,-1.7290843376928764
1.629914990090123,-0.9931350273481301,-1.6345457212233123
1.621704834132932,-1.7620385245384582,-2.6906167524684523
0.3290940120830689,-0.7965049915292588,-1.7577159308720236
0.7871733152056464,-0.7116819014380068,-1.2797257118083218
0.40069241337379263,-1.6220838301544156,-2.630831584349292
1.7075572611212582,-0.39509372372966295,-1.250542941229708
0.12435225490774272,-1.4148157313985168,-3.209841007154802
0.5720902797603965,-0.038604762778761376,-1.2973549071335526
0.3736567353570923,-0.41809825919316934,-1.4454775355706753
1.8358582361973763,-0.4055107517947481,-1.3105656464245101
0.2990116860605885,-0.8330288559169996,-1.8532528459963071
0.017932756269353416,-1.6809343204066378,-5.451829130318899
0.45741636623302157,-0.6789514189811676,-1.4700650979269558
2.976989467611877,-0.24532293625154125,-1.916176561404224
0.0994788958637934,-0.579800886186566,-2.575373188860961
0.4451038482628598,-0.35283191912135736,-1.31679669121689
1.303693844506516,-0.15039091137595095,-1.0503901483866525
0.024580917952443826,-0.2610212632144445,-3.764431826542725
2.5169892606571227,-0.1663354219593543,-1.6082330280316786
0.6710289692086652,-0.08336328795339232,-1.086881758088802
0.11785151801746654,-0.7419296537849396,-2.5314110923542787
0.019185983210117,-0.5370634923248785,-4.116979888302167
0.16981833044946237,-0.8520146635857104,-2.3058088816863673
0.2976282611068537,-0.9864407670311177,-1.996070971672576
0.44100254733295635,-1.7148331184725654,-2.7300334867248948
2.593568252000778,-0.22827377324000278,-1.6666052819227932
0.47321673112960605,-0.21547175666721458,-1.244638785853078
0.10973554046124485,-0.20022818781874907,-2.3394664657276962
0.06756288768178233,-1.6285453517611252,-4.088339314531601
0.6754041834448279,-0.1281926159596738,-1.0771137859528237
0.8704967065672522,-1.5885735766957412,-2.2709710140167783
1.1916294119409332,-0.6832292073828452,-1.2497088625691655
1.4272464194895393,-1.7058427862883252,-2.5264492180742626
0.20114675650324174,-0.3969331826421125,-1.883645237920742
0.24774543024853368,-2.389549425325527,-4.498072209238427
3.2163212107615924,-0.27248679357992656,-2.0852095560125354
1.3096504131385107,-0.45294821860535267,-1.1424712161773802
2.023500314654342,-0.23929729312266443,-1.3473105302250021
0.029261784539433202,-0.17383331047600725,-3.5758473449060437
2.0463153127324194,-1.4543136641758387,-2.3877886621863382
1.0765086485267756,-0.29750927402894156,-1.0470416443364137
2.397006140265231,-0.14387804666697973,-1.5346894975294145
0.24529250451028056,-0.41364548993414507,-1.7361476848852997
1.0750520184641403,-0.21618629191076963,-1.0260648371908656
1.2705700802681201,-0.8731168104232337,-1.41227088073599
0.28088249676617616,-0.5958024814057672,-1.7281916532673551
2.6803034664138097,-1.5168402390591806,-2.8447755999795596
0.7034293545146512,-0.894855042359902,-1.4555999554250612
3.041803564863828,-0.2434145153301743,-1.9589872689290142
0.6337365400680744,-0.36413878079847767,-1.1561570321007815
0.11650614842152518,-0.8976772350763119,-2.669229588827214
0.8649732488640913,-0.5032673939529423,-1.1366689824728164
0.4866527735805107,-0.20981842596719996,-1.2288777319470698
0.207760622622494,-0.17503787739411675,-1.7944727628071924
0.18010685712090918,-1.2376165510742263,-2.6601591744284026
0.7110279853229563,-0.7527382377935998,-1.335378902084277
0.380082386335132,-0.05208406246789558,-1.397332049386023
0.9227419765738538,-0.25620438457346734,-1.0359693387443891
0.37514928247738677,-1.6021458159011597,-2.6390161358029953
0.9855887589391311,-0.7806479465268059,-1.304810458712461
0.18046447868235843,-0.41117029525673204,-1.977216299195519
1.804248242636321,-0.2761788266589958,-1.2522425397263506
0.08272664587934635,-1.0375478340628583,-3.1131929294445566
0.6754041834448279,-0.1281926159596738,-1.0771137859528237
1.3066214624696144,-3.41758674212148,-6.879126262944795
0.34077700575809927,-2.0338719662569344,-3.4856215509913753
1.285801037019714,-2.574426678107346,-4.3482554982528825
1.256907124180047,-1.671932697004298,-2.4259325558471225
0.18357160359096109,-0.4586337352491994,-1.983894532447379
0.3623415096474455,-0.416447642608967,-1.4642239443511835
0.1756919278256063,-0.7799443810771928,-2.2188717743961086
1.2469172881395783,-0.4151775822785901,-1.1124291651992122
0.380082386335132,-0.05208406246789558,-1.397332049386023
0.2696793067731223,-1.6731207356754065,-2.979867583459801
1.4831405749183868,-0.5745158349957307,-1.2540129476763118
0.4035813007489017,-1.4169677394817906,-2.3148574108383926
0.4474102394297873,-0.9992475317232313,-1.7509373979236202
0.174411232343509,-1.558324660087925,-3.134938469404408
1.631238903772991,-0.16032612130896276,-1.1551779570226515
1.791590165396428,-0.19965450141215202,-1.228472708035531
0.7812019047308819,-1.284523320719953,-1.8531236272386007
0.4099282321945128,-1.013429381658684,-1.8152209660327538
0.019629981410294654,-2.434433391203312,-6.9135601672121965
1.7413144867607748,-0.668622468831063,-1.410202209496198
0.3313043288880826,-1.1152647920648249,-2.057930010490333
1.501718745889933,-0.7183361602791042,-1.353111882733584
2.305686982947113,-0.10033887808632984,-1.492672119481527
0.7007142515951382,-0.030375052324615487,-1.3953573029909179
0.44423026098689894,-1.3887604079816784,-2.2199702415287073
2.5553509356789044,-0.13327380933532101,-1.629029433462994
0.6832402441310229,-0.3599078509111087,-1.1289158120871954
2.0633513567904833,-1.942452883494265,-3.2255814259812805
0.8438539855746507,-0.6399642176375656,-1.2184068877294245
1.1041836929082807,-0.14482702173119708,-1.0162437280924628
0.2700475134518543,-0.24946034945138554,-1.6103206863033375
0.27967448623532515,-0.6890358884915312,-1.7911886153068903
0.017372591927938726,-0.1439666529608098,-4.080608485212357
0.2913502805481429,-0.21893620878217973,-1.5485490184563013
2.305686982947113,-0.10033887808632984,-1.492672119481527
0.6276760926416819,-0.4902963651672953,-1.2136023771151523
0.737489970850579,-1.466127245416496,-2.11675731043416
0.4691046446215217,-0.15264734674900032,-1.237871864726519
0.20315164898029472,-0.7217040428751033,-2.0573825512549604
0.17556547471028588,-0.5792972744049496,-2.0831013711560096
0.7284944604867846,-1.0733854517046684,-1.6213478818271132
0.0197941035468738,-1.9157490930573493,-5.777212583617912
0.1992200511700031,-0.9631054163118234,-2.2763513530480015
0.5593863730224232,-1.3407152944998053,-2.039059981974778
0.9386978432026784,-0.6168282407841548,-1.1921980198017845
1.0665541669607603,-0.5626540032631782,-1.1604108835539104
0.17891159316245067,-1.057624713775713,-2.45906009885091
1.4189843972121718,-1.0756191689583243,-1.6475212930321648
1.2188775798102887,-0.3741185314211368,-1.090929502690393
1.038435435140958,-0.9728498867615716,-1.4739386950909696
0.5499543951353448,-1.2975000916931994,-1.9896275612365146
0.21571058496315823,-0.3695264108690214,-1.817803124162654
1.0752176504217366,-1.4767482785764225,-2.093087282966107
0.29952917056372197,-0.1426814807530575,-1.5154590764337286
0.15191557171746103,-1.4151654329649153,-3.0376925347290085
0.8043024949012645,-2.2197289400644076,-3.485680621704338
1.3264510763618353,-0.20737683510782298,-1.0654735901318708
0.49422195930600116,-0.20196563042179355,-1.2194010057509028
2.4716855303539313,-0.24846393290362798,-1.5976579728153866
0.30603576234442464,-0.052720592629940125,-1.5290787820801175
1.1373160826745432,-0.358873875710685,-1.0730401466744581
0.41656159780111907,-2.0821127232306464,-3.459879228350812
0.2699368434225611,-0.3417484415063051,-1.6379001072103048
0.03056620506055528,-0.4867505119096195,-3.636889525602441
0.16004418197847387,-1.0427057997402993,-2.535967238886256
0.6591100157408546,-0.411286131208251,-1.1605529718569816
0.12517722552776114,-1.120334057470137,-2.8307761672846645
0.9779095600995384,-1.0726538148863765,-1.575540750953872
0.25288284089586943,-0.17927082284161727,-1.6438043168030518
0.10756354589738007,-0.09475773757272474,-2.342840326705169
0.7896402821111873,-0.5412898720818505,-1.1723154212399907
0.4754394360112849,-1.9412812102379764,-3.1032415787930567
0.019718141203620265,-0.917811231965172,-4.3671230636659875
0.49006598940205615,-0.38462614860999994,-1.277249852087162
1.2086128964775642,-0.3666994387429268,-1.0863738057582948
0.33927899064085504,-0.49797071019843014,-1.544198933574008
0.835587148761647,-0.4513622243779252,-1.1170717066791105
0.8050543525631728,-1.6135323041236098,-2.3236430859192385
1.1052669538857265,-1.2997532520429333,-1.8498593189646937
1.4100643061858553,-0.33142754730001733,-1.1213511459251857
0.368299552900475,-0.24997568519978258,-1.3984029138858731
0.3823591004310487,-0.3004846956102316,-1.3888997407911767
2.305686982947113,-0.10033887808632984,-1.492672119481527
1.9628226401791067,-0.8501554034436191,-1.649821185380469
0.14438856310090098,-1.1618019731845781,-2.754527734111165
1.4674092414528306,-0.5564415145466469,-1.238724395889127
1.931516598956441,-0.36242608203910615,-1.3388874456451425
0.03718145693169267,-2.431344188726702,-6.284843850517696
0.9649362815097979,-0.045252083066334325,-1.1880980545302344
0.08234445419826178,-1.8859762869354932,-4.357641900549376
0.047606790890443944,-1.050170064733607,-3.6438152354766644
3.6064155204157298,-1.2383747379464785,-3.0904871677778845
0.07721571584597532,-0.7808851212268031,-2.943258771657885
0.009606118286175422,-1.1244629807419957,-5.287169677850587
3.373205655167743,-0.9950562500632508,-2.6524106003463785
1.1485851106233775,-0.21839047382195947,-1.033914387031435
0.6639496512695438,-1.1273475603449783,-1.7089548709593907
1.0068624231674754,-0.5604485043714181,-1.1570747022798749
1.7887105449388276,-0.4343671704378333,-1.301552970256306
0.1578035860695545,-1.6611567627058597,-3.3839286266307513
0.9764517072536437,-0.5494084615460212,-1.1512065208889175
1.643776794945109,-0.7745637023828156,-1.4467547415512299
0.7465390996401192,-0.03321234631843151,-1.3417499468574805
0.5602623449812685,-1.0160989299238028,-1.6558409944488237
2.3295086284261037,-0.05000233857736657,-1.822401867190524
0.4490890039692002,-0.4545325012137325,-1.352923085102486
1.5521567588857885,-0.08197046002489312,-1.1495735010493742
0.4785334380020156,-1.5547749763915508,-2.4242252412574175
1.3745828567482004,-1.585169447964244,-2.312813637947783
0.6710289692086652,-0.08336328795339232,-1.086881758088802
1.0095465143614355,-1.7889021967128305,-2.600130814720753
0.14063608392801336,-1.6896343029368157,-3.5296478128442628
0.20692888163693465,-0.5194205618999745,-1.917207853420291
2.6977175061172662,-0.08060804247553585,-1.7719811627020507
1.1997456685245647,-0.7538340203744439,-1.3017689422268246
1.0140001900524984,-0.5821571791080427,-1.169550588048613
1.3049174615099823,-1.4813644708082332,-2.135998018307107
0.1593121296728578,-0.781345514481153,-2.301452457554137
0.07875215762164021,-3.0466644409899803,-7.261283868899723
0.48063763100363266,-1.5977343910878352,-2.489656881931925
2.1696049778585453,-0.5179358848195317,-1.5291886551262763
0.2573030694174341,-0.33477592172627074,-1.6708411649794872
1.4146891843374132,-2.0409805259822393,-3.1505800888019455
1.7472741302618369,-0.7685167458454362,-1.4845261908813847
1.223743362592777,-0.9971409681234396,-1.518973926726105
0.3828352537166104,-0.07835021925529487,-1.3563245419557055
1.408549869071419,-2.038843585810499,-3.144430739262702
1.5521567588857885,-0.08197046002489312,-1.1495735010493742
0.7998801324186708,-1.686015553157201,-2.44449775217984
0.30435705972943344,-1.835918455132403,-3.1792090749003705
0.19139942067548585,-0.7757597149831293,-2.1456938151125486
2.0098651600407123,-0.31958833343435,-1.3628659840083581
0.3828352537166104,-0.07835021925529487,-1.3563245419557055
0.3644749501219273,-1.7085526575606076,-2.8333484957909874
2.11678335481369,-0.29736048038408325,-1.4110976950658038
0.629044064440819,-1.5998854670191451,-2.3724147882108904
1.8644294520889584,-0.6923221182310135,-1.481129327306245
0.2804572793946451,-0.06910077613419541,-1.567138485920745
0.4425906245116766,-1.3477613780073188,-2.1659310248824855
0.32322554813389803,-0.39042847521532226,-1.5288476537142517
1.4087548246610744,-0.3842229711362181,-1.139862261906044
0.5451249334849483,-1.0867461791114135,-1.742373837228771
0.10401328076437473,-1.4243343960523864,-3.381614204989555
0.24134585389855212,-0.021026177713117045,-1.8727492686450826
0.9119538508162819,-1.031981412617091,-1.5366125611731336
0.43029088460176446,-0.210448533341327,-1.295736412550951
0.621939595173941,-0.352562201857389,-1.1590019590697493
1.6372472932905866,-0.3804286939651985,-1.2165939406807393
0.6710289692086652,-0.08336328795339232,-1.086881758088802
0.43320414096429566,-0.12101400391394507,-1.2780793904394754
0.4244970909982038,-0.5276407767394808,-1.4205496116642213
0.5461426862121134,-1.0009042106461317,-1.6519223129758596
0.09740271854341818,-1.4007138484558306,-3.4073035187711556
0.6299570069932923,-0.783434915339297,-1.398945845072637
0.9199343763124488,-0.52397037878106,-1.1406597968120349
2.917716390366972,-1.929572312703376,-3.7085397931229753
1.0686320674892285,-1.6660956939814218,-2.390190109269613
2.777844560128593,-0.23640034767527512,-1.784123780396895
0.5507694649437793,-1.1370169086115207,-1.793612141489849
0.03859951333918103,-2.414367499393466,-6.207700334786979
1.8557639682386864,-0.31075994235483284,-1.2857535430734752
0.368299552900475,-0.24997568519978258,-1.3984029138858731
0.01653940052875508,-0.7114805457443709,-4.371651517785541
0.18188542989096781,-0.009362192972068736,-2.219127923704116
2.03119204230627,-1.5924749235924813,-2.590557399771325
1.6604234136343845,-0.7265881342258936,-1.4173159337348444
0.2942467236146419,-1.1213025839995279,-2.146243133659996
0.5688588814048422,-0.19285749615864456,-1.151604060433791
0.8617521579894755,-1.7430326982144877,-2.5296212209058684
0.29356317913718366,-0.14895111461948468,-1.530462468560068
0.523516246993705,-1.0308937046281852,-1.7020743759408092
0.33570483370490195,-0.43787328094295347,-1.5230943150429275
1.5277257053373217,-0.513340050959058,-1.235704546884011
0.460709851756811,-0.35057858083440585,-1.2971493502851752
0.5626406051378904,-0.5370426713984106,-1.2819622320396065
1.0198558277713734,-0.41449878871701484,-1.0860991791072492
1.3917769724875326,-1.1233482724569899,-1.692151314942227
0.06508274870371716,-0.9871741058076087,-3.2844348680484354
0.13043440660552316,-1.7100660852263385,-3.6294822244823743
0.2804572793946451,-0.06910077613419541,-1.567138485920745
1.74596038293283,-0.3801363466491498,-1.2609074409924432
0.49051190877619083,-2.0670362784373313,-3.3391371183851213
1.222122415778834,-0.31623788564835537,-1.0715366617231996
0.488917826433755,-1.9457800212604106,-3.097508619732845
1.4452673841891304,-2.628023886185107,-4.530227811961102
0.37381742808317847,-0.3501379344691402,-1.4191034796993238
0.06864862437857208,-0.3130655297136434,-2.796407827658843
0.28178603000993263,-0.23005062991993447,-1.5748566310498404
0.3886530458975231,-1.5271722335007067,-2.4998488074997613
1.0310037158313663,-0.9672109004931319,-1.4682193697152677
0.5998141435110027,-2.3136246639017344,-3.7873791187849863
3.403348361243211,-2.5194590400347994,-5.352425529306602
0.21365976743806256,-0.8149082721308196,-2.0890679143640356
0.9367408344368721,-0.9730974005988906,-1.4755487357474515
0.17800567844266768,-1.4781059729477697,-2.996344139910192
0.34406243752428856,-1.8362547414688841,-3.0969103089553713
3.2701406476749644,-1.4195608984101542,-3.0928842243168972
0.16522076599273133,-1.3380445553552658,-2.8608751057106
0.4687970601812633,-1.0697693248058533,-1.7985855760124496
0.03362234583560894,-0.5509694719270618,-3.5779704037660025
0.37243899801758756,-0.2602556020783584,-1.3939879571611147
0.2961223082622793,-0.24223151193484177,-1.5424440012427838
1.3795441559567823,-2.45674509338035,-4.075589260050582
0.10648640514747776,-0.327747241979782,-2.399933489368029
0.39801040808103755,-0.10163806023178965,-1.3272298313654278
1.2675154392321875,-0.2705164914466983,-1.0670472818882417
0.47733058045377474,-0.21580953394395386,-1.2401696123896468
0.049319463165332075,-0.6098321346973097,-3.2447035648909313
0.6809749863536854,-0.10035136894868119,-1.0753545323848877
0.7007142515951382,-0.030375052324615487,-1.3953573029909179
0.30378228465196433,-0.189783408553167,-1.513251105068854
0.06441003292256406,-1.9253979934685705,-4.660474616831862
3.276325549781283,-0.5989721636862718,-2.268986840993239
0.39061699081800744,-0.2776946144867168,-1.36920209114899
0.12699717097099386,-0.4337910996931569,-2.2846749986662966
0.42589912520696077,-0.13605172698585233,-1.289133327977394
0.041405153622427776,-0.5630434223389578,-3.3842640236068102
0.3073537568304949,-0.6599647788475332,-1.7048864038964275
1.0326097375394279,-0.8532990274023287,-1.3645800290857655
1.4616907859348276,-0.7351217674188981,-1.3522989541717885
1.2144804997974992,-0.5718500475371099,-1.1836703250574079
1.1289857304565478,-1.0114448524163322,-1.5191764292082481
0.4237813487761506,-0.6544505906006257,-1.4964717801559793
0.5295674309883109,-0.65397023294241,-1.3791007374046336
1.6970176095269744,-0.04752835224539692,-1.4547665689537501
0.5905275910707436,-0.7265275578086882,-1.381187656705481
1.303693844506516,-0.15039091137595095,-1.0503901483866525
1.2930177671230798,-0.32270222968096457,-1.0881073498776723
1.3082682685456684,-1.3388436716576988,-1.935815126832867
1.9437143202919538,-0.25941535170794994,-1.3127642062531477
2.4310751005536737,-0.28074438965113196,-1.5821512189597327
1.2095931330907643,-0.7835637459479687,-1.3262951556540503
1.9831297857138437,-2.247818527963221,-3.824797556470351
0.25198007153194374,-0.4145753332926916,-1.7163217009369531
1.2922314603231069,-0.2957059953667492,-1.0795821820858833
0.6369013881935602,-1.0428073007980494,-1.6317653634896858
0.7787571373729322,-0.45086591383721786,-1.1304532173059414
0.7010944571093333,-0.5561182529253943,-1.2108408675199214
0.024037134585542616,-1.7576715081626437,-5.2968970699212035
1.2687665320371055,-0.5292843768390855,-1.1707923139213159
2.751662098087053,-0.22788260862604343,-1.7654408482905286
0.2158318538384428,-1.476938097002719,-2.8397605539300788
0.3252068115867448,-0.3765658415805039,-1.5194016846973908
0.17857812447084678,-0.39737881871458675,-1.9802621888276404
0.2553048039025126,-1.1833176691679634,-2.320722295200701
3.2256180010592868,-0.686276896339541,-2.2899814301591754
1.027109377671082,-0.914973597712003,-1.4189492925366276
1.3676941007414323,-2.44990430450909,-4.055583467740857
0.43607388499710353,-0.7034138344994155,-1.5134129852671547
2.2841696569213177,-1.440806449424308,-2.496128699624026
1.2721942278924938,-0.3749826833778206,-1.1017570899811262
0.4316899261315125,-2.4269604287014,-4.216806099410851
1.6704697319526538,-0.43870698447487855,-1.2535967777558121
0.9867406016591458,-0.49076398919490705,-1.1205133372374831
4.268585121168085,-0.7063890029796986,-3.0667954139589533
0.47733058045377474,-0.21580953394395386,-1.2401696123896468
0.34731774096583695,-0.2236654138227096,-1.429849034451213
0.7659556580885761,-0.7665629946208298,-1.3263960689795264
0.7093695985226854,-2.014204875476716,-3.0812588314784906
1.393818396603446,-1.8786521503518245,-2.826438318795806
1.2676466473947925,-1.9926520228101845,-3.015815541467017
1.7263395534379051,-2.137481720980866,-3.464750305361674
0.40984080758769886,-0.305390064547428,-1.3484588684148133
1.3201504867434655,-0.23957946456841503,-1.0711087053730477
0.27139558189788804,-0.5198991994500494,-1.7107209813385031
0.10021490675636562,-1.1460683498889068,-3.0573895694378326
0.16511210351310016,-1.0024751059251755,-2.4687208930616333
0.25249577008856694,-1.0327862383480275,-2.1621802596806297
0.4272436428795538,-0.21954553385221237,-1.3017491186373176
0.14889692395579915,-0.8238811842670877,-2.3927880248127193
1.1735849451014988,-1.1138526392052284,-1.6338556762333274
0.02734905873899765,-0.1806141883263953,-3.6427353282953177
0.29471165179766834,-0.17385234562683094,-1.531618588772874
0.37907172493445307,-0.1172312776689899,-1.3570636528938125
0.6852613860375846,-0.5411569105061561,-1.2096417149810605
0.08526941841379132,-0.7518736729493458,-2.8298658352278916
0.9108135487334978,-0.9677018384846438,-1.472454042099328
0.2755481233785487,-0.5971348979533677,-1.7428261556886215
0.45842928339610334,-1.3228944864863315,-2.1134034284518783
0.910382881217427,-1.218067565869313,-1.7461171980993535
0.003375038675048959,-1.6439147399410572,-7.045951370222321
0.5221011722972055,-0.7707159373144041,-1.4689965935306235
2.543906640856773,-1.5415177859407923,-2.7983442360146045
0.9984248463067874,-0.9121746401948017,-1.416032528966087
0.6758688274783792,-1.5650622595256831,-2.2923350295337395
2.7724032941461396,-0.18535315984226283,-1.7700516567208127
0.3942134686440484,-0.07848966008209268,-1.3386451891125442
0.33290481569629876,-1.784365223055885,-3.0247831089331667
0.47993504592396447,-1.2063125645596318,-1.9416345528598349
0.3123995440516974,-0.5351623024562696,-1.619071209556369
0.9292893532215238,-2.5390234545964603,-4.225944525973745
0.674175629390848,-0.9821945445428261,-1.5507933153387747
0.5527018016868118,-0.3333670240627752,-1.2012052628488359
2.0317766876689807,-0.38890686457897916,-1.3984903394135078
2.9497689913507252,-1.0627731831097806,-2.4327855514505807
1.1427567066689561,-0.09676750838467844,-1.024536704478767
0.06484415912225622,-0.523470101993283,-2.9376230727444694
0.44047351476060453,-0.19398425733194347,-1.279211842970234
2.1265247683143267,-0.8910264618464724,-1.7689997630703314
3.3497720878926063,-0.7884118943891822,-2.4516764354420753
1.2959226689417793,-0.810138613156488,-1.3648620280819275
1.0427802500701149,-1.4199691383675894,-2.0090459634571562
0.27480071007440937,-0.3217404830066491,-1.6182683271174567
1.3023639029402059,-0.5188571038754225,-1.1727892499829378
3.1445564455581843,-1.1683347319707933,-2.6813866231154253
2.092488279176808,-2.217467264487285,-3.812714891696559
0.30450473541005574,-0.5167469102191049,-1.627087060545516
0.5749173152836065,-1.4152698366838437,-2.1299407186288617
0.2332546043214701,-1.3732013581497173,-2.6317202889268474
0.2076329699528482,-0.27985582293755573,-1.818776025762974
1.6941214638681028,-2.0850281609995998,-3.3406283838879434
0.5133457371229471,-0.49097150925699706,-1.3006779578858454
0.3703537912326015,-2.1244064434568766,-3.6202016974173317
1.1606775203306698,-1.0048060301978345,-1.516491195624843
0.5668239324265265,-1.606168956044554,-2.424419838405294
0.023638130834457562,-0.8697161493190619,-4.146735378514265
0.3931926828676689,-0.19016325547001867,-1.3447494343305282
0.5525373203819013,-1.4597496631315732,-2.211206159557242
0.29973284160964847,-0.24697950034520963,-1.5350967419974189
0.380082386335132,-0.05208406246789558,-1.397332049386023
0.5507505340301142,-1.687857437933505,-2.571655223082391
0.19849186167085664,-0.4353110522875803,-1.910246896653662
0.34522396437235925,-1.4586600442825353,-2.472630427243561
0.08857487171372314,-0.34906142773571835,-2.5734038894685525
0.7465390996401192,-0.03321234631843151,-1.3417499468574805
0.8895120856731855,-0.6541947351813412,-1.220579646369987
0.18097577756726582,-0.6647941227283617,-2.1113434726413236
0.042187572760825034,-0.3509230025959691,-3.2693906357278486
0.4878816538089924,-0.9515672247636198,-1.6583041606575986
1.3128608592420465,-0.820879779398954,-1.3775740472857283
1.4312270908351568,-0.16465947791335844,-1.086546396016152
0.35088980061959185,-0.563395919310461,-1.5568803447277486
3.3885350426043295,-0.9252614188591113,-2.5961917020509953
0.70254526619591,-1.3522087692144622,-1.969824987950229
1.0211789001719334,-0.8130559673099558,-1.3307511587873138
1.2477524475422457,-0.5689053752847096,-1.188235219626066
3.0920550019801367,-0.9269569215034363,-2.392843650094746
1.5712621549973702,-2.112615153543077,-3.350954331717487
0.0730615776971318,-0.012619898309345817,-2.7980068591230562
0.6689013053870368,-0.2920572741203745,-1.113668938159717
0.0058711012708872155,-1.2472546331037024,-5.921406213877012
0.21869510283674037,-0.8676615030800794,-2.1151900885007042
0.47075744056200874,-0.8527724439196684,-1.5877801669251175
0.37513871918723685,-0.8124207915460626,-1.68561189403723
0.380082386335132,-0.05208406246789558,-1.397332049386023
1.8637357384869218,-1.2592216444602315,-2.0339723784105765
0.09264539659202845,-0.5405710613259072,-2.617729946249523
0.7863278184720943,-1.5907928003736467,-2.292020186988178
1.0751033867588498,-0.7660519993540511,-1.2961043889316273
0.682740340414252,-0.4084123797321981,-1.1477813435215294
0.9609828598723953,-0.14783098893509805,-1.0122089201247262
0.1916616075315954,-0.6851507448187771,-2.0784013017830496
0.35971635547837705,-0.55225059202118,-1.534646173210783
0.5762449468876195,-1.5135346327709802,-2.272860942854517
0.15975914052566426,-0.6932184481757316,-2.2341230186445724
0.1134705612953519,-1.1795112940525123,-2.9853058552445626
0.014449014149911774,-1.9391001880109962,-6.131632875392774
2.7891964272671523,-1.5709797221962303,-2.997431535595822
0.05779447782062167,-1.1107207093162919,-3.525506772176264
0.8657785161280724,-0.6495574568826127,-1.2208671192029947
0.3720996435120391,-0.30104348662834884,-1.4060068882912573
2.077766560838566,-0.21582633670226137,-1.3697903372485096
1.0675006660237218,-0.5156786795300978,-1.135142826256681
0.4095520710513924,-0.10533174523450847,-1.3101049455949845
0.4919631532195317,-0.9992371459691725,-1.7005520472864224
0.5508625893143846,-1.0049022932140337,-1.6520467838828456
1.1254910987760771,-1.9031189618732893,-2.818202517647606
0.241576169010699,-1.8936118273843303,-3.4550295014029038
1.89991761826712,-1.000566411249543,-1.7586736635019191
2.0183336591029346,-0.5973562194126,-1.4944786357962716
0.02621077221945638,-0.33307008822582,-3.723263414051392
1.1638298385175123,-1.7943827767432596,-2.6220184614716544
0.2028875146152638,-1.9097032920904287,-3.62147441524043
2.4996364097185615,-0.35024460246374045,-1.6448267924224362
1.7256579166582995,-0.7361013306184587,-1.4509721223976344
0.5108529444184984,-0.16178061016811338,-1.1957362860474763
0.36718990997404166,-1.7846823345224296,-2.9616115264497935
2.23637110348847,-0.18325846459891393,-1.4484756483101318
0.2961223082622793,-0.24223151193484177,-1.5424440012427838
0.19576329609195453,-1.9388764964456355,-3.7062333529031477
6.77221960801678e-4,-0.5993059294814564,-7.477772499920665
0.0746773627494893,-1.7155218540682566,-4.140763253587819
1.493721884779822,-0.6538731695957312,-1.3062260311225806
0.06559230945817135,-0.7473278789485517,-3.069138612558902
2.3166367693436336,-1.3609741756486033,-2.4026456572288093
0.03298128490473832,-0.38240262570831374,-3.5179121715365986
0.5904534316003007,-0.8547351501949879,-1.4826040292025224
1.2723597557929496,-0.7643921316828692,-1.3236341694710927
2.0131513093925903,-2.4453612240900897,-4.303345757584919
0.9679250536039646,-0.5730918281639557,-1.1647427940240216
1.3265739310368532,-2.3585929137785966,-3.8254545705436294
1.5968641626241367,-0.5136240569624835,-1.2607271908013193
0.9052282440263345,-0.34722130674877094,-1.0650777371834312
2.5553509356789044,-0.13327380933532101,-1.629029433462994
0.34257481073916923,-0.09050654189492749,-1.4224684879668825
1.3211253866251584,-0.24917219775420446,-1.0736877216702307
0.15462322634937542,-0.20833996751421946,-2.043092899405935
0.583870447668854,-0.2777943068689764,-1.160531723609055
1.3030982476444133,-3.4601372293840003,-7.02462837432029
0.30090027412946957,-0.4872710383750245,-1.6205931908665026
0.04465882698232324,-0.27764642874735157,-3.1919059167302803
0.6710289692086652,-0.08336328795339232,-1.086881758088802
0.08398007146075827,-1.3513015379783535,-3.4741637475326277
0.3828352537166104,-0.07835021925529487,-1.3563245419557055
1.2895995408017225,-2.507020373746133,-4.177843381298728
2.8300728353461455,-1.246107203984738,-2.5661619690620885
1.2420059121277935,-1.6934008355632417,-2.4590813634036732
0.3561918277920148,-0.412014451275686,-1.4733556331201523
0.34499967809288185,-0.23629647387073438,-1.4371309768959901
2.368131148762129,-0.40568626556945847,-1.5883207239911454
0.3317304137221918,-1.7292532810371959,-2.9303215154938087
0.9552355757870473,-0.7954591015094843,-1.3174104595783644
0.5006214708293492,-0.7384057589276197,-1.4651480139518376
0.0015716456949850187,-1.5796224965495913,-7.704807256745457
1.612827214742686,-0.3111510035196064,-1.1832461497489204
0.8022654686266592,-0.7593970267131211,-1.3109231083411277
1.7566251910046649,-0.6470617102326607,-1.4025751562566235
0.6476768325889349,-1.3287943140465537,-1.9648874192803127
2.303068122025364,-0.46750117564346105,-1.5781045966067193
1.3008864541125507,-0.49070954808185696,-1.1582384645453137
1.676889642959508,-0.6136035056898679,-1.348203599606928
1.536996248803797,-2.0962949055164324,-3.3043923902934886
0.3385052797561327,-0.4101447460227295,-1.5058302255100626
0.22671616128750613,-2.0581467350479166,-3.828756587477223
0.3567773003234548,-2.6571819270402806,-4.917728697488025
1.1291685043221196,-2.12986221922377,-3.275843515780192
0.4850386703901682,-0.6381404877675652,-1.4121769699141913
0.5312082314205299,-0.572620030594507,-1.3277562661825089
2.0835599014784787,-0.608265681244512,-1.5344755490917188
1.535221595535061,-2.452971017267809,-4.115080268780922
0.7531788651262055,-0.7061148560909036,-1.2859305028237722
0.09283643494180127,-0.6765794425369172,-2.6986324043104677
1.3216977307351392,-3.3890361703119547,-6.785563742725199
0.5902621296782883,-0.26767918748527897,-1.1532772400464717
0.4381595195049205,-0.566493962772316,-1.4237894595611404
1.0675507634776724,-0.3948838253789647,-1.0801503637938694
1.9374439613856413,-0.6664344467535253,-1.4981418386241971
0.3036241303140213,-0.4455074828026956,-1.594827344960763
2.6602440604083655,-1.455984705400526,-2.7417719209706264
0.23704203316281983,-0.6120808654147502,-1.8638813245214403
0.2904968049820729,-0.3709886047445025,-1.5954757795707502
2.627419239293343,-0.7650155608134246,-1.9540415568505263
0.09630029579299368,-0.6067339519975639,-2.620647228650726
0.17443608931801963,-0.6196308947080815,-2.112604166908612
0.6937731096884266,-0.6544476031430704,-1.2735342455319862
0.5134828908081221,-1.1631912255179737,-1.8565283733145144
1.6733704167704957,-1.3833576350808312,-2.1153697838321124
1.7347852830539978,-1.3805726468402038,-2.136892050080127
0.13691698711475786,-1.5682491457127548,-3.3550001489039585
1.9009630792713108,-0.30935764452471815,-1.3064536879170625
0.10175192591008202,-1.1344099630636006,-3.0304124350344104
0.6104997121405726,-0.37831784741857755,-1.1755393674648922
0.02324806253273919,-1.514211317829236,-4.93119950240008
0.05576637550888347,-1.5361148995301837,-4.1221750484595905
8.317493349483344,-0.1676254978375361,-6.214639556065819
0.4252327103077657,-0.5927143215122137,-1.4560065500158232
1.890227885768922,-0.9364035033856206,-1.6919562500614105
0.15316787189772332,-1.4256860174241595,-3.0456789391670287
0.3216123229269487,-0.6088688314053299,-1.6413813747079051
1.5413786192697887,-0.2345979236619479,-1.1362267859997088
0.4928928812349965,-0.72554835319852,-1.4635664956397814
0.1592535679723315,-1.0063738019583754,-2.5029052625374533
1.7186624378413027,-1.1649190162869831,-1.8556342592157975
0.0670436682831018,-0.6695221563008995,-2.9935847336505823
0.22670282110818807,-0.7427224785684279,-1.9866364385041841
0.20506632963672525,-0.23093887835505938,-1.816155685280215
0.8306546062527138,-0.24891998193255704,-1.0471782282062922
1.9756760116856138,-0.67866181575833,-1.525056317584888
1.9362845756815026,-0.9979063953462867,-1.7734221929948055
0.3786914198681346,-0.08024298305832382,-1.3620389307393297
0.13930549616238708,-0.7791992244480211,-2.4139671552466457
0.3078804681829089,-1.1485888817307344,-2.145552339450968
2.27941603771591,-2.1882728632938586,-3.849765813477828
0.5794880540647988,-3.8341727696295087,-8.475538698374686
0.9486522301815585,-0.048919423596471834,-1.149235472546424
0.5309158895213854,-1.3671675302437056,-2.098641087832599
0.5910745223323759,-0.872384531294177,-1.4974150817613925
0.1489061169825369,-0.47781191943576573,-2.1674974911528624
0.6499351536475934,-0.5361298164959812,-1.2245354284043455
1.8128258031883824,-0.08891063005117783,-1.2481967567884447
0.443875409476903,-0.23685749734197786,-1.2841393748308416
3.057619156309742,-0.46210722848507757,-2.0467541420906468
1.5654732810795,-0.17538317612010723,-1.132844373835395
0.27318421079369876,-0.8666709254453362,-1.9463524038363496
0.44809915115562077,-0.5444382978035809,-1.3990464327243812
0.36808100425062856,-2.2322422401467827,-3.8589859583882316
0.5826658281823979,-1.0747651303269836,-1.7003673213478163
1.7351057659061764,-1.3273218046192985,-2.064928980697795
2.4155146009946646,-0.6152233514891225,-1.7228521374003636
0.09803810478044717,-0.26842716476311645,-2.456463804962241
1.4127536381945787,-0.49278666502044344,-1.188632252033597
2.5497181860216918,-2.0317392302366555,-3.6777174980855505
1.3716002525298894,-0.6745449083002345,-1.2831275434668015
0.6682853533601544,-2.4552605246112544,-4.085477496187518
0.3013606597309132,-0.6228741716959438,-1.6947943030358508
0.24085939834329173,-0.8222926244203027,-2.002483903536186
0.12229293928887665,-0.5451997429009205,-2.3722502897898012
0.17463390398305442,-0.3285693030572341,-1.9736762768377902
0.40788141876743295,-0.22159778374705902,-1.329216860037918
1.4133064122361403,-1.624692592133839,-2.3871874892552123
2.716268879156518,-0.8280402862655873,-2.0598350339827807
0.955209389703895,-0.5447194135777811,-1.1493937157687093
0.2223063565372798,-0.17716459253698302,-1.741722019957183
0.27546961315344537,-0.0812436906624503,-1.5742881038538092
0.04566460946706615,-0.3687187914672427,-3.2000730742504953
0.23050163328258907,-1.101220928993162,-2.304342731254727
0.08697344110175204,-0.6707391722754047,-2.7540714413399625
1.345403067542734,-0.5573932663398681,-1.2040530475939701
0.43135193717446424,-0.9802798975351672,-1.7526572384425005
1.3151735161894684,-0.7582417852809444,-1.3286702102627068
0.2532792384549441,-0.458976838459606,-1.7318717971719009
1.0631618805760212,-0.08467472364041825,-1.025222530953427
1.4790862539445229,-0.7972182365560843,-1.4054402111681084
0.5296131367663861,-1.4588025795245954,-2.229274089374691
0.02830438310595871,-1.4733259554715563,-4.6783876748954585
2.9526347249972438,-0.6041715257562612,-2.052448442395905
2.194539555040506,-0.33588754578427094,-1.4649775724091263
0.02204067495918945,-1.715557019082007,-5.308474288703655
1.2194522199030249,-0.09064827939227432,-1.0411624637355397
0.9789813487560869,-1.000507416658611,-1.5007315821053042
0.39369204445441597,-0.5086233779100646,-1.4552272030967472
2.3525881141364735,-0.6185771272131098,-1.6883908979852404
0.08891800100594399,-0.21633492131506998,-2.5323601879712987
1.2194522199030249,-0.09064827939227432,-1.0411624637355397
0.6947227115905066,-0.3792442378910847,-1.1308782984068206
0.34939689029602333,-0.5347364693937713,-1.5439152175938105
1.640680581158569,-0.17713548531465617,-1.161429073260219
0.2655261940757053,-0.6870533904648559,-1.8275891584981439
0.23936343077833042,-3.1046094313575767,-6.488435542582887
0.08844151256897476,-0.5278650794740039,-2.6531761040023114
0.9812895997880151,-0.6867228744274276,-1.2359714071469063
1.189476191128198,-0.9882013319852417,-1.504234092701669
0.5308234487277295,-1.12088468032834,-1.7923404833234866
0.5734621656792034,-1.6832064910894804,-2.5461175270077927
1.0596793377696683,-0.29677784978962024,-1.045751720674202
0.16594581114997817,-0.5187906745109896,-2.0966116759039704
2.0994319244958644,-0.5550302792372582,-1.5117944339420095
1.3351978153628448,-0.7463567569929763,-1.3246425625404359
0.6241863345962131,-0.48346710083177513,-1.2123628954502625
0.3066531272094063,-2.0966684186356357,-3.6867004050473637
1.0524505737806418,-1.7726522412940764,-2.572477233369878
0.1763692058266683,-0.28298058722966113,-1.9515839974833271
1.1358063580393196,-0.23627390545462246,-1.0363811088236012
0.31945804423262975,-0.5022154515250439,-1.5866975548523836
0.5364418146137742,-0.6803327489894375,-1.3906653157360371
2.4784523599725365,-0.07128576093018305,-1.6740279591299876
1.1804328453202562,-2.1862509442624787,-3.4043982516802584
0.4996979409342112,-1.0875800591944704,-1.7848646147573426
2.4155146009946646,-0.6152233514891225,-1.7228521374003636
0.7419659491714646,-1.397136228092128,-2.0164126965674716
0.24172734359707368,-2.299426192232491,-4.305352617716187
1.2747517321206725,-1.216696714971071,-1.772175740486718
0.1763692058266683,-0.28298058722966113,-1.9515839974833271
1.3716002525298894,-0.6745449083002345,-1.2831275434668015
0.4823630630094453,-1.177879282021289,-1.9051210702352404
3.6568860274496546,-1.664719759354099,-3.7459199929466926
0.3536267191599748,-0.6999018438951531,-1.6380714025420757
0.10758548813440702,-0.5362670771489562,-2.4808461861408144
1.640680581158569,-0.17713548531465617,-1.161429073260219
0.27784556016522244,-1.8661559050430037,-3.299804349763129
0.4634366288926662,-2.53487967689695,-4.445329743382096
0.2424026670589155,-0.8098365082197049,-1.9874752742108663
3.2679899613261827,-1.4130629418627147,-3.0821882949756128
0.4905893526102698,-0.05372645810208643,-1.2609089333077583
0.14788913658883218,-4.189320093609072,-10.83438292296614
0.34377954353820667,-0.8830269549701049,-1.801402533996077
0.19448521981461409,-0.47293347565588884,-1.9437173654977424
1.3036736085565108,-1.4100018633694618,-2.0325401039217716
0.777208097527336,-0.8720532210522789,-1.409493650388002
0.6551716318765095,-0.7642958163573791,-1.3701037235995948
0.4905893526102698,-0.05372645810208643,-1.2609089333077583
0.9192812583382394,-0.7758662417414793,-1.3044286260787445
1.0069991544860541,-0.33985790222481643,-1.057776095994977
0.40788141876743295,-0.22159778374705902,-1.329216860037918
0.04197504918856663,-0.4872252942706673,-3.331349197042859
2.351281527830006,-0.7100448215435239,-1.7484028416217439
2.4642138207664663,-0.254812707820015,-1.5948097451971681
0.24748805757416287,-1.8776328059725484,-3.4066334849695084
0.13871862856504494,-1.5834694124794106,-3.367713971046248
1.3351978153628448,-0.7463567569929763,-1.3246425625404359
1.4830478924405872,-1.360606147398819,-2.014573079680227
3.446421581273965,-0.38819164396086836,-2.2844314927730585
0.09266301876092349,-0.7766906436538993,-2.7730730173544593
0.7002445832023892,-0.2516014694284391,-1.0882231761966592
0.006959883071700481,-0.9547450532347049,-5.430321546229735
0.4905893526102698,-0.05372645810208643,-1.2609089333077583
0.4755509333612453,-1.1297403198049345,-1.8569888158149472
0.5087903831503353,-0.4283666779209383,-1.2762585567991818
0.8083691819256715,-0.3915751758504708,-1.0977711586114194
1.2388782571585188,-2.160390986142272,-3.3583165247935916
0.3971600418555567,-1.6271740618228683,-2.6444237070197314
0.7832467201488846,-0.22595329846426576,-1.0530875839894533
0.2290812974079859,-0.21465993704095152,-1.7258022174997993
0.6416626828446097,-0.7483067957046954,-1.3653367425950145
0.09192353934046513,-2.0172195087434983,-4.513308954176813
0.14784264170831782,-0.9855588612679194,-2.5451125787705458
0.09647455214652742,-1.8035462441676335,-4.061340093312609
1.496908766143662,-1.2382910078613267,-1.8601889170982815
0.042106664953903514,-0.5339030996457588,-3.352182163239243
1.640680581158569,-0.17713548531465617,-1.161429073260219
0.5201726747423201,-1.2463901305530758,-1.950511309228868
1.6864737357307946,-0.2215919512865947,-1.1884014168801453
0.3593284873540348,-0.8748896903352793,-1.7655627747814893
0.05449188590737733,-2.648092075642468,-6.470391177278066
0.8894318095522857,-1.5363788130189295,-2.1868341744627706
3.1044517513779546,-0.20968023211903353,-1.9936532512890672
0.441439806056742,-0.8362061890070789,-1.608773809179155
1.1234859320649273,-0.4623285285798678,-1.113923475233033
0.25829448731445037,-0.2982955998326115,-1.656439583284883
0.38606448045494773,-0.6391784996813072,-1.5420899333398652
2.1504326421240156,-1.8825442699624062,-3.156750055517516
0.3962394569003192,-0.3624861688140377,-1.387674131801667
0.877237572798585,-0.38443736218918784,-1.0821110478423857
0.27619429234122844,-0.845076989244089,-1.9199225543851088
1.4657293233969046,-0.06490205201700927,-1.1723456730235964
1.0438158349163618,-1.1622230049121622,-1.6763139209271596
1.33827988353103,-1.386015207433431,-2.0074138408020907
0.553000626629031,-0.7386633470922964,-1.4182085411135508
1.416835244220468,-0.1044427927243308,-1.0822862193500402
0.276762810462636,-0.7172999837713133,-1.8186168633519424
0.21777159973366564,-1.12786862644555,-2.3781238920598433
0.11595524479996468,-0.711923992289393,-2.5239241132122827
0.337999499970518,-1.437784909472113,-2.4563230858007623
0.08891800100594399,-0.21633492131506998,-2.5323601879712987
0.9583058408116002,-2.031093969693018,-3.0635655003523365
1.678645275427985,-0.6811563808502126,-1.3926451985753219
0.23384024716508234,-0.34437567528868585,-1.7462546546685722
0.07330214344284874,-0.16237348541322472,-2.699667279068188
1.6930941753006168,-0.934976205712525,-1.6036267000359319
0.1187913906005115,-2.5949358636315187,-5.616023803153351
2.34925875968101,-0.05151657477561267,-1.8068791186378768
0.030031802709240715,-0.557595521130432,-3.6909865538125044
3.1492537486107213,-0.4143780096602306,-2.087942797717269
3.076038637185369,-1.0516989194978439,-2.5054313334038234
1.6355362403456293,-0.9229971372570782,-1.569527371714519
1.8137146318632698,-0.33116546958652715,-1.2731729441150532
0.022309199745568848,-2.4084620424807484,-6.725410045725704
1.412124887077956,-0.8297815507907371,-1.4112980159953834
0.5806099725085438,-1.7088555351976675,-2.5843796439237616
0.6573054510152075,-0.782548668238032,-1.383103110802736
0.7457349642133989,-0.683190380600071,-1.2724945300427808
0.3756967186136327,-0.4358756072555318,-1.4496635516626037
1.8137146318632698,-0.33116546958652715,-1.2731729441150532
2.3216927605129127,-0.5363243081988927,-1.623218084523302
3.675828953924215,-0.7253485708246497,-2.637115555600548
0.035421317343671,0.006271774725826629,-3.556190170307826
2.351281527830006,-0.7100448215435239,-1.7484028416217439
0.0959381209272876,-2.267490952361696,-5.010747599463674
0.03969214127733795,-0.5992696905757866,-3.4458562858948456
0.09202343928406034,-1.5040204434725089,-3.60877414603163
0.5540754126404568,-0.33435486325095765,-1.200426491277654
1.5413786192697887,-0.2345979236619479,-1.1362267859997088
0.1002760272450262,-0.2247689987441377,-2.4253660038003666
0.7331629141518018,-0.25062437343965244,-1.0749580283270233
0.011330009976826276,-0.5610417128462531,-4.649014235128976
3.0123748760660254,-0.6898368710568168,-2.147583567362423
0.0432125959690042,-0.3708388637775087,-3.2535965804484053
1.031967864504107,-1.1289268551152942,-1.6377382590762282
0.9412517803994135,-1.4005573943711493,-1.9825768962064862
0.7427562979161413,-1.9558699018673966,-2.952857119919903
0.4064526360321273,-2.8090971163166585,-5.252253813790393
0.8909420294100663,-1.070611720962353,-1.5795226739595267
0.09567354772319037,-1.1548458687735121,-3.1093214650919845
1.452497994975897,-0.9646988932590725,-1.5445351429558118
0.7174841576390901,-0.9698831361374712,-1.5198252180586638
5.448566296816959,-2.0134868750204236,-5.780278485493405
0.12940339922634528,-0.5191089367250389,-2.308961071443705
1.2478553941704724,-1.1618055734694068,-1.7013250962646898
0.17947085498940657,-1.3354616036273517,-2.788942154354787
1.6864737357307946,-0.2215919512865947,-1.1884014168801453
0.7255950755810879,-0.8435836670716539,-1.4021749441457376
1.1630220446105186,-1.1897607698850032,-1.7197655610791576
0.6004657276220954,-1.7486177730068486,-2.6393474978195894
0.5494493070511546,-0.7367123074009017,-1.419660581247294
1.6156640888804918,-0.6458563871643358,-1.3444832526009396
0.12769877450316053,-0.3373833770747764,-2.242693661448173
0.2183817455539709,-1.2906591826145803,-2.5727929296205874
2.491104238640945,-0.6372682132920865,-1.7814335449703331
0.06737875209133525,-0.5715120187307077,-2.928117307504442
0.9449956542054108,-0.8136763882641259,-1.3326052368380887
0.549880569072973,-0.2763598640429589,-1.1861224127159282
1.2686461769073005,-2.350978477706577,-3.794245748776471
1.5127921648668086,-0.9575721290220814,-1.5573072968841162
0.6579056503912692,-0.5071005835925613,-1.2051748977344399
0.11066343596861436,-0.2743291491719614,-2.3495535330488404
0.34881981679445895,-0.904688162288219,-1.811249926643557
0.16895787514071528,-3.932008831967138,-9.67741045712628
0.019131166330674954,-1.2382340260426608,-4.7421794466731395
1.5770912145425426,-0.3154265182126592,-1.1712561170294622
1.1178673057226558,-1.4663409361338078,-2.0815224975026747
0.09518614240169931,-0.9511304093956344,-2.8994315810277533
1.2879751338696164,-3.1312605694660824,-5.937300189322196
0.5004763943645156,-0.7572061966819845,-1.479351851957299
0.14214897218650965,-1.0753393693819464,-2.671206023254494
0.3170679217884066,-1.3958531239800975,-2.439910157390342
0.09277708998563777,-0.2585454391497898,-2.5037556300268773
0.2223063565372798,-0.17716459253698302,-1.741722019957183
1.758801936199348,-1.1367928756274044,-1.8403180980501925
1.8987378540237263,-0.26296924987381143,-1.292126883897436
0.11732283787945319,-0.12903580324172514,-2.2686476106384674
0.14973830996925563,-1.6160192149880694,-3.3543634702526566
0.06668521753802685,-1.0214717196009757,-3.296159431250109
0.7832467201488846,-0.22595329846426576,-1.0530875839894533
2.627419239293343,-0.7650155608134246,-1.9540415568505263
0.8083691819256715,-0.3915751758504708,-1.0977711586114194
1.5495792124952203,-0.7713706199615391,-1.409102110899753
0.1674922567530494,-2.1282005103800534,-4.218929120069591
1.1772208184637836,-0.5791837582553613,-1.181791309426791
0.22344735127322887,-0.2947897675638538,-1.7654773561777801
0.04313717341337702,-2.4006477660631567,-6.068062183180762
0.831315217771412,-0.4602759984960997,-1.1219884478179645
0.4880367154581372,-0.573562211624155,-1.3698881601243635
1.144885137532612,-0.2670224427394284,-1.0452322854957887
6.329713148672205,-0.6634650582735866,-4.704551171483452
0.2706528768171698,-1.1351026072609662,-2.2218000178287554
0.24179431366547785,-0.8790417756875648,-2.047819393130786
0.12479364669137925,-0.521225285499376,-2.341725278077834
0.04566460946706615,-0.3687187914672427,-3.2000730742504953
0.630164938877552,-0.9532398167324229,-1.5462716990996626
2.0994319244958644,-0.5550302792372582,-1.5117944339420095
0.7735425149992563,-0.6380006320130066,-1.2338395642569076
2.0595756893740362,-0.294852844462658,-1.3805452072773385
1.0822925434139166,-0.2909774623257959,-1.045545228385816
0.13828234190195793,-0.33843831834871385,-2.174010320469527
1.7932482600067279,-1.6312005315893054,-2.5396272014129684
0.010672152707406275,-2.116999070774739,-6.791632166284448
0.4502506209919412,-0.6695914272741863,-1.4723778764426447
0.12626968238591316,-1.1332697314827926,-2.8377551474248364
3.2281554500028227,-1.1134111219862406,-2.6760867072816668
0.2782158876215735,-0.7412927951736819,-1.8323312842006658
0.5148805509950669,-0.5892353002431385,-1.3523000155574065
0.27546961315344537,-0.0812436906624503,-1.5742881038538092
0.08368584706248997,-1.4584584924367463,-3.627921841175794
0.39582001890325347,-0.6525200446092869,-1.5355068919738144
0.16230832731613143,-0.36764077547983487,-2.0481456955336315
0.16553856974201114,-1.0493245109585922,-2.51463059590749
0.6327022995825511,-0.22451018244663995,-1.1156651100262382
0.7323676546734146,-0.24286672767757955,-1.0733346419924599
0.136453253705215,-0.5762983659123814,-2.294286343691134
0.5298241686130675,-2.4363546685942734,-4.132946289017067
0.5012333054281682,-1.2760724536359207,-2.006097365687345
1.8128258031883824,-0.08891063005117783,-1.2481967567884447
0.2996205286330866,-0.9236909912514651,-1.9314615618419757
0.6789426750090364,-0.42487515156425165,-1.1564207029716687
0.050134157437694456,-0.28114830103900534,-3.082709079231654
0.08959237752485535,-1.4150742269813539,-3.5032949463456355
8.317493349483344,-0.1676254978375361,-6.214639556065819
2.34925875968101,-0.05151657477561267,-1.8068791186378768
2.677075110078704,-0.5023648467422863,-1.8185355080100611
2.34925875968101,-0.05151657477561267,-1.8068791186378768
2.0418537345657533,-0.7520717780654409,-1.6108016255882212
0.551759840562588,-0.9923196377045123,-1.6387513710702648
1.6864737357307946,-0.2215919512865947,-1.1884014168801453
0.1222332830400711,-0.9693581282838125,-2.693884777500993
0.82754758078346,-1.6434365929560928,-2.367278172264768
1.661912845384269,-1.4935315760902725,-2.2692618743156827
0.3562088099341745,-0.8376212345257473,-1.7392516515197254
0.061514315838933215,-1.047630634492962,-3.3987646423923925
0.4905893526102698,-0.05372645810208643,-1.2609089333077583
2.34925875968101,-0.05151657477561267,-1.8068791186378768
0.19214061938957602,-0.7166552066915574,-2.0984657443975694
0.21361524445196872,-1.1706184080435138,-2.4423677783627316
0.5408195136053449,-0.561889122813181,-1.3133488788275682
1.5413786192697887,-0.2345979236619479,-1.1362267859997088
0.9514744895188186,-1.240879015171768,-1.7711072580762313
0.17971879665046286,-1.244451646213921,-2.670410637026051
0.5087320636895515,-1.7823099257404693,-2.772880197879951
0.2290812974079859,-0.21465993704095152,-1.7258022174997993
0.34813942798527836,-0.2987406444849464,-1.4479146942573706
3.38827692608507,-1.2790038428344457,-2.9858808302949598
0.16557518822648068,-0.6676454329877419,-2.186780278127959
0.06146911556742338,-0.7080086873249392,-3.101327682434003
0.373739610370094,-1.1296805926405322,-1.9960246840689335
0.9681196827143452,-0.4590630359428234,-1.105888678417128
0.4329567341674404,-2.4934799413568687,-4.378795320205421
0.053535161271174254,-0.6053632709180505,-3.1641841270922026
0.9471395406724282,-0.8259344545154229,-1.3425322486664344
0.057632369173207965,-0.2884082025401846,-2.9528929349706035
0.02376055259444417,-0.2695308734176966,-3.7998125435237893
0.475036721369153,-0.8075470744260921,-1.5454660298662544
0.5026986505230849,-0.09756400353840644,-1.1996523087449291
3.675828953924215,-0.7253485708246497,-2.637115555600548
0.15831259795070213,-0.7669410266810412,-2.295595599656998
0.46298716077797636,-0.5032207238739264,-1.3596586650294689
5.257620554683159,-0.35877401843649237,-3.6623014310618176
0.30652036764836166,-1.5458573023296047,-2.6838288406849036
0.9401994763975184,-1.3271974431191733,-1.882589220206242
0.13429280402408242,-1.2607121433608497,-2.9367231164758745
0.2992793788551695,-2.0089681629610205,-3.52363368315894
0.30820785693555236,-0.5402412516545765,-1.6311190253743186
1.2194522199030249,-0.09064827939227432,-1.0411624637355397
0.938290616206342,-0.8005370128911037,-1.322415923292636
2.0653863441693336,-0.6818818073506507,-1.5725504432462603
1.2624356657414457,-0.44051318300178244,-1.1264186750281333
1.5654732810795,-0.17538317612010723,-1.132844373835395
0.6059366205244049,-0.5027950343987854,-1.2333179288107061
0.3808839795260657,-1.2342021050324643,-2.1077718634687166
0.17370729110615296,-1.5814843678152197,-3.1746373252640234
0.11745704508175661,-0.8265067097254009,-2.6006963017009
1.2576684173658095,-0.6860016928145473,-1.2637080343033453
0.27546961315344537,-0.0812436906624503,-1.5742881038538092
2.344376340092603,-0.6678910901667471,-1.715396180780405
1.5654732810795,-0.17538317612010723,-1.132844373835395
0.24521510416233328,-2.0793877112511283,-3.812761208473692
1.88840203233702,-0.7121440136686872,-1.5062455945279987
2.34925875968101,-0.05151657477561267,-1.8068791186378768
0.2900541332614771,-0.8479501565638702,-1.887251574272562
0.6759957564802076,-1.738231246176039,-2.5782881694265787
0.41644456287175124,-1.2480237700916303,-2.0712281568114945
2.0367757180492,-0.9840596883165444,-1.8095944260017212
1.3474019290273276,-0.15172465510409178,-1.061299646502615
2.1011374737303856,-0.5103828674345338,-1.4889039571765417
2.6214491641385056,-0.7143852768744465,-1.9128950451019087
8.317493349483344,-0.1676254978375361,-6.214639556065819
2.34925875968101,-0.05151657477561267,-1.8068791186378768
0.5387562100168373,-0.906974345927234,-1.5685495530191287
0.28907071903860404,-1.1584340634217944,-2.2011393769353376
1.0494758681741296,-1.0625298765039897,-1.5656698710323862
0.2532792384549441,-0.458976838459606,-1.7318717971719009
0.34802548660176896,-1.221952350291048,-2.150088824320659
1.7825589010214167,-1.096709105305667,-1.8058944150399379
0.3363455366706084,-0.17270670508832814,-1.4409202699065367
0.3363455366706084,-0.17270670508832814,-1.4409202699065367
0.0432125959690042,-0.3708388637775087,-3.2535965804484053
1.100441099394367,-1.3894376503352477,-1.9699984926039766
0.1300414158796809,-1.6360469209428998,-3.508268475216762
1.1152938109294812,-0.3812574407749344,-1.0788545536595895
1.4871380135882826,-0.08574494580051412,-1.1198862547985817
1.3944459796363498,-0.2873097615457936,-1.1032226460507577
2.4784523599725365,-0.07128576093018305,-1.6740279591299876
2.860367920283755,-1.3386757670998224,-2.705444064980144
0.713958091778543,-1.4723757786289988,-2.134834321878424
1.7825589010214167,-1.096709105305667,-1.8058944150399379
0.16922213332397565,-0.30007440212525227,-1.9907875106960298
1.5654732810795,-0.17538317612010723,-1.132844373835395
0.1002760272450262,-0.2247689987441377,-2.4253660038003666
0.4905893526102698,-0.05372645810208643,-1.2609089333077583
0.9382357812758272,-1.4042567446445493,-1.9879582793130237
0.14086112300117803,-0.9132614076806356,-2.5178651396139555
0.31836700121622274,-1.5471404415703869,-2.6597392439666563
0.21782843278928293,-1.9713230192442024,-3.6849331874885696
0.05440811599479124,-0.8614023694381736,-3.3366570821990424
0.2808940358929177,-0.3815944094862066,-1.6234789604003363
0.11067234571787593,-1.0622133966079819,-2.8760022790072304
0.7811582182439393,-0.3960023817094974,-1.1065447276732514
0.7136609029362492,-1.8431933421697435,-2.7496891065608375
0.01664058373098159,-1.8172725068079307,-5.76379102994846
0.9583316827228208,-0.29852574463214354,-1.045451984465768
2.2628224209241394,-1.2816746305623277,-2.267554457313012
2.5775696231135465,-0.2676191350463126,-1.6665347934920236
0.7797445335046845,-0.7206392494356185,-1.2881939315113555
0.4905893526102698,-0.05372645810208643,-1.2609089333077583
1.4013225356030463,-1.4147565197619352,-2.064674081716674
0.3018535780166989,-2.9625870406546713,-5.88812778492918
3.0100546136838453,-0.44979290948740136,-2.0092532219082897
0.03833877080531622,-0.8621284592095514,-3.6712651131459726
0.9032426234357147,-1.279630693931134,-1.8237340555404955
0.3825887103090222,-0.29217691417735764,-1.386067201391925
3.146276371468688,-0.4206557676018106,-2.0885323604598147
2.2628224209241394,-1.2816746305623277,-2.267554457313012
1.9655424034250404,-0.9720764977685916,-1.762240522673367
1.3360328433113797,-0.31942032336748705,-1.0973429289615166
1.399856183196006,-1.2951952599649403,-1.9022520588578913
1.8021505405924283,-0.5078939118392454,-1.3421479569037043
1.2915578087140933,-0.5365645116564299,-1.1796594528384716
0.7331629141518018,-0.25062437343965244,-1.0749580283270233
0.10701307812833387,-1.2905627217530231,-3.1745933740083303
0.8716860669863314,-0.2423986082769775,-1.038393269173389
2.498160448724933,-0.5119307144498897,-1.713642336414598
1.1910627920640613,-1.0441255586810934,-1.5613158720901423
1.644693716803554,-0.6753702073282073,-1.375201998788052
0.44161485623835833,-0.6675908294487714,-1.4817707567614251
0.0863327637512697,-0.5169508990328892,-2.6694979832050105
2.34925875968101,-0.05151657477561267,-1.8068791186378768
0.1854035511861709,-0.5760967847221737,-2.0365677757171565
1.96986027844533,-0.863676020368848,-1.6648657969378307
0.159960071268288,-1.5078051600622784,-3.1295293210889383
0.7002445832023892,-0.2516014694284391,-1.0882231761966592
0.13436938276636248,-0.7123807125072049,-2.3952752061853952
0.00734559502461505,-1.164540051912847,-5.599076823077347
1.1937231623947948,-1.4342145815832317,-2.0451317646112153
0.24731561846542344,-0.6885861642567074,-1.881481021771416
2.34925875968101,-0.05151657477561267,-1.8068791186378768
2.113183927601498,-1.9937427927931581,-3.3524933089454687
0.3786914198681346,-0.08024298305832382,-1.3620389307393297
0.7187332368709812,-2.060624335749119,-3.1720845731685703
2.34925875968101,-0.05151657477561267,-1.8068791186378768
2.34925875968101,-0.05151657477561267,-1.8068791186378768
0.8093490948792096,-0.5476063831086723,-1.1708104112235174
1.1234859320649273,-0.4623285285798678,-1.113923475233033
0.24164880841098682,-1.6073805161158887,-2.9537546819619096
4.311064191895126,-0.9434017020441782,-3.2948827916945627
2.3115027963027943,-1.2863630580174858,-2.3009698806382843
0.3103059799795765,-0.9602945740118235,-1.9415852505245925
0.8999956831401489,-1.5446893035476144,-2.1983935175676312
3.7546002750534564,-1.260146353137063,-3.2256028625499287
1.0459762210740935,-1.6664398990022578,-2.3895365573818563
0.1740605631583215,-0.5382877873332156,-2.0672894103540718
0.8251512995958767,-1.6097664832847807,-2.313013880961833
0.06695202296715409,-1.5029583543902283,-3.900172921695365
0.3363455366706084,-0.17270670508832814,-1.4409202699065367
1.719671783640466,-1.1894756396018518,-1.8849644830921806
0.8723407085707697,-0.157519155074745,-1.0215882544084045
0.11328974264758113,-0.8860314003723431,-2.6836222115949884
1.345403067542734,-0.5573932663398681,-1.2040530475939701
0.10684376824061546,-1.1526651827279788,-3.0075499013975104
1.6199484905662003,-0.6187835015229801,-1.3290006486527366
0.24050266999324255,-0.3765674064478099,-1.736428264112305
1.1381408520451086,-0.31866024836199,-1.0595169934519573
0.8306546062527138,-0.24891998193255704,-1.0471782282062922
0.40857643428613855,-1.6796599898443585,-2.7142815475774276
5.320908204301234,-0.08277848979865665,-3.762912827072551
0.08695062691233488,-0.8952917374815688,-2.9301391026889516
0.5911943136826501,-1.668433290474223,-2.5086396637218193
0.9066598225254068,-0.7629906721858128,-1.2957251625205943
1.0331862337193316,-0.5757316395109724,-1.1662722358619593
0.5228091328882974,-0.8819232351836532,-1.5602422574694523
0.18521238382331182,-2.5377494968763314,-5.091550729980424
1.2247991483053398,-0.7357847549725418,-1.292711881143724
0.7002445832023892,-0.2516014694284391,-1.0882231761966592
1.2194522199030249,-0.09064827939227432,-1.0411624637355397
1.4071128537574908,-0.6636783747296506,-1.2858073626008233
2.3154375883126543,-0.8140023174423295,-1.8071387820085762
0.8497855397459746,-1.4051227375355722,-1.9997417610292454
0.16111562417194825,-0.4013117635659774,-2.067274199278104
0.5222007442354589,-1.5251612951972306,-2.3349624299450538
0.6786419402860066,-1.010391939475779,-1.5767495003716303
0.07330214344284874,-0.16237348541322472,-2.699667279068188
2.8847229049344247,-1.7124193086878055,-3.2914840007870545
0.4177826658990157,-1.17859030161094,-1.985114135137366
0.27546961315344537,-0.0812436906624503,-1.5742881038538092
1.3190059324823842,-0.7387006821878865,-1.3149669099775516
2.4404131754296996,-0.6099613659828454,-1.7342722502633756
1.6696300633699657,-1.0466864751440843,-1.7048042690451606
0.4609597161644446,-0.7223982798336881,-1.496333976912664
2.292985990317637,-0.7397717255570578,-1.7367621991885382
0.6079051344965551,-0.8262173427358589,-1.4469591211935955
0.922494347717721,-0.4221452052553104,-1.092271665340402
