bg,Model
0.03710204308443776,C1
0.09613136033967129,C1
-0.08868844392125923,C1
-0.019649681547480577,C1
0.046203899869618245,C1
-0.10641645328332319,C1
-1.6539626276471098e-5,C1
-0.03904209428286714,C1
0.015561007092460215,C1
0.13790495535179934,C1
-0.010447847230890976,C1
0.02350795509650249,C1
0.05672215740591956,C1
0.11422653664669863,C1
0.017991203616718555,C1
0.016844051829068632,C1
0.17542513383774616,C1
0.07425070967394878,C1
-0.067705636033347,C1
0.03720944808612395,C1
-0.058312064052890925,C1
0.07217669922851946,C1
0.08885490528195344,C1
-0.03020909191271312,C1
0.07633708221545901,C1
0.10542302998506628,C1
0.015957683656328134,C1
0.14996729110381726,C1
0.22952315689388117,C1
0.03867342682099065,C1
0.19864086490489916,C1
0.038082752777440304,C1
0.021358113814447667,C1
0.02592616579303371,C1
0.02236820831274687,C1
0.049711607786754194,C1
0.08017181949929097,C1
-0.02255828035511298,C1
0.13458920416504291,C1
0.04914380847646344,C1
0.05973282419187649,C1
0.003816483229663617,C1
0.11409227366433083,C1
0.04046765885418431,C1
0.09860428051432435,C1
0.10469752575962249,C1
0.05019139943563623,C1
0.09332234886648866,C1
-0.033198248373666285,C1
0.0820668539239474,C1
0.02966953268706539,C1
0.15367245287930512,C1
0.11195332052052276,C1
0.10089055069381823,C1
0.13245020357850473,C1
0.08665351443289583,C1
0.020883118667648602,C1
-0.06910670783060605,C1
0.001929207459813547,C1
0.15309246226565598,C1
-0.09145555325997318,C1
0.12263280187293688,C1
0.17486989318271406,C1
-0.007569064044615555,C1
0.12484490026564385,C1
0.01155641341457498,C1
0.09116194172802924,C1
0.07718641142753156,C1
0.012409443728348703,C1
0.04141460562307292,C1
0.02957551055231781,C1
0.11910829080309956,C1
0.16617859918747852,C1
0.14493774274825122,C1
0.06887492566391867,C1
0.04050107807388889,C1
0.057607898825043635,C1
0.09184698459888521,C1
-8.558643440344654e-4,C1
0.12141091282249908,C1
-0.0037818121895255713,C1
0.04891143719229452,C1
-0.0338024969850077,C1
0.057143342802544295,C1
0.06665927151658366,C1
0.004242925693857161,C1
-0.06540701104361522,C1
0.020319464462128678,C1
0.10154354915117238,C1
0.053731250171367435,C1
0.12168879078723034,C1
0.16723842077337886,C1
0.06593703863702231,C1
0.0644727765438292,C1
-0.07098746521640703,C1
-0.06489619308425149,C1
-0.008963263933224871,C1
0.18158413806352092,C1
0.08004598894281811,C1
0.06442872297101992,C1
0.033594321147913525,C1
0.021842908155417676,C1
0.12194041047193163,C1
0.13616067971930074,C1
0.11437387219097687,C1
0.09010183975309298,C1
0.07156250296177447,C1
0.15279548875748228,C1
0.03852622536749558,C1
0.16303705020584375,C1
0.050306906327053966,C1
-0.04185459753928857,C1
0.052171990066422556,C1
0.0875629301784884,C1
0.11920880017996004,C1
0.06729328675778379,C1
0.055566333194477735,C1
0.08206441276060719,C1
-0.010638491028193212,C1
0.030028464818783036,C1
0.005714860189090232,C1
0.19842445840747264,C1
0.06836677667579845,C1
0.030940551811645744,C1
0.03749812765636043,C1
-0.003626827631331611,C1
0.03945356922450322,C1
-0.023459824185840826,C1
0.038571741520652944,C1
0.06291480803618744,C1
0.016838018945769785,C1
0.13029601767082644,C1
0.037101232634513634,C1
0.048201536030843685,C1
0.05261084782336895,C1
0.11572605140374906,C1
0.011602851062374589,C1
0.014741015256141313,C1
-0.007261262667266115,C1
0.06367399541503649,C1
0.08336870636218445,C1
0.10101475790412867,C1
0.057385120609619415,C1
0.10108061542764579,C1
0.17680311752060573,C1
0.09068252021857434,C1
0.038034182698532565,C1
0.03900998076915355,C1
0.05772148696358535,C1
0.16674354243300382,C1
-0.008854034399739124,C1
0.08054833436082565,C1
-0.008297230275817056,C1
0.13599932251794786,C1
0.025647207500761927,C1
0.1413157327025582,C1
0.1261337203226472,C1
-0.0488495052919016,C1
0.015658865884979625,C1
0.09173560907604794,C1
0.12906784709201802,C1
0.07773074529351745,C1
-8.852924063923635e-4,C1
0.09509993981396252,C1
0.07713795439678028,C1
0.07502160421196842,C1
0.08862459208996787,C1
-0.03328002065622662,C1
0.07320352766102176,C1
0.06772398998194051,C1
0.00864066456377091,C1
0.07011239718998845,C1
0.17471980208441923,C1
-0.031420525971927196,C1
0.031997565611749684,C1
-0.02631194088209856,C1
0.16338803780641636,C1
0.00594301379139351,C1
-0.0739455585002732,C1
0.11602772391246492,C1
0.10597026492817052,C1
0.11999900500626026,C1
0.05843462092094666,C1
0.08039880518244144,C1
0.024329399864260894,C1
0.015815817646629295,C1
0.05108098664207723,C1
0.021588325057001548,C1
0.04394261788268488,C1
0.07504669929026946,C1
0.09481749597888757,C1
0.053703710600683054,C1
0.02149341678289099,C1
0.10720926197579314,C1
0.1282832506235931,C1
0.24070971473576946,C1
0.0702146038745092,C1
0.037585067185055256,C1
0.12456384849695634,C1
0.08143418019288726,C1
0.20199102934779056,C1
0.12939962418128806,C1
0.07939363308570253,C1
-0.06644666676895895,C1
0.16898076932015688,C1
0.08639502604688665,C1
0.08207826747176772,C1
0.08348389320472988,C1
0.1298589498176574,C1
-0.05071183222053386,C1
0.08122461691812166,C1
-0.02393336391030364,C1
0.09761307568736546,C1
0.15644860313101927,C1
0.12461645084095059,C1
0.04870202369740205,C1
-0.03185066435843448,C1
0.08593431399724022,C1
0.20498629949005281,C1
0.09985973426992867,C1
0.035984444633034664,C1
0.0887118689052081,C1
-0.14971720881169914,C1
-0.03881956027114576,C1
0.026389710366019684,C1
0.10454069089645775,C1
0.06688564823025678,C1
0.051253794350052305,C1
0.1165943045008751,C1
0.016518659126791898,C1
0.15497802621485038,C1
0.15844817697517133,C1
0.19670441952683454,C1
0.05726419653776685,C1
0.08550659521228987,C1
0.08008919358987636,C1
0.12511872623551998,C1
0.07642798283357953,C1
0.051390417956856005,C1
-3.5320449232675334e-4,C1
0.021602451838581813,C1
0.1267295106469998,C1
0.08678061339850751,C1
0.09551261875866442,C1
0.07541784109828617,C1
0.1032934388114975,C1
0.0625229675027256,C1
0.037295265523035026,C1
0.09184954039334417,C1
0.025116711110560436,C1
0.054487592503052774,C1
0.12210956268547007,C1
0.0890363664388454,C1
0.09046171051955759,C1
0.11164025553563348,C1
0.05066507200824148,C1
0.03187627988977486,C1
0.08893204194883679,C1
0.023583367843190303,C1
0.15523142319673516,C1
-0.10431893331839039,C1
0.16677985800750225,C1
0.040810820748641445,C1
0.16885828279880052,C1
-0.005441326378053793,C1
0.09646137375742218,C1
0.14537633402745945,C1
0.1907167599049282,C1
-0.01284536915067238,C1
0.1736388608601421,C1
0.018127950528512314,C1
0.08689576364543186,C1
0.0869499641363468,C1
0.06067303690580177,C1
-0.09318004084896636,C1
0.08271504452220405,C1
0.11791487611064419,C1
0.12368385978710118,C1
0.091773220492568,C1
0.10494401585947705,C1
0.031755160207005625,C1
0.04530028436438778,C1
0.0406658062516177,C1
0.10681343250318182,C1
0.06104331407179342,C1
0.04329377482173619,C1
0.054730131743361735,C1
0.18607146681151815,C1
0.0959149917222427,C1
0.020071749014650052,C1
0.05688649296727604,C1
0.2735563542126693,C1
0.10221018539218682,C1
0.1693030764987914,C1
0.07228905688069737,C1
0.0276771971434012,C1
0.012032611346447099,C1
0.11360938146990815,C1
0.04210714271688616,C1
0.0339411031231176,C1
0.0266278407934002,C1
0.1092980146879963,C1
0.02448902122539995,C1
0.18054407028053562,C1
0.1513926326026016,C1
-0.03879051135366931,C1
-0.028654153862372404,C1
0.1264058867366689,C1
0.01955631577348971,C1
-0.04873259674119882,C1
0.05807062468047583,C1
0.08581431985394353,C1
0.11971583884473438,C1
0.153361186977019,C1
0.013326159280072684,C1
0.13297133090196991,C1
0.06531942627489665,C1
0.05695543233202817,C1
0.14946975198801427,C1
0.1035779768506822,C1
-0.007852289297025042,C1
0.10483183869342826,C1
-0.03880055698120078,C1
0.017788022066662496,C1
0.19411318993403232,C1
0.11386273310593457,C1
0.14048082860158276,C1
0.086447332124141,C1
-0.05066891027693275,C1
0.07666249071647056,C1
0.05704878363820811,C1
0.03085649338628094,C1
-0.036149860259363745,C1
0.05548668296581662,C1
0.08163020474331094,C1
-0.05583181209104627,C1
0.033121510808733184,C1
0.013511889550131204,C1
0.12501198624320908,C1
0.044746173155539505,C1
0.08750045213917566,C1
0.06283794089805703,C1
0.09690606897250856,C1
-0.007976464649670952,C1
0.026921441226197905,C1
-0.04337791002976581,C1
0.08499040569516565,C1
0.1530637682089461,C1
0.05432768951785377,C1
-0.01130843031795533,C1
0.12002675233796165,C1
0.1377044965211541,C1
0.08792430981266515,C1
-0.009513014148991378,C1
0.09524088075814455,C1
0.036111152761105186,C1
0.04929249259415498,C1
0.06459884953066299,C1
0.08164654850007481,C1
0.008244911048487133,C1
0.1146222656791824,C1
0.24096208157640275,C1
0.06752521730316283,C1
0.018325566448436068,C1
0.12145385803250394,C1
0.035061360718116136,C1
0.06542407670092613,C1
-0.07094506919889562,C1
0.05408702729829076,C1
0.10761497164950776,C1
0.08216857430440247,C1
0.04799401562886711,C1
0.054026421613240894,C1
0.02228351465676033,C1
0.12032968014422422,C1
0.09481062724770445,C1
0.024577963614498096,C1
0.05647130540690555,C1
0.05832853870290347,C1
0.039806943940571035,C1
-0.008256657075472205,C1
-0.09064618688079143,C1
0.08888570935599382,C1
0.22214150125758533,C1
0.06795477899392653,C1
0.037166869107928754,C1
-0.019172898964601066,C1
0.09404170652155061,C1
0.09680460006645299,C1
0.05324899271027985,C1
0.003471172405435587,C1
-0.0021576522046977227,C1
0.10049875585636775,C1
0.03071791508895942,C1
-0.00938518860180127,C1
0.0777686472772418,C1
0.013108836713247411,C1
0.006625766643407069,C1
0.04751467446537383,C1
0.11423040679776644,C1
0.17789543878084302,C1
0.063289735902341,C1
0.013055234336167013,C1
0.11925010080695603,C1
0.0536491131781909,C1
0.04884612556151123,C1
0.02351054634782317,C1
0.06406198297189221,C1
-0.11311421576928762,C1
-0.00984130647891886,C1
-0.07341638490000607,C1
0.19842445840747264,C1
-0.0042954206293328145,C1
0.026797387070429664,C1
0.04122377246331862,C1
0.01824260045901178,C1
-0.0011168745180109535,C1
0.03831363784255062,C1
0.039087375432227636,C1
0.061868433505073366,C1
0.0860575850471398,C1
0.11910317697546306,C1
0.07647399112033013,C1
0.15725482281267478,C1
0.026082419535467933,C1
0.0348035880183021,C1
0.1279888086599213,C1
0.11004515208511934,C1
0.06136320107531484,C1
0.0648212433255167,C1
0.06663125573337311,C1
0.12846608206971927,C1
0.1672663274659834,C1
0.013315196981047703,C1
-0.09034639280945071,C1
-0.006054614985395824,C1
0.04929249259415498,C1
0.1410802009166922,C1
0.1245851209200108,C1
-0.16314779949754335,C1
0.122240111983453,C1
0.0275295224614095,C1
0.11440018133295526,C1
0.05434985320725489,C1
0.15061431087421132,C1
0.1322801039507171,C1
0.02569040024721243,C1
0.05929308161561937,C1
-0.035005177301583174,C1
0.16581653104812474,C1
-0.032676312534072174,C1
0.08302917725176084,C1
0.1546969826890678,C1
0.08003275033563191,C1
0.06991901997901104,C1
-0.012756985773529973,C1
-0.04999595688085464,C1
0.07007568887696172,C1
0.026165446536764836,C1
0.06866405310423422,C1
0.07309443302536218,C1
0.09716925862120104,C1
0.14069105176787405,C1
0.04682544231946433,C1
0.12088471303181064,C1
0.012171131953015286,C1
0.11579842658265933,C1
-0.020686593918724114,C1
0.051229595377833295,C1
0.08564394475559899,C1
0.105286246765264,C1
0.123480681606223,C1
0.15439721231282377,C1
-0.011190093118139122,C1
0.20164266794260097,C1
0.04870202369740205,C1
0.13588630601993096,C1
0.023016094734427055,C1
0.07532805478934139,C1
-0.00920011368644965,C1
0.16595123862715846,C1
0.15577071768423592,C1
0.07032525874589374,C1
-0.05262722000993637,C1
0.1287527906929663,C1
0.19833069033346498,C1
-0.04312969071981889,C1
0.046277821952972385,C1
0.04456640942261623,C1
-0.0030847001426468207,C1
0.1269110418352568,C1
-0.018181128597234558,C1
0.022880310105630776,C1
0.2193261182408521,C1
0.13375046408744856,C1
0.084532495916504,C1
-0.03026083233203999,C1
0.1422158970079585,C1
0.05091721809441794,C1
0.1370982017483095,C1
0.08810487386068842,C1
0.025051017277010486,C1
0.1183238545918191,C1
0.02048710634133781,C1
0.07966795362700649,C1
0.09911430343630281,C1
-0.02104238224111096,C1
0.12005675661519946,C1
-0.024587001659358593,C1
0.09726285579820085,C1
0.06355858870419358,C1
0.16307265768301207,C1
0.11527623966642675,C1
-0.019142691025923086,C1
0.0520737596963848,C1
0.0638170429735259,C1
0.10121726017868649,C1
0.09468088591442159,C1
0.11060549000377962,C1
0.08061484807270666,C1
0.09340884640472916,C1
0.14154814252800468,C1
-0.0323359320450157,C1
0.05302268851949922,C1
0.036614381272517996,C1
0.07794162292748602,C1
0.14120326849319023,C1
0.04216320841181677,C1
0.0811426671825655,C1
0.06288110401003982,C1
-0.024604030258144602,C1
0.028814485763975987,C1
0.05594814234902001,C1
0.009614661114908649,C1
0.09257832939288957,C1
0.0799255737097494,C1
-0.018159159758587923,C1
0.1038512841016542,C1
0.053096634312715586,C1
-0.032544561951531006,C1
-0.016386617754784064,C1
0.04243203596452064,C1
-0.01662735800165113,C1
0.0071536496838778794,C1
0.0281796760743497,C1
0.04904144731253692,C1
0.05517433211831968,C1
0.14713795642502642,C1
0.0992298313614953,C1
0.040364953046576564,C1
0.20303126669302413,C1
0.05890458029983938,C1
-0.014958763072618772,C1
0.0646393219013533,C1
0.10293034523529844,C1
0.10435956232556218,C1
0.15246582505720557,C1
0.04358646801129345,C1
0.05704814853592341,C1
0.06491835741860626,C1
-0.00699254020431829,C1
0.13178678295397211,C1
0.18037271605709249,C1
0.005990103250794644,C1
0.042670323243547116,C1
0.1322076012241079,C1
0.09084978276060221,C1
0.1681565207386776,C1
0.018107837237514808,C1
0.046695282672614795,C1
0.0352922811130465,C1
0.05816838685186942,C1
0.05897662273141399,C1
0.030165280214267665,C1
0.15912769494406204,C1
0.05510490506796883,C1
0.12018823048388794,C1
0.09913241116853917,C1
-0.007499054188168012,C1
-0.043481755286527285,C1
0.04215686217900767,C1
0.11247375199668323,C1
0.05002939613919436,C1
0.07584285078154926,C1
0.012481360047686178,C1
0.10917127874509366,C1
0.06537842588095974,C1
0.07245063044670272,C1
-0.03868622215695268,C1
-0.02839681360185967,C1
0.10542944202633667,C1
0.10900554622264602,C1
0.08338417875572308,C1
-0.04390259750556428,C1
0.06709692581271934,C1
0.12570571590999313,C1
0.1191144377278519,C1
0.06514429294752704,C1
-0.04564992309737446,C1
0.04789972209146781,C1
0.021212760141303938,C1
0.11532238083582261,C1
0.10475458873339571,C1
0.10251556297229156,C1
0.06253743506176497,C1
0.09879315341065313,C1
0.008365697381599306,C1
0.09088620617662786,C1
-0.026131848465867302,C1
0.00367704355430952,C1
0.03756624109084669,C1
0.04289260889908381,C1
0.020067947347629327,C1
0.022151817374905423,C1
0.09983604631851863,C1
0.11716361812877932,C1
0.05489959725068301,C1
0.09572953200984478,C1
0.125514851962351,C1
0.06946606482105008,C1
0.03698874483448424,C1
-0.0644265190560142,C1
-0.012098625378347567,C1
0.025971498382415813,C1
0.022564160948458548,C1
-0.052929107511140015,C1
0.17434343718984213,C1
0.17211492006450735,C1
0.0790115564835253,C1
0.149360107572259,C1
0.06170142743243716,C1
0.06115776704218291,C1
0.03733285350188181,C1
0.05376496661067246,C1
0.03342743712293264,C1
0.09673530384698327,C1
0.11480774530318902,C1
0.04786568896689064,C1
-0.00833891678888333,C1
0.11025697226930856,C1
0.0699141717790992,C1
-0.006544117396736899,C1
0.19906184411189154,C1
0.06138462406701033,C1
0.06308933105301984,C1
0.15501351867671215,C1
-0.09245770274145801,C1
0.10989476745810173,C1
0.027147607887097247,C1
0.20136079634989898,C1
0.0986812769592945,C1
0.1871318901498072,C1
0.019932146165961964,C1
0.05960087600985997,C1
-0.06680963713032251,C1
0.05167850616956938,C1
0.09645242011543753,C1
0.07011241473825214,C1
0.07717088133063907,C1
-0.044951592062135476,C1
-0.022030007104378135,C1
0.06710436116028282,C1
0.04158054793386841,C1
0.07872187916390082,C1
0.16188181752562766,C1
0.048385135636937804,C1
0.13534327017979547,C1
0.05031792146251065,C1
0.10538184257828764,C1
0.03580993741845675,C1
0.008139357649412239,C1
0.13289476123532376,C1
-0.0929521539551934,C1
0.07388266543586292,C1
7.689252962055984e-4,C1
0.050300343968656305,C1
0.10437912934355628,C1
0.03634499315574227,C1
0.031009897051983905,C1
0.10989067072589231,C1
0.037128678473383775,C1
0.060633358421197416,C1
0.031542661735842234,C1
0.09862148872700349,C1
0.1190018626104896,C1
0.08002300139171267,C1
0.10385961445616637,C1
0.13723518958278813,C1
0.07284859414083474,C1
-0.04801003444784892,C1
0.014200450824001815,C1
0.004099016055078541,C1
0.09626561496321664,C1
-0.0367780735022077,C1
0.10720160403803597,C1
0.148711762142203,C1
-0.0497919221324859,C1
0.13364005564119805,C1
0.05724184317695127,C1
-0.004179291870103408,C1
0.12247259994601825,C1
0.055630789944363435,C1
0.0406264514849004,C1
0.06142482002893643,C1
0.09000236052854371,C1
0.06940225325993783,C1
-0.0648352628055478,C1
0.020406850794057033,C1
0.12011200354906118,C1
0.16519684989890615,C1
0.05878693351931242,C1
0.07606368863629552,C1
0.1412705876274069,C1
0.05713338012149187,C1
0.019834107423281646,C1
0.07330501705127693,C1
0.2007949247039928,C1
0.03609076170056471,C1
-0.05873774067595082,C1
0.121699645799165,C1
0.03622021772516298,C1
-0.022697712643444928,C1
0.027989232324655174,C1
-0.060763243594182746,C1
0.18940632483670938,C1
0.09086778100803107,C1
0.11718476997248417,C1
0.09042337039942189,C1
0.14080284959662406,C1
0.0797614466325721,C1
0.06403870637792382,C1
0.11466420052245924,C1
0.001819660234352179,C1
0.036119291507942776,C1
0.02989742407957721,C1
0.037404670522474384,C1
0.043262583481021036,C1
0.11053071968440778,C1
0.06578652302200251,C1
0.16468198015373237,C1
0.005225658191221998,C1
0.16090182117899685,C1
0.03609076170056471,C1
0.09385696887488881,C1
0.09761555382453352,C1
0.024568264266706295,C1
0.03399092956328404,C1
0.12355933783364498,C1
0.0483083975805012,C1
0.021048687097408612,C1
0.1371931458027785,C1
0.07021079197452947,C1
0.18072974680886006,C1
0.18002225528972948,C1
0.10085714486891141,C1
0.04341033979160147,C1
0.044744677492019984,C1
0.051591793563673896,C1
0.08869017999226114,C1
0.16406968273569647,C1
0.012925041978811481,C1
0.05000530803353159,C1
0.02028417355492541,C1
-0.022129662491644986,C1
0.04004572577263727,C1
0.06387124348412357,C1
-0.04631371860844382,C1
0.13933469576392504,C1
0.057409728701549874,C1
0.08187968219945507,C1
0.07980464926008515,C1
0.00677128299436916,C1
0.06826465767254657,C1
0.048063039508200775,C1
0.17235956928231105,C1
0.023888304101868776,C1
0.002201185087597284,C1
0.051224495704056267,C1
-0.03689465961559206,C1
-0.014466824644308922,C1
0.095605383818785,C1
0.10075558788584563,C1
0.07929049787829164,C1
-0.004808385609644569,C1
0.07496662582884456,C1
0.05949087812436409,C1
-0.025227088429037387,C1
0.06981956975356354,C1
0.07567901276059419,C1
-0.011690240222366387,C1
0.05989665227373493,C1
-0.014676640116282478,C1
0.01782964141072166,C1
0.10158408009262776,C1
0.06812810237765965,C1
0.11915240727004105,C1
0.03740309999362786,C1
0.19205376299274066,C1
0.058876876816462274,C1
0.06502370966512713,C1
0.15494189360679178,C1
0.03780620387983251,C1
0.10265443459100466,C1
-0.04836247725785531,C1
-0.0031280488089651184,C1
0.020950749576194902,C1
0.06355488451634403,C1
0.03048043872856989,C1
-0.004173725098533192,C1
0.10133897939996683,C1
0.143374548428353,C1
0.149594391566283,C1
0.1977954747136955,C1
-0.024467392345481453,C1
0.03463070719162925,C1
0.009314567588734047,C1
0.016922817758274027,C1
-0.01314712511048462,C1
0.040500061783835466,C1
0.03776985382309701,C1
0.15504709625786883,C1
0.0816518408256258,C1
0.05458878721071115,C1
-0.010573000530336496,C1
-0.0227121390198664,C1
0.09252252646512144,C1
0.11243071319526105,C1
0.14560469339901905,C1
0.03991150423018251,C1
-0.012909137848440989,C1
0.056701893370746305,C1
0.20548823708837752,C1
0.11390396942964835,C1
0.08872774680786133,C1
0.12609120832427617,C1
0.08635610755752686,C1
0.11709320002576872,C1
0.1220560898619647,C1
0.16327929450628637,C1
0.1436252866041918,C1
0.04114085107482312,C1
0.09358077232742325,C1
-0.01923697332888998,C1
0.004345397852976468,C1
0.11420656573577737,C1
0.20609489193299516,C1
0.12323921638909052,C1
-0.030291511576754287,C1
-0.019978571405695634,C1
0.10760544452511611,C1
0.07040284394186949,C1
0.10679184473172645,C1
0.05088719547502625,C1
0.11339691062188603,C1
0.027836197772627896,C1
0.07865861466126259,C1
0.04673993786688395,C1
0.1038512841016542,C1
-0.03891542460615297,C1
0.15688310249447213,C1
0.10666725674180683,C1
0.1867431643803299,C1
0.04811864497316713,C1
-0.007285440901567783,C1
0.09458256295578214,C1
0.05622797054826826,C1
0.04595203977303885,C1
-0.01780872814567496,C1
0.01519338417168678,C1
0.09504344584419787,C1
-0.030872698461356804,C1
0.06289373282736346,C1
0.13243065290217715,C1
0.11772826768982834,C1
0.0030298927479895793,C1
0.0819418095061161,C1
-0.021455510124925786,C1
0.15669765825161777,C1
0.04150520001748363,C1
0.08890076191403601,C1
0.06096137587126269,C1
-0.04524641973908282,C1
0.103182116960407,C1
0.15913712367776522,C1
0.06469848433401065,C1
0.14169199859542966,C1
0.01593276671481698,C1
-0.0011574303531023261,C1
0.05193062487693313,C1
0.04769180075167223,C1
0.04359333359608193,C1
0.1395915720231642,C1
0.028995529670033125,C1
0.10240400648580425,C1
0.09877614746619046,C1
0.10604198596375752,C1
0.0328487262128524,C1
0.15026064019927907,C1
0.11967939785360693,C1
0.07026207343304341,C1
-0.0034870605085796647,C1
0.09377736076433571,C1
0.09473718175494548,C1
0.04869871095992006,C1
0.07469881417431179,C1
0.03550168107900292,C1
0.11973997549019874,C1
-0.013232918956176476,C1
0.03918265030577073,C1
0.07412284223540808,C1
0.06202729820866479,C1
0.061895448072350145,C1
0.07457684076361268,C1
0.01864513541985386,C1
-0.05115860451421355,C1
-0.030067770971651215,C1
0.024326171135894588,C1
0.16021997805749985,C1
0.059168605947377946,C1
0.13903593636898995,C1
0.014017697041711227,C1
0.08349397194741535,C1
0.12180407505638664,C1
0.11440105130835329,C1
0.11288371978082065,C1
0.11584398793457465,C1
0.12632656209219117,C1
-0.0037710789520416614,C1
-0.009426374648019764,C1
0.16945772660449057,C1
0.10374722840187595,C1
0.06037254496023903,C1
-0.022515217205461534,C1
0.03908897948444611,C1
0.14740135028888895,C1
-0.028099336068288034,C1
-0.06016319881529814,C1
0.09236024684587002,C1
0.08954620297593596,C1
0.12344431772241601,C1
0.05465947041760853,C1
-0.012115463663175353,C1
0.15498695046824712,C1
-0.01061762118109767,C1
0.16152943313032714,C1
0.11858295882030331,C1
0.13015784148828516,C1
0.05610127823639204,C1
0.015583913103378255,C1
0.027405308031490057,C1
0.10818650768025065,C1
0.1146910105010731,C1
0.06462323188226726,C1
0.09435852174270301,C1
0.05671760360593762,C1
0.1338031110333578,C1
0.04378663256254533,C1
0.05980865841829115,C1
0.05024160232696838,C1
0.012385618789540373,C1
0.08549864831394097,C1
0.12947112096471344,C1
0.11612764534185036,C1
0.06633566274905131,C1
0.06827238890993409,C1
0.04057772632648536,C1
-0.026201385636935578,C1
0.04152538953895947,C1
0.10589592272978887,C1
0.03693078251659913,C1
0.12752389156996305,C1
0.06733050026247975,C1
0.06346254314167907,C1
0.061419040341091996,C1
0.06776467524840958,C1
0.10675522158497672,C1
-0.04695689052480543,C1
-0.02076263409127312,C1
0.1523316825722556,C1
0.03960691240293076,C1
0.0810828799121105,C1
0.017022442437257868,C1
0.08712014724090492,C1
-0.04116562247211502,C1
0.1736262486406457,C1
0.085721663612722293,C1
0.09781445973859722,C1
0.049839958980329654,C1
0.1206985444355246,C1
0.06757484703174947,C1
0.02130114983458507,C1
0.03227350257392817,C1
0.10758789544058849,C1
0.06150641156493425,C1
0.04633183709444146,C1
0.13979469106843243,C1
0.15317481624649895,C1
-0.04959607808879124,C1
0.10342626019132531,C1
0.12395701594015775,C1
0.13003709963112595,C1
0.11996036967016316,C1
0.11515987429014496,C1
0.015367401433856329,C1
-0.0045193165286586115,C1
0.07692072839765719,C1
0.11817879993427391,C1
0.09504948957195423,C1
0.04953634558870712,C1
0.12880162098652306,C1
0.17975780324506604,C1
0.039051116003192665,C1
0.08418602744101847,C1
0.09880990122827925,C1
0.15807048098732962,C1
0.00532033971541479,C1
0.0574229583750465,C1
0.11932841487838351,C1
0.12306284013472328,C1
0.07945388007028473,C1
0.1284181111054487,C1
0.14441768090069418,C1
0.023636712529919453,C1
0.11116815699385856,C1
0.09544866796944407,C1
0.04110052346289745,C1
0.007121228223830798,C1
0.007230454683454592,C1
0.048989375547876884,C1
0.021570455640421253,C1
-0.005606789320475869,C1
-0.0284042124434506,C1
0.14575959979912834,C1
-0.05279306544966389,C1
0.13454665760467413,C1
0.05461047862679361,C1
0.15436291358183687,C1
-0.017498036207599862,C1
0.0011066476909818573,C1
0.2572606943015976,C1
0.0835820130669711,C1
0.04626810777996032,C1
0.09879178836383395,C1
0.011177393592772727,C1
0.012798407620131905,C1
0.09438071902893572,C1
-0.027537350852707736,C1
-0.019432015319324803,C1
0.12331655565779079,C1
0.2006864291378855,C1
0.014175036737466382,C1
0.12789671331677016,C1
0.14366391259625927,C1
0.04780095607566123,C1
0.1671947227935463,C1
0.17762844372970543,C1
-0.0503157841699047,C1
0.0438559745897062,C1
0.0543020114803403,C1
0.16798578438358394,C1
0.11866409549754396,C1
0.07226772084939503,C1
0.10786892224723743,C1
0.01852392030330318,C1
-0.03425713197221404,C1
0.0714039764004238,C1
0.07104963434037778,C1
0.08875773864898921,C1
0.014172878443029654,C1
0.012122426188177382,C1
-5.505642884265499e-4,C1
0.007986018668513728,C1
0.22947787063863292,C1
0.12866998080729072,C1
0.052501570804718005,C1
0.07764615981989942,C1
0.12482999010217144,C1
0.023454973108255533,C1
0.16760060052798587,C1
-0.009209996058178231,C1
0.07864200103446159,C1
0.005373621679176058,C1
0.08170171444635096,C1
-0.05318466817721962,C1
0.08935128578260004,C1
0.09986246390094365,C1
0.015264455101554414,C1
0.055038651651988416,C1
0.047810450380620914,C1
0.10179993508415142,C1
0.09526208379741972,C1
0.02815517650102123,C1
0.16944528580051862,C1
-0.004500145063043817,C1
0.1862477188599152,C1
0.11523175203933127,C1
0.11441031687471076,C1
0.09623849865051666,C1
0.10037065594788408,C1
0.17209740591538053,C1
0.09694126769698741,C1
0.07287593625719002,C1
0.14792002030795534,C1
0.16604364180347211,C1
0.1158321600592794,C1
0.10865925213587889,C1
-0.01287129453955831,C1
0.16519192632088187,C1
0.008056000868749375,C1
0.007992439291131002,C1
0.0971088629674922,C1
0.12169745599402836,C1
0.03927535767116762,C1
0.1363807713039009,C1
0.0276514217369693,C1
0.13189382554611792,C1
0.08307184682197147,C1
0.10568553434481469,C1
0.12353315731611741,C1
0.0678489960206322,C1
9.429540002105427e-4,C1
0.07770373258725582,C1
0.0015551302889540847,C1
0.0745162948944254,C1
0.14505827277598915,C1
0.0502717237001973,C1
0.044680297812252634,C1
0.07264186543498646,C1
0.14872995055422406,C1
0.09296063438364735,C1
0.08195474281186613,C1
0.3074904467685968,C1
-0.012867615278462882,C1
0.06397766383435498,C1
-0.056962926264112715,C1
0.09760211567769089,C1
0.14202860353226895,C1
-0.03952640326741996,C1
0.0990260733930404,C1
0.07672809925711681,C1
0.07621394517889415,C1
0.1333033787855225,C1
0.04618191945608016,C1
0.0851066481849016,C1
0.028687739176577763,C1
0.14167496883372338,C1
0.019716110203990823,C1
-0.09738162172054374,C1
0.10477167166861082,C1
0.12645150147446627,C1
0.10320704536263509,C1
-0.059782221391150164,C1
0.027078614428502124,C1
0.269887367430429,C1
0.1396967597172311,C1
0.11653936260509798,C1
0.12413160097325424,C1
0.0825740137451277,C1
0.13047850723969545,C1
-0.00808221838410142,C1
0.059759065244991194,C1
0.0017210685650287903,C1
0.114143745290778,C1
0.11308539928144969,C1
0.017565299863834163,C1
0.0687294263520627,C1
0.048999745033356884,C1
0.04618191945608016,C1
0.007448640343615143,C1
0.05311823391623432,C1
0.08160622006723378,C1
-0.02708281423998097,C1
0.039669415595456864,C1
0.10298242314953754,C1
0.07298644355223739,C1
0.0970165686220836,C1
0.03951447812939515,C1
0.09966695263956182,C1
0.11202077549714065,C1
0.07972484805748199,C1
-0.019261305412290704,C1
0.16136724699390953,C1
0.17957574834920992,C1
-0.028137142369127698,C1
-0.038841124117119256,C1
0.26330952933465035,C1
0.1937062688157261,C1
0.14013387924406828,C1
0.08497537678229639,C1
0.12835567485593105,C1
0.23641848439484756,C1
0.0253585575614368,C1
0.21756999637229507,C1
0.008030262875210952,C1
0.011486143419267465,C1
0.0961672840731026,C1
0.07320915372261283,C1
0.08235124004079572,C1
0.09568421605460162,C1
0.2257163738115137,C1
0.034856660241040976,C1
0.16818345260693604,C1
0.11297960522136904,C1
0.10358950975110223,C1
0.045697199234229574,C1
0.15376433395114295,C1
0.02367852595204535,C1
0.02994209446798614,C1
0.1194246912616835,C1
0.01868903422357917,C1
-0.013394066329200802,C1
-0.015209717712613716,C1
0.09592491716908619,C1
0.07587034740841436,C1
-0.00582380425068839,C1
0.16525281263871644,C1
0.0724331904000436,C1
-0.06604248626439735,C1
0.14810647804865953,C1
0.0823718723898616,C1
0.13536224225846016,C1
0.02967095487453808,C1
0.011195873076772493,C1
0.12091647315947585,C1
-0.0036697639107641337,C1
-0.008582649449862437,C1
0.04923376168611439,C1
0.06543508890721086,C1
0.04100274901230128,C1
0.2216307176433207,C1
0.14584516832588187,C1
0.032312368885797145,C1
0.09857175206221587,C1
0.05146296150987774,C1
0.14401733992574275,C1
0.030126364207049408,C1
-0.07835524108039894,C1
0.15196399899642699,C1
0.07509782675125327,C1
0.14472317980565785,C1
0.012879861658049024,C1
0.09955210008650549,C1
-0.020285467980522554,C1
-0.02179924997872959,C1
0.06422934353009431,C1
0.03875665468835646,C1
0.025072897587834365,C1
0.033844897902276835,C1
-0.005068724250189636,C1
0.06009340229961397,C1
0.006148936700003299,C1
0.07629889663958099,C1
0.010064783806580359,C1
0.13325942179516542,C1
0.050443383954484555,C1
0.11681723932058354,C1
0.14517275170855493,C1
0.1138413520642444,C1
0.06151231179014194,C1
0.010438089625098831,C1
-0.02522181766708552,C1
0.06767293097611421,C1
0.06154156037851114,C1
0.08936370034886325,C1
0.01777875448135763,C1
-0.026347834541480156,C1
-0.02048056183342519,C1
0.04918127998557038,C1
0.034889847106103884,C1
0.06577433320791026,C1
-0.04467328454752499,C1
-0.038415257722270606,C1
0.11988175589661168,C1
0.04230263647243148,C1
0.04214823440192708,C1
0.11709188026738857,C1
-0.0494657759266977,C1
0.10641594869334622,C1
0.09139063551692177,C1
0.027652028664453945,C1
0.020426348332431774,C1
0.14664338494221088,C1
-0.030796555297178684,C1
0.040417932183723554,C1
0.025635528776586335,C1
0.012153368618554077,C1
0.10949323807952456,C1
0.11186271686470245,C1
-0.021584080323909023,C1
0.026534601174989972,C1
0.05388557141281944,C1
0.09438071902893572,C1
0.07845725172985163,C1
0.10106981418502214,C1
0.16335171629058257,C1
0.10039148324955335,C1
0.10108602001672846,C1
0.16882854072380757,C1
0.05202196442603417,C1
0.050473060583664034,C1
0.015595574287851978,C1
0.11733931335139723,C1
0.032518996810303506,C1
0.09675517316152532,C1
-0.02932028516487184,C1
0.05820781783625083,C1
0.14670797970528113,C1
0.06375438275622655,C1
0.08600908523277422,C1
0.14243417290260127,C1
0.08155677550537116,C1
0.12108367233120657,C1
0.045958897462942294,C1
0.05077361830218985,C1
0.08068757188725934,C1
-0.028336839678887185,C1
-0.003711532602850398,C1
0.028688011237490416,C1
-0.009199228344100044,C1
0.15685946108792825,C1
0.023507934202096646,C1
0.09296697949499994,C1
0.050310801963324187,C1
0.09118648025855905,C1
-0.07527583593581905,C1
0.05029280993255496,C1
-0.042644930807730796,C1
0.01688882846009336,C1
0.007253552177190509,C1
-0.001879445862571192,C1
-0.016761838001867514,C1
-0.017454575084948028,C1
0.0239208564563042,C1
0.12223391109118051,C1
0.013011777361704717,C1
0.04232572640580752,C1
0.05073018103125895,C1
0.033351578614777305,C1
0.07432693094422999,C1
0.15588096718544045,C1
-0.016703172671619127,C1
0.036167636817664675,C1
0.02854177100341102,C1
0.06683893414762689,C1
0.17312545048624545,C1
0.08500005906495914,C1
0.030805723012370625,C1
0.2361393775044449,C1
0.07704411415320406,C1
0.06040959162520958,C1
0.054428847980142206,C1
0.013734966190152659,C1
0.02049645447617434,C1
0.09828242935328137,C1
-0.006175369968279942,C1
0.1359687242410926,C1
0.036496179289896194,C1
0.09041097058332688,C1
0.0974191679927658,C1
-0.01574335269333275,C1
-0.027827023761657643,C1
0.01945629203196208,C1
-0.026252383145831844,C1
0.08634264504506618,C1
0.05061080716472275,C1
-0.03063056261531968,C1
0.09123607638619817,C1
0.0696077256939713,C1
0.181973798594386,C1
0.22376526284241596,C1
0.09012076784100312,C1
-0.014369685544905322,C1
0.021456453003260267,C1
0.13659394630206273,C1
0.0065658918456624055,C1
-0.040608754676588824,C1
0.21376374779745122,C1
0.06938773604863428,C1
0.1428426703192228,C1
0.17271561997308454,C1
0.04124579899219866,C1
0.062036075214243216,C1
0.034856660241040976,C1
0.011058653202536847,C1
0.07692730031734296,C1
0.055594734816688,C1
-0.008572868091580924,C1
0.138942033325081,C1
0.08206909133208265,C1
0.08320722855946966,C1
0.07051988716751899,C1
0.12737341889968395,C1
0.07764615981989942,C1
0.10831546429761141,C1
0.04135822626111814,C1
0.07249999774185521,C1
0.061150686948405586,C1
-0.03223037207344427,C1
-0.05400433133040837,C1
0.0877914814684387,C1
0.01852392030330318,C1
0.09115597725922726,C1
0.09606127023148678,C1
0.18803293947841843,C1
0.07525206552291093,C1
0.07335548159481975,C1
0.007975141663809833,C1
0.05765051977399535,C1
0.08457809542683926,C1
0.04109039543084564,C1
0.012043394051628882,C1
0.07355169763288243,C1
0.10148773247463896,C1
0.06770168523810136,C1
0.06171874292528211,C1
0.09741189413466085,C1
0.024619218568728306,C1
-0.0032317692984652688,C1
0.10837734544795813,C1
0.09749274569875976,C1
-0.016724644117778225,C1
0.03096326637614837,C1
-0.04563495460096138,C1
0.03422836375324122,C1
0.10738305307853444,C1
0.07677496055095717,C1
0.01139354768339575,C1
0.035065264462987515,C1
0.04105581736363968,C1
0.0873040060776692,C1
0.021508386083835603,C1
0.03358611123615906,C1
0.004622835519304052,C1
0.31017451566225623,C1
0.042174263003775886,C1
-0.010497406242401003,C1
0.050191778572488,C1
0.23198275573754754,C1
0.06417159700322428,C1
0.02975161393008753,C1
-0.003608477165749144,C1
0.06029682596002982,C1
0.022049404395705755,C1
0.16170283055060736,C1
0.08117070248885938,C1
0.06882080546352785,C1
0.05863838969167973,C1
-0.0693367397856323,C1
-0.002543868730401022,C1
0.06044547651499803,C1
0.08034417217917636,C1
0.12693827160829685,C1
0.10418790615056044,C1
0.24065232051731084,C1
0.05510239220563386,C1
0.1071456507152472,C1
0.04956175634801984,C1
0.07094014292119466,C1
0.04853121730212462,C1
0.1012567739798288,C1
-0.015209717712613716,C1
0.048693819026963285,C1
0.16786667270800326,C1
0.11009392189778938,C1
0.2361393775044449,C1
0.15437920474338107,C1
0.1432390037072966,C1
-0.07742504559544892,C1
-0.014338095726467402,C1
-0.061949962522509915,C1
0.04441055727237045,C1
-0.031173090821399508,C1
0.027606401793779756,C1
0.020267511033535697,C1
0.19460469180234138,C1
0.048989375547876884,C1
0.11506066573669749,C1
0.04238530407771524,C1
0.09534337362211284,C1
0.1602601561213177,C1
-0.04338194924811886,C1
-0.09455743387222615,C1
0.05824839606169001,C1
-0.040877762502816946,C1
0.11281268959017401,C1
0.05476231689328996,C1
0.044320604636347544,C1
0.12612136128581475,C1
0.06444340844044921,C1
0.06672685849882937,C1
0.08730234098080551,C1
0.12356715057903378,C1
0.07368799864057823,C1
-0.009476589131233445,C1
0.09447359796436533,C1
0.09818310202764899,C1
0.02475655894641003,C1
0.05906220467080206,C1
0.044698847964157656,C1
0.028097430727271736,C1
0.09075763801151898,C1
-0.06139218666359748,C1
0.14822384416114245,C1
0.16132140820129293,C1
-0.05438292274139239,C1
0.1385072216108519,C1
0.15835698386134425,C1
0.07206468775742897,C1
0.10458768200986263,C1
0.141418104930794,C1
0.07791137008457544,C1
-0.056886704858530854,C1
-0.04052688793972484,C1
0.021328251758973137,C1
0.05088851567229119,C1
0.11217723558310234,C1
0.029072309661047967,C1
0.14205218884420379,C1
-0.00094297607171813045,C1
0.058725475471630026,C1
0.057069342092057634,C1
0.017648523941861945,C1
0.14702051275625172,C1
0.10221992087960077,C1
0.13241544237630373,C1
0.13003937830695605,C1
0.09543354615305374,C1
0.23526243626549623,C1
0.18903225193656248,C1
0.06467779954252484,C1
-0.04856113614274411,C1
0.020095527948140696,C1
0.11721857540849752,C1
-0.045195963287208665,C1
0.08547326041434675,C1
0.08733977790676481,C1
0.09287677837191317,C1
0.151583112748514,C1
0.04313849688839265,C1
0.08867571986816178,C1
0.13379342179740394,C1
0.09934507077462343,C1
0.02521136083263125,C1
0.13806472880572143,C1
0.02830526625596733,C1
-0.02576556412867887,C1
0.00248441765422741,C1
0.18185664648024755,C1
0.02739890131156803,C1
0.09106151989456146,C1
0.08359016319765697,C1
-0.03454559747195764,C1
0.1142501568734358,C1
0.04039157468340557,C1
0.10619326783115754,C1
0.10355922367075668,C1
0.03375120083894504,C1
0.058577969109526055,C1
-0.03930573890326943,C1
-0.03462036717812492,C1
0.15489729730442134,C1
0.04284146269872474,C1
0.006577336145495397,C1
0.04015755033675647,C1
0.24238217436743742,C1
-0.008468673715008625,C1
0.03160187354164481,C1
0.049792427602285555,C1
0.18707583711088077,C1
0.1079097009240538,C1
-0.09763083906443676,C1
0.22667127720893765,C1
-0.008372495446744607,C1
0.11197695762027085,C1
0.026388496750832727,C1
0.020857935859339163,C1
0.06435334118314066,C1
0.16330597265317057,C1
0.034263141752633994,C1
0.09235324056809982,C1
0.08340665584490292,C1
0.17929729674359923,C1
0.019888299580624852,C1
0.03378771322805446,C1
0.08961383650655039,C1
-0.06355411051388951,C1
0.08644028039451387,C1
0.04718679521646943,C1
-0.04122485752020205,C1
0.11182276406968651,C1
-0.01472765089312119,C1
0.09205233187404942,C1
0.19289002309970127,C1
0.04942849369435489,C1
-0.03924242795891552,C1
-0.07878036579999531,C1
0.05264248737618425,C1
0.020228012000319193,C1
0.08520180789806597,C1
0.03343210112074217,C1
0.030389819715522882,C1
0.0726629094845883,C1
-0.007201321135613657,C1
0.13971667970594667,C1
0.10568852056998514,C1
0.024977390185510602,C1
0.14028110112861156,C1
0.18928004998575276,C1
0.04530934246221971,C1
0.11033534635849802,C1
0.09819450258722351,C1
-0.014495241549732092,C1
-0.022411618325741546,C1
-0.032292089747854504,C1
0.15359362124824608,C1
0.03339934583465808,C1
0.06432861735820716,C1
-0.0038842216477187096,C1
0.07099060917365692,C1
0.008082815902421794,C1
-0.02387605808764214,C1
0.04371123891495852,C1
0.12859079367530896,C1
0.09470275170899642,C1
0.09325238311478556,C1
-0.02167806070771157,C1
0.16439035807668492,C1
0.08701981128853274,C1
0.2113846119668537,C1
0.11942360129262956,C1
0.02562342476788838,C1
0.11700507616452482,C1
0.02607492943716752,C1
0.027939140643206878,C1
-0.013000192530896064,C1
0.09402295960128826,C1
0.1342247030980916,C1
-0.007577491581839416,C1
0.06226911941909061,C1
0.10760707975219332,C1
0.07866165693202055,C1
0.08578365983629753,C1
0.14271964038941276,C1
0.18163265545094995,C1
-0.032814662527314506,C1
0.07273105101476009,C1
0.008431965850250536,C1
0.10090644336967458,C1
0.08014367227681031,C1
0.19607160248217562,C1
0.03924134084763117,C1
0.050673669533636195,C1
0.06459743271511326,C1
0.1239376231550261,C1
0.10051897348321782,C1
0.10739958008928768,C1
0.09480596492373672,C1
0.1195752622062046,C1
0.1322235334625905,C1
-0.0895188048889737,C1
-0.06476689488293091,C1
-0.017989118733304096,C1
0.14033467833133062,C1
0.059008145754729895,C1
-0.01121302767073887,C1
0.005886277853932559,C1
0.1725982187154623,C1
0.02032679803876536,C1
0.10139940896698818,C1
0.10742961525413568,C1
0.14868231861199058,C1
0.06497994870955454,C1
0.01467272673943662,C1
0.09630948894432513,C1
0.1379138454255316,C1
0.09648443382237135,C1
0.08615045758567451,C1
0.06134783337068505,C1
0.08134775365968004,C1
0.09702334635393213,C1
-0.03471548217973098,C1
-0.01724254920739323,C1
0.03310814476447693,C1
0.041331433377908816,C1
0.06160008559420897,C1
0.11500177257728972,C1
0.10527144005079053,C1
0.09799382535108124,C1
0.049911405492752456,C1
0.09030369407611222,C1
0.05324039086646445,C1
0.12637921757764578,C1
0.08648208194410525,C1
0.10693406299005351,C1
0.1130248715234037,C1
0.07856810845618298,C1
0.08568387435119984,C1
0.10266767726401996,C1
-0.04132193909314725,C1
-0.010778999002391943,C1
0.019204419000673822,C1
-0.00549013634694577,C1
0.04830541802277188,C1
0.04375980014230221,C1
0.050081863742028915,C1
0.1621687252323121,C1
-0.039282809801846424,C1
0.012479949730100946,C1
0.1844586065048669,C1
0.11021641269375301,C1
0.02406010883107905,C1
0.19338520441385343,C1
0.13825571846772866,C1
0.04683644809979985,C1
0.08713614630704382,C1
0.23807363152491365,C1
-0.04317207538028353,C1
0.0467248093669569,C1
0.048433195474692596,C1
0.08703197882452057,C1
0.0011630302598046038,C1
0.019125353972258556,C1
0.15376149141127668,C1
0.11626747474644307,C1
0.0568955744563576,C1
0.1334427466597428,C1
0.08298392272409116,C1
0.18293904938652755,C1
0.14906628898355762,C1
0.022993226329042722,C1
0.08000366419846056,C1
0.09100789790222415,C1
0.0519518970111159,C1
0.0552929536275429,C1
-0.033515185133462806,C1
0.07740899770201534,C1
0.05800115701910834,C1
0.12411027017031784,C1
0.07421795246961657,C1
0.10218101919816555,C1
-0.014308215411739808,C1
0.17840427067372477,C1
0.12452792595885262,C1
0.08716886417049288,C1
0.02630253354602185,C1
0.08238034220800705,C1
0.11019853402903872,C1
0.09551105383248545,C1
0.11666962779867379,C1
0.17598517972436223,C1
0.015720739878176022,C1
-0.002710974760122848,C1
0.08697223086351796,C1
0.015916128474955923,C1
0.1631125598246642,C1
-0.03127087503739507,C1
-0.0780648788060973,C1
-0.05413111074271817,C1
0.02909042120172783,C1
0.07796236085182967,C1
0.07258359738363462,C1
0.10761334795794589,C1
0.07963697788363308,C1
0.03656715171189642,C1
0.14369716918242487,C1
0.06136927091583491,C1
0.04274734233622129,C1
0.08086892430766168,C1
-0.0044405282892051035,C1
0.0717757156759748,C1
0.07466329733141275,C1
0.03859327166907987,C1
0.13855713669879677,C1
0.08182012723052623,C1
0.05411141613480073,C1
0.02518221059383657,C1
-0.08962359847925835,C1
0.0689149132079969,C1
0.03198205125723008,C1
0.24773649156711725,C1
0.1272289325394452,C1
0.0269761145226452,C1
0.07900651326810998,C1
0.15246631211715433,C1
0.04070607189643834,C1
0.0474682247050203,C1
0.008508576483328693,C1
0.06323638636638748,C1
0.056644777764958895,C1
0.057575508536864446,C1
0.04000017377116437,C1
0.029895880894892386,C1
0.054937168998859365,C1
0.052090412185121046,C1
-0.006838420121873065,C1
0.10143127612217966,C1
0.023524434734876934,C1
0.058725359659702374,C1
0.02727914403902494,C1
0.14265920120078848,C1
0.10056935114517804,C1
-0.0011067530526337839,C1
0.09495907042600177,C1
0.10443829659184414,C1
0.08677569858599243,C1
0.05995052687998641,C1
0.08317012056515526,C1
0.028504360009276884,C1
-0.026177574796958265,C1
0.018643668012936813,C1
0.026059012593986547,C1
0.06993476799872402,C1
0.1302708524877145,C1
0.12308274874808244,C1
0.14832038308597356,C1
0.04478544017662682,C1
0.03368628289700306,C1
0.08310869880561572,C1
0.02860852082841705,C1
-0.06707446702131059,C1
0.1381632323556451,C1
0.07842965841567799,C1
0.045519826488589946,C1
0.03253687610576196,C1
0.06828323972986698,C1
0.09066149015927297,C1
-0.008313280164751462,C1
-0.01252332944179034,C1
0.026990606751157352,C1
0.06000279354056234,C1
-0.003714760434298331,C1
-0.1612157264046527,C1
0.0678548558501384,C1
0.02951348749265113,C1
0.02300889922955852,C1
0.04338165754717687,C1
0.05209413307273872,C1
0.18432546053354296,C1
0.02258967093879693,C1
0.033760681707273955,C1
0.14978118369656868,C1
-0.027035871108957537,C1
0.043547677652740056,C1
0.06380825736859595,C1
0.01975740279271123,C1
0.030599300060371933,C1
0.007198666651074805,C1
0.1262738704349465,C1
0.056169053674390124,C1
0.1768453601233124,C1
-0.05741593839762707,C1
-0.03871839570844748,C1
0.05284499835907486,C1
0.29727829193282906,C1
0.05664309591930283,C1
0.04334214725898007,C1
0.09467804930765263,C1
0.06212272893977279,C1
0.12006108320445606,C1
0.12514044231490887,C1
0.14706253465099736,C1
0.026318199720100147,C1
0.1545116238394258,C1
0.16157939001001806,C1
0.07084805051991741,C1
0.03976625134719031,C1
-0.00385601536654419,C1
0.019523792754578117,C1
0.033983912385680125,C1
0.05460197222319131,C1
0.0853745816867775,C1
0.05290077651328921,C1
0.09656045346346337,C1
0.20839555315873262,C1
0.08248449793697915,C1
-0.013996018740204744,C1
0.1573781463275133,C1
0.09253177296216009,C1
0.02554851489424067,C1
-0.010248684316066348,C1
0.012015896124500054,C1
0.10752734070684956,C1
0.07260446391840017,C1
0.06060447207941411,C1
0.12711490441369921,C1
0.03624590637308303,C1
0.12598300535720924,C1
0.08179599897213076,C1
0.09508696475063133,C1
0.18148794464002382,C1
0.08959140198290022,C1
0.07406296577365308,C1
0.06335993572902696,C1
0.1288286267363129,C1
0.061184512735911176,C1
0.1752944427523261,C1
-0.042355105903543744,C1
0.06449700803166171,C1
-0.12036286474077357,C1
0.15395204284870154,C1
0.10033961759216861,C1
0.0952831668657016,C1
-0.011118051624540368,C1
0.005628957660324554,C1
0.06711555434695451,C1
-0.010981340697200685,C1
0.01537148274527295,C1
0.0848306833092448,C1
0.08110475938503753,C1
0.08813437993699735,C1
0.009106229677868644,C1
0.08087212457979329,C1
0.018683007212034537,C1
0.2657213793182473,C1
0.08486899444381715,C1
0.08606181739909557,C1
0.12016036917997336,C1
0.06566780361731872,C1
0.013751186346107773,C1
0.10008340132842748,C1
0.13241544237630373,C1
0.0068677045036570055,C1
0.1023640830104956,C1
0.051912094284803145,C1
0.06213802864793465,C1
-0.041041266459673965,C1
0.15827651484183117,C1
9.21990763270264e-4,C1
0.13600649704019055,C1
0.12256796458262795,C1
0.10639926965951865,C1
0.028037005281406718,C1
0.12930277422538428,C1
0.05966778996189706,C1
0.14854197799035038,C1
-0.025662053734894164,C1
0.05770012106498084,C1
0.1490134315991685,C1
0.08260848589357024,C1
0.10265477103648378,C1
0.03857930020518806,C1
0.06118198542612646,C1
0.05277963066899059,C1
0.1497562394827166,C1
0.10919968669266229,C1
-0.023058339809290347,C1
-0.0447676712931554,C1
0.05601570253615485,C1
0.0620651696587229,C1
0.020079371216762603,C1
0.12835572412613577,C1
0.08533120412253961,C1
-0.12166497329500527,C1
0.096759123970152,C1
0.04422830783491294,C1
0.09367372791615917,C1
0.18844740539299576,C1
0.0457642544474326,C1
0.1514761983245983,C1
0.13790551110322793,C1
-0.08962359847925835,C1
0.04809995085840353,C1
-0.004886048872184204,C1
0.07206630273855286,C1
0.13031842295405555,C1
0.034215876691432105,C1
0.01682179990389229,C1
0.08748505915754012,C1
0.07065811794907956,C1
0.13406935521380958,C1
0.057972989661590146,C1
0.10545502297720102,C1
0.12287794929946663,C1
0.16412918533579293,C1
0.10422355089394797,C1
0.06756848858312611,C1
0.04375980014230221,C1
0.09955055598863974,C1
0.06443438371502104,C1
-0.0042575176786043,C1
0.09147884817181356,C1
0.02282999577587774,C1
0.14088231468584153,C1
0.04880131810283351,C1
0.06380825736859595,C1
0.04176100929280289,C1
0.05583832340536731,C1
0.03350903067761,C1
-0.02284414765717476,C1
0.22980905091231751,C1
0.1105360910350378,C1
-0.007426106400240065,C1
0.08981688323922982,C1
0.13320285219091432,C1
-0.010388200184984674,C1
0.02388899819271808,C1
-0.03477566065720916,C1
-0.017762998979834153,C1
0.13283780178482227,C1
0.10507835590885008,C1
-0.10135610775728136,C2
0.052118810519192975,C2
-0.12288462603457206,C2
0.06312790854421368,C2
-0.0686833003283796,C2
-0.04193820373141789,C2
-0.013096951673607304,C2
-0.190958521562082,C2
-0.05229653371618212,C2
-0.09505472775330208,C2
-0.017396355482042762,C2
-0.10336965188769529,C2
0.004303426966348622,C2
0.04114004445498364,C2
0.03140572365441684,C2
0.033155174780546394,C2
0.037653605951325726,C2
-0.059930589667182316,C2
-0.022611446294179945,C2
-0.03603510050967177,C2
0.07517217122525281,C2
-0.08112259123357302,C2
-0.19172840214327577,C2
0.1020655741879717,C2
-0.14428859682967826,C2
0.059817022303077616,C2
0.015607114108047535,C2
-0.08999258359713233,C2
0.029748205022844393,C2
0.04899569591967939,C2
-0.04350664414048522,C2
-0.010896243155408152,C2
-0.022588502013340825,C2
-0.16099231644548706,C2
-0.12680300721891513,C2
0.027192019702558756,C2
-0.2795645723828791,C2
-0.17460201758172844,C2
-0.059752637515084334,C2
0.057721699078883956,C2
-0.12495373669361848,C2
-0.23385322759336633,C2
0.02432583879076973,C2
0.010491561713796976,C2
0.11463208125782326,C2
-0.06155287183541495,C2
-0.011212830001059729,C2
-0.012802651412465949,C2
-0.1053764037110063,C2
-0.1627696988242701,C2
-0.0014322077333742966,C2
-0.07661004516142653,C2
-0.26500847747145845,C2
-0.014836783680233855,C2
-0.21574823599031462,C2
-0.084590835418313165,C2
-0.03437593393669411,C2
-0.020614649404512502,C2
-0.029089731796204235,C2
-0.06564332288692956,C2
-0.1066761784756141,C2
-0.09670091530213333,C2
-0.15125999537670776,C2
-0.034993044443753535,C2
0.03410532726171521,C2
0.046915892309623126,C2
-0.018063108781301622,C2
0.053815097021096575,C2
-0.005364737625180405,C2
-0.05157959772822963,C2
-0.03166529906247657,C2
-0.04069044819925849,C2
-0.07786888734489789,C2
0.033639566396174686,C2
-0.03672149990649143,C2
-0.056634217196851584,C2
-0.056119534443696814,C2
0.10893260541835988,C2
-0.05753308431965816,C2
-0.23476518944445648,C2
-0.008133278941090345,C2
-0.014583802053449143,C2
0.008151198358326672,C2
-0.08127571156772088,C2
0.0425836043939754,C2
-0.009290592363746866,C2
-0.03798557368252231,C2
-0.06004387660838542,C2
0.013182118301450003,C2
0.0792977539754485,C2
-0.1234697807807623,C2
-0.1092884304127192,C2
-0.05740212164921979,C2
-0.07944642268021329,C2
-0.046749311576373555,C2
0.009637122447612709,C2
-0.08723807354369628,C2
0.17286853114127035,C2
-0.11058584849140074,C2
-0.06147867901750037,C2
-0.0522862514968403,C2
-0.02279466842395552,C2
0.13013944677488656,C2
0.06399454095451212,C2
-0.0607600761041491,C2
-0.0376883750966477,C2
-0.05615583899659323,C2
-0.009640337212529262,C2
-0.1799040898006893,C2
0.008146730037414566,C2
-0.02324225995761324,C2
-0.01207708303077383,C2
0.05316258301639599,C2
0.02790147867043862,C2
-0.18292982676653083,C2
0.044844079778324525,C2
0.034244710124044245,C2
-0.06207236208053469,C2
-0.05876968806793955,C2
-0.16154403115984384,C2
0.11666075170638097,C2
0.10627920870162812,C2
-0.00981658286831661,C2
0.08709566848111375,C2
0.0020249905925481884,C2
-0.13705809468524177,C2
-0.06596577928469552,C2
-0.20015641745721893,C2
-0.06353160383368893,C2
-0.1254277579237659,C2
-0.05750111053592383,C2
0.04512398139125938,C2
-0.04272374967630891,C2
0.12382779996675547,C2
0.15507708727181801,C2
0.0010784043617133744,C2
0.1526492651087371,C2
-0.05409374612255694,C2
0.11504140778271812,C2
-0.08309400479237475,C2
-0.04042458772156234,C2
-0.020951696418019073,C2
-0.11822096495189874,C2
0.061089902003322996,C2
0.01769195030606153,C2
-0.03782139464931098,C2
-0.26129453567951716,C2
-0.10744471257794036,C2
-0.05336449517361405,C2
0.02909818075967315,C2
-0.10164415977332224,C2
-0.09421195512325892,C2
-0.03448225732838502,C2
-0.08700069560730729,C2
-0.03126648043817867,C2
-0.15265600007754312,C2
0.2204943006224322,C2
-0.042214026211253586,C2
0.027194541393003074,C2
-0.06290193234569023,C2
-0.08226955614234699,C2
-0.19491072574409596,C2
-0.08911047452673398,C2
-0.04619074060720926,C2
-0.04997591819189112,C2
-0.06111867609082754,C2
-0.06862455505208588,C2
-0.21004540870207397,C2
0.04495438921233179,C2
0.07390841153606849,C2
-0.0122488702367171,C2
-0.04970335423404522,C2
-0.046799479951247995,C2
0.026282895640025027,C2
0.18447520915260848,C2
-0.11248671519980866,C2
-0.032558849671410206,C2
-0.0293695710557691,C2
0.007364459244226976,C2
0.11654160607704442,C2
-0.024435291353751103,C2
-0.05680759925587532,C2
0.06172680569108694,C2
-0.06574276014584081,C2
0.20972850776494073,C2
0.1095792637865422,C2
-0.21985645482880728,C2
-0.15318190395402898,C2
0.01231109966985168,C2
0.1333824917572843,C2
-0.10490224982973548,C2
0.04661661639094529,C2
-0.05000156739226638,C2
-0.0859191161972917,C2
-0.024824724314185358,C2
-0.09511577902796892,C2
-0.019755464054116864,C2
-0.11801254769494796,C2
-0.09832869710102854,C2
0.05765663180587237,C2
0.05365117616549793,C2
-0.030914459236586832,C2
0.1437761933404373,C2
-0.02729584260430218,C2
0.028584071259056945,C2
-0.11140688614266708,C2
-0.06427836119581667,C2
-0.057388050708904445,C2
-0.0019532417852092593,C2
0.18957100169675656,C2
-0.06981557089123366,C2
-0.09134404434345983,C2
-0.05728897872310296,C2
-0.2640327422260705,C2
-0.012119200990292428,C2
-0.006829358628263747,C2
-0.18258764139564693,C2
0.03781565726296481,C2
0.10087546098136786,C2
0.1418452593159995,C2
0.07023692467201632,C2
-0.07608346712620083,C2
-0.16656764084240805,C2
-0.17968641916509714,C2
0.03038751255488656,C2
-0.017068345414066717,C2
-0.19112530852965673,C2
-0.016984849118320378,C2
-0.04740654310229794,C2
0.14159448254328427,C2
0.01804692569802222,C2
0.22188408597694803,C2
0.025886255907060278,C2
0.12616337729300953,C2
0.007984879708875812,C2
-0.05131839363916005,C2
0.08640385921493836,C2
-0.05569155565578963,C2
-0.014362136185470595,C2
-0.14951369582494756,C2
0.07506800923204317,C2
0.013955314924095163,C2
0.0995514458472369,C2
0.15901379106351898,C2
-0.015256116626472749,C2
-0.03808661049371277,C2
-0.0472638397789059,C2
-0.0617114902496346,C2
-0.12512112304840847,C2
-0.16473517856092,C2
-0.19971767131075457,C2
-0.01697928425463857,C2
-0.013720396612077156,C2
0.025548770037373984,C2
0.03349761089532984,C2
-0.033508236878411805,C2
-0.032930154097114035,C2
-0.03992514190999162,C2
-0.06843516263853991,C2
-0.14835313444839093,C2
0.1137802860251558,C2
-0.12510332537354749,C2
0.05441895119885953,C2
-0.06207236208053469,C2
-0.051931676593033216,C2
-0.13757861425804077,C2
-0.10780186971588032,C2
-0.038220713403824096,C2
-0.0495312607702099,C2
-0.1876503443147011,C2
-0.008655888862044474,C2
-0.026778712545917936,C2
-0.028657908447321245,C2
0.004054629724256818,C2
-0.13413556551684336,C2
-0.15917688184463016,C2
-0.008967092628311133,C2
0.09243928909589455,C2
0.037681110720020186,C2
0.1638382001249515,C2
-0.23003251673814087,C2
-0.05638967425580008,C2
0.014939926964933061,C2
-0.1030686793614988,C2
-0.09869097185376188,C2
0.08116773484184683,C2
0.0413668915610752,C2
-0.0829152930451952,C2
-0.05909698205793153,C2
-0.12488857958573418,C2
-0.03726864995346955,C2
0.017905161728087468,C2
0.037424972353250895,C2
-0.05414877616400224,C2
-0.04658262254349701,C2
0.043009953790535155,C2
-0.024223724562454196,C2
-0.14342042104829167,C2
0.19474695705141692,C2
-0.03503209085694924,C2
0.2011344889984474,C2
-0.06901470281223425,C2
0.06039227903800111,C2
0.0849323098865921,C2
-0.0549949141885014,C2
-0.011487275433972328,C2
0.07402610454416071,C2
-0.020122453964405068,C2
-0.03531517901724396,C2
0.08833502571233473,C2
-0.03576925375917944,C2
-0.24493911433836169,C2
-0.019618954124970674,C2
0.08640385921493836,C2
0.017122433468026527,C2
0.007147831210336034,C2
0.06135763068486169,C2
-0.14760515529776083,C2
-2.3279699659242703e-4,C2
0.12103342494704501,C2
-0.07047122071886885,C2
0.004342941599657393,C2
-0.12797051878291724,C2
-0.059752637515084334,C2
-0.037932064265938356,C2
-0.021515089677122887,C2
0.0018572884147169825,C2
-0.06982470310532196,C2
0.10210030297271659,C2
0.02983204960379493,C2
0.011877801832901963,C2
-0.016416956409597956,C2
-0.07468445940782321,C2
0.09127881914467162,C2
-0.03931931885536347,C2
-0.09693971571752,C2
-0.08746722818408206,C2
0.07063154768077456,C2
-0.19316263474725567,C2
0.27048013829747597,C2
-0.04303172922722796,C2
0.07242157080686955,C2
-0.07732208863406273,C2
0.14142192039567264,C2
0.03770996699518414,C2
0.091984092159813,C2
0.08630736939304241,C2
-0.09996809808632487,C2
-0.05012962550254858,C2
-0.009209375120578227,C2
-0.07006943824634221,C2
-0.04046506275216443,C2
-0.1502259897118582,C2
-0.0609155386185969,C2
-0.13591666998116067,C2
-0.05066323533676755,C2
-0.1014027886949422,C2
-0.017010379825348282,C2
-0.14384275118604778,C2
-0.08603275045992036,C2
-0.02835803332380766,C2
-0.016043596126947307,C2
-0.03055871135686015,C2
0.04306318501256351,C2
0.13790848184206156,C2
-0.09753790406257429,C2
0.01651069208294703,C2
0.07416789207339872,C2
-0.1060882024860873,C2
0.03615076893806313,C2
0.09573786589500419,C2
-0.06674965203726188,C2
0.03902335973805017,C2
-0.0019458139570640298,C2
0.028976734829765524,C2
-0.15387375417513272,C2
-0.12381199771168042,C2
0.056806488199166436,C2
-0.07334452291457885,C2
0.030753923937412463,C2
-0.06792426080569909,C2
-0.006346307517092281,C2
0.0209184799072554,C2
0.036496193687679375,C2
0.15015542558703898,C2
-0.013072252929958828,C2
0.04057843055960134,C2
0.06172295390791692,C2
0.04117470180013201,C2
0.13874754139298678,C2
0.01178654750050534,C2
-0.0898171774834707,C2
-0.12680315973434955,C2
-0.11370619805591899,C2
0.02640239333506319,C2
-0.028065027900678406,C2
0.05153722443326641,C2
-0.10917104406036826,C2
-0.04635874449963592,C2
-0.11366881048907142,C2
-0.014648758092331137,C2
0.13376641674895257,C2
0.014458232232534597,C2
-0.16668545050190817,C2
-0.07147871362542026,C2
-0.017774044981833444,C2
-0.08627571875654276,C2
-0.09865704153740454,C2
-0.05950613854192572,C2
0.0014007802595246699,C2
-0.07132675132185298,C2
-0.03555097535405473,C2
-0.11325464877177543,C2
-0.13381172606650782,C2
-0.0741190901835445,C2
0.008454297344383424,C2
-0.07234549083553048,C2
-0.06522680619476204,C2
-0.05012962550254858,C2
-0.09372551641470722,C2
-0.05437841379544134,C2
-0.0867052829049738,C2
-0.05302445823397311,C2
-0.1510560344622213,C2
0.10395344120369034,C2
-0.06073434491293534,C2
-0.005173057331878474,C2
-0.08318856129767002,C2
-0.12455863134641804,C2
-0.13308116389085423,C2
-0.08080402695409677,C2
-0.05456452581930073,C2
0.030365596947350616,C2
-0.15576998761063565,C2
0.003633853556781849,C2
0.04843546747769131,C2
0.03160976915736309,C2
-0.058203265661271736,C2
0.040559876120437134,C2
-0.05966204584512025,C2
-0.007162673206191121,C2
-0.011222549336867605,C2
0.06239853769442044,C2
0.012579257598548416,C2
-0.1181153735001449,C2
0.17790235731551388,C2
-0.021918626640309594,C2
0.09615045659157984,C2
0.06446929941528837,C2
-0.17253652585852622,C2
-0.09919966481535579,C2
-0.09359295028303724,C2
-0.08157957592469825,C2
-0.04441617217531184,C2
0.11679131665890685,C2
8.336551052106206e-4,C2
-0.05022005294143232,C2
-0.024935878118241495,C2
0.05698614408759096,C2
0.1894476663453706,C2
-0.20090812665563154,C2
-0.0708672546847886,C2
-0.019362205551002848,C2
-0.1046107702096675,C2
-0.060376368490921484,C2
0.028027572750944457,C2
0.07048659985545422,C2
-0.10241106593065967,C2
-0.03665895319945933,C2
0.013725316210330428,C2
0.032200391134707115,C2
-0.10130775862560215,C2
-0.1129032276193295,C2
-0.04072889977389574,C2
-0.09574284055534915,C2
0.06974478784756827,C2
-0.05621352834851931,C2
-0.19792781827095987,C2
-0.1388753624030078,C2
-0.17042683863731778,C2
-0.17263767537750166,C2
-0.0747508040969339,C2
-0.08815686030749331,C2
-0.02615313489760622,C2
0.014614044917324959,C2
-0.1840544730164661,C2
0.009232804547969563,C2
-0.16148113438373324,C2
-0.12539605544836052,C2
-0.18819062254975127,C2
-0.04591614181116408,C2
0.04540489575097817,C2
0.031228813558329842,C2
-0.01984921249702598,C2
-0.08111556181845439,C2
0.041500280601209576,C2
-0.20191861390862378,C2
-0.05259675361735133,C2
-0.0351706159472059,C2
0.13590379841418226,C2
0.018231688805793192,C2
0.03351027750239807,C2
0.006110421047048432,C2
0.0365381502119359,C2
0.07654577908968968,C2
0.0227678119655276,C2
-0.03913757651697966,C2
-0.07641073235106,C2
-0.040039813635115676,C2
-0.12431838723126351,C2
0.04131591134546607,C2
-0.08979907891152276,C2
0.04638381905518826,C2
-0.04016697027152155,C2
0.012345534759909814,C2
-0.02771424807859841,C2
-0.12215752677881467,C2
0.0636882532990297,C2
-0.10613178131269026,C2
0.20954343184839705,C2
0.05739061572631958,C2
-0.15986298623116063,C2
-0.04762650258329855,C2
0.11420150658654626,C2
-0.04299712244194387,C2
0.022672487104993908,C2
-0.25413081625900125,C2
0.09950330505413726,C2
-0.05936584918685772,C2
0.09885069219365111,C2
0.004192646199854044,C2
-0.016455106653137624,C2
-0.004179245094451285,C2
0.019621644426029358,C2
0.0845189408822245,C2
0.04552515108142142,C2
-0.023335172656013366,C2
0.04827960921799907,C2
-0.021561887959687484,C2
-0.2166504835400405,C2
-0.10204188481774601,C2
-0.012571473957003337,C2
-0.08755060425907515,C2
-0.22043466473035445,C2
0.035860207384683714,C2
-0.05153458498620389,C2
-0.08233295328707436,C2
0.1726418610871932,C2
-0.010973695135900394,C2
0.017979244876193456,C2
0.05729863602715266,C2
0.10482333096217496,C2
0.08308431147557704,C2
-0.11534967781707968,C2
-0.07585851921448178,C2
0.04816435779501789,C2
-0.06136960280748385,C2
0.20288097498589547,C2
-0.042297679806155924,C2
0.03806799107759856,C2
0.017821548859559375,C2
-0.06438129354123846,C2
-0.06293957157136325,C2
0.20334300448386483,C2
-0.05691149664852091,C2
-0.09596126661723466,C2
-0.1556552823716999,C2
-0.12128479467904207,C2
-0.1772574277208343,C2
-0.1620541531915497,C2
-0.21935118034768952,C2
-0.06235209839929792,C2
0.10995750611404054,C2
-0.03737385898584238,C2
-0.09098953478109238,C2
-0.10943303675430621,C2
0.012628658983859481,C2
0.1221425599680708,C2
0.08304070341868768,C2
-0.13036633567780537,C2
-0.07555171950542065,C2
1.5963937603495626e-4,C2
0.08557604578686545,C2
-0.13766975712364188,C2
-0.05802633063364443,C2
-0.09981870105571947,C2
-0.06401522409585662,C2
0.10800586172614668,C2
0.13626980105972233,C2
-0.01808005007275694,C2
-0.14704251654641226,C2
0.007480105902726936,C2
0.05402076278593773,C2
0.12180085662443271,C2
-0.11324183180175827,C2
-0.15911820007146182,C2
-0.18222409283865174,C2
0.015270024651536873,C2
-0.06866486047749847,C2
0.10258229746061587,C2
0.028762986401755068,C2
0.13143989397697042,C2
-0.23089822547741187,C2
-0.1371619559732536,C2
0.04236034316750851,C2
-0.09561936417944367,C2
0.027252139024114427,C2
-0.12754932114655357,C2
-0.0645613378674008,C2
0.06169842029980288,C2
-0.11528551553071703,C2
-0.07602644799340144,C2
-0.1490623352142329,C2
0.012050347238526708,C2
0.0692127497664872,C2
0.12108550251142228,C2
-0.012297083896912309,C2
-0.06521300604964125,C2
-0.0915184825420205,C2
0.11004117974691302,C2
0.08019637402145302,C2
-0.02468231765664318,C2
-0.01814860484027641,C2
-0.05634885884206328,C2
0.021700053771696134,C2
0.09540324663764402,C2
-0.07730778574096359,C2
-0.1857028350769318,C2
0.04871761401450841,C2
-0.09662775437177358,C2
-0.1055940412341741,C2
0.049550094811426484,C2
-0.18553324008795585,C2
-0.15150018238535223,C2
-0.09140271172270537,C2
0.09213779969889473,C2
0.2147480564915148,C2
-0.03172088988497872,C2
-0.06585900411648403,C2
-0.252828246548904,C2
0.05415812689183983,C2
-0.0391043291590622,C2
0.0359154282597796,C2
0.13631939756274755,C2
-0.12546477890905233,C2
0.03349086915416668,C2
-0.0357872589849923,C2
-0.07990769545318258,C2
-0.04068113112079473,C2
0.0034756703747420023,C2
-0.013708658613087413,C2
0.0538073941222008,C2
-0.057246246294895525,C2
0.16784114567651712,C2
0.009916649207202234,C2
-0.2309324596584339,C2
-0.14799011502443132,C2
-0.09294523202352697,C2
-0.11168993675121741,C2
-0.19824594103366977,C2
0.06163259236425003,C2
0.024674067377860542,C2
-0.06250206113683274,C2
0.05665929381878902,C2
-0.09300855307915437,C2
-0.06203285061340952,C2
-0.11128222377592253,C2
0.13464505715646397,C2
-0.16662034323186717,C2
-0.10465635642228892,C2
-0.10858124887208646,C2
-0.12787714913251577,C2
-0.0516377590792568,C2
-0.10977653607563241,C2
-0.20005476999429972,C2
-0.13625870605827617,C2
0.05285103317093717,C2
0.06356081276489958,C2
-0.16021883587311425,C2
-0.06401522409585662,C2
-0.04837284872756752,C2
0.15819054946424901,C2
-0.04751850835820806,C2
0.04837358142330013,C2
0.04700525793858447,C2
-0.12450570134629221,C2
-0.08655761753421631,C2
-0.0591711317980826,C2
-0.06028200730849945,C2
-0.027015722714786194,C2
0.019075495301968608,C2
0.08408648726182402,C2
0.060224213998711106,C2
-0.020863640398214624,C2
0.14303578331235112,C2
0.03579307486692913,C2
0.07992892473298893,C2
-0.13595092869407416,C2
-0.06416589125838276,C2
-0.030000258499944584,C2
-0.03023086498726435,C2
0.05291967838575248,C2
-0.15351019225756865,C2
-0.09916201644328956,C2
0.05021600662510903,C2
0.030715680161443118,C2
-0.009777530691740012,C2
-0.2095046467577512,C2
-0.04840391937270473,C2
-0.05775823127353944,C2
0.18380513808038937,C2
0.2089912830155776,C2
-0.007800311156631878,C2
0.05957567840612552,C2
0.14878892342287983,C2
0.1633790115612262,C2
-0.03714333301178059,C2
-0.007209796200671564,C2
-0.11175512305936472,C2
-0.06966961488922016,C2
-0.0035768094378203774,C2
0.08344552446817977,C2
0.07894324530454969,C2
0.12367159599263357,C2
-0.19525089838890594,C2
-0.1275579186415594,C2
-0.18258735914210425,C2
-0.10654105150503329,C2
-0.03793696272776414,C2
-0.06595179018228742,C2
0.05174769516355687,C2
-0.1027571401688023,C2
0.09290467450413045,C2
-0.07898206545727396,C2
-0.001160902622270421,C2
-0.12996011804100022,C2
0.015325281232318168,C2
-0.014928189080943732,C2
-0.2274103797479431,C2
0.1844773979582213,C2
0.07091921290208639,C2
-0.0013310521711756632,C2
0.14476456033982907,C2
0.025958621223111523,C2
-0.17789572427612127,C2
0.03315320932247836,C2
-0.04719019115935384,C2
-0.1059777888659339,C2
-0.09663956668863807,C2
0.0019167251253990533,C2
-0.04803142632741746,C2
-0.13879586418780418,C2
-0.06857456734469038,C2
-0.09438463510901621,C2
0.10995382480281961,C2
0.1723923578048325,C2
0.04719614456457953,C2
-0.12955268350254773,C2
-0.05805506573635169,C2
-0.15884822233681234,C2
-0.19282284981166886,C2
0.14264449842465715,C2
-0.04676733701925623,C2
0.12527623656723136,C2
-0.10179729784253141,C2
-0.014789205846885978,C2
0.12479657503597834,C2
-0.1486275844126838,C2
-0.06814416005494421,C2
-0.1045306427097094,C2
-0.1108466539059138,C2
0.11987262348776898,C2
-0.020808716036340713,C2
-0.10561603914538555,C2
-0.25189784358034656,C2
-0.08746385603865339,C2
-0.11614503052433509,C2
-0.15114369241622755,C2
-0.12851106665131307,C2
0.1729144622840054,C2
-0.0605231167774158,C2
-0.08290704254239815,C2
0.07284132434440982,C2
-0.08922202813659091,C2
0.046850857672914685,C2
0.15032402184930704,C2
-0.018574706376142912,C2
0.07298694582221463,C2
0.08128077081994942,C2
-0.0750780991991192,C2
-0.14523438554038795,C2
-0.1968553484038976,C2
0.022544126009200617,C2
0.044459712553531636,C2
-0.007998655226387687,C2
0.025596830105966667,C2
-0.09608035486321434,C2
-0.001819201716480208,C2
-0.0396629221163255,C2
-0.13171541963010575,C2
-0.07563455050805185,C2
0.12786911145199337,C2
-0.08768812015971734,C2
0.08167784954765576,C2
-0.03637586062838534,C2
-0.13868731961352737,C2
0.093807283374926,C2
-0.173751001863471,C2
-0.08714524391774368,C2
-0.005411718724356862,C2
0.006751457567869448,C2
-0.0060443167215005235,C2
-0.04019468910721201,C2
-0.17866272465190486,C2
-0.023698090812694556,C2
-0.08473353363251854,C2
-0.10139270012836138,C2
0.045778585442331876,C2
0.052300948171278054,C2
0.07816807269263515,C2
0.06508286293586098,C2
-0.020338405152206543,C2
-0.03646037488878441,C2
-0.051331840389073284,C2
0.01771897587783556,C2
-0.07097794667154464,C2
-0.15096054641579354,C2
-0.008662136519519234,C2
0.09014285874104436,C2
-0.13785200486083016,C2
0.0871592589039719,C2
-0.15638906508029768,C2
-0.07675518477735557,C2
0.04026290297215205,C2
-0.0948606963916106,C2
-0.15292785173882134,C2
0.03259736227009473,C2
0.015640792913209408,C2
0.09892080863215141,C2
-0.07909968258455241,C2
-0.09386758873583785,C2
0.08838980218371764,C2
-0.12219075370908407,C2
-0.05814368939659791,C2
-0.04699570740754296,C2
0.06647836294557621,C2
-0.16275219686297043,C2
-0.014175853114036945,C2
-0.020567260504063985,C2
0.034270063137376044,C2
-0.006168088619622376,C2
0.042000439224624875,C2
-0.12608688986354627,C2
-0.04800658380916316,C2
-0.05634795397961798,C2
0.05323416735272277,C2
-0.1401053068165983,C2
-0.13022660824958943,C2
-0.1494021126142039,C2
-0.1643364888482829,C2
0.027647107109596843,C2
-0.08603804853190342,C2
-0.07704207915336338,C2
-0.027244571917591207,C2
0.08418928627405059,C2
0.038355212910836434,C2
0.04500977087393608,C2
-0.053993527738250516,C2
0.08650680932576417,C2
0.14876386756075793,C2
-0.04239722852129106,C2
0.05061503392263339,C2
0.02332780044460403,C2
-0.16362190373433533,C2
-0.20656700791274513,C2
-0.03203442948183516,C2
0.021368486904082717,C2
-0.012801620282039891,C2
-0.1834641032349769,C2
-0.11624220506414673,C2
-0.01834277883380751,C2
-0.09500835563586801,C2
-0.20386016201941243,C2
-0.061644708669803414,C2
-0.03152301525621444,C2
-0.027525576871154984,C2
-0.19285065073961205,C2
0.06895005674037284,C2
-0.07303494587790353,C2
0.08343532835721906,C2
0.08773663195351711,C2
-0.19544638169445455,C2
-0.005360754912919281,C2
-0.013759168311448806,C2
-0.0858770117588681,C2
-0.04220028150914766,C2
-0.032937541330456066,C2
-0.2119168217431166,C2
-0.1670375590895996,C2
0.04719061102909762,C2
-0.17534245360939807,C2
0.06846937054003883,C2
0.003940122051080103,C2
-0.005949436411962085,C2
-0.08244487239532865,C2
-0.1043541846897734,C2
0.1918807387986329,C2
-0.07869860525324299,C2
0.04204904522596309,C2
-0.019040338750840997,C2
0.1587577382167503,C2
-0.030249716862429218,C2
0.00862164545464731,C2
-0.1877139372603034,C2
-0.1024858097946539,C2
0.037818883658484,C2
-0.2125632436842348,C2
-0.15664375884900628,C2
0.0024602906716945025,C2
-0.041009997614145415,C2
0.04689304300297154,C2
-0.002571560502762589,C2
-0.013312563954125743,C2
-0.12060341908134105,C2
0.055516175057855444,C2
-0.02168542562256512,C2
-0.034127524611796856,C2
0.004197332294209349,C2
0.028027367224045155,C2
0.064963761179791,C2
-0.136891864225503,C2
-0.09722893183844435,C2
-0.05753590661456297,C2
-7.438629954447662e-4,C2
-0.19347021647657425,C2
0.038017748476396884,C2
0.14582073408570437,C2
-0.009762639694814806,C2
-0.1373866123897466,C2
0.09143923821062047,C2
-0.02192283875895537,C2
-0.1232432783252477,C2
-0.06197962627866363,C2
-0.06495431345803114,C2
0.029373787259288915,C2
0.06395189043358167,C2
-0.07292572027699269,C2
0.08754270366381156,C2
-0.058155142762170924,C2
-0.1164862208283019,C2
-0.13711151200800598,C2
-0.03665675003536645,C2
-0.23983418464611891,C2
-0.043100814919072944,C2
0.07596805396994412,C2
-0.15496173498432164,C2
-0.001812586174297387,C2
0.059062586106714235,C2
0.047135727946383044,C2
0.02535904388723649,C2
0.03676943118025967,C2
-0.02786536374980571,C2
0.17446564508984322,C2
-0.03912198455793129,C2
3.943586250981859e-4,C2
0.010848609604739275,C2
0.10310055798143684,C2
0.029482336167928905,C2
0.00979909011772015,C2
0.022787852331553587,C2
-0.04958132459839959,C2
-0.173616012915222,C2
0.049794348386913094,C2
-0.02946013569595922,C2
-0.10492288002983632,C2
-0.11981882384678559,C2
0.04563130141054364,C2
-0.03239981930029748,C2
0.010539416773409901,C2
0.21316356623717245,C2
0.06318287339542328,C2
-0.11393007136500093,C2
-0.09833111841123325,C2
-0.07738860263693302,C2
-0.28544483724572767,C2
-0.2499715165579205,C2
0.03366407659936162,C2
-0.09149952663701058,C2
0.07232407714520758,C2
-0.05335013572283723,C2
0.041529571815860034,C2
0.050269402895071535,C2
-0.008832714149950436,C2
0.11204564027173129,C2
0.03958139236703013,C2
-0.037643440507237655,C2
0.0524520157659677,C2
0.07970298535973523,C2
0.17687370930187024,C2
0.11888043497096823,C2
-0.12147126528311687,C2
-0.02301912251822138,C2
-0.19546301316357845,C2
-0.14041148450973054,C2
-0.15330722197263774,C2
-0.18353259599600313,C2
-0.04329879641626986,C2
-0.13548437833237365,C2
-0.09277605186173303,C2
-0.1471507174258592,C2
0.004001110096925692,C2
-0.09854175435038598,C2
-0.039633308711136656,C2
0.022750690747318014,C2
0.09529189146287068,C2
-0.2125198855947237,C2
-0.07192106408477818,C2
-0.02188761129931751,C2
0.13200126223571584,C2
0.035070153126524506,C2
-0.2758200464659853,C2
0.029204399572376468,C2
-0.016864320695739198,C2
0.13148309254491647,C2
-0.08508688863308764,C2
-0.005882837243327763,C2
-0.038650540606357524,C2
-0.01345965698056055,C2
-0.05389067073548826,C2
-0.04140344070170843,C2
0.12038618280504412,C2
0.03257833999714603,C2
0.011591914181862048,C2
-0.061243966946240055,C2
0.02232570190146145,C2
0.004274840433313883,C2
-0.06504177806902722,C2
-0.053025689685342735,C2
-0.02461525741241713,C2
-0.07265468005372541,C2
0.037033763283581336,C2
0.04460495117850627,C2
-0.10089076668428082,C2
0.10087157465186233,C2
0.02319317444221841,C2
-0.09210672753195917,C2
-0.10654745313161111,C2
-0.054638824191813866,C2
-0.10828237998616233,C2
0.0936590799191059,C2
0.03488139795680287,C2
-0.02158918820540474,C2
0.03193047430777227,C2
-6.665992525426243e-4,C2
-0.2258124941457473,C2
0.004883852280299865,C2
-0.009430336790969234,C2
0.0695470084867037,C2
0.03707586668603336,C2
0.03927923221610198,C2
0.08009910350481604,C2
-0.05849244633373407,C2
-0.02385233478120761,C2
-0.018107419552542525,C2
0.1184840932603803,C2
0.019197357130693333,C2
-0.07610503052735224,C2
-0.001801628139878094,C2
-0.04762937978501229,C2
-0.05014376143347689,C2
-0.08119749573479806,C2
-0.11429198105735544,C2
-0.08563327371667118,C2
-0.01944068134144522,C2
0.12773563914960284,C2
0.08993182584247958,C2
0.08713992317173624,C2
-0.0817697023952064,C2
-0.0907325473730428,C2
0.01265165642514969,C2
0.053053021450553156,C2
-0.047714132616246276,C2
-0.13866584514600439,C2
-0.010106474201873774,C2
-0.08078535461277045,C2
-0.0449213099856106,C2
-0.03198620688379532,C2
0.17293309054431671,C2
0.0797707501130664,C2
0.07330842187937457,C2
0.12731195631520117,C2
0.006247271762850767,C2
0.09873427617624868,C2
-0.09862794540983742,C2
-0.11256303768498335,C2
-0.07719770802012393,C2
0.11615513978887096,C2
-0.19881808086157382,C2
-0.023942190719270007,C2
-0.12988033923457892,C2
0.01503673041492944,C2
-0.01626009797418943,C2
-0.2620354042671509,C2
-0.020605287631322432,C2
-0.07239852853289326,C2
-0.06612984199805588,C2
0.06958600254487998,C2
0.11864884304949105,C2
0.13619817144171836,C2
0.02832343840312506,C2
-0.15700187723832135,C2
0.06350011800992629,C2
0.015239748071917022,C2
-0.007523066781678786,C2
-0.023647673193264957,C2
-0.05174211160520633,C2
0.11049899617044773,C2
-0.13105925771245663,C2
0.07882636617266803,C2
0.0049461788931741395,C2
-0.0045797266228265535,C2
-0.062168435699023236,C2
-0.00980176439259131,C2
0.146978017529504,C2
0.014089280921647952,C2
-0.13330176296241497,C2
-0.01268124606790172,C2
-0.08668040760832862,C2
0.05167097603968474,C2
-0.18647679972360953,C2
0.006269704355860672,C2
-0.08513033652054922,C2
0.06783515824338901,C2
-0.04423128313381767,C2
-0.11931531078205507,C2
0.12128872139672618,C2
-0.01944068134144522,C2
-0.06973033110481668,C2
-0.03880017244670851,C2
0.07958616249918898,C2
-0.15086851608846058,C2
0.06577553825099638,C2
0.08437381175233266,C2
-0.11834849365768998,C2
-0.10530061150201167,C2
-0.23162958150493002,C2
0.1998896964021447,C2
-0.1424029619182621,C2
-0.07222875722695134,C2
5.758560819893038e-4,C2
-0.14238070637000957,C2
-0.07868126073872304,C2
-0.07343557936081198,C2
0.022089931756052117,C2
-0.10691939814340816,C2
-0.16454498460634934,C2
0.05330318082788735,C2
0.02634244896153107,C2
-0.14947478648618168,C2
0.03129859112462513,C2
-0.33087613560169704,C2
0.03833004130651509,C2
0.15695515296637064,C2
-0.13347556381951386,C2
-0.09525070769049243,C2
-0.2238077141717417,C2
0.04594529395961286,C2
-0.00891477813924603,C2
-0.004838696415674158,C2
0.0039256508741518405,C2
0.11059513836466482,C2
0.1135671232432676,C2
-0.06084719079586046,C2
-0.1528403340109783,C2
0.1968622773663985,C2
0.10225573657808812,C2
0.07253371879261439,C2
0.07625386926738,C2
0.13944180598242292,C2
0.048733360073149,C2
0.022818676132345145,C2
-0.011541779055973186,C2
-0.0631406461412097,C2
-0.13472703536524017,C2
-0.21683211187880566,C2
0.04256388607407792,C2
0.10422822694374978,C2
-0.004369961799249592,C2
0.14051809950924038,C2
0.023498771491608596,C2
-0.08172380133104147,C2
-0.06745953757937839,C2
-0.03226168676555248,C2
-0.12570090812008586,C2
-0.08284042764596464,C2
-0.04786746339279461,C2
-0.10112046844499747,C2
-0.18904597280684918,C2
0.050314380327569866,C2
-0.10024912996974539,C2
-0.15315746266394914,C2
-0.2148309551776975,C2
-0.13015140062682223,C2
0.1256103510103765,C2
-0.1218413885291465,C2
-0.11645186937251344,C2
-0.00512428429825669,C2
-0.32557311235900704,C2
0.022629720183404076,C2
-0.01363167411212584,C2
-0.0315092235327358,C2
0.03216775386457269,C2
0.041552819390521356,C2
-0.06166919200927323,C2
0.01859253149779032,C2
0.11916456855202878,C2
-0.17633867297141426,C2
-0.1970730655075224,C2
0.0626391147710526,C2
0.009038617463646648,C2
0.02715682293691508,C2
-0.015916628554758488,C2
-0.01951566724504593,C2
0.042099672753031274,C2
-0.0015475901621091054,C2
-0.01024969537590651,C2
0.03332279377425555,C2
0.026883475159561493,C2
0.1052152910224096,C2
0.006618832658769579,C2
-0.23770128480219474,C2
0.04359905819734855,C2
-0.14971768466590046,C2
-0.33512038053432264,C2
0.01639468793743496,C2
0.08860350895520919,C2
-0.11370243315887292,C2
0.12739366969912258,C2
-0.16882864109274237,C2
-0.05269997249117496,C2
-0.10132713772091864,C2
0.043596278239514716,C2
-0.0026357538721196293,C2
0.042787897866005856,C2
-0.005102078988637335,C2
-0.15526769253694933,C2
-0.06505959310719703,C2
0.03736206380403023,C2
0.10252648347621916,C2
-0.08088414626409884,C2
-0.18061406191043683,C2
-0.24722690002397477,C2
-0.05006722724421613,C2
-0.09403094283744164,C2
-0.11935421135754382,C2
0.051771877461906715,C2
-0.10417048382757788,C2
0.050424071126223664,C2
-0.06563430720301938,C2
-0.044468658562382454,C2
-0.10869905297043737,C2
0.06736768694221999,C2
0.1258748248272168,C2
0.06507894498671032,C2
0.07806245017380184,C2
0.04436926841436811,C2
0.03526482469791649,C2
-0.0703985876172309,C2
-0.04082542930474497,C2
-0.13334073747300473,C2
-0.08563981347219993,C2
-0.12363561116464886,C2
-0.06660582091043202,C2
-0.2343124025399521,C2
-0.0607446365626297,C2
-0.0710610743593928,C2
0.05206666984601465,C2
0.09947001457439232,C2
0.1166932477925553,C2
0.018607368715941756,C2
-6.653158853156332e-5,C2
-0.039723699156101966,C2
-0.07739160186447022,C2
-0.1400972290315434,C2
0.1145191025648026,C2
-0.11087244498405205,C2
-0.08297755111376967,C2
0.07728370749558895,C2
-0.07088834390324514,C2
0.041565963420099404,C2
0.0625935211696797,C2
-0.16265231572129676,C2
9.345993173328435e-4,C2
-0.07150538774913856,C2
-0.0902655362022533,C2
-0.15706041626112138,C2
-0.044235560367466696,C2
-0.1898994556693643,C2
-0.13203880777414287,C2
-0.06909950871877228,C2
0.011827048732237945,C2
0.041144474645382526,C2
-0.03508837126842473,C2
-0.03190173313488539,C2
-0.05953094621985345,C2
-0.06537753578489794,C2
-0.10424089377952547,C2
-0.151796869518599,C2
-0.18251999083584203,C2
0.06195708394771263,C2
0.12079749983241876,C2
0.007760651240799735,C2
-0.061482856566620114,C2
-0.08805879430426104,C2
-0.19591807384755958,C2
-0.11776261574755972,C2
-0.07367268219128875,C2
0.10190192658756708,C2
-0.267372702639745,C2
-0.08756499074607918,C2
-0.017194961608238912,C2
-0.036696470930320635,C2
0.06932038195554052,C2
-0.13250860833644057,C2
0.0482044170494286,C2
0.01041833485212303,C2
-0.08467843887258628,C2
-0.07819452970779911,C2
0.04970291445454719,C2
0.055046285845410395,C2
-0.09050490236780408,C2
0.011057389070726481,C2
-0.10154347981498621,C2
-0.21849866835417298,C2
-0.040668504880899674,C2
-0.1575933214203511,C2
0.056344380742257685,C2
-0.028306858157926926,C2
-0.03620376150021509,C2
-0.1005334066103379,C2
0.05361729586866763,C2
-0.030705371785248445,C2
-0.12786911619887834,C2
-0.15075149368510551,C2
-0.07355471168106519,C2
-0.03201362016827704,C2
-0.06175943260897716,C2
-0.09940334812382369,C2
-0.03431085067773196,C2
-0.09419879064522521,C2
0.07678211317091574,C2
-0.08638520721163297,C2
-0.027381425973714874,C2
-0.16966859878274976,C2
-0.05241929625017658,C2
-0.09210181995481022,C2
-0.030349980112410864,C2
0.0938854748623261,C2
-0.05600380038486036,C2
-0.08815331926803159,C2
-0.10859169519898902,C2
-0.05608598564131612,C2
0.08601184322888655,C2
0.018124344494538983,C2
0.11951594663259343,C2
0.08879270675305576,C2
-0.05911002811990137,C2
-0.03090585651209416,C2
-0.001770428429642451,C2
-0.10879547988787061,C2
0.025606181446820128,C2
0.05853029506942044,C2
-0.0819251864983391,C2
0.082966128077214707,C2
-0.09461296947278305,C2
-0.0907325473730428,C2
0.11668235083003486,C2
0.14364452159890306,C2
-0.03296450484485339,C2
0.051605860878498534,C2
-0.1545064624013528,C2
-0.0719895353008633,C2
0.005585654579554185,C2
0.08214983615480524,C2
0.0021718990325313436,C2
-0.05825589161277403,C2
0.11702172790524039,C2
-0.021123956883263337,C2
-0.002971112672455596,C2
0.02511110541466731,C2
0.07766815811681681,C2
-0.1295088967696691,C2
-0.13010777272350285,C2
0.05422688392324432,C2
-0.1318069650255101,C2
-0.1077204516039289,C2
0.03701666101515848,C2
0.03634405270175311,C2
0.005099464208588894,C2
-0.11408277223686286,C2
-0.08859992271390346,C2
0.028159971568807608,C2
-0.014913518471860537,C2
0.10798969477720961,C2
0.030133390779653782,C2
-0.10010941035770317,C2
-0.15500399939706422,C2
-0.024189230655639493,C2
-0.2176569342470413,C2
-0.025940789990635267,C2
0.004669956187928647,C2
-0.2759084189151102,C2
-0.10753394684479715,C2
-0.07871849179063625,C2
-0.1870202813065709,C2
-0.15699086186457237,C2
0.029165905181603544,C2
0.10285767628518026,C2
-0.05724233270535267,C2
0.03130091142923001,C2
0.09927746493759773,C2
0.06173293572321045,C2
-0.23098820234165612,C2
-0.17317452574456826,C2
-0.1581683711987172,C2
-0.03003073918724338,C2
-0.0117788856725402,C2
-0.10099581417364027,C2
0.061773688180438546,C2
-0.03047884619273663,C2
0.13858199433995905,C2
-0.009320832352768947,C2
0.12133123641529554,C2
-0.1414929217441957,C2
-0.22703098560849075,C2
0.02663863610473921,C2
-0.06254001677590437,C2
0.08508918616970612,C2
0.049929857655888386,C2
-0.14611718041507965,C2
-0.1935558159001157,C2
0.053153866978424474,C2
0.011766048651242473,C2
-0.1294498664768228,C2
-0.03690976274867898,C2
-0.09756331350974431,C2
-0.002240268307566004,C2
-0.001981693202561738,C2
-0.02020724974149793,C2
-0.08612715481559931,C2
0.12079749983241876,C2
0.12718048212512895,C2
-0.13862374847965048,C2
-0.2698855981424208,C2
-0.0951433385735249,C2
0.1337486060848201,C2
0.006560425619992524,C2
0.02946753019390963,C2
-0.06052019360490221,C2
-0.10653993426853064,C2
0.06624947428946135,C2
-0.09659229788816445,C2
-0.05150975580476433,C2
-0.08467843887258628,C2
-0.11909407112344592,C2
0.18631203001039243,C2
-0.06143476526396076,C2
-0.17488415951029235,C2
-0.030732277906877048,C2
0.12203291511316676,C2
-0.0012802700862164645,C2
-0.0951433385735249,C2
0.10840328766044616,C2
-0.10797126318965962,C2
-0.08790407574563924,C2
-0.07462247461127904,C2
0.029842068803607305,C2
-0.11414513450088393,C2
-0.04810825768948561,C2
-0.062251938059442284,C2
0.10502053809666344,C2
0.03889276183817793,C2
-0.08258678229396632,C2
-0.31541028541140503,C2
0.07553856373911266,C2
-0.1037263371534813,C2
-0.16047946374235605,C2
-0.00826469079720945,C2
0.036764760535860114,C2
-0.056328580099387286,C2
-0.07375183069178523,C2
-0.11200066027154076,C2
0.008228591261829427,C2
0.10527248153509905,C2
0.03905329471943528,C2
0.03713461614492562,C2
-0.09126923444172355,C2
0.10001205768240062,C2
0.02242180786288642,C2
-0.26297260273208495,C2
0.014661165893087469,C2
-0.11444466480262241,C2
-0.019912331106920634,C2
-0.1017004429904881,C2
-0.08827528656670076,C2
0.1265609011209191,C2
-0.009896444228131823,C2
-0.08686937514298972,C2
-0.10394887128310006,C2
-0.16010834835128007,C2
0.13816651824903517,C2
-0.04125487804367,C2
0.01999913272508609,C2
-9.260902506136315e-6,C2
0.1090778735856281,C2
-0.10362903615258545,C2
-0.12500302233133978,C2
0.02933644028087498,C2
0.027986772005653415,C2
-0.052180818118918254,C2
-0.0535896176528981,C2
0.042985120756048545,C2
0.04532916053824266,C2
0.023708422030004936,C2
-0.017033905656337354,C2
-0.06586723135313136,C2
0.022153919874806166,C2
-0.1350639849390991,C2
0.07967594397473349,C2
-0.06745798130224341,C2
0.024329810346084307,C2
0.008056178300728349,C2
0.1380275529764908,C2
0.08002894663760513,C2
-0.09265497981641774,C2
0.0034229346537922416,C2
0.09701975327142098,C2
0.005723605381900809,C2
-0.08102514083908442,C2
0.0589273694154136,C2
-0.1574423018689011,C2
-0.19487575124187786,C2
0.04484074626853112,C2
0.007075407875678754,C2
-0.04968309960313883,C2
-0.13664857083538703,C2
-0.1001135804788858,C2
0.010090772470543824,C2
-0.20808649803616594,C2
-0.061215034439408636,C2
0.0325847780017433,C2
-0.11396694651061394,C2
0.07132768483505664,C2
-0.01174183073868025,C2
-0.005351724476667277,C2
-0.04102324531723501,C2
-0.19723313625835773,C2
-0.020834552896640927,C2
-0.1614759410945152,C2
0.0014548696230198034,C2
-0.18496271887957966,C2
-0.016819379070687125,C2
-0.04681484130995395,C2
0.06340380977783527,C2
-0.13964916942868863,C2
0.10984843702779501,C2
-0.021914208205499316,C2
0.02072429576791776,C2
0.061798778413615696,C2
-0.1772707003740835,C2
0.08124356615871024,C2
-0.16891583995808446,C2
-0.13655643072747367,C2
-0.15763598243409246,C2
0.023751396252881987,C2
-0.07334889611334931,C2
0.16496867091515827,C2
-0.2448588328662111,C2
0.12308144810320044,C2
0.0025098866424109814,C2
-0.03987429233206352,C2
0.1490171730591944,C2
-0.14381800533718,C2
-0.24048566180406422,C2
0.03448198409425521,C2
0.0010941326929643364,C2
0.06039880290248256,C2
-0.05938768975087939,C2
0.022763701027442858,C2
-0.07456356448779329,C2
0.02841888868569863,C2
-0.1432499869564242,C2
-0.06892243668164441,C2
-0.1098566389838237,C2
0.06601567447900566,C2
-0.06148626938896304,C2
0.19752035164392256,C2
-0.07295959724629661,C2
-0.10456051402770572,C2
-0.01033155459524518,C2
0.05500396491432162,C2
-0.05245535095012495,C2
-0.012699053289723695,C2
-0.07692892300401485,C2
0.10406230420867085,C2
-0.07844768225957753,C2
0.1287096007499104,C2
-0.29253087945275746,C2
-0.03165283065298534,C2
-0.06978012199887204,C2
-0.053724917409375586,C2
-0.03666134436642522,C2
-0.16100880446205681,C2
0.02389220494413854,C2
-0.13435258050670487,C2
0.13215349878040655,C2
-0.03161102610776444,C2
0.054459711952348666,C2
-0.07789854036123453,C2
0.0847690781498864,C2
0.1405996450839885,C2
-0.02406728036998803,C2
-0.030706875686486078,C2
-0.05922894802717206,C2
-0.20281019424956756,C2
-0.10667439060985878,C2
0.0031742497185368868,C2
-0.10783938456182877,C2
0.03557735889761906,C2
-0.11841772825929645,C2
0.06971116107507408,C2
0.0018828989878207254,C2
-0.12253649419199106,C2
-0.029881388052781843,C2
-0.041693285306502015,C2
-0.18831685010276702,C2
-0.19386711214569508,C2
0.023048726629550258,C2
-0.1435065382925577,C2
-0.0577919592440857,C2
-0.10437266496391888,C2
-0.25370094543875826,C2
0.1998316975661074,C2
-0.044990399297898664,C2
0.06022357452909514,C2
-0.0480884517290122,C2
-0.14382255166669933,C2
0.0062733646622025255,C2
-0.12115962537533972,C2
-0.02940354192489207,C2
-0.0303038800000051,C2
0.010727620831683202,C2
-0.22907621332443204,C2
-0.10175815987914633,C2
0.17470002567984236,C2
0.11517122881590247,C2
0.06465928400420504,C2
-0.02998147607133224,C2
-0.03397584764044547,C2
0.04730168509861778,C2
-0.008922331136316504,C2
-0.19252043548705577,C2
-0.15787053960661235,C2
0.09670753176920303,C2
-0.019957388529801317,C2
-0.07190733373671693,C2
-0.0603744089332543,C2
-0.10421755446872134,C2
-0.1187012842814913,C2
-0.11743287681412484,C2
0.019814428982318437,C2
0.07337697949159329,C2
-0.09505945845119133,C2
-0.08405095305321567,C2
-0.04297066229647475,C2
0.07010639173874503,C2
0.04285346090692045,C2
-0.05548383124357788,C2
-0.041150899357014055,C2
-0.20684056463262893,C2
-0.008822904451216952,C2
-0.08148373272988203,C2
-0.011232059214937855,C2
0.1440763418701574,C2
-0.06913695903996303,C2
-0.11441351584322941,C2
-0.19145497871968697,C2
0.013668992341703282,C2
0.03281231529000204,C2
0.008609091861480733,C2
-0.09868208338740901,C2
0.12034299249925676,C2
-0.04474128159505478,C2
0.052779970832458986,C2
-0.10403930453678564,C2
-0.0882286680742747,C2
0.028054449478278638,C2
-0.20656730149559052,C2
0.06862561866399304,C2
0.0647603899699442,C2
0.11794600605124829,C2
-0.14593067405391358,C2
0.04643246550585871,C2
-0.17816487549144694,C2
0.03421272347455151,C2
0.03231811810734947,C2
-0.1819397578275958,C2
-0.22275441217820657,C2
0.11701773241011885,C2
-0.10328504965928294,C2
0.019035650882360443,C2
-0.018829030927578004,C2
0.17368929361067337,C2
-0.16570784630645435,C2
-0.08923263852417182,C2
-0.12182959487122197,C2
0.0072526026469642985,C2
-0.0025993251229895382,C2
-0.04449712675516675,C2
-0.011738471005415169,C2
-0.08945137543262403,C2
-0.1224764374065528,C2
-0.01799417497215753,C2
-0.06760599397222217,C2
0.047285368546402716,C2
0.08703992284069076,C2
-0.0014315173672313358,C2
0.00720045338558513,C2
0.10837952640605412,C2
0.0026888365741008467,C2
-0.38218513983709257,C2
-0.04420503031187032,C2
-0.03547485619380554,C2
0.1215119540414445,C2
-0.021094585266246565,C2
-0.258846874839598,C2
-0.10006044497636464,C2
-0.04118639015426418,C2
-0.08243865650319042,C2
-0.008660905797920303,C2
-0.07951979992791032,C2
-0.10111609793006887,C2
0.07965403091967137,C2
-0.044542321425363504,C2
0.037307003954348696,C2
-0.1379774898705339,C2
-0.08630147596594606,C2
0.11867177203725372,C2
0.013536265662808154,C2
0.08748736891664385,C2
0.0013799808687486037,C2
-0.10837130850515445,C2
0.02396239570786378,C2
-0.0645666343481169,C2
-0.10692752647873952,C2
-0.16149626921032714,C2
0.024159366646562222,C2
0.14183306741581797,C2
-0.10326946103364584,C2
-0.06552074023802033,C2
-0.02285790255397639,C2
0.03396874040531021,C2
-0.12743235793985622,C2
-0.12195319893344458,C2
-0.10821805588428153,C2
0.10526517031354754,C2
0.12790650562677586,C2
-0.11049202388579996,C2
-0.119463899967151,C2
0.1581445068046955,C2
0.015751422719918837,C2
0.08793088703087272,C2
0.03547533702291067,C2
0.08674652223445256,C2
-0.3284753710122968,C2
0.25919346243014235,C2
0.026854176582135666,C2
-9.269281200224161e-4,C2
-0.024241831912732104,C2
0.10029964982029548,C2
-0.030713465226209775,C2
-0.0157893566611648,C2
0.11969362595087149,C2
-0.04306002820638832,C2
0.09035718854437706,C2
-0.04159424553629339,C2
0.07939437822827164,C2
-0.15272832336707357,C2
-0.06146160007790316,C2
0.21999267464516664,C2
-0.015471981318086319,C2
-0.020513282613990685,C2
0.01766658049831264,C2
-0.13129076232551057,C2
0.11170053696281274,C2
-0.011627925758115984,C2
0.08237084025238564,C2
-0.17189885044916187,C2
0.14190521550715354,C2
0.14517224799209416,C2
-0.1580912777281944,C2
-0.09569740478537542,C2
0.1318552415257302,C2
0.010243726292154753,C2
-0.012640028114379677,C2
0.12731362716657865,C2
-0.03611808214005263,C2
-0.1308956834163296,C2
-0.027939510202620775,C2
-0.287446998595656,C2
-0.03289531420067768,C2
0.05101289549291607,C2
-0.0768034793420129,C2
-0.14028942038143755,C2
-0.11675103013710264,C2
0.008796735326027302,C2
-0.08048429330134646,C2
0.05325582436258266,C2
0.1962765469441857,C2
0.1595582947803649,C2
-0.06982047218850523,C2
0.0779714690307819,C2
-0.09886992809847547,C2
-0.05587931441571783,C2
-0.0469342655202905,C2
-0.2598285653539511,C2
0.18059030025119524,C2
-0.09560224752740747,C2
-0.16676827831283825,C2
-0.11090358477574455,C2
-0.07591783741848743,C2
-0.1299743166690942,C2
0.11322695144934122,C2
-0.18511187469673157,C2
-0.040354596424526434,C2
-0.10291303588744874,C2
-0.04688201485089625,C2
0.06372160545507327,C2
0.08623743621235727,C2
-0.1161601563077313,C2
0.13266687704758365,C2
0.11700450444110078,C2
0.14312628146145576,C2
0.13190121709219316,C2
0.166565666615832,C2
-0.04209795569333098,C2
0.11743734911855953,C2
0.03536289988396042,C2
0.011650845522734123,C2
-6.028087318114134e-4,C2
-0.009795781492322242,C2
-0.005688701291857515,C2
0.01179955912668628,C2
-0.015046375842810843,C2
-0.04401335299789744,C2
-0.2259423024556529,C2
0.13482175223900733,C2
-0.09948754220562092,C2
-0.031628658960325545,C2
-0.023081004584574093,C2
-0.027479427165162447,C2
-0.11021710571293235,C2
-0.08102982322696738,C2
-0.03473205629244825,C2
0.1100943419574189,C2
0.021460164498126016,C2
0.12017249201230405,C2
0.15237027877392278,C2
0.04587947126653636,C2
-0.11069378747101297,C2
0.04206373296227081,C2
-0.02012871101287532,C2
0.17717559979027692,C2
-0.03926755277540964,C2
0.04789680788050928,C2
-0.06361075322274964,C2
-0.019275227616403604,C2
-0.028120482966998185,C2
-0.10332152341501179,C2
0.1791702383346988,C2
-0.08233216496958831,C2
-0.1679632298696788,C2
-0.055551766488661225,C2
0.08675548031499909,C2
0.07197794310112422,C2
0.032812365340788824,C2
-0.1661626168636583,C2
-0.13974428713721584,C2
0.0744919588926459,C2
-0.15894686084449894,C2
-0.20138342391751463,C2
-0.06839058788021936,C2
0.023220254976552196,C2
0.033569886054457626,C2
0.013197517750137368,C2
-0.1089748011846117,C2
0.1764210589385835,C2
0.2568056296968729,C2
-0.10457060744816113,C2
-0.08330703258958816,C2
-0.08933775395269548,C2
-0.16254206891093004,C2
0.07607832584417554,C2
0.05086838658356796,C2
0.04482129223415164,C2
-0.1275256390944223,C2
0.0012826616557513049,C2
0.002761470803250385,C2
0.07532870192785988,C2
-0.05163711646058433,C2
0.011182101365959339,C2
-0.045853401694519236,C2
-0.11444466480262241,C2
-0.04761115220453402,C2
-0.05038817155157256,C2
-0.02196669848067042,C2
0.044283825105167304,C2
-0.05244757507551502,C2
-0.0630747513819682,C2
0.27051651853127107,C2
-0.1416519600599282,C2
0.04557429848684305,C2
0.02525059683652605,C2
-0.002243848593550611,C2
0.027994552624860322,C2
0.0973186437591145,C2
-0.12872553918481666,C2
0.07373590480794447,C2
0.0882447940813373,C2
-0.045074308250901335,C2
-0.05303555091708861,C2
0.021880564113614918,C2
-0.06793905171709795,C2
0.0919759518895801,C2
-0.006930241521237227,C2
0.0893549181362578,C2
-0.08853074854912094,C2
0.018950550780224673,C2
-0.024928564538789513,C2
-0.2065177602124298,C2
-0.042697110680806984,C2
-0.0019024721854383614,C2
-0.03420448279417747,C2
0.019819874333806678,C2
-0.13368544644243796,C2
0.16054493904265588,C2
-0.07956581189864123,C2
-0.03876761598981837,C2
0.06416764659288206,C2
-0.16489358213286587,C2
0.03983330690357585,C2
-0.09174043936443707,C2
0.04324583249356804,C2
-0.1810878311524606,C2
0.2104290342068189,C2
0.022112825422843603,C2
0.07355384284446864,C2
-0.15077983194551944,C2
0.12381305766132211,C2
-0.23044335656122714,C2
-0.09199985974090663,C2
-0.016374386073390278,C2
0.03856891843934343,C2
-0.0010275486530631345,C2
0.012135867354517632,C2
-0.07304855350061913,C2
-0.021131245023594772,C2
0.1137916436972927,C2
-0.0714618066792011,C2
0.11738834050965696,C2
0.08641558409984301,C2
0.049972578540341456,C2
0.031185226323715308,C2
-0.10660859658171941,C2
0.05046717446421562,C2
-6.024353518126815e-4,C2
-0.19401096099399048,C2
0.08086927443097144,C2
-0.07283827735840047,C2
0.005087136420229843,C2
-0.030199288525881506,C2
0.04112565962071617,C2
0.047381754837051385,C2
-0.055034044335091153,C2
0.0056578465635724745,C2
-0.0645261967487475,C2
-0.0961764148042465,C2
0.05915720036648476,C2
0.1758489518829911,C2
0.017222376984206585,C2
0.012142927183220586,C2
-0.06525859200468861,C2
-0.10165045997496046,C2
0.08199202061789024,C2
-0.15955204247131802,C2
0.10553599458783629,C2
0.1261752585850653,C2
0.030470795598728916,C2
-0.02476768984339322,C2
-0.17348512082000084,C2
-0.06835854229656528,PZ
-0.23124846989851244,PZ
0.08576419632047043,PZ
0.0947714299816643,PZ
0.013493197403108566,PZ
-0.2540433743136817,PZ
-0.05009166201237447,PZ
-0.3054838451320689,PZ
-0.04249957011644803,PZ
-0.04055339561327872,PZ
-0.1356994480927558,PZ
-0.07489780851579753,PZ
-0.12296181357667625,PZ
0.09375080319767339,PZ
0.11585419185119332,PZ
-0.045268745814605243,PZ
-0.06490708874782022,PZ
0.07246622929581,PZ
0.026031175152553654,PZ
-0.06669092179305487,PZ
-0.01510891070577236,PZ
0.043214611435913985,PZ
-0.07568506709023937,PZ
-0.0798499216915722,PZ
0.14712684714555896,PZ
-0.011600202890277814,PZ
0.1845834982691379,PZ
-0.11249986763116698,PZ
-0.07301874258322691,PZ
-0.04421718196334282,PZ
0.06127515852010471,PZ
0.08613933782954569,PZ
-0.020138045709265525,PZ
0.02572729393569377,PZ
-0.1676827367285178,PZ
0.009392435427459225,PZ
-0.07174523383416265,PZ
0.023143834780804742,PZ
0.031832536854055765,PZ
-0.1114822202163125,PZ
-0.014336340628819118,PZ
-0.04009849300161147,PZ
-0.01881335843675891,PZ
-0.07441528328193671,PZ
0.08507199691194922,PZ
0.0665119267656099,PZ
-0.0205351401780256,PZ
0.011692462291282565,PZ
-0.2789605873314765,PZ
0.08195312468987176,PZ
-0.08104262629632267,PZ
-0.09076455051914546,PZ
0.12036566074213911,PZ
0.1239575691751047,PZ
0.028968421866223622,PZ
0.032888576370122116,PZ
0.12166197365212233,PZ
-0.056920338649462485,PZ
-0.08343897713440102,PZ
0.015237521147652845,PZ
-0.031071642012977865,PZ
-0.08113466204335885,PZ
-0.01990945157779648,PZ
0.052322557303733155,PZ
0.01711525989848009,PZ
-0.015220166778184954,PZ
0.05704003579386668,PZ
0.11134725515407275,PZ
0.10110234636281035,PZ
0.0032290134455496525,PZ
0.035139831486363224,PZ
-0.09653959753600783,PZ
-0.09726109315014016,PZ
0.13251416152207404,PZ
-0.15865185562651823,PZ
-0.0737686577448419,PZ
0.01709714555394954,PZ
0.004692986769979292,PZ
-0.0690336191420943,PZ
-0.13265005683039455,PZ
-0.08031086710689947,PZ
-0.028387713041034407,PZ
-0.033985900316190594,PZ
-0.10541233531280564,PZ
0.11148735602044327,PZ
-0.08970534592674223,PZ
-0.05365644953473062,PZ
0.15932010565488058,PZ
0.028719425717672803,PZ
0.03276377943800149,PZ
0.005558236197199751,PZ
-0.20535636051763734,PZ
-0.08030141464869037,PZ
0.19496315098456474,PZ
-0.1162488340561884,PZ
-0.06758251575803649,PZ
-0.02534324975233139,PZ
0.036258795086073756,PZ
-0.3093592709244646,PZ
-0.09576011066098031,PZ
-0.1740042510951908,PZ
-0.08078240530832453,PZ
0.04204623244262942,PZ
-0.06452282289054542,PZ
-0.06803685337739523,PZ
-0.1275833703866532,PZ
-0.05216235741995913,PZ
-0.09455830720411532,PZ
-0.10292602374245426,PZ
-0.058128856975822873,PZ
-0.10424854627017738,PZ
-0.18242803952365688,PZ
-0.0746186082089725,PZ
-0.024795907566244585,PZ
-0.07385361026480497,PZ
-0.12195167971229641,PZ
-0.025552470983867474,PZ
-0.10668557408395983,PZ
-0.17009438434138288,PZ
0.03765997129889709,PZ
0.019082573559849936,PZ
0.023364193472830967,PZ
-0.023190793783883765,PZ
-0.05965013162777331,PZ
0.13918306141193637,PZ
-0.13658735663188404,PZ
-0.1582919573007338,PZ
-0.018614886603593957,PZ
-0.012285856510690585,PZ
0.11682793769339359,PZ
0.017524493709427894,PZ
-0.09777338061170608,PZ
-0.08690338354026628,PZ
-0.10997587406654331,PZ
-0.1006101033757108,PZ
0.08721181630923203,PZ
0.08934354871011436,PZ
-0.17105023995424581,PZ
0.0050196666263788645,PZ
-0.11515002041868967,PZ
0.1703761165540407,PZ
0.09695654348447293,PZ
0.1374491702509005,PZ
0.10355956148971011,PZ
-0.06551425988870613,PZ
-0.08475727479039188,PZ
0.09147195187442318,PZ
0.02324145843221305,PZ
-0.06832282064163936,PZ
-0.16035750556212527,PZ
-0.04709827628490432,PZ
0.14303307742035187,PZ
0.03765997129889709,PZ
-0.10483711596639417,PZ
-0.02846878851383207,PZ
0.06344557272719119,PZ
-0.185093810175619,PZ
0.007425018082002206,PZ
0.04657563380996893,PZ
0.11013266747322006,PZ
0.09304135579612097,PZ
0.1259601409079239,PZ
0.06082034835944136,PZ
-0.07925078638572795,PZ
0.0017946745510104625,PZ
0.06538995244800154,PZ
-0.13529040366008477,PZ
0.05567504492794331,PZ
-0.07518316627978888,PZ
0.16266744129666094,PZ
-0.10825036628391285,PZ
-0.026460847119745265,PZ
0.09160906722701422,PZ
2.2943352484641744e-4,PZ
0.04258588379102968,PZ
-0.06680833891428414,PZ
0.09426695696075058,PZ
-0.11436787167324089,PZ
-0.09781752294912788,PZ
0.20479881961023094,PZ
-0.003684563303501538,PZ
-0.064620485234941,PZ
-0.03127188296437186,PZ
0.03747983075203694,PZ
-0.08286519638696094,PZ
-0.18159596078272053,PZ
0.05486594681068403,PZ
-0.06510166262657036,PZ
-0.02174189207157639,PZ
-0.06902212418168399,PZ
0.042345302157258194,PZ
0.02452679944461639,PZ
0.04135697003209403,PZ
0.11668404160530106,PZ
-0.041631960215851346,PZ
0.16855654550200552,PZ
-0.05234451990693974,PZ
0.07290574149910027,PZ
0.04502481696398622,PZ
0.020087157182621683,PZ
-0.18978345159484075,PZ
-0.018801954838437968,PZ
-0.011246179894711647,PZ
0.03277596546374763,PZ
-6.410726101617747e-4,PZ
-0.08820434860966661,PZ
-0.05106976859405156,PZ
0.025257272046162897,PZ
-0.09787445260894073,PZ
-0.06726774333278102,PZ
0.06916604260144847,PZ
-0.07412528103866546,PZ
-0.11027474323987596,PZ
0.1232946002645154,PZ
0.031203912075091732,PZ
-0.1578468332451773,PZ
-0.039505218018834526,PZ
6.329192177571413e-4,PZ
-0.023594587646179048,PZ
-0.08008772192015565,PZ
-0.1204956991854389,PZ
-0.1102087494039612,PZ
-0.029721902912483944,PZ
0.13186459230631115,PZ
-0.05535492180675404,PZ
-0.03712459226437926,PZ
-0.11807380439422446,PZ
-0.029866136354516563,PZ
-0.06546652034550778,PZ
-0.03916059744261141,PZ
0.10583537400006741,PZ
-0.1838170783090735,PZ
0.06784138820770227,PZ
0.16011372270506546,PZ
0.13362330087650204,PZ
0.052901985225072515,PZ
0.016181070373148337,PZ
0.14249266161565508,PZ
-0.07011099180419528,PZ
-0.19850821597724316,PZ
-0.07447919181143015,PZ
-0.04589030661074115,PZ
-0.08708942110295141,PZ
0.007445567692779265,PZ
-0.13577987645024606,PZ
-0.05009006450237656,PZ
-0.14217751660971434,PZ
-0.028949190698008664,PZ
0.00720328722890947,PZ
-0.11187676054381115,PZ
0.010403841738070699,PZ
0.03704566278125078,PZ
-8.883003730401767e-4,PZ
0.026508284811759507,PZ
0.0033456909018982073,PZ
-0.09046095296210982,PZ
-0.2081582025344621,PZ
-0.04717049338458687,PZ
0.09351075437794516,PZ
-0.009195037926703065,PZ
0.17416996485452504,PZ
-0.09231067045965036,PZ
-0.1429599333707492,PZ
0.12074542779312558,PZ
0.06533453075699579,PZ
0.09351075437794516,PZ
-0.18089631947850432,PZ
-0.016892931180871262,PZ
-0.07489780851579753,PZ
0.14617448545894768,PZ
-0.08945622760522648,PZ
0.12458404854835883,PZ
0.034906779739018845,PZ
-0.061344053657018546,PZ
0.00862496796566396,PZ
-0.1059445272503431,PZ
0.22355313060292253,PZ
-0.17135605126772274,PZ
0.02996036883556373,PZ
0.11517532143019214,PZ
0.0733767233602028,PZ
-0.2129107371725294,PZ
-0.028117982758544297,PZ
0.02412862587454344,PZ
0.09463577920652731,PZ
0.06515376939308407,PZ
-0.11496893979716352,PZ
0.15883994947472269,PZ
0.025269478316609043,PZ
-0.05216235741995913,PZ
0.1603971400793449,PZ
0.12813582767102105,PZ
0.10041358957643871,PZ
-0.2540433743136817,PZ
0.023570031372170293,PZ
0.11336204784696956,PZ
-0.06542773415857922,PZ
-0.07766618893055593,PZ
-0.09904729478527986,PZ
-0.12643614145026316,PZ
0.0886816447466081,PZ
-0.006251109906191148,PZ
0.08195312468987176,PZ
-0.25927243352063173,PZ
0.15115584218923467,PZ
-0.025993912658603485,PZ
-0.09420843076332677,PZ
0.10167141208017884,PZ
-0.05947298938442945,PZ
0.15194951201849427,PZ
-0.06137397218266353,PZ
0.06889780333796687,PZ
0.1642496860799796,PZ
-0.12286634720613447,PZ
0.07363619570474061,PZ
-0.09888453492421204,PZ
-0.02176173219778894,PZ
-0.30170877410168556,PZ
0.07721064648075977,PZ
-0.06651424257686525,PZ
0.10233355096817753,PZ
-0.14903838280557702,PZ
0.06541362543690343,PZ
0.021476025187780162,PZ
0.08837421730428693,PZ
0.05737509561179627,PZ
-0.10727827867869058,PZ
0.09366899501361325,PZ
-0.08939420979170092,PZ
0.114948030145394,PZ
0.024790268211499572,PZ
-0.03484317574493476,PZ
-0.04084992030778552,PZ
0.06863175499453177,PZ
0.052322557303733155,PZ
0.09984002616983022,PZ
-0.0124377397385337,PZ
-0.10787415362457331,PZ
0.09853071390164567,PZ
-0.06019685457933273,PZ
0.01539543487039819,PZ
-0.04154172573852648,PZ
0.016280580828264224,PZ
0.06168910998973932,PZ
0.06538631009398224,PZ
-0.024043305782214433,PZ
-0.24659811405990822,PZ
-0.14872977187851963,PZ
0.0956016316139576,PZ
0.006749614741074661,PZ
0.19925377788544021,PZ
-0.04123780071376716,PZ
0.07757741116026864,PZ
0.11205561156845426,PZ
0.18069002954745356,PZ
-0.020701004438518068,PZ
0.13869610925906214,PZ
0.0373335910080713,PZ
0.07159797757714872,PZ
-0.025196506169198666,PZ
-0.028708574334792257,PZ
0.010590995559982146,PZ
0.002316610447760107,PZ
-0.05663159161950733,PZ
0.13117923135135617,PZ
0.12750749006526213,PZ
-0.04673652298720499,PZ
0.10076457957469626,PZ
-0.008301464284480836,PZ
-0.12318476053600338,PZ
-0.02138741115310289,PZ
-0.03363896079829218,PZ
0.04795989055724799,PZ
-0.044816534893347006,PZ
-0.071884974933042,PZ
0.006219192634248062,PZ
0.042773155925055956,PZ
-0.09309030510786233,PZ
0.2205315702756109,PZ
-0.04421718196334282,PZ
-0.07767106701516516,PZ
0.11905330987858774,PZ
-0.07138624367720413,PZ
0.011050749709199548,PZ
0.07224585777084429,PZ
-0.06232510204008741,PZ
0.1789432225969026,PZ
0.01692718855278473,PZ
0.1698101138683751,PZ
-0.2497015313749656,PZ
-0.14650736417727095,PZ
0.15253654081723284,PZ
0.11196978496412545,PZ
0.15349724691692013,PZ
0.04326373193562652,PZ
-0.1427680475763739,PZ
-0.008807077719785263,PZ
-0.25632873689114644,PZ
0.17935496888913027,PZ
0.3258845250337587,PZ
0.03341394378603298,PZ
-0.05888638253055197,PZ
-0.00984208234508397,PZ
-0.029162668253757157,PZ
0.07815546647282842,PZ
0.04299984200328777,PZ
0.09730655323435043,PZ
0.11948250464987469,PZ
0.07278776557426173,PZ
-8.803734705451483e-4,PZ
0.036579065682661144,PZ
0.17648040160531175,PZ
0.055191596550745986,PZ
0.19766636238430615,PZ
0.06658843591354918,PZ
0.05458209359561242,PZ
-0.035448178634026946,PZ
-0.06660743915098025,PZ
0.14136788523022187,PZ
-0.17544256712006107,PZ
0.04517689981942982,PZ
0.00879266585690227,PZ
2.9756462560565078e-5,PZ
0.08036143764468605,PZ
0.14013959768257134,PZ
-0.2109282578280955,PZ
0.09393988862578348,PZ
-0.040855882367378915,PZ
-0.0863042877317756,PZ
-0.07666267408830404,PZ
-0.07244668090413493,PZ
-0.07961123541643128,PZ
-0.07867097427291583,PZ
-0.04181638667173475,PZ
0.09578843530997547,PZ
-0.04737444397234038,PZ
0.09716163496148564,PZ
0.2008726861141637,PZ
0.07376515191807598,PZ
0.03735901912816587,PZ
0.12149371290857688,PZ
-0.17137681921654457,PZ
-0.21410913912103735,PZ
-0.021802888748920512,PZ
-0.07219420453856004,PZ
0.004974943808633708,PZ
0.09048608504456716,PZ
0.21991173130323166,PZ
-0.04897591543763535,PZ
0.03994351841587994,PZ
0.029941189004189774,PZ
0.11880805739597576,PZ
0.15612985837616122,PZ
0.027607174849008573,PZ
0.0715518846923474,PZ
0.03991075700711869,PZ
-0.07863746849294133,PZ
-0.18385291290678119,PZ
0.030605333316682165,PZ
-0.03392803012764113,PZ
0.04146385072202782,PZ
0.16280842315267086,PZ
0.03276377943800149,PZ
0.22500783213543155,PZ
-0.035448178634026946,PZ
0.0999113542617443,PZ
-0.10586362704688494,PZ
-0.16178668266900897,PZ
-0.12033505443040454,PZ
0.07586692125676024,PZ
0.004348847394120628,PZ
0.1480575388649536,PZ
0.12258721423249773,PZ
-0.23711450106056747,PZ
0.04167078232217528,PZ
0.0983167164950747,PZ
-0.07923526849143045,PZ
0.1659300438272767,PZ
-0.14029540529982956,PZ
0.1362559186351218,PZ
-0.07782165175894186,PZ
-0.21041528298527334,PZ
-0.10813561594037271,PZ
-0.24153886175804787,PZ
0.022934521886408266,PZ
0.2993930121886652,PZ
0.15703323988785267,PZ
-0.03805224316490728,PZ
0.04421278283543824,PZ
-0.04275369901937978,PZ
0.00879266585690227,PZ
-0.04283625530517651,PZ
0.07656449092841827,PZ
-0.04934560316479103,PZ
-0.16807873326886186,PZ
-0.16940792655797096,PZ
-0.13426143428204496,PZ
0.09730655323435043,PZ
0.13110750988192976,PZ
0.04912481658741285,PZ
0.05720914941014159,PZ
0.096425851719984,PZ
-0.10569780936960022,PZ
0.12406941122477957,PZ
0.10737837935508025,PZ
0.14519048083326785,PZ
0.001469408644391529,PZ
-0.0837718521528814,PZ
0.04369487281562514,PZ
-0.017870341529545367,PZ
0.10132857113930095,PZ
0.0368229139044839,PZ
0.0632705464231059,PZ
0.037718559481083665,PZ
-0.08638823781311963,PZ
0.10576616633519974,PZ
-0.18376803673353512,PZ
-0.03027079506167716,PZ
-0.05697862776611762,PZ
-0.21153326982063403,PZ
-0.035043199223956066,PZ
0.004630443015089525,PZ
-0.12274170246528979,PZ
-0.08195817390579072,PZ
0.11713506609181629,PZ
0.069428096611915,PZ
-0.037623584524853516,PZ
0.03083992689622902,PZ
0.037486018161249746,PZ
0.037033554516068656,PZ
-0.01299674154162643,PZ
0.05350578100587053,PZ
-0.03667350739548293,PZ
0.03884817125847146,PZ
0.02804353852058604,PZ
-0.014825221787885895,PZ
0.0766405768546288,PZ
-0.06353070577219465,PZ
-0.02383000108914838,PZ
-0.07235975755832012,PZ
0.074091171190021,PZ
-0.026258964133012312,PZ
-0.00555970446376549,PZ
-0.04136188347515027,PZ
-0.02042248281245053,PZ
0.18152391707907337,PZ
0.027011060976458084,PZ
-0.04978757804023847,PZ
-0.05908915826248925,PZ
0.11246140146033608,PZ
-0.10318126944280975,PZ
-0.02749775917586931,PZ
-0.14950831232254802,PZ
-0.03578769769971113,PZ
0.01687317710968611,PZ
-0.03321562321488156,PZ
0.04936835554415691,PZ
-0.04782245074107183,PZ
0.06181158293929251,PZ
0.14780066325856842,PZ
-0.06528338692401187,PZ
0.10160360425627207,PZ
0.03867641716006435,PZ
-0.04618101209317431,PZ
0.11482969732697068,PZ
-0.029116021487673102,PZ
-0.009721050763474064,PZ
-0.05290108449836041,PZ
-0.15125217237782423,PZ
0.08451145162829071,PZ
0.05528595002776478,PZ
-0.19614690812358182,PZ
0.03048890612003497,PZ
0.1322117581055975,PZ
-0.11484972611544264,PZ
0.1019219346276024,PZ
0.0057748804116769335,PZ
0.16531294532598603,PZ
-0.005327843877053722,PZ
0.04663439638666209,PZ
0.18069967715971325,PZ
0.11657369937224332,PZ
-0.03979317751505632,PZ
-0.09269677592426662,PZ
-0.006035380518214346,PZ
-0.09429399609180747,PZ
-0.03889385794149096,PZ
0.12745211161996162,PZ
0.006815462822752957,PZ
-0.2132528606910961,PZ
-0.052941399180992374,PZ
-0.1349541673161067,PZ
-0.007904841414202418,PZ
-0.08827723697766801,PZ
0.006351664512590442,PZ
0.0033120802779562364,PZ
0.03233099137849057,PZ
0.21486622056074023,PZ
0.055988094960377544,PZ
-0.08129694191318264,PZ
0.08476049888018077,PZ
0.06345624563623437,PZ
-0.02762426308080028,PZ
-0.03089355640231492,PZ
0.15401513740639203,PZ
-0.08086042581250355,PZ
-0.12686357128951609,PZ
-0.13206885334860016,PZ
-8.941825464204578e-4,PZ
-0.020681319940406666,PZ
-0.015248531116260785,PZ
0.034238164136877226,PZ
-0.006220831149384189,PZ
-0.14739287199408263,PZ
0.013583485395226677,PZ
-0.08675029110694499,PZ
-0.07129189610971641,PZ
0.12105144332862386,PZ
0.0026113987430147123,PZ
-0.13309382458229702,PZ
0.03910084221042108,PZ
-0.04966750083439201,PZ
0.028496217504964116,PZ
0.07370985327673327,PZ
0.02533704686906444,PZ
-0.008849082722111004,PZ
-0.09841187680797578,PZ
-0.2148267257649747,PZ
0.06101206807758279,PZ
-0.09361152065605552,PZ
-0.05540707434972669,PZ
0.08909611934305149,PZ
-0.16157364434485388,PZ
0.14000245670111375,PZ
-0.11249223959913113,PZ
-0.10201476264495976,PZ
-0.09700720646598737,PZ
0.03334938390494237,PZ
-0.0062745615259830745,PZ
-0.05481049155050262,PZ
-0.2603326532293799,PZ
0.08852606733256368,PZ
0.042464820806644876,PZ
0.12105144332862386,PZ
0.06490165559262782,PZ
0.0492669855503646,PZ
-0.10669920448620326,PZ
-0.04773874644165249,PZ
0.050187780865023485,PZ
-0.03132328222541257,PZ
-0.1496794517445521,PZ
0.05051023424335578,PZ
6.193156066378663e-4,PZ
0.11765473835737443,PZ
0.025179020564569318,PZ
-0.004454209566247071,PZ
0.16531294532598603,PZ
0.06712257739155801,PZ
-0.041474453904973424,PZ
0.16768009939080358,PZ
-0.05442956855873338,PZ
-0.09138269659506526,PZ
-0.09394055493022832,PZ
0.11218977066455213,PZ
0.0368229139044839,PZ
-0.09299426890038383,PZ
0.14615032115560783,PZ
0.029173878563149895,PZ
0.08979744418745908,PZ
-0.04427842306313042,PZ
-0.06127765461071999,PZ
-0.1758474581650261,PZ
-0.10583299428201766,PZ
-0.06434409973400347,PZ
0.0632705464231059,PZ
0.025855003934884754,PZ
0.0025033231122490347,PZ
-0.15125217237782423,PZ
0.02811384731258084,PZ
-0.05159975142829433,PZ
0.03901754382634634,PZ
0.07222776882901574,PZ
0.04396306410688668,PZ
0.011467495948014206,PZ
0.1022324506476038,PZ
0.1390525761460743,PZ
-0.03871692279069951,PZ
-0.11097733182126555,PZ
-0.06836945888889437,PZ
-0.0993784751361525,PZ
-0.13223929582748983,PZ
0.07897184591460973,PZ
0.02363115216425208,PZ
-0.025510206774509745,PZ
0.05350578100587053,PZ
-0.008412191136557317,PZ
0.04206206108288062,PZ
-0.02408310439447739,PZ
0.15555410444644568,PZ
-0.12476712196812893,PZ
-0.052409238672160276,PZ
0.07032662903066199,PZ
-0.05931782990258421,PZ
-0.017231756575635394,PZ
0.1045371448019458,PZ
-0.09429399609180747,PZ
-0.21755941569715942,PZ
0.11676372205335513,PZ
0.09314759298761212,PZ
-0.2004898759692276,PZ
-0.0896716158956071,PZ
-0.09756438337057849,PZ
-0.024234268812465667,PZ
-0.004952629878453902,PZ
-0.13928357914818756,PZ
-0.0735013606612746,PZ
0.06816662000410324,PZ
0.06271300250837597,PZ
-0.04113449320679273,PZ
0.0816702961965405,PZ
-0.015662912486748504,PZ
0.028582691183168668,PZ
-0.029682615015550612,PZ
0.17002855561819524,PZ
0.09164057876018462,PZ
0.03227986959781019,PZ
0.06680200165436137,PZ
0.01974039480181286,PZ
0.030271984187001798,PZ
0.016200452929806777,PZ
0.10695804924954486,PZ
0.05020007700300684,PZ
0.03174579561905429,PZ
-0.21568703510441198,PZ
0.10943643026895267,PZ
0.04369487281562514,PZ
-0.06067050747576633,PZ
-0.07245335513408861,PZ
0.02467217978650295,PZ
-0.03059693083142962,PZ
-0.033331809864068924,PZ
-0.04359741048098805,PZ
-0.042836684151735284,PZ
-0.03820312596998929,PZ
-0.020149448832045114,PZ
0.0041275990427513745,PZ
0.022421572555274355,PZ
0.08009535374435164,PZ
-0.031293733147276355,PZ
0.023233039932250357,PZ
-0.006872376697341365,PZ
0.05570626471966075,PZ
0.031244751786290575,PZ
-0.08022930372133591,PZ
-0.05194261680156695,PZ
-0.06711675425232556,PZ
0.08167717561867464,PZ
-0.11111939299661786,PZ
0.05251139279599268,PZ
0.05049652707017928,PZ
0.11658685812728505,PZ
-0.045115361517565095,PZ
0.019733487809018124,PZ
0.0889443042972744,PZ
-0.13708190528914094,PZ
0.011565027770201748,PZ
-0.09459487904058107,PZ
-0.10223352054518067,PZ
0.07238240639912809,PZ
-0.02748338334525481,PZ
0.10943643026895267,PZ
0.22180608875389185,PZ
-0.05932095257182907,PZ
0.13976998440218183,PZ
0.16925956049681096,PZ
-0.03485794206904823,PZ
0.04286563207608647,PZ
0.0038517339323722657,PZ
-4.533211215369676e-4,PZ
-0.10542593032878403,PZ
-0.0174410238023828,PZ
0.13714632400582355,PZ
-0.007677825470778124,PZ
0.04003198953124265,PZ
-0.0032948916030830335,PZ
-0.13383438375537665,PZ
-0.0037130666346918096,PZ
0.13885473083426647,PZ
0.1479220251074683,PZ
-0.16631608846542117,PZ
-0.07408374288035098,PZ
0.09691644419206788,PZ
-0.03548827256065112,PZ
-0.16318035385927093,PZ
-0.1628842055670541,PZ
-0.05560540481281902,PZ
0.002157698486812229,PZ
0.12935532569103342,PZ
0.12791898468435242,PZ
-0.002818640728380678,PZ
-0.033626990072975774,PZ
0.07555174989272097,PZ
0.06585945173977965,PZ
-0.03284093058832403,PZ
0.08092895383332047,PZ
-0.11488502629766713,PZ
0.05049652707017928,PZ
0.04021854223202282,PZ
-0.09361152065605552,PZ
0.020422643926949584,PZ
-0.157368876572972,PZ
0.01607375349976592,PZ
0.21239710736060619,PZ
-0.008056635816244412,PZ
0.12949977357542647,PZ
-0.09438829500564982,PZ
-0.18633925087001035,PZ
0.13299770754133683,PZ
0.01168260464807358,PZ
0.1233076465436117,PZ
-0.1609435130332888,PZ
-0.023523104596481742,PZ
-0.15705351132206097,PZ
-0.0968821445318344,PZ
0.04923405054857267,PZ
-0.25367698380003617,PZ
0.04369487281562514,PZ
-0.034227360509318266,PZ
0.08345732675702289,PZ
0.15606889433815146,PZ
-0.14117185112791494,PZ
-0.11264994714795563,PZ
0.059122529401395785,PZ
0.10512879877285267,PZ
-0.08627100116895187,PZ
-0.10216195064748422,PZ
0.2923211825716655,PZ
0.023800091804620505,PZ
0.09366792865974702,PZ
0.10601887255180678,PZ
0.144255530406848,PZ
0.09222222571162961,PZ
-0.05538616468375478,PZ
-0.027245728014645455,PZ
-0.26993054836440367,PZ
-0.1837940126169587,PZ
0.10242221769672673,PZ
-0.05932095257182907,PZ
0.09775052162029775,PZ
-0.08447400208370251,PZ
-0.16573647711402945,PZ
-0.06302799583430943,PZ
0.18974993942891233,PZ
0.058972466637271494,PZ
0.16050182947730007,PZ
-0.12438106759200324,PZ
-0.1037462248633766,PZ
0.2547917758992118,PZ
-0.020944881998997272,PZ
0.06172830611649644,PZ
-0.08109082118411123,PZ
-0.12304949865673255,PZ
-0.1837940126169587,PZ
0.11938142160654817,PZ
-0.010365048017964132,PZ
0.06775798004035072,PZ
0.15191816642729794,PZ
-0.0412205382859894,PZ
0.09278987200483793,PZ
0.13260542938000733,PZ
-0.09226063529876652,PZ
-0.0756703090060431,PZ
-0.015117943039618317,PZ
-0.0857226757355436,PZ
0.054725940608834164,PZ
-0.026464497322486492,PZ
-0.08281639145430197,PZ
0.005041219455090229,PZ
0.14976058951282736,PZ
0.044423856345907536,PZ
-0.2715252356253133,PZ
0.020717166879343427,PZ
0.12791020442093617,PZ
-0.11766426204356822,PZ
0.033238776735102296,PZ
-0.01752536596396849,PZ
0.04062288543688844,PZ
-0.024583997436880133,PZ
-0.1309141129174445,PZ
0.04350156440771874,PZ
0.05800472934421899,PZ
0.13732484198943742,PZ
0.12371435422149205,PZ
0.04194564171181814,PZ
0.0785512008470701,PZ
-0.06653654378490076,PZ
0.13930178028268314,PZ
-0.011817543605958325,PZ
0.10019089815983745,PZ
-0.0313084250580563,PZ
-0.14206294894146393,PZ
0.007764588395254651,PZ
0.13106599592733922,PZ
-0.09304304393673449,PZ
-0.041628588944545485,PZ
-0.03183304989537594,PZ
-0.12841071042489016,PZ
0.15038495082644304,PZ
-0.11428458775923205,PZ
-0.08675254810896746,PZ
0.017128576432929345,PZ
-0.012224262608197076,PZ
0.0021035543445815097,PZ
-0.029873366176180156,PZ
-0.014761151511608034,PZ
0.026200971599545902,PZ
0.028307999714344514,PZ
-0.13535423869242122,PZ
-0.01230536993378245,PZ
0.010323393143122528,PZ
0.1195603237297456,PZ
-0.1323715955331525,PZ
0.1454322916809324,PZ
0.01687317710968611,PZ
0.062061584412758705,PZ
0.07238240639912809,PZ
-0.012840442083124945,PZ
0.06973380829341572,PZ
0.05245208769787907,PZ
0.041265300176454627,PZ
-0.00873966700321055,PZ
-0.020935179223833006,PZ
0.051696916102889026,PZ
-0.06527987983001465,PZ
0.1321962183225281,PZ
0.06792295753791973,PZ
-0.05159975142829433,PZ
-0.020149448832045114,PZ
-0.01197474974879223,PZ
0.2597794032362155,PZ
0.07642032842383473,PZ
-0.10415936031642097,PZ
-0.2536512757502868,PZ
-0.07688057084235199,PZ
0.07273489140716767,PZ
-0.1277993018898471,PZ
0.025144973663541098,PZ
0.14386651335901013,PZ
0.04383047416839208,PZ
0.08337853271726972,PZ
0.14638711780742678,PZ
0.06375696524345437,PZ
0.06516436389526221,PZ
0.04218129869866846,PZ
-0.024521716499313097,PZ
0.12224920819446947,PZ
-0.18985673232345865,PZ
0.0571550133658095,PZ
0.18378005076222115,PZ
0.17315294463589498,PZ
-0.058749040036815414,PZ
0.06657637828667859,PZ
-0.011255364606524635,PZ
0.027971334518973226,PZ
0.03573736889449303,PZ
-0.15405390378336548,PZ
-0.06117045133206874,PZ
0.05897953934358022,PZ
-0.05123872941572319,PZ
0.10782437007325575,PZ
-0.05928707175943774,PZ
0.024371438584985847,PZ
0.0112237799976753,PZ
-0.14975482515611951,PZ
-0.10591633712984126,PZ
-0.06767953496829832,PZ
-0.043277570256888706,PZ
0.16084241151887857,PZ
0.04445734531383473,PZ
-0.025018946250526718,PZ
-0.17580820340042136,PZ
0.11300849922256526,PZ
-0.00815686443720099,PZ
-0.058113268920452765,PZ
-0.050880822481210314,PZ
0.19602634724980503,PZ
-0.00689580848810077,PZ
0.20530392167355993,PZ
-0.012911899167188205,PZ
-0.0641621474866518,PZ
0.02829244260537548,PZ
0.04424711492515485,PZ
0.09982522689158327,PZ
0.08479582826356681,PZ
-0.038633747790788625,PZ
0.013411926063882168,PZ
-0.026141408234751785,PZ
0.03982271951226164,PZ
-0.043797235525982275,PZ
0.18600956834223223,PZ
0.10785601635814332,PZ
-0.14805204091718585,PZ
-0.04291013167740103,PZ
0.12144915623903126,PZ
-0.03534014343763382,PZ
0.01712019264058033,PZ
-0.13129653596234986,PZ
0.029393256198598727,PZ
-0.10089107288651725,PZ
-0.008443808978131255,PZ
0.021110377048381004,PZ
0.05228689763227217,PZ
0.10495210983329153,PZ
-0.18342744433113894,PZ
-0.11040571931847251,PZ
-6.931403097154695e-4,PZ
-0.1259203914499663,PZ
-0.05736180247133887,PZ
0.04806638694112213,PZ
0.15173805417210748,PZ
-0.16445657470364872,PZ
-0.04711704535805117,PZ
-0.07940545232841476,PZ
0.013025070035616503,PZ
0.05564989892485621,PZ
0.12127199013036455,PZ
-0.14690772399011534,PZ
-0.054262046963112466,PZ
0.15210201894582703,PZ
0.1403071452053504,PZ
0.00879341394197472,PZ
-0.005544347649695233,PZ
-0.025002233940547496,PZ
-0.04826745185413882,PZ
0.1258783089235263,PZ
0.1042863024061996,PZ
-0.04395665994297174,PZ
-0.18594274262558302,PZ
0.15964883239386526,PZ
0.19071489835833133,PZ
-0.09286548653321036,PZ
0.0031151737917694267,PZ
-0.08938501942741428,PZ
0.06440129533059447,PZ
0.08435760476142909,PZ
-0.016127557147407132,PZ
0.06926330586092053,PZ
0.0920162422171629,PZ
-0.03207596077747385,PZ
0.001334178183329109,PZ
0.039435149604900285,PZ
-0.01573407085218363,PZ
-0.08395780565743574,PZ
-0.019740192539889186,PZ
-0.04227403816451322,PZ
-0.0515915130525085,PZ
0.09544969711229419,PZ
-0.1462646161241748,PZ
0.024426241688686918,PZ
-0.04790964611225643,PZ
0.021712284605621773,PZ
0.10416666921267917,PZ
0.11489120601312228,PZ
-0.03545143004249303,PZ
-0.10315721688645046,PZ
-0.07636136383464734,PZ
0.041309193420230275,PZ
0.00906956375178369,PZ
-0.041921066401111165,PZ
0.011800423326007323,PZ
-0.21408458279203857,PZ
-0.029720510342077122,PZ
0.1269778786603098,PZ
-0.21756540478324932,PZ
-0.0602124758099061,PZ
-0.14715968236771237,PZ
-0.06490514317672708,PZ
-0.1645136296064318,PZ
0.21776482217602264,PZ
-0.07157369714440405,PZ
0.011013505842674354,PZ
0.09269572468238038,PZ
-0.004708376388709025,PZ
0.010703242298162666,PZ
-0.11384870780579187,PZ
0.06354839200969836,PZ
-0.1011603357724097,PZ
0.06926330586092053,PZ
-0.1196367865651276,PZ
0.007309115561666567,PZ
-0.11002567589160905,PZ
-0.027532109139617858,PZ
-0.13586909171933678,PZ
-0.032300177451415266,PZ
0.09866906154237935,PZ
0.1008013097654921,PZ
0.0816156488476988,PZ
-0.2695771219439065,PZ
-0.06117958117068547,PZ
-0.17770468410536147,PZ
-0.06386224360912277,PZ
0.10396030825529393,PZ
-0.0798550496044042,PZ
-0.025799898963908198,PZ
-0.004466625778801098,PZ
0.12465798782005927,PZ
0.19798275547005229,PZ
0.056171573071879546,PZ
0.041247312011397974,PZ
0.10078193092457408,PZ
-0.017465948686234738,PZ
0.07559106386999344,PZ
0.1108847444305544,PZ
-0.10631473107889819,PZ
-0.02955559077545796,PZ
0.04940578922877861,PZ
0.07421090899862424,PZ
-0.05287216380385776,PZ
-0.24950940258634546,PZ
0.10220675653595623,PZ
0.15182050081545545,PZ
-0.01143427682570236,PZ
-0.09792086000181326,PZ
-0.0607717311912056,PZ
0.08419177664122907,PZ
0.009794840687746243,PZ
0.161487509539069,PZ
-0.06837208604310853,PZ
0.047586130345195314,PZ
0.0045675711529271495,PZ
-0.06107533011172348,PZ
0.14946609351392692,PZ
0.01979278534355659,PZ
0.029703368384150525,PZ
0.10478429368443086,PZ
0.0675391100447996,PZ
-0.16368940215287073,PZ
0.16961417007669635,PZ
3.6909316924452207e-4,PZ
-0.013054593537306782,PZ
-0.0739182397685532,PZ
-0.10502803649576256,PZ
0.19912953627278268,PZ
-0.025809134426797935,PZ
-0.09575891264764813,PZ
0.012222448207934587,PZ
-0.02239116647537516,PZ
-0.0024612227456048234,PZ
9.262798313164344e-4,PZ
-0.11821058906199484,PZ
-0.06432480504820165,PZ
-0.008480446204134878,PZ
0.0016147876903439273,PZ
-0.03759294282678683,PZ
-0.09003307116712646,PZ
-0.017125233569748884,PZ
-0.1243569189733674,PZ
-0.11136088920431257,PZ
0.09948693845727578,PZ
-0.0944482713053042,PZ
0.16313825574628898,PZ
-0.16691788017062148,PZ
-0.10697436442726757,PZ
0.17559913194074997,PZ
0.05936932178710386,PZ
0.1360349728243131,PZ
-0.03396049484990984,PZ
-0.11132775115310009,PZ
-0.02268373991088262,PZ
0.03158969906614077,PZ
0.0905964506366059,PZ
-0.06536062934439675,PZ
0.10974986045958304,PZ
0.07911396365447441,PZ
-0.137314802782223,PZ
-0.33814167608836204,PZ
0.16869481863758704,PZ
-0.0628012528913034,PZ
0.016196256197208114,PZ
0.15846179953344605,PZ
0.06095510129124192,PZ
-0.023866528566029395,PZ
-0.08721895191685253,PZ
-0.06458679437696944,PZ
-0.01646613719402757,PZ
0.022887337814633597,PZ
-0.023930193296026907,PZ
0.20182932058722525,PZ
0.018578228205595168,PZ
-0.027532109139617858,PZ
-0.003103558471218683,PZ
-0.02965820126362142,PZ
0.12624432421728068,PZ
0.03976269137919805,PZ
0.06086411585396586,PZ
-0.042313927260647984,PZ
-0.06322433523173954,PZ
-0.09252010622024893,PZ
-0.1417502909822686,PZ
-0.13364090270525922,PZ
-0.11295213765714604,PZ
-0.015617945146107686,PZ
0.022715766344736786,PZ
0.01391039559863749,PZ
0.13485859067592829,PZ
-0.13819595544903066,PZ
-0.02874846711830263,PZ
0.027459078201731463,PZ
0.09544969711229419,PZ
0.03606846906262112,PZ
-0.17755982194159278,PZ
-0.041682535795904085,PZ
-0.10304608801090188,PZ
0.12426355252933254,PZ
0.03959799986092087,PZ
0.11428135088082225,PZ
0.037248644215841245,PZ
-0.11753744432636973,PZ
0.0071460200879354865,PZ
-0.12588182351870938,PZ
0.012475240768356939,PZ
0.08344323980593174,PZ
-0.021997686562076908,PZ
0.011800423326007323,PZ
0.13244250317113462,PZ
-0.05052864899916305,PZ
0.08598745622262612,PZ
0.009609467265853783,PZ
-0.07200479084566228,PZ
0.06220448250562055,PZ
0.11238350696516805,PZ
0.20130918336617062,PZ
0.05145011573762578,PZ
0.005138601911331378,PZ
0.03205268287510991,PZ
-0.04250602899998336,PZ
0.18348530167643937,PZ
0.06275485514138376,PZ
-0.14642450530297896,PZ
-0.10077545606211688,PZ
0.17503492973485332,PZ
-0.020444264267411267,PZ
0.01886598438127838,PZ
-0.03139959615033265,PZ
0.09163522942372629,PZ
0.05531936255725931,PZ
0.14032977237905075,PZ
0.1395654978576617,PZ
-0.023163972507791716,PZ
-0.028521776903624098,PZ
-0.10894275201341821,PZ
-0.00334890145201917,PZ
-0.05052864899916305,PZ
-0.0844435718452412,PZ
-0.11671180231671625,PZ
-0.16638629361706878,PZ
-0.020739151642591207,PZ
0.04285657156997416,PZ
0.02960946602955834,PZ
0.02729294706589659,PZ
0.06389242774128502,PZ
0.10917945770333363,PZ
0.11846128241063306,PZ
0.07133152933664555,PZ
0.09581315455662873,PZ
-0.12950009613340077,PZ
-0.1821969318121897,PZ
-0.016303410337864095,PZ
-0.05573260475988004,PZ
-0.0738530158677749,PZ
-0.03928739869498576,PZ
0.012303330830696926,PZ
0.09614919985042275,PZ
-0.14099157819938563,PZ
0.069787913800405,PZ
-0.052515765200890005,PZ
-0.09999720620923869,PZ
0.08554503557974409,PZ
0.06802195875272404,PZ
0.013859241647402182,PZ
-0.10007484872161568,PZ
-0.057258301143348844,PZ
0.0285742616308219,PZ
-0.001839190441039966,PZ
0.049149280690488135,PZ
-0.06294860375559722,PZ
0.08422010855341201,PZ
0.0717289147028338,PZ
-0.13771192436463037,PZ
-0.12658548404673103,PZ
-0.159680919255099,PZ
-0.09948462559387827,PZ
0.010602195353230356,PZ
0.018957045728925384,PZ
0.06338797262979051,PZ
-0.2232317189056576,PZ
0.14385286546343734,PZ
0.11829569423894119,PZ
0.006105985256725902,PZ
-0.041129418597753764,PZ
0.05352417328044217,PZ
-0.03464134772197773,PZ
-0.032840202376558714,PZ
-0.10549178921497113,PZ
-0.014452853947335774,PZ
-0.004585715147275651,PZ
-0.05756792040501785,PZ
0.11526328610401981,PZ
0.04345417757983783,PZ
0.07995443777931276,PZ
0.06050607979282728,PZ
-0.08796889242206526,PZ
-0.020109469802157956,PZ
-0.2718771193661491,PZ
-0.216618462733441,PZ
0.014668681544683504,PZ
-0.07512377786882952,PZ
6.632675340650929e-5,PZ
0.008708576385359712,PZ
-0.07576213268415193,PZ
0.04692841006111403,PZ
0.023985128902452885,PZ
-0.05817330203133095,PZ
0.11489120601312228,PZ
-0.026265902314637518,PZ
-0.08694630914123497,PZ
-0.11838838649137862,PZ
-0.08649065081563129,PZ
0.008328019211199765,PZ
-0.08577649717188404,PZ
0.05440179453508738,PZ
-0.08911350995341148,PZ
-0.14019387569866476,PZ
0.057812776479421395,PZ
-0.13416666184006795,PZ
-0.049470890620541205,PZ
-0.0025393392652485296,PZ
0.006268241662546855,PZ
-0.009640795919993254,PZ
-0.03706581217787491,PZ
-0.010724969103046985,PZ
-0.07578771058845171,PZ
0.14386987325393163,PZ
0.06514887829928678,PZ
0.084099262193396,PZ
0.05806703665404367,PZ
0.005842775054428637,PZ
0.0997914152336605,PZ
0.08816032838478957,PZ
0.056171573071879546,PZ
-0.013078015446163355,PZ
0.002933871017401085,PZ
0.015943513068600722,PZ
0.08265881909681902,PZ
-0.1613410214764982,PZ
-0.07848612546929312,PZ
0.021493455385619302,PZ
-0.04464138938210666,PZ
-0.04420498194036099,PZ
-4.912423759716213e-4,PZ
-1.4721088415732553e-4,PZ
-0.11678756514841832,PZ
-0.012984034313031648,PZ
0.05411117755184554,PZ
9.838563378303036e-4,PZ
0.037606053772004704,PZ
-0.13372990619649514,PZ
0.04593877638391983,PZ
-0.025006758938396552,PZ
-0.05855159393534998,PZ
-0.08841716256668047,PZ
0.04361368901996138,PZ
-0.04266802857504484,PZ
0.014404007627768473,PZ
-0.03421298936322631,PZ
0.14464734731764906,PZ
-0.026854089316852098,PZ
0.03411361139181821,PZ
0.0500580693592001,PZ
0.15814009242495258,PZ
-0.16219032686132742,PZ
0.11657426102511326,PZ
0.057032813607954834,PZ
0.03984721651794916,PZ
0.025880986895602837,PZ
-0.05114784950608379,PZ
-0.08956632921741417,PZ
-0.03983075754571992,PZ
-0.14921377449857273,PZ
0.002985727590354176,PZ
0.142930004440122,PZ
0.08214163369461328,PZ
-0.061117771493385244,PZ
0.15663192520832095,PZ
0.1335110054271597,PZ
0.07105493052318983,PZ
-0.09941380215697249,PZ
0.07300060309822819,PZ
0.10388225054232272,PZ
-0.023163972507791716,PZ
0.059499757036559485,PZ
0.020709469778417103,PZ
-0.07962251853576477,PZ
0.017940537753303037,PZ
-0.21639332828014826,PZ
-0.0356840035031947,PZ
0.07021259187628351,PZ
0.017579232571044046,PZ
-0.034012871907399315,PZ
0.20070928397430934,PZ
0.104278905657977,PZ
0.059339498710874634,PZ
-0.09387846408769997,PZ
-0.06276612233526169,PZ
-0.05431249587216411,PZ
0.13741429570647623,PZ
-0.14267281583477562,PZ
-0.0697619472223589,PZ
0.01024348201942265,PZ
0.0858453114583028,PZ
0.0480959084432983,PZ
-0.03928739869498576,PZ
-0.1082449822456836,PZ
0.06504968865989427,PZ
-0.008958004831399254,PZ
-0.05249858738450311,PZ
0.1745200346496071,PZ
-0.12754031329298518,PZ
-0.10759290566356983,PZ
0.17438401605788267,PZ
0.07453811532773325,PZ
0.08001266471133135,PZ
-0.08624295842125126,PZ
0.11155497935928474,PZ
0.12242220907081944,PZ
0.06295097719900035,PZ
0.02977680176823369,PZ
-6.724122413864445e-4,PZ
0.20100311831189802,PZ
0.024705330156871964,PZ
0.044905673068000654,PZ
-0.15283232230839314,PZ
0.03690234023356007,PZ
-0.019040967774486807,PZ
0.02303654282135741,PZ
0.05718639822530095,PZ
-0.03810629149167501,PZ
-0.01729958988322358,PZ
0.04196408133288784,PZ
0.12225022336810637,PZ
0.022173290470517748,PZ
0.04637976145585006,PZ
0.031205575052297072,PZ
0.07147248498112145,PZ
-0.043487352740248994,PZ
0.1165317558711988,PZ
-0.08889533861128351,PZ
-0.26621868195509024,PZ
-0.1087400975380334,PZ
0.07982162872682168,PZ
0.036956242968010214,PZ
0.05831340491052102,PZ
0.027606658094239102,PZ
-0.03661576398003264,PZ
-0.09222625693425696,PZ
0.036596253956216435,PZ
-0.18976092804801964,PZ
-0.05257793038186141,PZ
0.027711915350362874,PZ
-0.1161952405388624,PZ
-0.1795085735998307,PZ
-0.03634417212757234,PZ
-0.0653828626059869,PZ
0.17423460066624258,PZ
-0.11548854564312688,PZ
0.0773473658654009,PZ
0.1420828319656388,PZ
0.09833201325708328,PZ
-0.08550737312024978,PZ
0.0786720472769991,PZ
0.015766255291528614,PZ
0.0573668217709479,PZ
0.1642399738230288,PZ
0.03805964501244876,PZ
-0.11040571931847251,PZ
0.03095242292676259,PZ
-0.012662675238790833,PZ
0.060876815501970896,PZ
0.05776169481766523,PZ
-0.042874397428458055,PZ
0.04270892191346472,PZ
-0.02088961017780011,PZ
0.03158927054886397,PZ
0.13161445011774547,PZ
0.06917233386119363,PZ
0.023450342363054752,PZ
-0.031055209904577608,PZ
0.04630771024053211,PZ
0.0453788141269541,PZ
0.12690379630393883,PZ
0.019666612421269335,PZ
-0.03771470663550654,PZ
-0.02981908933089408,PZ
0.08313261884287254,PZ
-0.08814706173151189,PZ
0.07530367564382899,PZ
-0.059842725957157485,PZ
0.014816268350608976,PZ
-0.15941637377587103,PZ
0.1307964048627838,PZ
0.004266812532405975,PZ
-0.07482152214020199,PZ
-0.010532158600038671,PZ
-0.07619053402003502,PZ
-0.04623044717967384,PZ
0.004569547877885445,PZ
-0.1329528542477447,PZ
-0.03204370966036401,PZ
-0.2387051455349692,PZ
-0.043391341942948636,PZ
-0.054061493509113656,PZ
0.04826894734996947,PZ
0.07757990833029613,PZ
-8.461203329701017e-4,PZ
-0.024685264137779175,PZ
-0.019460206249168208,PZ
-0.02843134374670419,PZ
0.002559393597357157,PZ
0.014585160432031886,PZ
0.056804762406624784,PZ
-0.013625557774024445,PZ
0.04560667876994286,PZ
-0.010258596792561678,PZ
0.10639800424815293,PZ
-0.05931064447484785,PZ
0.13280055376807368,PZ
0.030324531030994036,PZ
0.11749365456232942,PZ
0.1388438014492236,PZ
0.10591140352543876,PZ
-0.043391341942948636,PZ
-0.12873216828379408,PZ
-0.09444559025583386,PZ
-0.025352776456765314,PZ
-0.04322511658206865,PZ
-0.12663924163150775,PZ
0.066815851324818,PZ
0.10959498815957157,PZ
-0.021491417286151386,PZ
-0.038081924420797816,PZ
-0.10992660562212522,PZ
-0.1917293088628387,PZ
0.09613380490177087,PZ
0.04122331127212604,PZ
0.08313261884287254,PZ
-0.07331647739747973,PZ
-0.1600208553050744,PZ
-0.07482152214020199,PZ
-0.12717100960046035,PZ
0.06541027570552863,PZ
0.06221146199783782,PZ
-0.009383603773645962,PZ
-0.016617281023579504,PZ
0.07345191671315793,PZ
0.04146259218724085,PZ
-0.06900832693045372,PZ
0.15310261047033225,PZ
0.030738764047504363,PZ
3.688546421192658e-4,PZ
0.09260265272446074,PZ
0.04907679796469557,PZ
0.03203266458259928,PZ
-0.1039037914298511,PZ
0.11040506340873886,PZ
0.07993781799662905,PZ
-0.05591784478428248,PZ
-0.08579504725560286,PZ
-0.08323669550355203,PZ
-0.057964928146910726,PZ
-0.0020691315973575194,PZ
0.03736758928136714,PZ
0.02262647795892979,PZ
0.054355992861509356,PZ
-0.032729671726835795,PZ
-0.007392346140199317,PZ
0.03961764645328465,PZ
-0.038828580808778074,PZ
0.10955775789575621,PZ
-0.08331299212861666,PZ
0.040261305951291015,PZ
0.005618647561080471,PZ
-0.0877409237140061,PZ
-0.026692069712113076,PZ
-0.08698183492453425,PZ
-0.0316296837468385,PZ
-0.13138734568944735,PZ
0.04560667876994286,PZ
-0.06199959743186952,PZ
-0.03549822260239954,PZ
0.1269919149321078,PZ
-0.038064341508112,PZ
0.022307636334013684,PZ
-0.07143543000549799,PZ
0.0780783378325615,PZ
-0.028032048519841146,PZ
0.1368810323454423,PZ
0.008656430224486875,PZ
0.21268200285968036,PZ
0.11048942632412759,PZ
-0.05189237650899001,PZ
0.0273020514925283,PZ
-0.1386148376876658,PZ
0.15442849303905243,PZ
0.05125490353553491,PZ
0.16299944817076184,PZ
0.09333223515404794,PZ
-0.036847922680011747,PZ
0.009308753568658151,PZ
0.0056325390442700796,PZ
-0.0161276969014537,PZ
0.058603436520928684,PZ
-0.06123123878084591,PZ
0.03138608419546628,PZ
-0.1283890376245188,PZ
0.16459386360673497,PZ
0.09917761622326829,PZ
-0.20489789737371947,PZ
-0.03200889533384315,PZ
-0.057058487324482855,PZ
0.12611531417659966,PZ
-0.13991259796305966,PZ
-0.01578841649325423,PZ
0.17195071661754965,PZ
0.12657391099069668,PZ
0.21051961881224562,PZ
0.10793975542597788,PZ
-0.010708211304981806,PZ
0.011511581636104204,PZ
-0.04512590827859332,PZ
-0.021792484241454663,PZ
0.07835365828018491,PZ
-0.2260240955332516,PZ
-0.10057207808754642,PZ
0.008900781448090714,PZ
-0.26319391386530755,PZ
-0.018614374024395995,PZ
-0.026317496251046294,PZ
0.08144686948863472,PZ
0.09415667816389038,PZ
-0.07561258516121626,PZ
0.033120633850672515,PZ
0.07230905345409544,PZ
0.018561743790444826,PZ
0.02091701930988714,PZ
0.01812062034507038,PZ
0.03587806529066462,PZ
0.07900967898891373,PZ
0.035775393572702346,PZ
0.0905571088816507,PZ
0.05938640667256724,PZ
0.08172379502906385,PZ
-0.10571448807171517,PZ
-0.03200889533384315,PZ
0.055511422186137,PZ
0.14540341573606744,PZ
0.007482013708147894,PZ
-0.27166807710497615,PZ
-0.07184873186595299,PZ
-0.11027446185025122,PZ
-0.08229058947112042,PZ
-0.09068844787365005,PZ
-0.13499673619930563,PZ
-0.03958378402516728,PZ
0.06658257679736307,PZ
0.10548999192763373,PZ
0.20797977155169234,PZ
-0.08153219564706266,PZ
-0.059021341703876906,PZ
0.0423504158427512,PZ
-0.03559300675370142,PZ
0.11946253038552201,PZ
0.002237603972368968,PZ
0.11750757555214159,PZ
-0.07277407696263488,PZ
0.07891099936933764,PZ
-0.20847047444658434,PZ
-0.12079599295762786,PZ
-0.10397647165281544,PZ
-0.02071027316700042,PZ
-0.10992660562212522,PZ
-0.00388378092044675,PZ
-0.01812967338935023,PZ
0.1476958009869586,PZ
-0.0028543884277404293,PZ
0.058949946351304294,PZ
0.021035012320968223,PZ
0.08837622306360957,PZ
-0.02294582447351695,PZ
0.011015527530060663,PZ
-0.0829649131165201,PZ
0.19233729326525922,PZ
0.3026353478293811,PZ
-0.11285708348037418,PZ
-0.07123123671279875,PZ
0.15411024604349605,PZ
0.014816268350608976,PZ
-0.002297444100409496,PZ
-0.015979200372997125,PZ
-0.0018928634058125032,PZ
-0.12765873644262915,PZ
0.08511034198308454,PZ
-0.022600358221404868,PZ
0.01265080501021612,PZ
0.09314354821477754,PZ
0.16050917700695208,PZ
-0.16352975479473092,PZ
0.09440915485174692,PZ
-0.05654420305187137,PZ
-0.05680351053159435,PZ
-0.03549606685025278,PZ
0.017675687865430792,PZ
0.07617247863345612,PZ
0.024175971646825264,PZ
0.02045069964812367,PZ
0.07328546904867461,PZ
-0.06160114823413598,PZ
-0.102935276411832,PZ
-0.13294465435264544,PZ
0.1301531218961961,PZ
-0.12897725920364356,PZ
0.03121632153893048,PZ
0.05627278205332323,PZ
-0.05931428696559761,PZ
0.05758531176954641,PZ
-0.07193992055572845,PZ
0.07871055291042382,PZ
0.17978484948503543,PZ
0.018383189444353066,PZ
-0.057549793628944364,PZ
0.1458798396251717,PZ
-0.03201079953293792,PZ
-0.00568450194271522,PZ
0.16576655782723937,PZ
0.0776937208352735,PZ
-0.03280708739606199,PZ
0.10279986656557055,PZ
-0.024193037137510656,PZ
-0.13666961128282595,PZ
0.009481421292733577,PZ
0.08209674212360732,PZ
0.0236262894784155,PZ
0.07555542106108443,PZ
0.12130780223127371,PZ
0.10461282245244652,PZ
0.09252912663190056,PZ
0.08738540272546978,PZ
-0.01904290458658419,PZ
-0.1171119754054354,PZ
0.03118622652482788,PZ
-0.10536780651247452,PZ
0.0813146302240173,PZ
0.08713778230847607,PZ
0.0010399283147012883,PZ
0.08328097410805912,PZ
0.05204151097429003,PZ
0.0879942398319812,PZ
0.02360946310683229,PZ
0.024952783294917347,PZ
0.007753829886846024,PZ
-0.06681475477164343,PZ
-0.04829071181328964,PZ
-0.10444858672076064,PZ
0.11774281997280985,PZ
0.17267120349329626,PZ
-0.03567388081746541,PZ
-0.1884579162894295,PZ
-0.10413774967800157,PZ
0.16576655782723937,PZ
0.10322613317045098,PZ
0.1266911185515789,PZ
0.056804762406624784,PZ
2.3829226302905446e-4,PZ
0.003769336201317197,PZ
0.04770162750125518,PZ
-0.041985796976573425,PZ
0.17664390202014074,PZ
-0.0038786780100168172,PZ
-0.07416827496076224,PZ
0.06478982281555686,PZ
-0.06489346261427603,PZ
0.02431297354446455,PZ
0.1239389577198227,PZ
-0.10816022353515227,PZ
0.10844643543667996,PZ
0.11006317330046356,PZ
-0.009009019149784504,PZ
-0.09194021615807528,PZ
0.07793405559362575,PZ
4.8570799696925904e-4,PZ
0.28970155318130203,PZ
-0.009973345967570574,PZ
0.027219100404339544,PZ
-0.04650006855835728,PZ
0.03138608419546628,PZ
-0.05861168770873264,PZ
-0.19465911867943017,PZ
0.0388527752421601,PZ
-0.09553500715323085,PZ
0.16597142973612583,PZ
-0.01981218132659146,PZ
0.21968997557000702,PZ
0.15597901997071628,PZ
0.009361399996316265,PZ
0.024887242421527553,PZ
-0.06512971597370129,PZ
0.13461735560335655,PZ
0.10730624389410501,PZ
0.046403614792759056,PZ
-0.047904851623316196,PZ
0.0882005339688645,PZ
-0.14248914958065415,PZ
0.05267450547704772,PZ
0.06108528601714479,PZ
-0.10631448743719543,PZ
0.11870786790969189,PZ
-0.01814782734138388,PZ
0.09997731177539494,PZ
-0.06660717981877763,PZ
-0.02756097880735611,PZ
-0.2469762512580672,PZ
-0.03315715443920185,PZ
0.07173550828744453,PZ
0.002993091644036411,PZ
0.08313261884287254,PZ
-0.0333931641943001,PZ
-0.024842011409432097,PZ
0.011429195008311924,PZ
-0.05198301779222925,PZ
0.15597901997071628,PZ
0.21968997557000702,PZ
0.08619943724712674,PZ
-0.01503669907827078,PZ
0.021572520735380737,PZ
0.09462866844647795,PZ
-0.18244301646532718,PZ
-0.038677127556152574,PZ
-0.1895993695426786,PZ
0.020814258416753096,PZ
-0.009405622449222467,PZ
0.2044997636349163,PZ
-0.04440351753001997,PZ
-0.03200889533384315,PZ
0.14228136508224098,PZ
0.10770384527693452,PZ
-0.01918913995170407,PZ
0.07993781799662905,PZ
0.059793974845407334,PZ
0.02891796758350091,PZ
-0.10147661796758457,PZ
-0.02807381540092918,PZ
0.18921342972787725,PZ
-0.07406386940774146,PZ
0.06966938921155896,PZ
0.0827645849287243,PZ
0.124639417661082,PZ
-0.09215073558690617,PZ
0.06225934852508086,PZ
-0.08814190961178286,PZ
0.23986423348188685,PZ
-0.11416336565797497,PZ
0.060717397613614124,PZ
-0.06512971597370129,PZ
-0.02770715557056469,PZ
0.05446681754948143,PZ
0.02256467160004231,PZ
0.2636788156010273,PZ
0.04101231586868008,PZ
-0.07839521169653661,PZ
0.05617816298366433,PZ
0.01007942175318851,PZ
0.0035256088860084085,PZ
0.1001097558532991,PZ
-0.05112419311001132,PZ
-0.08906727851253984,PZ
-0.07001432170127704,PZ
0.26416217030117795,PZ
-0.006263393449155675,PZ
0.11447454845385335,PZ
-0.05682322753412731,PZ
-0.05699379688639637,PZ
-0.03567388081746541,PZ
0.13597249690993063,PZ
0.12854384281396491,PZ
3.8018440458104097e-4,PZ
0.06702854202130032,PZ
-0.03603134929636211,PZ
0.024105534625110503,PZ
0.14150423383611171,PZ
0.08114789381844972,PZ
0.07993781799662905,PZ
-0.08876594931556211,PZ
-0.030624374518870692,PZ
-0.07793048993404933,PZ
-0.08790615363769097,PZ
0.03002632344777574,PZ
0.10350330597356629,PZ
-0.04549476716053316,PZ
0.030320120890626384,PZ
-0.08209353295300557,PZ
0.1352927262996613,PZ
-0.1822743827308676,PZ
0.1608309578920971,PZ
-0.04679431961484991,PZ
-0.11149736524751341,PZ
0.02677690845769848,PZ
-0.0568495531739014,PZ
-0.12115533263612242,PZ
0.09011938784558715,PZ
-0.09444559025583386,PZ
-0.14539584494071386,PZ
0.0486787220191187,PZ
0.06577078364257462,PZ
-0.12515846964544663,PZ
-0.05948161392539745,PZ
0.05535724283818951,PZ
0.03615874161718821,PZ
-0.04797285765273203,PZ
0.2390989410170994,PZ
-0.06689504818113982,PZ
0.023366321602911716,PZ
0.10846554883200735,PZ
-0.007506702352880722,PZ
0.14198023433194557,PZ
0.07103548207166666,PZ
-0.12578653797522152,PZ
0.07231369175486681,PZ
0.05576624855810797,PZ
-0.14681912580695805,PZ
-0.21462037524262748,PZ
0.006810547363505781,PZ
-0.15360775085869766,PZ
-0.056295680799348276,PZ
-0.14170806444164524,PZ
0.1279122325005445,PZ
0.07825704432567387,PZ
-0.08311970745680639,PZ
0.010182046806602313,PZ
0.005928867167459856,PZ
0.06458038062064234,PZ
0.0654103130974919,PZ
-0.07981560867546446,PZ
0.0965564276578272,PZ
-0.008278374018299138,PZ
-0.05994440271163656,PZ
0.16176221919031725,PZ
0.13160654909885303,PZ
0.12100979381255,PZ
-0.0879603207992681,PZ
0.03501563434539254,PZ
-0.11818681946263963,PZ
-0.0708525570662145,PZ
-0.1438124358295616,PZ
0.1693628390686287,PZ
0.061558504558097825,PZ
0.08842297090838057,PZ
0.0352297295690749,PZ
0.018087450729851254,PZ
-0.12325933148127187,PZ
-0.06295691931200226,PZ
-0.057058487324482855,PZ
-0.03053606085849854,PZ
-0.04899277135011283,PZ
-0.02981908933089408,PZ
-0.023928360103845348,PZ
0.12899189646503884,PZ
0.03365911634799121,PZ
0.03207624100859451,PZ
0.11870786790969189,PZ
-0.00948843078002444,PZ
-0.024605700254989423,PZ
-0.07824322641991094,PZ
-0.138446476685338,PZ
-0.1671173609732369,PZ
0.11945011569146727,PZ
0.09064145798341774,PZ
-0.12669137145741108,PZ
0.1301531218961961,PZ
0.03803154077334417,PZ
-0.10292362563065892,PZ
0.09558301706870342,PZ
-0.013583954517119579,PZ
0.08355041580776094,PZ
-0.27166807710497615,PZ
-0.08646491424826248,PZ
-0.04752260613725015,PZ
0.15597901997071628,PZ
-0.055333101144715936,PZ
-0.009009019149784504,PZ
-0.02169073031454382,PZ
0.053277313148469174,PZ
-0.2505178424084781,PC1
0.04051643755264524,PC1
-0.03562177834831681,PC1
-0.17528078352727844,PC1
-0.031024801064789186,PC1
0.09878665116650391,PC1
-0.09143610016989336,PC1
-0.03354164926286454,PC1
0.07550231827945782,PC1
-0.03547118038331644,PC1
0.07852146754688281,PC1
-0.08022885729343207,PC1
-0.14816974279668915,PC1
0.06469640358875706,PC1
-0.15044582994277778,PC1
0.05105355926313848,PC1
-0.015676503079479605,PC1
-0.06595992051315376,PC1
-0.13453137353300354,PC1
-0.025509476428196842,PC1
0.05916628133915518,PC1
-0.05770723284299334,PC1
-0.006193967132321914,PC1
0.006039899682824595,PC1
0.07586677299128017,PC1
0.010114198953956478,PC1
-0.11229472523861034,PC1
-0.03662761811711854,PC1
-0.1270427695089214,PC1
0.05956715567308149,PC1
-0.018350718351040355,PC1
-0.016890802754241267,PC1
0.013174710397230019,PC1
0.0806343856857405,PC1
0.06282924523735961,PC1
0.022748958419577747,PC1
-0.006288272225838724,PC1
0.1154662997476085,PC1
-0.10310199460165653,PC1
-0.025345603613789743,PC1
-0.04641617870740615,PC1
-0.011811367009542367,PC1
-0.11005500054172128,PC1
-0.03216968117114463,PC1
-0.04738864275280161,PC1
-0.11248182900020991,PC1
0.08325850816513165,PC1
-0.134550783370783,PC1
-0.09511860528315595,PC1
0.1682425687437414,PC1
0.12231443995593658,PC1
-0.019258613713882045,PC1
0.1062720905773285,PC1
0.001227417144916634,PC1
-0.01837058841217874,PC1
0.030842993240913445,PC1
-0.03322183140321624,PC1
-0.07191399509754252,PC1
0.0383608482458284,PC1
-6.001478764877258e-4,PC1
0.07000940775579029,PC1
-0.14284140351094263,PC1
-0.055673713533601496,PC1
0.04461397020541341,PC1
0.14047784878519762,PC1
0.04730156869489029,PC1
0.05385517392045116,PC1
0.07418850471377356,PC1
0.06630051148561435,PC1
-0.029808411429075213,PC1
-0.10183030626914519,PC1
-0.15354342050453637,PC1
0.13593508217074865,PC1
-0.11861356293291438,PC1
-0.046372140279274304,PC1
-0.07209916919310896,PC1
-0.160923824997171,PC1
-0.17847824716807723,PC1
0.10423918531111626,PC1
0.08917964269247741,PC1
-0.019089082898797925,PC1
0.06617132927996992,PC1
-0.27154408050148293,PC1
-0.09330997915108812,PC1
0.05083132217566043,PC1
0.0885156713877742,PC1
0.018059712149268284,PC1
-0.025983973716811423,PC1
-0.03390370435375244,PC1
-0.020444893836254682,PC1
-0.01771719165247638,PC1
0.14538362510770542,PC1
0.10677490798539829,PC1
0.061426455743506525,PC1
0.19437130792657198,PC1
-0.0036697125104244305,PC1
0.04626738073290784,PC1
0.005657429396570518,PC1
0.014750591813185526,PC1
0.054795481945557716,PC1
-0.0784752259182443,PC1
0.06562372721372998,PC1
-0.04865368549115705,PC1
0.14818224675825825,PC1
-0.08431575557015139,PC1
0.21910958787634163,PC1
-0.037117547841499406,PC1
0.00998157064723339,PC1
-0.21183578146521984,PC1
0.01292207476113906,PC1
-0.012767173830341757,PC1
-0.09684547241452329,PC1
-0.005751746929364261,PC1
-0.13662069658169146,PC1
0.17748541278430108,PC1
-0.17348715405880596,PC1
0.04584981679789663,PC1
0.058328458707514116,PC1
0.03863288398909779,PC1
-0.10370548785040475,PC1
-0.012185080022743107,PC1
0.09271389580413794,PC1
0.06381957060679766,PC1
0.05778386756312001,PC1
0.14840025696138542,PC1
-0.11751188730835004,PC1
-0.21544118133384307,PC1
-0.1680150866602127,PC1
-0.022203959970644054,PC1
-0.01677288171627625,PC1
0.11550820877937287,PC1
0.08255507311401589,PC1
-0.030483019693585793,PC1
-0.1159827186581782,PC1
0.05013759638620856,PC1
-0.1895891651222788,PC1
0.022595571739164676,PC1
0.009717641437453926,PC1
-0.2103167523102229,PC1
-0.027231733656663433,PC1
0.16701992409222643,PC1
-0.08448663946827013,PC1
0.013488153858032204,PC1
0.10303428590271739,PC1
0.11777940705364669,PC1
-0.0855432716024406,PC1
-0.05291168665368977,PC1
0.009973694117884431,PC1
-0.04537744182377592,PC1
0.013181340378581183,PC1
4.0121817552120354e-05,PC1
-0.0817985655105874,PC1
-0.030509535793389157,PC1
-0.08048486203830477,PC1
0.06621476553203196,PC1
-0.011124523279560972,PC1
0.11549598264157418,PC1
-0.12129252025280977,PC1
0.08829708702754216,PC1
0.06381568371438665,PC1
-0.16437482630262978,PC1
-0.006787038096385674,PC1
-0.12715627117433553,PC1
0.0761063139949347,PC1
0.08116381139280636,PC1
-0.07275490132766542,PC1
0.046775079086769755,PC1
0.06978254562384023,PC1
-0.15957256298103892,PC1
0.05640746534253446,PC1
0.04778282761187917,PC1
-0.09284323089421885,PC1
0.07682571075002205,PC1
0.1894707240502987,PC1
0.15513997446732566,PC1
0.05071827138330226,PC1
0.09963805848150001,PC1
-0.008517707627880487,PC1
0.06835731924341817,PC1
0.024544093844833248,PC1
0.046393042771214886,PC1
-0.024963321173163876,PC1
0.09085530727203531,PC1
-0.08125818167584957,PC1
0.13582860379194597,PC1
-0.09709078584996647,PC1
-0.009363099396970772,PC1
0.16203734431760505,PC1
0.07635278869468161,PC1
-0.03537029029919497,PC1
0.031444687654302333,PC1
0.09388792837448766,PC1
-0.11117696145879025,PC1
-0.18510590508142014,PC1
-0.0342776549346883,PC1
-0.08230567307701597,PC1
-0.06786818832909382,PC1
-0.0857048680647251,PC1
0.03405688118516627,PC1
-0.03088369317525945,PC1
-0.06442971122686372,PC1
-0.031424388013778295,PC1
-0.03390013466853607,PC1
0.04492916423861566,PC1
0.04692492793221971,PC1
0.06534084798654094,PC1
0.15700333696412783,PC1
0.007089631395166534,PC1
0.05683938592991768,PC1
0.12090254465389504,PC1
0.010338525675148466,PC1
0.10207860937746241,PC1
-0.039773709722698725,PC1
0.0889248430738593,PC1
0.1336752760733254,PC1
0.037558268324239016,PC1
-0.06081966681468366,PC1
0.06556984095453668,PC1
0.10713765979588563,PC1
0.04444751813891019,PC1
-0.039712960691133,PC1
-0.1327506528814805,PC1
-0.003263260140253292,PC1
-0.11983808321082615,PC1
-0.053466503353508055,PC1
-0.1377709836004485,PC1
0.052331174868369273,PC1
0.0028343300297435023,PC1
-0.06680325716659298,PC1
-0.06758313527873219,PC1
-0.15196020740640143,PC1
-0.1103539934464077,PC1
-0.005393621240855774,PC1
-0.09490042276554232,PC1
-0.1770971211771584,PC1
0.015188875996048273,PC1
0.17877813203829004,PC1
-0.021156340293627396,PC1
-0.006684934516420368,PC1
0.07294927133870517,PC1
-0.21668268848263786,PC1
-0.022419007432889278,PC1
-0.20919569238045696,PC1
0.11837381353789238,PC1
-0.04900421425375137,PC1
0.05338498233615485,PC1
0.010440232277069642,PC1
0.13214064532446299,PC1
0.09523427662558437,PC1
-0.03055673955993064,PC1
-0.06803361152526366,PC1
-0.11383476557089808,PC1
0.007761937630576227,PC1
-0.05660737167828869,PC1
-0.0017816161575541084,PC1
-0.051283969603483186,PC1
-0.11610516494646453,PC1
-0.08796089070768183,PC1
0.018299590530921808,PC1
-0.16364374075033922,PC1
-0.009232107961805486,PC1
-0.06144257983204789,PC1
0.03633858633902046,PC1
0.12003677233912237,PC1
-0.09382108833883965,PC1
-0.04111482690336734,PC1
0.14819265102025886,PC1
0.002783138582670354,PC1
0.0029541073396932554,PC1
-0.026690099002518376,PC1
0.08516992012304363,PC1
0.07727006225644459,PC1
0.09765296937286144,PC1
0.18934480579398405,PC1
0.14694805713508033,PC1
0.03872619166487241,PC1
-0.06125038288155198,PC1
0.010819370050329992,PC1
0.016928910577781238,PC1
0.033038938496333686,PC1
-0.047190717131702836,PC1
-0.04314841168929792,PC1
0.017825496249689387,PC1
0.05803084043249204,PC1
-0.06508068127677259,PC1
-1.6835175377379746e-4,PC1
-0.10994515123234141,PC1
-0.04645708441990981,PC1
0.039199264476765056,PC1
0.08982235489116179,PC1
0.09976024696402983,PC1
0.22114074979194787,PC1
0.004876897903271199,PC1
-0.13726384677782164,PC1
-0.09232380450745212,PC1
0.02865726085123635,PC1
-0.06823696817470437,PC1
-0.023429209827922192,PC1
0.030794827801258147,PC1
0.06911428637509175,PC1
0.11955271687762947,PC1
-0.029376221672383983,PC1
-0.04010893501531155,PC1
-0.26098813861053505,PC1
0.17251892859408913,PC1
-0.1861676589023616,PC1
4.4129717695341394e-4,PC1
0.05837198964944459,PC1
0.03658962719724249,PC1
1.8491573437056513e-4,PC1
0.14115983143055977,PC1
-0.23836108390253027,PC1
0.087145753013526,PC1
-0.11121763371206864,PC1
-0.004821157871358693,PC1
0.08329116779447675,PC1
-0.17213178833983073,PC1
-0.007636004291993228,PC1
0.049362794303504445,PC1
0.04689472866793665,PC1
0.0408642543116102,PC1
0.11085423873973921,PC1
0.056954054853004435,PC1
0.09989108586612078,PC1
0.21274128188231445,PC1
7.524040625281579e-4,PC1
0.16313672138082594,PC1
0.008691281742560609,PC1
-0.0018464068147386742,PC1
-0.07084581176885912,PC1
-0.09244018645968664,PC1
-0.13130605766944806,PC1
0.22205325660610403,PC1
0.144946544832728,PC1
0.0425896297587535,PC1
0.07402838880688214,PC1
0.03986642630459112,PC1
0.06667407135378697,PC1
-0.14793583545813005,PC1
-0.06008722061330476,PC1
0.02011183970146492,PC1
0.0795145561663636,PC1
-0.01407162931119469,PC1
-0.019719695992308883,PC1
0.03562546176127927,PC1
0.07057973068821534,PC1
-0.06212999339501332,PC1
0.02599687663710116,PC1
0.11262330414264093,PC1
-0.0478743152937426,PC1
-0.1485903045969607,PC1
-0.0025714715062677,PC1
0.11273507396003504,PC1
0.05980094984228375,PC1
-0.028877517037216843,PC1
0.03626703736085133,PC1
0.014030664681801197,PC1
-0.02332020325581559,PC1
0.04986339916770637,PC1
0.11330717643764623,PC1
0.1266125310703587,PC1
-0.040581799255909254,PC1
0.00450399300790939,PC1
0.04712130053301892,PC1
0.06202782261497026,PC1
0.0211161543370504,PC1
0.027812901860838707,PC1
-0.22853857482557807,PC1
-0.11265281440424929,PC1
0.09671821675049724,PC1
0.004882770266744257,PC1
0.03696307234154282,PC1
-0.03235486820422045,PC1
-0.12915182703411787,PC1
0.29181907620562203,PC1
0.050213378268545494,PC1
-0.028378873557785102,PC1
0.17354263503056144,PC1
0.06592979662669693,PC1
0.09167360306731374,PC1
-0.08592717942210253,PC1
0.02779047610530644,PC1
0.06263659392355549,PC1
-0.006195576453777794,PC1
0.06145968494630725,PC1
0.04027544533115203,PC1
0.11318628310628646,PC1
-0.07796624538505122,PC1
-0.00847240214475163,PC1
0.08050319189480895,PC1
0.03818666729807216,PC1
0.18327539246848332,PC1
0.03417370312467191,PC1
0.008357036647515644,PC1
-0.04807214901891871,PC1
0.22102994986921914,PC1
-0.009229047332038245,PC1
0.09615937526549839,PC1
-0.01644729404943577,PC1
0.023308300728044042,PC1
0.14405616845600738,PC1
0.13038586118796058,PC1
0.013285275930066745,PC1
-0.1471047965638707,PC1
0.12248028833178047,PC1
0.045121792388820164,PC1
-0.09904677770332287,PC1
0.10650747072669278,PC1
-0.05274977831607025,PC1
-0.07381452303377488,PC1
0.10741499427318306,PC1
0.04875241172305561,PC1
0.15169874846626744,PC1
-0.05643761249005194,PC1
-0.1772108418035198,PC1
-0.0461799651742026,PC1
-0.05872770405063634,PC1
0.1897848893351144,PC1
-0.030257454207237647,PC1
0.13130703419756634,PC1
-0.0813151766181682,PC1
0.014199690197097974,PC1
0.1039528205879094,PC1
-0.008960470702327514,PC1
0.06671182315120573,PC1
-0.010455731338226283,PC1
-0.006304508535279238,PC1
-0.024101523881694308,PC1
-0.008960470702327514,PC1
0.075682625369282,PC1
0.07043671860826997,PC1
-0.04955325559832775,PC1
0.20334370113327543,PC1
0.1110957196724477,PC1
0.05366150293564857,PC1
0.07215488892881784,PC1
0.024988866681585648,PC1
0.018565576672113095,PC1
0.012216128456033495,PC1
-0.00448862439966986,PC1
0.0025741011268716613,PC1
0.05143177485901844,PC1
-0.11962769232109575,PC1
0.10646662527811925,PC1
0.10353065601086997,PC1
-0.05020278028052252,PC1
0.11953231538154302,PC1
-0.010434859817876282,PC1
0.07495901563970946,PC1
0.08906395825910172,PC1
0.019533528573032997,PC1
0.13254062590640228,PC1
-0.0679444717146748,PC1
0.02487863729737894,PC1
0.03577614435781147,PC1
-0.1802070214042354,PC1
-0.015532157002096883,PC1
-0.052105355623394335,PC1
0.006860255147519522,PC1
-0.003970041612752273,PC1
-0.005628352886921768,PC1
-0.13994148601659664,PC1
0.06981325195275645,PC1
-0.12731882112904647,PC1
-0.05055343461533622,PC1
0.01707556082133537,PC1
-0.08234394649352653,PC1
0.19690636687264237,PC1
-0.04439588038409713,PC1
0.11923812223484477,PC1
-0.015520588704804758,PC1
0.06192699839486154,PC1
0.025261332987010932,PC1
0.144883673614872,PC1
-0.04786011027077176,PC1
0.005065209192706713,PC1
0.04924386338994863,PC1
-0.08311773003293657,PC1
0.04365020921540895,PC1
-0.12630791623249435,PC1
-0.12230798237560853,PC1
-0.019990121459620265,PC1
-0.08648445634642289,PC1
-0.029484030066303256,PC1
0.03213273288707637,PC1
-0.04047352866072294,PC1
-0.06659363282226209,PC1
-0.1272933947191259,PC1
-0.005311306818748265,PC1
-0.00368895409060606,PC1
0.07953954044215056,PC1
0.11077119919332766,PC1
-0.1035041721132591,PC1
-0.1114552367827515,PC1
-0.009102455352409597,PC1
-0.10609759056686743,PC1
0.009704252157430718,PC1
0.02651731827727674,PC1
-0.08667238510520234,PC1
7.612743607186799e-4,PC1
0.14860710989727102,PC1
0.0156355540561922,PC1
0.03012455343008799,PC1
0.1979912809746138,PC1
-0.008427562841047037,PC1
0.07397155782208921,PC1
0.040067613259242726,PC1
0.0062382942483374774,PC1
-0.11594829098042068,PC1
-0.054665024974709195,PC1
0.03133164636207325,PC1
0.014332296961754018,PC1
-0.07088155502791924,PC1
0.027276993126994227,PC1
0.11739149042937103,PC1
-0.10854114746260216,PC1
-0.19840659474095912,PC1
0.08688008552202735,PC1
-0.13261317566330005,PC1
-0.02663047703055431,PC1
-0.172155607414468,PC1
0.03646426290097966,PC1
-0.057642123883039395,PC1
0.0029211944140946963,PC1
-0.14304412818132073,PC1
-0.13582399889099264,PC1
0.14570130313892454,PC1
0.09129177729451278,PC1
-0.062028958732246606,PC1
0.10661126602245947,PC1
-0.01192892906420305,PC1
-0.1878594175854875,PC1
0.034589867356933285,PC1
-0.07256852780684132,PC1
0.10998362745740639,PC1
0.1056511713158227,PC1
-0.021931110374037346,PC1
0.006128640435260693,PC1
0.05598045328959474,PC1
-0.07721128992476971,PC1
0.02694455220270029,PC1
0.02546691552551606,PC1
-0.017147020696976614,PC1
0.10592344495254943,PC1
0.02450572055718677,PC1
0.08981751680033791,PC1
-0.009018648483401469,PC1
0.23191489755223188,PC1
-0.19397872233698604,PC1
-0.02131643759410555,PC1
-0.15028927259658242,PC1
-0.10012156502622152,PC1
-0.09249421289616361,PC1
0.08198590238607015,PC1
-0.16889194729276047,PC1
0.014791716225539799,PC1
-0.01807963820794045,PC1
-0.03899693963733636,PC1
0.08135439412417293,PC1
0.12720431094469023,PC1
-0.06324575401851572,PC1
-0.024310329432704128,PC1
0.11139862453318294,PC1
0.07429470321389427,PC1
-0.01832371494291963,PC1
-0.05587627760339256,PC1
-0.11714548278060403,PC1
0.08807462035844586,PC1
0.044643100001750625,PC1
0.06545629134575176,PC1
-0.1412653871608049,PC1
-0.04435316993042275,PC1
0.2620203713808097,PC1
-0.04940307688642326,PC1
0.009368738437808437,PC1
0.2165351820694897,PC1
0.06377957902422994,PC1
0.02382123989004292,PC1
-0.0020784464450538075,PC1
0.050738078926017005,PC1
0.06709297043147819,PC1
0.18398988287092788,PC1
0.05713279208984775,PC1
0.009597901740529435,PC1
-0.0051468941186094685,PC1
-0.10825214313215768,PC1
-0.14640235298793172,PC1
-0.12169899420821834,PC1
-0.027946304070340277,PC1
0.005905120259626959,PC1
0.05329155037164815,PC1
-0.017508582542643918,PC1
0.003611410829047421,PC1
-0.0640280029233006,PC1
0.11786023766094417,PC1
-0.01977565602757174,PC1
-0.07970278109090129,PC1
-0.05000447063769461,PC1
-0.0037504710461779556,PC1
0.03182644886060178,PC1
0.07782045371190134,PC1
0.25195399133848123,PC1
0.15561234454091816,PC1
0.0696485620331992,PC1
0.18211866799362242,PC1
0.12594586564161792,PC1
-0.004743511541182567,PC1
0.051843455967506516,PC1
-0.007693578682871488,PC1
0.10170440181803032,PC1
0.12968034275067336,PC1
-0.07566823085670363,PC1
-0.02812939793758053,PC1
0.051355887830887605,PC1
-0.10018698181299383,PC1
0.08028394993556882,PC1
-0.0851957401786141,PC1
0.13043086328194387,PC1
0.034996386598820386,PC1
0.003316290350335222,PC1
0.12912424528413152,PC1
-0.027788024148939536,PC1
0.127543026163525,PC1
-0.10638497490798392,PC1
0.02671114161204581,PC1
0.05139775733965859,PC1
-0.07532078181276947,PC1
5.070000434802616e-4,PC1
-0.112837949799106,PC1
0.07233681123355584,PC1
-0.02801261679189164,PC1
0.08133244375363566,PC1
-0.12518891815841637,PC1
-0.10158834284789976,PC1
0.2557181433709546,PC1
-0.1605565367837075,PC1
-0.0253091473654614,PC1
0.1154218021621694,PC1
-0.027617905917642304,PC1
0.019324978764264887,PC1
-0.032209609298828094,PC1
-0.020449837656556592,PC1
-0.05892464559145841,PC1
0.024192922499982936,PC1
-0.05832922082906651,PC1
0.10357126949128591,PC1
0.011467492070541735,PC1
0.26394516871782914,PC1
0.11117578422076005,PC1
0.06988947079383434,PC1
-0.04820371401905989,PC1
0.14092870884484623,PC1
-0.011392236666822944,PC1
0.03887167312035683,PC1
0.13642410765341229,PC1
0.07505541218262836,PC1
0.06292404882481699,PC1
-0.008910906917219727,PC1
-0.09220290107874929,PC1
0.013029871098417595,PC1
0.15667356171600183,PC1
0.20842037524937557,PC1
-0.10733873587619225,PC1
0.10053834654291544,PC1
0.08540958218952682,PC1
0.009227347726782978,PC1
-0.07024133371069458,PC1
0.03376467388657975,PC1
-0.06527552109625002,PC1
-0.08422151330901453,PC1
-0.012027457421196227,PC1
-0.01695024468199216,PC1
-0.08203770722179228,PC1
-0.03178681048645962,PC1
-0.1523297570654227,PC1
-0.014808817733935262,PC1
-0.011550560648245207,PC1
0.03927751932732708,PC1
0.11870137268525849,PC1
0.040970726943595936,PC1
0.03745572790804522,PC1
-0.04316138773680374,PC1
-0.10956680498876278,PC1
-0.18336429144623842,PC1
0.03749407618570695,PC1
0.10635571747395045,PC1
0.19031839288323918,PC1
-0.060953862934808305,PC1
-0.009000223140643597,PC1
0.111147146894046,PC1
-0.034603608436529154,PC1
0.06068512858126134,PC1
-0.1494970695566959,PC1
-0.06448833852424882,PC1
-0.11446100745890823,PC1
-0.05670741620496737,PC1
-0.041348194719842024,PC1
-0.04985798080864014,PC1
-0.04449495395365975,PC1
-0.016542752278295964,PC1
-0.2526898525220748,PC1
0.14519804528336372,PC1
-0.03099672546812756,PC1
0.042247868947257794,PC1
-0.13622547123317172,PC1
-0.12069868250040106,PC1
0.01272734687886255,PC1
-0.13185855723093456,PC1
0.02731345894094787,PC1
-0.0026279534973967233,PC1
0.10125962191456737,PC1
0.06676070712915841,PC1
-0.16248277969095376,PC1
0.033222136659738964,PC1
0.03503890570936331,PC1
0.09687381110446969,PC1
-0.036464085503798746,PC1
0.02692347922541953,PC1
0.017038049424485308,PC1
0.10030358011143756,PC1
-0.0948523400951892,PC1
0.12385470600078245,PC1
-0.0029230246691852313,PC1
0.028342340210653922,PC1
0.03167623481170042,PC1
-0.052943641162098376,PC1
-0.006422825774667858,PC1
0.11440461173345022,PC1
-0.04585213373754472,PC1
-0.027613391038789833,PC1
0.05087530159757497,PC1
0.1601777134245782,PC1
0.12717465899871772,PC1
0.164543406610446,PC1
-0.11745222485212976,PC1
-0.09138233287575669,PC1
0.013900193897184259,PC1
-0.045440310629681804,PC1
-0.1223710676761254,PC1
0.04093403364779087,PC1
0.02188733364720241,PC1
-0.060097085308587365,PC1
-0.22306467371528985,PC1
-0.05556940053393504,PC1
0.017741903371546026,PC1
-0.07327144712690536,PC1
-0.21526023352537083,PC1
0.06341285975085728,PC1
0.122495890848369,PC1
0.03418834097954053,PC1
0.12635003857145283,PC1
-0.04624228978661215,PC1
0.05982914900555905,PC1
-0.04980576491660005,PC1
0.07084921716789977,PC1
0.00859062654402841,PC1
-0.027637998872482347,PC1
-0.1945671820786184,PC1
-0.001110524766890616,PC1
-0.024196723532583307,PC1
0.0909130177036761,PC1
-0.08424036525759554,PC1
-0.04630297926565577,PC1
-0.06702342902241618,PC1
-0.11483551691268308,PC1
0.0740574192053254,PC1
0.009668046841586127,PC1
0.25953937569218805,PC1
0.09498306918076221,PC1
-0.09875122733162371,PC1
-0.14434460081332534,PC1
-0.005927563382847514,PC1
0.11781425645055435,PC1
-0.22808000737941264,PC1
0.15947048882482234,PC1
0.019798469245125544,PC1
0.0456873808262615,PC1
0.019653763505318764,PC1
0.003611410829047421,PC1
0.2947974373454501,PC1
-0.15316868277661363,PC1
-0.1000619491740413,PC1
0.08451067639785727,PC1
-0.006457559970543633,PC1
-0.10145318278804114,PC1
-0.019262970697996505,PC1
0.07929768446173724,PC1
0.031015084179448725,PC1
-0.15077248059828507,PC1
-0.09279845790592631,PC1
0.09568295414313047,PC1
-0.0534639700979,PC1
0.10820633300692796,PC1
-0.056596719536854675,PC1
-0.0577349613740996,PC1
-0.08090443648064434,PC1
-0.07930511573411675,PC1
-0.0802277657517732,PC1
-0.05646205433828901,PC1
0.18671778964527408,PC1
-0.04858800660072759,PC1
0.06358876705202415,PC1
0.009954660077966842,PC1
0.07097047734515192,PC1
-0.05914884010963514,PC1
0.13876472552569283,PC1
0.010998971313548503,PC1
0.10302523808870703,PC1
-0.05494156706306291,PC1
0.17512974850376764,PC1
-0.12405506806717893,PC1
-0.1574855902015146,PC1
0.005131055892888044,PC1
0.1362848987335175,PC1
-0.08131338186824211,PC1
-0.10763422703520745,PC1
-0.038640658783424014,PC1
0.012636967119936227,PC1
0.07908332602478292,PC1
0.029196325957160398,PC1
-0.09407710682113245,PC1
0.07171256707834295,PC1
-0.06446708976027722,PC1
-0.032457706307268186,PC1
0.006380277565107326,PC1
-0.06543177132758868,PC1
0.09343600791307248,PC1
-0.11093996793027085,PC1
0.09152200226450666,PC1
0.0011462069087614006,PC1
-0.016161970584445837,PC1
-0.025772153034426835,PC1
-0.024559885149111726,PC1
-0.09476010597655396,PC1
-0.13143094127650212,PC1
0.014005627640757162,PC1
-0.022605385051167968,PC1
-0.12193795265300232,PC1
-0.0021626648931638804,PC1
-3.387709563425212e-4,PC1
0.008178994932823869,PC1
-0.01556931344211334,PC1
0.11064332822768921,PC1
-0.12195396139934031,PC1
0.033405868864901996,PC1
-0.05298212265644938,PC1
0.03350557124126757,PC1
-0.15228992774683078,PC1
-0.333493155767992,PC1
-0.004135786168209908,PC1
-0.020730954332769832,PC1
0.016031003824585312,PC1
0.058197055404649936,PC1
-0.0668295001441312,PC1
0.13699736913472715,PC1
-0.15676663796850293,PC1
0.05179534160509976,PC1
-0.014772173285866802,PC1
-0.05988431697102928,PC1
-0.08963820683579987,PC1
-0.1423036298645233,PC1
0.10887634390267449,PC1
-0.01007854245208874,PC1
-0.13495386260612394,PC1
0.1351551903740463,PC1
0.10050757809234787,PC1
0.09395080796999844,PC1
-0.1222438115615199,PC1
-0.0056739216877332715,PC1
-0.041384679452414225,PC1
-0.10334939608699849,PC1
0.006323073188786808,PC1
0.11774052486556136,PC1
-0.08196154250431169,PC1
0.10539996125968319,PC1
-0.16542716153020437,PC1
0.14289194901524155,PC1
0.12349450235331871,PC1
0.03237368514256808,PC1
-0.13671195586092177,PC1
0.02144670075486745,PC1
-0.026429140434945445,PC1
-0.10611816246274992,PC1
-0.12306359256605587,PC1
0.08958639898795358,PC1
0.2604342729880776,PC1
0.045499866227001744,PC1
0.16957220564034348,PC1
0.04330433221539427,PC1
-0.030709135356507565,PC1
0.18398988287092788,PC1
-0.041498299986682446,PC1
-0.09677572327224747,PC1
0.04297253434830789,PC1
-0.1000257094666112,PC1
-0.059069805411020436,PC1
0.28013358163964763,PC1
0.18507793452339683,PC1
-0.08862488724037192,PC1
0.1350584158102717,PC1
-0.05670467163381874,PC1
-0.04567096766899205,PC1
0.05622663572038451,PC1
-0.05914884010963514,PC1
-0.28329125486391066,PC1
-0.1572921146501202,PC1
0.0775829491086439,PC1
-0.24354177956529977,PC1
0.06577884399068182,PC1
0.08029361008489837,PC1
-0.03478572689006147,PC1
-0.0711525446279166,PC1
-0.08223825595190312,PC1
0.14781505964473557,PC1
0.07331478363605184,PC1
-0.11548859756771845,PC1
0.04419869639871217,PC1
0.06534975785255151,PC1
0.07310440442022528,PC1
0.1592636785786738,PC1
0.03581259803460843,PC1
0.08108136728635056,PC1
-0.09620849791855948,PC1
0.12901167332520047,PC1
-0.07168451977192869,PC1
0.0874244183474261,PC1
-0.09390099646703762,PC1
-0.19962400307722453,PC1
0.2071332129690684,PC1
0.050575305171718855,PC1
0.027321402220881807,PC1
-0.0677619616642636,PC1
-0.01141804979872501,PC1
-0.040354526298413435,PC1
-0.026543629675319237,PC1
-0.004110235278766854,PC1
-0.034176227514091106,PC1
-0.015911000007531713,PC1
0.025125801545636706,PC1
-0.0731973726069633,PC1
0.05713279208984775,PC1
0.06769621667440588,PC1
-0.11806348436391449,PC1
0.06020837320555437,PC1
0.07934728716260792,PC1
-0.03327042715657211,PC1
-0.04874850139096525,PC1
3.70176125334562e-4,PC1
0.02949478438437589,PC1
-0.09793178824344978,PC1
0.11553686005057233,PC1
0.08096631143941574,PC1
-0.07915624823975621,PC1
-0.050833332429507334,PC1
0.11679412148779647,PC1
0.059141233411225035,PC1
-0.06189968858888661,PC1
0.06401083813445187,PC1
-0.14596814624779594,PC1
-0.0049348933173214565,PC1
0.07708759181823013,PC1
-0.08596864181403084,PC1
0.0016851020667080982,PC1
-0.011364261634161127,PC1
-0.06231012811293829,PC1
-0.008189677651338115,PC1
-0.19556078355764517,PC1
-0.054965234608135544,PC1
0.02373074222459881,PC1
0.26761106975110255,PC1
-0.01186208015332045,PC1
0.05736818137293553,PC1
0.20238024589134476,PC1
-0.07572474982443704,PC1
0.04621416731421893,PC1
0.14822512766049195,PC1
-0.10371745115583691,PC1
0.018404056795269713,PC1
0.05154038282648836,PC1
-0.031125091732830693,PC1
-0.030921627980367787,PC1
-0.11741974827352632,PC1
0.06240002890154475,PC1
-0.11801100345400477,PC1
0.06730002888553235,PC1
0.024385355743608457,PC1
0.0790932326714572,PC1
-0.054164577540277425,PC1
-0.10530132428168576,PC1
0.032393657291242064,PC1
0.092721393255643,PC1
-0.023978921120044558,PC1
0.019395355645252688,PC1
-0.08175380119696798,PC1
-0.14018559738117037,PC1
-0.12378621804463322,PC1
0.02017518064957484,PC1
-0.051371773439499176,PC1
0.04160520369008767,PC1
-0.013941013248520252,PC1
-0.10901583249936098,PC1
0.02467286892870532,PC1
0.09334251338296118,PC1
-0.08972755937626141,PC1
0.01535986490729847,PC1
0.09135971018265701,PC1
-0.11024861954839107,PC1
-0.07744993525422682,PC1
-0.172831438954341,PC1
-0.1536562939104279,PC1
0.01600056425550954,PC1
0.07092177883080761,PC1
-0.009410350020702507,PC1
-0.0031564023877034136,PC1
0.0659066918533828,PC1
-0.13645680928402007,PC1
-0.0731817455498693,PC1
-0.057064640414431024,PC1
-0.1164248598133269,PC1
-0.030559019566922502,PC1
-0.017946185563936,PC1
0.035226462051881055,PC1
-0.13776323524425169,PC1
-0.09053168812218076,PC1
-0.06432638110494575,PC1
0.10932591520978732,PC1
-0.06760690019755466,PC1
-0.04213156872781552,PC1
0.007097672217106603,PC1
0.08784844915712013,PC1
0.10703802856382268,PC1
0.10586023758361815,PC1
-0.12678706368192355,PC1
0.16449232113822168,PC1
0.07034809490898727,PC1
-0.17646837825193235,PC1
-0.08075072409659467,PC1
0.018116777610773634,PC1
-0.005600171707177332,PC1
0.1227613541530988,PC1
0.02241182942471249,PC1
-0.03276740783481521,PC1
-0.1069970247637768,PC1
-0.11262822025246248,PC1
-0.04393432303999662,PC1
-0.13333595840819687,PC1
0.0885646451112643,PC1
0.1327996455703346,PC1
0.00851837768981513,PC1
0.020549929333785848,PC1
0.02910659754557727,PC1
0.1416147806117542,PC1
-0.09274165465069022,PC1
0.010647066605061623,PC1
-0.025184003116873428,PC1
0.036100894553999625,PC1
7.259848320300827e-4,PC1
0.0463551345311538,PC1
0.01877493696613729,PC1
0.10549328425739318,PC1
0.07499689182024054,PC1
0.03602330454410285,PC1
-0.017683774901888064,PC1
-0.13407920011053612,PC1
-0.00515398030344523,PC1
0.04164489150172361,PC1
-0.0023427701527173155,PC1
0.1042358338102459,PC1
-0.1297581414073899,PC1
0.061035852925101323,PC1
0.04040384436258215,PC1
-0.041302686199520655,PC1
-0.039489734948923466,PC1
-0.09556050801776575,PC1
-4.3730294811504533e-4,PC1
0.1643162994286375,PC1
0.011774251902360741,PC1
0.2619513156769785,PC1
0.10913929149251889,PC1
0.002000838958961748,PC1
-0.14720819907448182,PC1
-0.050077285933918476,PC1
0.04287642072408687,PC1
0.019666008256679565,PC1
-0.10680917456345498,PC1
-0.03544670467547868,PC1
-0.09066013416449611,PC1
0.07371535074792607,PC1
0.1406245762282887,PC1
0.04772134206380751,PC1
0.058250312613622415,PC1
-0.09105224686721819,PC1
0.1106964639597672,PC1
-0.09015219908189394,PC1
-0.2440698150685916,PC1
-0.018786776406581482,PC1
0.08055712232092474,PC1
0.07122238076042237,PC1
-0.027354630113162807,PC1
0.12346579993907347,PC1
-0.13214674210704946,PC1
0.012852479893723984,PC1
0.09373237588812151,PC1
0.26497422901631157,PC1
0.009905214755422262,PC1
-0.23896618668969355,PC1
-0.006690743736344179,PC1
-0.21227441777865402,PC1
-0.06301828066590481,PC1
-0.04687633630980872,PC1
0.15865416853914827,PC1
0.05152838551341738,PC1
-0.04313721898447237,PC1
0.19141054098304172,PC1
0.015571389477534864,PC1
0.22131153167452333,PC1
-0.014063159647983624,PC1
-0.025262821994388118,PC1
-0.004689618641612388,PC1
-0.21697701856741883,PC1
0.07993116943868575,PC1
-0.11794500828065063,PC1
0.023066912270595326,PC1
0.078484611587123,PC1
0.07530223466320618,PC1
-0.13098679961973747,PC1
0.1600077146367095,PC1
-0.04533476846294829,PC1
-0.14393998993440163,PC1
0.08614595076691482,PC1
-0.0017191428081588032,PC1
-0.01644396206281439,PC1
0.04685590840394763,PC1
0.14955501983788386,PC1
0.027410541256880624,PC1
-0.04817614913745097,PC1
-0.01317332520111079,PC1
-0.1305019677578834,PC1
-0.014000457487838111,PC1
-0.13887247084338972,PC1
0.18921613098205384,PC1
0.03144282161032623,PC1
-0.044988150929269985,PC1
0.17771047450705746,PC1
0.03873460563458674,PC1
0.17210874486500133,PC1
-0.073114953675486,PC1
-0.06304336170157211,PC1
-0.05170768741488335,PC1
-0.009511023055133717,PC1
0.08338627623407566,PC1
-0.08036015398033444,PC1
0.06939096722550345,PC1
0.04820019874959344,PC1
-0.16792318173902346,PC1
-0.07255567738217054,PC1
-0.001381262821723333,PC1
0.11087552136282466,PC1
0.034795721571331345,PC1
0.08572124895867259,PC1
-0.07267270908424103,PC1
-0.04294552710357026,PC1
-0.01627913008678565,PC1
-0.12844362198884351,PC1
0.008912389305152507,PC1
-0.2017737471589816,PC1
0.12015090429203054,PC1
0.05152630177780407,PC1
0.1388728959634702,PC1
0.02739897857702942,PC1
0.1195758153918218,PC1
-0.057299510858900615,PC1
-0.09053245592272009,PC1
0.010766913367023928,PC1
-0.07242612390217,PC1
0.054728117807140195,PC1
-0.05391053553732125,PC1
0.04777144928779743,PC1
0.06895260010910761,PC1
0.08753874101339942,PC1
0.052374845594408616,PC1
0.03912390722731511,PC1
0.08321201463038017,PC1
-0.024429547797875366,PC1
-0.09396281779860108,PC1
0.048359690705928465,PC1
0.12621924892809344,PC1
0.20595651762816305,PC1
-0.026786781472661336,PC1
0.19602207752010928,PC1
-0.016034022255858916,PC1
0.09443894625300045,PC1
0.07652208437258314,PC1
-0.1686629850363326,PC1
-0.16880777278753512,PC1
0.1742756027288202,PC1
-0.0904963109889516,PC1
0.04359693188635866,PC1
-0.08764160745572586,PC1
0.0017444407396256592,PC1
-0.015896219350368786,PC1
-0.024395854672876804,PC1
0.03508475645568229,PC1
-0.014000457487838111,PC1
-0.07625758794428769,PC1
0.02241182942471249,PC1
0.044179257817979364,PC1
-0.015492967344411537,PC1
0.011954172087085945,PC1
-0.02230511216434146,PC1
0.010449007029479804,PC1
-0.1357142852472569,PC1
0.035268413355366963,PC1
0.018354842058917926,PC1
-0.08239277588595952,PC1
0.007816011589108572,PC1
0.02936437761439032,PC1
-0.03812615516953256,PC1
-0.04090741215460757,PC1
0.14564420666918876,PC1
0.07804960149501054,PC1
0.002088377878342672,PC1
-0.03925188548082967,PC1
0.06392987140229749,PC1
0.19036780717983698,PC1
-0.11741054792450348,PC1
-0.039489734948923466,PC1
-0.18341527653433315,PC1
-0.023969503517727052,PC1
-0.016865292765260623,PC1
-0.03008743075105217,PC1
0.1822477103717482,PC1
0.1172280655899554,PC1
-0.08002103093880192,PC1
-0.029641818293308628,PC1
0.08095702553168296,PC1
0.11406936712120186,PC1
-0.23520705324119234,PC1
0.0533036345016179,PC1
-0.06996097893860169,PC1
0.03187509551807412,PC1
-0.0029411583983598513,PC1
-0.08248024524302666,PC1
-0.03346037357321374,PC1
-0.05701626600298829,PC1
0.10894141073600398,PC1
0.06093225745822633,PC1
0.031120957590106316,PC1
0.05951350442552231,PC1
0.18727320767876457,PC1
-0.048054025435034224,PC1
0.05795382312664829,PC1
-0.05990806550235239,PC1
0.03477056704994507,PC1
0.07877098925570176,PC1
-0.13708077799300428,PC1
-0.11463560496724735,PC1
0.13339985852195033,PC1
0.07097444504772023,PC1
-0.06659366832479424,PC1
-0.10894801145912439,PC1
0.20075480333887008,PC1
0.09400625450288146,PC1
0.04640146216267066,PC1
0.10788297928031582,PC1
-0.11771300218997965,PC1
0.16657375628447685,PC1
0.008838778969961124,PC1
-0.07570407126424475,PC1
0.02528620940161596,PC1
-0.05100040236242499,PC1
0.07569906150133028,PC1
0.10340619456370427,PC1
0.04140257976262759,PC1
-0.035445960808799803,PC1
0.09061788800029029,PC1
0.15153506333544048,PC1
0.06828315664346292,PC1
0.12933998173253625,PC1
-0.06756166500289078,PC1
-0.015142454178135232,PC1
0.11823745682886205,PC1
-0.13177251960645767,PC1
0.21630502131754864,PC1
0.04206454009511981,PC1
-0.15634273875679047,PC1
0.021500053144306072,PC1
-0.039795158762090714,PC1
-0.12900727462302988,PC1
-0.0573907764887089,PC1
-0.12130064151096863,PC1
0.06868360960007688,PC1
-0.01658926945380724,PC1
-0.06347542141963494,PC1
-0.1122999326841289,PC1
0.1609837164442888,PC1
-0.11716929754206526,PC1
0.10553171637949599,PC1
-0.0010776351588026867,PC1
0.07187546865206593,PC1
-0.07582134873024027,PC1
0.10116259019500129,PC1
0.12484988953432083,PC1
0.05398606729005801,PC1
-0.017391428826313324,PC1
0.040325308408325565,PC1
0.07602228742153846,PC1
0.06504002536985641,PC1
-0.07228211857146884,PC1
-0.005473089469088893,PC1
0.034874066008833235,PC1
0.0174763042269327,PC1
-0.03486836463158287,PC1
-0.06301867763084605,PC1
-0.0667378583183499,PC1
0.12592751066472824,PC1
0.07393691747896858,PC1
0.10247681901400948,PC1
0.09967717628316919,PC1
0.10813966896534635,PC1
0.004355534650554348,PC1
0.12356533308354156,PC1
0.1340310011713785,PC1
0.0075077746396897335,PC1
0.17414807078253286,PC1
0.015760765223047667,PC1
-0.0462202825585583,PC1
0.02042046807363008,PC1
0.004861380397821469,PC1
-0.0498628658198525,PC1
0.02428274419642359,PC1
-0.01789586908652658,PC1
-0.04685321856577267,PC1
-0.08803439553375163,PC1
-0.014213504716195403,PC1
0.20755436120330023,PC1
0.06376545191010259,PC1
0.17943433319890698,PC1
0.013449836336323042,PC1
0.13668783603385734,PC1
0.004925036481501634,PC1
-0.09314474197747678,PC1
0.018742627324801125,PC1
0.16320835633509204,PC1
0.006450120626587428,PC1
-0.07360634514823682,PC1
-0.11735038064832937,PC1
0.028288824321735892,PC1
0.04194541124422891,PC1
-0.12495224184997283,PC1
0.16848338675691205,PC1
0.1319687291171082,PC1
0.004606398392166273,PC1
0.0631580094006347,PC1
-0.21673395847856158,PC1
-0.06842704655063243,PC1
0.04913584751015825,PC1
0.1638736821758704,PC1
-0.004360346628157083,PC1
-0.11058571304129715,PC1
-0.06575761477449928,PC1
0.10210454904178029,PC1
0.20641093264785676,PC1
-0.004718542610834417,PC1
-0.15649664212730294,PC1
-0.12811780381683285,PC1
-0.08480986326894228,PC1
0.15659287260136467,PC1
0.0316166389372466,PC1
-0.03701846674447107,PC1
0.019154830594959482,PC1
0.07546039927617565,PC1
-0.10316658418174449,PC1
0.12416191233111676,PC1
0.04599391965798884,PC1
0.04986883609174654,PC1
0.0577605778022033,PC1
-0.015266260711250531,PC1
-0.028444909983721386,PC1
0.09800317065968278,PC1
0.02830727623421006,PC1
0.0025872253680449264,PC1
0.043232845840395384,PC1
0.06463753777830898,PC1
0.006450120626587428,PC1
-0.11138459456130431,PC1
0.08773415732379393,PC1
0.2597494233184606,PC1
0.1385997453575374,PC1
0.11660467513088008,PC1
-0.039124242657791214,PC1
-0.14931376929809007,PC1
0.039709793976103906,PC1
0.06449565888174673,PC1
-0.048758258192184434,PC1
-0.02802409295484959,PC1
0.09259967264135663,PC1
-0.1062843267866968,PC1
-0.061769287044293845,PC1
0.21256588977252064,PC1
-0.013473354348035323,PC1
-0.10784745709535563,PC1
0.2351411464852575,PC1
0.05061594343470235,PC1
0.27099697535054024,PC1
0.12246837745526035,PC1
-0.09174384711861538,PC1
-0.0033647599776869784,PC1
-0.01927510543181886,PC1
-0.03106176071748991,PC1
0.006042774480412884,PC1
-0.06425777801373342,PC1
0.2055143538266624,PC1
-6.435900259244981e-4,PC1
0.02594875384807809,PC1
0.09618778368917713,PC1
-0.035422367555707615,PC1
0.0174763042269327,PC1
-0.2440122843625117,PC1
0.05796786051707575,PC1
0.15899808177314179,PC1
-0.21342513367336066,PC1
0.10143734351881327,PC1
0.02212291540997488,PC1
0.17828313667389534,PC1
0.05929046666584589,PC1
-0.04478038339359883,PC1
0.056186386865295146,PC1
0.08300568735753357,PC1
0.009393106938629412,PC1
-0.03887367409871961,PC1
0.17800835359678596,PC1
-0.12815316735600785,PC1
-0.0898463361216007,PC1
0.04422342289019514,PC1
-0.12223562668448648,PC1
0.05630776724937306,PC1
0.15166775520989362,PC1
0.0015135392594114033,PC1
-0.22911610259030574,PC1
-0.06209887015157689,PC1
-0.008456930195683193,PC1
0.025697760480711634,PC1
0.08457113385866827,PC1
0.007097672217106603,PC1
0.041277537271520046,PC1
0.013411786479222518,PC1
-0.027395806657294415,PC1
0.06692310267237436,PC1
-0.1234390470233214,PC1
0.06674888801690758,PC1
-0.018379032551376105,PC1
-0.047427454466711705,PC1
0.13668783603385734,PC1
-0.002137082292378162,PC1
-0.06299971750163057,PC1
-0.106197083793743,PC1
0.1290416461095818,PC1
-0.01097860857003613,PC1
0.12310977311688857,PC1
-0.007361173799367748,PC1
-0.10359939885348232,PC1
-0.03116269948258432,PC1
-0.035659452425374404,PC1
0.16073141469494823,PC1
0.06334038452945702,PC1
-0.002190926821534156,PC1
-0.0932817436113277,PC1
0.06718242786307067,PC1
0.1079762761478961,PC1
-0.24734563629773546,PC1
0.013827566645838665,PC1
-0.024807313759331158,PC1
0.002960905555685206,PC1
-0.12711664462738442,PC1
-0.05755027688070324,PC1
0.08507114475658482,PC1
-0.06188967570782571,PC1
-0.047660512263443186,PC1
0.02053663417740499,PC1
0.13244353141515464,PC1
0.07034374278613569,PC1
0.0608414653581609,PC1
-0.13387955013281688,PC1
-0.15658077151571526,PC1
-0.12505338798522597,PC1
-0.051995970126311394,PC1
-0.15339389292496505,PC1
-0.18123555803979852,PC1
0.049961619067084725,PC1
-0.048500617439891716,PC1
0.05490065605749106,PC1
0.08321201463038017,PC1
0.018389466847028697,PC1
-0.13127947148300656,PC1
-0.022881442074696664,PC1
-0.07005309731309595,PC1
-0.08795620066708132,PC1
0.02487379980624442,PC1
0.031189015395387133,PC1
-0.034999031210843565,PC1
0.0612428862590934,PC1
-0.14626150610657887,PC1
-0.1364535663504799,PC1
-0.019763287831206865,PC1
-0.2138306649344299,PC1
0.02920346802881333,PC1
-0.06431475524543412,PC1
0.061951419698003635,PC1
0.003006780288678196,PC1
-0.11483767133129656,PC1
-0.10777736992096845,PC1
-0.08387933060961647,PC1
-0.16732199363937567,PC1
0.044977404377836906,PC1
-0.026408045305279463,PC1
-0.07914989314655121,PC1
0.09654187964977373,PC1
-0.07741886031138258,PC1
0.048042868439712165,PC1
0.1081368084043263,PC1
-0.07404227166336692,PC1
0.12158253886825109,PC1
0.12147599017069756,PC1
-0.00515052298733721,PC1
-0.08980690249516564,PC1
-0.24595620527991774,PC1
-0.1409785902689959,PC1
0.05182027503992659,PC1
-0.10456669418676749,PC1
0.03973102508583451,PC1
-0.020855707840792465,PC1
-0.04071270221985798,PC1
0.041554691054487114,PC1
0.1077595943895342,PC1
0.12434203529288843,PC1
-0.041949142441969456,PC1
0.05031309849432283,PC1
-0.13373145515062915,PC1
-0.0755869787095067,PC1
-0.10609443232748857,PC1
-0.12602439477873667,PC1
0.026416667323657002,PC1
-0.042031957551482604,PC1
0.0163250536343245,PC1
0.0845722751833788,PC1
0.013734435015148035,PC1
0.020025656659589955,PC1
-0.06534222989897728,PC1
0.04138595663797235,PC1
0.046362370229250514,PC1
0.21489801003207643,PC1
0.07459901304760494,PC1
-0.029571472175778907,PC1
0.08151344914368774,PC1
0.0877872672440459,PC1
-0.05842984736711797,PC1
-0.05740309880222337,PC1
-0.057149025212708836,PC1
0.06710360340148094,PC1
-0.18829787797642705,PC1
-0.15669693359336237,PC1
0.07451348810459979,PC1
0.054682705695651465,PC1
-0.25089170216927836,PC1
-0.1928935151706333,PC1
-0.10954556229123638,PC1
0.22143596928114573,PC1
-0.0787922587869228,PC1
-0.24564298742179375,PC1
0.009460703525007289,PC1
-0.16161150838333174,PC1
-0.0483823067433254,PC1
0.015915959865203673,PC1
0.05009939466636123,PC1
-0.1016830865967812,PC1
-0.09215551921730641,PC1
0.007851842123497835,PC1
-0.2419807439343255,PC1
0.12649077316547702,PC1
-0.10422596729737083,PC1
-0.09009244727745744,PC1
-0.051687557165365855,PC1
0.0016052922650059834,PC1
0.19920367143466441,PC1
0.12995897877934068,PC1
-0.09570879935080215,PC1
-0.11854189523802548,PC1
0.017571017921292512,PC1
0.004239389894367352,PC1
0.07290602413867497,PC1
0.06807726672816555,PC1
-0.1539128491099087,PC1
0.15483534449104203,PC1
0.04056965383836817,PC1
0.19560588573579352,PC1
0.26602810871122934,PC1
-0.12095687644190303,PC1
-0.008109418748722785,PC1
0.08580782359960615,PC1
-0.17297220706638905,PC1
-0.0025163904268007305,PC1
-0.013100097331169777,PC1
-0.06424899576453126,PC1
0.04913825480113506,PC1
0.1322807193433544,PC1
0.07833996637891376,PC1
1.878534928864764e-4,PC1
0.006304977581615259,PC1
0.1674173265640889,PC1
0.035266742114311994,PC1
0.073006788706787007,PC1
0.0689449236981724,PC1
-0.07639911023595904,PC1
0.10144859599823831,PC1
-0.21187718827710966,PC1
-0.03910447626244339,PC1
0.1553900893712242,PC1
-0.08732809369024935,PC1
0.1900119728450812,PC1
-0.029966446862990367,PC1
0.13868616212451768,PC1
-0.06010730304145591,PC1
-0.021459929141951793,PC1
-0.02566338096903547,PC1
-0.07952258043259615,PC1
-0.20915712598040626,PC1
0.09042417770672079,PC1
0.07752238495097233,PC1
0.046983894238393685,PC1
-0.0961203284521108,PC1
-0.03436427280322778,PC1
0.0589231015609485,PC1
-0.17543345965933527,PC1
0.012729540162500115,PC1
0.045208225133652455,PC1
-0.0043703902318421445,PC1
0.06041621989210369,PC1
-0.12267198147044359,PC1
0.22352639841624183,PC1
0.08614435298632275,PC1
-0.01574366127787328,PC1
0.08266234598311731,PC1
-0.21387045014781542,PC1
-0.12584484824815134,PC1
-0.1111166769158193,PC1
0.11613130424447564,PC1
-0.12600234756921552,PC1
0.1130708938520132,PC1
0.02726861379205832,PC1
-0.05264832123823976,PC1
0.03084639770387636,PC1
0.012536860779995149,PC1
0.04829946797567759,PC1
0.03964695212536771,PC1
-0.08121927688940161,PC1
-0.07374274895354997,PC1
0.03075654150585473,PC1
0.009477491699907525,PC1
0.08697556774106995,PC1
-0.10824463391062711,PC1
-0.046907419608594125,PC1
-0.00614310907038719,PC1
-0.1087616382301148,PC1
0.1008377873319201,PC1
0.15816742293335584,PC1
-0.0020820600187793636,PC1
-0.14732369562063075,PC1
-0.0026317942388652143,PC1
-0.021174256261789606,PC1
0.0873439369076644,PC1
0.002030179269813491,PC1
-0.129170530707924,PC1
-0.11564571308082924,PC1
-0.04623953456331479,PC1
0.08298802329404853,PC1
0.1737193346351887,PC1
0.02774722116009741,PC1
0.20536373730145902,PC1
0.17205557523062368,PC1
-0.07137952227551275,PC1
0.006613685981201576,PC1
0.16289316961714262,PC1
0.08457576320567893,PC1
0.2347076693544751,PC1
-0.14131920589758756,PC1
0.09610775761671807,PC1
0.038741538913620616,PC1
0.058918645106409866,PC1
-0.10123510624352768,PC1
0.011392299202191248,PC1
-0.011254315124308845,PC1
0.08775293131146775,PC1
-0.0332976077895651,PC1
0.059685322471078446,PC1
-0.057605405523536775,PC1
-0.01677388329680593,PC1
0.04853413098076098,PC1
0.014678270933181248,PC1
-0.04609851868499556,PC1
-0.04658405782094356,PC1
-0.11868932612756944,PC1
-0.22113331013311932,PC1
0.09581416441579539,PC1
-0.2661196841667007,PC1
-0.042522759510584124,PC1
0.08570840660974663,PC1
-0.04667128781998289,PC1
-0.13801299946169018,PC1
-0.20988027271580845,PC1
-0.09549759342976993,PC1
0.046073520899112735,PC1
-0.08729481612703216,PC1
0.1323429190224153,PC1
-0.005741067567390911,PC1
0.022988342341016807,PC1
0.0645285861539058,PC1
-0.10811350700813152,PC1
0.021786140878050454,PC1
-0.1563194625586891,PC1
-0.040347653245225365,PC1
0.23679354982764392,PC1
-0.0076351183771018495,PC1
0.0336941731651938,PC1
-0.02709085576222745,PC1
-0.03984832152210359,PC1
0.13167248192394326,PC1
-0.0350359170521439,PC1
-0.11624841800820666,PC1
0.20995352974932058,PC1
0.024813399567985693,PC1
-0.0760981959035457,PC1
0.16191420967492656,PC1
0.08348183375713357,PC1
-0.003493485022298369,PC1
0.10436914652259197,PC1
-0.10170535198644222,PC1
0.003592292881263226,PC1
-0.016046921519846158,PC1
-0.08530222142068525,PC1
-0.17481366097769985,PC1
0.07479950626192994,PC1
0.10880023341163436,PC1
-0.011260002763177308,PC1
0.03132571025143237,PC1
0.06271865885730457,PC1
0.015927721364815912,PC1
0.044469674053973576,PC1
-0.08182907616851214,PC1
0.05924681445880645,PC1
-0.023201778845233653,PC1
-0.14518588869234197,PC1
-0.022807840261734616,PC1
0.11360635026212146,PC1
0.021074615161163476,PC1
-0.0836093237951862,PC1
0.052121073476676716,PC1
0.005794102844745533,PC1
-0.04531120490584629,PC1
0.18298809254455123,PC1
0.00996473883082604,PC1
-0.02345838225917186,PC1
0.20859269728359642,PC1
-0.15485184460147416,PC1
-0.046032993292555204,PC1
0.05121950125335857,PC1
-0.02980488889481896,PC1
0.046063047060712375,PC1
0.08206706536958117,PC1
0.025352095272715668,PC1
-0.06710875612700742,PC1
-0.11856635703608595,PC1
-0.02124517774447205,PC1
-0.01602812877717337,PC1
-0.11511136004564547,PC1
0.06331435600340835,PC1
-0.003628451312440259,PC1
0.03090439767684516,PC1
0.1084419069005789,PC1
-0.027889359022275635,PC1
-0.08619857738742488,PC1
0.012972068455101134,PC1
-0.013958224842871937,PC1
0.11756050297240613,PC1
0.032337146954016335,PC1
0.05491542508169239,PC1
-0.08334040955402068,PC1
0.031627374674817244,PC1
0.0038835438931442215,PC1
0.11673445224458077,PC1
0.164490621741373,PC1
-0.050146683067731755,PC1
0.09256263868837578,PC1
-0.04609510244539592,PC1
0.04006799444357264,PC1
-0.09979713189020965,PC1
0.08262823445116732,PC1
-0.024721156242962315,PC1
-0.06831223331156319,PC1
-0.09991533808216746,PC1
0.04561384543869409,PC1
-0.002931796287494178,PC1
-0.16289882071603645,PC1
0.29316379116057883,PC1
0.08552399048223523,PC1
0.17554129954992637,PC1
-0.034019697857794504,PC1
-4.772898458562493e-4,PC1
-0.14710213030760222,PC1
0.10777612789115462,PC1
-0.0794269224604236,PC1
0.005656362732603615,PC1
0.06299962871322139,PC1
0.057141018876641705,PC1
0.09825424903001147,PC1
-0.22104929486027672,PC1
-0.03146923488020721,PC1
0.16697412199402217,PC1
-0.047245905449343414,PC1
-0.12048088526780024,PC1
0.08887829312737575,PC1
-0.013767318938534103,PC1
0.08977939104964486,PC1
-0.030770148095978368,PC1
0.13283877445689668,PC1
-0.0559397724797708,PC1
0.17723605923079389,PC1
-0.09823509400607285,PC1
0.1343143366339968,PC1
0.11660298791873183,PC1
-0.2278868755751299,PC1
0.0424012491768998,PC1
-0.01985921828120673,PC1
-0.14451968236901266,PC1
0.05119457305107525,PC1
0.03833820637488181,PC1
-0.0249293945889887,PC1
-0.17795732179324203,PC1
0.003488200802933751,PC1
0.12779635872356396,PC1
-0.14300967272101453,PC1
-0.24092133100885527,PC1
0.017913706386232783,PC1
0.03057559649201491,PC1
0.140318381828499,PC1
0.14811979654471163,PC1
0.19092940179482498,PC1
-0.00830271776272165,PC1
0.0411787724721282,PC1
0.10932063079179956,PC1
0.03541451205487722,PC1
-0.17295356809912288,PC1
0.04958512381626937,PC1
-0.1408930886432355,PC1
-0.02236690684156701,PC1
-0.06059665666479816,PC1
0.0019452941996669568,PC1
0.053056255863086155,PC1
-0.11316732315660759,PC1
0.05243790969549751,PC1
-0.046253076601813936,PC1
0.006668758720245728,PC1
-0.029138841524809327,PC1
0.3280465397639177,PC1
-0.09447173844586249,PC1
-0.055570868126808996,PC1
-0.22806972644438184,PC1
-0.12561572323317538,PC1
0.02600652079139206,PC1
0.011380646137029271,PC1
-0.035341341578831356,PC1
-0.057217870545519654,PC1
0.08711420714749825,PC1
-0.012607053173605057,PC1
-0.09271564252753167,PC1
0.039866974474447266,PC1
0.12837385026910947,PC1
-0.10805133145505544,PC1
0.1127595858596172,PC1
-0.05795360642657795,PC1
0.10370580810399485,PC1
0.0638019326609795,PC1
0.08754359350917951,PC1
0.15065494560819567,PC1
0.3276821109470971,PC1
0.10400509425808571,PC1
-0.10697240932866264,PC1
0.010487239986459215,PC1
-0.1102853606936721,PC1
-0.06781058380289866,PC1
-0.11057331687025379,PC1
-0.15529078785237382,PC1
-0.23042466091280775,PC1
-0.07012863537053804,PC1
-0.025698716465446282,PC1
0.10063887539577883,PC1
0.05186089546876947,PC1
-0.052918851495816877,PC1
0.01207131418557339,PC1
0.15481144679721015,PC1
0.02561896658029528,PC1
0.03453505161176046,PC1
0.032853265300601064,PC1
-0.003469410503323323,PC1
-0.18316049195042836,PC1
0.1329098072328772,PC1
0.003235391694030223,PC1
0.002010158551444468,PC1
-0.04132245665574009,PC1
-0.09629737757347542,PC1
-0.005311703648175278,PC1
-0.002029155909490238,PC1
0.09637658041078265,PC1
0.10323140519051406,PC1
2.1610039852566418e-4,PC1
0.11826995009410429,PC1
-0.034381497077897324,PC1
-0.07893526583527263,PC1
0.07925975299471386,PC1
-0.03721495312104375,PC1
0.028528073225457744,PC1
0.03842737091211232,PC1
-0.1001708217584355,PC1
0.07067868978181145,PC1
-0.0348825488389366,PC1
-0.17123690144550138,PC1
0.0035815370094471333,PC1
0.02348639802983076,PC1
0.031401945642540036,PC1
-0.11137206110382913,PC1
0.028205274129817194,PC1
-0.021457752536168453,PC1
-0.03636742321410398,PC1
0.08958342250072909,PC1
0.04847173368096544,PC1
0.07289940668200431,PC1
0.055916081737190426,PC1
-0.04622223833382927,PC1
-0.1974598633837124,PC1
-0.13254966039536092,PC1
0.18547756969696752,PC1
0.03458429063806852,PC1
-0.22667271916948903,PC1
-0.14083294288159368,PC1
-0.03847428785345519,PC1
-0.055755079101513415,PC1
-0.13537350627037925,PC1
0.1589961759861381,PC1
-0.11824055870642083,PC1
-0.05917551563660829,PC1
0.06735370746184277,PC1
0.021066910630220884,PC1
-0.03136884538508878,PC1
-0.004812243074919391,PC1
-0.0744704268487631,PC1
-0.199036532406707,PC1
-0.08223020514330796,PC1
-0.09530176964829588,PC1
0.0709587502309238,PC1
-0.11029379178452102,PC1
0.010271825567937593,PC1
0.07581212195354886,PC1
-0.1507041343019197,PC1
0.08202746199603833,PC1
0.001811029557220005,PC1
-0.11327917567486406,PC1
0.054596841259958645,PC1
-1.0390447922961621e-5,PC1
-0.12172538907359257,PC1
0.04180184465412487,PC1
-0.10243037644267966,PC1
0.2357115901045772,PC1
-0.17908007537147363,PC1
0.051423421825400724,PC1
0.0495422233926087,PC1
-0.19684274242167654,PC1
-0.08583183183636327,PC1
-0.013719728925210763,PC1
0.06762093528770599,PC1
0.005774162788985085,PC1
0.1688830170705805,PC1
-0.11943467111536575,PC1
0.24662616890060785,PC1
0.032918655352444974,PC1
-0.05359001141430543,PC1
-0.09744783284946304,PC1
0.03461249371171848,PC1
0.21186105441642306,PC1
-0.16277121198597794,PC1
0.028861065474128436,PC1
0.07600635022963419,PC1
0.061940794374605666,PC1
-0.10445254297290081,PC1
0.08068336943705355,PC1
-0.1264197574300031,PC1
-0.03387555214225238,PC1
-0.09030470995681464,PC1
0.15923011388374517,PC1
-0.07136040898986147,PC1
0.010836941038922306,PC1
