r0,ba1,lp__
0.6706123850990628,0.019232718511395352,-1013.5816369245057
1.2654417485980578,0.008403427916581949,-1013.0325332534009
1.2362077643069496,0.011118882310240543,-1014.757463153904
1.4554094074522623,0.006616935635710814,-1012.928692048544
1.3507505586013517,0.007929572107865145,-1012.648841862466
1.2962202635333935,0.008600191773489866,-1012.5593616221842
0.5163299244931278,0.022688563297479796,-1014.6998721238978
1.3734668254156666,0.007519336046605847,-1012.7800950742684
1.1515996935146706,0.010748575875987787,-1012.4120358324278
0.8134245568248747,0.016301214019875485,-1012.9254684825631
1.205011376800413,0.009111153053206639,-1013.0276812232702
1.2279454131503025,0.009388514853153491,-1012.5053277902352
1.0909862794139609,0.011818625575532713,-1012.517284545239
1.2858252800473773,0.008228354935050867,-1012.9647605024139
2.261710111127389,6.660912656895663e-4,-1014.8264142222555
1.2999374226136633,0.009674404778048548,-1013.2416785439293
0.8614021035951278,0.013613061029419183,-1014.3122593408672
0.915282208900412,0.013179112451825977,-1013.2460432254903
0.4880273349136461,0.023779051893713068,-1015.1246948771571
0.7074540419876815,0.017517036901902764,-1013.3439817731704
1.059101843889098,0.011635659157775256,-1012.4443481987269
1.5043464332003604,0.00489055496631567,-1015.2805487938228
0.6409302917901447,0.020360586271060375,-1014.3605338372794
0.7924612291265096,0.01534318908039496,-1013.5522592674466
0.8031319646667641,0.015110995814585039,-1013.5680798614891
0.8096770737877599,0.015511716519771042,-1012.9166333458047
0.7902839157889124,0.017453309129019795,-1014.0737813563227
2.139032556811343,1.3120088295558315e-4,-1015.3993265063698
1.1469438014251534,0.009679117138889233,-1013.2831632238813
1.2351065365294405,0.008820555429819986,-1012.9372943769955
1.5054092739782838,0.006528594928449068,-1012.8342069658286
1.0850020283516106,0.010530750996720156,-1013.2513427845562
1.0443066454087966,0.011485526831083665,-1012.7271231945588
1.8767191205794524,0.0021892425314259745,-1014.5784807754922
0.46503068550167675,0.023728607763293146,-1015.6043621733418
1.1997001623974932,0.01004633576325849,-1012.425019814069
2.01318508584687,0.0029893688023084034,-1014.7028969245804
1.1537511018836601,0.010089779472926743,-1012.62313421118
0.7778252320793568,0.016210530824995035,-1012.9596523418157
1.204640516269788,0.010714543255232896,-1012.9788820153121
0.7334260859706407,0.018451529439636363,-1014.0450323903648
0.9122672858634979,0.014087414084920093,-1012.5221873979567
1.6347805408198337,0.005578277755053808,-1013.1623067392184
0.6625287218717706,0.017973900185001678,-1014.255206024282
1.16112233114491,0.00968327868347866,-1012.9866613695946
0.8114277866162729,0.016532946513401977,-1013.1253077253798
2.45297692664228,-0.0011662309720708772,-1015.3771738571993
0.7804315798772588,0.015624811580192475,-1013.5132804356138
1.4604594754165061,0.00783763828310701,-1013.3641565301023
1.775029667490519,0.004399360407460671,-1013.5271951797681
0.8220895770244105,0.015042681115346047,-1013.1106256101898
1.8502903302591747,0.003618259798250975,-1013.6413052956343
0.940324369031446,0.012936688774267742,-1012.9699125263645
1.2697216500248805,0.00901897635719512,-1012.4970230137027
1.2401952529762328,0.00931242489000683,-1012.4861546965911
0.7974971297679185,0.01712803149284224,-1013.6712375597277
1.0690470696703784,0.01043090817532994,-1013.9022396447004
1.1147886715928472,0.010273221772766288,-1013.0096862954704
0.7514678752433184,0.016021805601979286,-1013.9095723915447
0.8999433183712655,0.015095281642375105,-1013.0669751980339
0.9499172647438974,0.01270320683226051,-1013.0689053983986
0.7380086953483137,0.01685746284117261,-1013.2196471052131
0.8232450681021418,0.01549618327485528,-1012.7493586785345
0.7035943611311376,0.018239993633867215,-1013.227115491301
1.1554599155171559,0.00971677452138489,-1013.0433838385651
1.1678092102154203,0.011447708335545337,-1013.4017677015022
0.7497995323162869,0.015953013677735488,-1014.1102931979108
1.1966554894570258,0.009880372939910962,-1012.4439244781514
1.3731033569734028,0.007989526093312594,-1012.6134297246268
0.9829944898194402,0.012436146666681667,-1012.7256082720603
1.0030286365544063,0.013581610145175628,-1013.1222473895073
0.6178448621033972,0.020906363485671244,-1014.5219299336095
1.0291226210615503,0.011858959535873816,-1012.5883680498151
0.534365577104414,0.02124659362754131,-1015.2316430658908
1.7183143940428065,0.0034400491062713144,-1014.3608954843019
0.9019599850941689,0.014406095660299982,-1012.5467719405628
1.1294865466944606,0.009383040184274397,-1014.4367814543263
0.8727254401359933,0.015290151669653878,-1012.8131498530375
1.5544761665146123,0.0059418753863441556,-1012.9434404418814
0.77661855341329,0.015489059036353168,-1013.882171644409
1.8490699709173102,0.0036822206572514025,-1013.6600192215834
1.3418657047830356,0.008355918813603041,-1012.5712212815042
0.6889376385576105,0.017705353235094968,-1013.6458372562018
1.6273983977718478,0.006522167733592852,-1014.2902559382177
0.7373976633123588,0.017427208368114844,-1013.0358854556506
0.9792581845021653,0.013015478587214725,-1012.4366738098194
0.9248589281406722,0.014529791734869233,-1012.8317409846527
1.2137607874010359,0.010242125397399266,-1012.5918838062499
1.3067351415282287,0.008233776912267458,-1012.7244081957873
1.1910985526728768,0.011268906423650653,-1013.6612235066605
0.77661855341329,0.015489059036353168,-1013.882171644409
1.111054864069217,0.012329195838437052,-1013.6496958665874
0.47805414727774487,0.024300251795096584,-1015.4121255682846
1.1070711809789318,0.011763005470979181,-1012.65918639471
1.536752200017141,0.007044779500671865,-1013.4755434636074
0.7546806305755155,0.015116843920460732,-1016.0088280523623
0.7607282719045776,0.017314337900558738,-1013.1143516885465
1.141605484413338,0.010656647242617613,-1012.4015228536178
0.7986934278668792,0.0169712530337417,-1013.4403455206391
0.6137514344065566,0.020334022404799347,-1013.8194966021063
0.9342030656569066,0.014366572453312772,-1012.8051395497122
0.9120361107474083,0.014712468031659568,-1012.8221352944901
1.2170189966747624,0.010179074983267214,-1012.5776631932938
1.077701801954722,0.011533845179572557,-1012.3923033210482
0.652701056293328,0.01958936572729781,-1013.6529788056432
1.497867192401461,0.005307322977063654,-1014.3631788007493
1.2206288252776156,0.011261365885822118,-1014.5997146108688
0.9723457449736126,0.013946569527732777,-1012.990063471357
1.8327581494133485,0.0036352178800462772,-1013.5663197992131
1.8630155720670396,0.003383242025415575,-1013.6427136599259
0.5913736554400342,0.02093290075467228,-1014.0227243794708
0.8855690098603528,0.015326826233623093,-1013.0791797086398
1.3534431862587655,0.00922298752080049,-1013.5973057403005
0.8849361710900662,0.014145248426418398,-1012.7502662446735
0.9338924599020211,0.01397479455764037,-1012.5206836701044
0.7963286091811699,0.016720973636430242,-1013.0707092793792
1.2084069401087336,0.010064141386684296,-1012.4562335384496
1.5778171120552247,0.006662994378154568,-1013.585755074907
1.248227397936668,0.008954128156967132,-1012.6406601209092
1.2047663450038113,0.0095891328851961,-1012.5353108126444
1.0490780605278123,0.012826201956891967,-1012.9767598495318
0.6853351631744414,0.0186272380378846,-1013.3231056473144
1.404954871825654,0.008219474925007868,-1013.0012990068607
2.2862107685263293,-6.653184706045529e-4,-1015.4536632540546
1.367040049963425,0.00821214771558794,-1012.6359685430521
1.2283715752204978,0.009711168905748444,-1012.4489361779339
1.6923542735894617,0.003356736731657589,-1014.9884899237285
0.9108956781240588,0.014267735331103948,-1012.5332948903831
0.7495183483561132,0.016680037372035612,-1013.1272875126816
0.589521106188036,0.020017621300506955,-1014.3617426464808
1.4527253131700302,0.006863681548955995,-1012.7892196888017
1.3907380672981444,0.008270512394540536,-1012.8735009234689
1.596441825748207,0.005078563808552966,-1013.3218204887114
0.6420953529578495,0.019903008959555345,-1013.7819071308795
1.2131978704907675,0.009414418673982967,-1012.5886579586407
1.0438252636355734,0.012250992818683078,-1012.4124543799928
2.2479113985096206,8.318124045703138e-4,-1014.8313733256539
1.0348259442534329,0.01274071269257384,-1012.6304283116616
2.779657852812897,-0.0031191511716109786,-1016.3998878090663
1.4653818968466672,0.00711868321577988,-1012.7809848862776
1.306387760749431,0.008925624030938205,-1012.5657203760686
0.9551303102429207,0.01314797140404177,-1012.5384131866157
1.079022496935997,0.010659781490394869,-1013.1746036671686
1.4421046182408577,0.006466722260713817,-1013.2130951993447
1.536752200017141,0.007044779500671865,-1013.4755434636074
0.7562103556254496,0.016501195546118414,-1013.1350239573595
0.9832884075945649,0.011831775399292645,-1013.6474928151277
0.8786646192971935,0.014001584322018559,-1013.0190394999856
1.1231350756300038,0.012031937884456462,-1013.3756540986215
1.1678092102154203,0.011447708335545337,-1013.4017677015022
0.793391342457765,0.016189426613358125,-1012.813291194055
0.7027839253651713,0.017405600190570636,-1013.5732255908923
0.5345842668500788,0.02328874429222174,-1015.7137706160867
1.8387147424748682,0.004542941992526865,-1014.5421402018601
0.9559382327557049,0.013474414055390108,-1012.4604139833028
1.3549744595838251,0.008335320667110575,-1012.6152564343072
1.2916048081640719,0.009857863742643667,-1013.3811551144541
0.5786412834944709,0.019863242092801874,-1015.1367890900453
1.5241247817871648,0.005897777603803941,-1013.0691263568369
0.6992517843741776,0.01805065049162986,-1013.2184280111295
1.2173404308543312,0.008693993007291215,-1013.4762707799379
0.8104400713980296,0.014597852506243259,-1014.2908297210939
0.6326781057444045,0.019688890034581373,-1013.6251859801721
1.7158699629510485,0.005075551761211013,-1013.5103543281612
0.8318466198295491,0.015316782957271466,-1012.7334615959332
1.5358684703006003,0.005972608078961889,-1012.9630224717881
1.2894603386237167,0.009722328756208471,-1013.1120078679403
0.7132712210214595,0.018115530054176782,-1013.2138397513341
1.7618424614962458,0.004607008641661485,-1013.5624130859737
1.5814632244368028,0.004852618793489202,-1013.791445149689
1.5661276397828685,0.005336332916417564,-1013.2955120202753
1.3001633233813572,0.009928322085177018,-1013.7281263672518
1.1551435907000152,0.010465862725811338,-1012.408972823951
0.6405404131036595,0.019399132156377064,-1013.568979192229
1.351830517353061,0.00907116260739772,-1013.2907724984678
1.6322909516194406,0.004882853653181577,-1013.2681534147541
2.189843759463186,0.0012219299109524197,-1014.6565219458555
1.0888699308019234,0.011565421193156813,-1012.3934987397638
1.4704785739830641,0.007690995542156584,-1013.3186869880424
1.7472603174239378,0.004145570677406537,-1013.3722620833048
0.9545002821119175,0.013512148035183422,-1012.4634967684949
1.0807614233360987,0.009682015403920986,-1015.5104132720431
1.4361433848303469,0.007316763632616776,-1012.7123750785308
1.6729703570925891,0.005235459543584332,-1013.251068514361
0.8203901161587178,0.015003978434261695,-1013.2015716330908
1.829924645163959,0.005074237201851496,-1015.5949561793351
1.318449518530118,0.008177640125085017,-1012.6776353891009
1.3676019036206692,0.007725729670640925,-1012.6804431837871
1.6559291799014901,0.0050455346438046415,-1013.1460449781292
0.9112687008544217,0.014380734856678578,-1012.5694487016871
0.7133822536223342,0.01763006279616929,-1013.176977833725
0.9386282280453634,0.014907814582596815,-1013.8236240878247
0.7776662875599987,0.01672211002804442,-1012.8978273146382
1.35873046591808,0.007850491775705161,-1012.6549388638459
0.716468395440595,0.017444049490148935,-1013.2190842227203
1.146801263260209,0.010420114468247706,-1012.4573530288667
0.7534132159183491,0.016908290265336256,-1012.9696345011062
1.1632582908125324,0.010158973393414147,-1012.4876634857634
1.4255349992137747,0.006922834023233841,-1012.8858807551835
1.2371493787940424,0.009708811072739746,-1012.4793740396356
1.191627044406366,0.011570121725951565,-1014.4237415273426
0.79658201294309,0.01650065335605178,-1012.8976876489982
1.8560202554761056,0.003353544707621205,-1013.6212735369977
0.9633789359072409,0.012030436713432662,-1013.9024407135189
0.5193444120667905,0.021876745222723832,-1015.108023613365
0.9945635607310472,0.011737715642586107,-1013.4834777144143
1.295889600890882,0.00915459971489721,-1012.6054636906692
0.9762084627250192,0.013944625187345672,-1013.072371961337
1.1427508405122109,0.01128285951900514,-1012.666542503872
0.4670560628031041,0.02375170730903898,-1015.5026153712956
1.7083493091190791,0.0044629073743403325,-1013.2881651412747
0.6689712897317005,0.018181430398779348,-1013.7216474590322
1.0888312962779907,0.011260623979303377,-1012.4229707565879
1.0767156485002392,0.012183824475275606,-1012.6600023339727
1.0355302586739803,0.012320848063493298,-1012.404583944466
0.773444925816127,0.016814026231139423,-1012.9168839663733
1.1953832153958464,0.010858532921011334,-1013.0125264407802
1.5131659946017468,0.006405397047246385,-1012.8531425048865
1.0305398212697858,0.012196337249204322,-1012.4077509231963
0.9111650877042976,0.013489600508471325,-1012.9160944176357
0.5697157365339889,0.021724833149543026,-1014.39437572959
1.529699938565726,0.005806390398899644,-1013.1111458814033
0.345192540269343,0.029837301477940493,-1019.1186276847345
1.4006842894393068,0.008122193607479119,-1012.8528096296324
1.4052566185032203,0.006678042430295814,-1013.4194066383775
1.418907408113047,0.007376040869995789,-1012.6886813234709
0.5561005547578242,0.02038594638382997,-1015.4923531311774
1.5460049609979645,0.0054899747557554624,-1013.3040517394624
0.9281506931763219,0.015231431188510447,-1014.2122078434523
1.2894153505237564,0.009089981430807028,-1012.5340256190495
1.357425818873378,0.00849760239659196,-1012.712662684297
0.5575197378162143,0.02095913957287516,-1014.5381644265859
0.9041444808220315,0.014574159056650863,-1012.6182923292663
1.5085573109842607,0.006745551475662093,-1012.8818998274905
1.1401427753292932,0.01189841566288361,-1013.5695071444248
0.5757958573447284,0.021425810238073377,-1014.219023098242
1.3074563468846208,0.00911465156914936,-1012.682672696136
1.7713549270863649,0.0030756047020450684,-1014.3056730996274
1.6679287746232039,0.0059308328707689375,-1013.9603556607034
1.5023281532855794,0.005798397972683058,-1013.3831683583793
0.7607282719045776,0.017314337900558738,-1013.1143516885465
0.4937128391926548,0.02419091006521235,-1015.6667615412766
1.144486980110086,0.012329240667104814,-1014.8371469130706
0.6880577139938525,0.01893223987044657,-1013.5616108925883
1.1535301132629057,0.01086216441872031,-1012.4628537713145
0.8899216892425251,0.014605293324559822,-1012.5685068438121
1.1367317236110002,0.010669681357135271,-1012.4111888989253
1.4223028882421642,0.006474018683874712,-1013.4809255244367
1.1779705712773658,0.009754421576615825,-1012.6541368514899
0.593674262313296,0.02181842320785832,-1015.3597330922379
0.6728080953450993,0.01732150154480734,-1015.0623052204593
0.8362477590095599,0.016817128471509214,-1014.4450531852216
1.0755595355209806,0.011294118166456767,-1012.5005741961982
0.7780863223347513,0.015667539240228626,-1013.5255210736962
1.0254230524166774,0.013604950853906488,-1013.8124179942713
1.402687154640362,0.00719018013938501,-1012.8316553414517
1.3844301973774034,0.006711700696229349,-1013.7316784001636
1.7046811233323707,0.005606188468761857,-1014.0559126733189
1.7939416159704253,0.0038347342218194996,-1013.4685439235323
1.1783454722898228,0.010448978286953096,-1012.4380692287461
1.051863104955788,0.013363837471927698,-1014.1534826050176
1.361688409911847,0.00803027063226334,-1012.5985665971332
0.8032366764488293,0.016390402949046895,-1012.8851125690616
0.5996423314596501,0.019884157346040193,-1014.1449818171685
0.7848037604528436,0.015535286471114493,-1013.5062731671909
0.5499203931306883,0.02210443627709499,-1014.4628660344127
1.1432118162421763,0.011448071347310133,-1012.866396094073
1.139110359905767,0.008917812909399603,-1015.4183683162427
1.4240556377042768,0.006301676555330227,-1013.7580583177031
1.5661599398364712,0.005993515503809216,-1012.9526615277182
1.0175433163584722,0.010957374259016868,-1014.460456192165
1.2083482782524386,0.009090577496697849,-1012.9996580229321
1.5707014506575574,0.0061233519478026115,-1013.0000532704157
0.940110527908272,0.013214684266728307,-1012.6749585396664
0.7763953096929179,0.016121262488761088,-1013.0448499599275
1.715401636871731,0.004583120767637827,-1013.2775274947487
1.393247378124493,0.008359447192193805,-1012.9980693972568
0.6377054215196507,0.02100212085960346,-1015.6815167644882
0.8023956290261621,0.017322428876583765,-1014.2564060928102
0.8670939139432897,0.01531985804604424,-1012.7688946065434
1.845118039866543,0.00292150689419063,-1013.8538145157689
1.145732830306427,0.011046216739086246,-1012.5056831206871
1.362458926732067,0.007935559488639042,-1012.6144281366913
0.7478361596647382,0.016959673714929714,-1013.0073332439681
0.6597379567952587,0.019014197968242556,-1013.4409200453998
1.1959639412849945,0.010463791514113079,-1012.5779431071741
1.528838517931524,0.006853179180316585,-1013.1312203669911
1.2084069401087336,0.010064141386684296,-1012.4562335384496
1.095922873766543,0.011381024915517523,-1012.384825348914
1.2093167779159948,0.009886481724868128,-1012.4299839631336
1.6741942029438834,0.0054684498298084895,-1013.4324490777037
0.9118964336369353,0.01599370053550864,-1015.7602402022882
0.9392788703271114,0.012655232895126127,-1013.4394241414532
0.811858416110422,0.014947669186574841,-1013.5422735656676
1.226581444237582,0.008641756759128722,-1013.3689871385541
0.7779746840946893,0.017160636072690763,-1013.2314251565518
1.4562023014305883,0.006264656462931517,-1013.3108454907403
1.213908215128802,0.009707693864824169,-1012.4453198250934
0.5104917402755169,0.02359303109269108,-1015.3036915685724
0.6997737340582525,0.017305804252548237,-1013.8026158145909
0.9339273508935443,0.01306888972647252,-1012.9409032800245
2.000363004516852,0.0025674727440203474,-1014.1027337705342
1.1676301763473624,0.00991826292516382,-1012.6211961194257
0.7312347130491651,0.015910185203686297,-1015.1700552187389
0.6143568107217225,0.02065044470813904,-1014.0696362188944
0.6881162975335219,0.017941005136091547,-1013.4401489307152
1.2686283221461323,0.010047533471854648,-1013.2140236175622
1.2667891965307672,0.009238780085344803,-1012.4837204697469
1.0359794562958413,0.013251550595788447,-1013.3841763297146
0.7632284898283156,0.017451906214082002,-1013.2916317514288
0.757343306360122,0.017332976763014842,-1013.0901299289034
1.5128743322901879,0.005946228597009993,-1013.1051998091916
0.6356066364771102,0.02044082423400495,-1014.3218801021535
0.7755747012832654,0.015324111963020722,-1014.262031140152
1.2743990269436476,0.00893545761464631,-1012.5087497733547
1.1390112817568685,0.010111502579145521,-1012.7978267726006
1.0068985612141603,0.0122376964457806,-1012.5629767781805
1.0430878536564099,0.011635413465739977,-1012.599244397975
1.2571891315545707,0.009253760771708424,-1012.4721456051769
0.7296937677753419,0.01767209612862238,-1013.0923490119819
0.8053717334194906,0.015517083841728688,-1012.9910705061055
0.7157039890884749,0.018318155285047863,-1013.3933974553108
1.6649572933257875,0.005415560490094074,-1013.2979117575267
1.0253723654891829,0.012551709919067386,-1012.4298364033215
1.683108531438566,0.004967716916660928,-1013.212943667317
1.1720965441509181,0.010598825163842461,-1012.4613143569356
0.9632377081593567,0.01347373045323904,-1012.4729644627089
0.9437308614608314,0.01331348413836177,-1012.5609350000882
1.4030714348970827,0.008006256427643082,-1012.7869726670133
0.9354162847117758,0.013830738036118975,-1012.4897261685676
1.495573247708823,0.004643611039547952,-1016.3164313487478
1.225406148485279,0.009123557970070618,-1012.7187395197691
0.5521115125824646,0.02272809054701697,-1015.3639029261019
0.7485773068845258,0.018584352388957986,-1015.0262859082014
1.3385633413947404,0.008057071096157675,-1012.6374166744345
0.8325316603145165,0.016720416562652968,-1014.0549196326003
0.46973199448012204,0.02467790291347944,-1015.6492019189534
1.4809874116051167,0.007040290915155674,-1012.8371842357358
0.9162951468111281,0.014657336071776213,-1012.83129957462
0.643580767649814,0.0194876495047973,-1013.5581997549873
1.3579456465689181,0.008664551686690489,-1012.8567470550008
0.6275534356652103,0.020847174304114046,-1014.7809211879386
1.1135140542138484,0.010366075439189958,-1012.9030012718891
1.5700228921706012,0.005974940774040783,-1012.9619903958078
0.342138350088905,0.03015438505419296,-1019.6569856029546
1.150877053689953,0.010491783165924626,-1012.4138556580415
1.6081478207805735,0.0052883770769045465,-1013.1028001212296
1.538693173804438,0.004843789844943501,-1014.5686037768158
0.8089500354361328,0.016401728673648846,-1012.9537502112667
0.5594151937497714,0.02175908519319831,-1014.3125224605895
1.6198529154578227,0.006968372385381045,-1015.2146054744018
2.728029019005898,-0.0034534686957133232,-1016.9177150779109
0.5219500597803662,0.0219432755494475,-1014.9180141420621
1.5059806630312622,0.006934102013463841,-1012.9652847753359
1.3969324556281892,0.008727257217850632,-1013.6290292376384
0.7581503965814699,0.01689762201724155,-1012.9410928900883
1.4338116721818523,0.006393517460263982,-1013.4319715207031
0.9973862343165736,0.011840746322511572,-1013.2199491610771
0.8490513630826978,0.015525016498602594,-1012.736926560862
1.1173285815036926,0.011060538050033117,-1012.3872559629962
1.3444704532588247,0.008662941247739598,-1012.7086721315304
1.3954005066246904,0.009173422771376283,-1014.6317178530251
0.8002800826327634,0.01696730870567338,-1013.4762064105174
1.0115404786649762,0.01262926122948697,-1012.4112867406429
0.7544127159125518,0.016074900621924782,-1013.7057255071826
0.8570831568027484,0.014814322630030914,-1012.6915280477097
0.7134614907604911,0.017415888183410017,-1013.2942196479964
1.137300975650729,0.009139402708918613,-1014.8215789012608
0.5578257045433073,0.02219555286501907,-1014.6844601245264
1.8702926403018427,0.0023518850216247876,-1014.3778328922821
1.0422829920321182,0.01123138024130145,-1013.1049709812011
0.7783849333579949,0.016696596094008004,-1012.8913866307998
0.727207261968245,0.015945073580575547,-1015.3193118826631
1.2517496787938713,0.008764827561047019,-1012.7792489467677
1.1941557558026832,0.009589357208179907,-1012.6269198254518
0.7126722875658045,0.018450786077378933,-1013.4813215903841
1.07677950710274,0.011427799980091908,-1012.4240476544227
1.2341995296817962,0.00865671210054965,-1013.1909867379388
1.2781775036733607,0.00879954736943738,-1012.5448664975714
0.6600351362871726,0.020188232852894828,-1014.7691703731053
0.7461384445587386,0.017044496711661677,-1013.0017899665883
1.6387920683841037,0.005808912195696606,-1013.3688468945285
1.0716856387929492,0.012630919158881902,-1013.1741841120823
1.1642625835922553,0.010427473000452435,-1012.4032941780916
1.432368474903783,0.0071916576689055435,-1012.7182239075122
1.1045950796046227,0.01250647305653202,-1013.8523692955453
1.0655717467425951,0.013534145796138479,-1015.2351663892057
0.617234739091853,0.02047734589280915,-1013.9461252438897
0.7580438798041134,0.017839527110297765,-1013.7258610721841
1.2180552278918828,0.009183164830932048,-1012.7448262981171
1.3843865099715065,0.007659723507794943,-1012.6556668849324
1.0037772005532912,0.012019249978037065,-1012.8212470161004
0.5663859492181192,0.02048686866180324,-1014.739507962869
0.945093623388142,0.014271501466278352,-1012.8830157319298
0.6509254862882061,0.01908609961484916,-1013.5100692395316
1.2342578470864793,0.008778323546812874,-1013.0076142467865
0.7801439349167181,0.015909436175637014,-1013.1582645461406
0.6580540352360068,0.019027871352641515,-1013.451603640627
0.9357807205677803,0.01356725818606661,-1012.5152804111221
0.7756578255174512,0.01631350743782799,-1012.9354443955136
0.3350725397127676,0.02948104292075324,-1018.206120031618
0.3502634065151337,0.028843986945392162,-1017.8094865218931
0.5854796796872727,0.019724188332458023,-1015.0062414259854
1.058415987557757,0.0112374241874695,-1012.7740085116919
1.2279454131503025,0.009388514853153491,-1012.5053277902352
1.0882977014352206,0.011130658886285857,-1012.4906927273029
0.76187342091419,0.017551092951871967,-1013.3873434828935
2.208800148408779,4.3435096429891764e-4,-1014.6570322587103
1.1062266939528567,0.012297832570549238,-1013.445317073315
0.9777004657159509,0.013796012317591927,-1012.8919608862151
1.4129315801440787,0.006397639018456811,-1013.7848506620118
1.8012012241996669,0.00406901095847338,-1013.5345261582369
0.9523331098145733,0.01262479984791272,-1013.1255936273277
1.0294613075211703,0.01131742774435649,-1013.2778432020688
1.1783454722898228,0.010448978286953096,-1012.4380692287461
1.0124071928674538,0.012312433072708405,-1012.466101205347
1.1068420472764449,0.011667528014132119,-1012.5689879486426
1.1204213166268238,0.011144010956536802,-1012.3983990486696
1.0096821418385813,0.011695672907900717,-1013.1461339711672
0.8968769868807339,0.013177803420728426,-1013.84877792805
0.8276790471706903,0.01544359954221008,-1012.7281523886545
1.1459846904693767,0.010645210581675352,-1012.3970466513998
0.6907662248565837,0.017008882724519604,-1014.7663486858858
0.8519396934029019,0.014031047730911841,-1013.7820292130082
1.4684805246395987,0.007289239592530676,-1012.8786780875215
1.3005014855817023,0.009736986197002504,-1013.3609195567743
0.5996161072036712,0.019987501087697052,-1014.0536575571534
1.944722870705058,0.002429288226889662,-1013.8999359004083
0.8287954662595953,0.01602730712273202,-1012.8870072459889
1.1162154252565044,0.010814096088012579,-1012.4560756219645
0.7416569506938279,0.017705055316896635,-1013.2013941495265
1.1100869163973073,0.01190955579189089,-1012.8815552829905
1.17106515566263,0.01179847985740401,-1014.3165878275125
0.7674072399053447,0.016428626632492557,-1012.9896442571016
1.3512518378799245,0.008341846841063429,-1012.599927450089
1.4676461160877508,0.007419738561784429,-1012.9690308179065
1.1086909024504654,0.010666675200530561,-1012.6341551593592
0.7978339150528551,0.015231484369858918,-1013.5507690279034
0.8143548724627551,0.01639366013292169,-1013.0229195664903
1.138599834715381,0.010286503620866246,-1012.6204144484634
0.60390976694075,0.020923835221887708,-1014.1705170967338
0.883430139875067,0.014971973526880882,-1012.686695363858
0.3395169086534074,0.028833961018530602,-1017.9445812837
0.6571620076197568,0.018290008958225194,-1013.990174623933
1.1298979647903058,0.011350356924438542,-1012.5686773141977
0.7893492812279137,0.01565557466218844,-1013.2114136813982
0.7914229014157,0.017010039360244554,-1013.3199658296622
1.4761582612286406,0.005632615868135536,-1014.0956502681357
1.6176046855995756,0.005554416499430187,-1013.0654756107558
1.0321704090546284,0.012588647615607105,-1012.4879922531211
0.6929253844814961,0.018052930238267585,-1013.2880578449256
0.5355302241706728,0.022428730084007642,-1014.5689653911853
0.9186080862596597,0.014496743643742899,-1012.7083984668012
1.60451640064033,0.0052768696597282104,-1013.1189060598833
0.869151011603042,0.015278544329524156,-1012.7599962223177
1.3352203336803723,0.008685819682220116,-1012.6447791801113
1.0691383732419997,0.011795933762707446,-1012.3889377462987
0.9773203098196988,0.012787080746934928,-1012.5227553712191
0.7206650788973812,0.018632998939248475,-1013.9513437217987
0.8109289849364528,0.016005734965341984,-1012.7640203220453
1.4775936232293378,0.00769347895271841,-1013.445042156563
0.7865814087484587,0.01724703877033649,-1013.5555182180789
1.3129512608876028,0.0072639558508668794,-1014.1777741720596
0.6729543425937984,0.01858346048707643,-1013.3734381618707
0.6604669385454139,0.019661640860895,-1013.8584047441747
1.6155835401974121,0.005160707074011681,-1013.1490039909353
0.8019814424709638,0.016608326732952455,-1013.045942825855
0.6143075405386799,0.019493117564502095,-1014.0582027126362
1.2072739086164508,0.009637883551073879,-1012.4929247689666
1.018777776751324,0.01221609348298038,-1012.4630553367534
1.348525159309154,0.006405863019706614,-1015.4611522758439
1.2263327510320503,0.008398115009185683,-1013.8610379219701
1.7258306252614746,0.0042380034300482225,-1013.3549795416795
0.6962787119109856,0.01732979675930386,-1013.8971823554319
1.0696826306752703,0.011893763597056824,-1012.4091633874368
1.0264534427785605,0.01239634944048957,-1012.4018136828417
2.268434772481545,3.065261398800731e-4,-1014.7592299719388
1.068438962773686,0.010480614613326092,-1013.8101613663436
1.4204971357218854,0.008302740280016685,-1013.3657344875271
0.9468438061011369,0.013455976886442914,-1012.4825868910805
1.759182019848221,0.003988309057118993,-1013.4175938394361
1.2003516355786887,0.01080594655732591,-1013.0310386934653
1.449840231508566,0.006570961010576197,-1013.0128447624712
0.8040531720568156,0.016175714583567632,-1012.7946338820118
1.0332075117309898,0.012778601630234029,-1012.6446125697711
1.1115478905403489,0.011338354779786798,-1012.4165726613295
0.6298026859259541,0.019158562964611672,-1013.9046082201189
1.6910479101379905,0.00492514431087706,-1013.2372435137976
1.9025699492398993,0.003645171292172024,-1014.123295011494
1.1018929620005997,0.011030858942493945,-1012.4439470320882
0.5359162420553264,0.021541183961931894,-1014.7699083405114
0.6168820910869314,0.019696418084324662,-1013.8260736722543
1.043376782815694,0.012098842873695973,-1012.3932450248361
0.5391975022816681,0.021875385151603886,-1014.4610306156214
1.6003406124687962,0.005220873491271994,-1013.1715789850923
1.0308899715749205,0.012121857186652882,-1012.424590542975
0.859119374937602,0.015954455573704895,-1013.401701525823
1.507218262591834,0.005485425790883944,-1013.8176770168214
1.749385861011438,0.004303342834609125,-1013.3583031966258
0.5665833633306737,0.021121879699514755,-1014.1889264928789
1.9578010894292672,0.0032481878734211614,-1014.3171627811035
1.0129960017119901,0.012630378315427434,-1012.4129444497925
1.089670126478873,0.012840186071841215,-1014.1717816550299
1.0943117912828881,0.012952857068777468,-1014.6662212336154
0.7257162996993226,0.017076310762836732,-1013.3040339159195
1.1438805642860133,0.009473640389451605,-1013.7640889480308
1.0858944130074033,0.011533116917856657,-1012.3852863345428
1.4611813343872786,0.006696207796848387,-1012.8430272465391
0.6870043915750156,0.0182057134363952,-1013.3118063358577
0.7079302194248103,0.017518848641777704,-1013.3323079385361
1.2544346787205034,0.008098658066513782,-1013.7912753991549
1.8484188228021874,0.0027682883571203036,-1013.9962225944989
1.2126622502765663,0.009190139788369123,-1012.8065685254862
1.1045928482210186,0.011297037842140378,-1012.3872666614735
1.4383497967371277,0.0075016281528930175,-1012.7709656315313
0.5878331193427405,0.020813200219424313,-1013.9803929870534
0.6629847330821099,0.01902872254886371,-1013.4295528357763
1.3846079108549778,0.006688709354261982,-1013.7732568752772
1.0072710323102712,0.012468198611743022,-1012.4390849945798
0.9060686049666355,0.013587120557002216,-1012.9095332202995
1.1809051154233217,0.010605766215636917,-1012.5331669577214
1.1648449585347012,0.011213489675311474,-1012.9423416028759
1.3603055967828812,0.007135164668092395,-1013.4124245452329
0.6990068518733599,0.01747821867808071,-1013.6025625582652
1.118097640163172,0.011169436359572958,-1012.3968021487646
1.1997424978589182,0.010214807299431621,-1012.4648278536916
2.406354090869333,-8.52267918661513e-4,-1015.2273807713569
1.014954046646404,0.01296899036086125,-1012.584831959888
1.517607054052347,0.007196791007017126,-1013.3835696782501
0.7424465670690389,0.0168587678440595,-1013.1316724629563
1.1536590846398103,0.012020177486171272,-1014.2960843659124
0.5866751909686536,0.01941515887224497,-1015.5846686360381
0.8820676891673774,0.013821339885249341,-1013.1762394392168
1.4499741072268526,0.007827890917104148,-1013.1796014540422
1.4717624109422758,0.006971510095528861,-1012.7762632993062
1.0516047572842857,0.012535962627091177,-1012.6609468351786
1.3343471813841339,0.008653669259259948,-1012.6218694002864
1.0666643468858747,0.012084642514734397,-1012.472606789519
1.0266452353671724,0.012431394505690835,-1012.4056718181614
0.9864032077321467,0.013120536982145053,-1012.4517710854899
1.2610290733557483,0.008245663900484273,-1013.3587175465849
1.0393402296841863,0.011605963243876017,-1012.6784302203617
1.5998984636628055,0.005210085299698279,-1013.1817391932774
0.6595624788767698,0.01984095473196577,-1014.0881543162063
0.8573058005118929,0.0144670322972307,-1012.9563408519876
1.2920513968973197,0.008254131058507726,-1012.8540510549104
1.2403733079155006,0.009371530703871459,-1012.4691927724701
1.11449844673218,0.011895517835925538,-1012.9465973162463
1.2810034586341563,0.010205964332918734,-1013.8226519344606
1.1824176938569224,0.009404774595487742,-1013.0028010968049
1.0277493177644974,0.011955668227828387,-1012.5314619878229
1.5842902115761963,0.006313247834065818,-1013.2433842958114
0.7186579868047646,0.01841872941158989,-1013.5651350314484
1.2980034928402286,0.009179589640429085,-1012.6392463070191
0.5957740918925574,0.020610701104206135,-1013.9126492260908
1.1071798036883642,0.01043677405690907,-1012.9232442098556
1.3024169101897634,0.00906920858073017,-1012.6076818442089
0.956402911447062,0.012166904815885013,-1013.8509896256907
1.0517971006670226,0.013093082126252792,-1013.5188706530615
0.9002636089749867,0.01327031964008296,-1013.5453093226516
0.9776633417794703,0.01279738113712905,-1012.513963652259
0.9710175441796101,0.013788757528991696,-1012.7656658407033
1.7484268527568212,0.004022851978431238,-1013.4161227365537
1.0263669830688205,0.011350676066236435,-1013.3007949699273
1.4267982730188395,0.007423350171815408,-1012.697570608554
1.2752998300955152,0.009119819220494232,-1012.4908634073158
0.6885051354994289,0.01818851763821514,-1013.2983410412993
1.0025385206706618,0.012365479782073176,-1012.5237704318762
1.204014554095344,0.009886982439207197,-1012.429374866107
1.1375961249067839,0.0107379585106574,-1012.396104491996
0.8348181848085656,0.01642779942479671,-1013.5362937606083
1.8398853453196102,0.0024397502425898996,-1014.5782093063301
1.2716424911083806,0.008574653337109639,-1012.7499242686629
1.3684151783599845,0.009828630280314096,-1015.7126441468745
0.9126717752404749,0.01472920144964381,-1012.8506159994374
0.8068846805735831,0.015925373365249462,-1012.7705702537789
0.8182101972487682,0.015190970823932656,-1013.036723685095
1.1851099619341785,0.011244012286404563,-1013.4477244562084
0.911908734437281,0.014899591998217328,-1013.0506664846998
0.946321350401841,0.013832939186875262,-1012.527178882665
0.8742204037357769,0.014555403977814933,-1012.6361330330135
1.403076260493691,0.007943402179660395,-1012.7473791280246
0.8729754916040472,0.014167441932576892,-1012.9506714057152
1.4912546591280689,0.007428990366589935,-1013.2882359725456
0.9742669873410024,0.012947169857834277,-1012.4741933333993
0.9218241967713038,0.013310669009804668,-1012.9033850378364
1.8165843669144708,0.0045323689343021575,-1014.1520015299554
1.1997424978589182,0.010214807299431621,-1012.4648278536916
1.174098868484983,0.01057450364510402,-1012.4630429016769
0.8455869016950952,0.015805924688698996,-1012.9146623988427
1.4939052275979865,0.006581081516957438,-1012.8201859437303
1.0072143522185621,0.012404754659950326,-1012.4629723149752
1.327196680787575,0.008875055638939543,-1012.6976824140536
0.8806374125963061,0.0134280907344853,-1013.933636537915
0.7474051438253493,0.016022801364589227,-1014.0775754859759
1.27587967202372,0.009714005118484104,-1012.8700819219181
1.386350863187031,0.007946194458065544,-1012.6486016320381
1.2960308364388955,0.008358500134051882,-1012.7118350397799
1.281640442252679,0.007743194930937789,-1013.8843136919867
1.188498976655264,0.010035421457772524,-1012.4263393142845
0.6752340769318733,0.018767542750312432,-1013.358035976756
1.7680583142515665,0.003972410506057843,-1013.4203600108839
0.6152038010236551,0.019462805864336796,-1014.0601647805285
1.142569936445045,0.009280746723865363,-1014.2556626076872
1.562293063359268,0.006264228503555734,-1013.0086316660901
1.0626425700093893,0.012765087690346774,-1013.186636166868
0.7455688172008511,0.017054002276678894,-1013.0046122315377
1.1543236803220895,0.010530736280676162,-1012.4007646407482
1.0406167917290567,0.013156364602653134,-1013.3292417892253
1.7291965376511067,0.004251682388748108,-1013.3457200107267
0.5701573916506085,0.021044944283822038,-1014.1506952584591
1.1828316741469205,0.010154827426914238,-1012.4158034577002
0.8505714565804782,0.01457097841865583,-1012.9885645298212
0.9433400069080939,0.01338831505376649,-1012.5273289598699
1.0844485319038195,0.01162612112161623,-1012.3935048534797
1.4970234450763371,0.00727496100105802,-1013.1798757951819
0.9575221957712181,0.013244017676916894,-1012.4805709487633
1.2380232371034339,0.010685715097356739,-1013.6993454832854
1.2025058413285776,0.009026337802859373,-1013.205796474108
1.3427950176800145,0.007452468291624464,-1013.1976283349632
1.2640332478418426,0.009376802528452867,-1012.5026031736007
1.3651689196302552,0.007387972793243037,-1012.9832940307775
1.6579133636754937,0.005594650686031749,-1013.3749922207332
1.0917420456053788,0.01143512731391158,-1012.3846759395118
0.8054782058829683,0.015781704423336044,-1012.8184937280023
1.1601107840652842,0.010392906873276675,-1012.4127703535717
0.6783108836423892,0.01825247608658271,-1013.4294910077641
1.2599093032577033,0.009483883586511444,-1012.5189200170232
1.204014554095344,0.009886982439207197,-1012.429374866107
0.7199555696195553,0.01818133307468916,-1013.3273050178311
1.1024641412363667,0.010453212430204105,-1012.990695400423
1.6346209208384335,0.0048223676781036385,-1013.3052316988748
0.9327992825977958,0.013974922064054375,-1012.5163663013535
0.8965254112974392,0.014707792929550356,-1012.6354945883637
0.712730840342123,0.017503703616903604,-1013.2486875818661
1.2181916818501577,0.009778916559646328,-1012.4367189687393
1.1838663536935399,0.01043775456772608,-1012.4635126116052
1.1375961249067839,0.0107379585106574,-1012.396104491996
1.288313704745949,0.008872826181413749,-1012.5054351616005
1.3904494518125505,0.00800471684116849,-1012.6898488034844
1.2153414386889163,0.008742737164796855,-1013.4300479176408
0.8734842997401142,0.014704874508204591,-1012.5999314657512
1.5257598955327085,0.006041837463815284,-1012.9600132184983
0.6930550638187221,0.018154490963539112,-1013.2567006916763
0.6722678269971426,0.0177260611684824,-1014.2462896532041
1.5076513439202552,0.006313956939992114,-1012.8821806079993
0.7149166876896543,0.01656918432494988,-1014.4729610504883
1.25811712665948,0.009698566074333621,-1012.630061457175
0.7079302194248103,0.017518848641777704,-1013.3323079385361
1.0637478696171474,0.012236920441790953,-1012.5467843009683
1.0390213195313343,0.011722280426211006,-1012.5776464675437
0.7003254997792452,0.018759197930985093,-1013.5985780937425
1.2905063735150593,0.009105061171204848,-1012.5451005530393
1.4912546591280689,0.007428990366589935,-1013.2882359725456
0.7242412300847216,0.017034024375267666,-1013.3804988198066
1.4931101163616889,0.006932584039046472,-1012.8662039060318
1.225042729907035,0.009287282903367843,-1012.583447125573
0.7653895633078066,0.01682143766715004,-1012.9142205913887
1.1837617890108183,0.010142914261166723,-1012.4163527431926
1.44007331284236,0.007300675128167502,-1012.7214294113435
1.2753276175325323,0.0095538901809904455,-1012.6975499608191
1.404704875853477,0.008086390404103494,-1012.8656780911364
1.516493041809642,0.005810056712373506,-1013.2157671730637
1.066270979548236,0.012876037296996202,-1013.4931175694051
0.6804464667787224,0.019301027519318663,-1013.8531803701384
1.2841992853226722,0.008333630661360858,-1012.8596665125852
1.4383571116131029,0.007286218456664064,-1012.7155765236789
1.0560849100219813,0.011368777473419734,-1012.6687810906466
0.7377676044737739,0.01777432293394305,-1013.2103652376503
0.7400392531052306,0.01805562595247605,-1013.5720877814995
1.266506601766058,0.009011025212435396,-1012.5059368989649
1.2904515944192771,0.008980542830126814,-1012.5119148147547
1.7344785318807907,0.004552578895505975,-1013.3415823720494
1.0219241762142814,0.013264055457886895,-1013.0527139748441
1.6000098390656157,0.0052573729079581156,-1013.1476217257997
0.6800170049994374,0.017969620587095444,-1013.6206401860347
1.4931101163616889,0.006932584039046472,-1012.8662039060318
1.0095247448275126,0.012476529630832726,-1012.4259943386244
0.8812746066062461,0.014342058076396505,-1012.6658973931814
1.0505864818250872,0.012643268910201462,-1012.7621258190424
1.9082521707311941,0.0013033371446483245,-1016.1033434394183
1.1438451564667207,0.010897499196308271,-1012.4220192319171
1.20048491299701,0.010734725862884006,-1012.93089585978
0.9174573737967769,0.01439185479610478,-1012.6184078307057
0.7091919185835539,0.017659518079680622,-1013.2224209916999
1.5958361331717121,0.005010181997096249,-1013.4023312716905
1.6884519154275965,0.0059730543119077845,-1014.4492359301154
1.2932230864593082,0.009078210404419161,-1012.5500841465397
1.1943999329264268,0.009728183965522663,-1012.5231959827108
1.12608969781705,0.011678990473084658,-1012.8652103911311
0.981103511099324,0.01351222503195749,-1012.6371749387366
1.0046812160323262,0.0138039110796647,-1013.583136856983
1.190763039515663,0.01021502989411787,-1012.4265159773216
0.804352095799331,0.016434024337012763,-1012.9257375262004
1.4621116148135438,0.006437400867538037,-1013.0395699399801
1.3865728320381574,0.007702046355740255,-1012.6424047882833
0.9111067306990275,0.01325793367873827,-1013.2371310320675
0.6901270063503258,0.01753649705340513,-1013.8224336291144
1.3561151480887277,0.007433659142326857,-1013.0371297793922
1.721613589052738,0.004831078643818415,-1013.3798270362687
0.7057897858305721,0.01863430514092052,-1013.5601278579709
0.8340408008913278,0.014455913493099328,-1013.6282334253099
1.2705596730612518,0.010050155436196613,-1013.2591329575413
1.297746273154035,0.008918184063945515,-1012.5241734932317
0.6304222930972736,0.01910167223268953,-1013.942476670017
1.1302556108121857,0.009118180726434926,-1015.1597303766762
0.6550762891881896,0.01908605618421584,-1013.4709538897456
0.7216558448414149,0.016673512825396825,-1013.9638964356286
1.2509326865682169,0.008773062468562269,-1012.780218114089
0.991452695077832,0.012184092410461242,-1012.8568221816121
0.6337419839132863,0.019505723501605156,-1013.6233050972015
0.9752414215023396,0.01349686866017353,-1012.5611694562809
1.6440103923037221,0.005754101303253075,-1013.3739340777031
1.082546119754351,0.011129284866997716,-1012.5468381550124
0.9405805634113017,0.01332920849838241,-1012.5855015529548
0.9212777762150659,0.014010852890524943,-1012.5061740660849
0.7026567482819667,0.01826192249687186,-1013.2326959198009
0.7369495723585289,0.0166950919718937,-1013.4071800092875
1.4943412982205617,0.006681668488491448,-1012.8129051654009
0.9498061558838241,0.013581431422641725,-1012.4686603981719
1.3276598886148112,0.008045426306372012,-1012.7085868166656
1.219012261679775,0.009449353562609602,-1012.5234882897422
2.0851378799474234,0.001312594366531773,-1014.3068217360146
1.133016346174038,0.011285113863494557,-1012.5508967922254
1.046570735891217,0.012417140730619697,-1012.5052022573834
0.9761429841057241,0.013946295225349922,-1013.0734538636807
1.3276598886148112,0.008045426306372012,-1012.7085868166656
1.1265299205824584,0.009076035919297003,-1015.4460410808186
0.6769184868634956,0.0191570311254747,-1013.6049262863403
1.0213173280925518,0.0122559594573895,-1012.4315495906081
1.3507893878504793,0.008340798793562967,-1012.5977206636196
1.2435753815330037,0.008084769771976042,-1014.1086741464028
1.0435114898737015,0.012790824336297146,-1012.8200529885199
1.2054198272544625,0.010340716893739013,-1012.5814296591506
0.9079641220747133,0.014839315257547845,-1012.8953166063241
0.7438531278169811,0.016059686749949533,-1014.1611348252264
0.7405582261766166,0.01727642379565685,-1013.0142009185354
0.9275486522062141,0.015328317872625456,-1014.4445435443313
1.8304113625212939,0.0036166395767292642,-1013.5570098383597
0.8968775342703417,0.014497957589858616,-1012.5572323166166
0.8957343557095919,0.014800110567148209,-1012.6876775806901
0.5416604387870446,0.021297756498120574,-1014.8006838266367
1.3356700212070165,0.008742603141151375,-1012.6833110013644
0.8305122610669156,0.015070837652546467,-1012.9031144784182
1.0415304254293924,0.012834760244142545,-1012.8402681517398
0.8497468817699868,0.01370792034244997,-1014.6152389614516
0.9472894813673289,0.013867384097703977,-1012.5509784832092
1.5588453636187196,0.005695114827833778,-1013.0369185864873
1.9082075551192397,0.0030470255841637144,-1013.7637384616778
1.1201632888563013,0.010298506768509985,-1012.8744578743275
0.9730451967471189,0.014256201939615408,-1013.5475994820276
0.6475345312801065,0.019103986483086637,-1013.5486599837237
0.8858447388491532,0.014905909243263933,-1012.6662733947185
1.4932603340242236,0.006772092734198403,-1012.8179890344297
1.294925969722606,0.008366362531143662,-1012.7148475050782
1.2531321232746568,0.009329380780831113,-1012.4670190315867
0.6181958905645014,0.0187903998355734,-1014.9781941355267
0.5878331193427405,0.020813200219424313,-1013.9803929870534
0.837925579205338,0.015289518761988717,-1012.6924462260502
0.8714245566755575,0.01455089575588674,-1012.6656481230154
0.579155224694114,0.0216313151584711,-1014.4788699311077
1.1831625892397881,0.009733289317273464,-1012.6167245547431
0.9993376043548338,0.012498348504730484,-1012.4797499415062
0.7322124846645459,0.017228955154460292,-1013.0916620854695
0.6540025054645483,0.01911277226323603,-1013.4777945607766
1.0602543279877108,0.012638418632067336,-1012.9331594829073
1.347926365565534,0.008278086267861997,-1012.5785877497091
1.0311762909025153,0.013436211490128629,-1013.6206690590586
1.254824708544501,0.009764710846381747,-1012.6477228585987
0.8397246638141448,0.015144487141471472,-1012.7246665843406
0.9220765593488618,0.014241520585528675,-1012.5695169751425
0.7280312139785206,0.01798399773217456,-1013.2630181625269
1.2357161176233185,0.010079226762070063,-1012.7033515759779
2.172248596100619,0.0018677587574454757,-1015.2113951017318
1.999403104803951,0.003012897956711374,-1014.5437003012375
1.476662530373314,0.00726345441006178,-1012.9338979917021
0.8870023272272659,0.014324772223390752,-1012.6149580130452
1.7815175065566957,0.0030093233171394774,-1014.2940713885624
1.1958419411525092,0.010551884660651784,-1012.6506403794896
0.6401096110063476,0.02064258765671277,-1014.8905378340883
0.7321363351770999,0.017909404663285187,-1013.2525688526302
0.899445704145269,0.013375628296288867,-1013.382986057453
1.1918044857692296,0.010464865446512768,-1012.5384631005437
1.2029142087074778,0.010557784279515453,-1012.7514988668165
1.3234970171157963,0.008164038612070714,-1012.6545797900418
1.3110480218432343,0.009057293597333487,-1012.6752163837032
0.8284716876001801,0.015937083170332236,-1012.8171873465152
1.4220802759286963,0.00744484335163383,-1012.6880893806378
1.0192205455697556,0.012678462561197442,-1012.4460107517266
0.8382260669640407,0.015407976891924151,-1012.6774784430804
1.0450008065295155,0.012851472535188934,-1012.9295898956974
1.8045682528050262,0.00443839708642988,-1013.8593968481131
0.9426283102793279,0.013877947399986539,-1012.5257806275856
1.1947804364317727,0.010729701134518715,-1012.8267131937963
1.4569308475306675,0.005851711007225445,-1014.0199869138023
1.5724923055158313,0.0064615940441898325,-1013.253949680601
1.1397540317752812,0.009304942260415141,-1014.2878815167136
1.0507057001810374,0.011986986388912166,-1012.3909625293915
1.3742271942768967,0.007298423492471076,-1012.983962815169
1.0265446622555454,0.0125346484900754,-1012.4292974372828
1.0160424770444927,0.012577715053802565,-1012.4101574866402
1.627617105768435,0.005153839532122454,-1013.1233582738402
1.1072887409970338,0.01155810856563079,-1012.4939646659743
1.0501123389021447,0.012371127120088341,-1012.5072848568652
1.836208751420628,0.0025159624708320227,-1014.4861686986278
0.5951964877705809,0.02050640153310128,-1013.9125351947336
1.423968243746677,0.006732067888588119,-1013.0917809323173
1.9098212049611922,0.002658233130810056,-1013.8295682256801
1.857974035335402,0.002692848943072149,-1014.0167806156136
0.6484054695427278,0.019497867669194174,-1013.5650111018622
0.9272549924956223,0.014100660952637685,-1012.5370318767142
1.1176602986038966,0.010714147522438114,-1012.5020484001966
0.6473791773649421,0.01880032950847275,-1013.7334353054035
0.7133224142143227,0.017652065944134734,-1013.1701195902186
1.2399252596234005,0.01026780394004622,-1012.9928026229289
1.1039688124363134,0.010589842009483057,-1012.7834954818461
0.7179552016545127,0.018314344318551334,-1013.4271738277074
1.0258628943698358,0.011450392041040081,-1013.1452435207891
0.7361825690811854,0.016880590279358256,-1013.2396035711507
0.7808350790513826,0.01816799668537505,-1015.5586322807886
1.1408387232595467,0.0109001412651206,-1012.410410654278
0.8803706965253313,0.013632409804919298,-1013.5364286850016
1.056253662849323,0.012473268676318552,-1012.6635441342574
1.0897862726609449,0.013377320146317113,-1015.8740290383495
1.2132145769704237,0.009844649831654553,-1012.4329912293448
1.432093071905016,0.006708829766280719,-1013.0337640618434
1.0609995396554956,0.011177620752609278,-1012.8006184507813
0.9198053493604346,0.013263244718245538,-1013.0074707790268
0.8123614792262622,0.01468753153621349,-1014.0105663639492
0.6515541314329071,0.018637751535620452,-1013.7675369364965
0.8928997091751353,0.013128614613525881,-1014.1133417152885
1.4985661086186433,0.005661320354383206,-1013.6458000085838
1.1544952792186598,0.010415242064880377,-1012.4232899415321
1.3665571410692898,0.008277485707329588,-1012.6591040731256
1.2140634338484504,0.010491479572742258,-1012.8451650531282
1.6759639812595986,0.0034545472928072256,-1015.0764099456125
0.7446853365648703,0.01780602831306435,-1013.3499524633986
0.6104545134097148,0.020379572879861776,-1013.8301575879434
1.2960308364388955,0.008358500134051882,-1012.7118350397799
1.365036468374531,0.007573596025996462,-1012.7994001183099
1.1465009777585602,0.010630144160055057,-1012.3980233915133
0.5269052754350896,0.020665726215549744,-1017.1172773487191
1.1546723402425034,0.010865271677339784,-1012.4724381231016
0.9457286267667763,0.013304253366365721,-1012.5461778434698
0.8103802715188524,0.016290670180571978,-1012.8846147005275
1.2140634338484504,0.010491479572742258,-1012.8451650531282
1.056291125668065,0.012001764946245753,-1012.3943928168717
1.433834683372201,0.007656702749980935,-1012.8226940678682
0.7395396796540961,0.016469149030163187,-1013.622035045382
0.8784495553122633,0.015383752762584503,-1013.008313398571
0.7406923753914388,0.017767942834478318,-1013.2439554740649
1.3504672882232585,0.008567096716957412,-1012.697484329423
1.356290706822995,0.008309087610857184,-1012.6134960874855
0.9565630601764775,0.013049266819297543,-1012.5822806933218
0.8897309975453389,0.015901370503117587,-1014.3653826084378
1.0653354593522395,0.013608109182497172,-1015.4757614278984
0.9168125866626561,0.014708761768703529,-1012.8990199078944
1.2610598230303582,0.009874894037500649,-1012.8361597774705
0.9241780761244435,0.01429846774577988,-1012.6185784544236
1.3880526171069125,0.008922819879946515,-1013.815072210823
0.7949587594871955,0.01587001745098368,-1012.9078727003098
0.9371431997607861,0.01347969066024163,-1012.5391274488832
1.2585779136786617,0.009824292410419738,-1012.7466619912777
1.0310618639483107,0.011502091938148119,-1012.9506734542399
0.7002118834136977,0.018336198262220046,-1013.254141773291
1.052624765415666,0.010888439165689707,-1013.4385271351924
1.6625115880209917,0.005006147464472069,-1013.1586108376958
0.7414226948559374,0.016312800962302164,-1013.7978612231145
0.7984550341774065,0.0158855065719565,-1012.8530870759422
1.1567698489667533,0.010612925593562894,-1012.4025442618807
1.5945852811183416,0.005823525197341815,-1013.0272083392745
0.8329831397919654,0.0156667726897225,-1012.7157671749105
1.409495002680456,0.008052925125951625,-1012.8893043278257
1.5389855866195405,0.0070272193977091455,-1013.4865457169096
1.9017060381762931,0.004308556645902574,-1015.3088256661655
1.056567503565217,0.012380436012415015,-1012.5816667229636
0.6150592514120067,0.018780523945913844,-1015.1873865125816
1.7194686244963056,0.003930358007761884,-1013.6142268817554
1.2800496635161513,0.009453447483862912,-1012.6654541386772
1.0660997152508092,0.012156825631681797,-1012.5125231659872
1.2358753506370652,0.01039607466646994,-1013.1067484861359
0.749057802157492,0.01721928997785201,-1012.9911167783534
0.8562212995924119,0.015303894266666581,-1012.6742164684699
1.556305788891189,0.007014142032261114,-1013.7765556571696
0.8002402408977182,0.016028468315740646,-1012.7942952933171
1.0041971678988013,0.012642821683716337,-1012.4157341695241
0.8992260649117405,0.014792088232987142,-1012.7198039117745
0.8540412940494365,0.01487287247631455,-1012.6964349119237
1.0399191880451408,0.01159022254613388,-1012.685590211173
1.4547019745734633,0.007618694747864427,-1013.0062302172068
0.9776198708301479,0.012912684972888923,-1012.465061883363
1.297995586769167,0.009974462345571432,-1013.7707666187059
0.9656552392285063,0.012866826613602585,-1012.6000487014794
1.0800916405451435,0.011546540837065617,-1012.3866553727834
0.9396650732223347,0.013865246999274047,-1012.5071491760699
0.7231870363869656,0.017062149577218234,-1013.3791121984079
0.8920154580780395,0.015201926152870174,-1013.0450956968837
1.4511646623373642,0.008305047442546608,-1014.0392215364558
0.9128733594583823,0.01412654484003639,-1012.5190972634538
1.8255167274201372,0.004093698490998112,-1013.7414732063133
0.8252035081193838,0.015252946811532506,-1012.8512669317199
1.8871916890208675,0.004016989730802251,-1014.4358003673644
0.9432831086593926,0.013606594795978812,-1012.4749168264431
0.9799204298853473,0.01312539136590204,-1012.4377752089619
0.9458049721966043,0.012860220608169267,-1012.9482394300798
1.2332966615632108,0.009977576215271766,-1012.5905775886854
0.9405724134791698,0.013702635839227498,-1012.4785939271671
0.6609733709244181,0.019144680155638007,-1013.4595041685905
1.7437983773289063,0.004762618595149795,-1013.5183376920096
1.2887010922522253,0.008856730671277614,-1012.5070127745117
0.7241758980132088,0.01657734091375265,-1014.0297360312913
1.1958775009100537,0.008827188599575164,-1013.7341924318961
0.8581860158143243,0.01538694722606894,-1012.7283257892308
0.5554923165705171,0.022420815926127553,-1014.9408376243044
1.4185716655307763,0.007789660375558576,-1012.7794289080937
0.9079421335305975,0.01383291021391682,-1012.6532562521422
1.6955996355420189,0.004646017820779257,-1013.2415522812325
0.6820607751947273,0.018288617484635238,-1013.3489886341565
1.318105177331538,0.009384933766591504,-1013.1388295165009
0.8563188186629254,0.015009797393266706,-1012.637727002919
1.210516043623241,0.011137842327846106,-1013.9336333848134
0.6271203988745129,0.02046934062390911,-1014.1259440815329
1.3001484401079737,0.009179170636657085,-1012.6589384497379
1.487268188811184,0.007161351295815711,-1012.9579538813878
1.2380655426143474,0.009266923312370081,-1012.5127212206763
1.7559897913504365,0.0035340796555440143,-1013.787134860368
1.1694409999366093,0.010922700064688127,-1012.6668682731073
1.1535714512206106,0.010684632871966877,-1012.4052762626783
0.8079121974143975,0.016607671118450355,-1013.1474106804254
0.9856166184864225,0.013249564802225163,-1012.4996313287783
2.0169643617928803,0.0029089886198827098,-1014.6342570497945
1.3177195696454196,0.00921861801191071,-1012.9102411214244
0.9048753241942813,0.01439079660193492,-1012.5486845936474
1.5761799287362526,0.006207488266881017,-1013.0801157643899
1.3189202639668705,0.008095865073892978,-1012.7369196856228
1.214406317569956,0.01010553475419069,-1012.5094863941985
0.8364294352431476,0.015275422046919902,-1012.7071956848374
1.16838648979619,0.011006171815889105,-1012.7395950584553
1.3881502510099142,0.008541371408545077,-1013.1503308007772
0.5375362425804243,0.021129292529407005,-1015.2446282580818
1.3462646040281991,0.01002208969064432,-1015.49760084976
1.009807650181108,0.012282697578561473,-1012.5030874106304
0.9824537903135128,0.01265036776405669,-1012.5530698277033
0.6895636086491991,0.018028247876554614,-1013.352816144394
0.7849486466021693,0.016815217115649567,-1013.001350336495
1.0501304220960406,0.011668195000240163,-1012.4979104274224
1.1074901563518653,0.011048545616148707,-1012.4091332704767
1.0998828261772582,0.01106264116435804,-1012.4418987822884
0.8214147483597435,0.016599210004004442,-1013.4498110796322
0.8403521386844385,0.015704711103977743,-1012.7736621310792
0.7459417426260689,0.017693603956668733,-1013.2516037521063
0.8981464816216781,0.014104261698737429,-1012.6084850722059
0.5539144044926809,0.02194933932632025,-1014.3915147753925
1.0060730366098614,0.012746167702831863,-1012.4192491114471
0.9692294732255724,0.013786216266047015,-1012.7351142245187
1.1868410608427293,0.009489616679236172,-1012.8197656925519
0.9270463508973169,0.01457893765708828,-1012.929364523359
0.9141155990056931,0.015232535609583245,-1013.6986270381781
1.3194649062999344,0.009335367862474356,-1013.0907749950909
0.9402202695789212,0.012820880273128627,-1013.1362791360692
1.7926534914927448,0.004252123901850481,-1013.5722720247479
1.5011243214839072,0.006503592916425072,-1012.8342580428773
1.1717252472068744,0.010277934930405418,-1012.4121375715144
0.9180904441264693,0.013536278973924626,-1012.7379007222952
1.5087547253719782,0.007038509173280966,-1013.078248002045
1.5696918355203422,0.006120537098632259,-1012.9933954401536
0.860462195938576,0.015865279291964584,-1013.2902323195246
1.407312553217657,0.0070098028113080284,-1012.9562057592343
0.7501467503774613,0.01698036966640537,-1012.9818640561163
0.7618894215407882,0.01667508172928975,-1012.9517433734196
1.2537064311360373,0.009715429282310483,-1012.5993336169186
1.5260362656207296,0.0058501636559883516,-1013.0975131676071
1.4698045083868236,0.0055778272296813395,-1014.3514155104915
0.8716462263241562,0.01594829407570224,-1013.7790402817365
0.7343285134492049,0.016654899021727693,-1013.5347085876608
0.7624463071609475,0.01796924225301473,-1014.1273474822797
1.3809415550268431,0.008729190631246383,-1013.3016493698735
1.1094035904952848,0.011058817475131669,-1012.3999719653109
0.6220117997831145,0.019042061671581793,-1014.3344936600652
1.0919264599606047,0.011616710755468454,-1012.4182841722388
1.4415377379683865,0.007755022244208021,-1012.9822281828631
1.2104058233981636,0.009671446203364477,-1012.465006226765
0.5361501987630278,0.021021905051243357,-1015.5200827004583
0.7673040656735549,0.018104485888802088,-1014.655376553019
1.1412542066621751,0.009250348432941603,-1014.3773339599068
0.8593786284786352,0.015755387458211558,-1013.1042632091941
0.8077765049073348,0.016770202531612877,-1013.3636192332358
0.8453661565628521,0.014984852915358976,-1012.7385135525908
1.3024169101897634,0.00906920858073017,-1012.6076818442089
1.0865462052403958,0.011380599596906009,-1012.3972729673319
1.0538600882212519,0.01226172223862133,-1012.4726467141353
1.0009465033739784,0.012644001665747666,-1012.4240482579086
0.8420188705990842,0.013915173490529856,-1014.4582756704558
1.1861275956357507,0.010339389731964889,-1012.4394804341896
0.937425196994587,0.013120473333194169,-1012.8098305453115
0.9189513351865947,0.014037874006389896,-1012.5094476308257
1.3985425028760037,0.007259347812193377,-1012.8066858468721
1.141595933824451,0.010470434797161065,-1012.4645076476974
1.326224961646652,0.008551810001673486,-1012.5527998583314
1.0715347006719669,0.01241822843897019,-1012.848196769803
1.307534929327733,0.007236381313891613,-1014.3914480982806
0.9307670432397327,0.013316045440261414,-1012.7311243969413
1.1704447753417324,0.0105200930243118,-1012.4248823740464
1.1445918305646634,0.011075975119152653,-1012.5148447625643
0.8759929710862927,0.014876447183788992,-1012.6035430401596
0.8928602847029229,0.015673269642530376,-1013.9273722846942
1.7171743752214221,0.004913547641562204,-1013.3955729148748
0.9288692030919373,0.013232055520554887,-1012.8511556076418
0.8347127912026792,0.016258378802139466,-1013.2574970551168
1.5416449637664693,0.006635487190893329,-1013.0759759065074
1.3682594342755763,0.007978300469429586,-1012.606323560415
1.0890080205150752,0.010931649044101922,-1012.6384650506019
1.389708178801542,0.0068817091672698835,-1013.3401395377605
1.0472994733578562,0.011462879525540618,-1012.7041370037123
0.5282963166597466,0.022678351324139027,-1014.6774221170988
1.2746396234939483,0.00867098100208098,-1012.6408104388048
0.9250528712270515,0.014287336581208626,-1012.6193161849781
1.0943300426403004,0.012026698759945432,-1012.7551951269578
0.6444628722457432,0.01979050968612089,-1013.7163262695875
1.4545416449030928,0.007686333796539503,-1013.0750742492869
1.1285263446235065,0.010080434037837541,-1013.0238364248224
1.5484987569204343,0.005197357461535463,-1013.6846194225513
1.1089686005471782,0.010515975742450894,-1012.7906479178864
1.3678669109105475,0.008258548169445814,-1012.6590004831813
1.205795629852683,0.010713155041536243,-1012.9986892351279
0.7096762915469728,0.017945722658711125,-1013.1600703293307
1.4163455087850207,0.007471838757984894,-1012.6786544611934
1.4860059689040874,0.006683194433751341,-1012.802494009301
1.5716897949879614,0.00650943705202894,-1013.2952131948101
1.0453451400452753,0.01264180222399854,-1012.6789655295753
1.0841778812071308,0.010945178028716977,-1012.691932931747
0.8638946075746886,0.014113378581227616,-1013.2466433215519
1.0752559654736238,0.011077513495547978,-1012.6849163898827
0.6065631266713717,0.019712782846705603,-1014.0887574996925
1.0899804106920652,0.012165765600767882,-1012.8536836905093
0.8806629548201866,0.013776585466783018,-1013.2828781214133
1.3858811923525063,0.008221298305742511,-1012.7807805293852
0.9607834159497104,0.01227118826211548,-1013.4924020939394
1.1791144568053624,0.010853531237187023,-1012.7294084738797
1.519621738474718,0.00618403887058988,-1012.9087816573748
0.8965739610928701,0.014267666306421574,-1012.5625849159485
1.1586885613907398,0.010119071783118433,-1012.5492063088443
1.234339473164455,0.009671322010826459,-1012.4590857809447
1.2759707161754539,0.010335134104356334,-1013.9782880480672
1.582053237612834,0.005725302923701066,-1012.9897645772927
0.8260628652469523,0.01542659298909514,-1012.747706345774
1.0626581253224587,0.011471151875268206,-1012.5060367507529
0.47489778839677976,0.025014051945823845,-1016.3769035216043
1.4170725042108883,0.00622460854288759,-1014.056447698235
0.7296064564885142,0.01911635999580197,-1015.5460228883087
0.5029476158401575,0.024817445398723062,-1017.8109953306224
1.8410098336860339,0.002493787010725685,-1014.467258354768
0.9553553207269093,0.012582288510421572,-1013.1140152108125
1.0804584603587994,0.01244958670388388,-1013.0760840917934
0.8728533223675843,0.014957745241135132,-1012.6173710381136
0.5580513416855019,0.022293416355302305,-1014.8253390717018
0.8848934930466454,0.015537014787281887,-1013.3932023363062
1.2364804874065305,0.009443468513375132,-1012.4608291919158
1.7480062120618625,0.0034759492343802373,-1013.93512812991
1.3300979167961806,0.007049120488007586,-1014.2422216309809
1.0447455978660156,0.011444438507189972,-1012.7657315330958
1.1626227860000091,0.011275998717486193,-1012.9901214098734
0.4304328267402695,0.02567374039701081,-1016.0218950498213
1.47718660898595,0.007668515377193026,-1013.3992780980739
1.1635724895634512,0.010393693724729654,-1012.4067083208537
1.6708442759323476,0.00492298804097618,-1013.1778818404239
1.7024410715697644,0.00598950668751976,-1014.8072540504949
0.8609443719588852,0.015422547478709586,-1012.7794789442478
0.5727318831659465,0.021316739486260085,-1014.1450422557465
1.2117394432360133,0.01117751860845658,-1014.0691029607189
0.97744733265198,0.01395089921136078,-1013.1110194893896
0.9984733797524045,0.011862859620695563,-1013.156056991192
1.8609455056025062,0.003455657233637591,-1013.6468333343048
1.4499429987523142,0.007953934579883179,-1013.3561005338589
0.8882294164177581,0.013225931986546218,-1014.0802405717058
0.8507799673033862,0.015382238243513107,-1012.6807677323036
1.0286493723605699,0.010695460764234206,-1014.7209579427605
0.8391527737354545,0.016603085702982173,-1014.0411333730883
0.9390133588304688,0.01306533082962597,-1012.840312747869
1.3559848771060354,0.008507364627296711,-1012.706449419093
0.9330101669569083,0.013186730625161016,-1012.8212517179671
1.757126270192067,0.0037020404144501645,-1013.6035993358228
0.5502532788814565,0.021753656365601944,-1014.3281485662665
1.289890062246065,0.0098478387413331,-1013.3254348954852
0.802695178270474,0.01608219368877488,-1012.7813295498689
1.6353176668001956,0.0050660275339879015,-1013.1465568208514
1.0391728916281777,0.012413692980733639,-1012.4479274332152
2.452432013703902,-0.0010160630566226035,-1015.3220698008809
1.5728027003488878,0.006894430895596598,-1013.8834326979592
0.9870526829225531,0.013292975243036874,-1012.5357226764648
1.1208522922726851,0.011395581043445412,-1012.5100613970927
0.5680656151035502,0.02006424567843008,-1015.3839910477308
0.834336145222834,0.0154089864450281,-1012.6923122388777
1.1915593713151853,0.009911096923081527,-1012.4513220885467
1.261026799998418,0.009511148763675202,-1012.5381011076809
1.0291856782055004,0.012579476622353317,-1012.4615420286534
0.701692129803906,0.017717172182621872,-1013.3178860355863
1.6539786023881138,0.005306024787309473,-1013.1660408575724
2.58141309732146,-0.0018099611048812676,-1015.7166014685924
1.0364449202051629,0.013636940346859711,-1014.2926727065343
2.1806352363180483,-5.904953776724367e-4,-1016.4631798718168
0.6354146645022093,0.019719085007487133,-1013.6243802534227
1.0963048093204761,0.011272139230369972,-1012.3922682330999
0.5769344729296417,0.02130163550727339,-1014.1491985574269
1.913923814590378,0.002488663776287898,-1013.9247772953679
1.3971244547764032,0.007849942801033068,-1012.6705560560487
0.5322864729982246,0.023562997955644163,-1016.2379000991506
0.9809306259239424,0.013507135597579949,-1012.6306504752761
0.9084946607078678,0.014461852267940913,-1012.5899742216826
1.230038173383219,0.010540746205781323,-1013.2213021247945
1.526828137193995,0.0061903798503835355,-1012.8954541588429
0.9448854971789399,0.014109445558974535,-1012.7042548278561
1.2791812423951179,0.00794158423124799,-1013.5368401101916
0.9706700911385676,0.013669954902171355,-1012.6443056596962
0.7359015798984461,0.01725663525256322,-1013.0452916060345
1.2012174083664393,0.010272403450472783,-1012.5008315451312
1.0595105831655154,0.01125011106211642,-1012.7414919492408
0.8892062927021174,0.013946553982827622,-1012.8570297621247
1.2997654896590771,0.009793560020823574,-1013.4477708747539
1.1649493972911058,0.009478085779073142,-1013.2311861016939
2.1897340286683113,0.0011550340067810285,-1014.6147522129479
1.0361851152150796,0.013287404406829679,-1013.4606955335734
1.286506680025016,0.008449340692398392,-1012.7190843376347
1.2718509118256813,0.009399093512392069,-1012.5577159948559
0.581605040690792,0.019531530358829475,-1015.6609152976538
1.1858058712243253,0.010584033521995074,-1012.5649395842543
1.468214103295184,0.007880178110628511,-1013.5777627821444
1.503292419714812,0.0069955292995528984,-1012.9850839326784
1.118779476098916,0.00994176064271714,-1013.4848073394302
1.0845946445692707,0.012373273821066027,-1013.0461430372585
1.56201154009351,0.004602926152204585,-1014.6438193782164
2.479290784156525,1.1992289253202564e-4,-1016.6414134638071
1.321064350086112,0.00881908605789875,-1012.6116757494377
0.7401050643474048,0.017823019352613788,-1013.288236270371
0.44046872696956096,0.0248478770654518,-1015.799317340073
1.8452065871102357,0.00242726101677112,-1014.5341412499397
1.2396505505140574,0.008150412505333122,-1014.0633508593821
1.4284580586290234,0.006899458389361966,-1012.8843521254298
1.0939966360063036,0.012664599025308802,-1013.8816675541015
1.1028811589122482,0.011072570549188065,-1012.4213788286518
0.7617687115228514,0.017126144218137025,-1012.9980029973939
1.3081488130036567,0.00836888865649973,-1012.6188989075368
1.414033527623525,0.0084329261275673615,-1013.4562445704534
1.164825654108681,0.009782605099547585,-1012.7963006541312
1.069073715298884,0.01146086467499613,-1012.458227018116
0.8016774683142812,0.015180611030755657,-1013.5039986966349
1.628259768779305,0.005237626201390964,-1013.0967039199041
1.0229540965284398,0.012465826362367906,-1012.4051833421823
0.6467355597403568,0.020322370017861104,-1014.4985004380293
0.7235180912651747,0.016959465729156454,-1013.4821855384115
1.4199711329143563,0.007563609124175948,-1012.6965821240257
2.242514760676017,2.662118830141436e-4,-1014.7264444124928
1.8809282919891452,0.003348164801867333,-1013.7130108130456
1.423199352199693,0.00758577371578443,-1012.7166524648475
1.0382997116148471,0.01079088184487587,-1014.1005572973689
1.3293665372097956,0.008161714238114246,-1012.6253666935586
1.8052069225966358,0.003778617858326919,-1013.493642117502
1.0789493854450054,0.012097350142033846,-1012.6069738730384
0.9424108875857106,0.013802687579375835,-1012.4978711768612
0.9870526829225531,0.013292975243036874,-1012.5357226764648
0.844911314910009,0.015176085109812484,-1012.6718935379423
0.5265104564331198,0.02334718089936092,-1015.4660086015996
0.7577457946480897,0.017636706022398425,-1013.4091175504038
0.7813700538738323,0.017486140886445373,-1013.822528965096
1.1026745282428112,0.011245782328135737,-1012.3859196071562
1.28072457409463,0.008779699378466671,-1012.5432241437289
1.3958672829818153,0.007041156656246813,-1013.039646053678
0.9238146632098756,0.014754947365379632,-1013.1055837102625
0.9867304725451997,0.014035954793144843,-1013.5149060794247
0.6755413304503229,0.01881126979138188,-1013.3689975260149
1.1530593070737174,0.010817178711899723,-1012.4401249661399
1.623928009019631,0.00490596283560745,-1013.2962948721704
1.5061438046506457,0.005953354372037595,-1013.1534600889892
1.03741981671641,0.012826552407984124,-1012.7586524198049
0.6571908271383818,0.02035881816958854,-1015.0377963514676
0.7423969609700284,0.017118124879781572,-1013.018167675159
0.41724142141730514,0.025799200122635178,-1016.1788416541534
1.0255380610823654,0.011945583072731454,-1012.5633372664878
1.8388580792569984,0.003506924093812178,-1013.577478874133
1.3806209805709,0.008664977888399953,-1013.1977058286286
0.9506520239868868,0.013911687999215615,-1012.6091729241756
0.9483787685900269,0.012681988306347772,-1013.1389078497743
1.7130895037902805,0.0055644811916504295,-1014.133907068004
0.9889433351742087,0.013056258675196563,-1012.4426533055613
1.896988205897142,0.0026429743340173795,-1013.8671048794679
1.3140208230101211,0.008475025139859545,-1012.5529109131807
0.7402447966070251,0.016580072229044812,-1013.4502204405499
0.9661335187581547,0.012963099368097006,-1012.5326900031338
1.1741609864182554,0.010100594972349029,-1012.4535502014695
0.596497271058006,0.02041281608854731,-1013.9091339255589
1.2096357875111257,0.010053892094292085,-1012.4587594764262
1.56201154009351,0.004602926152204585,-1014.6438193782164
0.5212373918523736,0.0211599521127085,-1016.2955641317102
0.7388768377055461,0.01750302249690862,-1013.0575984390556
1.0874562743118592,0.012174789020484945,-1012.8199915851732
1.5618948286780945,0.00642145269709174,-1013.1038903663256
1.4087415827067482,0.008343632771681946,-1013.2180600435677
1.3832485294937111,0.007363963266308442,-1012.8331559479936
0.6805549372951671,0.018679691851578622,-1013.3340591309336
1.9334980774193318,0.0036120099502659677,-1014.4993966839936
0.905814316820933,0.015116990591275001,-1013.2381193186382
0.6353216079823717,0.018765891877193346,-1014.1787441989295
1.0137060286849529,0.011811170052168706,-1012.8890076527447
1.0133764689040072,0.012469068895696447,-1012.4138893457346
1.2337066546522806,0.010484793946691476,-1013.2059303793462
0.5653110834940726,0.020492112031440354,-1014.7830595980611
0.9351516913583995,0.013464587862007512,-1012.5651015510392
1.2687923088682622,0.009328171975957401,-1012.5099884938427
0.8008593960772517,0.014875903058429174,-1014.1014957992614
2.5511203462478256,-0.0015317122580005185,-1015.6079819505616
0.8956597699819852,0.01471860858130559,-1012.6349901647967
0.8814183272711609,0.015221070157675107,-1012.8729354583023
0.9478074628491867,0.013333493158665288,-1012.5147114305671
1.8966380175216446,0.0029352075150067885,-1013.735931975392
1.4514245513487556,0.0077748355720427004,-1013.1347266237699
1.1884444252523578,0.010183092451801334,-1012.4172779598097
1.147556036408871,0.01056516377169696,-1012.4060081064557
0.5549146387450631,0.02180154809701484,-1014.3209111165805
0.9607834159497104,0.01227118826211548,-1013.4924020939394
0.4210544597605438,0.02598082033217124,-1016.1786287355118
0.9352319882298393,0.011939070430797331,-1015.3781374168688
0.6499229893566604,0.020242859132314297,-1014.4659538874479
0.8726844560283014,0.014820975484340838,-1012.595454740346
1.1438231185135384,0.008973908097524791,-1015.0545543635243
1.094917821589564,0.01142628168550693,-1012.386372875901
1.0402385553436801,0.012155495722158046,-1012.3942974308694
1.4442738320035962,0.007621621308603101,-1012.8941404046602
1.408961012948807,0.009282094554097018,-1015.4224331147004
1.1996359468981868,0.010970753625888237,-1013.2885676338115
1.1547512738497525,0.009066808491184552,-1014.3971044926359
1.2152581221982461,0.011380235874097602,-1014.748963268337
0.661558081734919,0.018245283796563528,-1013.889440592401
0.9053305819228568,0.014679888909105534,-1012.7007004921866
0.960252552796021,0.01364330601160341,-1012.5253124823457
0.9838315166151943,0.013574912289689949,-1012.7358950373346
1.0271710566813084,0.012727974373056604,-1012.532449908959
1.4911409712604593,0.005673936044950533,-1013.7415736932301
1.743369652872241,0.003224365247009346,-1014.4106209906299
0.8717497421860524,0.016258950548710828,-1014.5380165662145
0.86212815481184,0.014386520604288503,-1012.9409409581301
1.2313353220570387,0.010215763597434906,-1012.7859309859481
1.0268378216942156,0.010538131865082486,-1015.2641755718255
1.6722396504416703,0.005692475554076004,-1013.6651779550449
1.2795914247956084,0.008702009815367215,-1012.5871992284056
1.1180355775867485,0.010427139523462485,-1012.7522339598632
0.9298198246331353,0.01465936842386194,-1013.0996536028986
0.5732320384964563,0.020924395326025583,-1014.1339115218929
0.6629021126165874,0.020075003985580184,-1014.6442319155528
1.003187209757141,0.012190251468598073,-1012.6505149087619
0.7758821726078723,0.016628402331111826,-1012.8758224721878
1.58598705309636,0.005468279258247281,-1013.072123575106
1.4950604478081124,0.006577653737095776,-1012.8209485980346
0.9569767751541716,0.01263411961960841,-1013.0002363485053
0.5423650303501392,0.02242918503266871,-1014.6374006104019
0.9018719651382229,0.014186469971230683,-1012.551292592239
2.391511477120672,3.4406949136340874e-5,-1015.3800119442716
1.2948505953816725,0.008548566927788895,-1012.5896209494739
1.6194317167540124,0.005342130698589793,-1013.0730571534446
1.0929435509018144,0.010792443049481902,-1012.7249385278099
0.8669382201788121,0.015021108395119132,-1012.6205161153164
1.1545929805491246,0.009606436108974107,-1013.2379939788652
0.643182321667641,0.02085993982803384,-1015.6033610367177
0.7769417768740855,0.014376568367125465,-1016.9675647511216
1.3304657424485686,0.007910928374436481,-1012.7980961120422
1.1254649149341085,0.010274893517613461,-1012.8152055922393
1.087244180297127,0.010391302219109909,-1013.4487737893116
1.2241744897239462,0.009927936649442585,-1012.4903906004124
1.092593687794384,0.010884247902651818,-1012.6363142488391
1.3870806090338423,0.007940898762324997,-1012.6503623203341
1.251568839798713,0.00907884119765092,-1012.5365198623667
0.514373832566412,0.02265115247072722,-1014.7272326709007
0.9675929010792329,0.013746802161562502,-1012.6733163558281
1.6258968198339754,0.004805422294047635,-1013.3792684269406
0.9487340136126526,0.014174877308783364,-1012.831886172678
0.6015334385689177,0.021767850325217074,-1015.659095633028
1.424129567867608,0.006321468911367505,-1013.7191337807886
1.0720268444509022,0.011790167516421094,-1012.3929889042666
0.914815868367082,0.014006639300759509,-1012.522741972188
0.6351766612278344,0.01918396660507011,-1013.7395097666202
1.1722373189042847,0.008973752768277396,-1014.0706059033575
0.98993143053649435,0.013113963843386709,-1012.4648052679869
1.1476858061824924,0.010807011508068119,-1012.4121823030905
1.276422873802287,0.009400898962765532,-1012.5942408627985
0.671834450659983,0.018256939188141814,-1013.5687690085628
1.3804561270949567,0.006949963056936233,-1013.3789415459314
1.108358074368842,0.01190165228732948,-1012.8394986427581
0.9343378826771008,0.014159509053820686,-1012.6212877018536
0.7829447593871365,0.016311864541857866,-1012.86101441055
1.125162037830106,0.010063017339775852,-1013.1193804526766
1.0943300426403004,0.012026698759945432,-1012.7551951269578
0.9092164044928587,0.01467372162431908,-1012.7432840884067
1.113835866500608,0.010205734952734706,-1013.1335884723833
0.9838367662736962,0.013001572226220294,-1012.4300476066569
1.3996833936993263,0.008449335603000454,-1013.2152776579525
0.9641286603090684,0.013512888704586392,-1012.489795236762
1.5903531017684023,0.005801260712590521,-1013.0063186262145
1.1247879494638129,0.011230850940587487,-1012.4475271597464
1.7586459270698465,0.005187849439671056,-1014.2830361131705
0.7928566453609431,0.016653860128508467,-1012.9659705497179
0.7342850578223351,0.01752981807107366,-1013.0577790910144
0.9393564501626888,0.014140440367832024,-1012.6613810856753
1.9083888309325798,0.0031802032569173324,-1013.8037825914993
0.9460152759802718,0.014235315258117793,-1012.855641717915
0.978076813356907,0.014030127367530894,-1013.2597104159897
1.0733116055510543,0.011797307463000544,-1012.3974326099244
2.0028040301127956,0.0035325921216479927,-1015.6116339530528
1.7627316020118038,0.0033067341516344606,-1014.0306185833526
1.6218989899385785,0.00466464584547714,-1013.5816239670926
1.0330714443264954,0.014339578656300922,-1016.490688938834
0.908041838267937,0.014105071841580457,-1012.5362905564834
0.8158287111780796,0.015138805153734062,-1013.1513504074857
0.6758979183488346,0.01874400251136667,-1013.3523908793014
0.6174644447563756,0.0207209794225245,-1014.2239593264824
1.0338872399512522,0.012807320829281741,-1012.6826901716913
0.8877159682657744,0.013660901327995374,-1013.2618375456074
1.902548369536112,0.0032129205374617897,-1013.7828936136691
1.6375259349410722,0.005189723185409534,-1013.1092063817446
0.5522904420356171,0.02149155878278564,-1014.3323150149729
1.0213023577936597,0.011554630402955514,-1013.0893084597608
1.4834005362000506,0.0065977125238704335,-1012.8238571504122
1.6056771129348484,0.004726711884900837,-1013.6755703446652
1.4943429160432102,0.007047917972470746,-1012.940973929217
1.0947726412108147,0.011449004752660717,-1012.3883895800662
0.9341605417838488,0.01431766812550591,-1012.7535330500069
1.2854672239043665,0.00851022629638412,-1012.6773486921112
1.0674672520526403,0.011650896268966477,-1012.3986618202161
1.0991675549171136,0.01165045817305543,-1012.4817071571143
1.1447592578676598,0.008876637648246305,-1015.3142037029471
1.1382438448965015,0.010743046624493128,-1012.3948231900538
1.0669445516913119,0.011798568587151306,-1012.3873020659745
0.9504434676993376,0.012564178849763755,-1013.2726644194943
1.6440750439198668,0.004018447422057223,-1014.3808257460772
0.9659302544559522,0.01340191284617644,-1012.4623396822258
1.6026009594121482,0.005782553657709946,-1013.0539405544024
0.8654142040006643,0.014641366578318682,-1012.6858294084889
1.169244189480615,0.009203896506068992,-1013.6437707748375
1.028221112590505,0.013454225358756218,-1013.5681964953627
1.0760328486104884,0.011875239379168807,-1012.4333631734627
1.1711436363952195,0.010261972769601415,-1012.415716315756
0.7927765994539671,0.015831361736709994,-1012.9691235187581
1.1833711194102632,0.011168842161693882,-1013.2633034840244
1.600677248391426,0.006024558900416344,-1013.1657176322478
0.4455424095802577,0.02495763892970836,-1015.6930082394806
1.1522162916541738,0.009652605373351632,-1013.2116250662532
1.1049370976985404,0.011186941662457863,-1012.3883517766322
1.0705716975262416,0.012027369592510915,-1012.4708026852543
1.4114113515233846,0.00806812376144287,-1012.9258690045701
0.6458474407711511,0.01957912875305814,-1013.5920834515148
0.7997553787395021,0.015863745515212704,-1012.8476242498276
1.9224885415657305,0.004353201586090659,-1015.919627932978
1.698346394436442,0.004487434805140427,-1013.2889668145143
0.9736311385744569,0.013293751875686165,-1012.4572250372453
0.9433134127454379,0.01326034157299579,-1012.5980474941199
1.008278761306862,0.012267611896982741,-1012.5272383400472
1.0301100081947754,0.010907227792282316,-1014.112009239941
1.0015052898681673,0.01293126595535943,-1012.4530127953915
2.1806352363180483,-5.904953776724367e-4,-1016.4631798718168
1.1953444221420397,0.00973328620079379,-1012.5137116469759
0.8745408552919424,0.016128750094765297,-1014.3137668163798
1.3040423308419518,0.008833010130496637,-1012.5293679298295
1.3832485294937111,0.007363963266308442,-1012.8331559479936
0.5654132080707253,0.020652477902426344,-1014.5670944766156
1.1227809719485882,0.01169263082244744,-1012.8242775825305
1.4088372148091863,0.006592524310934611,-1013.5028612517712
1.2255643667254594,0.00879119929794006,-1013.1392718544977
1.332517921646805,0.00801531429069821,-1012.6964967240426
0.8969644299428721,0.014342570834554326,-1012.5488516225021
1.1348283322622468,0.010076816909102395,-1012.911313101324
1.6962483932000008,0.004757414364469578,-1013.2333056404613
1.258513949107496,0.009388758125332235,-1012.4834349669571
1.1741609864182554,0.010100594972349029,-1012.4535502014695
1.184117067537602,0.010342564272319135,-1012.4319553784612
1.68065532417614,0.005634604087737347,-1013.7093306788079
1.3140208230101211,0.008475025139859545,-1012.5529109131807
0.6493437507695433,0.019909850954671814,-1013.9224654963489
0.6406238967886083,0.01899719528365546,-1013.7458131297524
0.9119061221617971,0.013416481956990498,-1012.9898205524344
1.0797780176463252,0.012021256019437728,-1012.5523807089943
0.7029891347754054,0.018075234238712694,-1013.1935382834896
1.0798085433903244,0.010469826947149678,-1013.4979694498317
0.9941728010959997,0.013555416577205852,-1012.8924282458771
1.3605183995542514,0.007406922737796198,-1013.0156168482185
0.5868599961654459,0.020851028064091944,-1013.9909881061895
1.3877098104924894,0.008394359209300917,-1012.9610659449617
1.2906648104043308,0.009939517680852819,-1013.5130001290843
0.9089792743441426,0.013237794435897995,-1013.3307679529123
1.8580064896178785,0.0029627741817567104,-1013.7645797752593
0.8695990646155444,0.014824381312549578,-1012.6028040178768
0.8698145150998631,0.013985521453453277,-1013.2712559495155
1.5484987569204343,0.005197357461535463,-1013.6846194225513
0.47944219423414625,0.02329505755849765,-1015.378250528082
1.1887492912541024,0.009018619028167092,-1013.5240383006918
0.8518757299452455,0.014013128476145902,-1013.8202967438187
0.7455994948847868,0.01772338174681848,-1013.2761027896172
0.540728800975927,0.022057856943444348,-1014.431931130249
1.1483127860256659,0.011093390263063139,-1012.5645148297656
1.1826662189895647,0.010300378288178008,-1012.4186283471676
0.8086994895246719,0.014904759181176008,-1013.7293120408874
1.2275220623901058,0.009182080441276415,-1012.6431915919394
0.7509592671350382,0.017607390583764246,-1013.2449240764928
0.6622126775236401,0.018944228472859842,-1013.4252906730067
0.5745788179733787,0.021178051455743127,-1014.1025488347472
0.8645357007446145,0.014970000252125581,-1012.61373284334
1.1433841157843292,0.010221007531696368,-1012.6238997419397
2.39707103070265,-9.267351669935311e-4,-1015.2764503681087
1.0982994908725705,0.010940145740816176,-1012.525408316327
0.5674539704882083,0.02062049788013657,-1014.5224420911312
1.4952359862348856,0.00596463976310096,-1013.2465407425952
1.1494617585431237,0.009664237967195425,-1013.2523366843966
1.0021301597170147,0.013758238645507584,-1013.4146329254769
1.0040453477486115,0.013046389438181719,-1012.5293950579195
0.7959521116769692,0.016739501090750432,-1013.0835110574926
1.0126190158458732,0.011909569526082613,-1012.7886986105234
2.4073490071685493,-6.514621232186412e-4,-1015.1732784250433
1.5771578537464404,0.0062772379941272395,-1013.1376290964992
1.5668972452873402,0.005671129849743651,-1013.023381547552
1.2100714626058209,0.010908582511103961,-1013.4247400072268
1.3745675751174071,0.009298961854132575,-1014.3280885912867
0.9206697303259231,0.014711643776118504,-1012.9764147853936
0.8694656777937569,0.014468732156078908,-1012.7390925279111
1.5837503663218242,0.004666016200494081,-1014.0939174195813
0.47814058235974,0.025094761250845296,-1016.744868204389
1.0390652959636555,0.012928047089372799,-1012.9186235407848
1.2344224600512932,0.009363724416542183,-1012.487900582274
0.5258195384336347,0.022362626596394125,-1014.590408782153
1.0299890371220133,0.012214191409834632,-1012.4063073394818
1.714424610745679,0.005431372662371836,-1013.9332175575696
1.0248481191615344,0.011627500390113834,-1012.9072518343764
0.73831047441926,0.017109262627079017,-1013.0626430851952
0.5680656151035502,0.02006424567843008,-1015.3839910477308
0.5674852315111485,0.02290846495215269,-1016.7464830785083
0.9515016335026545,0.012278063934143777,-1013.7841290118214
1.5195708412001225,0.006916767697857812,-1013.0864435497293
1.6828719238924381,0.004432715418446326,-1013.3693617431118
0.6559518410151898,0.020612215708050913,-1015.6524746417946
0.5172730332904365,0.022353610492629173,-1014.7620030949766
1.0118128595592357,0.012826288919263263,-1012.4665114849189
1.2357722225907029,0.01006179756470678,-1012.6875019099281
1.1605338221554709,0.010336539235827757,-1012.4258731753976
0.9461602845770827,0.013650539239578185,-1012.4744224568542
1.2838462255437473,0.009667060227171488,-1012.9369438812913
1.1275717821400304,0.009994552205591936,-1013.178628502622
0.5463243404787549,0.02187901667341268,-1014.3700798951459
1.0377685473055347,0.012820258485001677,-1012.7570885574642
1.3572201420092507,0.00841042598057381,-1012.6598132178268
1.425377340707257,0.007692485431034578,-1012.7763571154694
1.7478100488537478,0.004729891243235983,-1013.5296956490555
0.9177729247035789,0.01413638070697145,-1012.5187843913362
0.9948899506180825,0.011852166878345255,-1013.2665202867643
1.7068080135636028,0.004490327700070896,-1013.2805124406536
1.3101141620522763,0.00856558292186644,-1012.537958486887
1.1837017769473042,0.011162950432037903,-1013.2605161498564
1.2796850365825159,0.00939162024752216,-1012.6166359409116
1.7461166320312829,0.005176883299535978,-1014.0463912645265
0.9349985390634025,0.01474029967043844,-1013.3667115043564
1.2920132866792466,0.00802745302655346,-1013.1490093691606
0.60108122869396,0.02203653302081925,-1016.4097800576076
0.41465726896004634,0.025782786680102435,-1016.2457256529611
1.164042550422356,0.010825690301213884,-1012.5259443707013
0.8556820843959172,0.014801178105910699,-1012.7138177548986
0.9489367342670246,0.013434510509743708,-1012.4775500224748
0.9338883245508927,0.014370320142303373,-1012.8041382858308
1.0373611522895945,0.01273133810220302,-1012.6556877425887
1.5933985503134152,0.005895230733387294,-1013.0431012447947
1.105450313577421,0.010752694324162001,-1012.5961679266067
1.5186391306808067,0.00451947642076017,-1015.9998004029098
1.219645603178762,0.009934085801039163,-1012.4679543198722
0.7742891279049612,0.015876397395806735,-1013.349271473493
0.9424108875857106,0.013802687579375835,-1012.4978711768612
1.0158823797748635,0.012418819661273964,-1012.4144435977207
0.9460152759802718,0.014235315258117793,-1012.855641717915
1.8179993417854075,0.0035320991104974522,-1013.5472419048983
1.3421418943061516,0.00743604110925169,-1013.2323972100294
1.548852661887592,0.0057928474282383175,-1013.0170203345348
1.1847202682332638,0.010301626980511862,-1012.424656809748
0.9616734132600743,0.01355934923006516,-1012.4956322145478
0.9060249309001202,0.014695354051678202,-1012.7215133852718
0.4799438172640456,0.02329426511082297,-1015.3587802502803
0.5212098120728743,0.02154976351359074,-1015.4945949692773
1.211971356836523,0.010696027826422457,-1013.0944998003012
0.9826709982779601,0.013848822798589736,-1013.0719779579264
0.8344258142695324,0.015273375535299559,-1012.7252985007434
1.126454104601009,0.011535872426541858,-1012.6990895363349
1.259832605604625,0.009037179196854667,-1012.518263304993
1.0240072392998922,0.013963194558578331,-1014.7091232551942
0.9620513351616083,0.013644308593323398,-1012.5390580380446
1.128099492277866,0.01158844080480714,-1012.7847462944047
1.3695063607341986,0.007436513223197997,-1012.885729332309
0.645548016295918,0.019198940786967975,-1013.5482841929581
0.7617687115228514,0.017126144218137025,-1012.9980029973939
1.1132354680939336,0.010759732051717864,-1012.5106768945903
1.3263488206157141,0.00999363710878958,-1014.6789731433338
1.155522900102749,0.00918889882410248,-1014.0678772592788
1.3273318059096673,0.008487919514588807,-1012.5501934353434
2.5211018634733215,-0.001227395680522993,-1015.5203987048938
0.39737911549676436,0.026856102427665673,-1016.6450982712545
1.189234410422066,0.01107443936376094,-1013.2320112503957
1.2042896816191646,0.009685262274495173,-1012.4861282005628
1.0556962550582047,0.012497617603234186,-1012.6804639402511
2.0523399155112694,0.0014275729150084052,-1014.2942038436566
1.09108439548722,0.013067793374799963,-1014.8802651334352
1.1215308973208067,0.010260719702126575,-1012.9003120342096
0.65303949163289,0.019353424218515936,-1013.5195451341423
1.5051367026191997,0.0054236645555417245,-1013.9715256146181
1.7348687562894203,0.005454328606086219,-1014.3388411897544
1.1508462817448284,0.011787523885789554,-1013.6382945216856
1.0092801207464333,0.011607037777102853,-1013.3055237308167
1.1150642255215433,0.009815939078772536,-1013.8525997726006
1.5284876762577464,0.0061630419518350285,-1012.9017589581698
1.1704395353095567,0.01023783356866502,-1012.4225387689106
0.881290306763477,0.015107277218815959,-1012.7641177099079
0.6526381801774495,0.01950987837330984,-1013.5957464335653
1.1856358085455634,0.010705136741161955,-1012.6664996024681
1.08225911688064,0.013107649704459464,-1014.62989693888
0.5489636074264642,0.01989076860183031,-1017.3784066690207
1.0035711911630725,0.013142075242156517,-1012.594716206485
0.944304857313676,0.011220145525388442,-1017.4123942151417
1.377346766383537,0.008520174780930976,-1012.959187009291
0.9712144709234061,0.01256750161592863,-1012.7906096837676
1.2295950942322302,0.00910321474725573,-1012.6921372535716
1.399283724969288,0.007671108681245624,-1012.6516497398395
0.9323739655856447,0.013880619998928107,-1012.4941091396479
1.4313062215231644,0.007350524182077848,-1012.7033242658833
0.5252443324555902,0.02279618743536462,-1014.7334149911932
1.423353096174166,0.007071857282564843,-1012.7924998371371
0.9074255506578078,0.015061148775265537,-1013.1886662270409
1.4803569683145934,0.005280504236698209,-1014.836800102959
1.7087493113610148,0.005504254816587172,-1013.9556268744793
0.8345671585435791,0.014623348743623234,-1013.3338440127549
0.5360374709467532,0.020818470841323867,-1015.9519538259351
0.9883514914142765,0.011396344886741998,-1014.4824396100447
0.9374341199576762,0.012478863549573732,-1013.8534365771701
1.1323557319872024,0.009850912353610726,-1013.3170446451692
1.2038818848696824,0.010439848759685465,-1012.6463721806875
1.5450105258338092,0.006804017636297392,-1013.2810505488056
0.9433434752327748,0.01486896508259534,-1013.9015956837526
0.6493139172402803,0.018999069376465515,-1013.5611503361893
0.8271302556403687,0.01635808530914026,-1013.2248143937766
0.8506777246432963,0.014385250513470125,-1013.219951464731
0.9115446734467338,0.014554949202721938,-1012.6732491655506
0.6413250578101137,0.020612136331416182,-1014.8775394725803
1.7420428669304802,0.00429863604303597,-1013.3416309084779
0.6391890753899632,0.0205461552418564,-1014.6448305819429
1.0587426738162384,0.01243163344502354,-1012.6567903558363
0.583150886480545,0.02094545519642659,-1014.0233825008754
2.0290997612312442,0.0020938278647452,-1014.0851314446351
1.1962799641846722,0.011066089320826077,-1013.3846653880504
1.9780982728266852,0.0024522120668630373,-1013.9430694750333
1.7344165124172266,0.004901612001674974,-1013.5444651024333
1.6512246968432402,0.005666404555423095,-1013.3696744098573
1.3638117167359949,0.007753503019983156,-1012.6826676553654
1.3996860862327196,0.007445544657679797,-1012.6955463387136
1.3197722642665162,0.00810582544889242,-1012.7218194518755
1.0262201292603066,0.012320075902796936,-1012.4021013609224
1.2977496207261785,0.008308943856342305,-1012.7393393184207
1.1540753484428272,0.01052347498363179,-1012.4017760583747
1.2260203941842427,0.008284604421239006,-1014.1305696662909
1.5961290333670792,0.006064516213457472,-1013.1538062034842
0.6445393092698365,0.02044182568829207,-1014.6499210974004
0.884893977967035,0.014787336341130745,-1012.6039039454065
0.7755451714375772,0.017266148693198896,-1013.3120585877269
1.7281532972319729,0.004446760236706225,-1013.307495949925
1.369320044434006,0.009062276349435239,-1013.6512374503907
1.3141991224288374,0.009406411073612942,-1013.0993829815313
1.744704371141319,0.004809324930570703,-1013.5668222247682
1.4892588172745904,0.006200397483729959,-1013.0471630627052
1.055883038830217,0.011763677854137022,-1012.4144319211781
1.7082013869856774,0.005312705208618639,-1013.6749668648629
0.6573846692873453,0.018026139153095123,-1014.401247458374
1.211159822906532,0.00994836244748848,-1012.4388127712115
0.4097801381881095,0.025350632925832988,-1016.8340263624754
1.249990926514693,0.009094938390073807,-1012.5365583000319
0.9364869624340774,0.015138127274466031,-1014.3081818534337
0.8512239115125328,0.016236162417475268,-1013.6850336082823
0.8938218105736091,0.013704428782244512,-1013.0396032653011
1.6389090602052434,0.006060500139342396,-1013.6779490255723
0.882783536075636,0.015004392286554032,-1012.7022857353113
1.0197168517370407,0.012561799738738897,-1012.4140119718797
0.7834112342285479,0.016239921087341354,-1012.8769401016829
1.3927752506920856,0.008207746295793518,-1012.8403907199117
0.6910667528658041,0.016582157934266158,-1015.8684620003527
0.5738059415344148,0.02096493157976725,-1014.1132114333176
0.9360261223730583,0.014188608050377728,-1012.6615789262466
1.0884337014166214,0.011461726202233624,-1012.3847406322598
0.9755768624921407,0.013267945148269716,-1012.4564215585216
1.3271088963837798,0.008641351206113347,-1012.5753622435889
1.227203182639871,0.009587521012298686,-1012.4483426929603
1.1326975299558941,0.010309261216679862,-1012.6714905676938
1.1162078037272027,0.01135913923321358,-1012.4517740603901
1.3360677227851645,0.008783754604514917,-1012.716359571036
0.8160188384116269,0.016065216038729718,-1012.7979091391729
1.1487488512544286,0.010742800438858665,-1012.4025313402647
0.6956416001655663,0.018451738463939018,-1013.2858817644875
0.900355920681027,0.014552798723794188,-1012.5845133143822
1.1743278677416475,0.009817013237106133,-1012.6377424617742
1.0477439369302146,0.012555574255366556,-1012.6274219705076
1.0538098702825494,0.012096451019481579,-1012.4064724903842
0.950480563361865,0.013674730137864062,-1012.487778029974
1.7674992668378315,0.004062355209433505,-1013.4039581812631
1.3012501006726158,0.009059503413392721,-1012.5935846366154
1.4649591634364008,0.007267716379930896,-1012.8384217039875
1.1623033773652487,0.010954274363834553,-1012.6068753334193
0.5146902009106687,0.022309353199152032,-1014.8666524330912
1.2779616188954706,0.00881975320990873,-1012.5372598975085
1.0080869072556942,0.011597228886955586,-1013.3556952733231
0.6237489548152704,0.020290273448995522,-1013.8715427250195
1.179759654473334,0.010538517371145528,-1012.4839399366322
1.4655506112540955,0.007730110083169358,-1013.2932263334267
1.2453169347132955,0.008611741108884213,-1013.0621817206577
1.30768536006292,0.008552237067644007,-1012.5442098037864
0.9816446046625723,0.011674726254275326,-1014.0499324553762
1.1714223733162437,0.009858867551186945,-1012.6322781000096
1.295128816297916,0.008988210133844541,-1012.5301801862717
0.4766504734098844,0.02437677128699853,-1015.4625544982217
0.9349131387166117,0.01429762759736698,-1012.7446654888158
0.9283744574813902,0.014007896286985164,-1012.5118060329999
0.6146436214584615,0.02010903068057718,-1013.7572722233583
0.5477162584151395,0.023033610750674994,-1015.8174854796482
0.669953043959684,0.01870370781881708,-1013.3821589175334
0.9133710251965655,0.013941883050960129,-1012.5460603120093
1.1075130095355143,0.011165921948636595,-1012.3873176128084
1.2055298536983614,0.010343608865128102,-1012.5847424547406
0.6655320807918673,0.01863083082787922,-1013.4573094085065
1.1307637957027175,0.011321504751257398,-1012.5551607026046
1.1936516905322179,0.009920566551529623,-1012.4413447335955
0.524980345904029,0.021762750372285113,-1014.9859349742694
1.3868746719758398,0.007765244753272928,-1012.6341619451115
1.3209334214887107,0.008664928905050776,-1012.5551767747479
1.1823480828613566,0.010577890026760283,-1012.5277940848079
0.9526159533421572,0.014537497555002174,-1013.4927793794253
1.1243888726387938,0.010955023958049799,-1012.3891011245848
0.8079860298161573,0.01511970837657443,-1013.3965188122487
1.177140351409092,0.011039910003133504,-1012.9278405363748
0.5606476173908889,0.021768673644691063,-1014.3248579970737
0.5896604294364335,0.021799473866777688,-1015.1250892305657
1.238694867773687,0.009297790244225066,-1012.496806911906
1.3090723467789065,0.00857785319661076,-1012.5366644347395
1.0559596934321558,0.011281576600249204,-1012.764151737904
1.5069760659026168,0.008202569112074974,-1015.400887769982
1.9393628523998434,0.0021919492382465426,-1014.0698647776716
1.2941182976785113,0.010533459427135098,-1015.1474809658191
1.1930405953218173,0.007740608525732548,-1017.1393966142991
0.5570020032290347,0.021305680851849994,-1014.3065581540021
0.4772389823904543,0.023600796449007262,-1015.2560113706427
0.6497401206722699,0.01930900468645887,-1013.510747478245
1.167340772112081,0.010207543912841384,-1012.4427162644153
1.4108984998419685,0.006802045958571636,-1013.1579206940444
0.7865988447198561,0.016284836121342978,-1012.8403310308702
0.8244983995755709,0.016693509236319484,-1013.7122037318055
1.0826697886569803,0.011507159726383219,-1012.3867411168125
1.2330197385298736,0.009456763475074022,-1012.4638812287527
0.960297057403132,0.014387472591647221,-1013.4272120281306
1.2325190129810484,0.009074742517386663,-1012.6876688943001
1.6474245000593766,0.0053144423956000665,-1013.1374188069001
0.900706677240836,0.012708389582563756,-1014.8360190878769
0.6310781396389918,0.01904605495662772,-1013.980862493312
0.702537259849423,0.01726174334697407,-1013.76662660113
0.6789534333352932,0.018909476533242944,-1013.42894245664
1.2879911799245622,0.009506201191190002,-1012.8102539384704
1.1531114226620078,0.010229818651464093,-1012.5205917375442
1.1541494981942522,0.01068085857861941,-1012.4061523292079
1.150298053961344,0.010559457353446804,-1012.4019827745839
1.5019041182997006,0.006643359584975118,-1012.8288697573887
1.3998141938664164,0.008224655121732179,-1012.9390839487863
1.5046410644354795,0.007062480147547432,-1013.0544493500851
1.0726290232249653,0.012460343509478253,-1012.9267215397507
1.6955249434063147,0.005848686516819933,-1014.337787671144
1.0280127502032699,0.012340271590873277,-1012.3997099819841
0.9088300434252873,0.014919191719112879,-1013.0126286241475
0.9465214590222466,0.013185161513632145,-1012.6103870612937
1.5644783809302407,0.005604257955787045,-1013.0708420490963
1.398231491993752,0.008194960342745595,-1012.8905032294336
1.650085897676175,0.006362547025986098,-1014.4509870917544
0.8429150193315135,0.01523522369372558,-1012.6726424289136
0.5874571480994988,0.021028586306591636,-1014.0543905928504
1.963741133258167,0.0029541927668589527,-1014.0778313963033
0.7732953904646311,0.016539374995935097,-1012.8883587744696
1.30768536006292,0.008552237067644007,-1012.5442098037864
0.9746240175548394,0.012739882390252033,-1012.5818300021906
1.0524893150504147,0.011821525961648757,-1012.412666854618
1.4950997578196739,0.007515373854170386,-1013.4778703705942
1.3168363071413598,0.009004058383309747,-1012.6923309387902
0.9073993629014434,0.014310808249406943,-1012.5364453632461
0.8633433373205003,0.015980512911876923,-1013.5724982490694
0.9462932340594135,0.01365260508889432,-1012.4747601406709
1.589044355820342,0.0054865096374676955,-1013.0551375913019
1.3392709963702214,0.007758893668288279,-1012.8602120240439
0.5798951750441275,0.020173626588195825,-1014.5608580976298
1.1677128068915996,0.011053907868128834,-1012.7841762771179
0.9341161076727088,0.01328111512325486,-1012.7089952045944
1.3334288680105024,0.008555401912274377,-1012.5794204289782
1.1209615226783096,0.011046326744978128,-1012.3880411530798
1.7436363150347858,0.004398789399003514,-1013.3487145455275
1.5610766231138407,0.006186517211119664,-1012.9700112787194
1.4501541527434185,0.008139710863981062,-1013.6765162615238
1.0243596140204474,0.0125489158644907,-1012.4249072663802
0.878266811699092,0.014936231426848386,-1012.6311723989612
1.2307669153616942,0.009907115826099915,-1012.5247399350451
1.1589349044292447,0.01151318534479015,-1013.3032470990656
1.1510890994505865,0.010469764816328853,-1012.4190350084604
1.1526317489745885,0.01109499520973599,-1012.6153751216
0.9259205186593725,0.015234263214545733,-1014.1308200253725
1.5904107810826433,0.006807236562515221,-1014.0783073761468
0.9885752687847926,0.013351316064922817,-1012.5921302050563
0.9344851433551646,0.014122613638247053,-1012.5978463826914
1.3894159771159045,0.0076237349940390204,-1012.6576678590632
0.5434393244600985,0.02207365115557826,-1014.4243011828671
1.1997021121227451,0.01031760670072229,-1012.5142437945108
1.5261474944926934,0.005060071815751622,-1014.3327043704239
0.9804728433453092,0.01236167060190307,-1012.854623857747
1.527933947201947,0.00676329616445435,-1013.0430742849038
1.6798488042315185,0.004176637346562406,-1013.6495109769703
0.8489557044688113,0.01522052066590994,-1012.6500480620172
1.0612651405176428,0.013100477835030589,-1013.8314381674109
0.8333865762562539,0.015432981364738444,-1012.6940457957763
0.9905127661991681,0.012887468471459034,-1012.4243561548788
1.0095530281283287,0.01208875416907638,-1012.6517444200248
0.7786097387394971,0.016726715667682693,-1012.9026449984012
1.4460960365939337,0.006653135260341339,-1012.9655876733513
1.1012993700851788,0.010271026763610398,-1013.312174844187
1.3735914464556847,0.00726132924216242,-1013.0349427389083
1.3650961432763977,0.00897337166842712,-1013.3934762286923
0.9344851433551646,0.014122613638247053,-1012.5978463826914
0.5478020844178335,0.02084940154766331,-1015.1321867459775
1.0542095712202755,0.012034826588858065,-1012.3954188739682
1.0135099453429688,0.011017868386420182,-1014.4614909067774
1.7029812209735722,0.0040264316097417445,-1013.6323444047941
1.32617510284595,0.008669936526049133,-1012.579943233084
0.8000828315280798,0.01590575729408987,-1012.8267856360405
1.7370644363111925,0.003594959891231601,-1013.8764648354147
0.8042062002999667,0.016679725414148083,-1013.1626302610899
0.4655065172472334,0.02503017440495555,-1016.0021984798141
0.9247051440963473,0.014163612701625347,-1012.5495246203022
0.7029062546728306,0.01907306544265879,-1014.1625629179047
1.0403136898463137,0.011592474439635321,-1012.6774017502106
1.121715551973777,0.011677257338872657,-1012.7870058116832
1.6695924679596494,0.004702982999245321,-1013.2442553658564
0.48273686678170796,0.022875453468439375,-1015.6937874728197
1.2826673724885076,0.009958432997112873,-1013.3630020243475
1.1500220492535078,0.010640820204419758,-1012.3964367099524
1.0135099453429688,0.011017868386420182,-1014.4614909067774
1.5015544267920922,0.005943884362295782,-1013.206634781345
1.5249315861201682,0.006775623635189395,-1013.0238562930916
1.1302903382188525,0.009945368741011887,-1013.2006017869669
1.4742148860103936,0.00684595803850757,-1012.7773371181332
1.6122665666163714,0.006008933730158063,-1013.2663852345988
0.899673697405727,0.013968373640753831,-1012.6693176328996
1.3124618402796904,0.007804561414788084,-1013.1505788543667
1.2015216187987035,0.009412925456349442,-1012.7093216661033
1.0459661567122531,0.011881274643646559,-1012.425484303326
0.9144509135698886,0.014929239267513791,-1013.1522368300239
1.682712829016505,0.005244891978257471,-1013.3314586746616
1.3762291175398382,0.007530654075570831,-1012.7535209672959
0.7338552235869789,0.017352936849535386,-1013.0464337899139
0.9187158806157448,0.013867000924471969,-1012.533502968108
0.7029062546728306,0.01907306544265879,-1014.1625629179047
1.1648931047938604,0.011123964681725752,-1012.8236609789192
0.9611329547476881,0.012108575306081067,-1013.8106591975816
1.263313564622561,0.009956796272893352,-1012.9757083192984
0.8397711866360895,0.01666622006253324,-1014.2146595965279
0.9451186891561716,0.011455779641880751,-1016.4601818705281
1.4859266083087894,0.008227696622279318,-1014.8043607134375
1.2840434617776721,0.009194575672908071,-1012.5432049696906
0.7701451346022055,0.01574231175653688,-1013.6810238583508
2.074930242778947,0.002750356612690704,-1015.2693319613505
1.0981546739077566,0.0108178220227218,-1012.6268721352203
0.9941686304322276,0.012133490528275453,-1012.8662239698001
0.4097801381881095,0.025350632925832988,-1016.8340263624754
0.579745028748388,0.020432933245217413,-1014.2738867850439
0.7407862545665331,0.01905009452526208,-1016.026341767865
1.1968420584737636,0.011135200337648912,-1013.5360324680603
0.7840083689899348,0.016842698909290115,-1013.0120573953658
0.8694913184277093,0.014728115050450952,-1012.6174609883873
0.9398970357801583,0.014714642779273292,-1013.4595608160298
1.1603352136810425,0.010710668100682942,-1012.4388985240872
1.3233146152844035,0.007867461514786457,-1012.9187151564652
1.29485898631043,0.009471037513911765,-1012.8683003224991
1.2755115716028136,0.007815350510001134,-1013.8788472638599
1.1726314834465048,0.01059226756098026,-1012.4617485553575
1.3099781658861755,0.008043321642225838,-1012.8771566801934
1.2691740475019602,0.0073712583159697125,-1015.22639422409
1.1957962842941052,0.008954321677581981,-1013.4799121033552
1.4887603629291097,0.006773407329100997,-1012.8043998914095
1.2300627587105983,0.009319973370528888,-1012.5284785789311
0.5859679262665985,0.02049206438178743,-1014.0636187347511
0.5917796802025266,0.019779431722686997,-1014.5872174274236
0.4794848736883571,0.023070857112608034,-1015.6126125023059
0.9406487005890204,0.0131510510616255,-1012.7228485316319
1.6520395326747148,0.0046102061959872225,-1013.3893859127186
1.4194697604857245,0.007448597051598462,-1012.6835103885419
0.9194693914723508,0.013556325063935082,-1012.6990214782047
1.1774237044310398,0.010872097906914966,-1012.7250678119528
1.4572413636653343,0.006432145317612984,-1013.0897255711325
1.3644819853571648,0.00862743343990785,-1012.902467103477
0.8274830506529944,0.01448782470056623,-1013.8095455782295
0.9236546133057271,0.014146540663466352,-1012.5376923907652
1.214699160346234,0.009732662577513668,-1012.439787099077
0.9469245883779279,0.01342249945807939,-1012.4903371450619
0.5648939118020854,0.021737992084085334,-1014.3405079766327
1.2525189435814206,0.009618998402073557,-1012.5324653347949
1.3619057460725237,0.00851059586620171,-1012.7647668522219
0.758858920120035,0.01808501657241892,-1014.2400753380975
0.9005597646237159,0.014537266009198515,-1012.5794219184659
2.0984529801787075,0.001537919051281096,-1014.2729944251287
0.5404159873168631,0.02124974593271113,-1014.916102151348
0.9584615084501384,0.012958909086892208,-1012.6235823355239
1.0215823262609418,0.011633479000401653,-1012.9667177747044
1.1322673332820952,0.011447437079273752,-1012.6892831905768
1.0182326745191452,0.012833255689466253,-1012.5193617890139
0.8201788674049423,0.014434229844891977,-1014.2251165727905
1.1893348710087661,0.010785271258640188,-1012.8067953151361
1.9432144317211453,0.0021986614039482756,-1014.0478756822308
1.401738360384353,0.007615716309841893,-1012.65612062856
1.2624760207332224,0.008699974722120642,-1012.7256302440613
1.72671682983536,0.005329309098161147,-1013.9724162722412
0.5744744727557907,0.021659855240337384,-1014.4118035813476
0.8137401677002453,0.015478021602518738,-1012.8746114299902
1.4265273981911002,0.007815668858345694,-1012.8697674822636
1.332343254258452,0.008882298603388374,-1012.756869946266
1.0845774063893296,0.01170377529545598,-1012.4134059422022
0.8662881151385052,0.014692535914526284,-1012.6534640530153
1.314858276327962,0.008024347528250693,-1012.8429311227849
1.2180242433805974,0.009174725379978252,-1012.7540621182347
0.6960420841555568,0.017583353881693242,-1013.5712641096655
0.9863663062545829,0.012086083740721358,-1013.1043974170275
0.7896636876014832,0.015250865249604287,-1013.8134154174651
1.2531626620704095,0.008832344697113673,-1012.6979476000872
1.427977718184501,0.007630882478500493,-1012.7629523713572
1.6315430381207654,0.004517470697823411,-1013.6813490067836
1.2320927473363479,0.01025481011606919,-1012.8429362322925
1.8581395952897939,0.0034485220343852987,-1013.6338793314725
1.2073172612930558,0.01142772204958365,-1014.5912541485719
1.1194659845495356,0.01123703315431772,-1012.4199233245469
0.4165165636205223,0.02608953611142716,-1016.2380482734579
1.2895788292760657,0.007541542930003215,-1014.1380777700967
0.7701451346022055,0.01574231175653688,-1013.6810238583508
0.8185790978845748,0.016637524829335327,-1013.4356673542027
1.1779652988900442,0.01045160129220531,-1012.4371391585765
1.2060809798467498,0.008033830358462682,-1015.5144020373973
1.0190538047624977,0.011389909337574148,-1013.4301212427965
1.107566226808159,0.011225531564980741,-1012.3858076050174
0.592713466325044,0.019945588291777994,-1014.3241896649513
1.426118259663382,0.006213798274646668,-1013.8912160929134
0.9173610383218651,0.014131810496395078,-1012.5176704573146
1.2053915258515187,0.009775904441210523,-1012.4483455090299
1.224851906745177,0.009785985242767772,-1012.4507725634367
0.9470548043472551,0.011796390213888536,-1015.2185516556386
0.5127802698167536,0.022666151170352478,-1014.7512538285362
0.7112285044640786,0.01721698327179667,-1013.5412669800962
1.162631875729773,0.01090185338896094,-1012.5673023288606
1.3641524424932596,0.007941147106950751,-1012.6112873360171
1.7648953743229552,0.004936210774033902,-1013.9717416747736
0.8280076003319606,0.015162704514310784,-1012.8723033770409
1.19695899429329,0.011019794092689883,-1013.31454388756
1.5838109277626653,0.005246377618074569,-1013.2486522535424
1.10782291284777,0.010429389449200356,-1012.9214100622494
0.9434939357996383,0.013458152559340556,-1012.5002567176342
1.3690680605317724,0.00817226763792507,-1012.6331919483874
0.9139697099968132,0.014622148746766074,-1012.7602747680337
1.2794182250190016,0.008359397183055057,-1012.8899136576442
0.8937774454485388,0.014438678957881567,-1012.5527421115297
1.7532131514870213,0.004674646557134107,-1013.5360493998388
1.055684567002344,0.011601587010489082,-1012.4884058554516
1.6591712240198144,0.005659057199284789,-1013.4526839830711
0.9592968258927161,0.013210507509522509,-1012.4802055722083
1.6529617763642648,0.005499469079938775,-1013.2535015691941
0.8006302941015182,0.017092289952044544,-1013.7036715220444
1.3476491069259828,0.009910748079819167,-1015.1856629228002
1.2009308399215113,0.009214684068385475,-1012.9516601550785
0.6609605769746034,0.01825131838923523,-1013.9027972561128
0.515283798685833,0.022706071871494225,-1014.7118830161867
0.8968090048998608,0.014815329450375433,-1012.7105146608238
0.9849457666257777,0.011856678646503345,-1013.5451499042822
1.63434965509427,0.004252694026936954,-1014.0778233815541
1.313672921781706,0.010808292879712267,-1017.0319368980271
1.1043063916739335,0.0107717727957687,-1012.5931023345447
1.701331151210872,0.004695314255866237,-1013.2448756498039
1.6047629649795827,0.006680740977871997,-1014.1286513460353
1.614015522180318,0.004030782425650673,-1014.9332718243394
0.8767246140626028,0.014794621272891243,-1012.5899594053833
0.8672619571621614,0.014548449304812878,-1012.7164570376468
1.0119540440454027,0.012287581747256294,-1012.4816425344181
1.8138623534101865,0.002783032326950016,-1014.2932048098763
0.9750011759285395,0.012417861112308772,-1012.8948646005911
1.0672357348327863,0.011722925899329087,-1012.3886548948275
1.4876595256385057,0.006740957326116611,-1012.8006091524322
1.9162516962560607,0.002974155377439279,-1013.7833540433783
1.0800499091858655,0.011411287961695242,-1012.4136016949926
0.7579307743730798,0.01801378627101048,-1014.0515469404027
1.2216133911207818,0.010314270694569017,-1012.7543794648773
1.779275440843789,0.003414266048191956,-1013.751894318145
0.5920711910280156,0.019665513632584435,-1014.7553200232674
1.1525247243724777,0.011425956978616389,-1013.0128796861079
0.8613374240416602,0.014030801777864166,-1013.4555441060486
1.0654766032677017,0.010953608623126991,-1013.0150262339589
1.0529682282496686,0.011959790018185767,-1012.3901434329777
0.9752774143829013,0.01268097318056793,-1012.6181398058751
1.3229591487630388,0.008878366366957111,-1012.6609317086401
1.1125265360075478,0.011180093779159652,-1012.3875552274906
0.6408304569944666,0.0183136937494117,-1014.6898575653765
1.0033889143933703,0.012815020517968278,-1012.4263139608112
0.7927462048782166,0.01645564640119268,-1012.8530009275236
1.0415447360007848,0.012761791103825984,-1012.7513589630703
1.2931970905602737,0.0077015748876969785,-1013.6988306682241
0.9808629865493831,0.012874445009235042,-1012.4583553641835
1.9506964637353539,0.003397416938250062,-1014.424712818347
1.6955249434063147,0.005848686516819933,-1014.337787671144
0.8347595197874905,0.01624444945991182,-1013.2383658496882
1.8663632722721135,0.004599362348089214,-1015.2297189354523
0.7789012554946764,0.017462801502178993,-1013.7002304760773
1.1162228835165429,0.01095328794766212,-1012.4040714484063
1.5668056069237695,0.005006709904627167,-1013.7408250976039
0.7302889461948728,0.017709836535369564,-1013.1084080465366
0.6563748628851019,0.019430348713250004,-1013.5754608265896
1.7998349913762097,0.004621370619937515,-1014.0333184028902
0.7928904381682462,0.016197489321641882,-1012.8150945713851
0.7059288235743149,0.01905073805812918,-1014.2293386150756
0.9113602123681271,0.01140785756209162,-1018.9527787748443
2.3299132345548808,1.0638812619733225e-4,-1014.9780679764784
1.6561061306948608,0.003231982974960365,-1016.1840816238354
1.0207212035653317,0.013748986593673561,-1013.9939660782293
0.9510736192507099,0.013266120457744859,-1012.5172052385496
0.6040383746805368,0.019440479191296517,-1014.5354033285472
0.562670783204927,0.020348585663883548,-1015.1593691202966
1.217615358068775,0.009067700786191119,-1012.8831275654185
0.9348473152148039,0.014084410955866038,-1012.5775637725089
1.048634545729135,0.01182543562923299,-1012.4308720782636
0.534537660813653,0.02304699320738062,-1015.2453212204139
1.4723053740229068,0.006797147950596822,-1012.7820865808367
0.8651041043213464,0.014611297721163154,-1012.7059944612786
1.2229709324891576,0.010567256062564477,-1013.1155108460532
1.0525155384127582,0.011808117538174684,-1012.4165202760042
1.6418922812597798,0.005099998739713986,-1013.1289771528078
0.5323467283751285,0.02287513031354859,-1014.9272284854871
1.1896491816638428,0.010052747268217206,-1012.4217811566308
1.519511260342343,0.006222764653372978,-1012.8941677114993
0.47544627496080255,0.0242883810281857,-1015.3726029771386
1.7011404993309502,0.005353592982431217,-1013.6317182790355
1.8191855629458142,0.003262180807625149,-1013.6828555827683
0.9015670565602799,0.013523683649473383,-1013.0941087649707
1.078912242392754,0.01152553336235908,-1012.3908809246501
1.4043915776184446,0.008383258490903746,-1013.2008584024736
0.6457130916120897,0.01857999913652928,-1014.0290184456838
1.7242133531861135,0.005544539799589159,-1014.3068621815058
0.8782245619601915,0.014761231053222893,-1012.5860340368008
0.944680778598531,0.012969691509608089,-1012.8384323260368
0.7025598752406211,0.018132218985319186,-1013.199959104996
1.0359139400163782,0.013015060379882397,-1012.979194796166
0.6489120175271313,0.019863571813152573,-1013.8581573876694
0.43090369843986914,0.02535814211031743,-1015.9313375936091
0.8024508808831329,0.01640908210629727,-1012.8901215278796
0.46799268965769103,0.02401329484016362,-1015.3498185918141
0.6725223696045667,0.01866346288106857,-1013.3649032513489
1.347599031013269,0.009469940278655414,-1013.97568365516
1.0873021925980701,0.011220333116015732,-1012.4491838427846
2.029368287692586,0.0030552992600901482,-1015.076828643237
1.228234336237439,0.010447592992844071,-1013.0356709192087
1.1370919411572904,0.012042229024665558,-1013.797327904147
1.435851016664555,0.008058799652299305,-1013.2681435081969
1.1015552624193141,0.011551159485536847,-1012.4462944412995
0.7799749594716531,0.016653573238201647,-1012.881850853237
1.1413626396408607,0.011105874136590333,-1012.505359305693
0.8274830506529944,0.01448782470056623,-1013.8095455782295
0.7720737276731667,0.016796103402421655,-1012.9078241889115
1.7370644363111925,0.003594959891231601,-1013.8764648354147
0.7857414911362134,0.014800573100722091,-1015.0317056566299
0.9148413933780055,0.014396848579039183,-1012.6001297646035
0.9852037287697916,0.012972687522485033,-1012.4288357571933
1.2544512939734314,0.00830075723232335,-1013.3950102164604
1.0947117197535319,0.011279746937650246,-1012.3947735021925
1.6195506242163025,0.005998001229675572,-1013.3366751069933
1.2334588817824463,0.009208592183990933,-1012.5733340288498
1.7832500440488772,0.004660568073318099,-1013.8565486387042
0.8738278227310314,0.01487894306424668,-1012.6009970089916
1.1781775611689231,0.011647350172929703,-1014.1623428594804
1.0766219554140202,0.013478705276784417,-1015.577858292376
1.0259030942916496,0.011352966111396332,-1013.3090593144776
1.7126642666010727,0.004567088310836245,-1013.2719761647511
1.0994197710916107,0.010857231136169826,-1012.5772081795277
1.2317786825147894,0.010626493501436464,-1013.4166059397862
0.9297536771434772,0.011375906237147407,-1017.752683750626
1.0831321713977071,0.011669906465572493,-1012.3986958096364
1.327129127467141,0.008666720933360005,-1012.5838125450839
1.4208965480219995,0.007667184792825417,-1012.7336982793902
1.4711991540800067,0.0070466840791950395,-1012.7881625848512
1.7415350750591583,0.004238104673701335,-1013.3489682251557
1.5228718424134884,0.00652297349503874,-1012.883577789619
1.2687835963050627,0.009212402424511582,-1012.4854780449143
1.0934790636634517,0.010143338882346175,-1013.7801053778419
1.7385710332164581,0.004302703295767052,-1013.3359467366005
1.046979547720685,0.011856986637669577,-1012.4285660663593
1.3607413803665591,0.0074173557523458875,-1013.0003929758184
0.7511421871297186,0.01808946285235851,-1013.9605678083623
0.9648478526867673,0.013479792809825461,-1012.4810633131011
1.2396899345149621,0.007930550753439172,-1014.6164193928361
1.0262647286187856,0.01226158444515066,-1012.4093854129906
1.1788197720345988,0.01046191405504384,-1012.4447532225267
1.809572786640181,0.00348124967749811,-1013.5735500634376
1.7731313894986207,0.0037216758829538054,-1013.5229033266556
1.1502671830205653,0.010360992035487598,-1012.4651967194385
