r0,ba1,lp__
2.312420520947472,0.0074587660536671796,-80.79570683505483
3.5371947180100802,-3.9860701242903484e-4,-79.29503595120461
4.8567017515868205,-0.0093845599351789,-79.86381108630052
4.813275968906578,-0.007000880928027286,-79.31692863231964
3.4075299149742757,-0.002402969802299562,-79.62723644919096
3.416029634105227,-0.003268405512104485,-79.86194088516393
2.8384056412741594,0.006696725925954035,-80.87225356212079
5.609173041893032,-0.013543742211556159,-80.91091411796602
2.464911112784289,0.006845688247224363,-80.58983677881855
4.343967086557183,-0.004104835050328601,-79.15940788732264
3.3420082337828054,-0.008902390524429257,-83.4743551894581
5.764455059961515,-0.01529492431229639,-81.70041986735743
6.188210212157793,-0.009803908974227983,-79.9641062520152
7.771370547898897,-0.01731685060128376,-81.7892651020075
3.3026511705726587,-0.0010914672631633503,-79.5251155759151
3.55777496539693,-0.005711829486196905,-80.53276482724353
4.561329780411216,-0.004723566893254199,-79.1931979655239
2.724410932933425,0.002406887947541538,-80.02599356094866
3.058445654000695,0.003304407073209201,-79.79398306739382
3.234058460436172,0.0018584505251696833,-79.54885770350374
4.451214368365941,-0.004140459708829818,-79.18325790391668
4.395508028463792,-0.002453888283357567,-79.39445960236334
2.5017981286995457,0.004848570859564746,-80.30284459181891
4.7201941247145465,-9.373023653908107e-4,-80.61984696737485
4.56854566510348,-0.008703895481361988,-79.9221847982362
3.749173555962253,-0.0044842515467308506,-79.6284446944646
6.481343886275694,-0.009970939559259108,-80.22798749532502
3.4644965999050337,-0.005744060777625291,-80.81978940218418
6.846061707304209,-0.009603139538627115,-80.77792586592119
6.327526579158629,-0.011994799395443224,-80.16550915607279
3.8102661250215606,-0.0019170763499131375,-79.1950961736272
3.840562749936636,0.003681383637193664,-81.50530163407615
5.133356590375593,-0.007907895947082683,-79.40922290145592
4.495944011880231,-2.832930398666408e-4,-80.48098272530072
4.259473285112722,-2.0582511118720503e-4,-80.01261302901436
3.7026634301720613,-3.4428978666798836e-4,-79.3140401696266
6.190387972527227,-0.006168253789794641,-80.96093021085473
4.610950787146266,-0.006497526829942051,-79.29578643011584
4.090845353573734,6.457859748635665e-4,-80.10924304839777
4.34008602377584,-0.007478405069106286,-79.75816446296889
3.731370112313205,-0.0028631190947391322,-79.29588867673198
5.278209677893089,-0.0013677681159822326,-81.88081329748171
3.8552887264624482,-5.1689869901523806e-5,-79.4791929620846
4.603377330566859,-0.009042401420379615,-80.01183413816042
3.4119298606792383,0.0013854217685718533,-79.5079164453729
4.096809100793893,-0.004155174576992704,-79.20516586697974
3.856655083673632,5.832969550392283e-4,-79.68562961356865
6.835560249043489,-0.0072466656823053695,-81.79858990505134
7.391197258687762,-0.011743286345693467,-81.06109599431747
3.242469092681632,-0.004946441440602336,-81.11426672336374
5.190726632905105,-0.009474185957939167,-79.67580564413342
3.249641316856528,5.5950150692249834e-5,-79.46164948730275
5.842359644585221,-0.004045874485859422,-81.42559064850863
3.50668956427734,-0.004301164610229018,-80.03427624950253
3.6326297795321802,-5.196963416268009e-4,-79.27890008081279
3.685202003303941,0.0015995044690731261,-79.83744115463065
3.762140057228304,-0.0030737698109804044,-79.29797360840605
4.130139322751718,-0.003756485591475633,-79.16261013470773
4.630496512197925,-0.009231467170446345,-80.05409080670215
3.6210551734247702,5.773581957336815e-4,-79.44674535901946
3.9608733619679355,-0.0026090396291139793,-79.16721900321738
4.126593997598308,-0.0017893309806554744,-79.30140886272862
3.6606201069438975,-8.810569099514713e-4,-79.25152425378452
3.7400004973185625,-0.002599283372506435,-79.25750352799777
3.714509707938642,-0.0032147351314904243,-79.36875794604127
4.526247402679798,-0.0032007894944646605,-79.35389290555773
4.465697052574587,0.0011982367009951871,-81.46491197398447
3.2349180519711216,0.005361451208647729,-80.95872901905044
3.55578896848455,-0.002651729054339584,-79.45527155281896
4.419516325171826,-0.008802769934276871,-80.17257209118789
3.442628922612466,1.7769648098944356e-5,-79.3387847993151
6.975450902205987,-0.013588064241576724,-80.65688716276168
4.6087000984538875,6.612747490551685e-4,-81.47341832693814
3.4731606182499615,0.00306866529398378,-80.1513438761583
4.757539192818402,-0.003699252790301802,-79.48119229913215
3.610985667401395,-0.005272384060059842,-80.19198828724086
5.222137883827152,-0.001926577595527414,-81.26710289267311
4.298043121768049,-0.0021218021586692,-79.37694103976752
4.372054714070303,-0.004475227956082023,-79.16321599988218
4.813275968906578,-0.007000880928027286,-79.31692863231964
3.7548244762328022,-0.003463669738069444,-79.37054522505368
4.1513171589320725,-0.0102647608044417,-81.55268521735107
4.14234882161036,-7.36864510275883e-4,-79.60046742759401
4.869027149838392,-0.006478859991991431,-79.27405768955389
6.551566009836498,-0.006938810242655215,-81.3308788246286
3.6668320450238605,-0.0018733610895497752,-79.2482029771904
5.218319990236635,-0.009496699670718377,-79.67119905050687
5.759518467337645,-0.00423777256901136,-81.08894581026227
3.4521452034618845,-6.77767011657562e-4,-79.3289318795245
4.308842650525607,-8.949944822931048e-4,-79.78983727816605
3.747345307405952,-0.0016823185400429831,-79.21062179255993
2.913618564981306,0.00739893726261524,-81.50690135241035
7.231360332034077,-0.019093948782045657,-82.67514794253646
4.632534194142205,-0.0016367249044059325,-80.03898731168073
4.774152491875816,-0.002965791695097711,-79.72702877018303
4.517571060970999,-8.834894299563113e-4,-80.18737704724242
4.675166146281114,-0.004787670937938335,-79.23629776888056
4.560029935664398,-0.0039738414035843045,-79.25186941496645
2.985621578998534,6.409636385932118e-5,-79.87118939350935
2.9845162570569603,-0.001835968197949511,-80.471000929595
4.695068249250369,-0.0051625672356579635,-79.2236545430938
3.2830007242833252,-0.004083374066016918,-80.53248235247275
4.577311940138148,-0.0021651084823497667,-79.71777427122429
2.859658187002486,5.697765297120374e-5,-80.18235997293904
2.1283539634124145,4.624435871373343e-4,-83.61100593940401
4.948178145580921,-0.004881017541903565,-79.4261797264701
6.790772147861781,-0.012338399407069173,-80.4259374241978
4.342251088109617,-0.0078016932450990645,-79.87367352391442
3.541122398370762,-7.433568667278515e-4,-79.28343774789968
4.89349430860376,-0.0027115538202835796,-80.03301500037882
4.321830067478658,-0.006828131759525992,-79.56945199797796
2.481656753937295,0.003430850958439027,-80.46285017934099
3.694680009744182,-0.0017426984422029223,-79.22870145927752
2.9813131462447124,4.8675265733557e-4,-79.79825231322262
4.817488923477909,-0.008073057457187506,-79.5079818644705
2.921517895646532,-8.911502873086571e-4,-80.30752172139795
3.3958518088129264,-0.004716002631819552,-80.50061570584792
5.323690517414094,-0.005114619841040124,-79.82605946969309
5.474899527210529,-0.01461708723561933,-81.67321820026471
3.4481566746052117,0.0024699676834976625,-79.8544341366163
5.063948743326385,-0.010450658681390806,-80.06561703985582
4.880822941484472,-0.004640274179344288,-79.40586453944007
5.050897427141593,-0.009295720802363718,-79.69423296551945
8.823666951699813,-0.018434652606694274,-82.54145805422998
3.7104973459705515,-0.0014096994283161915,-79.22297149135758
5.138535512209638,-0.012931009978756753,-81.16579177911169
3.1500913454212287,5.543787533264468e-4,-79.53612649970762
3.51664693177009,-1.8217670970127392e-4,-79.31120268735397
2.782536208134529,7.196714836025728e-4,-80.21236820091906
4.209099523950152,-0.007569868012764303,-79.98235545894059
3.4117583655718797,-0.0018108870786964818,-79.49313802819583
3.0642449508400165,0.0031211091342688924,-79.75561635271673
3.6108330343929897,-0.002770141590327937,-79.40759811248769
6.524023770262135,-0.013136473000660641,-80.42414374960306
4.325673785069999,-0.0014443455744168044,-79.60687971505436
2.6567555305744017,0.001455611221705283,-80.38230494616131
4.335262897234928,-0.004718121037792151,-79.17631061440106
3.045853775420678,-0.009681599802780595,-85.79487582928155
4.686565487231576,-0.0033206378747570224,-79.49636703102132
2.5258597493590713,0.0018727061010558516,-80.69659896076304
4.871023529601059,-0.0011312126648002764,-80.877637787832
2.8853234854269294,0.007042792883516107,-81.18350491582895
3.9444964289844036,-0.003842578756148258,-79.259205477512
4.350889017014807,-0.009314328395651106,-80.53762705889889
3.5339057270858167,2.60154728267065e-5,-79.32754438131649
1.6916059042134546,0.011716818795496613,-82.5037679677522
3.48252584323561,-0.003434485692103921,-79.77933146442697
3.2802905192945606,6.573526066874049e-4,-79.4287951763356
3.4247286340993046,-0.0031738384077934947,-79.81299028802763
2.282495766988165,0.006804273300181027,-80.7431367983959
3.5714815089224645,-0.003532773423901186,-79.64479438557845
4.533138752052056,-0.007442231108926052,-79.54204216949337
4.892588101715249,-0.004701238077762838,-79.40587246463441
2.663185588285557,0.0013063261673207209,-80.40341022458004
5.363134391680885,-0.0053635857719623245,-79.80701166972945
4.240650084715931,-0.0023145219325243467,-79.2869459435693
5.469821560812499,-0.010966918512417404,-79.97245668437671
1.9590098845671802,0.012225427260296295,-82.44780253740971
2.9027237027508073,0.0013914531926122902,-79.81100329409242
5.410341678315996,-0.005767163184516051,-79.75894192625903
4.686708805799825,-0.0018814749576557062,-80.02663417480909
4.230696886414753,-1.7744962297754129e-4,-79.97175931332286
3.009669409638334,0.002391272545742283,-79.66428603584151
2.662429477329148,0.002886095820083921,-80.09888974887758
3.116625961485634,-0.002669030584711775,-80.40460829426063
4.24473201364017,-0.006771507616967324,-79.64066935901532
4.259461911474996,0.001696377989651596,-81.2225645900035
3.3598066518680745,1.5672238388355362e-4,-79.37640955970895
4.479312580521487,-9.83547064706232e-4,-80.05824934020524
5.924412327688873,-0.005563878764981755,-80.71141590291813
3.4018133009757,-0.003197635970203282,-79.86888886933201
2.9626995927344595,0.004629733754878479,-80.11773073355945
3.3219078847851367,-0.003228891734431529,-80.06415977770966
6.1876304094356005,-0.004863235175738943,-81.7604840728787
9.750670028473628,-0.014834181684681815,-84.01771796016857
3.897043647249138,-0.004309327463832646,-79.38598607357265
4.398851401250645,-0.005709471658235072,-79.26199977398107
3.253999482585879,0.0016389856527225055,-79.51739581723112
5.480617321930539,-0.005122278546398968,-80.07023401702249
5.134294912531714,-0.009562690805337542,-79.72390346740792
3.4641838410513,0.0022323460936677832,-79.78644733105821
4.557856027913745,-0.002707397346194019,-79.51088611817447
4.9665993719842545,-0.008200857061071865,-79.47279633921897
3.7829007544707083,-0.0032299224017436744,-79.30230787520823
3.336835535293642,9.294052712672466e-4,-79.42778561870325
6.15384155351501,-0.010338271838318158,-79.93526082714399
5.819115479686471,-0.012542494966666885,-80.33581372725435
5.428971416621416,-0.00529114184690737,-79.9269914387775
2.6860772455440682,-5.53562559434062e-4,-81.00322138868155
2.8995782070302587,0.0023024615726872613,-79.75591785461525
4.513467834549248,-0.007197350575210541,-79.4928983365113
2.3701092884576465,0.0050059829431180845,-80.56350703719832
3.445673746216459,-0.003982556339981071,-80.05234871343313
3.509297924107084,5.963837743106198e-5,-79.33085558164805
3.480393861869764,-0.003001091756180225,-79.65537052837932
4.256289108691474,-0.0019614222254662477,-79.37472337269065
3.3479657613980796,6.305209732668075e-4,-79.4007516791302
3.4054884573782287,2.053941897872105e-4,-79.3590842090055
4.753770623562222,-0.0067337955951723115,-79.29333072131708
3.48252584323561,-0.003434485692103921,-79.77933146442697
2.938479373881029,0.0011313411691566849,-79.78068156505292
4.946387383456283,-0.0016240377987751728,-80.744334019345
3.2018361042019547,0.0022889595649917324,-79.61834330296334
6.007285467019628,-0.01390052776294046,-80.76696323707411
3.195088972035291,-0.00227727745566717,-80.038020586708
3.4966656264043454,5.450708847068652e-4,-79.38741491997084
6.05324881605853,-0.011958516398547734,-80.11576227765188
5.169108076537303,-0.008440531196374923,-79.47607880273733
2.805510320924305,-1.5825833877911396e-4,-80.41199380068059
5.210092097693676,-0.008248404595358074,-79.45117314211069
4.9663265877795135,-0.005025268862842373,-79.41780978346944
4.338520480312221,-0.007866219996191484,-79.90376368691979
2.7464255690298787,0.0021078902134875578,-80.01883483948733
5.840672841862829,-0.00911029675329697,-79.72824356168455
5.049511106743638,-0.0030701020834839445,-80.16463359358988
3.5244024569940136,8.619779991106703e-4,-79.45281236075722
4.7007998401882105,-0.005017508926469618,-79.23316874686682
10.79546722775871,-0.013285206715737002,-87.40051968961833
3.9160448000219246,-0.0032167257140208617,-79.20560020055024
3.2072223156219417,0.0018422913062097661,-79.54667637448773
3.645445968682505,1.8502442785425137e-4,-79.37953323509694
5.598924132188874,-0.015051488681810136,-81.76705505049932
3.322707314572747,0.004949565084393043,-80.91101985567268
3.5100202518152357,-0.0029744888701009934,-79.59753123117613
2.736158971066548,0.0026471992333445982,-79.97949493835999
3.9395881997850433,-0.0010852102017026286,-79.3069793953174
3.4649071776497546,5.311947797486689e-4,-79.38074842286017
5.635353772415086,-0.009886970939908118,-79.7022426168216
4.369933515259786,-0.003852354708737354,-79.17285710198976
4.15163564941801,-0.0012882412237057044,-79.44107338298254
5.710937707425481,-0.006788537410210788,-79.89471998307572
5.380838325961986,-0.006336469235522496,-79.59969744919604
6.239505537881652,-0.010881897083429695,-80.008481019842435
5.186940391003507,-0.011133509784805795,-80.2229785140896
3.4690388256365936,0.0012900840149462247,-79.51590276312591
3.17718075670801,-0.0010362803089748233,-79.72453703708914
3.8551328201157125,-4.780513051789256e-4,-79.37291093409196
4.102675605172372,-0.003374134569608972,-79.15528234855691
4.004877836207776,-0.0032557269095251154,-79.17157462982614
3.9480756890897353,-0.002716647696518656,-79.16941875303336
3.372036489556021,2.535313107306779e-4,-79.37322806468264
5.025221548574879,-0.010508672242587709,-80.12490039214848
4.093683491683917,-0.00876583314800023,-80.78840095445295
4.399478927862969,-0.006418675243907771,-79.39317979855535
4.5079629928177685,-0.00311084334096162,-79.35561744882541
3.642716416025474,-8.41588298439939e-6,-79.34470561374346
3.719467489186933,7.186826742493794e-4,-79.566853773385
3.4863266805193085,-0.0025115699236110955,-79.52486321044951
2.469965141285191,0.005867895146188792,-80.41006852925855
3.966547633982313,-0.005531758069776613,-79.61942206228821
4.2623760592901245,-0.003166511507011549,-79.18441611664561
5.042804344862511,-0.007516319030076468,-79.36472511052777
6.519371692164515,-0.007612239433671618,-80.93282048065073
3.824596930155825,-0.0010327885120061874,-79.25941888727489
3.9886849377815676,-0.009039571289962193,-81.21269482784739
6.577874601157928,-0.011149903435161984,-80.24213467978778
3.160433642779813,0.0018861418324958217,-79.558902282983
4.655446097645948,-0.002470712280604508,-79.72497238427968
3.5447905800636414,-0.0018923499852520084,-79.34583075113736
2.893971018072162,-0.0012827587433020034,-80.54314285235847
2.6668495889565964,0.0021480261618260048,-80.19657310531602
4.6387242758650205,-0.006995851435237863,-79.36869040942588
3.747345307405952,-0.0016823185400429831,-79.21062179255993
2.77950652699018,-9.175777365912659e-4,-80.79743503186933
3.7889599582662976,-6.225449991102375e-4,-79.30561875150482
4.897846090287463,-0.004030453231399388,-79.56333605763503
5.178541556766576,-0.009755801365208741,-79.75530491289052
9.383489086701639,-0.01869420691507478,-83.00571183709133
4.421806759406901,-0.005232586126173978,-79.19882475850642
5.024742798028949,-0.0041962494053116185,-79.6834065928687
4.609457774204683,-0.00211294330192419,-79.7891387708623
3.8043850582212144,4.878386234139473e-4,-79.58722348863225
7.678845487111502,-0.01972835487951189,-82.83337516333638
7.861967752011108,-0.016552435257021575,-81.61216469573161
3.7158766737988476,-0.0033053402684073475,-79.38417909610594
2.975330763175883,0.0021057661676485476,-79.6772356687344
4.7929063820670255,-0.007374375384273363,-79.37655818476776
4.822871841115132,-0.0013141023293936692,-80.63512896063489
2.902861463604217,0.001252844032649355,-79.82818082926046
2.3050715745908557,0.003023947933258997,-81.20535651173716
5.763939900301441,-0.013427250588569237,-80.72202829753614
4.508112320574023,-0.0023804969239506124,-79.54563941031236
5.86175781301514,-0.011200991670367953,-79.94858588893399
3.5307760529643266,-0.0019365556963703184,-79.36587804224496
3.721792924860766,-0.004811140866239786,-79.78021223349246
5.338945609610481,-0.013858092508438917,-81.41020608565742
3.5132903006292713,-0.0032844578144657346,-79.67608357968982
3.130301657080641,0.003920470088117732,-80.02502059571876
4.960903394421794,-0.014367267197797922,-82.43162878407256
4.859542650186301,-0.012324518474451034,-81.27237676233844
4.327559934936845,-0.007171125813740032,-79.66951290970671
3.510807051601421,-7.853099618798957e-5,-79.31924092949005
5.851798311261339,-0.006222235789525389,-80.28506047355852
6.020765514164149,-0.007509223838537461,-80.13333338478948
3.940591956835453,-0.0017178215801094561,-79.21512171006295
2.8077216110886636,0.005922966918544836,-80.45449880320622
2.718847704497234,0.0024638506495840333,-80.03058434870033
4.205343114587736,-0.0015206204788738421,-79.43516363251456
4.887799103659682,-0.007111530287661383,-79.3227302354369
2.76616614162786,0.0020665788009985547,-79.98369504961411
4.184031208154701,0.001087839205401217,-80.57645147289
3.941576669640819,3.1313034494577914e-4,-79.70287641925022
4.695068249250369,-0.0051625672356579635,-79.2236545430938
3.851229431379648,-0.0036226162495681096,-79.3020709710778
3.177394406339706,0.002000285755139121,-79.57012436346325
7.947760068992054,-0.009914703807767891,-82.76374707370758
4.5405491968084695,-0.008320869942345014,-79.81335129922974
4.184031208154701,0.001087839205401217,-80.57645147289
2.4496989232208666,-0.0020159526175291664,-83.09042522147688
3.479894931337221,7.174283384729725e-4,-79.40978198678391
5.759137454451977,-0.009227463337296345,-79.68283848259004
3.7655659975562683,-0.0010685522488058556,-79.2410955964751
5.035821817567996,-0.013843461079842101,-81.91081627445368
5.749467705816727,-0.009966456310567463,-79.73367906991083
4.083615904336748,-0.008430927511128691,-80.62950304049777
4.655972299733277,-0.011015731666591436,-80.88198736556495
4.541724592057983,-0.006795322870656576,-79.38000190578823
3.9302799809472644,-0.0033944629827264918,-79.21428764455372
3.269024241901247,0.002306243835869337,-79.6455272396385
5.58533073253019,-0.0062909646983739746,-79.85439552533391
2.822125596655466,0.0035407598343769634,-79.87472669272678
3.0220936265207023,0.004816601694061346,-80.25075860304945
4.305365751368431,-0.00915230859448322,-80.54219909851645
3.429538147477377,-9.324079023598861e-4,-79.35970790771232
3.2560607661962693,-0.004765161206285392,-80.96605711137906
3.7993178082535146,-0.0024878586827077036,-79.21213203628707
4.821008910654166,-2.2304012172468402e-4,-81.41044190487649
4.600640320217379,-0.008632366731661416,-79.85720283518833
3.819377077302036,-0.003908525204640918,-79.38711084210269
4.886994090457158,-0.013242231502626899,-81.8023533008514
3.199310907304573,0.00249595293358614,-79.65950309310185
4.9663265877795135,-0.005025268862842373,-79.41780978346944
4.762360880689468,-0.005949040642447361,-79.2373734497645
3.149977550500605,0.004466736830757151,-80.27687415405478
3.5925373810169403,-0.001954674233150327,-79.30853807400389
4.0849042920062075,0.002166856700904508,-81.06057308079316
4.740617397761846,-0.00735475252025976,-79.39199107440658
4.041496103967613,-0.0015541999728269805,-79.28623139480803
4.593981275470983,-0.005302919549700932,-79.19649548411613
3.5435509318529017,1.9726095706341066e-4,-79.34822700492843
3.9111342479170745,8.509765340195182e-4,-79.87601578589215
6.065340213760188,-0.009644832692213775,-79.87418037358358
5.351870207015744,-0.007183087611110836,-79.47492811126052
4.825863779919061,-0.010288119971712441,-80.25605036163977
3.229615438367751,0.005195924721230546,-80.83695659172886
3.0795484743183885,0.0018658445744864096,-79.59054010267434
3.5687446204861746,-0.008288270747142045,-82.05166594989161
3.66810564149023,-0.0032853497754438852,-79.43827986812826
3.7667128526507243,5.069472222355527e-4,-79.55180365497776
6.174336310271507,-0.0120329217921298,-80.13979831798848
5.414978398168182,-0.015029403017803915,-82.02965345436402
4.948704562915588,-0.004867144501936202,-79.42923437433463
2.3322473894237636,0.005450161217765463,-80.62684293182795
2.9287846099339228,0.003755699576371994,-79.86924420646294
3.160433642779813,0.0018861418324958217,-79.558902282983
4.045030133270124,-0.004813576064559157,-79.34355008540018
4.869027149838392,-0.006478859991991431,-79.27405768955389
5.120091400588542,-0.006447200218247071,-79.37138147721757
3.3430093773072884,8.456577737924065e-4,-79.4189227952692
1.8288262294872781,0.01072560097030585,-82.02723267946999
3.631838242064217,-0.0022910665306326485,-79.31160332006377
5.960167706488063,-0.010559098491572999,-79.86076317030557
4.780810917494472,-0.006932344987248063,-79.31336496031302
4.771909930044012,-0.00466808348187748,-79.30922487568778
5.03885718607491,-0.0077413169666057545,-79.38852728821514
4.298862920139239,-0.009401894288898666,-80.68673937431227
5.092023245536781,-0.00597435347443863,-79.39149297232017
8.385733116587412,-0.013830827645143283,-82.04335401489656
4.552289096981654,-0.007374189135080296,-79.50813807254353
5.087130371430591,-0.006052006116885179,-79.3801866853217
4.6935342092723555,-0.004370993031504959,-79.29155824211995
3.2232536668178904,-0.0024181136103989653,-80.01654326734464
4.476440337526259,-0.0030602119575196393,-79.33710201368868
3.6653263016411293,0.0011472609242029492,-79.64433927911737
2.1645082230645736,0.002203883433692952,-82.30430112979842
4.529563018456118,-0.011576419520834751,-81.47421776436346
3.4082569474923674,0.0010699500891433022,-79.44907626778465
5.010840661265918,-0.011231137547999525,-80.45466016044733
5.967911579583902,-0.0085607111857951175,-79.86672925039922
5.283166262657482,-0.010108350965612085,-79.80452307588885
5.04263799631739,-0.004457368052977742,-79.63109816175782
8.765931429983665,-0.01334097593068671,-82.78799404400168
3.9305054629265186,-0.0032131702087433048,-79.19803574305985
3.074168199369751,0.0011798080549293504,-79.5886383150423
3.9545401167723364,-0.0030279771004261867,-79.17678682331636
4.477355548960068,-0.008444454780607954,-79.93826369314543
4.789123109695256,-0.004820183398002187,-79.30236893942751
3.6168821906785906,-0.0023341483343744408,-79.33126675448503
4.645005299926589,-0.007151354159084177,-79.39616558067709
2.5723431432561408,0.006239629072541358,-80.42753934929299
5.120367379178265,-0.009936727720050928,-79.84238229603909
3.04271399636547,0.002758755199292743,-79.6920017023768
6.239440148019537,-0.014761412183537671,-81.01032758326468
6.090985187929955,-0.010693779625723758,-79.92299740759667
3.857516503034628,-0.009808427264570537,-82.11992913869665
4.1457600621896376,-0.0034068904004536677,-79.15281801245133
3.795176208926836,-0.0036589123929531234,-79.3638428112554
3.7186965766801583,-0.007173176218744219,-80.85987202255913
3.9058048012475335,-0.0017623624054575364,-79.2027084283252
4.839054828769692,-0.007573720146928949,-79.39659593315264
4.055949403286791,9.506612744015477e-5,-79.78954891679413
5.047980519708283,-0.003130674627207455,-80.13307732391323
4.376997012019463,-0.0035808930632764647,-79.19473611384986
4.604432274436105,-0.008994953689361967,-79.99145066018957
4.222954255278907,-2.157980894989999e-5,-80.03263939231923
4.942765297149228,-0.007186588430088741,-79.32953298944132
3.1749516803407474,8.480112406497983e-4,-79.50124352196065
1.992598541518135,0.011641373432691813,-82.19015305395402
2.9778412597080455,0.0018025263648742732,-79.67568955780415
4.264768648637787,-0.007446194634770921,-79.84874679900825
4.352613594659519,-0.002860963723112502,-79.27318062889711
3.312981058280682,-0.004756145664881018,-80.77238068315143
3.5332198632494154,7.255315420835952e-4,-79.42987780148711
5.0768676071056635,-0.004971509544550035,-79.543044955047435
3.4977107163489523,4.061738195760481e-4,-79.36848332661698
3.381714029714092,5.188332648792867e-4,-79.38460562204251
3.5620922046293853,-8.908840270915874e-4,-79.27416886122633
3.399153033346802,-2.397301487162026e-4,-79.35323930905389
3.4333422135588685,9.124617645797726e-4,-79.4295467160439
2.6002343374428154,0.0018554051035300095,-80.45103254658856
4.224630040932125,-0.003962125196508815,-79.15584368336029
7.844304792813259,-0.013454257274013047,-81.38943522777386
5.3759162887719905,-0.010621983571072167,-79.91096864014919
3.7500321655969597,-9.227224259889131e-4,-79.25299513978992
2.118104915928211,0.00938784750007278,-81.36951568460121
6.957894070610715,-0.01442318237776372,-80.80622479206423
5.787318456250694,-0.012708744438146083,-80.41161973329663
5.829173630157498,-0.007629882847328257,-79.85926955610756
3.7960558424542867,0.0033147503623218227,-81.0718542277128
3.990680517818121,-0.005068824305285661,-79.45800051516164
4.867646073066796,-0.009817589247807484,-80.01265141203655
3.02436925374471,0.001275625209754191,-79.64124568241904
3.1538391796066874,-4.430437010404897e-4,-79.64852016065639
3.013398122297113,0.002976087023901935,-79.72849306999565
4.049009322369489,-7.955451838943999e-4,-79.46887300056167
4.267568255570575,-0.003445076655813257,-79.166448525418
4.0021261060115165,-0.004631853003899051,-79.34663310719662
4.349254048482574,-2.981879039214092e-4,-80.14500762473926
2.9495590396040394,0.004798859782375851,-80.16550754022764
4.987198556433184,-0.014150022020149422,-82.21954932149008
3.4034277516309444,-0.0013955823143658227,-79.43700217196381
3.9886849377815676,-0.009039571289962193,-81.21269482784739
3.7592432997657292,-0.010991078529727605,-83.39622273850682
5.495772310000596,-0.013866530311952832,-81.20561705375978
5.172830675357075,-0.01492393743881319,-82.39294901017533
3.6423571802110537,-2.9764271039079077e-4,-79.30361555234116
5.5361561078450405,-0.006859018488128615,-79.6721984502066
5.304652297035637,-0.0038784299260142276,-80.28073972482836
4.633998329398213,-0.008842637886645589,-79.89688697834306
3.0078032869077083,0.0012609074194872482,-79.6631371919201
4.419103474271824,-0.00654125975596058,-79.40624582988396
3.0539953662302666,3.3953619381393786e-4,-79.69149453176146
4.178757649385827,-0.007438569111550202,-79.97815327527705
3.4488868780511557,-0.006772966936357866,-81.47387524600474
6.043569933830922,-0.010785612104425801,-79.91372549687848
6.660471459773699,-0.009948188453857231,-80.4396120014536
4.841048354691592,-0.008051302392870094,-79.4911066465963
4.090265183173467,-0.008449069049080986,-80.6242626798286
4.399139622623268,-0.0074716653476408395,-79.684335944398
2.9575870598235436,-0.003164243897321304,-81.20275879064329
5.47806967110339,-0.00484823558558831,-80.17454874731281
6.223221114322145,-0.009382059894608183,-80.02740431181533
5.677809139875793,-0.00990279131412099,-79.71073614685017
3.513682661921301,-5.382476583460571e-4,-79.29680425004157
4.068997967425789,-0.0025159534314124748,-79.17752413475846
5.751161778555486,-0.00940815999344713,-79.68681484872529
3.442065017727004,-5.956474354600856e-4,-79.33307340568253
6.0581052802353526,-0.006964399518661291,-80.36153575760919
5.9859285538917195,-0.007379576153950053,-80.11887571928722
5.137469198620193,-0.01567861864350418,-83.03002573537695
3.5151982176884333,3.290937775897061e-5,-79.32821677755547
6.228075568134547,-0.00983837771188464,-79.99567616134877
3.0580223252444827,0.004587602987467544,-80.20103441596889
5.530814858738836,-0.0066678296011805655,-79.70115221660792
3.7125188273830907,-0.0022246451873461706,-79.24327214709949
4.206456548989852,-0.003716134813665382,-79.15262502427863
5.5042645122337674,-0.011679086343111338,-80.19192481779514
2.8703937919622495,0.002410898087299485,-79.78909572350041
5.319808828855963,-0.012027595993283671,-80.47877634046644
4.083672983437865,-0.005973444654581474,-79.59535117784382
4.215141377965134,-0.006072628689011553,-79.47097890668067
4.669603963484836,-0.008122426768987221,-79.62104231183342
3.211403967086729,-0.003912253444232208,-80.67380750502362
4.731500180796416,-7.045365815392737e-4,-80.800782853233855
3.910079263470926,-0.002275412624563328,-79.17648516999293
1.7175430136533485,0.011269064806472365,-82.38156517600996
3.849822946543548,-0.001835816835495815,-79.19361807659126
4.728948266516959,-0.0031225935532922513,-79.60859010200629
3.197771553136053,-9.689858546800701e-4,-79.67187221578166
3.4515142031579074,-5.670876269771989e-4,-79.32655146109404
5.899590343575601,-0.006515610651657979,-80.25785569449413
4.102776973065107,-0.002643134575224147,-79.17626229739201
6.611377757623306,-0.007555582235169229,-81.14021415516852
3.627747864409218,-0.005282294229242559,-80.15696442151737
6.622225078663879,-0.012646367062263953,-80.36634484876109
4.839584038850778,-0.0066133541317677505,-79.27838987093325
4.661534495143828,-0.0010269209409528549,-80.42505947437057
4.280348099217789,-0.006591798062615928,-79.54515149089347
2.889985134874553,0.007080772245056193,-81.2200644328849
4.089479620332521,-0.001499441981519051,-79.33172934447886
4.5634864888168885,-0.01045358435866274,-80.741487110507
5.603746741936365,-0.011116568574963338,-79.96619555569595
2.974219654706361,-2.9786698895809146e-4,-79.98324912461551
2.794930642512785,0.004374300243925618,-79.99807709200448
3.6089682088498285,-0.001678238469835189,-79.27274375071839
4.621207153346829,-0.003986566186072562,-79.29300273115678
6.9290878266048415,-0.013246035537032562,-80.58885912589403
3.4462950575645834,-0.0025567470500395166,-79.5990187324709
3.456312858031874,-7.417212941290409e-4,-79.32833618895582
3.55165101220218,-0.005285054608310975,-80.34426202150735
4.122312845214369,-0.0030761336636790457,-79.15722068013291
5.140296671033803,-0.010055664126705928,-79.86726709368861
2.537298926064738,0.002377413529415254,-80.51678054723517
2.649081604975592,0.004147757594126819,-80.07716462359754
5.265089268317819,-0.009479926603086686,-79.65285224533302
4.350132928263657,-0.00422638087594501,-79.15945346407302
4.077189394553704,-0.002632929773098352,-79.17139348802901
2.9446607530061684,2.2382991947142352e-4,-79.92626565701536
3.824494222252969,-0.0018613470900408304,-79.1942540051121
3.0432249145730994,0.003903125653682204,-79.94439625077345
4.233009939370115,-7.479764271993208e-4,-79.72780389074163
4.318256522030642,-8.747155522747354e-4,-79.81398258512759
3.0013095780567105,0.005899070814086292,-80.74764979454183
4.8532093045189875,-0.00393597094736817,-79.5335215949279
4.010956602384816,-0.0030095026504883297,-79.16225227948054
3.789112606092501,-0.0033576955948109452,-79.31657500950921
4.585496418304857,-0.005166690057441416,-79.19330398886126
5.683455937650766,-0.011066210252606984,-79.93350877421389
5.535375645621854,-0.009217690136108004,-79.60227614379895
4.097307017419649,0.0011335662378621268,-80.39498056767584
2.6039414652589654,0.0064417569020853785,-80.49024724997822
3.84152518051847,0.0017047414943712094,-80.15954712151468
2.445506614374234,0.003532464313926964,-80.55007118598272
3.9223839203227047,-0.006130552893220851,-79.89889539953252
3.0719740160217,0.0027149616817570806,-79.6822072181387
4.056931845139443,-0.0020261871145552234,-79.22222446052105
4.377141560903151,-0.0039026633127255306,-79.17238179349059
2.631706931275184,0.0028567045630793052,-80.16866235066978
5.553164388682995,-0.010682862122048525,-79.86492020325889
4.739613709776463,-0.011876410606834215,-81.22568818940127
2.804101291643036,0.0030076527364489482,-79.86566742769395
3.2254989760083155,-0.0020629899497536974,-79.89607011480574
3.150959436274771,-1.0399852179025261e-4,-79.60052059567687
4.307207903696028,0.0033850156492655327,-83.00975405380616
5.027380947867108,-0.011510303427099647,-80.56724746545957
2.2966636169925128,0.008306050891507587,-81.00913643739825
4.86039739792952,-0.008058514301811214,-79.4837368701106
6.876124557270976,-0.009069532559362733,-80.99939696219717
2.681888596984419,0.0013526829277367477,-80.33406838397536
4.381360396871646,-0.0039886744981351835,-79.16959875816062
6.697831463465714,-0.013775355243350839,-80.59932543284935
2.9069143422774095,-0.003580944860250964,-81.65662950687685
3.516253825977414,-0.001477341084495209,-79.3285031693259
3.660710129386795,-0.0012776047228249402,-79.23744495719603
9.70759290785819,-0.01090097177145332,-86.60280943083382
4.114910454286192,-0.006976976447314509,-79.89831298335336
3.444509661563075,0.0013443700555501193,-79.51466644064162
5.187235473564989,-0.009152715432469554,-79.6025269764875
4.807550137153916,-0.006681271295010553,-79.28329676808576
3.889141064512141,-0.0057513357379072524,-79.81545103548434
2.9157888954464246,0.0016583325205528614,-79.76364287770382
5.540987495071959,-0.01593049407693896,-82.43581405654999
5.781230137484299,-0.010235203014623398,-79.77432573296885
6.2530857613842885,-0.010364256946329468,-80.00109337922682
5.680444424329015,-0.007658107562278609,-79.69855882014946
3.943126995179158,-0.00507329785426474,-79.51764183331902
3.1201232250731303,0.006804639129788963,-81.69284730538166
4.76155458234532,-0.005479260953792926,-79.2380473803709
3.3890107942520102,-9.797893847468698e-4,-79.40295862252601
4.814556832763252,-0.00977712663877836,-80.05404172902689
4.884019304794455,-0.008843647947154086,-79.669251839063
3.101309226315985,-0.004049392218599431,-81.12981704638324
3.181994782738241,0.0016234328697022876,-79.52703964091229
5.642826194096761,-0.003796579020131208,-81.08279185012638
3.9177892559346237,-0.003128891864895888,-79.19765247865604
3.410807351228583,-0.0012442082548707236,-79.40862732923321
2.6861677137544953,0.00231309275227628,-80.12163480591285
6.9113618936851555,-0.010875067571581673,-80.59637729172941
4.081759058139696,5.36855903691348e-4,-80.03615256711512
3.6640721863660417,-0.0026729811733585463,-79.33234217405078
3.0722475459009684,7.879095587048986e-4,-79.61364540324831
4.017192878441944,-0.003188709361811759,-79.16549172648844
5.328220224022531,-0.00963348735771998,-79.67103737389633
2.844679821645252,0.003929767335410048,-79.91126652047936
3.1346238777506925,9.241490415748393e-4,-79.53568578752208
2.543911876010242,0.004939737690373499,-80.24534136290063
4.885096574214627,-0.0063463931700514925,-79.27304615358592
3.149538673986554,0.0011182616897063835,-79.5207557098115
6.171478196315347,-0.00869353759852535,-80.06704551413105
5.009081448933351,-0.0066113339616860785,-79.31365990868944
3.5819876220474924,0.0012645570484154304,-79.59475955044076
4.783101935627091,-0.0072686330051697345,-79.36188231162606
4.139017752672563,-0.004590240828324979,-79.23588344643521
3.5605477277792574,0.004242375191911157,-81.07082077464769
3.9593399300194005,2.3107822861946495e-4,-79.69714824087811
3.8792720791388353,-0.0013380112378140545,-79.23915047467138
4.11472968399801,-0.003975902694997294,-79.18087792708535
4.035619410374983,-0.005023283275312668,-79.39781828734448
2.9358431172235924,0.0033106288112553666,-79.79366091173505
6.908131528157573,-0.01002937199458953,-80.75745588608622
2.8692169997705226,3.7384612463157367e-4,-80.07122575353829
3.791023816808554,-0.0013419067205803748,-79.22098341026904
2.414989838113606,0.005778498076141213,-80.47006838254816
2.9478790793033025,0.003419201708015403,-79.80766493933642
5.366933675227652,-0.010858570997006298,-79.98975598748822
2.494436436977703,0.005189947011357988,-80.32440573380056
2.789481295865266,0.005884139344482099,-80.420322396765485
2.7634200926985515,0.002119890049014584,-79.9824332817078
2.5958570159624315,7.128040353647476e-4,-80.8355975331842
4.805650223408961,-0.009870611401069793,-80.10220404154506
2.624525041265806,0.002482021644439704,-80.24370177494902
4.724112601820069,-0.008301178039232136,-79.6293189918309
3.4510284631801436,0.0013238504476461356,-79.51356209588712
6.048770383579199,-0.015530643539185691,-81.53074762205047
2.961573050126011,0.007566819256336872,-81.786319776945
2.889961533544556,0.0038363510205925684,-79.88643447275415
3.4601898301124137,8.298621782186211e-4,-79.42272499841872
2.5254294635699055,0.002502243834482613,-80.52393041668905
5.384596278910237,-0.007330422437783949,-79.48823949820043
4.363817947820035,-0.006759268733266371,-79.50750003581496
3.101075944066886,0.0039218711083377315,-79.99647920833178
6.14784118503967,-0.011059075608604446,-79.98157299663757
5.2519060717590715,-0.010011383700730717,-79.79161300457632
2.543038412378758,0.004148016674522966,-80.24118643157283
3.4434090021245947,0.0015823176982079613,-79.57010949782517
4.2896045750979805,-0.003374944026385188,-79.17749473243026
2.692011377831215,0.0042885497991058666,-80.04150666856559
4.508664934188013,-0.0015991445338302563,-79.83090361733375
3.411715388392608,-0.0013677184198759307,-79.42321901468543
4.30092426136695,-0.009284073321563554,-80.61972635736208
6.236269145532365,-0.011531673704616805,-80.07014914303217
4.072113521421113,-0.003969373574990278,-79.19781675961663
5.984696869588889,-0.008695501286578047,-79.86779945558082
6.960888104660322,-0.017627012585827648,-82.01456325675807
3.2102461013298687,0.004766375852046983,-80.53719454926222
10.40693941989609,-0.025517697465616555,-85.8462414261375
5.446011770573072,-0.0065350480269743315,-79.63312528018578
4.473296676076378,-2.645300632390606e-4,-80.43858977242444
2.8609882351142253,0.0012034387172776113,-79.91709181223787
4.874135847304672,-0.005697293618997389,-79.27809905492133
5.1847461024831345,-0.006362913928324663,-79.42118955400298
3.2228906532469095,0.0024782711586018467,-79.66452218047422
3.6486055790041965,7.506154620034804e-4,-79.50962923300932
6.781877348226673,-0.013787093706618812,-80.62044747736017
6.275708754573097,-0.006947226979835482,-80.75878456241222
3.150350607833069,-0.00013468443257501329,-79.6057001079865
4.5379750049465235,-0.0057029269988343265,-79.21931221035959
5.510793336459769,-0.006886087786824884,-79.6414866622071
2.6074713692280578,0.007029212652890481,-80.7010454901016
4.349909612931737,-0.0033857396099051997,-79.20098602132654
3.390700140115452,-0.001077870173069804,-79.41162083956864
4.380113232604163,-0.0012018946319961262,-79.78068032393405
3.8446098158365354,1.2609693987000433e-4,-79.51942195791278
3.0721324592014123,-1.584723316975737e-4,-79.74231021947726
4.730543097720253,-0.005356106366022488,-79.23022453411312
4.80951284012769,-0.00589637276114267,-79.24789391978938
3.055564785645117,0.0012465516070961622,-79.60631914099542
3.7218920869686185,4.870779840977597e-4,-79.50230552655812
2.0723426624874617,0.007067683231106814,-81.24486440810975
3.301325238963394,-0.0038750392136357135,-80.38325073265534
5.2669084425316015,-0.0038678576296983123,-80.21206602566745
4.638828730191893,-0.00248117489826711,-79.69572937913054
5.844650133180163,-0.00854551638585908,-79.75560425296916
3.235718869241147,-0.002463143720559515,-80.00150712724003
5.001432721948217,-0.011110736964984923,-80.4102265469991
3.5806071803988018,-2.3852716657850413e-4,-79.30294390450612
4.0612805222547665,-0.0026466658275876246,-79.16800673323235
6.62584010586893,-0.014709273742247009,-80.86538225099005
3.331152892535014,-0.008846822004005122,-83.47974346313059
5.0441760938221005,-0.007898846973835917,-79.40823725569054
4.458665100255532,-0.004788782541209496,-79.17317556119198
5.648369897046907,-0.01081168382248632,-79.87767364064577
3.727443646785316,-0.008025172200308999,-81.3390568001003
4.581689799335443,-0.0023188276903900323,-79.66836928925154
4.503304849548197,-0.007115521480157556,-79.48000497159346
7.1390165742344545,-0.014165285063394118,-80.82170242410776
3.2111946741815647,-0.0028743743449771396,-80.21576783928346
4.287400189936321,-0.0017397523263149644,-79.46540852013479
4.146107252291157,-0.003756202630780839,-79.15941052343867
3.543958124386471,4.530212517960574e-4,-79.38562959249082
4.063108911230115,-0.004700211984327875,-79.30615723293336
3.074743713429815,0.0039445833654686915,-79.98092601830487
5.8952434548944765,-0.014198130283512193,-80.97742587731534
5.7492058294939,-0.012058854185947387,-80.20081471649323
5.507229710536973,-0.01106110222759701,-79.9849383513745
3.6137972205483466,0.0024103815686334538,-80.08224588648156
3.196438901256433,0.004912537171963846,-80.59080571057243
3.9557705729265993,6.698341690596459e-4,-79.87105817246919
5.238928475754037,-0.006762011271980697,-79.42655570280183
2.945705935365733,3.906349694594636e-4,-79.88849476207409
4.525050797859081,-0.00491404982279762,-79.18201485903828
5.614726252478452,-0.004622950014620727,-80.54335754548104
5.4583412319664335,-0.011281674586484536,-80.07946458778098
4.375586634751757,-0.00565881131268211,-79.2652621476693
4.278347114145212,-0.006710278730503092,-79.58216103217815
5.925283384901438,-0.010359222911979118,-79.82789276069705
7.07085515765642,-0.01295781862113242,-80.65415896016374
3.2268453467437954,0.0015164947378236086,-79.50534276959146
4.462413513488149,-0.0028470156972746057,-79.36945586562439
3.6535546706878037,-0.004870490054423583,-79.9339771253938
3.852336183849092,-0.00395344911161564,-79.36041854817344
5.11564064875373,-0.006248660528113476,-79.38255563487724
3.7396492335406277,-0.001590065595327316,-79.21348135337139
4.050914211830016,-0.004584479210718199,-79.29529999296386
5.9932804375667,-0.008237952534801049,-79.93950144132619
4.084592428855368,-0.005194961581194894,-79.38773673962206
4.38886883988778,-0.006992406173413305,-79.54815771578424
2.6631878805249283,0.0033720774738302747,-80.06034087806836
4.234397439379402,-0.005153378827843894,-79.26287431959872
4.6940622652565205,-0.003271192472723613,-79.51900783680365
4.237815094631632,-7.816336490658049e-4,-79.72203897761844
4.00281770311278,-0.005440459362227706,-79.54300115473181
5.2884948051109015,-0.005747548297641318,-79.6137144846972
6.397044855623653,-0.014330891602873116,-80.77554603029913
4.44755819476914,-0.004984306062751609,-79.17936747919664
2.6393349631837317,0.008479994601171999,-81.51965280862414
4.834115456234178,-0.006972266218592096,-79.31117916093777
3.981613712830637,-0.004705597060988187,-79.38238223107338
5.316603300750674,-0.006158623448864487,-79.56451166545354
6.149097021827671,-0.010552404854746927,-79.9411817533018
4.941516774795027,-0.008003585691588036,-79.44310044105796
4.17073140844269,-2.4282224245853433e-4,-79.83534370509275
4.958339301736942,-0.00763054105403747,-79.38007415977212
4.052523766262263,-0.0021345948308145483,-79.20749992390948
4.735069803788261,-0.004825686934378924,-79.26631307740288
5.125440500810955,-0.007610087692127588,-79.38211215661589
2.690291497615054,-8.141152167798248e-4,-81.10605817500169
4.152019362930684,-0.005553814065244304,-79.4049476639464
4.375896348232869,-0.007677081967953348,-79.78283808388908
5.194306414672214,-0.005978605441149603,-79.47546362674296
2.4126723615215093,0.005378096223017488,-80.46069521862273
2.5980855459853327,0.001096274489885056,-80.68818766958611
3.5239373195696317,0.002810150972233539,-80.11574756240326
4.744234308361696,-0.00898012060788292,-79.82911709934783
2.6743758491557816,0.0027758619776523503,-80.08615042205349
2.880383282948988,0.004787398508823966,-80.11141541422332
3.490118372356727,-0.007466429852238324,-81.77646315477784
4.191922420441284,-7.917997030722768e-4,-79.6498045319231
3.919300736269164,0.004704949613543748,-82.79723087967196
5.062191849220109,-0.008608007958032425,-79.52458379973069
2.9311863813073478,0.003179561109769029,-79.77812707970432
4.693682999644365,-0.004147043907752211,-79.32518338779337
4.899497744215446,-0.005289152139261888,-79.32591915562412
3.3016553872501553,0.003937642961608006,-80.27512718028397
1.9562477196429633,0.006707870801483556,-81.76381607622704
2.908802112316637,0.0034626600707848626,-79.82292596746697
4.016602292416978,-0.005050628307923583,-79.42432548063482
2.690049294643118,0.002699246780463383,-80.06248304726337
4.908158411570941,-0.008219490065550285,-79.49802014485286
2.7340418814419754,0.003702775774674665,-79.962219903945
3.5262773983453215,-0.008077482970124816,-82.06171738540381
3.482544874381757,0.0022171982223271255,-79.80285327141578
3.026785091830621,0.004547168666492758,-80.14893654614885
3.284258693628043,3.098821746974319e-5,-79.43052488940859
3.2637460384483763,0.0010225292241094783,-79.45331346842516
3.9547785595673526,-0.001373216378227168,-79.26617775250749
5.8977503062653485,-0.008370148094019824,-79.82064456880795
2.845331464058365,0.004171543919557726,-79.95286303507838
4.412085231521375,-0.002171885807909895,-79.4879704319306
3.0839922342175403,-1.6173530517626933e-4,-79.72097115913282
3.93220267218197,-0.001689372790261689,-79.21567277576749
3.056539644228061,0.001273455865914683,-79.60428935394042
2.5013720173734573,0.004515052740186778,-80.30648641617678
2.5903522248876985,7.087485907733075e-4,-80.85867370070682
4.033005862788512,-0.004841928188918023,-79.36061929438993
6.472700273854714,-0.012501943199503353,-80.2905449220391
5.157499683244419,-0.0033646238502034543,-80.23617935374288
4.053137380718443,-0.003954389124393743,-79.20548737042014
4.015356076653779,-2.300650165355171e-4,-79.6069620404304
4.952929031704266,-0.012383364089841446,-81.14449709383817
6.731030408422165,-0.010288332120632356,-80.46887337800554
3.0156788928815605,0.0033953058161136553,-79.80404602255373
2.298952478026614,0.009513322115927422,-81.47806908267158
4.025339049294069,-8.696038745188716e-4,-79.42428721186397
2.866867781901337,0.004496801312487383,-80.02588093126381
4.176587689244833,-0.005874610251311519,-79.45922743365104
4.816577200819929,-0.004767617878789587,-79.32964579821959
2.3448451658176452,0.009051727079204524,-81.31240881900665
5.537212802388676,-0.0036928644077571077,-80.8903898814001
3.2773350606690457,0.002888304872465077,-79.81409266404032
4.209494932603506,-0.0027388540531134227,-79.20512852996227
2.523817049718261,0.004661089898715297,-80.26553840668849
3.3254179791447807,-9.451280077456168e-4,-79.4727042252987
5.601456216666215,-0.005330469676682997,-80.19723555162467
4.653493951907406,-0.00502256399794852,-79.21351773713174
3.281238916460761,0.002754229689533297,-79.77528487325509
5.478104267751916,-0.004670282111872648,-80.25080571632235
3.4907413716038134,0.0032051142024414263,-80.25235597322418
3.2621778569813755,0.004419101689921065,-80.45082896814543
2.679147043900276,0.005055027431852028,-80.15169089906041
3.8570583703637173,-6.425782886733415e-4,-79.33972486560614
1.9562477196429633,0.006707870801483556,-81.76381607622704
3.682182108508813,-0.008452776031978157,-81.76381288892739
3.9474480242316203,-0.0027422198158926366,-79.16990232721182
4.075856127414961,-0.0033271423147860054,-79.15791318058204
3.4783060335720952,-0.0011040541800853175,-79.33091682058499
4.09440433100579,-1.7757465372761035e-4,-79.73910151782835
3.5521853460709623,-0.0020419705953116413,-79.3574911147452
3.4363401360376065,0.0012357820914644293,-79.48800216592531
2.4748307088801664,0.002823512251857577,-80.60995631421518
4.340341316479157,-0.008238131003927337,-80.05183060285893
5.162858657484912,-0.005680103584929645,-79.49326246798081
3.658462652860888,-6.682714044700819e-4,-79.26697193139299
4.74825692727781,-0.00522660234667419,-79.24304089241562
6.182543165907199,-0.015067236566768281,-81.18511946066745
5.118827398946967,-0.007069772902043171,-79.35679817575696
2.6283026175803657,0.004083845757006219,-80.10262799659532
4.5805389797161,-0.010803920669196701,-80.90317984941397
3.347783068979614,0.0027718885411419153,-79.84607228384519
5.170068843277764,-0.0021155133927392013,-80.99199722429296
3.310877958853854,0.0030083106880583466,-79.88972364313712
5.503182336901087,-0.007178470966148235,-79.59385137052281
3.6624110768879254,-0.0027299309610924233,-79.34267018564567
7.063247390535972,-0.011489529604747438,-80.693617425272
4.513222056056833,-0.00921835799221581,-80.21327751658477
3.291929645332247,0.002731502740270073,-79.77739985224008
5.794406062783226,-0.007935512430127675,-79.77356408868326
3.21700348345272,1.0152810193985069e-4,-79.49285026257856
2.7818796142024356,4.755659214375177e-4,-80.2825968253328
5.944654143481249,-0.007746448692707758,-79.97467583955499
4.3984604750772265,-0.004206126940880684,-79.16645827288373
3.4448077813720563,7.099187215529202e-4,-79.40192929533703
5.041050521101658,-0.0074347763003656695,-79.35733733031802
3.4411029888509104,-0.0030602650639684785,-79.74523781235881
6.592902259673235,-0.00834400629756528,-80.77293180325938
5.19893607733153,-0.015330230298587023,-82.63583621877501
4.9051120302471976,-0.0012795490171930775,-80.86630452010708
6.61263506058734,-0.00624961940119507,-81.89594655506006
3.1619723588581348,7.66913190415531e-4,-79.51432106224618
3.782270386211261,0.0011735853667233609,-79.80826781711836
5.4696639250892645,-0.010290762568600705,-79.78856303290168
4.156926637172866,-3.6682917433552426e-6,-79.91785497967518
9.517007327966331,-0.018645791095373777,-83.1214043455023
5.778659650900521,-0.007509663632691933,-79.82355084597965
4.198561876554945,-0.006375092867739103,-79.57386974535459
3.6954190674366476,-0.005504717308972278,-80.09859830018794
3.672363138801705,-0.0014075958962218517,-79.23302590765164
5.2230543852955265,-0.008923875100214853,-79.54955163307709
9.38933233078323,-0.013394704227622529,-83.96617854485757
2.5253293219798816,0.005401203876048116,-80.3031111470556
3.3264904965064335,-0.0012805817063012421,-79.52199235692852
3.0811556836756795,-0.003266939758488567,-80.79354443633528
4.237885991989745,-0.0016258435346427078,-79.44171990774782
4.436755363900883,-0.01243312952321679,-82.29072613372611
7.041689276857046,-0.011222290585746331,-80.7026976324875
6.284215969331787,-0.0034550096025169315,-83.25582925555152
4.0830038049296675,-0.007845826338823636,-80.33487825911541
3.908392588154951,-9.706869350361099e-4,-79.30891308141526
6.093229651363076,-0.013852662864307147,-80.70266787021066
4.144327217012194,-0.005590077358043132,-79.42106224616577
3.218946654445556,0.0020393374577059595,-79.57659986098611
4.42366633897095,-0.003987500870562791,-79.18259171943592
4.635335513852928,-0.0062650070661150505,-79.25932487714417
4.546387972972,-0.005500744944995753,-79.20301283315017
3.9831838835125124,-0.00795533002497147,-80.60762925883144
6.58608215738512,-0.011593094724475872,-80.2538359708054
5.90765726827006,-0.01014787277071521,-79.80181779156091
5.60395842126579,-0.004655333745945032,-80.50484835504477
3.7587240260229455,3.339881036519864e-4,-79.49398199377177
4.1829015150443665,-0.0031729229390178434,-79.16164218358632
5.271929992170314,-0.008063318008895622,-79.44349922867585
4.9166902150228955,-0.007377668571853065,-79.35148017747096
4.188631828639445,-0.0027070459067228044,-79.19941430027974
3.7721819876669627,-0.0030909384374427605,-79.29153236822681
4.4133285848815325,-0.0023388577961870414,-79.44292441755776
5.844727169932827,-0.010596382037440604,-79.8376982782364
4.899570841787751,-0.00782825241931956,-79.42348295962526
4.51001876781655,-0.006341265708767886,-79.31123852460625
4.952283525252634,-0.010089816978302553,-80.0323200654376
3.471860898143968,0.0010761254985723443,-79.47143673194732
3.7745767751873083,0.0022968991030121563,-80.34340773773478
4.372977758715829,-0.0048587755125951764,-79.17938622860481
7.325229564877707,-0.011403497213158769,-81.03701885018677
4.003811203321189,-7.439819693940981e-4,-79.43640678027883
3.951832393157695,-0.003775038803031933,-79.24469478877825
2.9284588250615453,0.004945519534590511,-80.19907239668738
3.937940718485984,8.338044017278233e-4,-79.91390455300176
4.919853530030982,-0.0060120580751285325,-79.28653266079098
4.005683338694892,-0.003238063532575993,-79.17051101239316
4.17704489765832,-0.003886983430281441,-79.15927411269291
2.54396489610183,0.0036301446599993088,-80.27697742255859
3.820178285000926,-0.0060855479832359,-80.07778073554593
3.5565480386886086,9.899681854156378e-4,-79.5003771938957
5.723534277009387,-0.010110210169648588,-79.74664412729089
6.323969142672925,-0.013806756804201245,-80.60985205761145
4.8135157457491475,-0.00790862882956558,-79.47266530338428
3.2705923816989753,-2.7677796796234566e-4,-79.46428162841148
4.882501155932195,-0.007838743477130606,-79.430711816696
2.6845328080194535,0.002147294742038026,-80.15281368939364
3.00224333100259,0.0014709961573622376,-79.65843787274679
2.0604406466688463,0.009100995073320697,-81.36105830249056
3.955520086650817,-0.008249777803221158,-80.8348231856732
3.886007471897635,-0.0054267698096916485,-79.70765213793484
3.5468073904453403,-0.001342711535679014,-79.29468739803889
5.78401739180285,-0.007798694246415226,-79.78215085563447
6.766802508225834,-0.011813542302750201,-80.39087958918748
5.108196134820919,-0.009317368211897143,-79.6710240185176
4.021138298576882,3.665654798731508e-4,-79.84794750254524
6.6272872323430585,-0.008715780277503003,-80.70225072467497
3.083060156704459,-0.002143961924098267,-80.29221856390276
3.946498304270822,-0.0013113566509967483,-79.2716973021137
4.9235707204471675,-0.01019650141439933,-80.10363061775354
6.102134856112728,-0.009123716157916215,-79.93594560552916
5.683455937650766,-0.011066210252606984,-79.93350877421389
4.895877258122068,-0.010072262185557734,-80.08318990436752
4.021138298576882,3.665654798731508e-4,-79.84794750254524
3.1286139595795284,2.0805261874036517e-4,-79.59380072278978
5.446011770573072,-0.0065350480269743315,-79.63312528018578
3.1056450869650685,0.003640515607523249,-79.90841912410305
4.29854075921618,-0.002356452511367349,-79.32513098143569
3.6600443867196355,5.693584047138981e-4,-79.47224048274771
4.242201313558807,-0.0057681316203972545,-79.37283672118389
4.637282784161845,-0.0028593329253056095,-79.56724200742238
5.918003743105271,-0.008410253042425198,-79.83561354962028
3.7863102864877543,-0.0060724973263367584,-80.14371225017406
5.556017184163495,-0.0072599013895122,-79.63197913306527
4.879536754197022,-0.002660466004471789,-80.03013767882406
4.858345969622906,-0.007532015811186191,-79.38408312436965
5.413422201834204,-0.008427036489264602,-79.50533390809264
2.814238207545976,0.0041336473716430955,-79.95239597939803
3.0108482382506168,0.006207604644802239,-80.95210889074393
4.202866302615882,-0.0041907562260813155,-79.16975272730207
5.517236558197881,-0.007671006597267627,-79.5602116975715
6.104455895656425,-0.01011912046551558,-79.89974462762184
7.07245958247112,-0.015869504732147575,-81.2337878129259
4.839923292609869,-0.005219715223115951,-79.29331880711614
5.832663485014746,-0.010661916448489642,-79.84623221081462
3.876710970269399,-6.130071940314577e-4,-79.35924650862573
5.250294099731289,-0.01082436696939589,-80.052716459909675
2.583678958120336,2.479620521971351e-4,-81.0751411772357
4.8622011462696,-0.0066437749547592784,-79.28209685234792
5.065013214173339,-0.003939084096061082,-79.82888524260858
5.004914119285087,-0.009439130011568465,-79.7641000601202
4.073816121246715,-0.0053030324550573035,-79.42383084478413
7.2097167401529205,-0.013709409114388152,-80.80356830947215
2.692538099392421,0.0059400025588415995,-80.37036513241155
9.242803973047453,-0.01881102440559329,-82.90622664202084
2.844679821645252,0.003929767335410048,-79.91126652047936
6.244001821051746,-0.009176139048135707,-80.07405432771522
4.586225234321833,-0.004042863188860589,-79.26023805780973
4.096864585404093,-0.0039506632405930915,-79.18552498627602
3.7672732774784827,3.410468795768921e-4,-79.50395542503537
3.633070561162985,-0.0055105405725175876,-80.24448291101935
3.1546724387150626,-0.0014588521577293622,-79.87824897831457
3.8267210368838653,-0.0027102652981989563,-79.21267568247146
5.749653817698682,-0.015180525144278586,-81.65018127157562
3.7305711086462026,-0.0035740460425609313,-79.42115578556812
4.4529348084120715,-0.005017511469006023,-79.18070440727828
2.318796824248264,0.003698765265458027,-80.94498124116103
4.928384966937953,-0.004504928144514894,-79.48197480968841
3.4628356044626867,-0.009205806465631112,-83.17263578049433
2.727120697984534,0.002592656318828411,-80.00092433590704
4.547390386631253,-0.0054940957748988595,-79.2025463676356
3.7948625207500095,-0.0012958775935296067,-79.22489848216989
4.456652078140691,-0.007372205259488653,-79.59203662284169
3.540674125702471,8.569910588091026e-4,-79.46027627810246
4.071284163171202,-0.004017958159513798,-79.2031070988304
3.516664079776146,-0.0020932956587966897,-79.40472782324848
4.5934310567575265,-0.006272727491484189,-79.26991669633529
3.2877142237341794,0.0015096680186766137,-79.49987313938686
3.074370657569606,-2.8481055959150305e-4,-79.76268166857662
3.897898068855768,-0.0039039773486349116,-79.3069895115774
4.23710128196897,-0.0024748333562926842,-79.25682053166535
2.6922388694145796,-0.0036332040903942044,-82.77370710189948
4.117010003222853,-0.004464042231395543,-79.23153778047616
2.841620031665258,0.0020955547946158804,-79.84464081795193
3.082251216882141,-7.121082930687658e-5,-79.70801669262171
3.198704001766606,0.0012856334682844956,-79.49589787643464
8.131942543154395,-0.015698068621763747,-81.65348881470572
6.336273380377156,-0.011827650134026533,-80.14427401536317
2.410136461784355,0.001861105593488635,-81.1642965240001
7.124745213303121,-0.013891507266190227,-80.77436502018936
3.2445648197775916,-3.924543931138331e-5,-79.47338065238696
3.458172629724782,-0.0028615018840405138,-79.6569077831113
4.757419099827211,-0.005369370525570012,-79.24026794154423
3.5407688132969963,0.00345698284281867,-80.49743996993215
6.610787797672647,-0.011259763434083667,-80.26740580582168
3.708553393527172,0.002151650935236911,-80.12936445341988
4.011736760110893,-0.003365036849790414,-79.17512248674021
4.4115601271509055,-0.005563408865551832,-79.236795794878
4.925114524499875,-0.012700978811658162,-81.38275086737318
3.5510984684570044,0.0017951460926549415,-79.73353537334128
4.4273724175024425,-0.002478106194543972,-79.42195189764848
2.9020126559282224,-0.002377730882370899,-81.0109500011601
4.741926207123998,-0.005873864157269527,-79.23182331261121
2.7149005416028165,0.004461209371756071,-80.0436103861242
5.000193796561361,-0.007259861422990109,-79.33912472276842
4.045363929039613,-0.008606158910225783,-80.81377570683811
7.080671536615738,-0.015156471252166185,-81.01661949843076
2.681888596984419,0.0013526829277367477,-80.33406838397536
2.4197343466535397,0.0075315602461551645,-80.77955323450699
3.6689478947988574,-0.0049190183689840124,-79.92084147749581
3.173704076908176,0.0015113944996843032,-79.52116077493203
3.420548209090196,-0.0016965819368219624,-79.46124917170486
5.377627350538955,-0.009995298435746479,-79.74129005884981
3.829472108436631,-4.5117884240420195e-4,-79.36061252308322
8.083951393250883,-0.011540292202240834,-82.2336334490584
5.368323512699088,-0.011086260568377974,-80.06559585683021
11.763984266828613,-0.020924305604434593,-85.75097787036684
3.401239078524779,-0.0037620545497223305,-80.0731582420515
3.569932751884023,0.004387991098656071,-81.20839217402224
6.525373293322965,-0.011004575062637977,-80.2019488014822
6.706006840526937,-0.012873467146037106,-80.43331241517697
3.4490630073220245,-9.005084083689404e-4,-79.34129236239288
2.8220512996392544,0.002332483392887123,-79.8590979849929
3.8780543192356776,2.288132793317637e-5,-79.52426084756942
3.286101199098158,0.004381456474894813,-80.47818115385242
4.239423230667486,-9.658940657734931e-4,-79.65463943518384
3.395468494713095,7.318746333935472e-4,-79.40233791462703
8.419582879256037,-0.018483791979037437,-82.34448255902353
4.304929141829564,-0.003946796126535636,-79.15665319939349
2.3718115767189523,0.005124222396213419,-80.55173003808515
6.3168198237412945,-0.010283976876716772,-80.05051715301767
4.7160488445688875,-0.009596138782420183,-80.09665322634909
3.524284383465658,-0.0031717126590789222,-79.625467714262
3.7598885729428715,-2.9117378380819547e-4,-79.34953772274045
2.952071106249141,-0.0015312594031213643,-80.45217351487854
5.1562626701572905,-0.008793417935076278,-79.53731026448787
4.4569350179746285,-0.007781686518082998,-79.72162387841384
4.111653911414211,-0.0018523792802721873,-79.27916323809804
5.443407372377468,-0.0027130118212535604,-81.30364653865624
2.570662103016694,0.0026031533232218113,-80.36573246991426
3.7337197945976173,-0.0034952842458285233,-79.40092694837927
6.070539480910992,-0.011749262839781062,-80.07133255951497
6.302666157132523,-0.008932230096487937,-80.1816118208726
7.333785086212375,-0.011515372807406998,-81.02661209715123
4.444710736695441,-0.004356723962407364,-79.17264081813627
3.8597785107747824,-0.0013320984995228422,-79.23394730087159
2.728291727107498,-0.003592020158659199,-82.54511806134822
3.698251908572734,-5.984350904777218e-4,-79.27880860103409
5.209496339120219,-0.00865567419827814,-79.50595856343644
5.090706521153737,-0.004437502841051373,-79.70181191302609
3.691290620424599,6.314218802093018e-4,-79.51436916691021
3.4217093413559763,3.305736082391303e-5,-79.34622561972965
4.8257733354000285,-0.0077333241408942925,-79.43088912998728
4.474706145959588,-0.003984050333779071,-79.20362227705968
1.8719630799726537,0.00977328158172087,-81.82314624669667
3.356862565591216,0.003730324366719922,-80.27044585099046
3.7625893767854817,-0.004979398212284776,-79.7646683591617
2.5130356855169387,-2.2531973387542286e-4,-81.62757767377819
2.893568170081732,0.001461724017839583,-79.81871841845035
4.581222236236991,-0.004581033498707469,-79.20705065245633
3.21603711152505,-0.004147386680606123,-80.77596794156293
2.773540429043279,0.004266396638833353,-79.98724085756022
5.041998592646332,-0.005410961368566153,-79.42387633783328
3.6247220996813323,0.0014600178608609152,-79.70352255915203
3.2801279047879457,-0.00032539195151588016,-79.45801996429826
3.0616559733483237,4.373680649882104e-4,-79.66576794943332
2.9219598592135703,5.235735676300994e-4,-79.91282851432453
3.038092538568232,0.0013134858193311388,-79.62323542917439
3.559294001145285,0.002071153537551048,-79.84702721856685
5.813648042474303,-0.01013311770745333,-79.76940170609645
2.1857406459749753,0.008435667635312748,-81.09426148073725
1.7283628388509733,0.006020013740737065,-83.48374329542067
6.677723758002778,-0.011121043597725618,-80.32810412495427
3.9573112631600873,9.462886640801215e-4,-80.00120410417108
4.929758039150332,-0.0045041783803958235,-79.48364461317456
4.587781575330334,-0.006098707295213635,-79.25016963633887
2.721159783551052,-0.0022604608151735395,-81.73234839658971
6.157602810333349,-0.011774257232260152,-80.08779688765884
4.792473218674003,-0.004744179134448897,-79.31443904081203
4.074898431547394,-0.003627225497051426,-79.17013470064408
4.192005299839614,-0.0037851661697726226,-79.15429208439853
3.0493816222145047,-0.0011715898282350246,-80.04546380624414
3.269770966722089,0.00418809740913166,-80.34386540820826
4.395296908035793,-0.003022366219498869,-79.2774128752614
5.3845672249276,-0.006478609338100598,-79.57961290917045
5.292212181669662,-0.009212923945034491,-79.59257658836648
3.4944260745047235,-0.001094549833862945,-79.31793426226595
4.3723773081717345,-0.0017597912529684746,-79.56450393198358
4.719469636827818,-0.0048503678975443665,-79.25492025216093
5.1804021776971965,-0.010717136518114909,-80.06680035269662
5.18003896234142,-0.005436320732286329,-79.55759130261063
2.5833582296000954,0.0055461850609330975,-80.27813345149028
2.9251277923516854,0.0011892256479316403,-79.7966181677542
4.24621964554121,6.030890283773172e-4,-80.4256127610974
4.26351877876155,-0.0064140652414592944,-79.51286045473856
9.33445609664427,-0.020159906699865754,-83.25730978404142
3.1252311113731253,0.0037516062065281706,-79.96053161843653
1.9262085169875358,0.012882094685803971,-82.76678555385611
4.1835433060886045,-0.004638631103207541,-79.21847858237346
5.799411009173933,-0.010231455069443129,-79.7776989896994
6.838684592059296,-0.010196754255544855,-80.62271538841706
5.091945972485495,-0.01037122520003379,-80.01159153805936
5.304011439009052,-0.008921133729417838,-79.54221318161376
5.5087769415528545,-0.007719129600803064,-79.55129912969197
4.422403514566078,-0.004761107794087737,-79.17117279555296
4.964952759347384,-0.005392436143936818,-79.36213987956555
4.8665676087880385,-0.00618460827617819,-79.26560320036597
3.095575459383664,-0.0014491471203614702,-80.01516868255992
7.42604054594341,-0.013510394811295444,-80.95668509582852
4.4581418184994845,-0.0016289173401294263,-79.73597800515816
3.1718285000865496,0.0019588240266150353,-79.5653378201647
2.8373236514666247,3.058833908618948e-5,-80.25368885800216
5.255904372611555,-0.011780573589423018,-80.43196272459397
3.317219060895796,-0.0027168375888988305,-79.896235989000715
5.81604232462826,-0.0072836935374517905,-79.91383973258615
2.971149545694476,0.006399032945609887,-80.97889029130192
5.29760366884354,-0.009751087220746777,-79.70616568673783
3.909813357308618,-0.0031130597258282613,-79.20030473091597
4.804047807179707,6.818696359049577e-4,-82.147911236767
5.793247700700082,-0.011017588284692818,-79.91081610949752
5.773249074100624,-0.010511273282012092,-79.81450887269072
5.581110243416961,-0.00844615472268639,-79.57703344379169
3.8652993934798974,-0.003594028397319247,-79.28531996131386
6.278728261904689,-0.006732549424352464,-80.8628909786748
3.9464261947874455,-0.0032580496653512626,-79.19400552620516
4.575454507792514,-0.005632488129812708,-79.21003845088612
5.459949202544205,-0.003960527032911585,-80.56074035180214
4.915008402685169,-0.00709924752484454,-79.32091696753872
4.240387343607254,-0.006621754328252331,-79.59906525179147
2.8574371423122558,-3.5234860693953503e-4,-80.31638563995155
3.37400860012762,6.856992765598877e-4,-79.39966463869966
2.804579220087096,0.0014075894483710138,-80.00341712111305
4.596644472275978,-0.0026329806038889536,-79.58376930331201
4.94917734385975,-0.008536629130334074,-79.55163174305588
4.585800620410381,-0.005053494809153875,-79.19319923673201
4.443439898581894,-0.0010497134011284162,-79.95788258154843
5.384620011572897,-0.0025107671784603373,-81.28926511071292
3.084194987151603,5.301684394488615e-4,-79.62132689190351
4.342832261969481,-0.004486225373207675,-79.16396870061105
4.335256029122676,-0.006382167263718757,-79.43612347426476
4.103843880340021,-0.00892420516075134,-80.85328667009175
4.389944425449885,-0.0020385193357775077,-79.50020417582382
4.057942051761379,-0.0025179393022848537,-79.17506278207334
2.734433805782485,0.005924863850204591,-80.38967144269591
4.684698562339682,-0.005045466138636555,-79.22465532022873
3.331691520907938,1.5210027558585585e-4,-79.39231567397373
5.053816653148553,-0.010951850335788913,-80.27944591546841
3.395992907882387,0.0012023364652478125,-79.46809595564864
2.8861298703371476,0.001904584051217051,-79.78986248656157
3.507674861239066,-0.0016801151768457822,-79.35754833574968
4.438804742557156,-0.0028271485204882213,-79.35131852489005
2.3739794265213385,0.005850352332902927,-80.53856913554608
5.76537285451855,-0.011647116246273485,-80.07029480716248
3.7164297683872447,-0.004419302967486322,-79.66204813201645
3.5449744582413345,5.51214330685175e-4,-79.40261251506372
7.039761509106855,-0.010707193179471351,-80.78896161159754
6.336887873782505,-0.005985652059427799,-81.39206180081582
2.3005653041991625,0.0085045883928796355,-81.07140546359135
3.783999008897237,0.003268263316449063,-81.00196697899155
2.0778180237039954,0.007586120357489139,-81.20534874810818
2.6327897817532344,0.00529235510012588,-80.21128831955501
5.102896379284983,-0.016683704348964726,-83.92910646650678
8.210257439392427,-0.018052065550162227,-82.1400132513699
3.0853937388034343,0.00714318871066642,-81.8564855114958
3.5436852727615835,-0.0024882268050493927,-79.43955808037879
2.761297106308925,0.009230750308615218,-82.49782286143945
4.772912196274919,-0.01192757199337029,-81.19356813347288
5.2398963158733824,-0.004395352411170641,-79.94314995962829
3.9225932002430137,-0.001147283838376023,-79.285895705607345
1.6581155736924986,0.012171746538613724,-82.65670318903352
4.363735975640978,-0.0034407667601552843,-79.20198232122999
2.2621815842547104,0.008982500269167481,-81.22760034800612
5.863823693304464,-0.005022701434318272,-80.867162898631
3.90423166132685,-0.0010721022153661278,-79.28859017838963
4.175372544053103,-0.005515958263783333,-79.374820516477
6.266916402562172,-0.011784763696327614,-80.11553760978873
6.075536507752762,-0.006515318213675625,-80.567810374667
8.47829044108945,-0.01767200020383876,-82.1739776840509
4.3723773081717345,-0.0017597912529684746,-79.56450393198358
3.6044218043440095,-0.005653294675431586,-80.38113290251184
4.746654346247749,-0.0047039832663530335,-79.28679327326321
3.8631299318376437,4.156075168355632e-4,-79.634140604641
3.7937029740459045,-0.005784434305841707,-80.00701712457169
5.443753134922215,-0.010720372002314894,-79.91026155865254
4.3723773081717345,-0.0017597912529684746,-79.56450393198358
4.217316311832056,-0.005061660965020703,-79.25872273108243
4.4581418184994845,-0.0016289173401294263,-79.73597800515816
2.561527837338701,0.009984809626478922,-82.41370360043618
5.441804012122573,-0.007301709534057496,-79.53094323427779
5.052205986091882,-0.009056225751800567,-79.63032974651999
5.027236169441669,-0.012920742417424042,-81.33795333497685
2.6998322246121043,-0.00400961109942185,-83.00225259643645
3.6648808433894455,-9.814849236010196e-5,-79.33854458899205
6.241227117966991,-0.01144703567137626,-80.06113942003581
3.2583459747964034,-1.0963115988544886e-4,-79.46395976328587
4.358277554313941,-0.0062509544917002165,-79.38679608587753
5.464434818993905,-0.012635403330680786,-80.61570748610588
2.589334062123805,0.0016214410564354591,-80.55153935976611
5.752549392223629,-0.008670032410078896,-79.67867586339625
2.30825265013563,0.007206658298545502,-80.75580711449113
3.906392895797069,-0.002493928467260232,-79.17538882572474
6.638678027572524,-0.015307181478440315,-81.0815561424522
4.767262586613239,-0.006929289466305726,-79.31546019132166
4.498761387321553,-0.0027803610655197254,-79.42261743735881
4.304929141829564,-0.003946796126535636,-79.15665319939349
3.084194987151603,5.301684394488615e-4,-79.62132689190351
7.237798003867733,-0.011867811577790715,-80.85054939747256
4.840888080419607,-0.007437673549379292,-79.37331163327538
3.2036376080882913,7.985283922271283e-4,-79.47902962762542
3.4328796079164565,0.003207005045331788,-80.14783086893301
2.2031731623493727,0.001968472323090765,-82.18995085749918
5.550179259901646,-0.010023868373654956,-79.72107989963837
8.90524180901688,-0.01704976925768389,-82.43045564891308
4.239509769659084,-0.009125099272533549,-80.66140112774178
4.057483510513182,-0.004649724312984575,-79.30159669636484
4.421715194881828,-0.004851227892840333,-79.17449374548656
5.332714057955035,-0.006610407595658313,-79.51281654001622
4.213936636779295,-0.006471364219215806,-79.58458540596658
4.580785989724491,-0.006141583053344349,-79.25678997832446
3.4261909416373046,-2.886343921684243e-4,-79.33823755817004
3.3153160833501962,0.0012889856562297328,-79.47039033471388
2.25182746533306,0.0067867183317461815,-80.79510872406269
4.777736156031911,-0.002504599384135932,-79.91398504098201
5.047005592830935,-0.007151482313987977,-79.33903915835255
3.4240005620508187,-0.001086241742260326,-79.37783156875562
4.464272830980096,-7.014770544634198e-4,-80.171941272098735
4.349669040829201,-0.005419452546351105,-79.2426568359332
6.396302627672676,-0.012270149719418018,-80.2295741896305
4.01507542724661,-0.004347754671792296,-79.28325603500623
4.123907987999413,-0.00332924735043948,-79.15344492104616
5.904263560820649,-0.007560342947333164,-79.96406758442231
5.689435978922775,-0.008187143658659767,-79.6558731700535
6.04657781297671,-0.00996472184378883,-79.8611738430685
3.395468494713095,7.318746333935472e-4,-79.40233791462703
5.981986016821478,-0.009900046046549194,-79.82201158195754
4.018023501645184,-0.0037698860031089025,-79.20439230655262
4.353790128586071,-0.0028513083251659943,-79.27567837615287
4.447662795740489,-0.001980374571259768,-79.59350714273548
4.242934724906522,-0.005203012933109508,-79.26564603945293
2.502211034470874,0.005175284103791472,-80.3129682802306
4.9224654330540725,-0.005677677132038435,-79.30518954295336
2.5329550576528237,0.006720670560770222,-80.55529357255995
7.147819629308291,-0.012068649102195033,-80.7316053077087
4.982029319284273,-0.009378786187842717,-79.76125846986773
5.261538537638196,-0.005899460893652563,-79.55402058937915
5.45826220713846,-0.013283139529207323,-80.93778707332916
3.1388612452619262,-4.308163799289291e-4,-79.67198379294634
5.706126314813981,-0.009280070389517567,-79.6607833334222
4.47984240209019,-0.0040117722037902575,-79.20365394540941
5.604701450132201,-0.007352529860197937,-79.6659385310103
3.241025067198546,-0.0036696083233141506,-80.46720539598131
1.9704520248293624,0.010163661743817004,-81.68652056463472
2.064880663919101,0.0036778407386374844,-82.20226622857618
3.5779280381602514,0.00504966885154675,-81.78320561044207
5.864012650556026,-0.012495746303931922,-80.3016138294918
3.1638029235990106,1.6773214889694694e-4,-79.55063868735917
3.9182955510784465,-0.0019472066337772181,-79.19089127962062
1.7525931430340531,0.007721040809837911,-82.62398345966213
4.453848027685577,-0.009411522844440268,-80.39994580893841
4.216677699066593,-0.003051632300527885,-79.17787319486408
5.1386225454921055,-0.011931158648719499,-80.63309243975266
4.939115617736568,-0.009730242064366342,-79.91157965606422
2.77929797135826,0.0073256643013681205,-81.1150773291503
5.944323864659209,-0.005811953251707363,-80.63102726419231
2.0427045099862813,0.0029550932242385203,-82.70231332035661
2.13946368184865,0.004415055449141866,-81.51000965124337
2.990032374625899,0.007458780445910298,-81.79317015701274
3.4102940394309704,-0.004623636706809512,-80.4163020765714
3.295287009124987,-0.003819672072844729,-80.37591871233589
7.109408324387787,-0.014009817476195981,-80.78344344700457
4.504807668083352,-0.0122731472617575,-82.00013670256769
4.814774539444696,-0.0037374989020839194,-79.53958734211848
2.729822189322957,-0.003399366188521497,-82.40554958326112
1.7191740131443125,0.01070792911646529,-82.34836638673474
5.39108090853333,-0.011582413546867272,-80.23204192259018
2.4476108878098075,0.00538575909738399,-80.40191235431817
3.6739443040760076,0.0010854058055766,-79.63366656288026
4.963471534020954,-0.006963222497461106,-79.31381730637126
3.6490634893417706,0.0011459761912227255,-79.62593809398173
3.258637193615749,0.0011337915448976859,-79.4628483618314
2.211751197897462,0.00548271352583711,-80.96514149533478
2.686111358333294,0.005382486426266587,-80.2174561807307
2.972286734010671,0.005676415005545837,-80.573737860789
6.990850473208657,-0.012460344034124287,-80.57639605543712
5.235043333327087,-0.012282278568570743,-80.68978260726072
3.1850352671735425,0.0032509698785750706,-79.84942297007353
1.7380168788148584,0.009752667669807294,-82.30532648881551
3.102785557321357,-7.197678230136837e-4,-79.80011476507563
6.300016226047068,-0.010723442775776835,-80.03740114372016
3.745440491840918,-0.00163355574999059,-79.21159901386244
3.416376057606295,-7.839054310961329e-4,-79.36079942219284
5.255689452092361,-0.011699263041401231,-80.39638400262227
5.094843757534833,-0.009377399892259327,-79.69335171238781
2.360713504548456,0.006352384164979974,-80.58952336948866
5.760890944445838,-0.005050672382502636,-80.63063263351819
4.622836446104328,-0.005794640950571337,-79.21897650093662
4.548657875737915,-0.0026958391547206996,-79.50288155716305
3.9617063646630615,-0.005095203618998894,-79.49989408097747
2.948676856786197,3.359860772605903e-4,-79.89332207914329
6.451992893141476,-0.016509586910007656,-81.73074232752346
2.875041491423688,0.006728821295636921,-80.96483555932727
5.362840297953507,-0.008691996024504137,-79.51606432000082
4.329884657681079,-0.005666285034551959,-79.29087013001394
6.714858901589661,-0.012782291049434135,-80.42507044403344
4.63001931674412,-0.00700369407158573,-79.37434934475938
6.907804436214267,-0.016169748546067546,-81.36221804029954
7.912789536786447,-0.016223860322486086,-81.5708955796614
6.152637040026741,-0.013120362309540895,-80.42209322909362
4.344159024510767,-0.004207660184850015,-79.15895441503457
5.386640685904393,-0.009633686364173132,-79.66038714141521
5.35873773334296,-0.008524697431342881,-79.49887330347745
5.736889040976175,-0.010083308606442097,-79.7453931796421
7.155693212312945,-0.01268050910970264,-80.71605274706089
3.72020538306892,-4.663581145394869e-4,-79.30208409338768
5.6488816067880485,-0.01093485479599184,-79.90728864195309
2.5242049683554235,0.0029345498955494344,-80.43252076082312
3.6588972902891657,0.0012294014056343028,-79.66447337325364
5.709305618875423,-0.009406021927573371,-79.66975647435876
4.839429060610826,-0.0013905007573503762,-80.62779829274244
3.2036376080882913,7.985283922271283e-4,-79.47902962762542
6.52020486640303,-0.011002867862795493,-80.19788083058566
4.453804254151112,-0.011414190502445009,-81.54317167504782
2.476091397561913,0.0022856195345556914,-80.7517606037873
4.817414647028943,-0.004377371151380033,-79.39465591519391
4.680524087115637,-2.2810264658547526e-5,-81.14838374344825
3.3461943712788336,0.003393432040562015,-80.09260829785013
3.259130225352184,0.005622434518030815,-81.20861370383291
5.209992142612693,-0.011031110883748921,-80.1618365841136
3.346863260751056,0.004918943597204294,-80.95416235157612
3.307942004896165,-0.0038872126730633287,-80.36985235490675
7.352443424163237,-0.012586878261260436,-80.91016874117933
4.431470594585406,-0.008233332639352477,-79.91735644387268
5.2902743270426456,-0.00857654065168463,-79.49503151718584
5.2398963158733824,-0.004395352411170641,-79.94314995962829
4.9043938503265725,-0.004358632891667966,-79.48864612338096
3.934445870539135,-0.00889282145382141,-81.27116186498323
3.650648309756731,-0.002976570443200606,-79.3980938734484
2.39530911027779,0.0021395093036150614,-81.12400190487845
4.739651365848737,7.292653572835595e-4,-81.96678956618938
4.5123279177941535,-9.70792245080592e-6,-80.69592168876578
3.611448764281115,-0.0020157643248475197,-79.29871843702678
2.346407486982084,0.007224530791377108,-80.72570743524383
5.621528868332245,-0.008101421664131078,-79.61045306428758
4.351399630567079,0.0014926056029442797,-81.34470316542182
1.8864653610744144,0.008158268234619733,-81.82443069455327
5.125214633608339,-0.001876748450318528,-81.03797201517452
5.993287984368783,-0.009725075518136233,-79.8248604619705
4.352242789553346,-0.004791028688136266,-79.1782196989771
5.557937232604658,-0.009199219462215798,-79.60555147348546
3.0367590229398362,0.0033109014366436767,-79.79006350086912
5.196548829975682,-0.005264098218843126,-79.61529272341816
3.2985596435553917,-7.031899744983795e-4,-79.47579190429178
2.7866172637285507,-0.0030131522759610737,-81.86857242495851
4.014480477397144,-0.0038530153724513558,-79.2150886960956
2.9395180675569708,0.0034762773918061455,-79.81822912562208
3.1150903369993905,0.0022142423396526363,-79.60662198922441
5.064531193560851,-0.005517000045489944,-79.42773364977639
5.182529920662186,-0.010300233936717865,-79.91907212029516
4.470430039018672,-0.0084483351346473,-79.94906308546638
4.331449319017404,-0.0018681304662134242,-79.47985439947382
4.699585544872482,-0.006301780268900452,-79.25455442441665
3.2691384700956796,0.0020300095460119042,-79.58542582997367
5.357459648665582,-0.008025604826189138,-79.4672209151988
1.8997252831580929,0.014577843400854558,-83.90781290386633
3.6483222782927887,-0.003219065342270617,-79.44987222108064
2.4459720443870254,0.0056321876364256954,-80.41693828483069
5.922409816476143,-0.008733615500708426,-79.80723925198066
3.5631963543756586,4.521462341282789e-4,-79.39216184941385
5.098684397144492,-0.009541198424982633,-79.73668887343837
4.001301222813608,-0.0036133798339508787,-79.19775547443999
3.214774407280019,-0.007409382094918027,-82.88028332200028
4.243771314454853,-0.0011292154971650247,-79.60265515011397
3.9265479424186243,-0.009593044025588068,-81.74942676712057
3.4520804882590035,2.4428059743803214e-4,-79.35136096086485
4.796972937821476,-0.005602605757509365,-79.247957135221
3.7257651376960674,9.51402001031461e-4,-79.64891032381428
4.944014196850187,-0.008695413853565847,-79.59291413982956
3.629059458373843,-5.479294687330734e-4,-79.27636180686565
2.7326484923497305,0.005539512437797087,-80.26602268316424
8.201764032556854,-0.019893947403816534,-82.82946728798302
2.2764725570623536,0.001811936052381896,-81.84660437988947
2.7814480750069133,-0.007400085729159073,-85.32837361242967
2.661403583365225,0.00312364982797334,-80.07912638654761
3.0050054742165537,0.0027119310509614927,-79.6959826700551
10.022083216119338,-0.01892481714109615,-83.65418151538258
4.001301222813608,-0.0036133798339508787,-79.19775547443999
6.349049477905146,-0.011373294524382026,-80.1005847749707
2.463872495713029,0.0049465846411849805,-80.36792003158686
2.8975463918928437,-0.0012693563850030387,-80.52578226524948
5.461515974833675,-0.006315970341154359,-79.69281728109085
5.233581476915913,-0.009455078544479521,-79.65636372989997
6.032942703075701,-0.013407824793504051,-80.55793251859423
4.395199419905673,-0.004515378869211003,-79.16475184415694
2.554437858640072,0.0043805895868600335,-80.21564232996153
4.48229007354781,-0.006138904926868563,-79.29054294502367
3.8520597924094027,-0.0022892657947634113,-79.18566936086717
6.449898787702773,-0.011174524104753234,-80.14843920522831
3.96785208458898,-0.0041379697711220196,-79.28635965729426
5.062948655402712,-0.009418371163253883,-79.7218474253979
3.492039603451747,-0.0026582700328391736,-79.54921770526177
3.6172949709130893,0.002430244625800108,-80.09816842334303
5.8849720204423255,-0.008543011769466919,-79.79075829640969
6.967712828661865,-0.01499380886048932,-80.95461735980145
4.382074754120378,-0.005040746900998681,-79.19096995807274
3.4418095592905895,-0.0012584607505349205,-79.37723804432025
5.997736205953511,-0.008820226060729535,-79.8673263481334
5.877846863409157,-0.008035201066391245,-79.84527497075288
2.8171126865398626,0.007363556067384033,-81.2250752395643
4.510672522494759,-0.00809509532150193,-79.7678890637228
2.5246967149974964,0.0019050411742294543,-80.69081686448597
4.3219292438262675,5.720216065929068e-4,-80.59088550685395
3.1216923993531633,9.572483969103713e-5,-79.61773221462686
5.885312102626184,-0.012749567166790465,-80.380502180783
3.747179862613401,-7.515481960013739e-4,-79.27186123024862
2.504071038320874,0.007960443053390375,-80.99115724539193
3.3259658182642085,6.877508945395147e-4,-79.41099647468668
1.8996425828427295,0.008777901439950182,-81.72425893016442
5.582220652104755,-0.006591981791804452,-79.77729046714924
2.8585818229611455,0.001462979858580384,-79.8825040935305
2.527886961283404,0.005906598973963771,-80.36984245063758
4.227548053878643,-0.003134684408782263,-79.17501022569269
2.2657280173882457,0.006493520508602352,-80.75785213804912
4.437289643967023,-0.007254978296118297,-79.5764617909225
4.575992821756657,-0.009719315012920855,-80.34786834913535
2.948676856786197,3.359860772605903e-4,-79.89332207914329
4.743132130851128,-0.008069429890894476,-79.55152746182786
5.377092896040041,-0.0018118057966871742,-81.81306410616546
3.4232405762849853,-0.004316112730425373,-80.24421552676674
4.252415472045964,-0.0044870786612017845,-79.17786914552144
4.311265909319942,-0.003706795228930736,-79.16430834347831
3.101919206302142,-4.439754226215299e-5,-79.66956969734056
3.3832607633663723,-0.0025267016327933855,-79.70340275226974
2.7577893741682002,0.0035112049411488836,-79.9291133872616
5.864396884843693,-0.009063356057581672,-79.74479805269635
4.488127567681747,-0.011586353500114197,-81.57522116664455
3.9765117230386764,-0.0016804847506648002,-79.23222565634453
2.963896555515534,0.0021795709683530267,-79.68887668758151
2.4232146931600544,0.0047559968794484405,-80.45634887281307
2.998762065689919,-0.0036629127481570415,-81.31388338421412
3.879295107323993,-0.0014909620472658871,-79.22207252581354
3.739922651094906,0.0015480706434005112,-79.90029575268223
3.4328796079164565,0.003207005045331788,-80.14783086893301
2.8747719164886676,0.00363166855206563,-79.85769966376965
4.433757649157189,-0.0047243318323374325,-79.17045645267847
3.6235326229439684,-0.0023018723934024672,-79.32064894455111
2.5253697172224228,0.004994829509094131,-80.27244809812042
4.599446430393878,-0.007643746898672253,-79.54277282874233
1.8504279068237781,0.013786960783099544,-83.18630071729015
5.386492305735957,-0.00861736276866823,-79.51278814813284
4.14458906095613,-0.0017600739378315963,-79.32112126733585
5.79511958358136,-0.017961757953942364,-83.50414557379133
6.387893292682957,-0.01553167132746738,-81.27985924915833
2.384615816184708,0.008433514328704327,-81.08219574829457
3.682451986649361,0.0014212437247060764,-79.76316809220296
5.402024361783907,-0.006297575015431668,-79.62939772606666
4.243128607759397,-0.0026033691819020675,-79.24077314732045
4.212230986908634,0.002359048114320827,-81.62121692158087
5.340261103418484,-0.0073615945991801785,-79.45899904523029
4.12168777057266,-0.003005151663139388,-79.1595716410847
2.8182752320263873,-0.003997586967442698,-82.34842824282194
2.9517815581422893,0.0020852782244486366,-79.70021420329056
3.829316479433517,-0.005236072427067125,-79.73679913967823
1.9159629909449554,0.010614990910990614,-81.85524070662066
4.836153121222051,-5.398799896689955e-4,-81.20768246113802
5.378344884271586,-0.00938657288763901,-79.61499125485292
3.012203368946145,0.0011996892118728677,-79.66152339734245
4.460368499781776,-6.955502532894479e-5,-80.52695853180566
3.382190963483904,-0.002977711191800541,-79.8391361544954
3.0794692348715285,0.002369400330588397,-79.63349982334293
2.5889747547049686,0.0027067682639918206,-80.29622629741448
5.816228442668629,-0.012840506783087163,-80.44623540800767
4.425376957471399,-0.005276184402618029,-79.2018841728278
4.6670465028003205,-0.005063080329823805,-79.21694370025216
5.8185423833572445,-0.013186316327026042,-80.58156573931986
2.55052030941719,0.0016403562929522338,-80.68065607440178
1.7140911744012735,0.012110371924084712,-82.5085728200666
7.035787871337889,-0.009215477487293887,-81.22848361496443
6.15821202324116,-0.004350077135164052,-82.0655639555758
5.599821929881401,-0.008194941428594654,-79.59175891118815
5.520876915148236,-0.00805551769935976,-79.54635496596948
2.6139367511715377,0.006804930037043119,-80.61975425350701
7.151527751165185,-0.011200477856355313,-80.84329783034786
3.528386786687623,-0.0018762169471002199,-79.36046699912606
5.232423064896702,-0.0062928178399931185,-79.46640864504508
3.218896497047791,0.0046805993240251935,-80.50729353021049
3.4439477320643386,-0.0014871427657554039,-79.40172412937659
3.8615156639982073,-0.002826229081561358,-79.20311033127503
2.8066905295934164,0.006377929037409264,-80.65433146057153
4.598868092895165,-0.009411606654962108,-80.17345207975387
4.779882355968074,-0.010396577749251712,-80.36631828518944
4.649792770964177,-0.00704343274623632,-79.3725742310704
3.8429269116293105,-0.004276191917116334,-79.44095367018598
2.633083132608135,4.0006037127170114e-4,-80.81237309644926
6.32067807055525,-0.00959499735325358,-80.10276939415199
3.8058427620772957,-0.0049065518154164925,-79.66759377585007
6.126188108394153,-0.013705186283676916,-80.63166757621362
3.1052530438516937,0.00747184681450478,-82.22090330327846
2.4970100832898265,0.00809144239206469,-81.04233270924544
4.152051464674733,-0.003080169265904578,-79.16062062098425
2.9539547560885797,0.0011009397388114623,-79.75813411559594
3.2650720223484,-7.075379341830556e-4,-79.52012942838269
5.443407372377468,-0.0027130118212535604,-81.30364653865624
2.9029689009652833,0.0022026067231871284,-79.75361283125419
3.6172949709130893,0.002430244625800108,-80.09816842334303
2.9682799131992077,0.010807681401246187,-85.44351374487655
3.668422130832308,-0.0014034927316577033,-79.23431842431314
3.8187106120980605,-0.005762734433948965,-79.94887886526985
3.3320827422871697,0.002835098294019706,-79.85119253744983
7.995620064288208,-0.01796819606017784,-82.05040651974508
3.978702183207107,-0.0028109501073450205,-79.16505501018851
5.618437703524498,-0.008740089757396236,-79.60009084560741
3.5853253473481144,-1.2573905247996627e-4,-79.3149750442551
5.863823693304464,-0.005022701434318272,-80.867162898631
6.070566392005697,-0.007230941785319322,-80.29095694290955
5.950687698997707,-0.00668149161536277,-80.28351460826191
3.1067901587332134,6.94642488360184e-4,-79.57717483325517
7.380648414583285,-0.012346544207538803,-80.96218343501137
3.8145249165820836,-0.0041063394561775685,-79.4361644513291
4.910483118546849,-0.005072731479254413,-79.36156712555744
4.8604062164018185,-0.003546767228527132,-79.65649825771911
5.489067585306752,-0.010081271742147098,-79.7378173488541
4.2857286238197325,-0.005613073880800993,-79.30902702197255
6.017049907931323,-0.015541723459614864,-81.56703942066889
2.276912753446293,0.009280200345319144,-81.35191515952732
4.649404202361062,-0.001720430338311242,-80.03149795157694
3.009868163690005,0.003306545936538879,-79.78551241702813
3.799500433928459,-8.603693522434451e-4,-79.27391944688803
4.452709742643272,-0.003484954489160304,-79.24670476816848
4.676252558407501,-0.008256502424056318,-79.65542818957275
3.338424700861238,-0.009641622298686078,-84.12227251807765
2.898380256200931,0.004053703647499903,-79.92863507727938
5.797680364663562,-0.012055444579060468,-80.18232345176968
4.97775187956865,-0.008524568145501187,-79.53645075369914
7.075730509493426,-0.01427039729161116,-80.81247991598762
4.53555283043001,-0.00246092861882973,-79.55652121308964
4.036753206562922,9.649550154854531e-4,-80.1665211481386
5.5438480260733165,-0.010197451717181305,-79.75548242421154
5.875225340242734,-0.01162834200808867,-80.04569782244766
4.484489182380089,-0.0111616608481167,-81.31252702066814
7.227939165363104,-0.010337985237729738,-81.16355998675029
6.561985674497252,-0.01356154298950531,-80.52817018768745
8.379741840625746,-0.015584456660222745,-81.87410887369809
4.328898340733657,0.001963575872829294,-81.67016502463902
5.594204316481312,-0.012873484016087204,-80.60901602104735
3.3723628383186073,-0.001080433691149982,-79.43271186613174
2.5900272146426255,0.0023367660807291574,-80.36626677726791
3.602255686539104,-0.004783239962424367,-80.00915670489248
4.8587300378546505,-0.0031594234837668232,-79.78805824374955
4.327984549032578,-0.002786864386449355,-79.26786024705049
6.038645071011293,-0.011866748835966275,-80.09476476775427
2.2808367320911542,0.004734462463275102,-80.854848326062
3.6916229904861044,-0.0033897110437819712,-79.430468153288
3.5895868028906306,0.0017442865797442147,-79.76226465186417
3.492148875267267,-8.76020541553231e-4,-79.30966163366585
3.4465761124644168,-0.004062831966905211,-80.08160779739029
3.2365093787877,0.001977506674589487,-79.56838585476955
4.243499855759212,-0.005600378862417373,-79.33662656329493
4.280802988854401,-0.001980601022839946,-79.39419245746896
3.752398105818274,-0.002856045988798766,-79.27703669335055
5.14042721662304,-0.0047174749001703585,-79.68738817851431
4.0218417275321245,0.0020475444331089425,-80.79510637353363
3.3926829487591013,-0.0029523613299361267,-79.80921961833224
4.100863399313801,-0.003604375710449613,-79.16224982549072
6.162627370919617,-0.018775197580318332,-83.53076637386356
2.94578248951836,-7.056731340164004e-5,-79.99356272981663
3.8604708681333837,-0.002522879259111083,-79.18822231138844
5.948851850519669,-0.013671979969399164,-80.70462788027037
2.9832921796222074,-8.527867564338332e-4,-80.11922969054518
8.216740222738627,-0.017116460883702948,-81.91112167217726
4.901214725599726,-0.01028031198738842,-80.1625389055127
2.765675783057968,-2.822463266123986e-4,-80.5895644926446
5.410310149770045,-0.01018998766552876,-79.77947525861694
1.9202852649721456,0.007102013928023615,-81.84995133758555
4.469757543020315,-0.009600824508201048,-80.46574622031953
6.512108539662264,-0.013072020637832924,-80.40812243976211
7.65401753152442,-0.009982869718359341,-82.090137148671
5.164638833452873,-0.0037780648379243816,-80.06103136265912
3.9223950546162927,-0.0011131313929434983,-79.29163965351454
4.129845924091398,-0.0024842729029554093,-79.19917464812117
4.242183153314995,-0.005013754284413762,-79.23800083011236
3.5778094971257155,-0.0014938564714138333,-79.28232093914745
5.77752333845757,-0.008621333448083386,-79.69817444452168
3.2392142469705973,0.004369576323369671,-80.38089084594019
5.128861000551559,-0.007332274870725054,-79.36712847304152
5.835327144159336,-0.014767919901694576,-81.3212645885234
5.063884889417692,-0.0034723856656678717,-80.01016410157611
4.98953857095523,-0.004889439684179972,-79.46578128705214
2.8588590239019585,0.00286167633214509,-79.80413008026753
9.126561482685714,-0.017546987842439347,-82.67020619790438
4.045962102020694,-0.0065894493935826125,-79.86202114474298
5.024074584406191,-0.007519978204390795,-79.36415025995832
4.327984549032578,-0.002786864386449355,-79.26786024705049
6.541228534347962,-0.01011943952626478,-80.27472486822334
8.976390092929497,-0.017618956097970744,-82.53593817949466
3.127474484914206,1.5951119022033665e-4,-79.6011436175112
4.711041133912537,-0.009215525912621831,-79.95043435534127
5.611701654825947,-0.006864029567265311,-79.75500930996496
2.956562665324328,4.934125563944565e-4,-79.84586165179793
6.5723223047119745,-0.008052220552639084,-80.8476004013105
9.259512733879522,-0.018727351088695214,-82.90663714144252
4.192000606819901,-0.010808026109848002,-81.8060933053114
3.3834561288846916,-7.881181571122154e-4,-79.39088060127209
4.3880997505887365,-0.0067556745880381144,-79.4841301055425
4.658548322105171,-0.004951957976468196,-79.21851582849683
3.9467487446570373,-0.005001047358094124,-79.49359585449488
2.7035989370291973,0.0027276948760109098,-80.03286270518444
4.204988006938402,0.0026033879801223114,-81.8141528307678
3.9642098234609655,-0.005715502163640912,-79.68148434684105
3.994540057492383,-0.005150208179284819,-79.47427468336178
4.282331050847934,-0.004863218663852861,-79.20239164960493
5.644493493220301,-0.011463968438845559,-80.05338787027547
4.2793747189604225,-0.004121209417997822,-79.15646204203495
2.893402408454718,-0.003575985626563888,-81.71434983453901
4.740557531724066,-0.008595411062552787,-79.70481790677017
4.806791008610848,-0.005221926070465416,-79.27333260469601
5.130099366950228,-0.001426876026142128,-81.3820811250588
2.2852337432088805,0.005894247808262177,-80.71898642316333
6.914827235268352,-0.014989588435266075,-80.94819270556647
3.2278682340518285,-0.002306412180718957,-79.96786622239165
3.3261104149580976,-8.183616859581925e-4,-79.45593995180609
6.404139662036201,-0.013592242932412185,-80.53248282828227
4.677481338028397,-0.002251904683483203,-79.84640268148375
3.1450889354645257,0.003925429197858866,-80.04297832580849
2.7483880731963874,0.006245691867937225,-80.52257716922354
4.047622718878265,-0.00253000115152755,-79.17245309961396
4.153939637569018,-0.0049663703127446526,-79.28425156313102
4.787355915182762,-0.0047113237835924825,-79.31498373444607
5.52196601111403,-0.01013418509778202,-79.7447593353172
3.922849943008229,-0.003105540991780789,-79.19361050731844
4.973588706408903,-0.007711571734057636,-79.38944240490216
3.5514279494456282,2.6429073312396917e-4,-79.35886909892342
4.36934323285778,-0.0030729428459820834,-79.25111251076369
4.676782176590795,-0.006898326491128733,-79.33576304731491
4.938486964152422,-0.0069710965483212595,-79.31139434651314
4.102404678760059,-0.007767904765940155,-80.25935027617982
4.589855742420422,-0.0039096144383607935,-79.28110216251967
7.149503743521997,-0.014671671576963242,-80.91884555870575
5.458303533609826,-0.013141216214999892,-80.86541370588027
3.987768972231294,-0.003767167104074196,-79.22074671713106
3.538188785641181,-0.0015613061136932377,-79.31719703394835
2.7631789476738033,0.003249754538130702,-79.91671520241502
2.845044086732695,0.001366367628428845,-79.92361740715405
5.055740401797116,-0.00375994223161797,-79.88030966050749
4.609558129341507,-0.006426906042283288,-79.28607763286875
7.985978926468055,-0.019275544863761648,-82.55573634793917
4.164981577965446,-0.010618423274542457,-81.75151509428237
3.634225219192353,-6.63375986660646e-4,-79.26730641289194
4.2488993892341576,-0.0012514049038822982,-79.568205739133
3.194769137244307,-0.0013410536479732762,-79.7619393190341
5.775275478332587,-0.016525932528690144,-82.47901734559396
4.6141097680016525,-0.0076116770452101384,-79.5229481402442
2.9039440669613694,0.005054803995498456,-80.21644675307202
2.677020045410861,0.005597785199145921,-80.26913861354589
3.1521301384917693,0.007515734318816565,-82.44984357475649
4.479882309571537,6.969906654827019e-4,-81.10893954523628
5.740412274716639,-0.0063224897611270795,-80.06890743076733
5.691897993762691,-0.012213793293631151,-80.27952804738328
6.594658208552416,-0.010207607975068372,-80.32235516187737
4.415810357637363,-0.0042608732928070955,-79.16869576076986
4.416305281695856,-0.006422292948583146,-79.38185613828257
2.668844537298893,0.007545381399300167,-81.02360633520149
5.755165878864734,-0.011266078678268954,-79.97130137209271
4.0916861297925236,-0.003658823449653752,-79.16712396141426
3.8106932449009587,-0.002466781363959113,-79.20555315187018
2.9817738041204978,0.0022340349875712103,-79.67484823377644
4.933019341718554,-0.0047959390183141505,-79.42721480996188
6.178048006015366,-0.014439664605962592,-80.90300261333255
4.714176440230392,-0.0017985966821856905,-80.12043460723298
3.3154829546404088,0.0020175607223589355,-79.60098263167536
4.982817714739331,-0.0031893757014165823,-79.98577756269515
2.7353815000364814,-3.296426785024992e-4,-80.71641102995483
6.726899811946436,-0.00981141832821948,-80.55345422298653
7.709228046337577,-0.010040419771389206,-82.17560764437349
5.53772470010959,-0.008344269040587356,-79.5537404260703
2.7744555799195445,0.003801450400090508,-79.93217474525528
6.449986898281996,-0.016623389202741916,-81.79369684402492
4.7639307512528974,-0.005968274706661824,-79.23815827215398
4.983850533450594,-0.008651134014210905,-79.5628600029829
3.9524930307706954,-0.006811954005992721,-80.1224747197708
4.065349365856421,-0.007460599475977062,-80.19012845749296
2.37074095131648,0.006280023981752178,-80.5694408133855
7.270464298451936,-0.01519644616760945,-81.07447157473537
7.506069147961171,-0.013770760238159624,-81.03093219299967
3.344989332949638,0.003272162929423018,-80.03794410355349
2.739075000578909,0.002577631641267175,-79.98014643032847
5.277721183111707,-0.01377385998845995,-81.45067083755895
4.357082822886201,-0.005120712208321964,-79.204485518919455
7.618108058975388,-0.011827739882189351,-81.36140577464532
3.461390090961088,5.140594925778579e-4,-79.37835697813418
3.476813832699965,-0.002224921490422884,-79.47948123993038
4.975215404051725,-0.010078506945627062,-80.00609244727237
6.893482437809436,-0.008297984196839407,-81.35544571663323
4.098386591623735,-0.00637318551054305,-79.70380471952328
4.9187882929307225,-0.006192193864605956,-79.28241711240032
3.1118801404320706,0.0029171115239312426,-79.72353461538096
2.69840873921749,0.003087863853999129,-80.01500764866115
3.1398865807731133,0.005786618117141393,-80.99724015672936
3.767918377064061,-0.0025052942761269663,-79.23052963417578
4.7970469274330485,-0.001779371767392616,-80.30307594629461
5.821011962210249,-0.009784687693194927,-79.73950478150468
6.862206323810795,-0.014105224766409605,-80.71009192491226
3.344522049624733,1.2384993578627625e-4,-79.38452377183467
4.315173338944357,-0.005131544003144764,-79.22012709331287
3.408744667567533,-9.567595421241749e-4,-79.38085901480889
7.586491922271816,-0.015529335429599897,-81.27251004051993
5.684305128167508,-0.0066495380279355054,-79.89427883069848
3.854142223030735,-0.00542969993694868,-79.76120385158126
2.878729451160359,0.004419216000148441,-80.0095966311999
3.033491924618661,7.486668357984249e-4,-79.67206342114564
5.832259547959723,-0.010926357261111474,-79.89291566867722
4.856826280617856,-0.007907415094465272,-79.45343726830382
3.9699326190183615,-0.0019186738766435957,-79.20316598517014
6.080504307951077,-0.007704889101552773,-80.16580371425589
3.3625637652682068,-0.002103318109766398,-79.63260296436538
5.580518367637246,-0.011578439480352722,-80.11589895028088
6.278420628928973,-0.011256594884974946,-80.05636399456976
4.877589160228554,-0.0022152450877591066,-80.24277038120746
7.168274902227084,-0.01282290280002548,-80.72720331319168
6.12607999833772,-0.012913283568488055,-80.36334839201585
4.481694688246322,-0.005818474831713764,-79.24502544745322
3.2508793228275703,9.078979300068141e-4,-79.45255225149057
3.8467447052375237,-0.0035538098964112666,-79.29509639413891
3.9232614681023277,-9.607819927691201e-4,-79.32017159831827
3.758885012123984,-0.0019111120591919798,-79.20783961265806
7.468448872031842,-0.014988366649458771,-81.11832312857808
6.055934217486984,-0.012515274034275568,-80.25829321577226
4.626166432238355,-8.084696852313192e-4,-80.47220282661888
5.085703876294775,-0.009834102839682321,-79.83274826472686
4.552181443145771,-0.005021753061285227,-79.18682938006143
4.794799800481259,-0.006310381627871765,-79.25616760723287
3.3883946125679243,-3.941106272995344e-5,-79.35921056325587
4.166462560368185,-0.004872380513567067,-79.26053847469677
3.200230240871664,6.241967139882735e-5,-79.51533438074419
3.594991814865132,-0.004251534195127382,-79.82782017726643
2.7046257873286508,0.007072075478665707,-80.83836875384961
3.260518700937201,3.5186626237788195e-4,-79.44007868076496
4.9575389293051915,-0.004497077609174623,-79.5164254865447
5.974339314404548,-0.007599961353603409,-80.04612555838797
4.940023315546875,-0.008297378116670006,-79.50185185745973
7.9092681695041245,-0.018377550409285532,-82.18187594746232
3.059654787094532,9.555817772300889e-4,-79.61715992973161
5.536382040694663,-0.010175375486796305,-79.7517019432959
4.241887736817519,-0.004380136311670098,-79.17284883309364
2.214541007824835,0.005522822981902077,-80.95025023465561
5.912168626926403,-0.0056892361603936795,-80.6251594818459
3.4171177612460655,-0.0019318434266308972,-79.50811182544702
2.9627794022806673,-0.001640151591547454,-80.46134203718286
5.059218445132137,-0.00818684019963733,-79.44888962629658
6.494405257775665,-0.013148518576178258,-80.42184966824995
3.371629877931224,0.004185587573668421,-80.5483341260951
6.515855557584109,-0.01106362786138973,-80.19412225582269
4.892953151693425,-0.011842699704386343,-80.93588005582589
5.817857505421446,-0.008957595832595103,-79.71553953008518
2.7082449113255858,0.0022317213462403696,-80.08383956397955
3.3193455825717564,-4.725305106584657e-4,-79.42879791467809
4.5687593016056915,-2.2272359150039725e-4,-80.70030942698837
7.890799527428056,-0.01841569669471859,-82.1950554568258
5.731539321803746,-0.0036111188179299763,-81.43808899135169
5.485699185871115,-0.0026297167228369472,-81.4825829012711
2.431695238463621,0.009550729769083763,-81.7231756893755
4.828075564740783,-0.0035782135149306617,-79.60235882303782
4.111503899834555,-0.005180685266961067,-79.35937611368114
2.619308456430904,0.0032441921563027476,-80.15205684061054
3.802908893874521,6.634680926692631e-4,-79.64427345623459
2.9802144022245596,-0.004192773489655613,-81.70685932352892
6.384222845929581,-0.008258290984587706,-80.45965828924496
4.054879790836785,-0.004668297871708409,-79.30707604451057
3.762206832300076,-0.00265720148298609,-79.24750837396974
4.936481325702434,-0.0059047817808094896,-79.29886727486645
7.973059381302492,-0.012225239602296881,-81.80422411258033
4.000366150861298,-0.0034760753980111045,-79.18678768900732
4.534188158405166,-0.006345520235882892,-79.3011381148015
2.652988212005971,0.0030026538803146754,-80.10631490029186
3.6297462791918953,-0.0010990215768870958,-79.24885515253489
2.3143595090109863,0.0036271786835637035,-80.98126041841105
4.318742641768967,-0.003428032228889289,-79.183884401111
3.2638840130046134,0.0013750657004391242,-79.4840438129932
3.1473461043930886,-0.0027940429393416826,-80.36492692556999
3.5138984853491904,0.0021395179333771716,-79.81310802760208
3.14737694393527,0.005261852689414619,-80.68772804603388
7.270464298451936,-0.01519644616760945,-81.07447157473537
4.965918395631132,-0.004124736148344844,-79.6246890382894
3.9180743171738226,-0.004038934554190606,-79.312232495309
3.664491577434522,-0.005552507036533639,-80.18898042728486
3.943663563066736,-0.009352046676483589,-81.53762307224825
3.6055199674202685,-7.311471848739034e-4,-79.26611595276418
4.284415586648367,-0.01024730058955984,-81.20543361713925
6.917225097727406,-0.011618689514950485,-80.52804814322032
5.481602528631563,-0.010135310293408632,-79.75058940288841
4.087271046747985,-0.004407220622103244,-79.24160626926759
5.464251070373126,-0.007852336679062278,-79.51742135485377
3.178343682333233,0.003867815886764196,-80.05969153969654
5.360355762092685,-0.007156226591783133,-79.48246134309072
3.1460688377125337,3.319110419552681e-4,-79.5577754728203
2.3200547442907347,0.0047801626693723485,-80.72331568720048
3.5143023159654616,-0.0011859061082330775,-79.30866340359991
4.816170794871068,-0.006785271799184937,-79.29277149900881
5.498700899745987,-0.013850398457843166,-81.1931333952551
4.770984932166678,-0.0026870195002813785,-79.82735445619495
5.419202056679386,-0.0083885905610716,-79.50499294976973
2.899559110528866,0.0028398479865133506,-79.76721308688636
4.891686126857554,-0.007489418006639949,-79.37014137917348
4.089704105999488,-0.0037930923110571883,-79.17599469333406
4.600202634060507,-0.0026119668357947974,-79.5953590133581
2.8455743369572093,0.003917713955965144,-79.90913159538908
8.266117037798784,-0.01172588160723979,-82.5017786959755
4.259237155704714,-0.007387884759733849,-79.8348311927571
2.8812509515822367,0.005300280163777451,-80.28573082183154
5.288450092487578,-0.008926203734296676,-79.54355429500211
6.120284987122881,-0.012766506357413249,-80.32088269592198
3.1964759817426236,-3.175335120200913e-5,-79.52896492630762
3.3558206371232115,-9.318786388898264e-4,-79.43428504161655
6.364990137812246,-0.01356750970553509,-80.52813257159578
4.180196236694307,-0.0061057005072214995,-79.51723755448963
4.190031373850491,-0.001472134864187437,-79.43193994970294
3.129743221111566,-8.17915528799981e-4,-79.76798384500238
4.620690358374075,-0.008481015929041005,-79.78135996598921
4.091529947104861,-0.0019803709917912806,-79.24582264450733
8.252436204729438,-0.010572556992283776,-83.0647958387808
4.982817714739331,-0.0031893757014165823,-79.98577756269515
2.9736392409558734,-2.138702044129732e-4,-79.96312377074537
2.0664672684235224,0.008467560292502594,-81.26763309435844
4.123578669060155,-0.0063596465110163525,-79.66421617077006
5.144328537560392,-0.003629898486268981,-80.08825143089571
4.257946196331089,-3.6579871607719285e-4,-79.93365969927797
4.674260720359029,-0.006291664653624012,-79.25612276827144
3.996864145871544,-0.004524841434320713,-79.33040056661527
5.473473182011094,-0.00691168419168864,-79.60102354823564
4.042174788651176,0.0015520348890798105,-80.51969065047186
7.508530543663971,-0.011211747670542298,-81.35368441406882
3.0918586198768034,0.0031419794256772916,-79.76729328555669
3.5417038849077005,-0.0037669280811631046,-79.77005179489039
5.152580767134799,-0.00509258409409268,-79.60354406695402
6.243886062938801,-0.010163852488159176,-79.99643563964679
4.0470207530097975,-0.0015758939352845305,-79.28591855802283
7.326972745177484,-0.006613819209770402,-83.58671064600324
5.847518313985029,-0.009163213756334058,-79.732199949756
2.9498296610131276,0.0016956577815473628,-79.71339148173084
7.08421142049493,-0.017412449654960457,-81.8589056518648
3.548727296864319,0.001456307459025745,-79.62058684314101
5.62952988945427,-0.010875150624763831,-79.89624791722846
3.119565594582466,0.0018869834502149869,-79.57197209216788
4.835282124819588,-0.003299082283699427,-79.7021613889724
5.441399278016809,-0.013564769467791067,-81.10666341046634
4.381466890864518,-0.007243306274923002,-79.63091477799384
6.413736555202952,-0.011581147402559559,-80.1507363361014
7.30618167796227,-0.016685455547312322,-81.52095968748067
4.7458680035284555,-0.006807719800560713,-79.30370923064312
4.666703656591389,-0.008010592710665178,-79.59119173668964
3.144898203815694,0.0032772811264121515,-79.8280569718241
3.9193242818139455,-0.006971540144910798,-80.26271107001662
5.6185683585989805,-0.005907736294748701,-80.01557366538592
4.829089346817817,-0.004619314332866749,-79.36248016809724
5.25440946467289,-0.006259626784802557,-79.48965774629998
2.426311073622325,0.0032774157637298802,-80.66377417393528
7.24796476160991,-0.014436961474074722,-80.91744835957519
2.501165113154963,0.008344990004073037,-81.16964280471124
4.445135732713853,-0.005755476842041104,-79.24946059788817
4.110102108115445,-0.004055012502182275,-79.18934039068515
2.947634419542048,-0.0019733269222194814,-80.65236190481485
3.8192423984479125,-0.0014369443591413476,-79.21634221985498
3.4249027535887597,-0.00472273277519832,-80.42181093911846
3.0772728217995033,-0.0015385031849336674,-80.09068555012136
7.326972745177484,-0.006613819209770402,-83.58671064600324
4.334730203361147,-0.004551537559769367,-79.16719146338488
4.493465594060805,-0.010129767849542932,-80.69646478308526
4.223275239619258,-0.0014803594652922306,-79.46615926777964
7.753294491640278,-0.011838396585686566,-81.56399731089355
3.3778110539873087,-0.010162712781568686,-84.38815208235079
4.461484769262849,-0.011447249537965653,-81.54667466579274
5.280871317583707,-0.00722069817226276,-79.42966023235086
4.222615497316978,-0.0016777167681546329,-79.4117011958065
3.71929911134456,0.0018203088335344419,-79.98828521027353
4.403407199918299,-0.006191347953174715,-79.34272080916998
2.705170113042952,-4.6143650853371554e-4,-80.88608039491655
2.537230240969197,-6.801217617750694e-5,-81.43027108108996
3.665369566110659,-0.003745720589938861,-79.55141054672332
4.03741638829371,-0.0077217265717673365,-80.36909454036604
6.5719865817478,-0.01594703075465702,-81.37876755184399
3.3043112555034817,-0.0011655263077922462,-79.5349418063427
3.613696278859187,-0.0022425813622908948,-79.32243922862897
4.6905463158407334,-0.003540711738867934,-79.44483061250024
4.553428603234573,-0.003875680357514687,-79.2602561428341
8.233662009896037,-0.016295969285785816,-81.79109439620505
3.668498941407709,-0.007838826069443229,-81.40736281087499
4.77551504604431,-0.007729017141968368,-79.45192935130737
6.238571048106257,-0.011459950113070157,-80.06176108795252
5.293723063179514,-0.011367278782232577,-80.22398259973806
4.283271340654628,-0.008152305811664633,-80.10669525774763
6.927245592440649,-0.011122743539286033,-80.58228117517304
4.400847501296964,-0.0020243949198571424,-79.51793413565643
3.758885012123984,-0.0019111120591919798,-79.20783961265806
4.426541819028368,8.936072532297096e-4,-81.10181516693545
4.71834093716282,-0.004526114142634066,-79.28893704458088
5.4622476057699085,-0.004705784283845006,-80.20596018087099
3.9742989790615963,-0.0027347038513749486,-79.16530829724992
2.2544959173397494,0.0034887132533315403,-81.27509985945669
7.014743889540781,-0.012197127455016818,-80.59693660762962
4.3527840882841025,-0.009346748913076252,-80.55069196086718
2.378009880652951,-9.495432700330508e-4,-82.82107280609044
5.93481486464014,-0.017156345981410154,-82.68275859597979
4.31485648317405,-0.0020706619423599797,-79.40644602794711
4.925910496579943,-0.008678614949325548,-79.5983738119259
4.285034233409762,-0.004679053721064455,-79.18439690683248
4.971731367288858,-0.006886784701387008,-79.3109210277104
7.577657286258893,-0.01742384626859114,-81.79894017770535
2.8763501281926067,0.004391884156017699,-80.00231269524822
4.045357850974109,-0.007293426316165844,-80.15360937738264
3.878210969296647,-0.007497412625735291,-80.6175775603363
3.0912124693954883,0.0025128784165131166,-79.65007586487978
3.977794933402494,-0.005896215073106225,-79.72119553831713
6.165722665008253,-0.012456924094171266,-80.23447037229016
4.205052368557996,-0.0023794072951342387,-79.2514427638468
5.363839978804273,-0.010755764418410306,-79.95836677115659
5.008441065060074,-0.002185089095258905,-80.5480971441237
5.442039046556576,-0.012653730054084204,-80.6455935828637
4.132056214956706,-0.0015137556418837093,-79.36468706542986
4.368951895959825,-0.005511233389373596,-79.24686664277137
5.687335810461473,-0.014662317156910146,-81.42311676994316
4.830700240233963,-0.005207551208594298,-79.28870641945609
3.9908959367963286,-0.0014229206305944341,-79.27795790523633
5.34148543992466,-0.013464030319666965,-81.17904773037048
5.7251488235472054,-0.005758526845190296,-80.24448181713906
6.454640358713011,-0.010708372768606311,-80.15044134364071
5.169943155414331,-0.0082382845599005515,-79.44841356211289
4.3029029871470685,-0.004630708518274028,-79.17653408134355
2.1311315416441374,0.007720635284452134,-81.08133276759094
4.445082715188375,-0.00881883561840393,-80.13989858563639
6.146528895435808,-0.012263359200646855,-80.18784243434814
4.232813173546878,-0.0029400688424259707,-79.19380976170504
4.362394961684278,-0.0011690121284773816,-79.76518195708428
4.878866025291135,-0.009449624235769167,-79.86646031478814
3.260229237935024,5.34172648160356e-4,-79.43874785803914
5.234535129627909,-0.013803280674270758,-81.53581896088319
3.6842789075629665,-0.007086230691211191,-80.90858114244055
7.0905766279833475,-0.01072196762248108,-80.85558954917842
3.49661518816477,0.001966508078932711,-79.73067462435723
4.8056820808937974,-0.008086801432229125,-79.51765854422857
3.876712246729651,-0.0033795146606108695,-79.24690084985039
5.916303808186509,-0.011280922393139103,-79.96630429121605
3.7416386949269644,-0.0013560931698728238,-79.22032799638286
4.469429298477701,-0.003493768087202524,-79.25654588540752
5.490915857979444,-0.0072574948983435555,-79.57439596059004
4.315173338944357,-0.005131544003144764,-79.22012709331287
4.6727475650292165,-0.0038771484465705717,-79.3546239940664
4.497982785245647,-0.008150409091456296,-79.80209369388677
3.9804895395177025,-0.0015628508271715246,-79.25023545369316
3.7401835669309103,-0.0034275938069719823,-79.38000602017765
5.483240018887984,-0.00796530246848424,-79.5261212459924
5.007328200239422,-0.013393098063961387,-81.66815849311155
4.021866268738616,-0.005472515624826635,-79.5278204254527
3.2146165345944864,0.0015117643115904094,-79.50758257776334
3.083333897692276,0.004273378780901857,-80.10627571971632
2.361041218827675,0.002884691917569519,-81.01289782935386
3.8199609366666523,0.0012054804460562515,-79.88076310446627
2.460334032701817,0.00946485618010097,-81.73323506574094
3.439045184080369,0.00339676335953324,-80.25294450962326
3.0870364181511762,1.8891185662509003e-4,-79.658973661362
4.964551690183966,-0.0029145056658702647,-80.07395110843753
2.466585275218053,0.003856493955025655,-80.43885968876279
4.146399771288293,-0.003361197366301974,-79.15301523948003
5.560279217146309,-0.012493199064048948,-80.47175305348952
6.366004219452648,-0.005671736673566432,-81.66245108303495
5.682132960991112,-0.007144334235065124,-79.78147356928311
5.139445441516834,-0.006333529990487006,-79.39173191916709
4.140947691520197,-0.0028905256268548386,-79.16851647724688
3.0713414720205106,0.004911715493675953,-80.3621176250966
4.982044095079978,-0.013639806803777117,-81.8786902110697
6.393303014471157,-0.009328119861282992,-80.22084121858582
5.230820697967672,-0.00686205713088646,-79.41530619981282
2.624991785216767,0.010755532991353876,-83.4051780328518
5.662266707894748,-0.0023982529277988226,-82.20195227295282
4.491700158658333,-0.0087740259307214,-80.05205252453108
4.52294604811598,-0.0033693896881451897,-79.3178153990584
3.742671083725557,0.0024714248895805467,-80.37323430461191
6.970374090884717,-0.014550679003045226,-80.83922418317403
3.7524324991372175,-0.0016854150249194083,-79.20941776706611
5.281954453415748,-0.009968513793012824,-79.76682398938107
5.079015917336389,-0.007380501164805469,-79.35840718851026
2.9064062254211307,-0.005559109477354544,-83.01019929267858
3.254105979368233,0.003006006958462675,-79.8309342861769
4.316605043032798,-0.004166882280441427,-79.15720646614845
6.43349785382007,-0.015152393842072885,-81.08747624010842
5.499007684267265,-0.011586524846753559,-80.16189743177469
4.339163558944732,-0.005586526987949132,-79.27248207149124
4.9821729740669385,-0.009878331958698368,-79.92667691926512
5.419342984781468,-0.00759081048350539,-79.49837683483517
7.452254986832616,-0.010265645121847312,-81.57488966528375
2.6490210407777153,0.003902943689791599,-80.07171760451187
4.483738130878366,-0.0025621513206858784,-79.46285721769483
3.2015886917675727,0.0036307700946645806,-79.99580601026864
5.086042650338095,-0.007597294592318166,-79.37571489173719
2.660743241431845,0.006605749624388884,-80.58175892519439
6.0391202148041,-0.009532092813075889,-79.85771219325738
3.1987614591393996,-0.0019293080431677817,-79.91622948140471
5.425084363275112,-0.0053905147594343434,-79.88874657175124
4.1632631152073145,-0.0026329629166294013,-79.19677967697214
5.024993483929141,-0.010314657448078931,-80.04928897765564
3.1730758680930506,-3.8277607545077197e-4,-79.60737245513091
3.30198527995799,-0.00109361511497636,-79.52642328785133
4.828075564740783,-0.0035782135149306617,-79.60235882303782
3.7083760091053075,-0.0028196761591470364,-79.3107814005222
3.344989332949638,0.003272162929423018,-80.03794410355349
3.478868300997492,-0.001181962437326814,-79.33602199326377
5.079072805730033,-0.011173717035847922,-80.34884527270219
3.504597374278505,-0.0038480044027224838,-79.87173968953898
3.120979764211174,8.179476748022708e-4,-79.55353669829728
2.634642631813109,4.4231462524819043e-4,-80.79000893537116
4.878802684134968,-0.0073764670567723935,-79.35625397593412
9.271408681798736,-0.018834251257303744,-82.93222336346645
1.9533040504312431,0.005319279038451197,-82.19875431173978
5.312381566958798,-0.010359034750506263,-79.86299789466011
5.045544603315204,-0.013775718634175307,-81.84704193022766
4.982800170013555,-0.009847071536867797,-79.91509165474963
3.9997126575774624,-8.829020374698064e-4,-79.39684441850413
3.8555880467399133,-0.002668437025380214,-79.19631837099988
4.506352367078238,-0.005458323030306729,-79.20348812955145
3.582452170904217,0.0016909796546854567,-79.73411633973993
