bg,Model
0.14614812183038345,C1
-0.03209307688617434,C1
0.019504929913081948,C1
0.003615450200522549,C1
0.11727443595414505,C1
-0.10210926756465616,C1
0.08451699964021997,C1
0.06122128348303414,C1
0.07198860930282025,C1
0.03116449116192297,C1
0.054786836202306496,C1
0.0686617183908815,C1
0.015464723444903603,C1
0.12704127525631798,C1
0.12693980294327184,C1
0.097686466162883,C1
0.01270287287924568,C1
0.0920336602574456,C1
0.020143226321765267,C1
0.0408311051704163,C1
-0.006056577008964784,C1
0.1911911458845567,C1
0.12105416180793407,C1
-0.06617002805798783,C1
0.08427242229310533,C1
0.02444759956240552,C1
0.0010292269933322943,C1
0.0721987077170001,C1
-0.04535468724963964,C1
-0.01838787791378664,C1
0.06248300899300767,C1
0.015144971261091267,C1
0.08727281711493717,C1
-0.049865324199014106,C1
0.09495968207978114,C1
-0.017024102984842124,C1
-0.015498291090226504,C1
0.0650905971050872,C1
0.16862529987120417,C1
0.03506780227645575,C1
-0.10828119354945283,C1
0.07115274541088476,C1
0.07512891273589051,C1
0.051444311134323364,C1
0.10835971434342967,C1
0.029317347517091072,C1
0.1193091131787853,C1
-0.011942481070279863,C1
0.050621056485503524,C1
0.06137041070101659,C1
0.03374065047505686,C1
0.12793772498309638,C1
0.19145612291019223,C1
0.07859526785819046,C1
-0.01733469672966738,C1
0.108112995033185,C1
0.1104408129280025,C1
0.16681960630706924,C1
0.11066419419804066,C1
0.10056292411976747,C1
0.055459567911474404,C1
0.18919332115125667,C1
0.1012128109748853,C1
0.14196921607991733,C1
0.09729579096917189,C1
0.15357365930879047,C1
0.029204125031295755,C1
0.07271573847095111,C1
0.051049402781885925,C1
0.044477263387292236,C1
-3.929637286414697e-4,C1
0.07427356361615664,C1
0.10843467335554834,C1
0.06474094923671012,C1
0.1524788221306749,C1
-0.07574530831393146,C1
0.21637041360773585,C1
-0.01798238758063122,C1
0.2279034544544351,C1
0.055257142483895516,C1
0.06632665072807761,C1
0.05171348091128384,C1
0.07567605519052163,C1
0.013814980969597539,C1
-0.02188533637549147,C1
0.036397669123402226,C1
0.07209925049256945,C1
0.11819207397989415,C1
-0.010540138823977523,C1
0.059589765072582956,C1
0.008873600035268343,C1
0.17344658882014993,C1
0.045048307120682536,C1
0.10844477760318993,C1
0.07244605378585064,C1
0.03248043718006431,C1
-0.0015238937661225076,C1
-0.0817119403935172,C1
0.08491142233085856,C1
0.11270938404214689,C1
0.03289648560034502,C1
0.16522002849008027,C1
0.10405900579100841,C1
0.13874217724768242,C1
0.10468342338098988,C1
0.10457207078341264,C1
0.04541511500918001,C1
0.05623674630199257,C1
0.09797422295618502,C1
0.16039440106044903,C1
0.12494848052205754,C1
0.08612785776974594,C1
0.10518126496115196,C1
0.036143011057721615,C1
0.11599691574335524,C1
0.036857157418675096,C1
0.1186856942361671,C1
0.0911904827851778,C1
-0.021227515955513337,C1
0.12398832040099889,C1
0.06555872828250871,C1
0.009378075335184425,C1
0.05174332267229597,C1
0.11549902203282174,C1
0.12577154848591363,C1
0.1423545264367982,C1
0.06151531729200913,C1
0.118763980515041,C1
0.10751271767746728,C1
0.1553284576612828,C1
-0.06590181971444065,C1
0.044218694615623916,C1
0.08758521033504899,C1
-0.030237937058078857,C1
0.1927309793727239,C1
0.17579422953086338,C1
0.022778213249385195,C1
0.10968035446858689,C1
0.11412580318067991,C1
0.051415804031200704,C1
0.031272780030710434,C1
0.09343583639989747,C1
0.023951547317991505,C1
0.13638389607968476,C1
0.09239488285038741,C1
-0.04030682026131156,C1
0.11599691574335524,C1
-0.02764779651865367,C1
-0.010272930297981417,C1
0.035035179984816575,C1
-5.78907254661136e-4,C1
0.04703032516231824,C1
0.0430339244427692,C1
0.08200444892241897,C1
0.14275737422729284,C1
0.04929810452482474,C1
0.095268792779185,C1
0.18977053484845033,C1
0.019396678264634485,C1
4.1713400519349103e-4,C1
0.026357841671886664,C1
0.1613144120788766,C1
0.08632379768538323,C1
-0.014526504328413417,C1
0.07055325309010754,C1
0.010001772969776251,C1
0.06642106726526624,C1
-0.008533235536455505,C1
0.03255225502824828,C1
0.09727752655799693,C1
0.04232850302792462,C1
0.07710638756534502,C1
0.08995197129042698,C1
0.20993549397336417,C1
0.10295505546544804,C1
0.06875087453967273,C1
0.009654855570773738,C1
0.18662650351302507,C1
0.13069227479431633,C1
0.03113717927509465,C1
0.08988981874650506,C1
-0.03897793862941503,C1
0.03708539571720115,C1
0.14186574435838464,C1
0.10316264233504482,C1
0.116215135576472,C1
-0.020884000421263243,C1
0.11077966129482578,C1
0.030199052401817007,C1
0.0623821668933031,C1
0.12058205183949335,C1
0.038304962360293404,C1
0.1135075738031835,C1
0.04336121081557022,C1
0.03419427700542926,C1
0.026284306888495902,C1
0.12761942094856915,C1
0.0793263514473763,C1
0.02171429296496452,C1
-0.07553128906097775,C1
0.08413579812992908,C1
0.06184686829734681,C1
0.13797277641015826,C1
0.15644428341422856,C1
0.13276630995304448,C1
0.06470274888215242,C1
0.05978404050624965,C1
0.10690782633641033,C1
0.0010990774956788074,C1
0.025017798370590663,C1
0.15788574178056383,C1
0.0927461382662698,C1
-0.02993541245528778,C1
-0.009329659169244248,C1
0.10201870318086655,C1
0.0548938579751336,C1
0.17116241924910872,C1
0.06143442816993669,C1
0.027251864364623037,C1
0.06791663054573473,C1
0.04963846267987811,C1
0.021269344753438252,C1
0.13491048837266598,C1
0.09408810353929968,C1
0.019688902576617772,C1
0.11871365698940534,C1
0.048010937277654014,C1
0.1417840854094762,C1
0.0707926157305928,C1
-0.06073516074015957,C1
0.06010204014790038,C1
0.07589253556848563,C1
-0.032022958539794484,C1
0.05187590538892316,C1
0.05287031282831847,C1
-0.014642675070990263,C1
0.09941197692556168,C1
0.08703478032716758,C1
0.03265942732116925,C1
0.08132564747301058,C1
0.17156992211305716,C1
0.10944145689195753,C1
-0.08631229862673298,C1
0.020611902169028168,C1
0.1187529433455158,C1
0.03727711142961816,C1
-0.07515431448678273,C1
0.07319730772698897,C1
0.11832521455002525,C1
0.056495669085956296,C1
0.10792402979194457,C1
0.1098564854105237,C1
0.013376664472574303,C1
0.1367212816289199,C1
0.09516458228248875,C1
0.09476197784169009,C1
0.15532665905263615,C1
0.09925929481526131,C1
0.07413704924383935,C1
0.0063058875695188865,C1
0.13458816130353332,C1
0.11204999703546181,C1
0.015514853092275214,C1
0.12299450692663452,C1
0.052142929482661235,C1
0.08728764921880994,C1
-0.01976216787678866,C1
0.005063774573091012,C1
0.14125613562776204,C1
0.10754448131596828,C1
-0.04262541377547024,C1
0.136095625598227,C1
0.024903349843590043,C1
0.024596016767930867,C1
0.02039172788112868,C1
0.0986971021839397,C1
0.10550170451415589,C1
0.04349748402133173,C1
0.07900201496916123,C1
0.08218452252718861,C1
0.06971873503979881,C1
0.06244377167301671,C1
0.04485770053100548,C1
0.00793279035374541,C1
0.12591071347778035,C1
0.10882836868096823,C1
-3.504536730117025e-4,C1
-0.02690985341147447,C1
0.12462918751463302,C1
0.008286804611165415,C1
0.11380832995654613,C1
0.08856872028519647,C1
0.1474858939112308,C1
0.06302719292026003,C1
-0.021075984077625717,C1
0.03991775085313319,C1
0.020935938917421654,C1
0.06857764491184068,C1
0.0254364777663139,C1
-0.0035724421614738554,C1
0.06424076743489418,C1
0.07903945425472624,C1
0.10009118685943187,C1
-0.03669086205169532,C1
0.07485301435746435,C1
0.029664900608717057,C1
0.08021697210725401,C1
0.14729992677243825,C1
0.09531799191776613,C1
0.21488726715861226,C1
0.03545075178976427,C1
0.04806584314305574,C1
-0.047047971227269614,C1
0.17193350693377535,C1
0.08651408644183822,C1
0.05739073961179797,C1
0.04534694006932507,C1
0.08021697210725401,C1
0.030092904878855794,C1
0.12805799419898672,C1
0.13665660297959503,C1
0.16376891384973663,C1
0.09360268688388325,C1
0.038320395474885936,C1
0.0882157176142782,C1
0.09840841573221754,C1
0.11292967225168156,C1
0.024995030106257803,C1
0.07875658778249912,C1
-0.0037476649565876333,C1
0.028784803626092335,C1
-0.08906371990723494,C1
0.12899015677762266,C1
0.048518811396719506,C1
0.17321924029963737,C1
0.025481732712709194,C1
0.14203636488344923,C1
0.00573739152456066,C1
0.0725691372979054,C1
0.1390410951622018,C1
-0.042768383225627045,C1
0.08564459151351358,C1
0.1362938050670787,C1
-0.03729499838104011,C1
0.05022182489352879,C1
7.088112133166527e-4,C1
0.03487030766840399,C1
0.10593162164352296,C1
-0.029900053055210582,C1
0.003089186208685134,C1
0.1044485221472723,C1
0.030233470559769493,C1
0.05583069677258283,C1
-0.0691385701595725,C1
0.10469792989462343,C1
0.1269280467312277,C1
0.11946420289543301,C1
0.05605904692448907,C1
0.02759815321790356,C1
0.07601885270481576,C1
0.044690878477079435,C1
0.02392231081739299,C1
0.06545460954238366,C1
0.07191236492901644,C1
0.0547594560788321,C1
0.05894976601482133,C1
0.11558520791614871,C1
0.04918672486710028,C1
0.11837070201855646,C1
-0.08685019986503162,C1
0.07809795037773559,C1
0.030896969186897508,C1
0.08402684420691779,C1
0.017212665803392112,C1
0.05970254428215066,C1
-0.0842857783499501,C1
0.14210452817068922,C1
-0.028117737942827913,C1
0.021269344753438252,C1
-0.034588456620423966,C1
0.045362859714566835,C1
0.052960552586740636,C1
0.07953160585139843,C1
0.08029845416539468,C1
0.12573140929635854,C1
-0.006276748523311816,C1
0.01119753248586566,C1
0.17998767748506078,C1
0.10793379770563845,C1
0.07463939729681426,C1
0.017843995740124803,C1
-0.08906371990723494,C1
0.03361623175310714,C1
0.11014789649140143,C1
0.06518021083920797,C1
0.026736289461269592,C1
0.034485274845017296,C1
0.027421181001323788,C1
0.029408248524811848,C1
0.13281188757555443,C1
0.012841342140987663,C1
0.13971065326179746,C1
0.1415109503377971,C1
-0.0155201054903296,C1
-0.04483427149986913,C1
0.14100396063559015,C1
0.12259074801845857,C1
0.011552758320125395,C1
0.03190211516304922,C1
0.0072469572617963555,C1
0.033313561088163315,C1
0.09102134438669171,C1
0.060237348347197336,C1
0.18510401083798417,C1
0.03151289570879408,C1
0.11764096630439466,C1
0.010231916289674708,C1
-0.03694489533762506,C1
5.326120458100381e-4,C1
0.009158132266841347,C1
0.041763678658992845,C1
0.14489687649023036,C1
-0.04586100222390702,C1
0.14158536096354002,C1
0.06356268017319397,C1
0.05118149237287684,C1
0.05354037992662613,C1
-0.014323307726695628,C1
-0.14477190141275234,C1
0.035057733249058684,C1
0.09875136041125587,C1
0.08631288128802792,C1
0.038490735817814446,C1
0.07311951401887522,C1
0.10964591529245812,C1
0.11716066464460681,C1
0.05090959284398052,C1
-0.03261551095194573,C1
0.13560121673679754,C1
0.05905400819555956,C1
0.11680586016436989,C1
-0.036440444310254456,C1
0.058036220327152645,C1
0.13862292851180402,C1
0.0475929062579975,C1
0.14498208262764242,C1
0.04687777963755163,C1
9.236576347742623e-4,C1
0.08523344406785371,C1
0.11366785601350954,C1
0.07687887553099138,C1
0.13459896223834347,C1
-0.03484008592578623,C1
3.4442327478283186e-5,C1
0.13137262213347095,C1
0.0793333050407473,C1
0.15526746778009126,C1
0.14821299312645744,C1
-0.08360331937175894,C1
-0.003781505236080014,C1
0.05064640439343158,C1
-0.05100644351408211,C1
0.1041467933687921,C1
0.11964999663777694,C1
0.0075889722388636,C1
0.17018039722720482,C1
-0.026809046018533095,C1
0.02463080782567298,C1
0.02936815412478015,C1
-0.004282009605795974,C1
0.12852624964398646,C1
-0.008691338257582712,C1
0.0021577445826800185,C1
0.1087238444713165,C1
-0.03670789064661695,C1
-0.06725857905128092,C1
0.029196981481399487,C1
0.041807620323266,C1
0.05596248492631281,C1
-0.05420280308735946,C1
0.10610491665892766,C1
0.06723634594441422,C1
-0.0016201872675166464,C1
0.04821411310323563,C1
0.05337739201997273,C1
0.0731663922856794,C1
0.2047011876092898,C1
0.04268668184021346,C1
0.20230457887920852,C1
0.12318116177722177,C1
-0.007192134773691558,C1
0.11624367960020039,C1
0.011797789338146486,C1
0.12197447946851003,C1
0.084264984707441,C1
0.08541408028056655,C1
0.03865280214760973,C1
0.04856274853426028,C1
-0.02372062353887394,C1
0.06695753173115929,C1
0.12042172253001765,C1
0.059700926220443616,C1
0.044337472344374386,C1
0.15067719557609038,C1
0.09818833941577608,C1
0.07515298102517733,C1
0.011729688011039583,C1
0.156749109096727,C1
-0.04574387807047656,C1
-0.05628202677184661,C1
0.061393389651815226,C1
-0.01858094437496527,C1
-0.012694042247426516,C1
0.0592358719342595,C1
0.06882398787475896,C1
0.06705295580163206,C1
0.02532851774474676,C1
0.16409158420140885,C1
0.12792251784462852,C1
0.09907055449389111,C1
0.05565679171342422,C1
0.08968180172463731,C1
0.1804268631667282,C1
0.011927042343554873,C1
-0.019529708653589165,C1
0.0035458221224291125,C1
0.06253530888663122,C1
0.10362495668663634,C1
0.13051775921582837,C1
-0.023072729795835113,C1
0.12435476039438555,C1
0.01641119962701649,C1
0.08232808937409707,C1
0.13214572183812612,C1
-0.012126313789633657,C1
0.10659845194931193,C1
8.525703300546229e-4,C1
0.04027871683242397,C1
0.1087260976261948,C1
0.03727274404834334,C1
0.10313139419758968,C1
-0.0032697460061889075,C1
0.11188500259162505,C1
0.05470524764333042,C1
0.06449929430380044,C1
0.09531470031470098,C1
-0.016387442736242177,C1
0.04554837488673705,C1
0.18270021101893125,C1
0.07100553917996662,C1
0.02161873840616426,C1
0.09422656521304813,C1
0.04930053506038594,C1
0.07258345142592806,C1
0.10662230631225737,C1
-0.026696305483418944,C1
0.08629567033793831,C1
0.10027971320341199,C1
0.03394732336381678,C1
0.11455569463558989,C1
0.09475790626124041,C1
0.10597723811982715,C1
0.04527302000518824,C1
0.12354430844237936,C1
0.07637477437088454,C1
0.12038247046161536,C1
0.1545842950751011,C1
0.06433822092785876,C1
-0.05316731400068345,C1
-0.001374365255999068,C1
-0.04895349941981581,C1
0.05918996665281619,C1
0.025538297889692214,C1
-0.04669156813468332,C1
0.10451511868335846,C1
0.037115597192656835,C1
0.033276254568669617,C1
0.18633854471725192,C1
0.022968324566227296,C1
0.15474556701369294,C1
0.1312461597273298,C1
-0.014116728945926705,C1
0.11793411404116955,C1
0.0985809203786853,C1
0.09137822705083293,C1
0.0975643082688899,C1
0.12408317364248667,C1
-0.037611841147858406,C1
0.035738712048523164,C1
0.07046154575307725,C1
0.05857801254488371,C1
-0.015136705928392728,C1
0.050217486620137926,C1
-0.006964222706757127,C1
0.06557399780725696,C1
0.015676044209109036,C1
0.15234090705149836,C1
0.1431605899235524,C1
0.16212504279667544,C1
0.06715078399109671,C1
0.014827292385737052,C1
0.11082540049875378,C1
0.11201016343752127,C1
0.12669544329561178,C1
0.0945024676458781,C1
-0.010684956186028001,C1
0.16566479892956737,C1
-0.08770729835099035,C1
0.00587897624432546,C1
0.11424584089398188,C1
0.07606524126758792,C1
-0.03354509114203223,C1
0.2018534165819741,C1
-0.048152465914663815,C1
0.17523667967056308,C1
-0.014971974311245742,C1
0.09483806653178592,C1
0.12210405117535494,C1
-0.012820242363248475,C1
0.05048793118619687,C1
0.08461895480490088,C1
0.1053215426225943,C1
0.1650867701190018,C1
0.15312382760828572,C1
-0.008226522601838166,C1
0.07604561680284962,C1
0.1533094746096066,C1
0.07722605461378024,C1
0.06642671046709005,C1
-0.0503205006598543,C1
0.1239168122770754,C1
0.03669740225436672,C1
0.13426469986903525,C1
0.1289091770069388,C1
0.09432529568940266,C1
0.03684977508257504,C1
0.05845930770893122,C1
0.05984152435573184,C1
0.017689435232919482,C1
0.00896670010662062,C1
0.03595579297299644,C1
0.1309222240230083,C1
0.171701845426958,C1
0.10591229745923895,C1
0.07102250328915571,C1
0.024300735471041172,C1
0.05337291530347633,C1
0.04166135438620834,C1
0.16923719981728377,C1
0.08030958869376151,C1
0.1018672296169823,C1
0.036576454671181105,C1
0.12393974033296591,C1
0.09821266727115546,C1
0.16219249279224474,C1
0.06874674484007212,C1
0.003308309576664701,C1
0.07960393582158783,C1
0.03684977508257504,C1
0.008588671165156131,C1
0.16942576596315914,C1
0.0722341762348522,C1
0.07452191421372295,C1
0.11082087193656247,C1
0.04464876076031472,C1
0.11473239412134689,C1
0.05387657378805521,C1
-0.008524364756770826,C1
0.09616023355059186,C1
0.13232537829025223,C1
0.058702414311949704,C1
0.10145748491672793,C1
0.0245911785936143,C1
0.11305760947475083,C1
0.07710559135725567,C1
0.048108262596181686,C1
-0.07296132440465046,C1
0.22784930434702963,C1
0.008016808840751965,C1
0.04498955521949491,C1
0.04458482308208833,C1
0.05759032071622126,C1
0.11791144883271142,C1
0.16995149022924277,C1
0.04721287483953811,C1
0.06848813607156078,C1
0.03134419255580044,C1
-0.037456494095108366,C1
0.17062869161402855,C1
0.037256787506532274,C1
0.10933016921562087,C1
0.10792562308936118,C1
0.015855808708214267,C1
0.1114081352852299,C1
0.021690643749774908,C1
0.007997975425938435,C1
0.0602977132655296,C1
-0.07638588363982773,C1
0.03831801473741694,C1
-0.029553863901230226,C1
0.03651972171353381,C1
0.063536796785594,C1
0.09642428324964239,C1
0.014144658153160433,C1
0.07084876650895504,C1
0.10397085106006165,C1
0.06480109533962534,C1
0.02243628781790747,C1
-0.06651218127513266,C1
0.05385122516329677,C1
0.15886424031314483,C1
-0.11558769650099555,C1
0.09166524664235162,C1
0.03887356114122482,C1
0.1025452267863496,C1
0.04568790550150332,C1
0.07776127181565376,C1
-0.01781764610555933,C1
0.2048351526492942,C1
0.029968621468127395,C1
-0.09576421155634784,C1
0.01780103383992885,C1
0.14570897326146606,C1
0.05378972615734369,C1
0.08325362099814423,C1
-0.030855332965460974,C1
-0.05223969440459998,C1
0.11145516077915474,C1
0.1340322251564665,C1
0.09138869663540779,C1
0.10240893770746867,C1
0.03347305172224261,C1
0.13379516296049626,C1
0.09962007976172378,C1
0.10221392424674303,C1
0.02887896205121635,C1
0.10695243786473094,C1
0.17270980070686542,C1
0.22490513311003185,C1
0.04805385094715835,C1
0.02812254039072905,C1
0.06533708324888542,C1
0.0956007228962385,C1
-0.00520217621010415,C1
-0.04556314042369957,C1
0.06091399882670805,C1
0.06478300300238606,C1
0.123554548359427,C1
0.04621954571820225,C1
0.08880262699737179,C1
0.042713031658128994,C1
0.043360633113691455,C1
0.02066513653009791,C1
0.05382244382888402,C1
0.04798009194471368,C1
0.176231285078678,C1
0.10195310734395432,C1
0.21259170269798539,C1
0.06051510726949113,C1
0.0822569073478142,C1
-0.01389451608412033,C1
0.048377335250320876,C1
-0.013785644095751242,C1
0.10279644142645838,C1
0.18517891016221943,C1
0.029445924946354816,C1
0.09604847892979815,C1
0.11206706350748913,C1
0.03911653998871451,C1
0.031986324991568206,C1
0.0013900977496714428,C1
0.18584019017478315,C1
0.051024661340072504,C1
0.0773671023384282,C1
0.10070761803234585,C1
0.08993394956977992,C1
0.1664328707685638,C1
0.07438276112796688,C1
0.017831696000077495,C1
0.16212504279667544,C1
0.02519208202453217,C1
0.04254589689770785,C1
0.1079689836212156,C1
0.08561741649536353,C1
0.15807556587176158,C1
0.065368608263558,C1
0.03298546632335441,C1
-0.07231042841004642,C1
0.026945849467588427,C1
0.03021825859109724,C1
0.05639836762698699,C1
-0.014709312116629153,C1
0.13042466986842075,C1
0.0411850512125713,C1
-0.051663951619902955,C1
0.09409731254050042,C1
0.14106257777150258,C1
0.08525918888105503,C1
0.017585855568485194,C1
0.04002977470040089,C1
0.08206693623339,C1
0.03779040216417033,C1
0.03196434024949124,C1
0.044531066036739425,C1
0.055621041297713,C1
0.09083871745886343,C1
0.03157336614597675,C1
0.13078241710496752,C1
-0.016120887647776305,C1
0.0646673030116014,C1
0.12021367438747499,C1
0.14591006343355165,C1
-0.018298365633903198,C1
0.1361830602434274,C1
0.16917725753039042,C1
0.03395765278828894,C1
0.13077455152893536,C1
0.05621831372526629,C1
0.08946414247324608,C1
0.10464966367950933,C1
-0.018842990712101194,C1
0.04486902558186225,C1
-0.011439588217771577,C1
0.15948802570719345,C1
-0.008422460384827836,C1
0.04638156840263665,C1
0.11904556929494517,C1
-0.023457992569286677,C1
0.04362320098802702,C1
0.05761444628568906,C1
0.1454898021736569,C1
0.14309789036394258,C1
0.1328876903069622,C1
0.13777561650345616,C1
0.013616965026549282,C1
0.12148959937971839,C1
0.14357588057159554,C1
0.02689979941066959,C1
0.02420611177550327,C1
0.017908954028667358,C1
0.12980392916990263,C1
0.09790427095327726,C1
0.04933454559085259,C1
0.033804310693147335,C1
0.12521871099032347,C1
0.0896170619595141,C1
0.15730186543286254,C1
0.01957450951032908,C1
-0.019175290775096228,C1
-0.08276367587599529,C1
0.05786938287001577,C1
0.15146571164484635,C1
0.0421030444475689,C1
0.09811298161905158,C1
-0.08990637074121763,C1
0.03878977704775119,C1
0.14079890135820314,C1
0.10050731994256214,C1
-0.1529654222702098,C1
0.04689191868335017,C1
-0.019852672856239144,C1
-0.015952212251698843,C1
0.10049538258441303,C1
0.11734612521493683,C1
0.2164422271816456,C1
0.10797263262924998,C1
0.057192280309999066,C1
0.10402446667560572,C1
-0.017462984797622663,C1
0.130698622577075,C1
0.16541272115105365,C1
0.0515163539315793,C1
-0.045635472106104,C1
0.05016947483157136,C1
-0.014700667308497988,C1
0.17333619126990635,C1
0.03943904186830301,C1
0.1819957084931264,C1
0.02946488783017946,C1
0.04597894453860438,C1
-0.020809372466186707,C1
0.029548235533673438,C1
0.039769048039404835,C1
0.01379324670497215,C1
-0.07669185096575443,C1
0.09821871954417788,C1
0.1595957971706637,C1
0.06562744401321768,C1
0.12153899610995611,C1
0.015138201632690383,C1
0.15574126716490502,C1
0.1072034976762758,C1
0.04886342556879095,C1
0.07631563142775374,C1
0.1152560702340481,C1
0.07616693829835172,C1
0.12298979901292478,C1
-0.05355872230390685,C1
0.02629235846200309,C1
0.0025941366055217546,C1
0.009422233224890372,C1
0.031029509653598075,C1
0.1215740043086874,C1
0.06044639907827727,C1
0.1911287426947132,C1
0.11979049529011522,C1
-0.034175184543784334,C1
0.1409983338840549,C1
0.023701630334126984,C1
0.005041154586346368,C1
0.055983863643586394,C1
0.1346481202563687,C1
0.1532157161820803,C1
0.04873073925608717,C1
0.06764570331287793,C1
0.044950265127111186,C1
0.05055754067589827,C1
0.09845635172699607,C1
-0.09591198904439469,C1
0.1845537932181442,C1
0.02503199013823695,C1
0.31834987130772774,C1
-0.040557656668276765,C1
-0.05404910561524598,C1
0.0448354839611315,C1
0.1362183802798395,C1
0.08014597925775788,C1
-0.017675336218241675,C1
0.14248753729268912,C1
0.01692837520455622,C1
0.08519815322784192,C1
0.005801828450030503,C1
0.152091840069701,C1
0.04470643932359601,C1
-0.05186956396661902,C1
0.15102962030370856,C1
0.1590399834669974,C1
-0.002591636936592659,C1
0.09546367591461485,C1
0.03189148589399395,C1
0.002825340810071582,C1
0.049322148482707745,C1
0.08476624041937256,C1
0.10356043347470474,C1
0.04011343013461633,C1
0.05761054378403248,C1
0.057449622585185364,C1
0.10742744460931494,C1
0.17633384920272716,C1
0.026620354888183234,C1
0.07839809764817617,C1
0.0668340817689109,C1
0.08085327356600484,C1
0.09649989473226044,C1
0.07676350342418466,C1
-0.06969552105064983,C1
0.11380906474462445,C1
0.046004969009200064,C1
0.002630936243760297,C1
0.036840988444377845,C1
0.08752709234947764,C1
-0.007038244793111544,C1
-0.008581311700531027,C1
-0.021186670619549965,C1
-0.013268747569281134,C1
0.16140692992320196,C1
0.13659524303075163,C1
-0.04703587151680946,C1
0.19777638623339117,C1
0.09726703845050787,C1
-0.11080323286593496,C1
0.09836517687516208,C1
0.09241693916589519,C1
0.004997329197833329,C1
0.07181607066628204,C1
0.07225586504825735,C1
0.08381182748651647,C1
0.1621417710101285,C1
-0.014931973935450364,C1
0.15311858515727558,C1
0.12053462914545852,C1
0.1092075716452902,C1
0.004029526380686353,C1
0.1470551011085751,C1
0.042585679618769426,C1
0.08185374002147981,C1
0.048706311169581865,C1
0.041170298057999606,C1
0.06703782690731973,C1
0.033660317285256265,C1
0.14120404760209293,C1
0.14318057521870894,C1
-0.0022791775164314387,C1
0.08908519264072158,C1
-0.03887644868944275,C1
0.10421157265021605,C1
0.027515128866936408,C1
0.14760828925133868,C1
0.0936053233017973,C1
0.08157465957172641,C1
-0.07992884689214672,C1
0.08193008814617404,C1
0.03999729645796815,C1
-0.045064311858761835,C1
0.15446278074673606,C1
0.018656499773350082,C1
0.004999488870223785,C1
0.01504362444839765,C1
0.14626658253018673,C1
0.008844897533865387,C1
0.11021662384262158,C1
0.11722962527589813,C1
0.10791641633205609,C1
-0.034701727057926644,C1
0.03752237087096131,C1
0.16038108391141304,C1
0.06808878534467014,C1
-0.014789498860413065,C1
0.059012109889701174,C1
0.06143372999248044,C1
0.10700806262107904,C1
0.20534901657583998,C1
0.09913514947211828,C1
0.019172205531676027,C1
0.07929379195416508,C1
0.09094193420019597,C1
0.1868019795624826,C1
0.174857485595342,C1
0.025865153757898655,C1
0.08689732378666416,C1
0.10858345690240157,C1
0.013753287867932507,C1
0.11435554234797517,C1
0.113043442582379,C1
0.17827722052464803,C1
0.18830848932055677,C1
0.04826698223022018,C1
-0.05426521075248561,C1
0.08753837320800507,C1
0.07681471948165698,C1
0.04795284552478754,C1
-6.722252193316208e-5,C1
0.08435950474328203,C1
-0.052122819831551474,C1
0.0565127839871806,C1
0.05628465810433415,C1
0.1741994234849157,C1
-0.013514789412125292,C1
0.1820585582419861,C1
0.03198882054244302,C1
0.19678860879849971,C1
0.090255515906476,C1
-0.019196919263760985,C1
0.08200141684484594,C1
-0.07325875166644476,C1
0.1623300150811259,C1
0.1853651239994742,C1
0.1437911388972879,C1
0.017626692325910236,C1
0.08102370245520613,C1
0.11346263988760355,C1
-0.0051697140280027,C1
0.1463189294286541,C1
0.09411912966444715,C1
0.16200121853668084,C1
0.04258669409513875,C1
0.16746157010859297,C1
0.07001846944881682,C1
-0.0141366008048362,C1
0.05694856802831473,C1
0.13672982901326197,C1
0.0821881043536737,C1
0.16435925717140026,C1
0.0642563737605575,C1
0.07827864307512522,C1
0.062436143248496646,C1
0.001191031218584996,C1
0.04322552195035123,C1
0.10292948775993291,C1
0.02636488161050545,C1
-0.10473880504423885,C1
0.030508886696656443,C1
0.05351470000345098,C1
-0.009324482683323226,C1
0.0990510074265884,C1
0.11825671387181025,C1
0.06146904556036341,C1
0.1018615052500726,C1
0.09200192062156054,C1
0.13217747611654143,C1
0.0318825134486625,C1
0.11426425070985587,C1
0.03298945909146852,C1
0.02080640017717425,C1
0.07070235468656656,C1
0.07104108848078486,C1
0.23384220395634525,C1
0.08112563986133178,C1
0.030015938148682277,C1
0.10670341199355741,C1
0.09270010327199509,C1
0.018514875251584198,C1
-0.10421415392318248,C1
0.042770319386484894,C1
0.06443095734023442,C1
0.10194214102594867,C1
0.08344436400539326,C1
0.08538475905810473,C1
0.17685508141079148,C1
0.05844012601062259,C1
-0.008652694190654748,C1
-0.13349020083650248,C1
0.046239460285472433,C1
0.11702033487318109,C1
0.0471189425036152,C1
-0.02846690019139684,C1
0.16163629136326793,C1
0.0961046897272959,C1
0.07492911637912461,C1
0.10707359592525886,C1
0.03202190392519244,C1
0.07674446140397746,C1
0.04882932686574296,C1
0.0031380324640716134,C1
0.06677349150698886,C1
0.10016772945286902,C1
0.08077443907896494,C1
-0.005899212587306798,C1
0.007469205999675821,C1
0.023328727002666805,C1
0.1489009857400937,C1
0.011430527625350746,C1
0.17426558896180439,C1
0.06752795763070987,C1
-0.026350345816589633,C1
0.008610359095178079,C1
0.06388299438355083,C1
0.02930886967407561,C1
0.058596945054478974,C1
0.05156804810831557,C1
0.16267158038863488,C1
0.13025333136113176,C1
0.07053633880894893,C1
0.16060278664390334,C1
0.060535728358731014,C1
0.12628710308675048,C1
0.11813737122867254,C1
-0.006405120088272463,C1
0.03822766183529333,C1
-0.006194663491707601,C1
0.0578759535666772,C1
0.01788731897986688,C1
0.11498973550730261,C1
0.00285481994981944,C1
0.027399007668915815,C1
0.0848234289003303,C1
0.010656196222491886,C1
0.14547680408813043,C1
0.06434889039401619,C1
0.09867393193339333,C1
0.14585042481139948,C1
0.09058719060964952,C1
0.1286230569601408,C1
0.13276566957994457,C1
0.057552280996852785,C1
0.06924797142719419,C1
0.11400595025773481,C1
0.0014498487003499604,C1
-0.06686762085000085,C1
0.08342312521249316,C1
0.08184974392507016,C1
-0.01940202565268217,C1
-0.032009361732919454,C1
0.11107414592269738,C1
0.04964594870765263,C1
-0.016627466117554612,C1
0.01029747403428085,C1
0.07985194342104474,C1
0.2088454920546446,C1
-0.06057601240931963,C1
0.028379102439959263,C1
0.10313490238770004,C1
0.0883217428805418,C1
-0.017128583205835154,C1
0.09333238335564607,C1
0.05906376441603542,C1
-0.013877629831349223,C1
0.04561759749662399,C1
0.08283164343570937,C1
0.09346579976266424,C1
0.1252559733049292,C1
0.049813756900339505,C1
0.11944575891181801,C1
0.0646990724075856,C1
0.11846384348998044,C1
0.08180138683121686,C1
0.07988600112207231,C1
-0.03552895838757408,C1
0.08486907390711293,C1
0.07400935655154697,C1
0.08354694645795648,C1
0.15889563690527678,C1
0.1042655868269593,C1
0.22696537438279835,C1
-0.06753676401944128,C1
0.12317337726497886,C1
0.004806704346314111,C1
0.004697229150154435,C1
0.06937312670451781,C1
0.08031898825212712,C1
0.06772206995141165,C1
0.10936359254214376,C1
-0.019138831269398963,C1
0.13738613471977573,C1
0.09154543052488737,C1
0.06110657972176288,C1
0.09360098091019799,C1
0.16950571734382122,C1
0.06946032388266557,C1
0.17275160843860263,C1
0.13831328247358352,C1
-0.019461687199903734,C1
0.18364607021661247,C1
0.025150511869787413,C1
0.0031575556024579857,C1
0.2057575006793534,C1
0.1908517167352965,C1
0.14868332425074118,C1
0.11618269800973584,C1
0.051370787342662344,C1
0.13678399053303134,C1
0.09932052363785217,C1
0.14604635473771985,C1
-0.027114254046363778,C1
0.11921379023956906,C1
-0.0300103147878458,C1
0.06783232577825093,C1
0.15154330861695117,C1
0.07746756877218527,C1
0.07026007894351385,C1
0.12109768051111636,C1
0.0615322668058595,C1
-0.030645753010201907,C1
0.03334874138091945,C1
0.1979105762658029,C1
-0.037639401338698475,C1
0.010903617409884334,C1
0.03844353641262298,C1
0.06713099339265018,C1
0.10974651984474912,C1
0.10081712034498756,C1
0.021590556989746133,C1
-0.013323071267374961,C1
0.029187640463436693,C1
0.06352756926077861,C1
0.1486415818651069,C1
0.10554091348219986,C1
0.15617497879743936,C1
0.15454031294306428,C1
0.14314288564460217,C1
0.1150049988886056,C1
0.14233910829492838,C1
0.11729137267381166,C1
0.06136284166231637,C1
0.12515005532176388,C1
-0.013049636091866088,C1
0.1120687954891581,C1
0.04656147053159827,C1
0.07524620814905736,C1
0.08829923983555417,C1
0.01836480900844636,C1
0.10433270595343735,C1
0.08229109029128141,C1
0.1768967814906592,C1
0.0035764241538887827,C1
0.02415902674735249,C1
0.008655551985858413,C1
0.0377310612517669,C1
0.008009269078478355,C1
0.002652263471308147,C1
0.02717393652347732,C1
0.1030786335136169,C1
0.08760251811371503,C1
0.13472654747751292,C1
0.16934168128052887,C1
-0.0049215212302649025,C1
0.05768614036186215,C1
0.07362942489296379,C1
0.07532646035646183,C1
-0.025811941065846625,C1
0.10000274664830455,C1
0.03838168839055715,C1
0.0789355727055357,C1
0.06607937908590096,C1
-0.04785793672165764,C1
0.054158968880768765,C1
0.21908435484519354,C1
-0.007445622035761348,C1
0.08443056922034534,C1
0.14652277092952878,C1
0.034321406387191875,C1
-0.09819961968170457,C1
0.05625672293346845,C1
0.08012360700699378,C1
0.00950271915338732,C1
0.08995989159710581,C1
0.0367446812218258,C1
0.06450497465503023,C1
0.07390781303564727,C1
0.06491146737143022,C1
0.02831376589306228,C1
0.06608121686179513,C1
0.011383336760904483,C1
0.016600654188113496,C1
0.09014313780356116,C1
0.03398314953670152,C1
0.02607179569516972,C1
0.0686368385265315,C1
0.1133454058898786,C1
0.16200121853668084,C1
0.0032974939741927806,C1
0.06120623674676351,C1
-0.032780626696755036,C1
-0.013220099836793203,C1
-0.07269882148174246,C1
0.07017232928810668,C1
0.13323487737232362,C1
0.0849004047586065,C1
0.09178178462303534,C1
0.09638901802178862,C1
0.05864798414500741,C1
0.04397495848960664,C1
0.07831463432888912,C1
0.0769826375597289,C1
0.017954856014681844,C1
0.06276401750180136,C1
-0.026653707418338567,C1
0.09006434082458642,C1
0.03870801160534065,C1
-0.0017888230828589959,C1
0.015582046554661062,C1
0.15021688049246365,C1
0.2077867150796878,C1
-0.058891156015422746,C1
0.1390688564914669,C1
0.047667401008765695,C1
0.004924760220470255,C1
0.09968442354489253,C1
0.08438774930583134,C1
0.11359317343154045,C1
0.05438415431883308,C1
0.12137186256699753,C1
-0.05579903750477164,C1
-0.03982000979694298,C1
0.07569497926386272,C1
0.08431147124600526,C1
0.045677563238914164,C1
0.1357046458390044,C1
-0.020878550138634974,C1
0.07142352473893177,C1
0.0833988201400688,C1
0.11659658742154742,C1
0.05021544757074831,C1
0.12005745726154185,C1
-0.006194663491707601,C1
0.06662365627264813,C1
0.0024840910989051487,C1
0.023953036015065533,C1
0.08079263895532848,C1
0.02542057573600559,C1
0.09338836983922243,C1
0.08350712595111778,C1
0.1228185264563171,C1
0.01926522119480572,C1
0.15573628473168605,C1
0.15783097063715973,C1
-0.01477229232534688,C1
0.009614139598530826,C1
0.10526544538344365,C1
0.17646429772581818,C1
0.06851138084775057,C1
0.21107511351014335,C1
0.03814926949063674,C1
0.04125669936266459,C1
-0.06435505264734179,C1
0.08843043398758672,C1
0.047436474324419206,C1
0.08344436400539326,C1
0.18682664340940314,C1
-0.008127739740954272,C1
0.019349865258661086,C1
0.1573618348872663,C1
0.1447412346849745,C1
0.0316769267864198,C1
0.08176548830844835,C1
0.030095595338091044,C1
0.02864258271621598,C1
0.08631420629125747,C1
0.043541373268307745,C1
0.060629314302180694,C1
0.13345790325780368,C1
0.14455143396229192,C1
0.0295725237335576,C1
0.05026703560877026,C1
0.020951805492393588,C1
0.1271893765621873,C1
0.1725891582550304,C1
0.033997168470358725,C1
0.013406451180829216,C1
0.07205662476334868,C1
0.0995396814068405,C1
0.11775890909429865,C1
0.06313800136022864,C1
0.12789629448966666,C1
-0.056860375414339186,C1
0.09407281924731142,C1
0.13465285222695478,C1
0.14980066970812655,C1
0.005093203192253724,C1
0.0801237572273884,C1
0.0016180060966715648,C1
0.031145676545226195,C1
0.030006549767677346,C1
0.0999386597806396,C1
0.08944852426791788,C1
0.0556966346480709,C1
0.08388418799737465,C1
-0.043341150591463984,C1
0.08908215822641712,C1
0.04846447595550312,C1
0.11328798866004089,C1
0.08442069750152925,C1
0.0414443784745875,C1
0.047317276895060066,C1
0.0612539488117221,C1
0.1732792249837326,C1
0.040160071956269916,C1
0.15527898391847766,C1
0.17497224192531333,C1
0.04166857520636849,C1
-0.03012672513039629,C1
0.09523519039761955,C1
0.04836876168328609,C1
0.12585407911823482,C1
0.13595501304813207,C1
-0.035724845775815015,C1
0.08611569903276695,C1
-0.02112483948586799,C1
0.033071828487976955,C1
0.041256449850664616,C1
0.1875639584589982,C1
-0.014101157737034811,C1
0.037321909050058014,C1
0.13410472305865123,C1
0.022765926223781048,C1
0.11902000405220221,C1
0.029944106393442027,C1
0.042784381930339906,C1
0.019781077644584706,C1
0.181251159556729,C1
0.202003058723217,C1
0.007926264234075366,C1
0.03989768898857274,C1
0.16546345505103313,C1
0.09967505515686681,C1
0.042689690049279375,C1
-0.022821595582528366,C1
0.03306066961619761,C1
0.10716352347943686,C1
0.06521749053399419,C1
0.044232503409829683,C1
0.09466388817048066,C1
0.09908272627656534,C1
0.1797879318666201,C1
-0.002891618043345208,C1
0.14439110020205076,C1
0.04461472590846976,C1
0.030321146945866982,C1
0.12749518851043654,C1
0.14182365675090836,C1
0.06551632357806897,C1
0.02016026869456987,C1
0.06365041547347182,C1
0.12989333936253375,C1
0.16905988237481237,C1
0.15705957314645508,C1
0.11138470772153494,C1
-0.05523388702889741,C1
0.04329485077640295,C1
-0.029763696327811673,C1
0.03831631914710091,C1
0.02980976432020571,C1
0.08688727631760375,C1
0.1463946842352407,C1
-0.03652063503156133,C1
0.024655924641965594,C1
0.08301008140148476,C1
0.20857552121929956,C1
0.23097252391991208,C1
0.09174229405756726,C1
0.18447767879523116,C1
0.10616242009401829,C1
0.06496704314645932,C1
0.0753004809398479,C1
0.16748729986792507,C1
0.056118503141409204,C1
0.034450233723977694,C1
0.07395113780972552,C1
0.028355055944724122,C1
0.0019360693168115166,C1
0.11715465330516105,C1
0.21231728929723986,C1
0.08163524204023086,C1
0.09978069992719178,C1
0.2056969307004957,C1
0.05847845784117728,C1
-0.03797531642848552,C1
0.14859402651669634,C1
0.1708947365477943,C1
0.065680625177547,C1
0.05513838988098292,C1
0.05651239581052439,C1
0.07732499918857282,C1
0.08767976190052358,C1
0.15387614032135394,C1
0.22530028757240142,C1
0.12475208812849685,C1
-0.06393830984940105,C1
0.18957386362973233,C1
0.027699668015643778,C1
0.0479834898391967,C1
0.017368947595113548,C1
-0.012345584212379208,C1
0.07420760276782287,C1
0.02902147717174575,C1
-0.07904176899004366,C1
0.01903716616754866,C1
0.13356806304413082,C1
0.12364556921098842,C1
0.12253701780541049,C1
0.007062970342920678,C1
0.10215404464552932,C1
0.07925122696739265,C1
0.08585674774103795,C1
0.04664573510050107,C1
0.02466776747060968,C1
0.072627348872101,C1
0.05040550077335089,C1
-0.022145699582792416,C1
0.041616996032064237,C1
0.10423041403027172,C1
0.05723665572786428,C1
0.11982915453079693,C1
0.04618902472973124,C1
0.08451447399502493,C1
0.03770254298465255,C1
0.04118390809091042,C1
0.046466691748868715,C1
0.09461275374042534,C1
0.03441206711645115,C1
0.10547901886965104,C1
0.0706843343867398,C1
-0.016688372811556683,C1
0.04731043406925027,C1
0.02319262419239727,C1
0.05920955864941256,C1
-0.03157162051502316,C1
0.05159007141204355,C1
0.04364818795452119,C1
0.1148233367950307,C1
0.030599634021716844,C1
0.07398489878255374,C1
0.07143251283391133,C1
0.01791550427002363,C1
0.006566271532809729,C1
-0.06621373275086385,C1
0.10039614097778438,C1
0.043639534927891695,C1
0.15221981445027263,C1
0.03884391191804373,C1
0.04758166808055064,C1
0.13365085619907696,C1
-0.018199670095372003,C1
0.18587531376992575,C1
-0.02614177122020816,C1
0.1430299551621095,C1
0.14316713863234304,C1
0.0928907375148127,C1
0.16820154231814674,C1
0.08457482578850864,C1
0.13436896748515598,C1
-0.042506526396464926,C1
0.008486151231844492,C1
-0.09384898732445751,C1
0.11030176713237543,C1
0.032375377531882084,C1
0.07134129131082287,C1
0.03409606075139513,C1
0.08021984805531493,C1
0.16855527225122785,C1
0.12558821219890579,C1
0.09937986293179044,C1
0.12492460551996905,C1
0.03859691251243889,C1
0.01659433287101498,C1
0.12259191101644858,C1
-0.05259084301516653,C1
-0.04139278410977447,C1
0.08293140504706564,C1
0.06237845338061654,C1
-0.024167524312126317,C1
0.034571113802874885,C1
0.01326448342686281,C1
0.06080263471644956,C1
0.14633676885797378,C1
0.07380355341357586,C1
0.0842779271396883,C1
0.13461683652125428,C1
0.05948133946773157,C1
0.1602553739016667,C1
0.15573377222374077,C1
0.031144475021837405,C1
0.06986489832922377,C1
0.05986011578728223,C1
-0.07035702499920687,C1
0.11658693429756697,C1
0.04053405762194628,C1
0.159769776584634,C1
0.16180845905884161,C1
0.06360329496002202,C1
0.00376776342805947,C1
0.08604492112194828,C1
0.18477870342656372,C1
0.05759046753333631,C1
-0.042580869492121205,C1
0.07294790497499049,C1
0.13279405613556067,C1
0.04062540310648399,C1
0.01733993454302482,C1
0.023886030096831205,C1
0.06585120445880317,C1
0.11107398686200012,C1
-0.04901728018083564,C1
0.06839805286713739,C1
0.054175297917211034,C1
-0.009440951660631726,C1
0.1289360002956581,C1
0.11171695453198308,C1
0.00345619845703872,C1
0.021307202629013918,C1
0.0504792323559852,C1
0.03756674169119865,C1
0.1280004670809726,C1
0.17980986139055175,C1
0.09485392398635482,C1
0.01003507531710501,C1
0.07444324780875722,C1
0.05986011578728223,C1
0.008738187472056876,C1
0.0913372665437541,C1
0.10081591380197313,C1
0.0380210720347106,C1
0.10074828599935934,C1
0.03560855668589524,C1
0.050552773690740634,C1
0.1615569921319334,C1
0.10789854214365799,C1
0.12149982053046446,C1
0.043785445643140394,C1
0.05693295219598442,C1
0.06912232301320961,C1
0.11292089808635491,C1
0.07848027736307356,C1
0.18649203219860672,C1
-0.0767971668631629,C1
0.06366127644930654,C1
-0.00132009024660934,C1
0.003751396835351542,C1
0.006707554622084307,C1
0.0797943741416478,C1
0.06378162517964474,C1
-0.03524947167670562,C1
0.07390823955639697,C1
0.11636711115971358,C1
0.007630540056076029,C1
0.10994000198474412,C1
0.1727362913629393,C1
0.004071882482021144,C1
0.09193722575791592,C1
0.05709958170225957,C1
0.13502310985034627,C1
-0.06987878982858312,C1
0.05348040646955616,C1
0.043647224535378906,C1
0.04083322482634186,C1
0.13141433664145055,C1
0.03702525383753027,C1
0.03963634480652727,C1
0.05540179488011491,C1
0.039580423779953924,C1
0.021105572958489166,C1
0.09542130154436634,C1
0.13834010070171437,C1
0.09933073819186936,C1
0.06808514432913318,C1
0.011013299868834828,C1
0.1597684025139462,C1
0.09024362362436933,C1
0.11768051164611493,C1
0.10733726153160636,C1
0.05013611380952064,C1
0.07367162742342762,C1
0.038526526971553426,C1
0.11318901298205461,C1
0.09660766298281198,C1
0.08015484588873807,C1
-0.05578801888077236,C1
0.18977997687427892,C1
0.11193868685658007,C1
-0.006315757211918141,C1
0.06311422557706883,C1
0.0054936020546499514,C1
0.010758414534039563,C1
-0.02279665511605586,C1
0.07873786316800932,C1
-0.03707256031631301,C1
0.1848313416929456,C1
0.03402973929113776,C1
-0.023603077659650307,C1
0.07121116106918493,C1
0.023106257981850762,C1
0.04169245981935237,C1
0.15109947944395552,C1
0.1846527468972211,C1
0.12219032336485142,C1
0.014060357084213857,C1
0.06478214909493663,C1
-0.03617942373417046,C1
0.08431221107391736,C1
0.10917237945172446,C1
-0.05498100839686055,C1
0.12795335292981913,C1
0.05736558735870749,C1
-0.009421067222275079,C1
0.09087156515716811,C1
-0.048198299738656775,C1
0.12700452561064207,C1
0.028783076466874696,C1
0.11155991806764774,C1
0.06653137682851917,C1
-0.013765950061195874,C1
0.006864896583196327,C1
0.0905626073124802,C1
0.10621458168305606,C1
0.04406015382134998,C1
0.14101477718788796,C1
0.12400987762005444,C1
0.11601359925957841,C1
0.04060031047843468,C1
0.14006025617773885,C1
0.020169599740486904,C1
0.09862255587357759,C1
0.03083174467679384,C1
0.103337954054158,C1
-0.047745603985628875,C1
0.03386644101621579,C1
0.12387833064422113,C1
0.07819598563100218,C1
0.049594530662421844,C1
0.10012571560897676,C1
0.06418390529522806,C1
0.17666190795782347,C1
0.1508393872671526,C1
-0.08139132575669461,C1
0.0395044015298391,C1
0.1306393408861447,C1
0.030801440387845273,C1
0.05755974069190657,C1
0.051139833403044094,C1
0.048571764507211554,C1
0.12340278575062992,C1
0.08373921125747634,C1
0.056212731583928734,C1
-0.03772512129172573,C1
-0.005298263175052498,C1
-0.08992657577806733,C1
0.044061577306385484,C1
0.014008685609633503,C1
-0.04077258210741495,C1
-0.0063743103683761085,C1
0.04118405992456016,C1
0.13247563655582512,C1
-0.0026101681042783264,C1
-0.044284885346883185,C1
-0.03702987627155824,C1
-0.009379963605046449,C1
-0.06026889456382107,C1
0.07546280607456961,C1
0.09004548722941161,C1
0.09064420012217411,C1
-0.012281776599215689,C1
0.015237695940471398,C1
0.026361249443770184,C1
0.05556177483819484,C1
0.09105480112315108,C1
0.07637667139792673,C1
0.11775110293918706,C1
-0.05599273296759354,C1
0.04588365633600862,C1
0.18202475931412768,C1
0.06991090205911517,C1
0.045053239349244656,C1
0.03176085502758062,C1
0.09682330979875538,C1
0.09839189474098421,C1
0.07612019734507286,C1
0.11297396504892657,C1
0.016464599421237347,C1
0.1281325974503119,C1
0.06774236909029681,C1
0.07120681825734362,C1
-0.04820210151780674,C1
-0.010163976423325491,C1
0.11811332171737671,C1
0.035656690694105445,C1
0.12534944305029605,C1
0.11983410054235444,C1
0.10789854214365799,C1
0.11993822728895942,C1
0.1560796054493168,C1
0.11237187254926752,C1
0.09560942106054543,C1
0.08207395332336732,C1
-0.021712085578462097,C1
0.03567613225689384,C1
0.09123783808003262,C1
0.002961324961792632,C1
0.22313262122804223,C1
-0.05521222080301338,C1
0.04370722508343753,C1
0.10725770617242807,C1
0.08784980298832662,C1
0.0650467362664171,C1
0.01893989618411231,C1
0.06566495158507715,C1
0.10261326810635621,C1
0.047046080631408096,C1
0.14428307050280384,C1
0.12147822194098841,C1
0.09094340533142675,C1
0.08584128973376852,C1
0.003554226227498767,C1
0.05197203220915062,C1
0.12044298422640354,C1
0.02937068160977408,C1
0.08105024414534187,C1
0.012024427585207775,C1
0.07401075330851398,C1
0.14283694014372475,C1
0.047954336451280805,C1
0.006074455529799572,C1
0.056095575022470145,C1
0.06167744012132049,C1
0.03997097095392641,C1
0.10542127545163939,C1
0.05906728593611247,C1
0.1059912581358915,C1
-0.015150158394970458,C1
0.14750539672269103,C1
0.1355773180429808,C1
0.04218048845754316,C1
0.002384319023624338,C1
0.008736938748612547,C1
-0.056598547954328435,C1
0.10311087739512309,C1
0.04486188677633923,C1
0.09427558706430128,C1
-0.045797627262342856,C1
-0.014246326518615474,C1
0.0645751311915701,C1
-0.087176907815105,C1
0.14946082235881042,C1
-0.01938143918977235,C1
0.0032483049037220248,C1
-0.039782887120516905,C1
-0.003723848616190583,C1
0.06393664561303256,C1
0.0769511530726138,C1
0.06394763663400835,C1
0.013267997029553724,C1
0.014324876189660184,C1
0.11444876459792828,C1
0.15113070938817696,C1
0.033823714432970706,C1
0.12437657167381563,C1
0.031900573022478125,C1
-0.057579294065859,C1
0.04935783451583932,C1
0.06235349891578541,C1
0.03532878201285699,C1
0.06039980024437454,C1
0.10008736472691793,C1
0.228036562873912,C1
0.1006480078871107,C1
0.019825078072224937,C1
0.14550161527674604,C1
0.10668271640858742,C1
0.04895720716650473,C1
-0.06690726428415425,C1
0.14731592959896989,C1
0.06565406385971369,C1
0.07378878781640744,C1
0.035139138912353346,C1
0.09075714080806768,C1
0.2508057207821016,C1
0.08775696788820597,C1
0.1814587561414104,C1
-0.00410681171044195,C1
0.13144441433984483,C1
0.029050703875094182,C1
-0.0012808107835506934,C1
0.09195826151108122,C1
0.035956319119985244,C1
0.16180845905884161,C1
0.06932224882802136,C1
0.12592282638587154,C1
-0.06266648493398011,C1
0.13956403683652244,C1
0.1414307804527572,C1
-0.005948586210903882,C1
0.13976008369084025,C1
-0.006630395302149896,C1
0.07350412635659144,C1
0.07781402111830071,C1
0.047954336451280805,C1
0.14984832691036828,C1
0.0898571081434807,C1
0.10583582249119772,C1
0.09866906660018704,C1
0.008901075151784413,C1
0.0740297436415266,C1
0.1260961572704235,C1
0.1221476705068957,C1
0.005158079611423144,C1
0.044061577306385484,C1
6.588783982325215e-4,C1
0.04382712374317765,C1
0.0678690384695946,C1
0.0643905792402054,C1
0.1110287147487331,C1
-3.5190091105169463e-4,C1
0.1037581003430083,C1
0.10799995271356382,C1
0.06649032378848822,C1
0.05132363082661422,C1
0.1704709627964585,C1
0.10081262371840465,C1
-0.018408263223355818,C1
0.0879961802628145,C1
-0.0377292259381647,C1
0.08086755674562496,C1
0.026940276219028256,C1
0.17719689290596577,C1
0.048575833663176596,C1
0.16420803227555308,C1
0.09044415793397372,C1
0.07051083549487225,C1
0.04935783451583932,C1
0.007435525934377726,C1
0.08596413987392681,C1
0.02874302185333588,C1
0.06561520186213862,C1
0.0823760906145966,C1
0.061666563406471406,C1
0.05449922817209024,C1
-0.004328867447918779,C1
-0.010131642869694969,C1
0.06674913283220632,C1
0.08587888311261753,C1
-0.021951446491286983,C1
0.0474815558814928,C1
0.08999974905249127,C1
0.029163042864238882,C1
0.07855478492473666,C1
0.046433115040346265,C1
0.08774749027672109,C1
0.036954131328757855,C1
0.04091738308719821,C1
0.060267701516392054,C1
0.009776993922169054,C1
0.0019308740558361542,C1
0.03706509406791894,C1
0.09376587726404861,C1
0.06311895449632707,C1
0.09900468560371374,C1
0.11715905088182373,C1
0.24299873836191704,C1
0.001782813600543151,C1
0.08537662740182922,C1
0.03878478252689157,C1
0.03697357905209131,C2
0.03494171296075073,C2
-0.06184006162020235,C2
0.07110479283554098,C2
0.07934667936035128,C2
-0.06479237961330472,C2
-0.0873717012366517,C2
-0.16117323350659613,C2
-0.05468925134730784,C2
0.15419978986137775,C2
-0.030327053124407956,C2
0.22633668473336782,C2
-0.08810337289383366,C2
-0.15386151093924558,C2
-0.06177831353482223,C2
0.07514290587272592,C2
-0.07388899232955749,C2
0.05035367373727292,C2
0.027008022968083845,C2
-0.11935928177434384,C2
0.07698977636376182,C2
-0.04605178263740558,C2
-0.1652207550565449,C2
-0.12591030219235516,C2
0.06864000382115382,C2
0.06922025104361669,C2
0.07690644622096231,C2
-0.09942435271241909,C2
0.028951836707953843,C2
-0.1399236904662608,C2
-0.13944134604634686,C2
0.04489592712748722,C2
-0.10698082163136963,C2
0.08484320430968834,C2
0.024852283459218014,C2
0.0037809820001664628,C2
0.026865387060661577,C2
-0.1570775518016089,C2
-0.06304848720400276,C2
-0.30166132799557543,C2
-0.023397248690899285,C2
-0.15204847655127357,C2
-0.1150976129583961,C2
0.00922831091980944,C2
-0.021030278225083784,C2
-0.027430852166700104,C2
-0.050403535199986416,C2
0.0692530891075134,C2
-0.0700386235996793,C2
0.053706529006921994,C2
-0.05599128687114793,C2
-0.10191727417767574,C2
0.1157338855200024,C2
-0.2201552112817812,C2
0.07885695419325217,C2
-0.2243311663719977,C2
0.07776913877689118,C2
0.09846957664206303,C2
-0.23535753130007994,C2
-0.06516418002576908,C2
-0.08501425388204756,C2
0.057192217184310654,C2
-0.003275432708703438,C2
-0.06959418386695251,C2
-0.09886901412232268,C2
0.01962323549833561,C2
-0.056342059300336464,C2
0.09530249340902572,C2
-0.010160665523570159,C2
0.026573626807145864,C2
-0.14908704871947043,C2
-0.12652942137154627,C2
-0.09100476876693644,C2
-0.06300027483993623,C2
-0.1961711814112005,C2
0.0034623857707175437,C2
0.024290860220855644,C2
-0.06775076724036169,C2
0.04847195269088803,C2
0.056037531607843055,C2
-0.00513952666507894,C2
-0.03474103205075504,C2
0.08085503746649951,C2
0.1900139897245842,C2
0.0037170415654939476,C2
0.07038172966734611,C2
0.05423956409478445,C2
-0.1393165470083295,C2
-0.12441801291675031,C2
-0.013083013034879902,C2
-0.05109566696716329,C2
-0.09819107781402218,C2
0.02558647861562888,C2
-0.034062143727823034,C2
-0.1077281650206533,C2
-0.008444531180483786,C2
0.0319194186351415,C2
-0.09245571702936287,C2
-0.2809695144436329,C2
-0.0979694191259754,C2
0.015573618115087638,C2
-0.031077148812029935,C2
0.23275977235288772,C2
-0.12338997471335904,C2
-0.21639670012393428,C2
-0.06956886063111171,C2
0.06054934403428215,C2
-0.05930643629982997,C2
-0.04556417696978797,C2
-0.07796921514549131,C2
0.061591885910858304,C2
-0.06989985176928727,C2
-0.11477252538544772,C2
0.0499043790675524,C2
0.0553977756972929,C2
-0.19497761406905698,C2
0.054455039206656466,C2
-0.1583471864730832,C2
-0.02123229833999908,C2
0.08185291546129594,C2
0.017116460097035168,C2
-0.12135213697463176,C2
-0.16042296568964537,C2
0.1314132197730229,C2
0.07258463518598585,C2
0.11712226251120464,C2
0.0033770200447424325,C2
-0.015392580357587463,C2
-0.1340198738753173,C2
-0.09479425293282795,C2
-0.023425998467180947,C2
-0.16181113874749573,C2
-0.04863680016964064,C2
-0.017770038148554892,C2
-0.0616643289218306,C2
0.009730706624066589,C2
-0.013398142428125516,C2
0.03582196781998454,C2
-0.09236391287155597,C2
0.08277462905862834,C2
-0.1412004467052676,C2
-0.11930281934823016,C2
-0.06912694150291462,C2
0.06630603325170364,C2
-0.03065945470343512,C2
-0.08374431874462934,C2
0.00154184240179224,C2
0.03936324511370875,C2
-0.07308164491256133,C2
0.10276924209528818,C2
-0.019806491466997103,C2
-0.06744791075828889,C2
0.02501306261471293,C2
-0.08619594829891214,C2
-0.11371229235946112,C2
-0.13135127002612437,C2
0.0793726860308315,C2
0.02636767787716114,C2
0.0034956206659940148,C2
0.021020762728090787,C2
-0.0024039270092075654,C2
0.05663864344179062,C2
-0.020921195165755024,C2
-0.07926469502051219,C2
-0.17845322069560704,C2
0.08808738080348347,C2
0.20193194830558964,C2
-0.050841335195988074,C2
-0.10951406390461305,C2
0.053408742908949466,C2
0.0017416415484136707,C2
0.061055555226546196,C2
0.04975830808881475,C2
0.05319736959196203,C2
-0.03554041011082131,C2
-0.056179862457749107,C2
4.622757712613168e-4,C2
-0.05951672426921038,C2
-0.04069994621545933,C2
-0.10136516084690599,C2
0.1256253143371342,C2
0.04223491255700915,C2
-0.12552964885598508,C2
-0.10750843552850221,C2
-0.05064385053742808,C2
0.11962009722477243,C2
0.04757292810044082,C2
0.018281468913466783,C2
0.06488500889664216,C2
-0.019661289735406665,C2
-0.1649368341528298,C2
-0.02455448138338122,C2
-0.05255802005055219,C2
-0.1199809487399999,C2
-0.14942111795297797,C2
-0.1764213074504173,C2
-0.10411480847350589,C2
-0.043870270705217033,C2
0.05342292236457117,C2
0.005442395476761938,C2
-0.07272270497240405,C2
-0.014572628299193133,C2
-0.1424150455752325,C2
0.00334959616873836,C2
0.06933185421115837,C2
0.14184774876365525,C2
0.004449750753278303,C2
-0.07812251873985668,C2
-0.057582485887049464,C2
-0.1359014083065535,C2
-0.0192509574713274,C2
-0.0062553057214989605,C2
-0.12411898153808827,C2
-0.103084820043365,C2
-0.03429257763710282,C2
-0.061907764218693956,C2
-0.08642446938418231,C2
-0.08456588554612841,C2
0.11263540904172151,C2
-0.16637944852555464,C2
-0.10855136009555244,C2
0.009863079829812146,C2
-0.07716376467679695,C2
0.07915216104409421,C2
-0.044784031788598425,C2
0.05672937775485687,C2
-0.14708653912630176,C2
0.058254403733058006,C2
-0.012336056916622842,C2
0.10426093206931576,C2
-0.14369925998400893,C2
0.06375526905541533,C2
-0.1256049255821369,C2
0.09331563576522463,C2
-0.15402596554010817,C2
0.038862542839680124,C2
-0.12116756074887877,C2
-0.1293295906094045,C2
0.050194067300016305,C2
0.1041497074980478,C2
0.10901011386946183,C2
0.11175579480034564,C2
-0.035303239339152234,C2
-0.0036452080070385057,C2
-0.017237419809932618,C2
0.10349927278567128,C2
-0.07334413392294509,C2
-0.00951569873592839,C2
0.007235010403909522,C2
-0.1603005313837869,C2
0.05110494952951679,C2
-0.1516788474960168,C2
0.10028647477314456,C2
0.046393584652616116,C2
-0.122022466605896,C2
-0.12135783559905253,C2
-0.029141946188109794,C2
-0.15554793738600492,C2
-0.03822131309490492,C2
0.16990882194488094,C2
-0.05155383336219241,C2
-0.15728931803909377,C2
-0.2591659169944024,C2
-0.0674438098803353,C2
0.02886231353555705,C2
0.07616770086555971,C2
-0.10129129854028907,C2
-0.006283650284436212,C2
-0.20918916883760377,C2
0.050433057547653065,C2
-0.05073248705077594,C2
-0.07774249880115518,C2
0.03788503911535983,C2
-0.10561618962477662,C2
0.030779138485105342,C2
-0.108785893803788,C2
0.05870261565150924,C2
-0.1198809715432829,C2
-0.04231749216196824,C2
-0.10496430078565558,C2
-0.013155548488884875,C2
-0.009089088266573765,C2
-0.16890675426715718,C2
0.07154509537462483,C2
-0.028686450794399347,C2
-0.07777732525815337,C2
-0.11665077211763038,C2
0.04655868015747891,C2
-0.06661308239486968,C2
-0.17961537423730434,C2
0.13357242815390546,C2
-0.05679633390207646,C2
-0.030314913319861005,C2
0.013214190027629465,C2
0.10902154164122518,C2
-0.1541938333328753,C2
0.02262139656932098,C2
-0.011936622968408951,C2
-0.2314562167163308,C2
-0.05695653008070448,C2
-0.08501561670356785,C2
-0.15091652937423478,C2
-0.1749027906941136,C2
0.036268843919908755,C2
0.15691282971243994,C2
-0.0644171094268756,C2
-0.06029156886954215,C2
-0.0463397351606382,C2
-0.06941341716105907,C2
0.004563661157287013,C2
0.10627164870715786,C2
0.18463086296694456,C2
0.08530438524024504,C2
0.0667589339771252,C2
-0.03241948457341767,C2
-0.2326831518822591,C2
0.028794545228487622,C2
-0.11838544385667359,C2
0.06982954260846556,C2
-0.05747209954781838,C2
-0.1303781230270071,C2
-0.027383624086071284,C2
-0.09282841435945566,C2
-0.06699033679764721,C2
-0.1549838044583834,C2
0.00155777308106924,C2
-0.17661954121168036,C2
0.010020076358697172,C2
-0.0347654443111835,C2
-0.060116984443917776,C2
0.13003665408120746,C2
-0.061372438239098534,C2
-0.05418742277301687,C2
-0.03362948256664029,C2
-0.0664932512627707,C2
-0.07294941579794598,C2
0.06693410235506579,C2
-0.1684281448840314,C2
0.01024613984832877,C2
0.0407552501082553,C2
0.054084168798365966,C2
0.010167852071948218,C2
-0.06303716373425367,C2
-0.08831109543082669,C2
0.1110043997024208,C2
0.015143011865740144,C2
-0.16822750135449288,C2
0.05822495416261408,C2
-0.06112025769440331,C2
-0.02018714256739524,C2
-0.05634078072407888,C2
-0.14734428323279222,C2
-0.21597196033552968,C2
-0.039069328494093836,C2
-0.05243822251491682,C2
0.06499849096246724,C2
-0.005773301478937863,C2
-0.08454474108989561,C2
-0.23230541435824417,C2
0.12625739175478215,C2
0.06067765021536549,C2
0.11747021582360787,C2
0.03908144710405932,C2
-0.008184246203976932,C2
-0.06654430420563565,C2
0.10169065517563619,C2
0.06872360776969225,C2
-0.02860162503361518,C2
1.9540508915462385e-4,C2
-0.08252777286392392,C2
0.05169175973868713,C2
0.11013872327027988,C2
0.07335458539832387,C2
-0.14214368452718845,C2
0.039344177654453624,C2
-0.10658340724789392,C2
-0.11846540353215207,C2
-0.10874722418325122,C2
-0.11323686877490849,C2
0.06701946252427986,C2
0.030655492330144432,C2
-2.802378739828956e-4,C2
-0.2244456485961828,C2
0.08769739538401955,C2
-0.05227900260719289,C2
-0.21339842838949383,C2
0.10974252261594085,C2
-0.08294086527445432,C2
0.03047948258373625,C2
0.0833040007259624,C2
0.0402522667014477,C2
0.11567830786803225,C2
0.034053955529598716,C2
-0.05278661147467216,C2
-0.14636715325252742,C2
0.2539907192313514,C2
-0.19751964128528499,C2
0.023688987102891742,C2
0.04823279277508384,C2
0.10425537219514308,C2
-0.05608269535158669,C2
-0.013401735367356117,C2
0.020475198793765317,C2
0.05293543885466708,C2
-0.07408460311770798,C2
-0.08540108892221926,C2
-0.10689307508653044,C2
-0.15773218584120757,C2
0.03399366729937181,C2
0.09058210276362148,C2
0.04621628832335814,C2
-0.23253284069188784,C2
-0.03680096535412842,C2
-0.024823476312686887,C2
0.11338944633540632,C2
-0.02233794934038227,C2
-0.06875648473451414,C2
-0.17968640411660927,C2
-0.0227725269581302,C2
0.010798998856125314,C2
-0.09235708375777245,C2
0.006441178601997,C2
0.1127758342399859,C2
-0.01435129656031131,C2
0.029003595335260958,C2
-0.06362154304640781,C2
0.02347318976042793,C2
-0.059616478716157134,C2
-0.02315027320268427,C2
-0.05432563051769567,C2
0.08273068051990909,C2
0.006314151185767676,C2
-0.12559501039091447,C2
0.07838084441976771,C2
-0.08797366056494114,C2
-0.197724484114441,C2
0.1044769379708532,C2
-0.06991328592047365,C2
0.017715419558717846,C2
0.049618844434303304,C2
-0.12900755293824787,C2
0.04417561007694529,C2
0.06594660092183705,C2
-0.022682060833149137,C2
0.08637035396864406,C2
-0.1169572718415646,C2
-0.14122738206149077,C2
-0.05660412777129311,C2
-0.13489160279698195,C2
-0.08304929189883192,C2
-0.03936362381820085,C2
0.03898614143705739,C2
0.05408341670081692,C2
0.09372480471375026,C2
-0.07387311638574309,C2
0.0036252308733575045,C2
-0.010447666560915794,C2
-0.0018571757078075235,C2
-0.015977604052912778,C2
0.18924053120965525,C2
-0.1138023136431636,C2
-0.06854893632536674,C2
0.019027562716201755,C2
0.07576157526691443,C2
-0.05050085470955713,C2
-0.06415109511024389,C2
-0.043112418977570406,C2
0.01850515086421603,C2
-0.009219331634087564,C2
-0.19340422892693093,C2
0.028369410539188705,C2
-0.06727872070177979,C2
0.10904534629809055,C2
0.01836389832861001,C2
-0.032075826569340105,C2
-0.04181786783867894,C2
-0.09387686716486796,C2
0.07708697442148925,C2
-0.06012491836387017,C2
0.009290399076913071,C2
0.07730366980238915,C2
-0.07770088387956649,C2
0.07435279419340085,C2
-0.11296898533941137,C2
0.14323256506402182,C2
-0.04208331244639856,C2
-0.08382514632361489,C2
-0.12373916676165247,C2
-0.0075828052744389834,C2
0.05975305441527037,C2
-0.02970808736956397,C2
-0.041205077225378355,C2
0.12470755771332181,C2
0.025712087757819573,C2
0.13193971302795193,C2
0.006115183896331949,C2
-0.06799579065224784,C2
-0.09039408686676706,C2
0.024192727472794613,C2
-0.0552436421975445,C2
-0.1596167158227537,C2
-0.20731413436898252,C2
-0.020652407086712704,C2
0.11314807345708625,C2
-0.046879233214596944,C2
-0.0327523626957312,C2
-0.07293815653246241,C2
-0.038313685007377404,C2
0.023275805099853455,C2
-0.22318846625210442,C2
0.05088559210867974,C2
-0.026865801574522247,C2
-0.12797553941539228,C2
-0.03190837004555403,C2
0.020462374482971314,C2
-0.06686255675316172,C2
0.16475779954251069,C2
0.06860437689548603,C2
-0.17502199419414313,C2
-0.16071916864747304,C2
0.02700464910318974,C2
-0.2835373161787794,C2
-0.2826681422682024,C2
-0.12171883116635518,C2
0.021447557786827,C2
0.10083983222975798,C2
0.03225857685992395,C2
-0.15720099291158893,C2
-0.10259538116167893,C2
-0.05797549064476455,C2
-0.17612251183489092,C2
-0.08062161211990407,C2
-0.06660929651202399,C2
-0.1275070014191798,C2
-0.2051378165080893,C2
-0.266518785441098,C2
0.19260716470292258,C2
-0.07450457397715655,C2
0.06541782893808322,C2
-0.1552020527687646,C2
0.03707491853676512,C2
-0.05207259212467922,C2
0.10435293860513045,C2
0.1501622615437927,C2
0.14117349943451968,C2
-0.09127595171567844,C2
-0.24698164421790705,C2
0.12675318595337992,C2
0.14443626052672057,C2
-0.010099862509502108,C2
-0.16477534832372254,C2
0.061445377344204896,C2
0.04534590882327492,C2
-0.08671272648986465,C2
0.14189169917931144,C2
0.008616922569443533,C2
-0.04432904044677281,C2
-0.16609822824564052,C2
-0.0986110274097023,C2
-0.16214975063438208,C2
0.0844038255583068,C2
-0.022606980489462802,C2
-0.2236809338555994,C2
-0.08549401422767874,C2
-0.2636455812820302,C2
0.18391673031672093,C2
0.13656836268851497,C2
-0.00480937261953901,C2
-0.08765567427644794,C2
-0.10989850988678562,C2
-0.12271678841597264,C2
-0.007391663863223132,C2
-0.04427794412894262,C2
-0.05665549716572876,C2
0.04905587226209174,C2
-1.7508628068207965e-4,C2
0.1467136204398458,C2
-0.07792156186162107,C2
0.0071421888918138015,C2
-0.02686627872533326,C2
0.09270802170594392,C2
0.21598610847597033,C2
-0.03683192098736511,C2
-0.026975504516241207,C2
0.04586847969907121,C2
-0.05787941592036936,C2
-0.1342562389558923,C2
-0.04162047505682866,C2
-0.1300557523878988,C2
-0.04441266657087589,C2
0.042564350719405765,C2
-0.12143063597974896,C2
0.05069016388140223,C2
-0.238261846180563,C2
-0.13348312438721968,C2
-0.13452637191945596,C2
0.04592581742394661,C2
0.11493242220679797,C2
-0.12699625164690034,C2
-0.04061011742586963,C2
-0.09863747009853507,C2
-0.14987326558274977,C2
-0.2181614886361133,C2
-0.23650029964452945,C2
-0.1333782621483714,C2
0.087878353504323,C2
-0.004816012357884127,C2
-0.12571090018632006,C2
0.1403759254093066,C2
-0.11951528305611707,C2
-0.03954779157961589,C2
0.055776916165195055,C2
-0.007297599006978572,C2
0.0056627573356908545,C2
0.0233236609455459,C2
0.08602270533386468,C2
0.24619206252982906,C2
-0.1825772940053589,C2
-0.011560760946497849,C2
-0.010099862509502108,C2
-0.18877514560361555,C2
-0.07582250661306428,C2
-0.11221540545341348,C2
-0.05310280467941576,C2
0.047826587716178676,C2
0.14235666168083638,C2
0.08844688887139276,C2
0.04514043862261822,C2
-0.07736061668663796,C2
-0.10017491816342576,C2
-0.3753723749538731,C2
-0.07752050946492904,C2
0.11217753152913423,C2
-0.2120588145603324,C2
0.10558997666676026,C2
0.012106995792351777,C2
-0.035792109392085075,C2
0.06013096848503181,C2
0.0011411646536544848,C2
-0.022272290725025398,C2
0.09618181918047096,C2
-0.18868450881595364,C2
-0.05517530766012024,C2
-0.09548527506654506,C2
0.14767137592570573,C2
-0.07950043387293189,C2
0.023344566812805504,C2
-0.07839360023404594,C2
-0.11461659427719886,C2
-0.16738956441667563,C2
0.047541570460205254,C2
0.085191301824963,C2
-0.0946039603164551,C2
-0.11895572145090196,C2
0.13823497921485756,C2
0.19146741716406457,C2
-0.04853835362385517,C2
-0.21560052366179455,C2
-0.12928445998304727,C2
-0.0655399128309874,C2
-0.012213704368683506,C2
0.004946538668545289,C2
0.09763480531424319,C2
-0.1164380783155832,C2
-0.050823139183968885,C2
-0.03668737493931773,C2
-0.03954011132567396,C2
-0.04435542627102608,C2
-0.08987539093281974,C2
-0.11956114843580014,C2
0.03991448410293941,C2
0.13014757117739137,C2
0.046986462715342514,C2
-0.13823733720571496,C2
-0.23617651762547442,C2
0.014660847839890943,C2
-0.03868920714837386,C2
-0.07120671536029347,C2
-0.09190641227914564,C2
0.04317913249332448,C2
0.03299930178137132,C2
-0.17272121593839496,C2
0.12409723748212528,C2
0.003704542402084435,C2
-0.10662754359558921,C2
-0.30241465428327596,C2
-0.07825090269358437,C2
-0.09825298653104983,C2
-0.02099295759721123,C2
0.16296568701105207,C2
0.2488594214338029,C2
-0.04203813404382718,C2
-0.08136232655129362,C2
-0.04955927633945231,C2
-0.07996708191542062,C2
-0.12038700848189529,C2
-0.2591369533906348,C2
0.0792869888959811,C2
-0.19423845969273482,C2
0.021381431036268536,C2
0.1430061069807494,C2
-0.05222843440319296,C2
0.006656611498793593,C2
0.04052403495932927,C2
0.023765554193319542,C2
-0.14104322859600965,C2
-0.04819830646068822,C2
-0.07596079802716933,C2
0.10467332570812628,C2
0.038929883052067356,C2
0.10126827159255355,C2
0.027705961241854222,C2
0.07627338783252474,C2
-0.016085754914252567,C2
0.137193088295775,C2
-0.021384544680802718,C2
-0.03880134673893919,C2
0.12983039603808622,C2
0.08778699509662069,C2
0.0010603005264730979,C2
0.0024774333520448943,C2
0.012678106827186154,C2
-0.16805238033529016,C2
6.627181338002552e-4,C2
0.10510785519473148,C2
-0.058138299939649585,C2
-0.12005680059028502,C2
-0.23882272609808777,C2
0.028761485221497046,C2
-0.15314473752783525,C2
-0.07788709218408887,C2
0.05079635550654836,C2
-6.759025783894812e-4,C2
-0.14158568268974855,C2
-0.027561090260993827,C2
0.010521676718968656,C2
-0.038670199967027696,C2
0.027175748721931514,C2
0.042642795790297124,C2
0.060892559537033,C2
-0.2610490115189699,C2
0.09495179784461144,C2
0.10485962713564127,C2
-0.2502075894923623,C2
0.15756348617792992,C2
-0.30713144996465797,C2
-0.07251031612864488,C2
-0.0747694871936522,C2
-0.14185966044941734,C2
-0.06963831497492641,C2
-0.07029990271020367,C2
-0.10104216200445265,C2
-0.00924513029474192,C2
-0.15166691900428955,C2
0.06411273377971428,C2
-0.20441504398296176,C2
0.07007168904842098,C2
-0.1800362145959181,C2
-0.10478621151074884,C2
0.007256053647207439,C2
-0.06590437806901223,C2
-0.2413353705021671,C2
-0.21295397726116308,C2
0.09552258145026853,C2
0.0722129953554708,C2
-0.03921955468664641,C2
-0.10743037399199142,C2
0.08480903051783045,C2
-0.18609050872581956,C2
-0.10951308861714354,C2
-0.15827482876821275,C2
-0.19814764115777342,C2
-0.03732773675085227,C2
-0.08116505370128821,C2
-0.0967731331782677,C2
-0.09606289681427871,C2
-0.09162816497338486,C2
0.10034554159594845,C2
0.10671284026554786,C2
-0.002442336738752965,C2
-0.12838336405799516,C2
-0.08933158598497093,C2
0.033707920807413,C2
-0.1569641866555219,C2
-0.10980930029885322,C2
0.025565065343601968,C2
-0.10557695683413997,C2
0.22881500894448925,C2
-0.08144673319584587,C2
-0.10566780307362646,C2
0.024990179787830025,C2
-0.17215505621499527,C2
0.0891502486859106,C2
0.03182673050216478,C2
-0.15867734709965975,C2
-0.010222005269013422,C2
-0.13105561539157323,C2
-0.14438168043667415,C2
-0.2212655954839532,C2
-0.07250150898267017,C2
-0.04852343318218897,C2
-0.03792795914296268,C2
-0.04097661514801705,C2
0.06173911413992485,C2
-0.2649188002848759,C2
0.12970916198745824,C2
-0.05802139777353521,C2
-0.09726021439645041,C2
0.08989527816607949,C2
-0.13296213570751692,C2
-0.026909305323704558,C2
-0.1951313920627793,C2
-0.12525405186413888,C2
0.059738126340836584,C2
-0.15221384484179884,C2
-0.031495965031673456,C2
-0.015242049941037145,C2
-0.13132270097225252,C2
0.0647081282665812,C2
0.001694849837492711,C2
-0.17669370631428513,C2
-0.1560296862723937,C2
0.1025316768258073,C2
0.00807599389824877,C2
-0.05222843440319296,C2
0.004851634486205139,C2
0.06877291673146795,C2
0.014325931413830371,C2
0.09379134129083934,C2
-0.045813191055371946,C2
-0.024978358700865476,C2
-0.19012786629033696,C2
-0.179257054517591,C2
-0.024622587766840686,C2
0.03299930178137132,C2
0.033707920807413,C2
-0.030575093773560567,C2
0.03886450482214919,C2
0.037967232201088,C2
-0.01806595738944026,C2
0.1474545313583844,C2
-0.06920537297783531,C2
-0.04595131180196471,C2
0.0849127931551881,C2
-0.007984998086006667,C2
-0.1691593373074179,C2
-0.15849312081686584,C2
-0.08759438431710623,C2
-0.23827108808006892,C2
-0.09978493724099324,C2
-0.004816012357884127,C2
0.06805856848921664,C2
0.019156924983521742,C2
-0.13565219074043017,C2
-0.13763596191152483,C2
0.17588897074299206,C2
-0.08389007788656509,C2
-0.13878094569137767,C2
-0.05069369674682909,C2
0.03748198014735668,C2
0.028273681788621774,C2
0.05686629155971385,C2
-0.02657361440208124,C2
5.794433554303924e-4,C2
0.048571347108020094,C2
-0.009330622652135051,C2
-0.09321971375631383,C2
-0.042002118632402975,C2
0.06533751709738084,C2
-0.03319301248999876,C2
-0.10634954809426057,C2
-0.19045678338237543,C2
-0.06528463779163979,C2
-0.12016224866501704,C2
0.17635183943724864,C2
-0.04361051480108336,C2
0.05067921897380416,C2
-0.17634833577371475,C2
-0.06120360532533265,C2
-0.19029216878333416,C2
-0.07660093726435842,C2
-0.10478297252400763,C2
-0.12894654083029702,C2
0.14992880519652393,C2
0.04153459004680135,C2
0.05134312493032808,C2
0.09882068707829056,C2
-0.18812802181116536,C2
0.07204286554312773,C2
-0.06127393104306043,C2
-0.012640358908354715,C2
-0.1133797209352126,C2
-0.06758217668028094,C2
-0.05202221242783314,C2
0.05210147135090167,C2
-0.09578314912889685,C2
-0.10246928460201879,C2
-0.10482760656856052,C2
-0.03088969667307126,C2
0.09268420579631614,C2
0.10257933945905152,C2
-0.012611109700652143,C2
-0.09108756142216047,C2
0.138695436531249,C2
-0.12792143219986724,C2
-0.08174448351131887,C2
0.05530114097317168,C2
0.22720449370208146,C2
-0.08453712243553474,C2
-0.03599960792007125,C2
0.0946498029964574,C2
6.921827185910057e-5,C2
-0.048188907664530295,C2
0.0517055463105226,C2
0.004383689634871249,C2
-0.11261076807703707,C2
0.04101179892235528,C2
-0.13297704102179825,C2
0.011566911963193434,C2
0.011863917442425622,C2
0.07349270117946258,C2
0.0012048887246054948,C2
-0.09387985043761174,C2
-0.1844648154671664,C2
-0.07141702870079412,C2
-0.16481278343863692,C2
-0.15448132507951728,C2
-0.20369025184191625,C2
0.06644471165941906,C2
0.07926190567662819,C2
-0.1316474483689012,C2
-0.17973883503997218,C2
-0.035172825188781294,C2
0.04161408446666652,C2
-0.1668278340076796,C2
0.05624856545399928,C2
0.14561696248268122,C2
0.19806607315085428,C2
4.460341098632553e-4,C2
-0.018004340577891333,C2
-0.05275021430741292,C2
0.09758117077959007,C2
-0.07541465953792055,C2
0.08443194683103944,C2
0.0196826800563693,C2
-0.13121648507444517,C2
-0.0329528151893628,C2
-0.10516396153346387,C2
-0.0697844365158144,C2
0.06615068263934755,C2
0.0392357892457738,C2
0.12983039603808622,C2
-0.04735270288062282,C2
-0.10965768841676156,C2
0.014432741116754782,C2
-0.04097661514801705,C2
0.07850048702960687,C2
-0.10959119044812722,C2
-0.0462845363831445,C2
-0.033418361561350654,C2
-0.22331257568128116,C2
-0.11437521354815648,C2
0.23047747095332252,C2
-0.23111604045989279,C2
-0.13541881743522732,C2
0.017134567947752324,C2
-0.04120733012624267,C2
-0.07678509041575554,C2
0.13822862673043024,C2
-0.21437024973094848,C2
-0.03669931618576135,C2
-0.28141578332021794,C2
0.04120149427229333,C2
0.04624629085237368,C2
-0.04632195332377115,C2
0.0617342278036367,C2
-0.10145169753234415,C2
-0.06770346968592561,C2
-0.008132325416169692,C2
-0.12896977910601046,C2
0.11000220592083089,C2
0.07166551618296842,C2
0.09537725140186296,C2
-0.11099351752032238,C2
0.2044049402503891,C2
0.04034455227837941,C2
-0.09557606931663677,C2
-0.05864977059081013,C2
0.019316882963147576,C2
-0.18337561581653908,C2
-0.15096589361288415,C2
0.188208787674848,C2
0.15804147375760247,C2
0.08464257590957835,C2
-0.14374686025007624,C2
-0.017485116045664648,C2
0.10237852626909028,C2
-0.14518487839470387,C2
-0.13126173524850174,C2
-0.03333838470626182,C2
0.10580169752632546,C2
-0.08549021699709142,C2
0.046426544850110316,C2
0.008481029393571489,C2
-0.020909114240488524,C2
0.008165174290947066,C2
-0.13498987619354386,C2
0.06361389794146526,C2
-0.11163922674055464,C2
-0.004204496850802444,C2
-0.01942790255023913,C2
-0.10335564089403032,C2
-0.10549828154555733,C2
-0.10443638679163306,C2
-0.10582992577352864,C2
-0.06296269476558788,C2
-0.10532871891513094,C2
-0.016079014081689033,C2
0.09522473174742266,C2
-0.07334504761956524,C2
-0.03255664762721124,C2
-0.07546102565515202,C2
0.14894957277319396,C2
-0.2751599572184856,C2
0.02976361611475249,C2
-0.10438264771495298,C2
-0.22253639572796735,C2
-0.06326291686115915,C2
-0.1591443288911451,C2
-0.01990892286673949,C2
0.14053984977189915,C2
0.16102684848921442,C2
-0.028952844135330134,C2
0.038536144309377726,C2
0.010249453355346279,C2
-0.15910836440330284,C2
-0.1631659366376813,C2
-0.10252588206645648,C2
-0.105614302820868,C2
-0.13479687551249048,C2
0.060093366485890684,C2
-0.06414360673642408,C2
-0.08301277935443964,C2
-0.13639200615385322,C2
-0.061124035540229514,C2
0.14687836936872922,C2
-0.16342999925200968,C2
0.059796052086240954,C2
-0.12754807139891103,C2
-0.06601629794690925,C2
-0.07494152710209136,C2
0.026793929383743476,C2
-0.011891267182646076,C2
-0.10864783409909166,C2
0.02418884616652084,C2
-0.039278280369783675,C2
-0.030191117116329318,C2
-0.003119557174561041,C2
0.04530076358039776,C2
-0.07000531222046973,C2
-0.010051903888129779,C2
0.09769320842929992,C2
-0.08850485544049677,C2
0.16153793541201428,C2
-0.07285314837019301,C2
0.12698552546237163,C2
0.0205432699148054,C2
-0.11229468969127802,C2
-0.11685655423555688,C2
0.14110649384324758,C2
-0.019462762571279133,C2
0.1504394105051985,C2
-0.1305394290407679,C2
-0.08773682741515398,C2
-0.07760216230088703,C2
0.032585173503012904,C2
0.18559177269609772,C2
0.11985454891806224,C2
-0.0021735708254226813,C2
-0.2540730054015683,C2
-0.12599550891619193,C2
-0.09548044244454168,C2
-0.04258072975920864,C2
0.004700673067991934,C2
-0.1879355451074535,C2
0.016912130733343946,C2
-0.030365050667765105,C2
-0.029703247738461724,C2
0.025240238222200697,C2
-0.27744584648155374,C2
-0.03456067739238708,C2
-0.0619654261648026,C2
-0.12339872705421068,C2
0.15060797255664635,C2
0.17414329031233144,C2
0.05567823956141933,C2
-0.20048608088105752,C2
0.1459216194302165,C2
0.0038378517710357662,C2
-0.06367636829870986,C2
-0.2019148444065346,C2
0.14092514798841785,C2
-0.14699231976844385,C2
-0.00984743231821373,C2
-0.06531551483640119,C2
-0.05414291361176668,C2
0.18445444116472762,C2
0.05708505402407826,C2
-0.04818864893240893,C2
0.05858114703870822,C2
-0.27540686908481593,C2
0.14595464994988938,C2
-0.10655727632524924,C2
0.0890929008758412,C2
-0.0955842883648062,C2
-0.09534259510789958,C2
-0.2557344089884129,C2
0.04465685812376068,C2
-0.14998360736212793,C2
0.039259417805268315,C2
0.05794325142086177,C2
-0.01964061214751485,C2
-0.06702518377657349,C2
0.053665349644133775,C2
0.087947948928732,C2
-0.012581729993731482,C2
0.15719960990908866,C2
-0.05732179587771368,C2
-0.034894893076793915,C2
0.0019708837597989665,C2
-0.037601747073279804,C2
-0.23155980604096743,C2
-0.051286893866352185,C2
0.020411047053405386,C2
0.34396407325858736,C2
-2.3929828982872242e-4,C2
-0.06502056956669588,C2
-0.030267544626953816,C2
0.08607327084279545,C2
-0.12352031746094255,C2
0.16362495796281173,C2
-0.07933845768665325,C2
-0.11616442179051685,C2
0.08025027245875,C2
-0.03595319671695296,C2
0.12123430555818289,C2
0.005217952448141019,C2
-0.02242071514183417,C2
0.04096245742809991,C2
0.10050599507555875,C2
0.1031832637167644,C2
0.1578623555196967,C2
-0.1207951692857193,C2
-0.06137644499555448,C2
0.01768906804706523,C2
-0.1624414781328365,C2
-0.004933298963684232,C2
-0.09049845764190866,C2
-0.1234742640131678,C2
-0.037448635846447316,C2
-0.18158822114812828,C2
0.009878563281499747,C2
-0.09425250682098553,C2
0.07938138949903424,C2
-0.11240838023161076,C2
0.0045218219932042225,C2
-0.07971102315154173,C2
-0.15421261074394033,C2
-0.11149514123412843,C2
0.2168778686930574,C2
-0.10773912807473009,C2
0.13732775090380986,C2
0.17561732724145784,C2
-0.007471297155222436,C2
-0.02599604350206487,C2
-0.06460252812724651,C2
0.048983749805092215,C2
0.01902934173721727,C2
-0.09230519378099472,C2
0.020168029260588388,C2
-0.042902745002201016,C2
-0.058760516668437165,C2
0.0606918859273677,C2
-0.10085024025966308,C2
-0.1531596781496215,C2
-0.00109902964125504,C2
-0.12084708400287092,C2
-0.1043615172661371,C2
0.1463799871451281,C2
0.1540955362206906,C2
0.02386039644142747,C2
-0.17583279288987239,C2
-0.04777610714525919,C2
-0.10382872696818435,C2
-0.05135023595665673,C2
0.14562739833188332,C2
0.005395432918694983,C2
-0.04241770973029379,C2
-0.15359587685198822,C2
0.23313747863731743,C2
0.030040566438812172,C2
-0.06931911861856341,C2
-0.08105800216488722,C2
-0.18163988739216522,C2
-0.08197900526461105,C2
0.22454244638213047,C2
-0.17780989856421558,C2
-0.12386046538159713,C2
-0.11603409155957853,C2
-0.10445998447617053,C2
0.02418649401824116,C2
-0.14327993249526316,C2
0.17334237330943397,C2
0.07121602472899624,C2
-0.08105589440832006,C2
0.0610415561109154,C2
-0.09111195995793697,C2
-0.0697306185897632,C2
-0.04811292229395604,C2
-0.13004808894420714,C2
-0.11259483319924947,C2
-0.08072770645979623,C2
0.05747997777814562,C2
0.09418979944776955,C2
0.048183454300932224,C2
-0.14161880400216875,C2
-0.06575069366341178,C2
0.09148221432364229,C2
0.12383106890447271,C2
-0.05482104373765882,C2
-0.11148809959641552,C2
0.07458665298969026,C2
0.01617838979254116,C2
-0.2397486849144886,C2
-0.04696191062130527,C2
0.03421822410658438,C2
-0.05787352034028344,C2
-0.19557552179859533,C2
-0.036869939609051786,C2
0.1559685050982609,C2
-0.22830532945999452,C2
-0.03228375535955283,C2
-0.029868506371682913,C2
-0.0629617829559061,C2
-0.13596370281861775,C2
-0.03988721472081001,C2
0.09106185398840391,C2
0.055843621861868524,C2
0.06966242201936743,C2
-0.043898319059652434,C2
-0.029433226252219863,C2
-0.013929597580885009,C2
0.14959620912573243,C2
-0.05014623003078461,C2
0.06633840119697805,C2
-0.1120265155048166,C2
-0.04185724014470839,C2
0.019050228411429643,C2
0.010209034439077933,C2
0.1753126035125732,C2
0.03389693297045296,C2
-0.005137906879833926,C2
-0.18143558763263073,C2
0.0673836827830308,C2
0.04313711172695648,C2
0.03746186797354896,C2
-0.0024392753177879603,C2
0.16040319748470228,C2
0.2048428774715978,C2
-0.11656597719976727,C2
-0.10815456100936902,C2
0.015568484201683119,C2
-0.19317505701161514,C2
-0.12290573998154772,C2
0.06602356830857045,C2
-0.06006245862805115,C2
-0.11552718779979745,C2
-0.043112249358084165,C2
0.005905301448615882,C2
0.1358300246481869,C2
0.11406012116522288,C2
-0.05166665952327358,C2
0.1448920856958081,C2
-0.025051909998556672,C2
-0.10727427692772804,C2
-0.19927411305234688,C2
0.1384899014843381,C2
-0.0492936177139805,C2
-0.09906063246435898,C2
-0.186646345934488,C2
0.12764786525035682,C2
-0.059673496023299744,C2
0.05257482778852786,C2
0.08498103468229812,C2
-0.1968861011994259,C2
-0.1348460569619567,C2
0.08014127470494792,C2
0.07185468331500507,C2
0.16053717365161857,C2
-0.11427465642349827,C2
0.03884049676618302,C2
0.03869114895502013,C2
0.015550432461316668,C2
0.08195886226841209,C2
-0.045176961626425934,C2
-0.3187690233934727,C2
-0.03641351859191589,C2
0.0968333583752724,C2
-0.1586636148958926,C2
-0.15500273435764256,C2
-0.24398868095961423,C2
-0.16457882531368942,C2
-0.06717945566142497,C2
0.09151042883065846,C2
0.025048226947487817,C2
-0.08591228811179034,C2
-0.019684849688405254,C2
-0.11601747762600943,C2
-0.08523207152103474,C2
0.024130881498847068,C2
-0.012250768618101267,C2
-0.032267651545646134,C2
0.030220379582519746,C2
0.07323438313587544,C2
3.0703958327353564e-4,C2
0.13704019016231722,C2
-0.0784791458763584,C2
-0.12137164468088715,C2
-0.03607367018702082,C2
0.0792444696036726,C2
-0.1400120006209258,C2
-0.08741520987566434,C2
0.014036141291610293,C2
-0.05334190181208534,C2
-0.02680334038990169,C2
0.12710511364006213,C2
-0.18025226665526828,C2
-0.06133494365427604,C2
-0.03899994370448827,C2
-0.23461968794801039,C2
-0.04811699949479084,C2
-0.13240762663283723,C2
0.003689577449446417,C2
-0.08956659590388216,C2
-0.2465707286740166,C2
0.10410623247879236,C2
-0.023237571222739672,C2
-0.1373417728081464,C2
-0.19631977606654805,C2
0.09823909533638084,C2
-0.0489910088689044,C2
-0.08238507335315895,C2
-0.18509693494433344,C2
0.14087700488281624,C2
-0.020901864536108615,C2
-0.1716013221647542,C2
-0.2509515288497775,C2
0.08501793099647503,C2
0.08659725892564869,C2
0.11346311835192585,C2
0.11322078987059873,C2
-0.14062202942424157,C2
0.1117199768273544,C2
0.09217866599423352,C2
-0.015054428087843089,C2
-0.029100081693212265,C2
0.06054218994824863,C2
-0.04950284753894796,C2
-0.11705106177631397,C2
0.03285118041775703,C2
-0.08561100552540102,C2
-0.16087730370577866,C2
-0.056710083788218735,C2
0.07578233847091657,C2
-0.08015883152920217,C2
0.05785140911801827,C2
0.18710795741895253,C2
0.019186329763877887,C2
0.015860520079647847,C2
-0.07266583488443824,C2
-0.1002255040512002,C2
-0.002259765772003486,C2
-0.039622366798192914,C2
0.020541822453433188,C2
-0.004339366764687838,C2
-0.04724694102621529,C2
-0.16532513732655021,C2
-0.16075502370453293,C2
-0.0029067587151830818,C2
0.042329217540796125,C2
0.09367268377125901,C2
-0.2052811011970633,C2
-0.10721026059638455,C2
0.034301174004364346,C2
-0.11348062459671583,C2
-0.32640604954953356,C2
0.0808986075946091,C2
-0.12456277155154385,C2
0.0068846925325659405,C2
0.06762823226189471,C2
-0.013013818666963193,C2
0.049797104661858944,C2
-0.03585510049436531,C2
-0.09036626733374309,C2
-0.11145824808729965,C2
0.10857149830167909,C2
0.1747118230440221,C2
-0.20265809410096952,C2
0.25249878498140804,C2
-0.20143651681402516,C2
-0.17531046863111946,C2
0.09558762791876889,C2
0.05906932428584294,C2
-0.16292062011664477,C2
-0.019358423443295955,C2
0.0023162049254576503,C2
-0.01673713029639496,C2
-0.0976574169358313,C2
-0.006579599507247548,C2
-0.08037201661994414,C2
-0.2914177041329582,C2
-0.19012977705313405,C2
0.004819618141373785,C2
-0.10176389966094329,C2
0.08981808927964627,C2
-0.12400998485730545,C2
0.11302989119561391,C2
0.029611567473724752,C2
-0.12635549087865258,C2
0.13890610451133412,C2
0.06061168445631923,C2
0.06417671001981386,C2
0.07930380408185006,C2
-0.2044290200764702,C2
0.02059625569373988,C2
-0.18925161582030503,C2
-0.11706496998478433,C2
-0.21833466337967652,C2
-0.04511684043707047,C2
0.036071767072243605,C2
0.07718751477526446,C2
-0.039780520520544115,C2
0.02231968942291742,C2
0.03068551513712843,C2
-0.19182332731895768,C2
-0.05717996424153707,C2
-0.13335534886604822,C2
-0.0333859606294777,C2
-0.10744179051767075,C2
-0.019118117775006813,C2
-0.039932527588737374,C2
0.12489284528578821,C2
0.015841387671260497,C2
-0.0011659492479220018,C2
-0.06215797124207019,C2
0.09937153296737161,C2
-0.11717381177790304,C2
-0.18297364458481707,C2
-0.32521893473601804,C2
0.05847844880942839,C2
-0.016416698444101138,C2
-0.15418918859192238,C2
-0.24283491281876726,C2
0.08579586125158195,C2
0.004383534865255938,C2
-0.0696007542612658,C2
0.0677189254666766,C2
0.1690639344897325,C2
0.15481420234780274,C2
-0.1106494795674566,C2
0.004474921835284515,C2
-0.2284873675423355,C2
0.11224489361968543,C2
0.04515622348116585,C2
0.03158783535393754,C2
-0.08359828244317519,C2
-0.13896118534195995,C2
-0.06905224366945564,C2
-0.1060600812675763,C2
-0.03416058171229065,C2
-0.007658949289053377,C2
0.07838637077232852,C2
-0.03858930708541489,C2
-0.0899285564758403,C2
-0.05305276306170757,C2
-0.04989397656785949,C2
-0.16114394160935763,C2
0.026250120067787756,C2
-0.16328923368957438,C2
-0.029129202278820418,C2
0.019837884566779387,C2
0.008635537096167697,C2
-0.11240838023161076,C2
-0.016015818756296676,C2
-0.09777810149889496,C2
0.24458488712957707,C2
0.04055680678008759,C2
0.05883868408331314,C2
-0.09524382171135905,C2
-0.11315939877156728,C2
-0.009612386899522062,C2
-0.030601668528175353,C2
-0.19865162805645886,C2
-0.24173207082385798,C2
0.13104438097231796,C2
-0.049864630444898014,C2
-0.055268820911921576,C2
0.006580528453388482,C2
-0.0012333646301980151,C2
-0.021730821148088313,C2
-0.1252327496601396,C2
-0.007695963438443712,C2
0.04524512016306165,C2
-0.08196560041573724,C2
0.02511605035662287,C2
-0.07672578896638421,C2
-0.024413087497364823,C2
-0.10786253949416937,C2
-0.0323424713399844,C2
0.10435368480133546,C2
0.09055016973308946,C2
0.0020906365812791636,C2
0.03788750912493791,C2
0.12111401541017985,C2
-0.17703918706762548,C2
0.07465412489382844,C2
-0.003663510799772035,C2
-0.17047725458195107,C2
-0.01875171147755262,C2
0.07942216864709847,C2
-0.33678787491937107,C2
0.07935989104574652,C2
-0.020452349170611256,C2
0.05620539345194693,C2
-0.12372881878876776,C2
-0.20775013526492628,C2
-0.11607137553156868,C2
-0.2498051682226035,C2
-0.033320601827940444,C2
-0.21165573858225703,C2
-0.15667736360132833,C2
0.03839955895984408,C2
0.09913332040106017,C2
0.0011955636882346014,C2
-0.013342327164003201,C2
0.09180523809973323,C2
-0.13735064046361878,C2
-0.12968279682752543,C2
-0.030114999966787667,C2
0.008891453860735386,C2
-0.07049777123157483,C2
-0.13116767752431577,C2
-0.006914859778758529,C2
-0.08124230913824565,C2
-0.3114005349372506,C2
0.24177923629327203,C2
0.011896046885046533,C2
-0.02320420204978679,C2
-0.20177069821702376,C2
0.11072426680393262,C2
0.05339766227657823,C2
0.01287868576567261,C2
-0.05709170225818861,C2
-0.052543477558448834,C2
0.03400889751406676,C2
0.04024250151970421,C2
0.1389745393637522,C2
-0.2437124040695591,C2
0.08912761969059943,C2
-0.32458507393537706,C2
-0.004792047525120538,C2
0.025777633198284994,C2
-0.015185089169226354,C2
1.3599648885578852e-4,C2
0.01002792627114966,C2
0.09192393505989535,C2
-0.2548855697066435,C2
-0.1283119279492444,C2
0.22579973257014702,C2
0.0771201455391783,C2
0.11979175937006957,C2
0.021047666381645055,C2
-0.17132908302116706,C2
-0.3145407062205816,C2
-0.10582897309556358,C2
0.013317837619040259,C2
-0.04388851614885161,C2
-0.1522112318492354,C2
0.08467848833073852,C2
0.10840331558971032,C2
-0.08570072614900753,C2
0.03516156419723597,C2
0.07190993783755525,C2
0.03907158314721795,C2
0.009754562601764369,C2
0.010739041842198543,C2
-0.0847625870893089,C2
-0.031681708400717726,C2
-0.004557365935893062,C2
0.24829181971304898,C2
-0.06161613382341824,C2
-0.053964142045011924,C2
-0.09669517131889072,C2
-0.08365172469988895,C2
-0.024097304303343184,C2
-0.014831178359482321,C2
0.02245614228920123,C2
0.02807975037392274,C2
0.005143454479570521,C2
-0.12905218936782759,C2
-0.13256702665151243,C2
0.022611595194708338,C2
0.0011311172502371583,C2
0.009886508554437283,C2
-0.21536101730729285,C2
0.023331965121082182,C2
0.010618628222951676,C2
-0.05868321722579262,C2
-0.06041766848039894,C2
0.22254647356315466,C2
0.0013489480211460647,C2
-0.05037373814257348,C2
0.03401795412661225,C2
-0.0476928696185805,C2
-0.2605059597160593,C2
0.008342582184366634,C2
-0.003203872045500133,C2
0.03362843873039742,C2
0.06974351526470426,C2
0.023914637526208236,C2
0.038013239895743886,C2
-0.035286837354472037,C2
4.26272049985979e-4,C2
-0.0527290672508271,C2
-7.665434804229043e-4,C2
0.008297956360952374,C2
-0.036906969761818,C2
0.1798156904872441,C2
0.026554540031275428,C2
-0.12120335180354086,C2
-0.0763280754076022,C2
-0.11805215277251221,C2
0.09194547461802122,C2
-0.1173425688171179,C2
0.0038182270982811553,C2
-0.05372547141688177,C2
-0.12620672022660376,C2
-0.07395051922272611,C2
0.03205721912699612,C2
0.036093839252920173,C2
-0.07405158650271933,C2
0.10284776188278935,C2
-0.0275881447251506,C2
-0.0024085897675351076,C2
0.16426916001843023,C2
0.005204560861851004,C2
-0.0746095873677915,C2
-0.035313710864114944,C2
-0.026670442340618904,C2
-0.006790680743667801,C2
0.03928164615360502,C2
0.03254410448209032,C2
0.12765102631060032,C2
-0.13416214283855052,C2
0.00792794497925374,C2
-0.08445563255084172,C2
0.0031197997027947177,C2
-0.09181678418871815,C2
0.011467930329551575,C2
-0.009390848778773012,C2
-0.11810203667612044,C2
-0.0064088227848893495,C2
0.028638334357338466,C2
0.05046356100813991,C2
-0.09319578637542,C2
-0.17330346658976908,C2
-0.02727345606825233,C2
0.1702560290127429,C2
0.17369496628289044,C2
-0.13369122798884558,C2
0.03475575880791895,C2
-0.09304874615695573,C2
0.09348877867124243,C2
0.0693332802582327,C2
-0.1661102187149953,C2
-0.0031569030705309448,C2
-0.14062662018397462,C2
0.11775086072705929,C2
0.004356884291867095,C2
-0.061157074171743486,C2
-0.09128142237696679,C2
-0.25122506339578643,C2
-0.09914606325553965,C2
-0.0828227864068678,C2
0.1090368768982384,C2
-0.15881367994006648,C2
-0.09574483849550193,C2
0.06251741223967931,C2
-0.28144636263907563,C2
-0.09278750865330898,C2
0.06505934234527726,C2
0.12273371331813512,C2
-0.16655623752452658,C2
0.03734867413341457,C2
0.06268648124825484,C2
0.08729523739387643,C2
-0.10649173594602747,C2
0.054924956333192,C2
-0.038232792075756555,C2
-0.12989841870295132,C2
0.020557266010208405,C2
0.048888810167317456,C2
0.06773744938913179,C2
-1.738673815316026e-4,C2
0.03189438801085745,C2
0.1468536097764899,C2
-0.10267149121641125,C2
0.015067772155143724,C2
0.013931540640942111,C2
0.09502996969501198,C2
-0.03452792575962197,C2
-0.0026863245554907666,C2
-0.026485792168443767,C2
-0.026565099578791038,C2
-0.08798499945310231,C2
-0.024414748496273765,C2
-0.08547938678662341,C2
-0.04526328445950095,C2
0.04861296385659171,C2
-0.061356146855125575,C2
-0.12120455822994937,C2
-0.11020123327154,C2
-0.1339016915571255,C2
-0.050705954607545636,C2
2.583125184169033e-7,C2
-0.028390441217318145,C2
-0.03813291788990372,C2
-0.07373018768936604,C2
0.16169838860175909,C2
0.003068401244513675,C2
-0.03341985392086928,C2
-0.13063029998462142,C2
-0.13072748873898846,C2
-0.011994622193170532,C2
0.06664815478304861,C2
-0.17110723290414556,C2
-0.01010845794992657,C2
-0.13739020136520555,C2
-0.05345248292976323,C2
-0.14909759728732788,C2
-0.009440096461958841,C2
0.2885441805367113,C2
-0.10380677040614142,C2
-0.12476997050895014,C2
0.12713333591149817,C2
-0.09313767465906164,C2
-0.07794488621916792,C2
-0.006123371675045786,C2
0.03000982581492495,C2
-0.05246556657057816,C2
0.1329779236604648,C2
-0.043318232093823184,C2
0.030686977665591746,C2
0.1594389181646126,C2
0.015452226427274191,C2
0.12710735224618347,C2
-0.0835100023678184,C2
-0.34330228312458866,C2
-0.1551794315548832,C2
0.08917421659099647,C2
0.011269108462212945,C2
-0.1347806358384875,C2
-0.05596098996867126,C2
0.007457406359378612,C2
-0.041106757050151356,C2
0.05244904667640431,C2
0.016520188533589827,C2
-0.017356375670292946,C2
0.09682919772171347,C2
-0.04046494987419701,C2
0.009113408205652235,C2
-0.17496604891207712,C2
-0.03447383397993741,C2
0.0589559059958365,C2
-0.07656996020146216,C2
-0.18263577661753463,C2
0.037545854809887806,C2
-0.235863418034086,C2
0.0577832913581634,C2
-0.056354899452763604,C2
0.07378957225247326,C2
-0.0043212609036982555,C2
-0.2686118367878846,C2
0.0741798584909745,C2
-0.1763026084142983,C2
-0.17587264620355642,C2
-0.2581577738322827,C2
0.09110926632615171,C2
0.08811602927987117,C2
0.0898589347778759,C2
0.0019303849412788676,C2
0.012436227424590322,C2
-0.06596636956030061,C2
-0.13199320069597373,C2
0.12847637461499722,C2
0.007367565892410321,C2
-0.1589701831444486,C2
-0.29859362253657384,C2
0.0013058100520592282,C2
0.08214654773394092,C2
0.038252608465778604,C2
-0.1082839698477309,C2
-0.17105826216005016,C2
0.05729320394864543,C2
-0.0590174840509013,C2
0.013660112450812771,C2
-0.07015399158157948,C2
-0.032428363124496866,C2
-0.30297361142201445,C2
0.10913053802994906,C2
-0.014455666920169523,C2
0.127081375701659,C2
-0.1316307136054742,C2
0.010142880477546863,C2
0.0059995676484388555,C2
-0.09521560873792688,C2
-0.015965044442199885,C2
0.0471762213579388,C2
-0.13388760727255383,C2
-0.11378884879159482,C2
0.0754585259147832,C2
-0.04641187842857211,C2
-0.04665853913061498,C2
0.06844930479907124,C2
0.009884000214345753,C2
0.04578673693718319,C2
0.08086920081189605,C2
-0.03128699521360696,C2
0.03561724657576862,C2
-0.021855385822111772,C2
-0.13361997168733813,C2
0.01631725438253083,C2
0.10137665899855572,C2
-0.111093369698918,C2
0.17225487311705295,C2
0.11664935435128734,C2
-0.13085907108861494,C2
0.07932655104066894,C2
-0.132035677956497,C2
0.10934483250159549,C2
0.1075432957764493,C2
-0.0515466590457066,C2
-0.11966712144180289,C2
0.027507242129290767,C2
-0.11441165925090171,C2
-0.13487675086476358,C2
0.05484361015587476,C2
-0.058716228647696524,C2
-0.036958062913982764,C2
0.04910956385428564,C2
-0.18949885307906483,C2
-0.11597281217402627,C2
0.14924635784888224,C2
-0.2423104918024125,C2
-0.08158470269107862,C2
0.09317011001881817,C2
0.05013043023767591,C2
0.06535948026730021,C2
0.13101761377758547,C2
-0.08499196327151809,C2
-0.07180104887040938,C2
0.030921970046299083,C2
-0.05120294807116817,C2
0.07089168604078447,C2
0.03724619809686294,C2
-0.04851685888950447,C2
-0.04349727801373541,C2
-0.04293654868489331,C2
-0.039436172833988314,C2
-0.15130760117664593,C2
-0.017183246915390846,C2
0.031032629350161448,C2
-0.10563485460088681,C2
-0.10363092817853008,C2
-0.07388247933422389,C2
-0.0448478087367193,C2
0.007953144321208576,C2
0.04531112990124292,C2
0.007056640062759585,C2
-0.07088183515252533,C2
-0.06994374551462487,C2
0.054446701438435746,C2
0.038310388519474645,C2
0.1439693347745125,C2
-0.11053387453063562,C2
0.058516544446359675,C2
-0.03448400054562363,C2
-0.093996001995961,C2
-0.012260528038394107,C2
-0.20288981298487,C2
-0.017856313872311038,C2
0.024624834826898503,C2
-0.2165185779152018,C2
0.03298102739840844,C2
-0.18325850168092556,C2
-0.19920938976904995,C2
-0.1365457591586035,C2
-0.10557131508152631,C2
0.031737504550772955,C2
0.004076027591900684,C2
0.028925368198729873,C2
0.08349752249333534,C2
-0.0313086157802422,C2
-0.08395733264860109,C2
0.13214303262174276,C2
-0.021933870638971592,C2
-0.086819058724383,C2
0.00538448509828271,C2
-0.029714014564392502,C2
-0.014084879608280386,C2
-0.08062595218668803,C2
-0.004963272606693089,C2
-0.03557717945008369,C2
-0.07571656422874952,C2
0.014089762232478289,C2
0.010643479402445491,C2
-0.04981686703973878,C2
-0.02927087230836551,C2
0.04687648044451756,C2
-0.040585981424390405,C2
0.047025229082477416,C2
-0.0032552419753780135,C2
-0.03264657483658677,C2
-0.05525243125354143,C2
-0.14653690897379557,C2
-0.0035010231248910756,C2
-0.31909947176919246,C2
0.09166233723922228,C2
-0.01802016081090682,C2
7.632272911156368e-4,C2
-0.039418488181918954,C2
-0.09405817381520397,C2
-0.0870377151057507,C2
0.08094040263489144,C2
-0.04752931418729781,C2
0.14857787293761707,C2
-0.10576480153495177,C2
-0.014293672878852571,C2
-0.13516685290847946,C2
0.11212583231938827,C2
-0.027962390214181197,C2
-0.20063135339919888,C2
0.018194367148079683,C2
-0.07798036458774266,C2
-2.0974134588150556e-4,C2
-0.018442252822357535,C2
0.07445532229347461,C2
-0.016415400561654275,C2
0.2641152532505091,C2
-0.11354205724364333,C2
-0.07505173045920865,C2
-0.006605272444551422,C2
0.08844220948989086,C2
0.067547930541766,C2
0.050411942655732594,C2
0.10324351823579281,C2
-0.127602817792771,C2
0.08164682460148162,C2
0.05389159743742073,C2
0.0549163837340682,C2
-0.08800214001703921,C2
-0.09473271772454066,C2
-1.738673815316026e-4,C2
-0.018913855085358432,C2
-0.03151464382004798,C2
-0.10492993466631945,C2
0.01036131021698042,C2
-0.0446107938579274,C2
0.15876267096069188,C2
-0.009309341912301122,C2
-0.06109970501289336,C2
0.0324631008203376,C2
-0.1577898644767829,C2
0.11490837101801628,C2
0.07816923830090662,C2
-0.05357866575959623,C2
-0.020413865890101596,C2
-0.12905098931068146,C2
-0.078362314666448,C2
-0.12649656637807333,C2
-0.06053625193659145,C2
-0.031186474491463723,C2
-0.23336006164288312,C2
0.041743679441300266,C2
-0.11942615948775706,C2
0.06014416353500737,C2
0.1468536097764899,C2
0.05980305948469973,C2
-0.04217380238833714,C2
-0.05551590945969846,C2
0.12108657898895701,PZ
-0.06677534792185746,PZ
-0.06642936332185075,PZ
-0.03262270434832861,PZ
-0.289615985040815,PZ
-4.516180688416416e-4,PZ
0.008495652564427428,PZ
-0.03128461907642374,PZ
0.050313787096910305,PZ
-0.02771600661677223,PZ
0.15134769980218865,PZ
-0.01224829510985622,PZ
-0.005936179396700242,PZ
0.15944006907647978,PZ
-0.05339636604393287,PZ
-0.08920084405161247,PZ
-0.05499164454204171,PZ
-0.08193397274303771,PZ
0.04813558297985773,PZ
0.1335899679789566,PZ
-0.017029570258900128,PZ
-0.05427137483860563,PZ
0.19000913680910217,PZ
-0.094730474943334,PZ
0.06254979398040841,PZ
0.10245548433316982,PZ
0.11965103314449681,PZ
-0.11996127096166337,PZ
0.1963961607053758,PZ
0.06902239550106547,PZ
-0.08917962114521726,PZ
0.008345702453032242,PZ
-0.024735361503870613,PZ
-0.2436664452305208,PZ
-0.04574635878343217,PZ
-0.12783037580600143,PZ
0.03520519670380594,PZ
-0.02066543472562364,PZ
0.11714736520606411,PZ
0.07472977085601883,PZ
-0.05671006864967648,PZ
-0.05858239003122054,PZ
0.03001634955654197,PZ
0.11649142907617413,PZ
0.13215907277645994,PZ
-0.06482196242067755,PZ
-0.20250609281542037,PZ
0.06769752575349554,PZ
0.2632988724513222,PZ
0.18033610623061302,PZ
-0.009506716414678137,PZ
0.03646936033371499,PZ
0.09272467575129423,PZ
0.08218597972599694,PZ
0.14230460980124643,PZ
-0.033718865487054966,PZ
-0.07902258139995956,PZ
0.0848544600007417,PZ
-0.023422279315931785,PZ
0.10575765688113764,PZ
0.019493054562455092,PZ
-0.08394543153117144,PZ
0.1675409037407664,PZ
0.026806085676225756,PZ
0.13927878233821367,PZ
-0.02208553468257933,PZ
0.024540598614721437,PZ
-0.029506554277730777,PZ
-0.07914356280912577,PZ
0.06930465557571533,PZ
-0.2602683597074074,PZ
-0.0965196670290465,PZ
-0.08903431128197371,PZ
0.051181074746211606,PZ
0.02136092108717844,PZ
-0.016855371588967008,PZ
-0.08559930370906728,PZ
-0.11258077823691205,PZ
-0.00839748132470806,PZ
-0.07466880133882531,PZ
-4.003957683665349e-4,PZ
0.08241895203996326,PZ
0.022819410529938404,PZ
-0.04798060871761431,PZ
-0.10302762795554987,PZ
0.20303406908345734,PZ
-0.0306982927892223,PZ
0.1802419603073794,PZ
0.08540368285734326,PZ
-0.17721985323312645,PZ
0.021187817952099883,PZ
0.12903457170446597,PZ
0.005298388428908639,PZ
-0.22371305656420806,PZ
0.08898300299593578,PZ
0.06707537120281046,PZ
-0.07520070032771717,PZ
0.12416530971796674,PZ
-0.08811687907512536,PZ
-0.061666226056798897,PZ
-0.18028744074098743,PZ
0.00719989083830597,PZ
0.0767472981699338,PZ
0.05775581931928417,PZ
-0.06132209269467702,PZ
-0.0908977177744998,PZ
0.16587789808730616,PZ
0.08698675975694473,PZ
0.04413836571689135,PZ
0.08564104812439068,PZ
0.03794519829487749,PZ
-0.05550721533504435,PZ
0.03877840148218516,PZ
0.07712559205260978,PZ
0.026079794256392393,PZ
-0.05553868256110253,PZ
-0.01459549824562692,PZ
-0.17388114245098826,PZ
0.046339597226868305,PZ
-0.13461706124818124,PZ
0.031137588144434167,PZ
0.09144503071800635,PZ
-0.022723312041510638,PZ
-0.0027578765747889675,PZ
0.13777844467184636,PZ
0.008229657001046537,PZ
-0.041678006411499026,PZ
0.06454134555492859,PZ
0.05315314401464497,PZ
-0.014082075793397372,PZ
-0.02102607304507318,PZ
0.055666459627010015,PZ
-0.14444232122916786,PZ
0.05038637794025819,PZ
-9.761827753363844e-4,PZ
0.07012917259411705,PZ
0.07074187799929253,PZ
-0.02122248732695762,PZ
0.04171756312796633,PZ
-0.022307970417947468,PZ
0.0779716465664308,PZ
0.09473004905237277,PZ
0.01253698942767503,PZ
0.0022968160767777857,PZ
-0.08107442104590719,PZ
0.1281430778214579,PZ
-0.19007607147356456,PZ
0.05982872437215012,PZ
0.15334970462566994,PZ
-0.08714507012653697,PZ
-0.06014183896472519,PZ
0.17043330376652355,PZ
0.1640685289204637,PZ
0.05905538634541954,PZ
-0.03351120001999293,PZ
0.10592295696073678,PZ
0.12039764899050492,PZ
0.158363828846523,PZ
0.06350124029829604,PZ
0.028503111720629075,PZ
0.03450478717848529,PZ
0.08681765477589795,PZ
-0.01915423275341623,PZ
0.014863521454973876,PZ
0.10009745078077353,PZ
0.10267316827083506,PZ
-0.12334409403093416,PZ
0.045801919069497994,PZ
-0.04695012121100806,PZ
0.032410666519375776,PZ
-0.07504771747730861,PZ
-0.21445586516186949,PZ
-0.008968082686899373,PZ
-0.12929110693918922,PZ
-0.2896585552819583,PZ
-0.026176483841909216,PZ
-0.008749324228252822,PZ
0.20433042614678457,PZ
0.11474807129452672,PZ
-0.07525330151870163,PZ
0.0695351551545092,PZ
0.07257793466658012,PZ
-0.04989102608047588,PZ
-0.12303183232623191,PZ
-0.03120653376179028,PZ
0.23574876907344544,PZ
0.018110098001377282,PZ
0.11380156342514677,PZ
0.043186272664906614,PZ
0.0768478066924643,PZ
0.016476436613630543,PZ
0.1673549898818599,PZ
-0.1802817089500124,PZ
-0.12055196041289921,PZ
0.14007072966441333,PZ
-0.0649502717524531,PZ
-0.09973454965309975,PZ
0.0817069050652404,PZ
-0.0579163611747717,PZ
0.025164150687603325,PZ
0.00826804396783297,PZ
0.12122013360580514,PZ
0.059569690264448416,PZ
-0.02292878140086664,PZ
-0.09350838900192403,PZ
-0.13277892537079738,PZ
-0.012446952344291141,PZ
0.016363693055142785,PZ
-0.11829590310539857,PZ
0.15887482565311148,PZ
0.09635364818386453,PZ
-0.02295060940590187,PZ
0.10609774627912559,PZ
-0.1487986796027252,PZ
0.019113697969185953,PZ
-0.10179136659522035,PZ
-0.07442679456893855,PZ
0.04049501887277897,PZ
0.06720983937293235,PZ
0.07248370285751064,PZ
0.03590464841182605,PZ
-0.06677534792185746,PZ
0.009052161184473967,PZ
0.023188702811077933,PZ
0.03027253518454099,PZ
-0.052763114465478475,PZ
-0.04254238688639175,PZ
0.03484531288961401,PZ
-0.06566865946336115,PZ
-6.485535009393903e-5,PZ
0.018757361185551488,PZ
-0.134020485693569,PZ
0.19531600247770714,PZ
0.1104866761777113,PZ
-0.03496538743332299,PZ
-0.01127439458128849,PZ
-0.14471698807351682,PZ
0.08554626658778214,PZ
0.09717365516552542,PZ
0.08046117796636557,PZ
0.059329747948117975,PZ
-0.13153077649563566,PZ
-0.04919788488393496,PZ
-0.08885258710604099,PZ
-0.07784800456124594,PZ
0.006049865402995916,PZ
0.10496482582826346,PZ
0.11726907941752085,PZ
0.05765810523651874,PZ
-0.06429577642975687,PZ
0.09305176860759778,PZ
0.0312691093604021,PZ
0.10476822241077816,PZ
0.07617148900136256,PZ
-0.21908258946675074,PZ
0.03177912414845319,PZ
-0.05139010647639439,PZ
0.12496972046904684,PZ
-0.08934010702347807,PZ
-0.04368051029692632,PZ
-0.08545524345892674,PZ
0.05758987685006301,PZ
0.011621690637636004,PZ
-0.03089568096038428,PZ
0.03995696781595888,PZ
0.0010200255394286067,PZ
-0.015599963068454872,PZ
0.013613890520371416,PZ
-0.085356802793524,PZ
0.037079643553476,PZ
-0.16247484647796953,PZ
0.028567844268004072,PZ
0.029400690414215107,PZ
0.015514121369297418,PZ
-0.10729822688492346,PZ
-0.1418898646410563,PZ
0.08698675975694473,PZ
0.06215399921117587,PZ
-0.06446293243805895,PZ
-0.05776215610552212,PZ
-0.009139127256979268,PZ
-0.056952549160251366,PZ
0.023663909248529548,PZ
-0.04177568434838847,PZ
-0.09914542682183944,PZ
-0.02289916611006921,PZ
-0.03748770990873315,PZ
-0.09125819143584553,PZ
-0.07449375238595453,PZ
-0.05448393198344793,PZ
-0.016523747372360904,PZ
-0.24055374181624464,PZ
0.06304164234787486,PZ
-0.19065471483144103,PZ
0.07077394532713396,PZ
0.10986472383481027,PZ
0.07365656226981933,PZ
0.017577303588677953,PZ
-0.05921668013500203,PZ
0.02661945559416061,PZ
-0.13581550560754652,PZ
-0.13461706124818124,PZ
-0.007878646387357038,PZ
-0.1418175562801353,PZ
-0.19718579509899686,PZ
0.1637795588763691,PZ
-0.12706304528401474,PZ
0.07546751991938237,PZ
-0.019880146511998986,PZ
0.12554407522498984,PZ
0.07764974131263173,PZ
-0.03502825232161573,PZ
-0.07687310149156265,PZ
0.03914184925978221,PZ
0.011376605733276944,PZ
-0.09906065508967793,PZ
0.11908136390754698,PZ
0.03343233039281411,PZ
-0.11815026095685714,PZ
-0.0014270475807242958,PZ
0.002902436068970282,PZ
0.06650428299347219,PZ
0.01730270147468002,PZ
-0.05480886672266237,PZ
-0.21021821540549812,PZ
-0.06677534792185746,PZ
0.0740856196985407,PZ
-0.08763089138682856,PZ
0.13278456849123688,PZ
0.09964596645928331,PZ
-0.050458921158436025,PZ
0.06549306019397225,PZ
-0.020539292456594097,PZ
0.07788172796816115,PZ
0.01269254644777016,PZ
0.1114693924575533,PZ
-0.06480538567953369,PZ
0.013154998469229597,PZ
0.13825351462511448,PZ
0.0510251519103059,PZ
0.10179441965116294,PZ
-0.11156330310269641,PZ
0.1225401864010486,PZ
-0.17261573677915773,PZ
-0.04808751437333636,PZ
-0.132781795809896,PZ
-0.028629500730470513,PZ
-0.07304303912434,PZ
-0.1315477119818005,PZ
-0.012055800607055838,PZ
4.2528206990302686e-4,PZ
-0.012948675384354518,PZ
-0.17505052632842352,PZ
-0.004030131568081373,PZ
0.020710124832472164,PZ
-0.08545513492080627,PZ
-0.11114928714663962,PZ
0.02943123259901769,PZ
0.0107372402295789,PZ
0.030002156907297465,PZ
0.14305285517099525,PZ
-0.05096739704011648,PZ
0.15322248614938372,PZ
-0.20228549909588636,PZ
-0.037936582701500896,PZ
-0.1551100647510728,PZ
0.10617309639520754,PZ
-0.09784058965845666,PZ
-0.0647609951496296,PZ
-0.09612103034237951,PZ
0.00536894078177147,PZ
-0.04423805534612894,PZ
-0.10216408460932129,PZ
-0.0861228417073179,PZ
-0.08806780713898696,PZ
0.10712216880256786,PZ
-0.11624735625040405,PZ
0.07218759061752392,PZ
-0.06337838766538362,PZ
-0.05388228684773734,PZ
-0.04437210663635756,PZ
0.11956436950554339,PZ
0.04967006638889765,PZ
-0.01148645204505213,PZ
0.10584113658203656,PZ
0.07830913759533516,PZ
0.050055928240289434,PZ
-0.010127472585686628,PZ
0.010820275341629531,PZ
0.035680921731188496,PZ
0.11173248095566728,PZ
-0.21502269844470623,PZ
-0.08475925222128834,PZ
-0.04971687706186152,PZ
0.0743683258299935,PZ
0.24104990210436505,PZ
0.034657534828892105,PZ
-0.02924899607395419,PZ
0.021865875121041642,PZ
-0.06354345016560294,PZ
0.008044283717364757,PZ
0.1339685722990824,PZ
-0.003909010862324671,PZ
-0.07817702567204873,PZ
-0.15174167012288853,PZ
-0.1875133345807786,PZ
0.1790490435712676,PZ
0.11378476525639306,PZ
0.0739839769983604,PZ
0.125960464829675,PZ
0.0858777681014783,PZ
0.05387844123081202,PZ
0.141660130061727,PZ
0.02023759320875647,PZ
-0.093639104730838,PZ
-0.08392588243292523,PZ
-0.05669316360405918,PZ
-0.056843472395379575,PZ
-0.010810274525787533,PZ
0.1365427974626099,PZ
0.07479206422424498,PZ
0.2158582507990878,PZ
-0.004030131568081373,PZ
0.04039237670252137,PZ
0.02427040630681844,PZ
-0.05750544397606101,PZ
-0.07306481851323031,PZ
0.007145267364478333,PZ
-0.10032346019536946,PZ
0.09970327261226257,PZ
0.03841167696738315,PZ
-0.10083815558800155,PZ
-0.16350338204304932,PZ
-0.1368796921616155,PZ
0.09540617505694214,PZ
-0.045472132203749155,PZ
-0.12250538602134403,PZ
0.046125854692093855,PZ
0.0703857877172526,PZ
-0.036181934730993584,PZ
-0.12600236911564394,PZ
-0.006770512302048774,PZ
0.013310335091575143,PZ
0.12081257992605451,PZ
0.02639912577768514,PZ
0.16687120763816404,PZ
-0.0843539661569184,PZ
-0.14097086231999753,PZ
-0.10500747106221689,PZ
-0.07546789371479452,PZ
-0.1263856626457952,PZ
0.19061310828314065,PZ
-0.10188351480089192,PZ
0.0839745074125155,PZ
0.02471280985041286,PZ
-0.14290214484924485,PZ
-0.10500747106221689,PZ
-0.14996553736607168,PZ
0.118963377523408,PZ
-0.10305534032392707,PZ
0.0796629366626293,PZ
-0.026560223530965054,PZ
0.11149523659387492,PZ
0.055013974200255555,PZ
-0.023567871336908377,PZ
-0.09619631973240177,PZ
-0.12953651913453493,PZ
-0.05686279937620253,PZ
-0.08757152294773757,PZ
-0.06030105643602525,PZ
-0.04649146690557243,PZ
-0.022208307829250692,PZ
-0.02388600460136686,PZ
0.12928311719546215,PZ
0.08576054125250301,PZ
-0.10081125234612999,PZ
0.048045067398876276,PZ
-0.06074306533819756,PZ
-0.05035077943582822,PZ
-0.05579553748915628,PZ
0.05992517486135049,PZ
0.006451653244878092,PZ
0.06251752025607922,PZ
-0.052510395500131486,PZ
-0.09431073829119606,PZ
-0.03965216100188272,PZ
-0.0393474399656769,PZ
0.05198453342329942,PZ
-0.030498969191579177,PZ
0.06005871434642709,PZ
-0.03625751734209579,PZ
0.06368686610417082,PZ
-0.11333098623315607,PZ
0.2052889539266052,PZ
-0.015436907817842682,PZ
-0.05083084437101308,PZ
-0.015252031076328845,PZ
0.1004754713265231,PZ
-0.10106520601467979,PZ
-0.10769996504335111,PZ
0.05558969149652772,PZ
-0.11552452644496812,PZ
0.035306257935895605,PZ
-0.024821683813977424,PZ
0.0028513718324683444,PZ
-0.054124999445885905,PZ
0.017294169547581957,PZ
-0.06783981443255084,PZ
0.07274354735695765,PZ
0.045859832020993564,PZ
-0.07935116547934468,PZ
-0.1954284794887865,PZ
-0.02089601749299791,PZ
-0.1748237218319141,PZ
-0.03530993251516653,PZ
-0.1814827386281051,PZ
0.19035945932877046,PZ
-0.048668997286538326,PZ
0.12007676026650213,PZ
-0.19476580176428238,PZ
-0.03766681880735152,PZ
0.20303957570456566,PZ
-0.06120844717640829,PZ
0.003433681491952466,PZ
0.18857671104891444,PZ
0.05283641429282153,PZ
-0.010349037971495115,PZ
0.10324976665100194,PZ
0.0533672832233707,PZ
-0.05132921677173011,PZ
-0.12153775464229495,PZ
-0.09190872950652121,PZ
-0.045091817413318525,PZ
-0.036977681339482135,PZ
0.07248412057054546,PZ
0.03365514366727766,PZ
-0.045190613382299766,PZ
0.07593845593733245,PZ
0.07473527025077487,PZ
0.15332924762992362,PZ
-0.12222897847970798,PZ
0.1288182233642953,PZ
-0.19672061513937258,PZ
0.03829582775246853,PZ
0.08376818367998663,PZ
0.0077875229608124555,PZ
0.007098652967766204,PZ
0.1342416819786967,PZ
-0.008374008549421542,PZ
-0.044689744485157154,PZ
-0.04246422964820654,PZ
-0.03234429821690002,PZ
-0.03729078130628255,PZ
0.04013517858237074,PZ
-0.06768847118249541,PZ
0.06163212102851433,PZ
-0.07736357730932689,PZ
-0.06724872724728174,PZ
-0.16409299655831458,PZ
-0.1371711921216553,PZ
0.02509023728871472,PZ
-0.07541374577853263,PZ
-0.10112610704596289,PZ
0.05803105911149027,PZ
0.2609575573879047,PZ
0.09661814046163532,PZ
-0.08631263414239668,PZ
0.023403787376513177,PZ
-0.08834889550600442,PZ
0.19592487340665743,PZ
-0.13143925908999682,PZ
0.010698226088639504,PZ
-0.08880625503790442,PZ
-0.07465905192802788,PZ
0.08157015947554433,PZ
0.06026487228790908,PZ
0.05202049125365729,PZ
0.12423557035291988,PZ
-0.0231004476843416,PZ
-0.07131445784991303,PZ
-0.06510161129366268,PZ
0.2084324953283482,PZ
-0.007374972783697649,PZ
0.04250785873937155,PZ
0.21632798128170397,PZ
-0.038025025872012105,PZ
-0.09625948086167943,PZ
-0.008374008549421542,PZ
-0.09938641352267824,PZ
0.04600686366054835,PZ
0.08323612363933307,PZ
0.009251245522255928,PZ
0.18070548116230717,PZ
-0.03845364183654222,PZ
-0.20473618721498915,PZ
0.133940736242811,PZ
0.24285048838743592,PZ
0.21607444694917094,PZ
0.053028138458578,PZ
-0.1066707800181893,PZ
-0.07087354722313499,PZ
0.0798115376860116,PZ
-0.08991091201409268,PZ
-0.006205536760724573,PZ
-0.0123016401027842,PZ
0.20645456846253607,PZ
0.15882347331978808,PZ
0.15355400624983395,PZ
-0.09451668206384106,PZ
0.022322415304101534,PZ
0.008218146260308853,PZ
0.03039580550636911,PZ
-0.07286672934032007,PZ
-0.08271868985582263,PZ
-0.14048963299841608,PZ
0.0022693856475579574,PZ
0.035674994168105316,PZ
-0.16480388778685018,PZ
0.03045919949031338,PZ
0.05993683065358968,PZ
0.1908094098286891,PZ
0.22752472756450953,PZ
-0.09764964081529405,PZ
0.0457557080777297,PZ
-0.014618786862489658,PZ
0.13050329161743296,PZ
-0.02668979175680944,PZ
0.08432312785162002,PZ
0.014605198146828903,PZ
0.047918473340757176,PZ
0.008258036822019088,PZ
-0.19093839895983583,PZ
0.0774871330657067,PZ
0.06251145121054513,PZ
-0.04748219248885448,PZ
0.05331407777928816,PZ
-0.005295479093354566,PZ
-0.1451024368964611,PZ
0.011575948972395049,PZ
0.006134937171832236,PZ
-0.01671489293670264,PZ
0.22655330560302625,PZ
0.02867394101776901,PZ
-0.04148861233041515,PZ
-0.0538544523615919,PZ
-0.007870580849219813,PZ
-0.05719780499904086,PZ
0.058081646626798406,PZ
0.08223543016909542,PZ
-0.004670074961634792,PZ
-0.25000143298340566,PZ
0.14680304037512287,PZ
-0.11385318612475112,PZ
-0.07927483644564429,PZ
0.0022693856475579574,PZ
-0.006896017821361317,PZ
0.026816005565412415,PZ
0.004052387803360702,PZ
0.16798826763527744,PZ
0.07227296583091153,PZ
-0.11732409162403058,PZ
-0.1782901021202339,PZ
-0.013480163962553141,PZ
0.1378227515865309,PZ
-0.1446437165986636,PZ
0.03882136430860705,PZ
-0.13214410407123678,PZ
-0.20711791456103548,PZ
-0.009088461202094063,PZ
-0.11853109417668653,PZ
-0.039639966653232,PZ
-0.28329130320531837,PZ
0.05276305602509936,PZ
-0.0102181375105392,PZ
0.021267375187673337,PZ
0.10910862358876242,PZ
-0.06960122012760839,PZ
-0.11957914920360602,PZ
0.027753493280464447,PZ
0.14773782126292917,PZ
-0.10512841752073035,PZ
-0.23689502533395393,PZ
0.08485284690319589,PZ
0.08708308488482322,PZ
0.04833744714575277,PZ
-0.106904342057149,PZ
-0.006896017821361317,PZ
0.015622742005615586,PZ
-0.10614023620834145,PZ
0.10083240438669851,PZ
0.039676802100221224,PZ
-0.035096998962523954,PZ
-0.04431853789636292,PZ
0.02564599841472355,PZ
-0.13607787946415903,PZ
0.058878139511351915,PZ
0.13445872890636473,PZ
-0.050725182265474025,PZ
0.12806348618892627,PZ
0.10025449881924223,PZ
0.06360486439356511,PZ
0.1659374967374714,PZ
-0.17679532779872725,PZ
0.08603877585790545,PZ
-0.2070626910770028,PZ
-0.1400329855892576,PZ
-0.13807828582726925,PZ
-0.17594031605981858,PZ
-0.09309316452737253,PZ
0.045600266036314355,PZ
0.1186137400661754,PZ
-0.10284085605195108,PZ
-0.2484972745353055,PZ
0.15461189238130826,PZ
-0.034304461444415235,PZ
-0.21708587688815828,PZ
-0.04052722318705029,PZ
-0.062319443449605806,PZ
0.12017303574250185,PZ
0.19682032120904952,PZ
-0.03867646904029802,PZ
0.015860279179267057,PZ
0.039912990845129254,PZ
0.14221544085646998,PZ
-0.15712913805232173,PZ
0.100518139697396,PZ
-0.06575841050525998,PZ
-0.008052008799483576,PZ
-0.05319005765417682,PZ
-0.04034406604758807,PZ
-0.008436934867817672,PZ
-0.05168421771791652,PZ
-0.15301303910024086,PZ
0.039794880745728206,PZ
-0.24543659605463172,PZ
-0.012472876660006748,PZ
-0.06599384863703571,PZ
-0.027038734914314015,PZ
0.10487725238565297,PZ
0.09221326429050493,PZ
0.09647607226504898,PZ
0.07186193636786306,PZ
0.03155806620079586,PZ
-0.1372202562325095,PZ
-0.14319215733402715,PZ
0.16819678194590942,PZ
-0.05820604105646322,PZ
-0.07874026741991667,PZ
0.021088214568957223,PZ
-0.10407272992611746,PZ
0.14787698988582482,PZ
-0.020381870854316496,PZ
0.06113095036179578,PZ
0.09264430605812116,PZ
-0.1189161171134182,PZ
-0.035093443604260796,PZ
0.04434066010486285,PZ
-0.18240694086604364,PZ
0.11721530528511351,PZ
0.049612205202149096,PZ
0.02036274427197224,PZ
0.1400586157772834,PZ
-0.05355653911352232,PZ
-0.08503804319459589,PZ
0.029472329811082,PZ
-0.021199130400216842,PZ
-0.05348566014310025,PZ
0.00540428950569706,PZ
0.1591769915243342,PZ
0.03953803561499522,PZ
0.029997436052586066,PZ
-0.08027500108829094,PZ
0.16603927512060196,PZ
0.09839427183105914,PZ
-0.17594031605981858,PZ
-0.013839148850929194,PZ
0.09521697907294012,PZ
0.06643127454293327,PZ
7.607666419325032e-4,PZ
-0.054895296098655705,PZ
0.03053476474918799,PZ
-0.11302535743216785,PZ
-0.02955183754840198,PZ
0.1645677180772635,PZ
0.0243165106068293,PZ
-0.06113910931287248,PZ
0.04429601792077503,PZ
-0.1468286488393154,PZ
0.09365169783097384,PZ
-0.12322706491939646,PZ
0.03320791653939437,PZ
-0.00898715483032978,PZ
-0.009849406097466729,PZ
-0.11732409162403058,PZ
0.10350624792018537,PZ
0.04006055967442436,PZ
0.07133006890500053,PZ
-0.09147799707909945,PZ
0.05956263111122173,PZ
-0.003848447007261422,PZ
0.13034337723764425,PZ
-0.026670003022957488,PZ
-0.12263272049038013,PZ
0.018443281512400503,PZ
0.04033798911570204,PZ
0.07428973188965406,PZ
-0.1602345340551954,PZ
0.047676094548476,PZ
0.06855965903599859,PZ
0.09442641822427036,PZ
-0.09460284347344144,PZ
-0.07087618378895526,PZ
-0.19219609232858062,PZ
0.03398565313814051,PZ
-0.12608210035445364,PZ
0.04997707431838823,PZ
-0.021332493323386152,PZ
-0.16061741451917322,PZ
0.110531548368732,PZ
-0.021662298511984118,PZ
-0.11345813704653812,PZ
0.1840054546774961,PZ
0.11356622561502613,PZ
0.044000755059157334,PZ
0.1630208027679529,PZ
-0.06241122942577382,PZ
0.005691321645540648,PZ
0.04121702467146742,PZ
-0.13705569741247728,PZ
-0.031121752646665862,PZ
0.014870340763011566,PZ
-0.010911107852737717,PZ
-0.02920028955624001,PZ
0.010627204034460089,PZ
0.0762122162642095,PZ
-0.05871651812328069,PZ
0.05904946571021371,PZ
0.013410268756745742,PZ
0.14495573606110818,PZ
0.11564902487305061,PZ
0.005313459644268409,PZ
-0.12896670880120772,PZ
0.055724939472015775,PZ
0.16860413155620163,PZ
-0.05383782159111003,PZ
-0.1180924831001081,PZ
0.10848649163597247,PZ
0.16351472060251326,PZ
0.14699424316480797,PZ
-0.03785506789645554,PZ
-0.1604954060053451,PZ
-0.08015291791648134,PZ
0.2018469430977911,PZ
0.14267970788378448,PZ
-0.13612002290398714,PZ
0.1852190805814375,PZ
-0.04554920845246807,PZ
-0.05451644761571646,PZ
-0.09446180551085079,PZ
0.013745030826161242,PZ
-0.002747934664476679,PZ
-0.16701490662347176,PZ
-0.0685702543808535,PZ
0.22153419705323246,PZ
0.08449317160853842,PZ
-0.19432370440410696,PZ
0.06952398953376396,PZ
0.0976971651181075,PZ
-0.10100719821645505,PZ
-0.02598670879520834,PZ
0.12101434363493803,PZ
-0.0857730962249227,PZ
0.04250785873937155,PZ
-0.061648167861963976,PZ
-0.19523860278099006,PZ
0.020902018613721915,PZ
-0.1324628556980597,PZ
-0.1588993881969661,PZ
-0.08895243601349172,PZ
0.05985207775738668,PZ
-0.12589008525992335,PZ
-0.08228804153171655,PZ
-0.16931310587604187,PZ
-0.037089592971739395,PZ
-0.08868650476627335,PZ
0.015555472111287244,PZ
0.010826137759833529,PZ
0.04504531287928981,PZ
0.09989229577750222,PZ
-0.005726148916464046,PZ
0.08806260655742909,PZ
0.07760597078106211,PZ
-0.046397812511237604,PZ
0.11169709366336171,PZ
0.0515723914570078,PZ
0.18730981062920282,PZ
0.2419713953121336,PZ
0.025058120057245933,PZ
0.06477361794522385,PZ
-0.12435933754499967,PZ
0.2374742161681411,PZ
0.08682338966599357,PZ
0.011112628905557961,PZ
-0.17747620935931258,PZ
0.05511622272750231,PZ
0.1505753659837304,PZ
-0.10784798674072801,PZ
-0.17667656279899474,PZ
0.06213584280634245,PZ
-0.08073604003713503,PZ
0.14289394623968993,PZ
0.04132125145404917,PZ
0.07683118297412897,PZ
0.1820771650369089,PZ
0.022918886522010365,PZ
-0.008040809120071248,PZ
-0.15930576757026274,PZ
0.07773059715918545,PZ
0.07757308422347918,PZ
-0.08672529455343692,PZ
-0.06065945421958778,PZ
-0.012430793843156568,PZ
0.020896923258637012,PZ
-0.08221379346366295,PZ
-0.10187226029173069,PZ
-0.05751305882102162,PZ
-0.19188466747010471,PZ
0.12833161762590642,PZ
-0.018196670129939807,PZ
-0.07126294307690326,PZ
0.03776203464558757,PZ
-0.008028223786603044,PZ
-0.11354173499172066,PZ
0.046633940382059424,PZ
0.050987330338107956,PZ
-0.059205345582715646,PZ
-0.20156468655615445,PZ
-0.02031436523195447,PZ
0.04273762536797841,PZ
0.18961184802893039,PZ
0.1335364141744329,PZ
-2.1837343484120558e-4,PZ
0.013745030826161242,PZ
0.01112770921877615,PZ
-0.08266202027067936,PZ
0.019318204034744272,PZ
0.1365533286079877,PZ
0.040693877503666716,PZ
0.1674852083854157,PZ
-0.05838348413957388,PZ
-0.11743511924069305,PZ
-0.03615030780108587,PZ
0.00540428950569706,PZ
-0.04509341971491608,PZ
-0.10499617951205845,PZ
0.1247228017915636,PZ
0.08659176523600366,PZ
0.006037029389996208,PZ
-0.13268422615906073,PZ
-0.01664710698720328,PZ
0.15379742941911703,PZ
-0.05694899695797332,PZ
0.018326719739568946,PZ
-0.13512360399969495,PZ
0.0674953838167624,PZ
0.09398029733678423,PZ
0.2336100222059093,PZ
0.17153515298200336,PZ
0.06722597410807163,PZ
0.00548404575624136,PZ
-0.08748669765652439,PZ
0.15905876609709668,PZ
-0.1371711921216553,PZ
0.15492987211664108,PZ
0.23207877831798854,PZ
-0.1580579755946982,PZ
0.05192319924833043,PZ
0.05505839012384442,PZ
-0.03288535099174849,PZ
-0.0685702543808535,PZ
-0.022464265316836582,PZ
0.1004497960546587,PZ
-0.022541762225461594,PZ
-0.049710359313779734,PZ
0.1744149771430798,PZ
0.17238506276980195,PZ
0.09378373227132764,PZ
0.1738223396220698,PZ
0.13532374422348956,PZ
-0.149424798299632,PZ
-0.048559866574116844,PZ
-0.010513239478157188,PZ
-0.16987040538386156,PZ
-0.12766362421247857,PZ
0.09788522296570967,PZ
-0.263414318002406,PZ
-0.007683330587087603,PZ
0.10631240905500698,PZ
-0.031993556400809725,PZ
0.06741460824056131,PZ
-0.10186843979101268,PZ
-0.03028123264457693,PZ
-0.08434105395607139,PZ
-0.13281882308799509,PZ
-0.07927057993737427,PZ
0.028229018940988195,PZ
-0.07422540859888987,PZ
0.03557746281594979,PZ
0.02102853285254539,PZ
0.0887791220124359,PZ
0.06808592462231075,PZ
0.1722956452174431,PZ
0.13980702484602095,PZ
0.1128146579710839,PZ
-0.019755399310723946,PZ
0.01580676386949298,PZ
-0.03862941387457961,PZ
-0.12822608386836856,PZ
-0.047929045686714467,PZ
0.006355961200278043,PZ
0.17497214764093955,PZ
-0.004132991296050784,PZ
0.06772299678482174,PZ
0.2763818667009613,PZ
0.008466811905894944,PZ
0.12503534689067092,PZ
0.019793576458734877,PZ
0.19930503465574326,PZ
-0.1267039451552727,PZ
-0.09802450674865135,PZ
-0.10150186460837601,PZ
0.08372455637098908,PZ
0.0025210811883411774,PZ
-0.05408137677918337,PZ
0.12307907696485844,PZ
-0.23250713142745769,PZ
0.20464696182845865,PZ
0.09741047991609117,PZ
0.1559127526590641,PZ
0.10043792539805173,PZ
0.10319972034182386,PZ
-0.0566134822963275,PZ
0.011786238888938814,PZ
0.08181948149608723,PZ
0.13229251159094638,PZ
-0.07040105375304546,PZ
0.11700559711572446,PZ
-0.04228242212059115,PZ
-0.150050697208347,PZ
0.006808374436575296,PZ
-0.14930056420127624,PZ
-0.017599744714949652,PZ
0.11423036232051381,PZ
0.05929970224824861,PZ
-0.0023077442132857645,PZ
0.11438455065585904,PZ
0.0628002476133529,PZ
0.1819297831976498,PZ
-0.07094264367691316,PZ
-0.2023848779151296,PZ
-0.06627774375752078,PZ
-0.05865343887045864,PZ
0.05212016203308474,PZ
-0.15879593051164984,PZ
-0.012980746633039802,PZ
0.037001236477798606,PZ
-0.10436409099269946,PZ
-0.027771873116591943,PZ
0.10707134719323688,PZ
-0.2552683974409899,PZ
0.012724806008983403,PZ
-0.08467908360844142,PZ
0.019793576458734877,PZ
0.0417968435083002,PZ
-0.10528380365775505,PZ
0.10785957606429543,PZ
0.06429526524718371,PZ
0.008916505561075053,PZ
0.15451040928934873,PZ
0.13068065676484958,PZ
7.599710833252997e-4,PZ
0.020506230714486356,PZ
-0.02621882758921566,PZ
-0.044219346950451655,PZ
0.03171661277823394,PZ
0.14638950694804106,PZ
-0.016876238574302465,PZ
-0.1034961720479732,PZ
0.11423733874332526,PZ
-0.009579872270792461,PZ
-0.12317747223497859,PZ
0.10058013694278925,PZ
0.07758653058990721,PZ
-0.004982715636232753,PZ
-0.01881054808595739,PZ
0.05260280406217799,PZ
-0.10767875123708746,PZ
-0.04440437345492039,PZ
-0.03421403406064222,PZ
-0.046123431666836995,PZ
-0.06530563129677079,PZ
-0.04859390863360205,PZ
0.09718113343148468,PZ
-0.016130421528721385,PZ
-0.12247140552277538,PZ
-0.09484674361392575,PZ
0.07015732751272516,PZ
0.08380466817439705,PZ
-0.06351558183245878,PZ
0.01240868588804513,PZ
0.011282470392094998,PZ
0.05079897483949479,PZ
-0.07464532857966633,PZ
-0.004910395829522032,PZ
-0.045584744965418617,PZ
0.08307669189362865,PZ
-0.011133251138905155,PZ
0.22670050174414913,PZ
0.11731188142611185,PZ
0.0392575459999526,PZ
0.04942639657042831,PZ
0.13386426242581326,PZ
-0.34824591434768354,PZ
-0.09503239183558736,PZ
-0.13298538428969084,PZ
-0.183948635354942,PZ
0.05796461533279967,PZ
0.10862096401404708,PZ
0.0770090242364438,PZ
-0.08050716984868204,PZ
0.13828438850127156,PZ
0.01700177508289888,PZ
0.18234459328399277,PZ
0.0666870735602885,PZ
-0.008293916428058615,PZ
0.15039397549950517,PZ
-0.16222842612364907,PZ
0.0209748483683104,PZ
-0.0035597309385485554,PZ
0.09197513618147671,PZ
0.043278900917830716,PZ
0.12843769724173137,PZ
-0.10534937329625615,PZ
-0.08277853677281152,PZ
-0.033709348552075025,PZ
0.05721928250743536,PZ
-0.09725027028220323,PZ
0.025088888448062965,PZ
0.010656069085956149,PZ
-0.06737936536361544,PZ
0.009876282929372038,PZ
-2.6831439455990425e-5,PZ
0.0265767102232861,PZ
-0.14317487933523612,PZ
0.03988106521310981,PZ
0.03697192602803727,PZ
-0.038983910519095305,PZ
0.013574860437450958,PZ
0.06795741090851004,PZ
-0.0918913260479286,PZ
0.1094714828311027,PZ
0.005071825671346411,PZ
-0.13750508397545327,PZ
-0.04063888631207534,PZ
0.10791707318757301,PZ
0.1259083446467164,PZ
-0.011639512828102654,PZ
0.06444903750289697,PZ
-0.17580517802798953,PZ
-0.1087143154728567,PZ
0.09940841097349765,PZ
0.031142717439401918,PZ
0.02757628872827149,PZ
0.05023086076846969,PZ
0.11437999795413545,PZ
-0.06392575008902926,PZ
-0.0810093986702521,PZ
-0.048790886571275366,PZ
0.04668649112186661,PZ
0.053693934413215696,PZ
-0.08295347532935345,PZ
-0.1365999026633813,PZ
-0.09736684904072954,PZ
0.12883413454249398,PZ
0.10531389915373744,PZ
0.17849783324117885,PZ
0.06124378056769658,PZ
-0.17362519170952195,PZ
0.09161894373511197,PZ
-0.15876633744916963,PZ
-0.06482931091043961,PZ
-0.053445296140032315,PZ
0.034872187362766274,PZ
0.04145222525591045,PZ
-0.04472659451580979,PZ
0.03034545086916461,PZ
-0.13333975712442275,PZ
0.08695725346816163,PZ
0.004265995118704683,PZ
0.06551752979690711,PZ
0.03719182597393248,PZ
0.0991476988819418,PZ
-0.07396582792990761,PZ
0.0478264498669232,PZ
0.05097146568368858,PZ
-0.18074275394053593,PZ
-0.01889026572529217,PZ
0.22672829267814454,PZ
0.0043490554815061935,PZ
-0.1383480955905123,PZ
-0.07643524985891786,PZ
0.10715059527179671,PZ
0.0015839345046314846,PZ
0.18239943037644485,PZ
-0.09684522538515805,PZ
0.022456315517343693,PZ
-0.11473114015818434,PZ
-0.09308581152461079,PZ
0.02463724025130286,PZ
-0.017530691026260228,PZ
0.05423131703297124,PZ
-0.03154301580288719,PZ
0.0012032234112753643,PZ
0.05446341163675637,PZ
0.061759113474229126,PZ
0.15303259276320383,PZ
0.10546285420611534,PZ
-0.052232377551662434,PZ
0.11040312931473535,PZ
-0.07134944126275562,PZ
0.08678437406700619,PZ
-0.06490622663263677,PZ
0.08646230044435561,PZ
-0.061189297725731055,PZ
-0.16865190787858728,PZ
0.10940176897444465,PZ
-0.07381268996452993,PZ
-0.03787532210389845,PZ
-0.08584012429791163,PZ
0.08220622691679053,PZ
-0.15876633744916963,PZ
0.007157218103369965,PZ
0.13988711061946152,PZ
-0.1485705751266631,PZ
0.07111319784784488,PZ
0.231665665590741,PZ
0.15121556617236864,PZ
-0.06237194518925403,PZ
0.08001958719998499,PZ
-0.04588219218009286,PZ
0.20415052246468654,PZ
0.06488614998409237,PZ
0.12153554213181975,PZ
-0.04430591946213196,PZ
-0.07640414725726334,PZ
-0.06567605206721219,PZ
0.1030606873332568,PZ
0.04644349843394924,PZ
0.07127594735446967,PZ
-0.1283089904515186,PZ
-0.007977042712988089,PZ
-0.013988568340336537,PZ
0.06039075265977624,PZ
-0.18074275394053593,PZ
-0.11297952177694477,PZ
0.23609894812013837,PZ
-0.01329082375201551,PZ
-0.025110708143842708,PZ
-0.015420722936334008,PZ
0.025314200644219152,PZ
-0.1190504286441568,PZ
-0.01974575137677571,PZ
0.08133968359863336,PZ
-0.15685391527058468,PZ
0.05947039501783899,PZ
0.22694017909588093,PZ
-0.06059460766270597,PZ
0.16228543506877197,PZ
0.005441508378608512,PZ
-0.04955958374104277,PZ
0.07379831313777925,PZ
0.013437714639605983,PZ
0.024312705982525107,PZ
0.017347376411159472,PZ
-0.08196083157292239,PZ
-0.13392559845989263,PZ
-0.04119392868140388,PZ
-0.013052532603782932,PZ
0.02779876528410994,PZ
0.35320235563624597,PZ
0.014399038180091688,PZ
-0.11926073004220633,PZ
0.03714131297117933,PZ
-0.08801275782720086,PZ
-0.018258386155593886,PZ
-0.05973636909492317,PZ
0.05602165354983146,PZ
0.08477221781245856,PZ
-0.0696254164825946,PZ
-0.1634452018187947,PZ
-0.0873099450554218,PZ
0.0011619975148825686,PZ
0.13810508651073083,PZ
0.04089954704729937,PZ
-0.12756877633333183,PZ
-0.10326131575981044,PZ
-0.1890662640307482,PZ
-0.018432080749609586,PZ
-0.03874037175286195,PZ
0.059447340113620836,PZ
0.1275771987698863,PZ
-0.12716800995187244,PZ
-0.02841988881591591,PZ
0.008289599259485185,PZ
-0.04742521118574382,PZ
-0.23253913947200425,PZ
0.12929099195042612,PZ
0.016743540316437336,PZ
-0.00855097885278886,PZ
0.13819519667394314,PZ
0.12322449636393082,PZ
0.045443309337979326,PZ
0.028665805427638556,PZ
0.01360280732790961,PZ
0.08117555577036813,PZ
-0.06664927845682904,PZ
0.1459316521305933,PZ
-0.17059156043531618,PZ
-0.1159913758187862,PZ
-0.09431297646556314,PZ
0.02034140331680529,PZ
0.08402750409420413,PZ
0.06182073877406477,PZ
0.03193425414907124,PZ
-0.15397289199668435,PZ
-0.013871734068492226,PZ
0.002182560936729791,PZ
-0.07450117649739549,PZ
-0.08144453391758816,PZ
0.07181715380712532,PZ
0.09294015343563335,PZ
0.18416314853808927,PZ
0.14146341028452525,PZ
0.10712127121185527,PZ
0.09093716915238761,PZ
0.04221825770777332,PZ
-0.08990453713347393,PZ
-0.06267594833273568,PZ
0.06948191400997654,PZ
0.13926649997719368,PZ
-0.0073440752411709775,PZ
-0.1483514819256326,PZ
-0.042280445290900345,PZ
-0.1261506481879991,PZ
-0.010006023297408368,PZ
0.0029432175503881844,PZ
0.016268887782151617,PZ
-0.07947674129792742,PZ
-0.08174973483423786,PZ
-0.13205802723736515,PZ
-0.015382223524122142,PZ
-0.007593350473930401,PZ
-0.0995432030866944,PZ
-0.11681358116197271,PZ
-0.02534873536366894,PZ
-0.0874814738526839,PZ
-0.18947220416056892,PZ
-0.04698256417937746,PZ
-0.0966501954702336,PZ
0.1885408482575901,PZ
0.04788297695271383,PZ
-0.021764462734314656,PZ
-0.13582396505061495,PZ
0.19136416242570195,PZ
-0.07929865610996342,PZ
-0.10070703998248437,PZ
-0.015420722936334008,PZ
0.01399098509582052,PZ
0.10329444648132459,PZ
-0.03897074268634157,PZ
0.02971399557530762,PZ
0.08850432367459958,PZ
0.0348817634254326,PZ
0.010507034687768403,PZ
-0.023584436050605836,PZ
0.015339820086641434,PZ
-0.0046229416591608355,PZ
0.11614329546359226,PZ
-0.057369508448692236,PZ
0.10157813838514165,PZ
0.020351519820966075,PZ
0.04045365572969546,PZ
-0.052863122404575615,PZ
0.045949556279666896,PZ
-0.0264638404772663,PZ
0.031025296492989025,PZ
0.07321674538907932,PZ
-0.08719835448440338,PZ
0.039020283057159266,PZ
0.10343971797578,PZ
0.10977386095627183,PZ
0.0172639876531017,PZ
-0.07976618117459262,PZ
0.07446852104982098,PZ
-0.09528807701622521,PZ
0.09912104557887924,PZ
0.022394284012493992,PZ
0.0019702979341459544,PZ
0.08278649435232016,PZ
-0.011185026144482225,PZ
0.15485916187193466,PZ
-0.03819814009009006,PZ
-0.2050643914160505,PZ
0.10378959902174238,PZ
0.08813075918314707,PZ
0.07490473701345711,PZ
-0.05365476698606092,PZ
0.04089954704729937,PZ
-0.03521653389250087,PZ
-0.2383495062033209,PZ
0.007082964399245953,PZ
-0.028722620092514698,PZ
-0.011321941530217247,PZ
-0.12776343410222035,PZ
0.0363234533052878,PZ
-0.08738367603933403,PZ
-0.05653706255978614,PZ
0.13069765003618034,PZ
0.04119637567061808,PZ
-0.10583231590549064,PZ
0.0468225071966377,PZ
-0.09175090485360027,PZ
0.13641461257934626,PZ
0.11686314418997201,PZ
-0.20004431707259235,PZ
-0.017550987032307324,PZ
0.09124072678805616,PZ
0.0088228695157248,PZ
0.06425648586127058,PZ
-0.03777743370108472,PZ
-0.08911858368379355,PZ
-0.034650836459119476,PZ
-0.11292554896050373,PZ
0.05558316360848273,PZ
0.1449750807732417,PZ
-0.10700212199498813,PZ
-0.09228993950282122,PZ
-0.04550834283629342,PZ
-0.04039137683000047,PZ
-0.0455260699551525,PZ
0.017715329003099977,PZ
0.010468080873413915,PZ
-0.12213596252292708,PZ
0.01580676386949298,PZ
-0.04766711064619884,PZ
-0.025609185429662062,PZ
-0.05607348338013023,PZ
-0.03248567381794683,PZ
-0.08990453713347393,PZ
0.0013389979813870755,PZ
-0.10161666862329177,PZ
0.061759113474229126,PZ
0.21566072244579604,PZ
0.0680937583456277,PZ
-0.08024663518407016,PZ
0.025884366492195623,PZ
0.05956350404447096,PZ
-0.0140233002104376,PZ
-0.14658247532063276,PZ
0.040424504141821666,PZ
0.06305251081480692,PZ
0.06650682340361132,PZ
-0.07258187836477586,PZ
0.0322662550912121,PZ
0.11550524436656427,PZ
-0.17122906692331016,PZ
-0.11299587314410597,PZ
-0.1418761067818301,PZ
-0.07382053143131072,PZ
0.0959488431595338,PZ
0.03666153335070271,PZ
-0.013343664606959987,PZ
0.10119723286209703,PZ
-0.09850526698682602,PZ
0.01588714398667028,PZ
0.051095856734294724,PZ
-0.022823994166011965,PZ
-0.038121758390169846,PZ
0.10739794238092498,PZ
-0.06170538757412603,PZ
0.1293876984611798,PZ
-0.07215491209807198,PZ
0.044585667808794666,PZ
0.10064707033038593,PZ
0.07453085619465677,PZ
-0.08324827565823995,PZ
0.11391601283189531,PZ
-0.06147383793153575,PZ
-0.045084320596551486,PZ
-0.05368595814506692,PZ
0.04516830198501445,PZ
0.11573656135233226,PZ
0.07137305200172164,PZ
-0.0935717521405856,PZ
0.0968358245418295,PZ
0.036257180041417036,PZ
0.09400793810703009,PZ
-0.12080945963708228,PZ
0.029544559415584884,PZ
-0.20609843643312012,PZ
-0.012831047624000398,PZ
0.08969841431896906,PZ
0.08835804008540517,PZ
-0.024406391207019144,PZ
-0.133478986337037,PZ
0.11976416565838284,PZ
-0.10522304564706791,PZ
-0.1315766267617206,PZ
-0.049848050423328225,PZ
0.1198358045015378,PZ
3.7981551290691695e-4,PZ
0.02295684703806356,PZ
-0.22297635991009226,PZ
-0.01364128651229729,PZ
-0.07531224672981043,PZ
-5.131765769196134e-4,PZ
-0.06826683749375823,PZ
0.08706426230342161,PZ
0.07588805060028656,PZ
-0.05696583534827507,PZ
0.17837781446407394,PZ
0.021432230686720004,PZ
0.048283098380780154,PZ
-0.05431836929175023,PZ
0.11080133055881038,PZ
0.04056865453811728,PZ
0.028140618091167163,PZ
-0.05371839743827409,PZ
-0.04615261012104675,PZ
0.052211396447727015,PZ
0.08162746823898592,PZ
0.012343455025708473,PZ
-0.1930578477283438,PZ
-0.00578543847944047,PZ
-0.004362996780843398,PZ
-0.07063982534184875,PZ
0.04420358417750926,PZ
0.06454757599052102,PZ
-0.2129063203217717,PZ
-0.042518352088413695,PZ
0.05425160324888524,PZ
-0.0067478895599107185,PZ
0.05495741336872617,PZ
-0.11522872290688288,PZ
-0.11656975860216671,PZ
0.06581107329387424,PZ
-0.10543746649402673,PZ
0.06055525313634369,PZ
0.1573473949286956,PZ
0.06394728356971724,PZ
-0.027344842789821806,PZ
0.07523855069282823,PZ
-0.11681115095861648,PZ
0.04411824983227862,PZ
0.053121823327718296,PZ
0.02572772246016118,PZ
0.045209611385828824,PZ
0.22705492251896064,PZ
-0.060967335875897005,PZ
-0.19823526951539705,PZ
0.12467059348994759,PZ
0.2711892176803829,PZ
-0.03613550159268022,PZ
-0.021465727655386405,PZ
-0.1258951358949208,PZ
0.23769724714879395,PZ
0.1903765914139104,PZ
-0.1310360140087798,PZ
0.01939005077805696,PZ
-0.031004254600334985,PZ
0.07588805060028656,PZ
-0.20771321615887514,PZ
-0.03750484015266685,PZ
0.04716092947504838,PZ
0.1591134551848068,PZ
-0.05950537108079931,PZ
0.12311220559880798,PZ
-0.047368831118385225,PZ
0.0032574190366706657,PZ
0.059075332790920726,PZ
-0.001818653993295602,PZ
-0.09453211481064791,PZ
0.13938839969060335,PZ
-0.048404097462298304,PZ
0.04094911765801455,PZ
-0.04236909998514398,PZ
-0.10483287052076751,PZ
-0.13103370548612492,PZ
-0.11020953705231831,PZ
0.013417716048166266,PZ
-0.05194175034213399,PZ
-0.07284310180392434,PZ
-0.11712952444389886,PZ
0.0740324975186199,PZ
-0.12384197379969096,PZ
-0.11811839587951839,PZ
0.05184716819702266,PZ
-0.02010978082779811,PZ
-0.015241557412540768,PZ
0.1453625264692519,PZ
-0.09086548462838144,PZ
-0.14149944012437227,PZ
-0.08285816199343413,PZ
0.06972239445818146,PZ
0.02170054541824684,PZ
0.24236067481187248,PZ
-0.10144355926453018,PZ
-0.053029865846444466,PZ
-0.0035147658447364574,PZ
-0.037298729010649685,PZ
-0.16069665113953674,PZ
-0.010527542692165312,PZ
0.04757188779575114,PZ
-0.11810051410508915,PZ
-0.02128823805154302,PZ
-0.19153221609707516,PZ
0.13828575702164203,PZ
0.04765312897254306,PZ
-0.013598893748094691,PZ
-0.07379237145776031,PZ
0.046064979644996965,PZ
0.19612610985930135,PZ
-0.04208411609651494,PZ
-0.04549549526577577,PZ
-0.20170425145029808,PZ
0.06432061508176616,PZ
-0.004653077984254281,PZ
-0.001624326612549007,PZ
0.04833715105459957,PZ
0.05305026160487813,PZ
-0.038862168630275744,PZ
-0.0743510638251256,PZ
0.04037380232221198,PZ
-0.17899817879920996,PZ
0.026739920652596196,PZ
7.663061067701288e-4,PZ
0.0560338476837839,PZ
-0.03289001337694222,PZ
0.007619701134123361,PZ
-0.05738456628307159,PZ
0.05994260192937276,PZ
0.24172328549968572,PZ
-0.03220635406990166,PZ
-0.021726102135635604,PZ
0.0014101255603506451,PZ
-0.12145530604313488,PZ
-0.13935837244536098,PZ
-0.08010762864804387,PZ
0.1292922980932177,PZ
-0.017913963732700877,PZ
0.24355973898166383,PZ
0.11044340939534869,PZ
0.08897827338185904,PZ
0.19762424326420472,PZ
-0.0053840155531023615,PZ
-0.20636173058381976,PZ
-0.05586368220335406,PZ
-0.10406900560536034,PZ
-0.03707447699960387,PZ
-1.8064453106645534e-4,PZ
-0.14885701507932153,PZ
-0.034536530073984155,PZ
-0.046314124080692035,PZ
-0.10885157507685066,PZ
0.04509201642644843,PZ
0.07180473844122656,PZ
6.389639731456329e-4,PZ
0.14229483089053424,PZ
0.09360303815147653,PZ
-0.15181083249086985,PZ
0.07554952580627022,PZ
-0.15521364235329357,PZ
0.061768234549885885,PZ
-0.002791036509678921,PZ
0.04307937289840686,PZ
0.049583181891407105,PZ
0.11247347560236048,PZ
-0.11674168360967535,PZ
-0.20476560214818915,PZ
-0.12874554758934256,PZ
-0.1277475608740954,PZ
0.04145573788123057,PZ
0.26293064582908415,PZ
0.08140161086475775,PZ
-0.015729405396466736,PZ
-0.049293082275234414,PZ
0.032833173278693194,PZ
0.03216635523591685,PZ
0.1632289945187792,PZ
0.017830187755236107,PZ
0.005376691438141096,PZ
-0.02833781719558932,PZ
0.08032413648712716,PZ
-0.14873374693853475,PZ
0.06821309715304205,PZ
-0.10024779446770354,PZ
-0.018927640183626457,PZ
0.13848717733069588,PZ
-0.06918516933495159,PZ
0.16140260990229735,PZ
0.03860283393394133,PZ
0.11959438364060425,PZ
-0.10002434715721407,PZ
-0.009783910870872117,PZ
0.19146533601682725,PZ
-0.06851084775620135,PZ
-0.03115624426162675,PZ
-0.06707401516861855,PZ
-0.06346247302243234,PZ
-0.007513104741359827,PZ
0.0104012258470313,PZ
-0.002056279545348108,PZ
-0.011330088267473244,PZ
-0.11086582391897709,PZ
0.10381924154258332,PZ
0.1383433860283465,PZ
-0.17645594087879113,PZ
-0.06753755578065708,PZ
0.021324523606017165,PZ
0.016615268104420197,PZ
-0.1013152567084493,PZ
-0.0025555952015811154,PZ
-0.09509958951524265,PZ
-0.04971944445905171,PZ
0.09986751437051468,PZ
0.14800776856238979,PZ
0.002298914202089595,PZ
0.006019415402675657,PZ
0.16955920598750637,PZ
-0.09491504742556961,PZ
0.06461057321984562,PZ
-0.002400251726012567,PZ
-0.12767178635118093,PZ
-0.02289304695312916,PZ
-0.11325321914256764,PZ
0.12976677343053972,PZ
-0.0713053161535187,PZ
-0.08169618017173161,PZ
-0.19158975007610668,PZ
0.05305026160487813,PZ
-0.08478766888604636,PZ
0.012382652097661491,PZ
0.0737131208014308,PZ
-0.0743614770639104,PZ
0.048283098380780154,PZ
0.04852145107318519,PZ
0.1560665181475985,PZ
0.0375177660565337,PZ
0.058731222746080364,PZ
-0.006234876063605371,PZ
0.033350223336400656,PZ
0.11259255165500534,PZ
-0.047826926284694225,PZ
-0.06085075085183309,PZ
-0.08514344180848638,PZ
-0.05395163794568815,PZ
-0.06789164925237876,PZ
0.17963190712549765,PZ
0.0423266695717152,PZ
0.17232401541004455,PZ
0.15210239406473747,PZ
-0.03497035080046415,PZ
-7.508229907867772e-4,PZ
0.0915713865112266,PZ
-0.1857245494150815,PZ
-0.04846357589322528,PZ
0.06600398127870717,PZ
0.12466973709970469,PZ
-0.15093317297013975,PZ
0.04269184758891063,PZ
0.004298123682972554,PZ
0.007657512022080933,PZ
-0.10170901897843439,PZ
-0.088898003102722,PZ
-0.22271471640189094,PZ
-0.1927161389890628,PZ
0.04968828677973245,PZ
0.08050572207279348,PZ
-0.07591412459448306,PZ
-1.765638197631647e-5,PZ
-0.04829970192266113,PZ
-0.10409764207653238,PZ
-0.20903752371826662,PZ
-0.07454208903155446,PZ
0.045998103322985893,PZ
-0.06268006079792825,PZ
-0.117431698871512,PZ
0.004418825335786969,PZ
0.07121991511981327,PZ
-0.05600815020549996,PZ
-0.05114708394769854,PZ
-0.1901661157425609,PZ
-0.06201850456931422,PZ
-0.035975377371645974,PZ
0.01783659537411035,PZ
0.14634529437882998,PZ
-0.0912009627505175,PZ
0.2320576605677252,PZ
0.0470539976339644,PZ
-0.04890611713508958,PZ
0.016946267842643428,PZ
-0.008409090559360646,PZ
-0.07610555826524362,PZ
-0.041251811480372554,PZ
-0.21897867797366236,PZ
0.02357030326090412,PZ
0.11043849968199818,PZ
-0.08891955047046513,PZ
-0.19221952001735,PZ
0.05007948276612606,PZ
-0.09466503584017139,PZ
-0.06973955162029832,PZ
0.0926813565999014,PZ
-0.08850383614532133,PZ
-0.12300726066286634,PZ
-0.01998475767456402,PZ
-0.042663707202426696,PZ
0.0021903735509635376,PZ
-0.023650135197552224,PZ
0.03971641145377468,PZ
-0.04079081179283341,PZ
-0.0025542986073685743,PZ
0.14078566259654238,PZ
-0.09903605386692621,PZ
0.046390756743049905,PZ
-0.048380189940507745,PZ
-0.06882528257823975,PZ
0.15448068626311512,PZ
0.11491946045880706,PZ
-0.1122721134682457,PZ
0.018843257058580046,PZ
-0.0091906543720615,PZ
0.10919733486400554,PZ
-0.07110120246280294,PZ
-0.026735285253621344,PZ
-0.06196088148869118,PZ
0.04776279069078667,PZ
-0.307462721000715,PZ
-0.03759075898179181,PZ
0.09284266194826489,PZ
-0.05173545299954541,PZ
0.10803844934750277,PZ
-0.1451161889274627,PZ
-0.13520938059831994,PZ
-0.14568015429266737,PZ
0.06428209847627035,PZ
-0.10533283843186055,PZ
-0.0869712595733994,PZ
-0.14193096926958138,PZ
-0.03513300772545294,PZ
-0.001153154182494856,PZ
-0.047752536275452354,PZ
0.1712280334814233,PZ
0.09820132916479113,PZ
0.058696971789523086,PZ
-0.15521364235329357,PZ
-0.28126452671243257,PZ
0.1361377151903178,PZ
-0.017372196782690558,PZ
-0.02629165100538628,PZ
0.02189575667144822,PZ
0.045404446830559816,PZ
-0.03772389382725341,PZ
0.029976986364617157,PZ
0.013677330855639547,PZ
0.0026620356518553476,PZ
-0.06756005487490098,PZ
0.03874184740354573,PZ
0.0037168102253242914,PZ
0.04299357546744415,PZ
-0.0026416986605942577,PZ
-0.037452094013685336,PZ
0.1733541689233673,PZ
0.15722517839630878,PZ
-0.0253700368854084,PZ
-0.019314072781851377,PZ
0.033225527947032464,PZ
0.040578775138639826,PZ
-0.03354180085618513,PZ
0.03850061498804399,PZ
-0.20581277183674165,PZ
0.1337384250019084,PZ
0.02358453416377365,PZ
-0.015410015219403612,PZ
0.05828431506719412,PZ
-0.05671952476382007,PZ
0.1672493110366297,PZ
0.05357009019235254,PZ
-0.03618021742281777,PZ
0.04668665639719168,PZ
0.025256021153333127,PZ
-0.010384985699217697,PZ
0.1223492711800461,PZ
0.0518782371254279,PZ
-0.04109613410838951,PZ
0.0496722092638493,PZ
0.17685148887840624,PZ
0.05184716819702266,PZ
0.010466959755373817,PZ
0.1465912445527242,PZ
-0.09546286958668997,PZ
-0.22413488039276694,PZ
-0.131353412366157,PZ
-0.09918131843177096,PZ
0.038728500355220616,PZ
-0.09112441199539359,PZ
0.04200765070674753,PZ
0.1466766515863751,PZ
0.10126543406095263,PZ
0.026026870786742685,PZ
0.19146533601682725,PZ
-0.047826926284694225,PZ
0.1171614989223077,PZ
0.04590026753158097,PZ
0.08531920618036679,PZ
-0.1874794247647122,PZ
-0.08927096682404022,PZ
0.014577266155757114,PZ
-0.13175221185429373,PZ
0.07589355634115194,PZ
-0.10103060699838694,PZ
-0.04218937985783288,PZ
-0.01997868495964092,PZ
-0.29809490654940796,PZ
-0.02276473558947645,PZ
0.07776391000534492,PZ
-0.046368369595041155,PZ
0.11963554467355078,PZ
-0.09419640028426271,PZ
0.12357913707542859,PZ
0.16889843536480625,PZ
-0.016409817999041162,PZ
-0.12098285802863903,PZ
-0.00559606836804636,PZ
0.09671392108964212,PZ
0.01397390695524206,PZ
0.1276955071896662,PZ
-0.08155335781150559,PZ
-0.2004392571805962,PZ
-0.057241474664628936,PZ
-0.03403686808459375,PZ
0.03454371791665042,PZ
-0.054206574658203735,PZ
-0.05524323955420249,PZ
0.1023339112015359,PZ
-0.10808956487429809,PZ
0.0012454629236329368,PZ
0.03256945516394786,PZ
-0.047368831118385225,PZ
0.05425055154097562,PZ
-0.1921280098369389,PZ
-0.023561259058395827,PZ
0.026706027437588147,PZ
0.029291715429148935,PZ
0.09731906023890227,PZ
0.19775447014027822,PZ
1.6243664109130695e-4,PZ
-0.1010156050290671,PZ
-0.03435796145010782,PZ
-0.017686033205513884,PZ
-0.08406603922843159,PZ
-0.008550444631866314,PZ
-0.051326062768550805,PZ
0.03900389455848673,PZ
-0.011871094387389675,PZ
0.06468953184728374,PZ
-0.026132910791573215,PZ
0.07257407470763357,PZ
-0.12403731155949976,PZ
0.037089333634401235,PZ
0.14576428934209204,PZ
-0.12182335953185655,PZ
-0.17257658580164734,PZ
-0.011978213962995334,PZ
-0.019934810432283415,PZ
-0.06193721469173623,PZ
0.021594503664398423,PZ
0.0195023184570272,PZ
0.06428209847627035,PZ
0.06508973591567996,PZ
0.048627047546587296,PZ
0.1345667953925187,PZ
0.08303137526711653,PZ
0.17580515355721366,PZ
-0.11465484780484764,PZ
-0.11081890930815289,PZ
-0.05646141923328983,PZ
0.05720773699042582,PZ
0.04492501502818141,PZ
0.08926538699263475,PZ
-0.0422436651204295,PC1
-0.2567844879258882,PC1
0.1281670875785156,PC1
0.033767412927455324,PC1
-0.061493065359364385,PC1
-0.16250273576758295,PC1
-0.15554514927187044,PC1
0.146589678468892,PC1
0.022053700753657608,PC1
-0.12007964315871215,PC1
-0.03008346163099805,PC1
-0.07610843770091572,PC1
0.09181165047430805,PC1
3.824281669555941e-4,PC1
-0.07595701850726316,PC1
-0.11840773699661356,PC1
0.033368008975428465,PC1
-0.06651158596868234,PC1
-0.11771093145153594,PC1
0.02539361441930841,PC1
0.32740646478509705,PC1
0.10609486980284769,PC1
0.021995119692144707,PC1
-0.08064909346749702,PC1
9.181053093844371e-5,PC1
0.24393944860263606,PC1
-0.09895041380787589,PC1
0.02401415550535838,PC1
0.08264256001880226,PC1
-6.798353502975446e-4,PC1
-0.03907211958630609,PC1
0.03000416951278758,PC1
0.22391039888589886,PC1
-0.024288034197958344,PC1
-0.08819054188508041,PC1
0.0010991972954338784,PC1
0.0309817240704744,PC1
-0.021979077447308003,PC1
-0.010533088183964645,PC1
0.12981313877696352,PC1
0.04629027998893719,PC1
0.017058404707845254,PC1
-0.07140812544815527,PC1
0.1342779788094065,PC1
0.15276788557412094,PC1
0.0036464315187718956,PC1
-0.23892144689871633,PC1
0.11708767982518956,PC1
-0.06995425806407862,PC1
0.05918819176841268,PC1
-0.04345517593822851,PC1
0.05724872277920083,PC1
0.08019127627497268,PC1
0.050548577032895885,PC1
0.02089749394583116,PC1
-0.0648451362066527,PC1
-0.05956701016334851,PC1
0.05784492542994851,PC1
-0.03399893239882201,PC1
0.022020779224737413,PC1
0.027456814774223442,PC1
0.049135503521464056,PC1
-0.03879053836843448,PC1
0.14225352658658516,PC1
-0.12311064891607065,PC1
0.024224993053615626,PC1
0.0916835468896264,PC1
-0.0573841615859213,PC1
0.019390276549261388,PC1
-0.1647925407927593,PC1
0.02314042156649441,PC1
-0.008620764382506278,PC1
0.07798121032053965,PC1
0.10841285064969201,PC1
-0.17591934187167363,PC1
0.14849947366598928,PC1
0.002831750260425231,PC1
0.13588596698971528,PC1
-0.02176235185965024,PC1
0.04415834724516306,PC1
0.03086512354675887,PC1
0.034872607481712795,PC1
-0.027849880145157997,PC1
-0.0963528456403118,PC1
0.025299202687560255,PC1
0.014164828286126308,PC1
-0.08527009830458056,PC1
-0.02488033354602639,PC1
-0.12168150063786087,PC1
-0.08433383329896493,PC1
0.13631524610013246,PC1
-0.09552956257681539,PC1
-0.030393551921552766,PC1
-0.1652211554458774,PC1
0.05134356329507964,PC1
0.15839952170537264,PC1
-0.09442063724989545,PC1
-0.2061810335923653,PC1
-0.12266940378881663,PC1
0.100690047362635,PC1
-0.04738822498116255,PC1
0.046533266069041804,PC1
0.23321000006228756,PC1
0.05714659249525144,PC1
-0.030904072849987453,PC1
0.12010930623969888,PC1
-0.013115308118157948,PC1
-0.13619422365726985,PC1
0.056432127524596795,PC1
-0.06235684495823467,PC1
0.0626119616770596,PC1
-0.08243257372688557,PC1
0.11747295662169174,PC1
0.052300221859909526,PC1
0.08535814046433232,PC1
-0.24179302121830257,PC1
0.11725834519505042,PC1
0.11858717773240678,PC1
-0.004397691580894016,PC1
-0.12180261876969142,PC1
0.07943165635266847,PC1
-0.16626986661211582,PC1
-0.11651914285198209,PC1
-0.029423431005485425,PC1
-0.04621322492436311,PC1
0.15053221180921467,PC1
-0.034095877344783726,PC1
0.2025881505122004,PC1
-0.016527063328511265,PC1
0.03912146401701337,PC1
-0.028860530213394464,PC1
0.09914044864332644,PC1
-0.031863395872947696,PC1
-0.0677277741065027,PC1
-0.045700073121033566,PC1
0.10378923469132234,PC1
-0.08273510949053796,PC1
-0.15286498844922788,PC1
0.11858855375028815,PC1
-0.15736718888184809,PC1
0.0216648753219646,PC1
0.07829635641990192,PC1
0.0077495169407043665,PC1
-0.01820974947792867,PC1
-0.03977896287943242,PC1
-0.04402806657058737,PC1
0.07586624683766596,PC1
-0.1718670599685627,PC1
0.20994822279592712,PC1
0.050749554858357276,PC1
-0.11944874434848743,PC1
-0.08422117124509798,PC1
0.09511385447806388,PC1
-4.476372565119825e-4,PC1
-0.030738722070609854,PC1
0.1219411469651458,PC1
-0.031052296106762373,PC1
-0.14746859921925495,PC1
-0.05822260971785782,PC1
0.09258526819342114,PC1
0.02423664569405406,PC1
0.02010532110017272,PC1
0.16319333145640186,PC1
-0.03575173733331434,PC1
-0.088255129200849,PC1
-0.027885184974173055,PC1
0.14904617299151302,PC1
0.058309496180579304,PC1
0.03419873449150796,PC1
-0.12197528115629033,PC1
0.06856657609128072,PC1
0.04559756406088941,PC1
0.0510010298972004,PC1
0.14827544736488837,PC1
0.16079879337335093,PC1
-0.03171876946773426,PC1
-0.05655787453984733,PC1
0.004470478642335823,PC1
0.038856286293379616,PC1
-0.17250819111316612,PC1
0.07594401218581164,PC1
0.16422868623020176,PC1
-0.12569488987390576,PC1
-0.10491499519549854,PC1
0.05965787055602517,PC1
0.12407968663319771,PC1
-0.16042661270263514,PC1
-0.23878863233203368,PC1
0.06124841466100143,PC1
-0.09709848948193708,PC1
-0.059202639245091844,PC1
-0.00273323204446688,PC1
-0.12315202413432828,PC1
0.12428959517552339,PC1
0.03463377895946197,PC1
0.028955875239039364,PC1
0.06493986903814063,PC1
-0.09410171581796398,PC1
0.02515128964879739,PC1
0.06964945371200396,PC1
-0.021838925156919216,PC1
0.12812033741804751,PC1
0.03553331740598067,PC1
0.07058292895219262,PC1
-0.058014892768520274,PC1
0.048911722631759844,PC1
-0.22156487370351563,PC1
-0.0031447105187191182,PC1
-0.1106887035145763,PC1
-0.04085105748670112,PC1
0.13395845689037122,PC1
-0.028182693634210866,PC1
-0.10227154237493087,PC1
-0.1314721619311975,PC1
0.09127868059366033,PC1
0.12319428824276295,PC1
0.058596391142729506,PC1
-0.16088490695615637,PC1
-0.12763016027719865,PC1
-0.020591729036891805,PC1
0.07520696567819087,PC1
0.10778827070247414,PC1
-0.19214928699279443,PC1
-0.07329502153284886,PC1
-0.0755392895733816,PC1
-0.027142229805962557,PC1
-0.13545217780211913,PC1
-0.05869644694660664,PC1
-0.060767965812937835,PC1
-0.05452260359754629,PC1
-0.16881474174326827,PC1
-0.03343881405694525,PC1
0.0676527316883025,PC1
0.09569707311694525,PC1
-0.035821008100293546,PC1
0.1749082879243571,PC1
0.1378501180138998,PC1
-0.15545335613764563,PC1
-0.09220270190396078,PC1
-0.05315070201262806,PC1
-0.053682610848003395,PC1
0.06672946543535564,PC1
-0.012440487218828105,PC1
0.00544569385276817,PC1
5.7501361658066075e-6,PC1
-0.08418739505109128,PC1
-0.035935465868574906,PC1
0.021602344767054263,PC1
-0.15096392395872082,PC1
-0.03467786979069261,PC1
-0.08546022464456862,PC1
-0.07641878603133521,PC1
0.0667722150815817,PC1
-0.045693523047139306,PC1
-0.09037416600996837,PC1
0.016835574818046775,PC1
0.23561373248088294,PC1
-0.16223634934815545,PC1
-0.05020374437540555,PC1
0.029617396398500695,PC1
-0.08673004991126122,PC1
0.032524449720530355,PC1
-0.1304004726178833,PC1
0.08547652275584314,PC1
0.059279605622579,PC1
0.04202149867460511,PC1
-0.06737014215874446,PC1
-0.14050216430748969,PC1
0.10565774131911612,PC1
0.057022747388290856,PC1
-0.10735625233787371,PC1
-0.22696094306047052,PC1
0.011769647999433419,PC1
0.028962079584311885,PC1
-0.05895762808874833,PC1
0.08449933608201976,PC1
-0.056538875946279966,PC1
-0.07732837448021841,PC1
0.036763493479872594,PC1
0.016426725794607317,PC1
-0.07730319707591511,PC1
0.1129851478898269,PC1
-0.10151302240698837,PC1
0.08453485818990471,PC1
0.1842052521005349,PC1
0.00454352831044251,PC1
0.14950893552552943,PC1
-0.049629516982325934,PC1
0.13236186631942126,PC1
0.06387151231054661,PC1
-0.1122382029523261,PC1
0.12319774051702125,PC1
-0.17658259839857482,PC1
-0.02180453797147218,PC1
0.14176981006861716,PC1
0.095763399970262425,PC1
0.05498613488941367,PC1
-0.05379576682177743,PC1
0.05644068098491574,PC1
-0.12337250228958822,PC1
-0.027300495469844428,PC1
-0.09311630748641692,PC1
0.11678570142244032,PC1
0.0030012910528816328,PC1
-0.1768752316894175,PC1
-0.06721550816042546,PC1
-0.10072450981097639,PC1
-0.04664046719522733,PC1
0.2395593646296067,PC1
-0.0019143558592699958,PC1
0.039158116291791924,PC1
0.13055595610678003,PC1
0.07888500419807755,PC1
-0.05701856196239201,PC1
0.029828004582106715,PC1
-0.1653204679771103,PC1
-0.019730268674813194,PC1
0.010983612004846675,PC1
-0.03689344613019538,PC1
-0.06325400826918132,PC1
-0.05631732985704578,PC1
-0.0261748239208332,PC1
-0.01614907987411403,PC1
-0.13496465824406476,PC1
0.011631801506012163,PC1
0.015611429967201001,PC1
-0.09469940596450199,PC1
0.18144910835595926,PC1
0.07803225806967541,PC1
-0.08892055204761976,PC1
0.1434747050850337,PC1
-0.07859861250220485,PC1
0.07289254266743618,PC1
-0.044972042988806846,PC1
-0.10193024412167272,PC1
0.06559742770599893,PC1
-0.006283443155764869,PC1
-0.11337396687375834,PC1
0.13159068795792841,PC1
0.13090778219094057,PC1
0.13392508869310502,PC1
-0.13392395298131318,PC1
0.08637608153277851,PC1
0.1679329280133087,PC1
-0.05764638979072327,PC1
-0.004704271825347869,PC1
-0.05852178811959249,PC1
-0.02845496014390505,PC1
-0.06280702736877024,PC1
0.08577065239361076,PC1
-0.007932397953185854,PC1
-0.13694513389168453,PC1
-0.033914940554577555,PC1
-0.05537640812665778,PC1
-0.020730060601266163,PC1
0.011118064907390042,PC1
-0.14822503234795395,PC1
0.03116587103916446,PC1
0.01228205426277871,PC1
0.13159068795792841,PC1
-0.09139510310875718,PC1
0.06368654172336602,PC1
-0.05574242596075635,PC1
-0.03067112245948246,PC1
-0.02818185548960051,PC1
0.05993536734610511,PC1
0.10287701731796747,PC1
0.03260845018530917,PC1
0.03373931181828045,PC1
0.10509178682862946,PC1
-0.050377721626189156,PC1
0.05748366600981073,PC1
0.03879960301428416,PC1
0.15417189366177345,PC1
0.019511547783411107,PC1
-0.13544704245890887,PC1
-0.07298448068329952,PC1
0.07296498116372008,PC1
-0.1715566657335397,PC1
0.03833330124984152,PC1
-0.026815850207453203,PC1
0.1146758375949672,PC1
0.0947841732086195,PC1
-0.08546022464456862,PC1
-0.02199811799744171,PC1
-0.18543403413442414,PC1
-0.04344116081970767,PC1
0.1206017336314918,PC1
0.012760404875520399,PC1
0.007127244787170743,PC1
0.0632345374045924,PC1
-0.05074426405479251,PC1
0.13091639644786277,PC1
-0.11177688562533807,PC1
0.19435417113221518,PC1
-0.04270190210640104,PC1
-0.005622633050967295,PC1
-0.10374966775307812,PC1
0.07821811196740829,PC1
0.14590901215541546,PC1
0.057814872832824965,PC1
0.04980460860514458,PC1
-0.036357860411566675,PC1
0.019775394844466235,PC1
-0.04716326462364164,PC1
0.12571676066810605,PC1
0.14212199408253812,PC1
0.029487985822870624,PC1
-0.02416078120985966,PC1
-0.15322334076429106,PC1
0.05013692661456268,PC1
0.19655564762844036,PC1
-0.009357044574596712,PC1
0.021651372649013935,PC1
-0.03744557045800709,PC1
0.03149631440965376,PC1
-0.0019458365925350274,PC1
-0.021800808927584972,PC1
-0.004487473596706024,PC1
0.14275491676731872,PC1
0.008650475049825572,PC1
-0.16443792804569768,PC1
0.13497492452018847,PC1
-0.017277828982773063,PC1
0.050203904680690706,PC1
-0.09731206927442891,PC1
-0.1217900807743972,PC1
-0.031241282706809648,PC1
-0.05984932432231595,PC1
-0.008897085202488227,PC1
-0.02465054529001553,PC1
0.11745271558803431,PC1
-0.11593837742844004,PC1
0.029471474151123434,PC1
-0.05753060482873726,PC1
-0.031506924097822096,PC1
0.05878907200410763,PC1
0.07658616090339744,PC1
0.2129239448861612,PC1
0.04006599499293113,PC1
-0.05803625805528449,PC1
0.07178928685836759,PC1
-0.1545748386889261,PC1
-0.03099568045555029,PC1
0.04566464919708296,PC1
-0.07613386619697374,PC1
-0.055650955916786614,PC1
0.09447720844117023,PC1
-0.1259987469265791,PC1
-0.08151472121329026,PC1
-0.031188524294659133,PC1
0.043531070410575017,PC1
-0.1272080430611564,PC1
0.10617489382080617,PC1
-0.07328948881236799,PC1
-0.05843502836710864,PC1
-0.0644798264505917,PC1
-0.1829619401614177,PC1
0.08374030453874867,PC1
0.1585607073469055,PC1
-0.1495114672391047,PC1
0.06798411474312452,PC1
-0.007907898598036693,PC1
-0.03263657953791574,PC1
0.0055454643376939075,PC1
0.16176830529786262,PC1
-0.059095446731078194,PC1
-0.019500387449463356,PC1
0.11448883957109411,PC1
-0.024472600080083416,PC1
-0.04904299647283392,PC1
0.08680922014145954,PC1
-0.1716218449418629,PC1
0.07610029711294583,PC1
-0.13833784916555303,PC1
0.036088925324133346,PC1
0.09786883812697854,PC1
0.11202520007378727,PC1
-0.02819246749278968,PC1
-0.07896104056129677,PC1
0.13577023179917766,PC1
0.10375904676934883,PC1
0.14656445019715278,PC1
0.21037529651555378,PC1
0.1614949302745613,PC1
-0.034111627108603645,PC1
-0.026667997946004024,PC1
-0.06787501247397612,PC1
-0.1418661117230386,PC1
0.14185623355676505,PC1
0.11067298764037962,PC1
0.1087994382921048,PC1
0.08939260033796018,PC1
-0.1724470484598309,PC1
0.2862849326174485,PC1
0.029185982766451773,PC1
0.2582209402735771,PC1
0.09794649324259429,PC1
0.11660013390879936,PC1
-0.09996803953262443,PC1
0.011610650352363132,PC1
0.05441071678946473,PC1
0.034951955249149375,PC1
0.0147260493298077,PC1
-0.03749372108291224,PC1
0.03638740483914744,PC1
0.07047483291411621,PC1
0.03533898707093762,PC1
0.00827056725712541,PC1
0.14232934086914992,PC1
-0.18721617015531017,PC1
-0.006431063088175891,PC1
-0.1309959247811248,PC1
0.029944191027926708,PC1
-0.079818654631938,PC1
-0.10430305909340107,PC1
0.04774375004158926,PC1
0.03111479794095693,PC1
-0.09661912476751452,PC1
0.07074627556812382,PC1
0.03760972150534693,PC1
-0.042808125451929344,PC1
0.05764381530046493,PC1
-0.057944043001267855,PC1
-0.004954634219625687,PC1
-0.08802029916320507,PC1
0.20535678481387687,PC1
-0.15339836509093452,PC1
-0.055018627819822606,PC1
0.05006237988797856,PC1
-0.08824549851822519,PC1
-0.034608574776649983,PC1
-0.032627103987704575,PC1
0.04751223684888073,PC1
0.158739608475188,PC1
-0.04510500220267535,PC1
-0.06253078699169508,PC1
0.05494764281665035,PC1
0.032278959391780805,PC1
0.06481843087359063,PC1
0.1635827853703783,PC1
-0.10314140704848582,PC1
0.09078561664351059,PC1
-0.03436165635590714,PC1
0.011652906995098704,PC1
-0.010418041389779139,PC1
-0.0077629149050398305,PC1
0.049803993852199094,PC1
5.782515501244825e-4,PC1
0.11887137928405758,PC1
-0.05074823301136267,PC1
-0.003871631710473465,PC1
0.0029381789464577677,PC1
0.2261246305053479,PC1
-0.007851802482489387,PC1
-0.09168052625812687,PC1
0.06515521922494846,PC1
0.07154058953586562,PC1
0.10454885769561417,PC1
-0.1459648940145791,PC1
0.14477398555472806,PC1
-0.08008207930171274,PC1
-0.17485042664788608,PC1
-0.07906367283588549,PC1
0.08681764895788364,PC1
-0.05578308688248455,PC1
5.610012361825512e-4,PC1
-0.1987147963704028,PC1
0.03864357173296073,PC1
0.12090351966883352,PC1
0.1446103342912049,PC1
-0.012782424935396663,PC1
-0.0514976503023421,PC1
-0.03256084825651396,PC1
0.05010084926000336,PC1
-0.1520203080001762,PC1
0.0025538257233505,PC1
0.0323839044033841,PC1
-0.028618096827287342,PC1
0.002424390667438339,PC1
0.01583211672705851,PC1
0.06610769070379391,PC1
-0.04938387753071949,PC1
0.056998667718114404,PC1
0.20482748378679494,PC1
-0.08094892441025463,PC1
0.17352173950067723,PC1
-0.16559597033886347,PC1
0.026067983319174176,PC1
5.448400556695987e-4,PC1
-0.061679428285739274,PC1
0.042579098721503256,PC1
0.04550171629638639,PC1
-0.13309921761544852,PC1
0.053009318107758746,PC1
-0.16059745635316539,PC1
-0.08397427328023496,PC1
0.18440494937920007,PC1
-0.026364629544126952,PC1
-0.03350205088677266,PC1
0.06762337068207727,PC1
0.00635325084750013,PC1
-0.05996551490446599,PC1
0.06059015824250043,PC1
-0.03877858885215499,PC1
-0.08821379570132701,PC1
0.045519370648476595,PC1
-0.057081377594627926,PC1
-0.07221947031959866,PC1
0.012529238247321342,PC1
-0.05831792989120203,PC1
0.17412035550514962,PC1
0.10963284846799892,PC1
0.1388752561631324,PC1
0.01641203687112794,PC1
-0.11936630945301405,PC1
0.08093982111020254,PC1
0.2034701808646735,PC1
0.11239088846428022,PC1
-0.03884274294333312,PC1
0.06521998807740667,PC1
0.11345593568801307,PC1
0.05437705094656557,PC1
-0.028951120932048338,PC1
-0.020705208680552912,PC1
-0.00612579710214968,PC1
-0.08323854267563832,PC1
-0.139835781848418,PC1
0.06461835996294255,PC1
-0.13058924844325429,PC1
0.08135016073955877,PC1
-0.06671335428792738,PC1
0.04317748139189935,PC1
0.005354702161648767,PC1
-0.10375795006692726,PC1
0.033781880950909046,PC1
0.02176006556115588,PC1
0.04584540708711706,PC1
0.00531128159419085,PC1
0.13658230908153438,PC1
-0.13499652064748344,PC1
0.18947600836695153,PC1
-0.09474580118991702,PC1
0.27679566298526354,PC1
-0.07658279591515899,PC1
0.12302097129033814,PC1
0.06600904982290326,PC1
-0.18983791035280323,PC1
-0.15425960309388795,PC1
-0.014029647479280406,PC1
-0.014509085328746157,PC1
-0.009013702218119441,PC1
-0.11008958826513435,PC1
0.10318164075864607,PC1
-0.17854007181974424,PC1
-0.019057910759643918,PC1
0.029984560875032606,PC1
0.06414450469560568,PC1
-0.03828485555590675,PC1
0.011795253833864636,PC1
-0.014268551086342198,PC1
0.12851633928708434,PC1
-0.05404485968008478,PC1
0.07277196655313473,PC1
-0.06853122652035162,PC1
0.08799360323059324,PC1
-0.013828447164169602,PC1
0.11529677897542834,PC1
0.034645705792809074,PC1
0.030077873383986937,PC1
0.0157469135678025,PC1
-6.290049278404319e-4,PC1
0.04871681255243283,PC1
-0.06631637666451175,PC1
0.03292772812298194,PC1
0.008848118384860375,PC1
-0.1036156167176825,PC1
-0.08605349383127785,PC1
-0.04381854468190189,PC1
0.1227779368863949,PC1
0.2858489089289659,PC1
0.014842583764433204,PC1
0.1835867218921772,PC1
0.028960081112771915,PC1
0.11019227951228967,PC1
0.12869400381432144,PC1
0.03293968345383265,PC1
-0.21006177053040256,PC1
-0.30976706821449873,PC1
-0.0013841589529905024,PC1
-0.11610689856552275,PC1
0.08454882975183964,PC1
-0.0428550069518816,PC1
-0.05064128679977492,PC1
0.13873350699336867,PC1
-0.03569709907646341,PC1
-0.08003441836640382,PC1
-0.025359927766010287,PC1
0.1161373886390877,PC1
0.10703305371637409,PC1
-0.03914111160229331,PC1
0.0667666071034036,PC1
0.013458394901147492,PC1
-0.03358989190474406,PC1
-0.04182681256391557,PC1
-0.06932734615942049,PC1
-0.13555039689515597,PC1
-0.03209558790655988,PC1
-0.06591484142289669,PC1
-0.005552946146252041,PC1
0.09918925322904382,PC1
-0.06598454046436797,PC1
-0.010974890260606746,PC1
-0.1064169025986533,PC1
0.03974709143709375,PC1
-0.061909950817234945,PC1
-0.07685523546448152,PC1
-0.0016988346734002728,PC1
0.001792935928879212,PC1
0.13231665705009693,PC1
-0.033058650683994176,PC1
0.06592671993364482,PC1
-0.0349870761818385,PC1
-0.0314002400354778,PC1
-0.09832233123529131,PC1
-0.17474501322702235,PC1
-0.21006177053040256,PC1
-0.0693760051199602,PC1
-0.1499933477335669,PC1
0.22495382802349712,PC1
0.08969103101312201,PC1
0.11889584149872104,PC1
0.027828619894793814,PC1
-0.12459314483107031,PC1
0.04856184165311314,PC1
-0.2180872823932722,PC1
-0.19747142151008457,PC1
0.08124493887096165,PC1
0.06232110252301298,PC1
0.03336994464722796,PC1
-0.1001369601512882,PC1
0.024007447438077256,PC1
0.03492167855712368,PC1
0.09594079137753589,PC1
0.06349694056577412,PC1
-0.0561029506358213,PC1
-0.05580246390879564,PC1
0.1362814788887565,PC1
0.03992928114128744,PC1
0.09315521593697984,PC1
-0.05922300688207059,PC1
-0.12752201948367825,PC1
0.06411781603246516,PC1
-0.0781769091805668,PC1
-0.06161958566573228,PC1
0.16097417403828027,PC1
0.00901884919642079,PC1
-0.015312081512323307,PC1
-0.027350662872222663,PC1
-0.17292357332635433,PC1
-0.012179241686106318,PC1
-0.017347593001405925,PC1
-0.003260801559396863,PC1
0.062159446481822325,PC1
-0.15989005599622488,PC1
-0.026556348366150614,PC1
-0.17276105842808073,PC1
-0.13503661416249416,PC1
0.0418357169659822,PC1
0.008706532201005798,PC1
0.13264801268623472,PC1
-0.07254946865823399,PC1
-0.1717508500826018,PC1
0.03783623973881603,PC1
-0.060170743413912264,PC1
-0.2342902159612463,PC1
-0.09201418603598868,PC1
0.019819771530994998,PC1
-0.08580046232791713,PC1
0.026129656387632885,PC1
0.06900354721262777,PC1
-0.07509938271717828,PC1
-0.007543227265120004,PC1
0.03411080434751987,PC1
0.2239829086216114,PC1
-0.07813307794166044,PC1
-0.07536078748830473,PC1
-0.2559371198539633,PC1
0.04952934427934959,PC1
-0.11390103424441299,PC1
-0.2219517964216271,PC1
0.041110679306560496,PC1
0.12673884899836158,PC1
0.044811330377572095,PC1
0.0998066558639925,PC1
0.0874627060708173,PC1
0.0589692391708638,PC1
-0.07090754084344221,PC1
0.07636584468777775,PC1
-0.13733694945995675,PC1
-0.10010066482741503,PC1
-0.08073120533719823,PC1
0.1340607895301028,PC1
0.1102426874589048,PC1
0.06732712364446913,PC1
-0.001248308943855303,PC1
0.1665694156977674,PC1
0.12443811714853442,PC1
-0.056617720365032376,PC1
-0.03753409752550589,PC1
0.10859440316361928,PC1
-0.0610272143804736,PC1
0.06140601070322129,PC1
0.13887101582161795,PC1
-0.0490754041326939,PC1
0.16358112407318762,PC1
-0.03398014143830978,PC1
0.0069848085503568,PC1
0.01901596089879464,PC1
-0.015003743580908169,PC1
-0.09351693898595187,PC1
0.0799180386119216,PC1
0.14523610260076744,PC1
-0.08054394821689767,PC1
0.15544242135323427,PC1
-0.032117395622911646,PC1
-0.021216292582139567,PC1
-0.020615339749474097,PC1
0.10446168142876054,PC1
0.043944314525820705,PC1
0.0016173468805509017,PC1
0.0013059006913239135,PC1
0.06213596678789445,PC1
-0.186963205048838,PC1
0.12353286518928622,PC1
-0.06934214614067033,PC1
0.04303190895353056,PC1
0.08809568550790019,PC1
-0.012788816232305357,PC1
0.12669633205026257,PC1
-0.10156403312717728,PC1
0.0683649902692115,PC1
-0.0887664666548838,PC1
0.07394771567122065,PC1
-0.017153610550792064,PC1
0.05672702131145126,PC1
-0.0735141884728419,PC1
-0.2459408297397164,PC1
-0.051480333340832504,PC1
-0.04098398503780484,PC1
-0.17031780980179823,PC1
0.1319844908114119,PC1
-0.03600792459443287,PC1
0.0736558006921618,PC1
0.10996652953339463,PC1
-0.0058183848754810655,PC1
0.037763176647372027,PC1
0.022589563407277267,PC1
0.010312515152990826,PC1
-0.0806006372354675,PC1
0.09506858367723175,PC1
0.11839030076851961,PC1
0.0258303403523441,PC1
-0.11630893657819727,PC1
0.055796342994041424,PC1
-0.1277010382498486,PC1
-0.14355251984049852,PC1
-0.10202709533023888,PC1
0.05695485371093796,PC1
-0.08090917147738684,PC1
0.09258174319893003,PC1
-0.0567991710632707,PC1
0.07938978347148203,PC1
-0.10195224040036921,PC1
-0.12163701854764263,PC1
-0.07692391021368075,PC1
0.04047990744917307,PC1
-0.15489792178512465,PC1
0.10622009320653826,PC1
0.13430673099471083,PC1
0.07418598658310982,PC1
-0.1276913818578164,PC1
-0.045599912124929406,PC1
-0.04407452450304689,PC1
-0.020113384326297085,PC1
0.1846942173088116,PC1
0.16238085224048207,PC1
-0.06572578445369219,PC1
-0.01492112946765508,PC1
-0.039626189391873984,PC1
0.1178267847880487,PC1
-0.107831624987069,PC1
-0.05643863351104979,PC1
0.09624972190835202,PC1
-0.09720406610531813,PC1
0.10109558890579422,PC1
0.0013786564681738944,PC1
-0.1125996543948249,PC1
-0.020705208680552912,PC1
0.04537866211582243,PC1
0.026339285897735522,PC1
-0.0687877267003047,PC1
0.05416908681905229,PC1
-0.06793918444486657,PC1
-0.0794410388636846,PC1
-0.027228705268210987,PC1
0.07965625746423208,PC1
-0.1760816401681739,PC1
-0.02215262994916617,PC1
-0.18744104830306255,PC1
0.05236081832499678,PC1
-0.01016040960271622,PC1
0.14699447809281868,PC1
-0.02007115050535746,PC1
-0.011530862664342568,PC1
0.04608978667805701,PC1
-0.03182016786918847,PC1
-0.0729510915366187,PC1
0.18567885509227705,PC1
-0.006292746787720214,PC1
0.04033761034542048,PC1
0.023933930957717335,PC1
-0.04183897040711761,PC1
-0.11367398468315267,PC1
0.07070652104027589,PC1
-0.006531212438541441,PC1
-0.020565247859081093,PC1
0.051706876738200666,PC1
-0.039731011286251505,PC1
-0.26105842344517893,PC1
0.18445674932167003,PC1
0.04213438869754371,PC1
-0.10081174434840606,PC1
0.05470875757685752,PC1
-0.044612183519094864,PC1
-0.21430611725348728,PC1
0.21752154656890357,PC1
0.10267098820804492,PC1
0.04224976172960415,PC1
-0.11064838546030241,PC1
-0.07413526476802111,PC1
-0.09907984015556126,PC1
0.035522351387764925,PC1
-0.06503066618908854,PC1
-0.002364458012577411,PC1
-0.005435205329495998,PC1
0.08887665705245101,PC1
-0.2507693052332661,PC1
0.011489331710427628,PC1
-0.0336642503952342,PC1
-0.08083583553677062,PC1
-0.016345941215323918,PC1
0.08596920702098912,PC1
0.08140369407881576,PC1
0.0786518130747732,PC1
0.060475041210788144,PC1
0.05769216088680973,PC1
0.14789649361012108,PC1
0.06123673182208798,PC1
-0.01614894667004372,PC1
0.046585737750883226,PC1
-0.026871860372003085,PC1
0.00942389146036678,PC1
-0.03439287507272938,PC1
0.07661130600840255,PC1
0.028527013425353527,PC1
0.04141177555127841,PC1
0.0769885685750532,PC1
-0.10471329006937245,PC1
-0.016098774904579116,PC1
0.13874572495961457,PC1
0.057199253297617526,PC1
0.13739095884261784,PC1
-0.06357522655627465,PC1
0.05317125922011681,PC1
0.059537799858318856,PC1
0.05928954461224628,PC1
-0.058783651535968456,PC1
0.13046165051482858,PC1
-0.04914418814801703,PC1
-0.1141578131163105,PC1
0.06220059298285442,PC1
0.01301885529461656,PC1
-0.14037840027141996,PC1
-0.04949913075034159,PC1
-0.008511620687572038,PC1
-0.14418831209733898,PC1
0.07640205972835376,PC1
-0.01632468816285909,PC1
0.14330231634718643,PC1
-0.06800708945582999,PC1
-0.21869995625193742,PC1
-0.029249868664117308,PC1
0.041582922318357515,PC1
-0.1619525831607298,PC1
0.12669633205026257,PC1
-0.0018084184161520633,PC1
-0.05057100305112351,PC1
-0.06635748831011418,PC1
0.016714717680693464,PC1
-0.05266457083556969,PC1
0.16920566113053911,PC1
0.05079410261269692,PC1
0.05580495006487584,PC1
0.02138119784142814,PC1
0.13031362075410735,PC1
0.01562289552209778,PC1
-0.010535181195547402,PC1
0.09911019058853432,PC1
0.02053003023763081,PC1
0.03857336738951458,PC1
-0.11200161966835062,PC1
-0.04826824872751911,PC1
0.03560217026504628,PC1
-0.022117837519593037,PC1
-0.0278571011799523,PC1
0.04627235336773565,PC1
-0.10331682608886678,PC1
0.18953995435037194,PC1
0.05198578137162746,PC1
-0.293592036814326,PC1
-0.007544804594451754,PC1
-0.03448956915717577,PC1
0.16576722768356464,PC1
-0.09472435348746953,PC1
0.06314751298867058,PC1
-0.2562583167814824,PC1
0.029381228733527998,PC1
0.11404986971819782,PC1
0.09220106418811753,PC1
-0.005046741667498411,PC1
0.05793823939115167,PC1
-0.09986997524700536,PC1
0.05583381717466497,PC1
0.037434843222175294,PC1
0.0377056653444556,PC1
-0.23558102656439775,PC1
-0.017591565361218336,PC1
-0.03225355371730326,PC1
0.07097250970190143,PC1
-0.12842015555004435,PC1
0.003646496305499264,PC1
-0.007295298424884673,PC1
0.07165861336438893,PC1
-0.027930003081239232,PC1
-0.09460321936094117,PC1
0.11176270969092533,PC1
-0.11030794988853786,PC1
0.011638349308676847,PC1
0.01203260204864641,PC1
0.049460525572694786,PC1
-0.0670909183849771,PC1
0.04719986056802772,PC1
0.016589520691132172,PC1
-0.021767776937781286,PC1
0.020446137441766724,PC1
-0.07739873148434644,PC1
0.21197935083301317,PC1
0.1944099880908159,PC1
0.12827187827331812,PC1
-0.08440887394841012,PC1
0.0884092599663927,PC1
-0.019004761625606652,PC1
0.06703097037607998,PC1
-0.10826372633026898,PC1
-0.106937342951842,PC1
0.08835565337963774,PC1
0.049165896137906055,PC1
-0.0274559906100283,PC1
-0.009574274169739591,PC1
0.15927180909563998,PC1
-0.16012984131699626,PC1
-0.04728715108321641,PC1
0.03003712487603763,PC1
0.2843068162665076,PC1
0.02675853931323208,PC1
0.05726648889398446,PC1
-0.04745158426976778,PC1
-0.09066747487576611,PC1
0.03864161076687818,PC1
-0.004815856929007152,PC1
0.2511774504772426,PC1
0.054740950079659706,PC1
-0.2468475131000991,PC1
-0.05451391392452691,PC1
-0.023107150784381678,PC1
-0.07403290348351269,PC1
0.034054796805595276,PC1
-0.10540936408059591,PC1
0.08273411338780977,PC1
-0.017476965408312214,PC1
-0.17009182814681095,PC1
0.022490172478880698,PC1
-0.09451999722175222,PC1
-0.031090223570362688,PC1
-0.033846981147034216,PC1
-0.016713120655584453,PC1
-0.08816725182153377,PC1
-0.025064711550781008,PC1
-0.03345280616326442,PC1
-0.06449649781972326,PC1
0.03770888007255842,PC1
0.141699426910434,PC1
0.07435105650015521,PC1
-0.13385031802284153,PC1
0.02868129695520473,PC1
-0.042928294281791,PC1
0.1812558307574545,PC1
0.02047747267278289,PC1
-0.04751769243328779,PC1
0.13353059889053895,PC1
-0.12092935751790625,PC1
0.11524169893348683,PC1
0.06986827376562967,PC1
-0.026665550468457852,PC1
0.22136503480140923,PC1
-0.0326683274525361,PC1
0.10589921606956992,PC1
0.14488331929410747,PC1
0.07374826105972648,PC1
-0.01407110857023659,PC1
0.02810251782102144,PC1
-0.01223703541156464,PC1
0.07917052174869979,PC1
-0.03708946832072471,PC1
0.0403584859006803,PC1
-0.08742504922641167,PC1
-0.039696812219596755,PC1
0.08079730097179402,PC1
-0.13174418947882238,PC1
0.2006775058511365,PC1
-0.00424936235175466,PC1
0.01537320360496336,PC1
-0.0047626914634263835,PC1
0.12544950063535715,PC1
0.12185551959400084,PC1
0.02789846452327243,PC1
0.07797997556981459,PC1
-0.04052781366039442,PC1
-0.02738490038200246,PC1
-0.2397682640808857,PC1
-0.0180712608035936,PC1
-0.11315649042932892,PC1
-0.041718972095989966,PC1
0.023540504328309876,PC1
-0.03572172673501453,PC1
0.20720574388999233,PC1
8.866225467268896e-4,PC1
0.10404655996224045,PC1
0.054983209597621076,PC1
0.03804402598033022,PC1
0.04370774610325946,PC1
-0.06230715461165906,PC1
-0.07818409782041952,PC1
-0.0044977503097045485,PC1
-0.04641036136375208,PC1
0.03689010787624653,PC1
0.07085216211794192,PC1
-0.02371634777516107,PC1
0.09811086805730546,PC1
0.03638912993482299,PC1
-0.05568370809742815,PC1
0.0021193305034833756,PC1
0.10540500837705649,PC1
1.598291942687402e-4,PC1
0.10271854733505742,PC1
0.13128194923336975,PC1
0.10372305022660933,PC1
0.02743280043652905,PC1
0.02081617609493332,PC1
0.07048218213424615,PC1
0.025794721490746825,PC1
-0.07163366047513842,PC1
0.04104528542531155,PC1
-0.02515932351164913,PC1
-0.034916521771156506,PC1
0.014408524962354882,PC1
-0.09369493322242554,PC1
-0.100568984112413,PC1
0.1262185148881306,PC1
0.045957555370157756,PC1
-0.04574745055732106,PC1
-0.08386467562493544,PC1
0.06527090174326057,PC1
-0.13485612087844628,PC1
-0.015893207722702776,PC1
0.022258250618036612,PC1
-0.025298354790413813,PC1
0.056480194276026685,PC1
0.14375611718322606,PC1
-0.016074483168350535,PC1
-0.08134487182441189,PC1
0.027065114178110694,PC1
-9.07061880635926e-4,PC1
0.003026172250216938,PC1
-0.1167019420489931,PC1
0.06505634383329129,PC1
-0.039197850724094804,PC1
-0.01450283224950951,PC1
0.07204129662617541,PC1
-0.24688361593356956,PC1
-0.03991447480832036,PC1
-0.061565874335845615,PC1
-0.20842663973298614,PC1
-0.061276037712410816,PC1
-0.02074657682900774,PC1
0.03200143793546038,PC1
0.078237535889847,PC1
-0.05112811432460325,PC1
0.06303067171583114,PC1
0.1829110151321645,PC1
0.03912626934430358,PC1
-0.08365961314865437,PC1
0.046274472302851755,PC1
0.08252335861765207,PC1
-0.04249731246636618,PC1
0.03255543448669855,PC1
-0.08794251826597002,PC1
0.08425916258006405,PC1
-0.0525425068463216,PC1
0.014504955344986699,PC1
-0.1156928033416343,PC1
-0.03129030695906927,PC1
0.10523684456004567,PC1
0.1370641197254169,PC1
-0.12821348780233177,PC1
-0.05105345047033208,PC1
0.03553488218545416,PC1
-0.03737192545161594,PC1
-0.07437410673667663,PC1
0.03553220826057711,PC1
-0.07531734267763407,PC1
0.14157219113576056,PC1
-0.1500731258688831,PC1
-0.09689080830252,PC1
0.136964034773321,PC1
0.17231830418651958,PC1
0.05294612737170236,PC1
0.03543905126143705,PC1
-0.13605070127537702,PC1
-0.0011102391782924562,PC1
-0.05237442263807028,PC1
0.013064096171972087,PC1
0.24647350130516202,PC1
-0.17015064823219836,PC1
-0.06159096548618384,PC1
0.101641744119338,PC1
0.06500375203335387,PC1
0.06712431561604215,PC1
-0.10787106268153551,PC1
-0.0479979884273611,PC1
-0.11872474111758294,PC1
0.024501868564826813,PC1
0.058051492248896136,PC1
0.057341644485971656,PC1
-0.1615652388558395,PC1
7.238615882784356e-4,PC1
0.024518788480512928,PC1
-0.16202794100170634,PC1
-0.11253234551322615,PC1
0.16255144206816377,PC1
-0.12359251229267212,PC1
0.10212103861429751,PC1
-0.14178725437422018,PC1
-0.1165625552207508,PC1
-0.11293898771406256,PC1
0.1446365157021859,PC1
0.12501218717244875,PC1
0.05349644421431052,PC1
0.01300828004521011,PC1
0.0014997090975686009,PC1
-0.04057203179650922,PC1
0.07748631362124955,PC1
0.058033394125497524,PC1
0.10480775441647984,PC1
-0.027493725829901415,PC1
0.05121389724540895,PC1
0.01829251213402147,PC1
0.0718760747037243,PC1
-0.011330786952424454,PC1
0.07164476511610994,PC1
0.014985783168113206,PC1
-0.06645132543784454,PC1
-0.10629911889806852,PC1
0.10997342774512531,PC1
0.12349517062709599,PC1
-0.06420719428558438,PC1
-0.05559348889051751,PC1
-0.031172065938751492,PC1
0.12519429531920614,PC1
0.018003070374832595,PC1
-0.016576292485279184,PC1
0.057721713396193246,PC1
-0.12133736723544374,PC1
-0.024122003037213555,PC1
-0.09594937718651278,PC1
-0.013420970838737521,PC1
0.20645527677929265,PC1
-0.042444535167507576,PC1
-0.009502352406245099,PC1
-0.0408238498835263,PC1
0.16682837397288916,PC1
-0.043267561722149725,PC1
-0.04021734599176215,PC1
-0.09908466472865389,PC1
0.1965006617577118,PC1
-0.1300953281433179,PC1
-0.15470016139267884,PC1
0.02516849225779644,PC1
0.10554906704564637,PC1
-0.12411966395097787,PC1
-0.03414184985372708,PC1
0.12897982997373791,PC1
0.042585167945895286,PC1
-0.04159551084975377,PC1
-0.07109150510205973,PC1
-0.11629558677924252,PC1
-0.05569292211355456,PC1
-0.03629882070819128,PC1
-0.10700217812770421,PC1
-0.04789085739211888,PC1
-0.09728563174935935,PC1
-0.05085978656211858,PC1
-0.006098535412448168,PC1
0.01249691636721896,PC1
-0.020037606536800943,PC1
0.009917141930787316,PC1
-0.03629882070819128,PC1
0.0248558883197365,PC1
-0.003974935624754081,PC1
0.037872973406488424,PC1
0.14037592789764688,PC1
-0.01268635298249996,PC1
-0.050627015539194895,PC1
-0.17551233114643638,PC1
0.10134023398979183,PC1
-0.21032796304689846,PC1
0.07069073155482875,PC1
0.10590235209298811,PC1
-0.12285665866583245,PC1
-0.004815856929007152,PC1
0.1419082615333041,PC1
-0.23159943343496409,PC1
0.1871671609751072,PC1
-0.122649606399761,PC1
0.011561600361109883,PC1
0.07320692312246199,PC1
-0.0705605994563314,PC1
-0.09535887157475276,PC1
-0.03631864577417675,PC1
0.013372337573273912,PC1
0.027445180162950077,PC1
-0.057130101418423875,PC1
-0.0781946889095785,PC1
-0.09280633739605268,PC1
-0.10351869384801196,PC1
-0.06507439686780417,PC1
-0.0033336256194029107,PC1
0.08647406620434539,PC1
0.057455519285033695,PC1
0.1499922104917237,PC1
-0.147899208294998,PC1
0.19215510105792757,PC1
0.15731849973044298,PC1
-0.09365529450254213,PC1
-0.19576400775244698,PC1
0.16167339128285962,PC1
0.04210352841458313,PC1
-0.06287733009008994,PC1
0.10058673433524053,PC1
-0.08049208343364475,PC1
0.11474313997691231,PC1
0.015800123928613546,PC1
-0.010696254918432221,PC1
0.031762857813745285,PC1
0.06790135697179625,PC1
-0.13325891226825315,PC1
-0.11734795036445478,PC1
0.02994005043996714,PC1
0.08842324836377866,PC1
-0.0037117411839403397,PC1
0.0066189391733037055,PC1
0.20869008977905054,PC1
-0.05373226960307654,PC1
-9.589710423610681e-4,PC1
0.14533753594770768,PC1
-0.16100261242355238,PC1
0.053042060228591134,PC1
0.041290469664049284,PC1
-0.15175667238203946,PC1
0.07589070020268811,PC1
-0.1609670573869142,PC1
0.051719183548511106,PC1
-0.05292072222459792,PC1
0.029304744037478646,PC1
0.026124410165966342,PC1
-0.03783253702418978,PC1
0.0261008716827128,PC1
0.043821305198932264,PC1
-0.04765242149083619,PC1
-0.06392658199294245,PC1
0.10373769096872706,PC1
-0.028965377871914902,PC1
0.11655754861313208,PC1
-0.19656354762754155,PC1
-0.08483050155937467,PC1
-0.03417861549856268,PC1
-0.07923205376827792,PC1
-0.0837772125294302,PC1
0.023366747172476506,PC1
0.03277036342022285,PC1
-0.11642483155763368,PC1
-0.09011672691503766,PC1
0.10392110959452036,PC1
-0.14675744160841114,PC1
0.027453582828983802,PC1
0.21491042437257304,PC1
-0.05767973300651581,PC1
-0.029507339725475083,PC1
-0.10802945180416368,PC1
0.156613609130995,PC1
0.09657322576638913,PC1
0.11667487724224755,PC1
-0.010103044797229857,PC1
-0.013778951806374428,PC1
-0.26212575712499087,PC1
-0.007683204526909508,PC1
-0.05840767278310975,PC1
-0.11691328792926843,PC1
-0.01724866269175991,PC1
0.05447546581208251,PC1
0.06131601831557404,PC1
-0.12397204156062143,PC1
0.028218244580874775,PC1
0.017606877000663615,PC1
-0.09646178663051369,PC1
-0.07189839483035035,PC1
-0.01854212389349598,PC1
0.13637844741003968,PC1
-0.07966793592141416,PC1
-0.16027671265473659,PC1
-0.09690593746437265,PC1
-0.0659382913906085,PC1
0.010476597159554277,PC1
0.02378357224558874,PC1
-0.041211117145172324,PC1
-0.10563709907961417,PC1
0.09898110290373502,PC1
-0.1478624457094933,PC1
-0.05941224780877382,PC1
-0.042862154592608115,PC1
-0.07764473840525758,PC1
-0.20146719024379936,PC1
0.14196368307887117,PC1
-0.12195703554864319,PC1
0.0021998027751991486,PC1
-0.04557716842072061,PC1
-0.08247581001896238,PC1
0.07441076405767387,PC1
0.18161443597739696,PC1
0.13012344081009813,PC1
-0.12274949238244409,PC1
-0.06652387681291888,PC1
-0.08509693240788466,PC1
0.04644919295484541,PC1
0.18063389728361728,PC1
-0.021957094112782467,PC1
0.047216540937033445,PC1
0.05057488883839653,PC1
-0.11818726219808241,PC1
0.010791533168305986,PC1
0.19750746808379632,PC1
0.09690194637425391,PC1
0.17603345361266584,PC1
-0.0379338026006081,PC1
-0.10125330206659629,PC1
0.06600685656488796,PC1
-0.03759652865095783,PC1
0.08715293892883177,PC1
0.012265551540982557,PC1
0.026791253318769744,PC1
0.03662297409775007,PC1
0.07205101719811713,PC1
-0.01430502406070646,PC1
-0.013825301498405954,PC1
-0.023692504970995495,PC1
0.04222550883090494,PC1
0.19256916709540794,PC1
-0.04605703773431265,PC1
0.026985053161679325,PC1
-0.14217768059174787,PC1
0.01809910900962304,PC1
0.026162317548089176,PC1
-0.12207487747636225,PC1
0.11440695621072045,PC1
0.018639783336469668,PC1
0.012719297514374697,PC1
-0.1271264336570636,PC1
-0.02338922462534669,PC1
-0.036250480995738674,PC1
-0.0035976977076303956,PC1
-0.06363816856276613,PC1
0.017962398230927802,PC1
-0.044192086031787904,PC1
-0.03659133011204261,PC1
-0.13418999251922528,PC1
0.0726693550496477,PC1
0.03206497573343992,PC1
-0.05172672022371955,PC1
0.11178561150737741,PC1
-0.11678047342550645,PC1
-0.03473901283704582,PC1
0.07156552506499275,PC1
0.1859673310470819,PC1
-0.13566598493379392,PC1
0.047996123587466785,PC1
-0.1132746710830799,PC1
0.09154631307661006,PC1
0.14816890234759483,PC1
-0.016839173327212617,PC1
0.10621227510457522,PC1
-0.07849245083185902,PC1
0.0870697871129708,PC1
0.03426569607568177,PC1
0.1386530674206209,PC1
0.1008215385435628,PC1
0.08295881102447568,PC1
-0.04893727338403146,PC1
0.1652696757071765,PC1
-0.0751787125636601,PC1
-0.0972674189907382,PC1
0.034182644391693794,PC1
-0.05749396944675489,PC1
-0.019432574353789714,PC1
0.05694762819952583,PC1
-0.031983018258709826,PC1
-0.18957797552568711,PC1
-0.079668794955903,PC1
-0.02881243077706276,PC1
0.014568696565754428,PC1
-0.0920188777087107,PC1
-0.017373353119994633,PC1
-0.07242673746676148,PC1
-0.027764017517151907,PC1
-0.09010341854218262,PC1
-0.010373159586202638,PC1
0.013784559442509486,PC1
-0.028326779935181748,PC1
0.10866560710369692,PC1
-0.08427714255047353,PC1
0.09936835280077275,PC1
-0.016893188762267558,PC1
-0.0640099208275654,PC1
0.05395291870274223,PC1
-0.014725113654452116,PC1
0.10644017141021633,PC1
0.11825903610972972,PC1
-0.0017792045092816372,PC1
0.0727778671268644,PC1
-0.012693590971666575,PC1
0.059535296145694125,PC1
-8.437996258963236e-4,PC1
0.04462600540990723,PC1
-0.03033005625387792,PC1
-0.043129765030278704,PC1
0.0744611232770318,PC1
-0.017774428188063573,PC1
0.14398377646711102,PC1
-0.02881741068821412,PC1
-0.037477264905057484,PC1
-0.014674126526045085,PC1
-0.01852036168915007,PC1
-0.06464126286449973,PC1
-0.020904305151423087,PC1
0.015524423188133412,PC1
-0.12248333156292394,PC1
0.11204345888835615,PC1
-0.09183509754094218,PC1
0.07388171148489536,PC1
0.28162142697751347,PC1
0.11842703508644409,PC1
0.05670558685621506,PC1
0.05708647132180293,PC1
-0.09785932606127157,PC1
-0.041407207067864105,PC1
-0.05912252089540564,PC1
0.2795533008026579,PC1
0.15753202274048858,PC1
0.060772216377422986,PC1
-0.009317566627400381,PC1
0.11342792519416832,PC1
0.1384453943856877,PC1
-0.18294301042762273,PC1
0.10891454187011845,PC1
-0.09281335275085668,PC1
0.16618638291787904,PC1
-0.06876396358078196,PC1
0.11015272652601019,PC1
0.009730436974961468,PC1
-0.06181235440134866,PC1
0.14814035498721395,PC1
-0.06916343693189486,PC1
-0.0776993797624095,PC1
-0.1375021527216073,PC1
-0.014769755762239462,PC1
0.04336377052733598,PC1
0.021161756283754274,PC1
-0.07470573011667409,PC1
0.07508167254443607,PC1
0.016775464493517658,PC1
0.2523325713814196,PC1
0.06624616091592214,PC1
-0.012883086956851697,PC1
0.06551309158773969,PC1
-0.04177747011111466,PC1
0.08158573622202435,PC1
0.12109559839256177,PC1
0.007928424163107843,PC1
-0.11828307233115942,PC1
0.006643578220307075,PC1
-0.04784421734200762,PC1
0.11630475922154464,PC1
-0.024916479028314127,PC1
0.10348566438967409,PC1
-0.020301189017001446,PC1
0.11944213762119434,PC1
0.17536936199165049,PC1
0.02034144048292233,PC1
-0.028310804245766128,PC1
0.08711094362193732,PC1
0.03534474447099385,PC1
-0.05878203277363599,PC1
-0.0032760457381918063,PC1
-0.07369776190683097,PC1
0.1203012275242066,PC1
-3.6004905603519155e-4,PC1
-0.023967416537653902,PC1
-0.02685169802903678,PC1
-0.01845494274599846,PC1
0.07760889954848013,PC1
0.01246119577880972,PC1
-0.011672660901367399,PC1
-0.06985398697518,PC1
0.08370114945681134,PC1
0.06573600287268155,PC1
-0.01905887792803308,PC1
0.07333852974667845,PC1
-0.07550475965201713,PC1
0.04494799913078625,PC1
0.05547540331522638,PC1
-0.14298008275775337,PC1
0.1537077802889073,PC1
-0.10377049849276875,PC1
0.10954978852002469,PC1
0.01786226779858223,PC1
-0.07081965511370421,PC1
-0.26285213412894326,PC1
0.04137780664295048,PC1
-0.04443609477940429,PC1
-0.08030447914777644,PC1
0.0994396335795547,PC1
-0.1182581134367279,PC1
-0.13720445108714935,PC1
0.10420608005466038,PC1
-0.12573255785343987,PC1
-0.1412631521761673,PC1
-0.04178769971648623,PC1
-0.049829172510722504,PC1
-0.10579978904883941,PC1
-0.03401383120623028,PC1
0.12907150739367448,PC1
0.08610700920588615,PC1
0.07055236637786567,PC1
-0.03678852252222141,PC1
0.11446800251649905,PC1
0.011454249215495975,PC1
0.17268812183012494,PC1
0.16471227704621502,PC1
0.0648052335873549,PC1
-0.10690240429357994,PC1
-0.06545535441473647,PC1
0.08063047426702864,PC1
0.07018195312800178,PC1
-0.17165712120863447,PC1
-0.047809488425364144,PC1
-0.024823712585152938,PC1
0.1662883230056299,PC1
-0.06890005885083951,PC1
0.20444583320391402,PC1
0.1490672687564843,PC1
0.03515534683823864,PC1
-0.026509578085471983,PC1
0.18212397939749592,PC1
0.11596435242044233,PC1
-0.034858755008941124,PC1
-0.08063972888560858,PC1
-0.29153752019971935,PC1
-0.01919369790148387,PC1
0.20887120900530343,PC1
-0.0014549072714361289,PC1
0.13542857519865326,PC1
-0.001100299616947617,PC1
-0.08139168452656514,PC1
-0.10208277228223235,PC1
-0.2357509943556569,PC1
-0.061165132290035326,PC1
-0.05877039508692221,PC1
-0.1251874596421885,PC1
0.08514893567332257,PC1
0.118255751926861,PC1
0.0971097063466567,PC1
-0.12425318477397404,PC1
0.20758820546545576,PC1
-0.026196487990582773,PC1
0.1168422218332624,PC1
-0.007991864809611476,PC1
-0.16914432864833281,PC1
-0.10290379661466277,PC1
0.011684628267571398,PC1
-0.0018072216731302715,PC1
-0.058054024006312814,PC1
0.05828278435101744,PC1
-0.03432678096903385,PC1
0.009362887535440262,PC1
0.025867082962262603,PC1
0.2397028939700358,PC1
-0.11850367649190863,PC1
-0.05845390835277903,PC1
-0.050620867046084525,PC1
0.0306570743893219,PC1
-0.06388934394453791,PC1
0.011036029101230832,PC1
-0.12214368868967966,PC1
-0.013284374840121002,PC1
-0.051743762644837724,PC1
-0.019623029578427126,PC1
-0.05505670888112846,PC1
-0.07949403447840091,PC1
-0.0470818255798585,PC1
0.23772475605849314,PC1
-0.0793277864579592,PC1
0.050090775825776895,PC1
-0.11850729408462982,PC1
0.053258923701240066,PC1
0.10632750483730663,PC1
-0.0740822888211189,PC1
0.23496160041327097,PC1
0.06069567782100199,PC1
0.08492671269870511,PC1
0.16492074884742408,PC1
-0.21613760998896225,PC1
0.04562805171378165,PC1
-0.2033023960981402,PC1
-0.009646627556622267,PC1
0.036179409174221605,PC1
-0.008959990617162045,PC1
0.03238406733244898,PC1
0.06723249482767407,PC1
-0.2596970837090368,PC1
0.04850292763550278,PC1
0.011751869667552598,PC1
0.059168972620284824,PC1
0.00982466074353688,PC1
-0.20293295336317901,PC1
-0.006964195630222119,PC1
-0.013174514806898761,PC1
-0.06264426950130628,PC1
-0.09509364478414467,PC1
-9.642970871949832e-4,PC1
0.005424247926407541,PC1
-0.08632985328561617,PC1
0.09767796384885541,PC1
0.009339241785250415,PC1
-0.18786252302908354,PC1
-0.05739106067727609,PC1
0.022843117023960247,PC1
0.0029879020003239776,PC1
0.01549090076068621,PC1
0.10632033215682062,PC1
-0.14259934922641215,PC1
0.0077469840276538915,PC1
-0.12552208904090112,PC1
0.15223634449247192,PC1
0.06932187134909146,PC1
0.029271171221750533,PC1
0.004688079598808431,PC1
0.016792168357520634,PC1
-0.010420078457605411,PC1
-0.08128123491670004,PC1
0.23342009109299652,PC1
0.3044505573301239,PC1
-0.012687829865096175,PC1
0.020880422675505883,PC1
-0.007185967518880856,PC1
-0.07082468451463507,PC1
0.00835012416762404,PC1
0.10292495075197569,PC1
0.043683716108716186,PC1
0.04942451379650456,PC1
-0.1400655031239647,PC1
-0.010963441674274696,PC1
0.058434485807033074,PC1
0.12721360257646078,PC1
0.013726497125144468,PC1
0.10135269548607725,PC1
-0.08638449011610248,PC1
0.07361247522561545,PC1
0.00795158367878876,PC1
0.10287590687623281,PC1
-0.06532827027360366,PC1
0.09817850884930629,PC1
-0.10137044805686646,PC1
0.016207551198648036,PC1
0.05912297105259673,PC1
0.07502200965947974,PC1
-0.05970414799661011,PC1
0.06444468789921817,PC1
0.019791204160526123,PC1
-0.17026768388230132,PC1
0.010032954239393495,PC1
-0.06355817307990523,PC1
-0.026572236371531055,PC1
0.016291681629258425,PC1
0.01008683914285887,PC1
-0.11993006965957595,PC1
-0.05870866065132524,PC1
0.052078617392432205,PC1
0.005082592533082901,PC1
-0.016082630750877774,PC1
0.07669924641310955,PC1
-0.01123717021276219,PC1
-0.20425331734897714,PC1
0.031092577190211176,PC1
0.05955477414130749,PC1
-0.07335259513591044,PC1
-0.09239195193096611,PC1
-0.22881561551347662,PC1
-0.09970461773891076,PC1
0.09313920348403226,PC1
0.09544290986854627,PC1
0.08171584578924512,PC1
-7.678748353024123e-4,PC1
0.054465592550347636,PC1
-0.04098518137346614,PC1
-0.07721101766233694,PC1
0.07794226558457902,PC1
-0.09782044313397922,PC1
0.08130320016080139,PC1
-0.00831669878363818,PC1
0.026363571097154245,PC1
-0.06197023844733889,PC1
-0.07193542513616641,PC1
-0.053164385676990236,PC1
-0.011501763709664029,PC1
0.04860010654865356,PC1
0.011235027225192554,PC1
-0.06561109551397037,PC1
-0.3347119840283825,PC1
0.07674460173300857,PC1
-0.024358318929702374,PC1
0.10326095113585862,PC1
0.15012222930090016,PC1
0.022650664765534914,PC1
-0.09776922495950979,PC1
-0.10809182425191097,PC1
0.0495655914975069,PC1
-0.010062862235211925,PC1
-0.07825700185592521,PC1
0.07150483452794054,PC1
0.025040833953474485,PC1
-0.004888258333685391,PC1
-0.297810898049015,PC1
-0.019864602465181645,PC1
0.03133460471462274,PC1
0.045360390980523524,PC1
0.08479484122290806,PC1
-0.19981286391064768,PC1
-0.16789707282819194,PC1
0.09462979403243765,PC1
0.06938451152751493,PC1
-0.03312549867647285,PC1
-0.05801444081680264,PC1
-0.014950789492449094,PC1
-0.025109918266037454,PC1
-0.05865770788545825,PC1
0.059758227597514396,PC1
-0.014262957639010825,PC1
0.007082899705325196,PC1
0.07255860920564758,PC1
0.05093737656027868,PC1
0.20543180313646903,PC1
0.044969571691845414,PC1
-0.22404270352789116,PC1
0.014305636752389765,PC1
0.08055288485121542,PC1
0.23535192640205144,PC1
-5.272840702324061e-4,PC1
-0.1096053338764564,PC1
-0.05413416186586868,PC1
0.016682843884332554,PC1
-0.020052108067861563,PC1
-0.20885152075985175,PC1
-0.16625681126004963,PC1
0.030275521496498037,PC1
-0.13564984726067636,PC1
-0.022104198988608218,PC1
0.03657647754622545,PC1
0.06985022927060738,PC1
0.023646698219651097,PC1
0.07760889954848013,PC1
0.2754592918159785,PC1
-0.08695647637205514,PC1
0.06147089011142503,PC1
0.002344216744697262,PC1
0.21040448743906606,PC1
0.09460297850829033,PC1
-0.05450048003550411,PC1
0.055757678245506495,PC1
0.038569831590010324,PC1
0.06838626413954083,PC1
0.08610264006948903,PC1
0.06541254628722301,PC1
0.031868063989916096,PC1
0.2544378412530218,PC1
0.023478378834102274,PC1
-0.040938965794570154,PC1
-0.18923882444029472,PC1
-0.07114158692961323,PC1
-0.07639715350025192,PC1
0.0015593372497172964,PC1
-0.0024921054378037877,PC1
0.07590301338156108,PC1
0.09674544650221942,PC1
-0.007856758486923146,PC1
0.04078044716950645,PC1
0.10034588979490724,PC1
-0.06878974458428783,PC1
0.1924160450851482,PC1
-0.016815841395127852,PC1
0.07998327548787573,PC1
-0.0162756395692363,PC1
0.04357265592203539,PC1
0.03962820924230638,PC1
0.12128377636222265,PC1
-0.07869086722696209,PC1
0.0319388340628563,PC1
0.016484755694326184,PC1
0.004782030646623451,PC1
0.05563427283750399,PC1
0.043559333794056486,PC1
-0.12169947473498537,PC1
-0.02642703920680867,PC1
0.035447765317817397,PC1
-0.08850260927447673,PC1
0.16767465087965439,PC1
0.009100413839440408,PC1
-0.13886641120310342,PC1
0.2834051776747968,PC1
-0.03372689764742965,PC1
0.09188234366474715,PC1
-0.07962263937094113,PC1
0.08044387351799386,PC1
-0.05391191144182969,PC1
-0.016893188762267558,PC1
0.08875393866839981,PC1
-0.016933067170360496,PC1
-0.02512981390877135,PC1
0.22155969419540433,PC1
0.01378077174834954,PC1
-0.0022107552205101813,PC1
-0.23272221159368006,PC1
-0.09430072526449979,PC1
-0.03889951616238219,PC1
0.0882817916276592,PC1
-0.09014513306877339,PC1
0.08103492290120416,PC1
-0.05082131135888613,PC1
0.08636465528972412,PC1
7.210715612302881e-4,PC1
0.1264275986731225,PC1
-0.058793765793866914,PC1
0.0024109589492723937,PC1
0.007093544692470543,PC1
0.07579934698470912,PC1
0.06337211455718751,PC1
0.08958394883527142,PC1
0.017146350572901974,PC1
0.046886677783110925,PC1
-0.06670664330974971,PC1
0.13042232911506224,PC1
0.07577842513614494,PC1
0.1302343658422293,PC1
-0.06618097564131306,PC1
0.0932973728748536,PC1
-0.10042896182479014,PC1
0.1493346414960861,PC1
0.04739312679616009,PC1
0.0687620743234772,PC1
0.05755566010401257,PC1
-0.17091199715556396,PC1
