b0,sigma,lp__,Model,bd15,bd30
0.7347526843635217,0.08931130386291977,7091.214761764075,C1,NA,NA
0.734416922638268,0.08921327964847034,7091.309486524444,C1,NA,NA
0.7339300820146011,0.08994920370632273,7094.7036528970975,C1,NA,NA
0.7370782968663212,0.08888503856503366,7090.086361410427,C1,NA,NA
0.7354342337465087,0.08880949568311058,7092.845378703343,C1,NA,NA
0.7348231852383283,0.09014178418377304,7093.44844241067,C1,NA,NA
0.7357217621925596,0.08953291923622125,7093.521035336152,C1,NA,NA
0.7363054039811047,0.08920061022150184,7092.842351619199,C1,NA,NA
0.7346886605770596,0.09035339725071911,7094.1486108934805,C1,NA,NA
0.7348285843543605,0.08997271099180396,7095.764097228127,C1,NA,NA
0.7355355038197283,0.08961710233924602,7090.881460591908,C1,NA,NA
0.7325274893624351,0.0898304754148388,7093.064995342363,C1,NA,NA
0.7355357310949843,0.09090310976467265,7092.230924715859,C1,NA,NA
0.7352804116512123,0.08856274836656355,7092.798592862987,C1,NA,NA
0.7364352183540829,0.0905649347936951,7091.131182323655,C1,NA,NA
0.7342415862195256,0.08980151234995129,7094.578962062628,C1,NA,NA
0.7330852769478137,0.0903600088966155,7093.781259308994,C1,NA,NA
0.7346214429102124,0.09016508345587929,7095.29813634679,C1,NA,NA
0.7353131292775525,0.08951072966366354,7096.348655434097,C1,NA,NA
0.7353902722596904,0.09048472685259838,7092.280581916408,C1,NA,NA
0.737783847463364,0.08949687025651962,7090.758727850329,C1,NA,NA
0.7363380041357752,0.08993006116371233,7093.236588229437,C1,NA,NA
0.7348117656592633,0.09090918984107788,7089.392986269453,C1,NA,NA
0.7349477637683923,0.0903485386405839,7091.52746282586,C1,NA,NA
0.738240212509322,0.09021989012478454,7093.427139982881,C1,NA,NA
0.7382790255985353,0.09164875449582394,7086.948320136477,C1,NA,NA
0.7337138123683797,0.09019384455437895,7092.698864496045,C1,NA,NA
0.7384201775492701,0.09068393673811181,7090.908756337709,C1,NA,NA
0.7348404081382854,0.08953202666566754,7093.669552243178,C1,NA,NA
0.7336707739449221,0.09007890419792805,7094.6038843296565,C1,NA,NA
0.736931185287143,0.09003971698765102,7087.914545483447,C1,NA,NA
0.7372559233541878,0.08907188036245867,7090.3945870182115,C1,NA,NA
0.7343332129031007,0.09104636938342253,7091.7043827153975,C1,NA,NA
0.7361079338082538,0.09102569234683124,7092.783690835413,C1,NA,NA
0.7354505194032789,0.090365119773785,7092.35225349173,C1,NA,NA
0.7346269195416446,0.09049011872113939,7094.2092621602105,C1,NA,NA
0.7323737956464441,0.08976676959509217,7088.448192695786,C1,NA,NA
0.7345855085932187,0.0901819967305719,7094.223652735995,C1,NA,NA
0.734976280083984,0.08919282549748721,7088.7052497917375,C1,NA,NA
0.7357983881716883,0.08962126988841308,7093.159489572478,C1,NA,NA
0.7356850502582393,0.08982632736889282,7092.264429782983,C1,NA,NA
0.7354820180248919,0.08910653947618069,7093.006405416122,C1,NA,NA
0.732705661563359,0.08983043934919499,7092.008355613647,C1,NA,NA
0.7352969600270239,0.08943728158585279,7084.873478625557,C1,NA,NA
0.7337627497782384,0.08972809871456977,7093.036886102549,C1,NA,NA
0.7361082291388028,0.09128611077354847,7090.457326751852,C1,NA,NA
0.7353182885106956,0.09100991129661085,7087.574176933754,C1,NA,NA
0.7337710875162959,0.09055251786722436,7092.345340863967,C1,NA,NA
0.7328162960231334,0.08910605498736407,7089.763172138441,C1,NA,NA
0.7338671370166621,0.09041526354991543,7094.062594485776,C1,NA,NA
0.7368838484080594,0.08882544259951283,7088.5707253485325,C1,NA,NA
0.7347208649805248,0.09008575191569707,7091.766892306238,C1,NA,NA
0.7356989905276465,0.09040210375239167,7093.5389167973835,C1,NA,NA
0.7334689935600252,0.08984390917588743,7094.313702451895,C1,NA,NA
0.7368477605516405,0.09032493791491152,7093.763388444144,C1,NA,NA
0.736683271848493,0.08933684060004346,7094.650760255895,C1,NA,NA
0.7360660662823014,0.09031218657252933,7091.027097973805,C1,NA,NA
0.7359610892148716,0.08859706880033438,7090.023155807203,C1,NA,NA
0.7357522599478179,0.08880105202332192,7087.298031075592,C1,NA,NA
0.7375461735910562,0.0899429370133121,7092.8317010661185,C1,NA,NA
0.73658917800746,0.09128321795783599,7087.117181536755,C1,NA,NA
0.7363371769581972,0.08963630246858165,7093.164730325224,C1,NA,NA
0.7367127055873715,0.08986053832015661,7090.137427745027,C1,NA,NA
0.7333469328544504,0.08939393726749208,7091.852024293503,C1,NA,NA
0.7370455527014917,0.09018274090318865,7093.153736962047,C1,NA,NA
0.7367318404631003,0.08995050120661903,7092.326928563717,C1,NA,NA
0.7342343062454054,0.08874441957429438,7090.220192942892,C1,NA,NA
0.7367886982548982,0.0897224695246099,7092.190680589295,C1,NA,NA
0.733654208370606,0.09112380690035407,7092.131146392021,C1,NA,NA
0.7369850128533486,0.08941093028837215,7088.166972691463,C1,NA,NA
0.7379146924638152,0.09010240797367076,7094.1767434763815,C1,NA,NA
0.7354491145508877,0.09029328514436169,7093.756835373179,C1,NA,NA
0.7363204847601783,0.09054958653754018,7094.052171645837,C1,NA,NA
0.7348534417036131,0.09104421048146807,7092.036680175708,C1,NA,NA
0.7368883933436025,0.08951863827326764,7090.8612229997925,C1,NA,NA
0.7364537424924473,0.08834307873439931,7092.532770226159,C1,NA,NA
0.7362756770748021,0.09231694112396457,7090.32962603311,C1,NA,NA
0.73826372402468,0.08918250493303899,7091.154983035519,C1,NA,NA
0.7344328995821088,0.09039325214040399,7093.816364393788,C1,NA,NA
0.7338234366271796,0.08960539685186766,7093.000884689838,C1,NA,NA
0.7369591519881344,0.09096422837885641,7090.580500739449,C1,NA,NA
0.7351165415673088,0.09104639712869278,7093.156096329635,C1,NA,NA
0.7359268566929799,0.08927171211877286,7091.114296771299,C1,NA,NA
0.7327252210597259,0.09045507775141853,7088.367150844825,C1,NA,NA
0.7326321683204898,0.08952914406753584,7088.203866017372,C1,NA,NA
0.7356827629042745,0.09004399634900537,7095.383705150245,C1,NA,NA
0.7343325900620219,0.0891463940565759,7093.81449917219,C1,NA,NA
0.7351054934934255,0.08962734501905728,7090.556510395937,C1,NA,NA
0.7350014584762332,0.08964364931993446,7095.077840750642,C1,NA,NA
0.7341002318450572,0.09000051267208445,7091.960179786844,C1,NA,NA
0.7347973099216031,0.09029689666139562,7091.136654629428,C1,NA,NA
0.7390922725144132,0.09002722636246563,7091.839352021169,C1,NA,NA
0.7339853902921939,0.09087946006678291,7091.438911181574,C1,NA,NA
0.7366022421011438,0.09003648341137971,7088.489561641942,C1,NA,NA
0.7343446969380208,0.09121290586158277,7090.226623719099,C1,NA,NA
0.7347568030943478,0.08865981226659882,7091.128897173901,C1,NA,NA
0.734861574992532,0.08884004599146712,7093.311627735866,C1,NA,NA
0.7361155694217475,0.08988453777937137,7092.621837651662,C1,NA,NA
0.7355922303039706,0.09078095490844783,7090.962479808504,C1,NA,NA
0.7374889136692198,0.09090273700187529,7091.087713907521,C1,NA,NA
0.7352682152748498,0.09056569221078833,7088.05799708538,C1,NA,NA
0.734007756479219,0.09057997823928515,7093.210843835722,C1,NA,NA
0.7374876947813965,0.08912457563996223,7090.232066967733,C1,NA,NA
0.7343326014156076,0.09011781517550693,7089.465791310291,C1,NA,NA
0.7359842488242537,0.0903032719431468,7087.695987013201,C1,NA,NA
0.7371640955028357,0.09110054255318355,7086.779365116251,C1,NA,NA
0.7308802944408406,0.09117899933062924,7090.127860290846,C1,NA,NA
0.7317572565165706,0.08934342607968498,7087.984536910265,C1,NA,NA
0.7339564185776838,0.0901021043457561,7092.281512386906,C1,NA,NA
0.7360326041374545,0.09131052930962738,7088.285805282086,C1,NA,NA
0.7348382987770502,0.09013573134956777,7093.919471559351,C1,NA,NA
0.7329058000798918,0.09017495361414471,7089.977804765694,C1,NA,NA
0.7361388269793613,0.09046800615243211,7088.847317871586,C1,NA,NA
0.7351244521635117,0.09036127873730858,7094.465715823875,C1,NA,NA
0.7376027468797117,0.09020714499785235,7094.024254889636,C1,NA,NA
0.7349078857266217,0.0899780821767731,7092.513250592954,C1,NA,NA
0.7337689621345873,0.09061285359862441,7092.358313739534,C1,NA,NA
0.7355885378729072,0.08977675834795948,7093.116137342529,C1,NA,NA
0.7365996070862271,0.08978399378157176,7091.467418532516,C1,NA,NA
0.7386370459857134,0.08914727406849286,7091.635479659016,C1,NA,NA
0.7366898520186778,0.08976241412636954,7090.103388430908,C1,NA,NA
0.7353673056549694,0.09136718794565199,7092.084176476085,C1,NA,NA
0.7361470688387488,0.08958277580055561,7091.6409375094645,C1,NA,NA
0.7355774663211031,0.09065807608530137,7090.620534132467,C1,NA,NA
0.736294815765653,0.09064322938241513,7090.116595822521,C1,NA,NA
0.737764028449881,0.08986598603602798,7088.764504254409,C1,NA,NA
0.7381471953948766,0.08997473383839782,7087.212452178716,C1,NA,NA
0.7352083172352619,0.08969007822569498,7089.551393517835,C1,NA,NA
0.7351600521460215,0.08972503724179512,7090.566693789226,C1,NA,NA
0.7363277903368851,0.08888625410430485,7093.7261457268805,C1,NA,NA
0.7352449299752876,0.08962924773319844,7094.230210432162,C1,NA,NA
0.7366215837063179,0.08983147894730431,7086.70915436803,C1,NA,NA
0.7351022142614804,0.09018855686823024,7095.22498269076,C1,NA,NA
0.7345841305645587,0.09038231695372366,7093.954906616807,C1,NA,NA
0.7386716975856613,0.08904480534476733,7089.712234363888,C1,NA,NA
0.7350677164718451,0.09010863322913171,7094.098202023706,C1,NA,NA
0.7355616490568475,0.08980482926267248,7095.680619440467,C1,NA,NA
0.7341346127851357,0.08930694263281401,7092.224593706617,C1,NA,NA
0.7338770795708229,0.09043718863852356,7092.644231740413,C1,NA,NA
0.7351972947380268,0.0900582284602616,7094.208785871576,C1,NA,NA
0.7358625097665735,0.09010317697186457,7092.696892748886,C1,NA,NA
0.7368068639781047,0.08930885348812453,7092.733304181066,C1,NA,NA
0.7342762835975346,0.0898569109879206,7085.453744875423,C1,NA,NA
0.7383209275878576,0.09122445020243336,7089.0409873734425,C1,NA,NA
0.7339825341264224,0.09070336528373776,7090.265748743102,C1,NA,NA
0.7347705029514985,0.09215495895498617,7086.775034653748,C1,NA,NA
0.7340526800594194,0.08916385215484329,7092.720960935664,C1,NA,NA
0.7351384643581781,0.09030855356734598,7092.787875348349,C1,NA,NA
0.7356548316069141,0.08967852619183493,7094.537843165837,C1,NA,NA
0.7328607143597572,0.0894072753499217,7091.363759030174,C1,NA,NA
0.7364527172807619,0.08828693689804254,7090.308366950076,C1,NA,NA
0.735887741071817,0.08862083955666167,7091.837153792516,C1,NA,NA
0.7360660770908792,0.09054170221869257,7095.545107182913,C1,NA,NA
0.734882364791277,0.08974291015733092,7093.474800023446,C1,NA,NA
0.7365064272067748,0.09021959877156567,7090.0708058067585,C1,NA,NA
0.7362778942657062,0.09020089637239714,7088.237994934356,C1,NA,NA
0.7372374315144272,0.09037650258284008,7092.924403532649,C1,NA,NA
0.7353920989620905,0.091318807710020225,7091.871363341985,C1,NA,NA
0.7360768118340947,0.08870437245543128,7087.828351328112,C1,NA,NA
0.7352789992888848,0.09051127206346417,7092.388343907305,C1,NA,NA
0.7339339773002181,0.09004966010774612,7092.599511660616,C1,NA,NA
0.735134123065517,0.08967060783552269,7091.42216453449,C1,NA,NA
0.7382930922864175,0.09059537504918283,7089.312963671392,C1,NA,NA
0.7339797989747044,0.09007377353575817,7089.274429934995,C1,NA,NA
0.7365389909134447,0.09040301894717656,7092.158672369212,C1,NA,NA
0.7389132963673207,0.08993366930649105,7088.677726312295,C1,NA,NA
0.7362001366600122,0.08903564390243213,7089.59375147765,C1,NA,NA
0.7376515269177824,0.08988119920027444,7093.085085931565,C1,NA,NA
0.7370571025351103,0.08891628232370295,7089.134377193157,C1,NA,NA
0.7339598079324272,0.08929737676908911,7093.724244130441,C1,NA,NA
0.7353713400497743,0.08906134644066226,7094.523095623497,C1,NA,NA
0.7313012354980463,0.0887685828609689,7088.3467838321985,C1,NA,NA
0.7332632194171776,0.08972585374328988,7089.973019304423,C1,NA,NA
0.7357788880378375,0.09052026194748043,7095.5934509280405,C1,NA,NA
0.7330130197135528,0.09079373844817346,7090.275966066945,C1,NA,NA
0.7357207497505992,0.09044134419302949,7090.489494009789,C1,NA,NA
0.7329170294125831,0.09028321923590729,7090.501726367475,C1,NA,NA
0.7352995246371788,0.08961845103607174,7092.0076291049345,C1,NA,NA
0.7348104148666262,0.09047467409808435,7093.724847094034,C1,NA,NA
0.7326163860779368,0.08966574815375114,7089.864214974604,C1,NA,NA
0.737072605186365,0.09027538479116894,7093.520981719596,C1,NA,NA
0.7333427319907371,0.08955836285906982,7093.819761195641,C1,NA,NA
0.7331388160948117,0.0905406189202884,7093.777192871112,C1,NA,NA
0.7316876040805989,0.09104059975017452,7089.923262530678,C1,NA,NA
0.73677761813979,0.08936028865483575,7090.834138025056,C1,NA,NA
0.7380599205527185,0.09076648906553782,7090.938813234838,C1,NA,NA
0.7375466355584691,0.09060764976519664,7090.597676574093,C1,NA,NA
0.7352426781722589,0.08949791289447333,7094.869360549259,C1,NA,NA
0.7385358988021603,0.0898955656886234,7092.247730383988,C1,NA,NA
0.7342697357662696,0.08995175957197857,7091.409916005544,C1,NA,NA
0.73588633861664,0.08987350302230454,7094.718147912072,C1,NA,NA
0.7347676826041246,0.08813725494801031,7092.016789785014,C1,NA,NA
0.7352632376031176,0.09010131907033261,7088.053318015435,C1,NA,NA
0.7363952167509563,0.09089207623792919,7090.57996078518,C1,NA,NA
0.7357840482539976,0.09041341874256066,7095.757800067573,C1,NA,NA
0.7337862192507513,0.09032310002597042,7092.42558020846,C1,NA,NA
0.7335087107917642,0.08952048298132259,7088.936967184971,C1,NA,NA
0.7354058169588971,0.0903834572812491,7092.043442617476,C1,NA,NA
0.7374072518606681,0.09132593537307726,7086.388878859303,C1,NA,NA
0.7340806511164187,0.0883898970943345,7089.553534830569,C1,NA,NA
0.7345844324259183,0.09029431204268007,7092.896353652926,C1,NA,NA
0.734411391902352,0.0900806259881347,7090.321817775371,C1,NA,NA
0.7357394279527133,0.08924757696187793,7090.330704551548,C1,NA,NA
0.7353341372603256,0.09101645387044865,7093.331470301285,C1,NA,NA
0.7335376222225012,0.09048117127307104,7089.611690929046,C1,NA,NA
0.7350601250312846,0.09095594142924941,7088.836711632184,C1,NA,NA
0.7341104002624639,0.08909482477261073,7094.240167880064,C1,NA,NA
0.7354342467949435,0.0891778118546452,7088.363445375575,C1,NA,NA
0.7376038762464548,0.09023811728389441,7094.225436005672,C1,NA,NA
0.736066834723067,0.08982530368606258,7092.802480391414,C1,NA,NA
0.7354592127188981,0.09053439920538435,7092.228688578957,C1,NA,NA
0.7380522919506216,0.0905696297864968,7090.293262564133,C1,NA,NA
0.7352750423269735,0.08951352474101866,7091.2199499826165,C1,NA,NA
0.7352634756639839,0.09246084367337164,7082.556886804342,C1,NA,NA
0.7355258933236164,0.0900835422648685,7090.427670994306,C1,NA,NA
0.7361510135966907,0.09160165820725782,7091.912141913856,C1,NA,NA
0.7373316348117045,0.08949073549624208,7089.370418777813,C1,NA,NA
0.7371844956427698,0.0901814855229749,7092.92189891905,C1,NA,NA
0.7341407689561802,0.09053432757166843,7092.28778127456,C1,NA,NA
0.7314853382516738,0.08902580677224692,7089.659910771288,C1,NA,NA
0.7360852247239837,0.08812457582896853,7089.591552163,C1,NA,NA
0.7366765338417657,0.08968147959666482,7095.8916687277715,C1,NA,NA
0.7344079335684297,0.09007876402176442,7090.211485530501,C1,NA,NA
0.7347333293258895,0.08986043194272048,7092.506146842426,C1,NA,NA
0.7365364420522023,0.09107946725200954,7090.8559797097905,C1,NA,NA
0.7346900955878013,0.0894673398717421,7093.725665414733,C1,NA,NA
0.7368122047803898,0.08946035637794483,7089.999743649501,C1,NA,NA
0.7336689477647705,0.09078005997381268,7091.194152621187,C1,NA,NA
0.7363392659803621,0.0893768044621982,7092.971733913201,C1,NA,NA
0.7334108614997707,0.08832384284865882,7089.728828736628,C1,NA,NA
0.7369387354211229,0.08932145625951288,7087.738741752522,C1,NA,NA
0.7357272124443468,0.08957574221037554,7090.19152748592,C1,NA,NA
0.7392139219085018,0.09108498359560945,7091.792012771972,C1,NA,NA
0.7353529849003172,0.08877031784886327,7087.198706468508,C1,NA,NA
0.7352526717230812,0.09000497653810945,7093.276414995197,C1,NA,NA
0.7366214473014215,0.09021665397870152,7093.109060107806,C1,NA,NA
0.7393043029639778,0.08999990452364062,7086.91930995585,C1,NA,NA
0.7357789979007205,0.09030638147264901,7092.972258037309,C1,NA,NA
0.7338885249972625,0.08945260395319886,7094.194575375266,C1,NA,NA
0.7351691427977126,0.09034192035062659,7090.183471831209,C1,NA,NA
0.7350232210423032,0.09001114403250632,7090.097502451337,C1,NA,NA
0.7336790711751683,0.09104422162707068,7083.106734565058,C1,NA,NA
0.7346470134882674,0.09054050099119261,7093.508792925465,C1,NA,NA
0.7363398144969597,0.08952766675587925,7087.182901357529,C1,NA,NA
0.736146379290412,0.09027241158322409,7095.285928925067,C1,NA,NA
0.7359529361424954,0.08993910054486792,7094.518503690108,C1,NA,NA
0.7372265243108106,0.0897169310349091,7091.43847675656,C1,NA,NA
0.7343978572474094,0.09008380636895763,7095.36406914844,C1,NA,NA
0.7342598060039087,0.09106443040028082,7089.765666670254,C1,NA,NA
0.7333245018316419,0.09014237962540014,7093.5997253901705,C1,NA,NA
0.736069860046249,0.09056081818695086,7093.229766003216,C1,NA,NA
0.7348398698416599,0.09029208695566093,7095.998191500246,C1,NA,NA
0.7363625325366736,0.08869997204000753,7091.253904790846,C1,NA,NA
0.7345922825708215,0.09156512669497284,7088.861476312424,C1,NA,NA
0.7364992831086631,0.09032907175889976,7089.390189015288,C1,NA,NA
0.7384744633257706,0.08972039990591676,7090.923291649985,C1,NA,NA
0.7334374084188819,0.09105932543072819,7093.178714178239,C1,NA,NA
0.7339912939343372,0.08988985327254727,7093.540893088817,C1,NA,NA
0.7341222690601378,0.08956894220652245,7093.813595673091,C1,NA,NA
0.7348702174416725,0.09012765450869446,7092.795625889976,C1,NA,NA
0.734502223700579,0.08915375859457866,7092.4922580563225,C1,NA,NA
0.7392489959210279,0.090013579133612,7089.717532853882,C1,NA,NA
0.735715391019648,0.09051623905029307,7091.150825728158,C1,NA,NA
0.734355748208208,0.08963627879083713,7095.167564542418,C1,NA,NA
0.7328373471421576,0.09028929019140992,7091.474427727042,C1,NA,NA
0.7347900660804725,0.08905888301126887,7089.340963476226,C1,NA,NA
0.7374511621991331,0.0892973378699832,7087.175243451965,C1,NA,NA
0.7349259563977225,0.09016431212449194,7092.095254939811,C1,NA,NA
0.7344536758091271,0.08991441780640452,7092.695643738466,C1,NA,NA
0.7351818232333237,0.09069817756636281,7090.090231351726,C1,NA,NA
0.733021284015879,0.08937977223661346,7090.315190454015,C1,NA,NA
0.7349794918670757,0.08952752881794894,7089.834269659319,C1,NA,NA
0.7328087364624551,0.08938843440621515,7089.92620110478,C1,NA,NA
0.7316017195141933,0.08952788225827435,7088.034474153773,C1,NA,NA
0.7361953301458058,0.08915815710460859,7094.240165899139,C1,NA,NA
0.7355004410579187,0.09054157860757249,7089.843911445037,C1,NA,NA
0.7385709359561868,0.08915413715241523,7091.21588169034,C1,NA,NA
0.7350482308851742,0.09016536753918102,7090.911468356305,C1,NA,NA
0.7344335498124838,0.08994519846168585,7090.643523506701,C1,NA,NA
0.7333639699952665,0.08992183167734787,7093.494540807189,C1,NA,NA
0.737275005611299,0.08895931831656084,7093.377611217499,C1,NA,NA
0.7367745665099901,0.08962432864508371,7091.785465534136,C1,NA,NA
0.735639702609419,0.09185594800257367,7090.115851086533,C1,NA,NA
0.7378292207437119,0.09191915540918022,7089.162757191019,C1,NA,NA
0.7360268411658426,0.08979644675956558,7094.653124646277,C1,NA,NA
0.7357979931562572,0.0907186561680822,7089.679923958302,C1,NA,NA
0.7366702645502974,0.08955236066435426,7089.912437774781,C1,NA,NA
0.7372442296734479,0.08962121211503395,7090.355626439141,C1,NA,NA
0.7376614152613636,0.09131169812674916,7086.357428688468,C1,NA,NA
0.7336667461342267,0.0899025538463559,7093.329994039802,C1,NA,NA
0.7370191002872685,0.09045391323755464,7087.4776529824785,C1,NA,NA
0.7351621588808623,0.09005750967592976,7089.620474060669,C1,NA,NA
0.7360940776965585,0.09034254821360205,7090.660941578098,C1,NA,NA
0.7339718680284834,0.0904937008121414,7093.384038660818,C1,NA,NA
0.732751687180259,0.091368585573418315,7089.0885612277025,C1,NA,NA
0.7352328272762308,0.09132786673683654,7090.212401090452,C1,NA,NA
0.7337938980996169,0.08992230443342097,7093.521217640167,C1,NA,NA
0.733325189108662,0.09081411734060463,7089.268052737011,C1,NA,NA
0.7354497821446697,0.09119166210461158,7093.290268681961,C1,NA,NA
0.7344621389052703,0.09020024047517786,7089.3777075135495,C1,NA,NA
0.7368491355152871,0.08963106503175972,7091.835085866104,C1,NA,NA
0.7363369340825114,0.09012415492301162,7089.73394411038,C1,NA,NA
0.7358547856650979,0.09138490104159039,7090.888875906505,C1,NA,NA
0.7386269321973004,0.08969607089022708,7093.723565799086,C1,NA,NA
0.7345077260396408,0.09104222355640645,7092.709440785487,C1,NA,NA
0.7351415265232069,0.08922023931558055,7091.923341182331,C1,NA,NA
0.7362280245539745,0.089726174650887,7092.397959120473,C1,NA,NA
0.7367813620152013,0.08967944203934006,7094.365670728956,C1,NA,NA
0.7353596186684752,0.09083827185637368,7090.521317968832,C1,NA,NA
0.7348128182732611,0.09170844838033085,7088.4417361447095,C1,NA,NA
0.7375317129684834,0.08965310372577556,7089.362503958567,C1,NA,NA
0.7365866529718362,0.09166695619612816,7088.753025031953,C1,NA,NA
0.7338963958936754,0.08943103574708776,7091.524690447769,C1,NA,NA
0.7367095020687779,0.08914668369325826,7090.231656598994,C1,NA,NA
0.7349116599252815,0.09049941909570253,7091.773007416019,C1,NA,NA
0.7330189561438147,0.08894533744575453,7091.7435802515365,C1,NA,NA
0.7357566485728355,0.08858250804651907,7088.577284497547,C1,NA,NA
0.7360817519189441,0.0894349637111154,7090.940210918947,C1,NA,NA
0.7336492276720078,0.09028232430237657,7090.408089388012,C1,NA,NA
0.7376961177303518,0.08997097499589683,7092.9657612531355,C1,NA,NA
0.7355788922789767,0.09024777666505819,7090.874007679156,C1,NA,NA
0.736126958147246,0.09035220269527569,7093.964116199278,C1,NA,NA
0.7383914025392184,0.08901900599555723,7090.1328550287735,C1,NA,NA
0.7368173707127886,0.08939140158232484,7090.775606408107,C1,NA,NA
0.7347520675599616,0.089954802375319165,7094.558691369238,C1,NA,NA
0.7355342511269418,0.09001298515448611,7093.572271909121,C1,NA,NA
0.7337129309573255,0.09086279690204346,7090.941742510788,C1,NA,NA
0.7339968404921925,0.0898525156143615,7089.963632347114,C1,NA,NA
0.7356070454269358,0.09120971969437146,7087.285561307471,C1,NA,NA
0.7379681387643022,0.09025725958843801,7093.797863253725,C1,NA,NA
0.7348732489504923,0.08965928182706466,7091.1631746152425,C1,NA,NA
0.7361160062244123,0.08843429422531086,7088.579368846439,C1,NA,NA
0.7336904696452667,0.09024332718147933,7089.728880503991,C1,NA,NA
0.7339279562611485,0.09003639386704343,7092.508645440525,C1,NA,NA
0.7359694338040607,0.09088942730992011,7093.091744894357,C1,NA,NA
0.7364185573575808,0.09089574423717979,7088.739429699347,C1,NA,NA
0.7354665996824546,0.09060552502337586,7091.852270660723,C1,NA,NA
0.7356832564065703,0.09014965658399851,7094.606147178895,C1,NA,NA
0.7358295859000955,0.09053594444216811,7092.548906592474,C1,NA,NA
0.7341335128620577,0.09067345003947867,7094.191141584044,C1,NA,NA
0.7353919207902732,0.09049173991902858,7094.668373203732,C1,NA,NA
0.7360569017432457,0.09028712061595906,7092.90343509821,C1,NA,NA
0.7360965848788664,0.09010064590519862,7086.987605665895,C1,NA,NA
0.7369876980186343,0.08959554648391616,7092.331040085729,C1,NA,NA
0.7358223717522933,0.09063209211426129,7086.386732856222,C1,NA,NA
0.7376192538468282,0.08996954586574278,7089.257120259592,C1,NA,NA
0.7366943677126383,0.09040236581092904,7090.410321129632,C1,NA,NA
0.7347800748724721,0.09042641854846725,7093.0166388366615,C1,NA,NA
0.7336710296664519,0.09049563589875656,7090.42977693071,C1,NA,NA
0.7391524125781109,0.08908173265442437,7091.584252823303,C1,NA,NA
0.73400789319082,0.08811622600652583,7089.355980404,C1,NA,NA
0.7361542759277211,0.0889052947624183,7088.02872217853,C1,NA,NA
0.7369815867997109,0.08975866765656426,7091.667069730578,C1,NA,NA
0.7355295551408745,0.0896511512300523,7089.443466554893,C1,NA,NA
0.733652043534467,0.0908509633522059,7095.05101316182,C1,NA,NA
0.7360685236764221,0.0909593447538386,7094.587703978436,C1,NA,NA
0.734542292984633,0.09080427470935097,7088.695577640023,C1,NA,NA
0.7344972155442502,0.08988242869382773,7091.580885862156,C1,NA,NA
0.7364770958975999,0.08948546251421967,7095.756600962061,C1,NA,NA
0.7335875757153694,0.09033341833564851,7092.9859256625505,C1,NA,NA
0.7352766973886493,0.09081980231014143,7087.613613058914,C1,NA,NA
0.7370841721756036,0.09014939145154677,7093.4402478280535,C1,NA,NA
0.7356617835289044,0.08858141402400924,7085.798504088193,C1,NA,NA
0.7369633370235558,0.09039019634315186,7092.216126400716,C1,NA,NA
0.732364370233137,0.08852654385717397,7086.765758418929,C1,NA,NA
0.7348911340654221,0.0898638898875947,7094.902120230551,C1,NA,NA
0.735444030890179,0.08930013016270888,7091.047595243097,C1,NA,NA
0.7344124144109407,0.09052011926112476,7090.191853672759,C1,NA,NA
0.7356637557160021,0.08892055051036743,7091.025070380708,C1,NA,NA
0.7376709232327504,0.09039229890389618,7092.309671966551,C1,NA,NA
0.7370405949746193,0.09105789282133284,7094.61011639713,C1,NA,NA
0.7372082400368432,0.08970895704585374,7093.6793611544,C1,NA,NA
0.7341552849014324,0.08965880198183415,7092.075111273799,C1,NA,NA
0.7340124723503877,0.09007448525388491,7094.288795856022,C1,NA,NA
0.7339865158291197,0.09060246885568142,7089.679491551076,C1,NA,NA
0.734305043153281,0.0902664538072548,7091.348796612669,C1,NA,NA
0.7347426838038125,0.09068931834809144,7090.6559423578665,C1,NA,NA
0.7329293507319218,0.09067149013951574,7092.791187323248,C1,NA,NA
0.7344836653792594,0.08901009981452557,7088.68737433795,C1,NA,NA
0.7352487736847243,0.08974954992281318,7091.652940798623,C1,NA,NA
0.7359887407767635,0.09080130413181212,7093.569872573992,C1,NA,NA
0.7336539231555307,0.08987297761298517,7092.918094995233,C1,NA,NA
0.736959988357597,0.08999830805833114,7092.372169709077,C1,NA,NA
0.7359697358134306,0.08996292010314307,7091.131811776851,C1,NA,NA
0.7337378171475086,0.09065087140864242,7093.621521873499,C1,NA,NA
0.7359777543679049,0.0906960155095847,7094.474536298427,C1,NA,NA
0.735432824864863,0.0912428985404779,7093.170575486276,C1,NA,NA
0.7367922455929771,0.09034386433211694,7091.865019386579,C1,NA,NA
0.7365184128314088,0.09006095807076131,7094.445319173078,C1,NA,NA
0.7400806417107909,0.09092228337565167,7084.378173504899,C1,NA,NA
0.7350952913080829,0.09020640970079714,7093.945981142077,C1,NA,NA
0.7352999314886237,0.08991182630876363,7095.4673388899055,C1,NA,NA
0.7349528386672856,0.09031532156607196,7094.82346480582,C1,NA,NA
0.7343990741315669,0.08999036620102638,7095.003309565754,C1,NA,NA
0.73332585082225,0.08994593015854721,7092.41626397804,C1,NA,NA
0.7359875910051465,0.09102627776602687,7091.414134445864,C1,NA,NA
0.7355169738943645,0.09067516742083048,7084.64328244356,C1,NA,NA
0.7343668451501495,0.09128805826928543,7090.993929012843,C1,NA,NA
0.736465841106976,0.09040953512453756,7092.810303176503,C1,NA,NA
0.7342659755759671,0.09015261033996573,7094.625567809699,C1,NA,NA
0.7376348933342898,0.08993199621709438,7091.523460352545,C1,NA,NA
0.7345762052895544,0.08944484403240824,7093.248286660425,C1,NA,NA
0.7334745226662771,0.09166112120472064,7091.373130100665,C1,NA,NA
0.7379003233611823,0.08983688980360477,7091.590618540263,C1,NA,NA
0.735917481054495,0.09021885263336524,7089.141885735551,C1,NA,NA
0.7351527632092485,0.08911104235348219,7094.062728474917,C1,NA,NA
0.7348322567974497,0.0900212313509075,7092.10887771805,C1,NA,NA
0.7370004037566156,0.08922847171969442,7090.071978734393,C1,NA,NA
0.7357067467958437,0.08939439951262297,7093.427704108632,C1,NA,NA
0.7351198838953595,0.08991713415650565,7093.537512849041,C1,NA,NA
0.7350326115677769,0.08997958826480315,7091.97284965386,C1,NA,NA
0.7347754295090169,0.0909041986129357,7089.388625333836,C1,NA,NA
0.7344948797667707,0.09062600569860586,7091.195605930962,C1,NA,NA
0.7357362835158453,0.09019752687251562,7093.627853590535,C1,NA,NA
0.7351372688684537,0.09046104921673481,7093.56701267428,C1,NA,NA
0.7360377774902666,0.0906644199623747,7093.5034044451,C1,NA,NA
0.7336711578914736,0.09039931421411072,7094.35634300354,C1,NA,NA
0.7343400196484587,0.09230597301818486,7084.730534140217,C1,NA,NA
0.7351938732690162,0.09027495624677573,7091.697886363626,C1,NA,NA
0.735823484613805,0.09060533583389895,7093.595412915145,C1,NA,NA
0.7364868023062107,0.08965030003303674,7091.1856654634275,C1,NA,NA
0.7369899616831924,0.08954787539971604,7092.278458108656,C1,NA,NA
0.7331078493391803,0.09008303273128215,7093.28751655878,C1,NA,NA
0.7330662307818727,0.08870511264246128,7091.140975141285,C1,NA,NA
0.7360630355354112,0.08933864098361152,7093.500728232652,C1,NA,NA
0.7372530143883778,0.08970294784589898,7092.513778112181,C1,NA,NA
0.7359122195243795,0.09006571214063278,7093.363078546666,C1,NA,NA
0.7360504071585439,0.0899549254493124,7096.0835461611905,C1,NA,NA
0.7346596348703561,0.0912208585200234,7092.879266426531,C1,NA,NA
0.7340616773190619,0.0890842785627418,7090.810076110367,C1,NA,NA
0.7350554172547134,0.08994140351776979,7093.7219984246,C1,NA,NA
0.7381622126539484,0.0896338381947801,7093.173202381073,C1,NA,NA
0.7347814254679066,0.0898251620842527,7095.829633303383,C1,NA,NA
0.7335162539253495,0.09112746094245053,7088.068795134214,C1,NA,NA
0.7372333568242379,0.09050574810115432,7087.827429653777,C1,NA,NA
0.7338287938254966,0.09189020011177554,7088.711976562942,C1,NA,NA
0.7358699486307344,0.08933183046649777,7092.06606336776,C1,NA,NA
0.73442044135496,0.09014499028051653,7091.299213017663,C1,NA,NA
0.7374942690937785,0.09007168210156458,7092.447036339399,C1,NA,NA
0.7345687099999035,0.08896677206410715,7088.1796561629535,C1,NA,NA
0.7354340308938178,0.0910368948800745,7092.600468567209,C1,NA,NA
0.7355242309641864,0.09018060233189154,7092.92214048762,C1,NA,NA
0.7335044546611702,0.09049387629193482,7090.497404923392,C1,NA,NA
0.7335107712088358,0.08993003639395801,7092.776224282282,C1,NA,NA
0.7362894439396409,0.08994240115180513,7092.604376065439,C1,NA,NA
0.7341365587884021,0.09095263111807071,7087.973560635532,C1,NA,NA
0.7358600931272236,0.09125062125373452,7093.3118605347245,C1,NA,NA
0.7335276184221022,0.0899429940435491,7092.283781976758,C1,NA,NA
0.7311512293822414,0.0889884635102483,7085.003792883041,C1,NA,NA
0.7332681213631518,0.09003487237054879,7091.330072976558,C1,NA,NA
0.73651980278403,0.08841309955678543,7089.165438705435,C1,NA,NA
0.7357511846163537,0.0901110116500139,7093.252558271616,C1,NA,NA
0.734111891759198,0.09028939940459565,7094.493934284041,C1,NA,NA
0.7344222812761391,0.09041601827187619,7092.589084352354,C1,NA,NA
0.7343023074635749,0.08972433575775021,7092.113047300886,C1,NA,NA
0.7376748171769575,0.09019689644374279,7086.1851096814225,C1,NA,NA
0.7348479368035274,0.08941522417715689,7091.69574126666,C1,NA,NA
0.7355708709914497,0.09026410603782192,7095.4721744371045,C1,NA,NA
0.7368307103960848,0.0913509720024949,7092.820168565303,C1,NA,NA
0.736316323944043,0.0892182294904492,7093.761371903408,C1,NA,NA
0.7369634240929447,0.08909541189614,7085.20072009951,C1,NA,NA
0.7329863293090936,0.08956470143298476,7093.354364008993,C1,NA,NA
0.7337548422020632,0.08895435506295386,7088.309417894315,C1,NA,NA
0.7356426967639558,0.09009498919277782,7090.710242236951,C1,NA,NA
0.735819241127357,0.09174226725189397,7093.071381852063,C1,NA,NA
0.7324796300819412,0.0889209973290806,7088.577315229578,C1,NA,NA
0.7345740243460175,0.08991066612991325,7086.609387271037,C1,NA,NA
0.7367229119692102,0.09036552724644639,7094.234668813142,C1,NA,NA
0.7378626053701728,0.09132038930790984,7089.541197323219,C1,NA,NA
0.7327157424852588,0.08952713060059804,7090.832558470165,C1,NA,NA
0.7358286999158667,0.09043709983470799,7086.425729047092,C1,NA,NA
0.7348411143509148,0.08999064242393878,7093.3831801279075,C1,NA,NA
0.7325405047975696,0.09145429708530373,7086.389107731827,C1,NA,NA
0.7371268806403447,0.09057128130422967,7093.108832662359,C1,NA,NA
0.733359960730717,0.08995192245190245,7094.725233895696,C1,NA,NA
0.7346790038008697,0.09129163836830753,7089.914396384984,C1,NA,NA
0.738198872267956,0.09027668810987177,7087.787185427591,C1,NA,NA
0.7354554351902095,0.08998988009941328,7093.221792598479,C1,NA,NA
0.7372070018426695,0.08978299774863399,7089.552497510964,C1,NA,NA
0.734552668338176,0.08940936748804154,7091.293241225743,C1,NA,NA
0.7328146958436641,0.08955491897161148,7091.468116501911,C1,NA,NA
0.7360247983499996,0.09069628985955731,7092.45078572549,C1,NA,NA
0.7342824388022986,0.08984507061495893,7092.6957912836815,C1,NA,NA
0.732269598598639,0.08997732547631525,7090.323956148149,C1,NA,NA
0.7373256732244222,0.09034834593511853,7089.7876486101995,C1,NA,NA
0.7362916174736572,0.09121290517912653,7088.859514016777,C1,NA,NA
0.7376783633726062,0.08960166016945018,7092.922265190703,C1,NA,NA
0.7332317789574068,0.09091534833368499,7092.123768072242,C1,NA,NA
0.736173780357707,0.09000866781732039,7092.8005448329905,C1,NA,NA
0.734095837647674,0.08868400571859236,7089.5732417598965,C1,NA,NA
0.7346718718502971,0.08934671017239412,7091.486371986731,C1,NA,NA
0.7357344797736872,0.0898957551640777,7093.92610205,C1,NA,NA
0.7361608399813334,0.08868652143008159,7091.153428592389,C1,NA,NA
0.7372852167809535,0.09047425414813087,7089.958867798477,C1,NA,NA
0.7334981208483814,0.09037135749411589,7089.993549690841,C1,NA,NA
0.7347328119935865,0.09088283254922855,7094.048302404594,C1,NA,NA
0.7343968531585917,0.0905657124962792,7093.634762996501,C1,NA,NA
0.7334538652668778,0.08951227599194927,7091.093591020633,C1,NA,NA
0.7364996366415925,0.08967281637299986,7088.643890418965,C1,NA,NA
0.7341778375478151,0.09024378203471908,7090.355779476322,C1,NA,NA
0.7362001052717498,0.09041395813218595,7095.243361647633,C1,NA,NA
0.7347835449019584,0.09067709348340074,7094.386429133882,C1,NA,NA
0.7360244884460735,0.09003927371739522,7089.263974703973,C1,NA,NA
0.7360746978327354,0.09210835629690117,7083.651461115533,C1,NA,NA
0.7332991828339148,0.09103069341460346,7093.641969723191,C1,NA,NA
0.7358828522235918,0.09047237626658947,7092.399396361915,C1,NA,NA
0.73802788030196,0.08856545625413277,7091.268050092372,C1,NA,NA
0.7319971913632678,0.09085161979660512,7092.656811426629,C1,NA,NA
0.7360122795103132,0.08924799119253661,7091.614830615768,C1,NA,NA
0.7356396481664137,0.09080696753987684,7092.494263144167,C1,NA,NA
0.7365085227961676,0.09017024466716532,7091.816792550245,C1,NA,NA
0.7366402041838218,0.09008444859885156,7090.068823263714,C1,NA,NA
0.735821420598413,0.09122694285461291,7089.551628088231,C1,NA,NA
0.7368315177430744,0.0902566216112801,7092.317914839998,C1,NA,NA
0.7335592956142978,0.0901801335724948,7093.115993289578,C1,NA,NA
0.7340152895376099,0.09039830115835089,7091.57382077973,C1,NA,NA
0.735811895078021,0.08982677728685512,7092.493123518679,C1,NA,NA
0.7359848524638006,0.09020865593505961,7093.046929288096,C1,NA,NA
0.7363721270741755,0.09019922493357277,7093.879724983851,C1,NA,NA
0.7371201298328408,0.08890195043492538,7092.057900824177,C1,NA,NA
0.7340465289052459,0.08975795641962253,7093.530845950169,C1,NA,NA
0.7374857460482734,0.09112247521171696,7092.183808703455,C1,NA,NA
0.7335990110790259,0.08882448885437864,7088.375397093049,C1,NA,NA
0.7366575145631203,0.09136970416002628,7092.313036537699,C1,NA,NA
0.7353386257931762,0.09058717201951505,7090.255701494303,C1,NA,NA
0.7350997894717316,0.09078628121240752,7090.940438444544,C1,NA,NA
0.7351218464606742,0.08900724716174037,7091.130646391888,C1,NA,NA
0.7354727767285961,0.08987360122176305,7091.3647543977895,C1,NA,NA
0.7359057360118116,0.08996983714887039,7092.701737608579,C1,NA,NA
0.7330134582708764,0.08975432411111837,7093.2818532979045,C1,NA,NA
0.735024762184648,0.09025624091666087,7093.285116368185,C1,NA,NA
0.737232269259744,0.08975730632732894,7091.108357353876,C1,NA,NA
0.7347050321136017,0.08987529488441913,7093.880198034363,C1,NA,NA
0.7375866716773839,0.09084658481918415,7092.644273382247,C1,NA,NA
0.7362762339785415,0.08978678131521173,7094.762006368942,C1,NA,NA
0.734402531250514,0.08975751278638507,7086.131979326762,C1,NA,NA
0.7338063975653011,0.08978652642142082,7093.47174847324,C1,NA,NA
0.7364174723687874,0.08901542882558638,7094.709788697814,C1,NA,NA
0.7341801092712769,0.08906783303020352,7090.249349616013,C1,NA,NA
0.7395281577844768,0.08844804109830086,7088.379530537105,C1,NA,NA
0.7360640424378693,0.09067111846780239,7092.016631522409,C1,NA,NA
0.7359927179234632,0.08937136476785526,7091.222760080333,C1,NA,NA
0.7338794641865048,0.08993858368025076,7094.472769927911,C1,NA,NA
0.735941536721694,0.09066637437778234,7089.372007152734,C1,NA,NA
0.7365625855621677,0.09139548242613796,7090.818445350765,C1,NA,NA
0.7357013439956419,0.09029756350021324,7091.536569766198,C1,NA,NA
0.7365915586978133,0.09071826430092292,7090.532734028903,C1,NA,NA
0.7337882020925784,0.0890376788300343,7090.9425516939455,C1,NA,NA
0.7330434564549808,0.09053419948518063,7088.297202696432,C1,NA,NA
0.7346326413484445,0.08986555316129345,7094.528314090712,C1,NA,NA
0.7352323716156361,0.08842915947452518,7090.402081428247,C1,NA,NA
0.734160575551377,0.09114965366601434,7090.4018444143485,C1,NA,NA
0.7317954558958187,0.09138251938848095,7083.838535778312,C1,NA,NA
0.7352250514149662,0.09138366402765308,7088.192074085191,C1,NA,NA
0.7349067142158435,0.09128182421155837,7086.923420917035,C1,NA,NA
0.7345112705756699,0.08881201197474684,7088.5371120119935,C1,NA,NA
0.7368409681232928,0.09264652860980438,7086.067221999657,C1,NA,NA
0.7367569453960476,0.08830268462039617,7088.465154391153,C1,NA,NA
0.7338966530773458,0.09125559516923203,7088.7936397014855,C1,NA,NA
0.7349188385150539,0.0900037058267898,7085.987607446139,C1,NA,NA
0.7336628336299398,0.09008089106877384,7091.630781464004,C1,NA,NA
0.7334837423166474,0.08900314058651117,7091.517187096011,C1,NA,NA
0.7369060182362193,0.08974061317155405,7091.791225798898,C1,NA,NA
0.7359793961548192,0.09094423403543228,7089.919304759279,C1,NA,NA
0.7376407831866041,0.08996961067735088,7089.1993056967585,C1,NA,NA
0.7357140874409449,0.0898658422464908,7093.200622655638,C1,NA,NA
0.7376073218918204,0.08994903645313018,7094.580834507486,C1,NA,NA
0.734805402556867,0.08919623045869234,7090.671528295879,C1,NA,NA
0.7380993862418656,0.08964510544477886,7093.130596966132,C1,NA,NA
0.7355552916115011,0.09027363359314595,7092.913938575288,C1,NA,NA
0.7368520893628463,0.09003114426215314,7093.448037139931,C1,NA,NA
0.7368149747044059,0.09125335460559694,7090.0137556339305,C1,NA,NA
0.733010804517076,0.09041256423716561,7090.26395461303,C1,NA,NA
0.7359910931928957,0.08910328743449784,7093.291149167166,C1,NA,NA
0.7376815546135008,0.08989320001458488,7093.196424631458,C1,NA,NA
0.7346856067844493,0.09051682848397184,7088.453563941708,C1,NA,NA
0.7356319208131377,0.08867919682424218,7093.80752164212,C1,NA,NA
0.7368606810588052,0.09063024659939178,7094.190435754622,C1,NA,NA
0.735105290554844,0.08987418676416056,7093.865126318873,C1,NA,NA
0.7364227825658386,0.09049298164441598,7092.883373929911,C1,NA,NA
0.7344808256988186,0.09137961659946117,7087.5567684981415,C1,NA,NA
0.737142478887399,0.0906491385407185,7093.285722342623,C1,NA,NA
0.7370627461379071,0.09038211143675658,7090.3609784954515,C1,NA,NA
0.7358968846005872,0.08991478005198947,7094.1955642906905,C1,NA,NA
0.7368028091545633,0.0908488065290418,7090.808547870092,C1,NA,NA
0.7370540670319506,0.09033399591858682,7093.285802775344,C1,NA,NA
0.7358646393907178,0.08981353517729138,7095.366798297451,C1,NA,NA
0.7343400846258709,0.09037680948857471,7093.216709319283,C1,NA,NA
0.736038604147269,0.08887622788189783,7089.2573339337305,C1,NA,NA
0.7328463260844508,0.0899334067223048,7092.422805733938,C1,NA,NA
0.7347172727034421,0.0900901007025258,7093.564428034442,C1,NA,NA
0.7345137754498094,0.08955105322495384,7094.029939833426,C1,NA,NA
0.7353763552806011,0.08960358339910923,7094.728833829434,C1,NA,NA
0.7364067452644477,0.09152429084301214,7092.494408038298,C1,NA,NA
0.7353239962276898,0.09113283462644921,7093.617279400841,C1,NA,NA
0.7315045343134501,0.08892823770210537,7090.035614107964,C1,NA,NA
0.7328919373846019,0.09015851929890356,7092.701204862536,C1,NA,NA
0.7366010273847227,0.09081744862025479,7091.692369730572,C1,NA,NA
0.735204070008317,0.0905023675432513,7085.991243744739,C1,NA,NA
0.7350462442495845,0.09139763346554593,7087.769863290577,C1,NA,NA
0.7373304147474833,0.08869888071562385,7093.008048537921,C1,NA,NA
0.7344455010027329,0.08955979064294814,7092.394289752661,C1,NA,NA
0.7347385823754485,0.09061416707892941,7089.225177115516,C1,NA,NA
0.7320066238820655,0.0900873099864381,7091.960408328036,C1,NA,NA
0.7368954157802596,0.09070760410390513,7093.767593456826,C1,NA,NA
0.7327645518422055,0.08914341948920065,7090.845860193824,C1,NA,NA
0.7338045825755405,0.08937527133666316,7091.84735981713,C1,NA,NA
0.7343901089917488,0.09078217558431159,7089.7989027616995,C1,NA,NA
0.7328917871539501,0.08921927225770351,7093.173332797529,C1,NA,NA
0.7330547904957444,0.08980946722343144,7091.167453562207,C1,NA,NA
0.7347298047148326,0.09115403266487172,7093.044132865255,C1,NA,NA
0.7367807529463503,0.08931004320255095,7093.550284746092,C1,NA,NA
0.7339973699245866,0.08924882134231715,7092.0293100545505,C1,NA,NA
0.735081876427557,0.08939290536916705,7090.844057716504,C1,NA,NA
0.7335079827639739,0.0898485853646245,7094.15051028591,C1,NA,NA
0.7352093907411099,0.08955515184751384,7093.602348886688,C1,NA,NA
0.7348566577279502,0.08913558452852542,7091.299743525685,C1,NA,NA
0.7344131117720394,0.08976688626358637,7095.258153558872,C1,NA,NA
0.7358158700572891,0.0892518800005847,7094.14272846635,C1,NA,NA
0.734385973664783,0.09005878806369348,7093.760475017985,C1,NA,NA
0.7357843692865658,0.0891122584711827,7091.368685851448,C1,NA,NA
0.736528981203886,0.09026446482612485,7092.516350432782,C1,NA,NA
0.7349155831710195,0.09005012431450335,7093.954007365983,C1,NA,NA
0.7346385599764346,0.09103303661346104,7092.576606121019,C1,NA,NA
0.7337896479523738,0.09011249923401243,7091.898587953534,C1,NA,NA
0.736484673907525,0.09005472325728389,7092.457814171324,C1,NA,NA
0.738011398709695,0.08942773512142636,7093.102932711353,C1,NA,NA
0.7365206376375185,0.09017117072059871,7090.923111830255,C1,NA,NA
0.7380213814654468,0.08852575340241926,7087.213739393454,C1,NA,NA
0.7386293146980004,0.08925069707817959,7089.953786534849,C1,NA,NA
0.7368938692883806,0.09018419317225887,7091.452038016992,C1,NA,NA
0.7350848575354216,0.08866328637782964,7092.24458937041,C1,NA,NA
0.7350654633665409,0.09016436990219291,7088.769419886945,C1,NA,NA
0.7347226946147613,0.08988058132431645,7093.524793704333,C1,NA,NA
0.7356464208515099,0.0906163672173488,7092.870228843999,C1,NA,NA
0.7351728215630444,0.08971213655141182,7093.660345164559,C1,NA,NA
0.7344740295952217,0.08952545496339441,7092.125219988167,C1,NA,NA
0.7380242901661278,0.08958199779583945,7093.756795273799,C1,NA,NA
0.7355108776237215,0.09122722543854264,7091.969658164127,C1,NA,NA
0.7358065084748819,0.08976514127793009,7096.29043365348,C1,NA,NA
0.7345012635633892,0.08997518063478317,7092.431907227014,C1,NA,NA
0.7316673492464499,0.09009879749737824,7091.903549458576,C1,NA,NA
0.7373745139316769,0.08862152019959993,7089.203540419755,C1,NA,NA
0.7367583990731862,0.09020533534734866,7092.767221424158,C1,NA,NA
0.7345140563298028,0.08943256676761868,7093.809256169944,C1,NA,NA
0.735988798962704,0.0888490280416061,7089.096906398941,C1,NA,NA
0.735229471351133,0.08962440558601414,7090.150025776212,C1,NA,NA
0.734066423077714,0.0906250976818769,7091.074456552829,C1,NA,NA
0.734568984682805,0.0889572763932869,7093.785424004637,C1,NA,NA
0.7364894885147106,0.09106954693792758,7092.112328595823,C1,NA,NA
0.7328564576858682,0.08985077821887502,7092.3991130385275,C1,NA,NA
0.7327735150027507,0.08979890231861021,7091.321240441802,C1,NA,NA
0.7336077561340603,0.09039014528995694,7092.267909450331,C1,NA,NA
0.7368815523564123,0.08996064466219762,7088.686944856664,C1,NA,NA
0.7355271866788474,0.09014012870600335,7094.810026806211,C1,NA,NA
0.7372067174043022,0.09042450446625255,7090.556996050773,C1,NA,NA
0.7367152901592061,0.08973861329384755,7094.051605026814,C1,NA,NA
0.7304826182225661,0.0900733794760436,7087.592109902847,C1,NA,NA
0.7345790334093801,0.09082912800293569,7094.054800366322,C1,NA,NA
0.7351141838108053,0.09016807746772876,7088.887804461032,C1,NA,NA
0.7359719705576339,0.09016951367418852,7094.482367169424,C1,NA,NA
0.736370805106515,0.09001208772249938,7092.05604131212,C1,NA,NA
0.735834861708186,0.08930505834752293,7093.21056134608,C1,NA,NA
0.7348311741448913,0.08984620254030756,7092.539548003131,C1,NA,NA
0.7370468304820347,0.09074168230983728,7089.859166396532,C1,NA,NA
0.7366876961652733,0.0903878413766976,7090.361478621955,C1,NA,NA
0.7382384919677918,0.08924209573809674,7089.334394516609,C1,NA,NA
0.7365417691052917,0.08975159122346293,7093.638556367473,C1,NA,NA
0.7341882460445224,0.0907488910019385,7089.33083631563,C1,NA,NA
0.7336149198949987,0.09015736383881888,7093.976851251144,C1,NA,NA
0.7339054571724881,0.09069882037021612,7090.507041257858,C1,NA,NA
0.7328903856222322,0.08931244982593824,7087.866659921361,C1,NA,NA
0.7344189814768637,0.08972308795429335,7090.0495748452495,C1,NA,NA
0.7362728274964888,0.08835468196258828,7091.401974947591,C1,NA,NA
0.7363017551951686,0.08937284800022485,7092.031297779743,C1,NA,NA
0.7346342984651871,0.09221302067535267,7087.926729622879,C1,NA,NA
0.7327731824142518,0.09135720122448567,7092.076168369482,C1,NA,NA
0.7338847035648252,0.0911583426382584,7092.242562447455,C1,NA,NA
0.736566416832226,0.08822926326530042,7085.789520371372,C1,NA,NA
0.7338556649281439,0.08995819829184135,7094.470242925848,C1,NA,NA
0.7322150572527967,0.08992039564051107,7091.05345385889,C1,NA,NA
0.73852559040641,0.0885171213449505,7085.598522244999,C1,NA,NA
0.7331071941186643,0.09074086283735266,7093.415350178056,C1,NA,NA
0.7336063266986673,0.08978443435088844,7091.101974459681,C1,NA,NA
0.7344947076690727,0.09058344278422198,7091.900285315009,C1,NA,NA
0.7370611612705409,0.08913483706205651,7090.244917205661,C1,NA,NA
0.7354361491036013,0.09120816148700314,7091.114841218863,C1,NA,NA
0.7361672118032228,0.08957010386420579,7094.276040048555,C1,NA,NA
0.7311213534564627,0.08981708049424357,7086.274779387459,C1,NA,NA
0.7365532068417897,0.0905953520661047,7092.101514483882,C1,NA,NA
0.7351297952362864,0.09043014635344798,7090.420110799894,C1,NA,NA
0.7341758142078978,0.08959449943371257,7091.985349508772,C1,NA,NA
0.7327508496220475,0.09105050979890528,7091.767724479776,C1,NA,NA
0.7368328827758988,0.08904401422478328,7091.364731744001,C1,NA,NA
0.7346677415861127,0.08994644402961743,7092.827073352975,C1,NA,NA
0.7376090099768313,0.09017807825114717,7085.865404040941,C1,NA,NA
0.7374535086692409,0.08965849350476203,7092.297434483868,C1,NA,NA
0.7370162220984862,0.09035272922518266,7094.069709907706,C1,NA,NA
0.7353780692425125,0.08974392671379942,7088.646242163945,C1,NA,NA
0.7369329926159652,0.09039002173259202,7092.529681257325,C1,NA,NA
0.7355111918931462,0.08948797058850838,7087.422024969508,C1,NA,NA
0.7342872171921706,0.08952822066430949,7089.762976467254,C1,NA,NA
0.7372839594527536,0.09101073118939339,7092.8629230981805,C1,NA,NA
0.7371447014487302,0.08995430443490966,7093.33897872244,C1,NA,NA
0.7336654446499167,0.08947889312703028,7089.852670934351,C1,NA,NA
0.7383371107350796,0.08918427407081661,7084.983605107874,C1,NA,NA
0.7322221811398716,0.09011772281155783,7091.80934197226,C1,NA,NA
0.7334390636817267,0.09009488547691762,7090.827551196374,C1,NA,NA
0.7369481676136597,0.08881320134062261,7088.252467232184,C1,NA,NA
0.7329387320920119,0.089388642775887,7093.078448726715,C1,NA,NA
0.7369057245967687,0.09256745739657597,7086.011296282718,C1,NA,NA
0.7330349342601964,0.08877625093835573,7090.432922108903,C1,NA,NA
0.7343651569710425,0.09019054241867003,7093.1032278582525,C1,NA,NA
0.7363674300893507,0.08969196189878698,7093.837186864078,C1,NA,NA
0.7362101239628372,0.09168454965026504,7092.321847759182,C1,NA,NA
0.7369002035384017,0.0905409256568942,7093.691676945633,C1,NA,NA
0.7379124456832509,0.08944698621875122,7092.4193216839485,C1,NA,NA
0.7311609145348694,0.08879668296342942,7090.112326008808,C1,NA,NA
0.7337620217563482,0.0897059178914589,7089.450922943607,C1,NA,NA
0.7364320297656668,0.08959577292760862,7092.7826881764395,C1,NA,NA
0.7336345884367992,0.09113178841195772,7090.390714056379,C1,NA,NA
0.7352496423010151,0.0902930745735439,7089.286182430728,C1,NA,NA
0.7369709192915426,0.08981579959508221,7093.573269344889,C1,NA,NA
0.7336958269127991,0.0895571147866106,7094.974908450553,C1,NA,NA
0.7357758750995885,0.09001455123482036,7093.692329516267,C1,NA,NA
0.7355358334192583,0.08985574662207008,7088.364800685713,C1,NA,NA
0.7358480302315549,0.0900484869324363,7091.536368603916,C1,NA,NA
0.7340353468834875,0.0903705839482975,7093.652501741479,C1,NA,NA
0.7356115967079423,0.08948810520241775,7089.228838564167,C1,NA,NA
0.7386053636769979,0.0914277864904067,7087.215417621956,C1,NA,NA
0.7353800386272761,0.08951339723916983,7091.721286416337,C1,NA,NA
0.7339311111088824,0.08887303145567385,7089.738309661558,C1,NA,NA
0.73401067914943,0.09115252351773126,7088.601742079235,C1,NA,NA
0.7357033331383792,0.08969778694580918,7095.5248407500385,C1,NA,NA
0.7352729291752846,0.09048454343732798,7093.742779124161,C1,NA,NA
0.7365549159655497,0.0897005442712113,7091.155034482282,C1,NA,NA
0.7388553941850026,0.0898722517605979,7092.424637916276,C1,NA,NA
0.7372640769434952,0.09066787160616546,7090.773258702858,C1,NA,NA
0.7341466501738128,0.09058115651403074,7090.991654001606,C1,NA,NA
0.7345842673864793,0.08993626856251183,7094.246855958133,C1,NA,NA
0.7377680146149999,0.08937217977651153,7091.22112650759,C1,NA,NA
0.7366363143502581,0.0889116602334393,7092.034618765372,C1,NA,NA
0.7374431520041043,0.08892210175607047,7089.3484071467565,C1,NA,NA
0.7331205949764141,0.09108039480854528,7093.263340377439,C1,NA,NA
0.735963810298317,0.09076857483344516,7087.7546225786155,C1,NA,NA
0.7322714900617604,0.08989595580657499,7092.60868072438,C1,NA,NA
0.7339293285756826,0.09035926419940894,7091.205812806802,C1,NA,NA
0.7358941912875083,0.0897125165897156,7092.633298754872,C1,NA,NA
0.7367804618225668,0.08937692659091959,7091.582926376501,C1,NA,NA
0.7357630592692885,0.09196724208595053,7090.154327417022,C1,NA,NA
0.7339337359560086,0.09105478939994227,7093.5115825324565,C1,NA,NA
0.7351346369941179,0.09135717621513335,7089.687990817565,C1,NA,NA
0.7325317575562955,0.08963453037512643,7090.399811278789,C1,NA,NA
0.7315213564906947,0.08953397615098864,7088.61043029466,C1,NA,NA
0.73481600876754,0.09103573667108128,7087.224725651028,C1,NA,NA
0.7352205023923483,0.09115925576672082,7091.90125247425,C1,NA,NA
0.734508293654805,0.09041704806985315,7092.289923580442,C1,NA,NA
0.7341282929462761,0.08786887951025843,7084.006305331671,C1,NA,NA
0.7365011993397031,0.08854464480888949,7088.087007446864,C1,NA,NA
0.7345657794838039,0.08968413635595926,7094.507517557474,C1,NA,NA
0.7335626807399485,0.08992961067760064,7086.543088933563,C1,NA,NA
0.7362376606622427,0.09035197447403218,7091.800907501666,C1,NA,NA
0.7312319826640042,0.09097399998433059,7087.762251781017,C1,NA,NA
0.735834641931738,0.09021349413298274,7092.854559534322,C1,NA,NA
0.7344621546315686,0.08941566265885706,7090.733273156344,C1,NA,NA
0.7377756118803992,0.09002223625809803,7088.885259729428,C1,NA,NA
0.7345326782735043,0.09064664494688791,7093.671591423719,C1,NA,NA
0.7363725747552146,0.0880179144028374,7086.451485531876,C1,NA,NA
0.7337361132619253,0.09050192340227162,7091.243291789237,C1,NA,NA
0.7347264959256885,0.09023328440164458,7094.983121997858,C1,NA,NA
0.736622013305063,0.09141649737420493,7092.306493924249,C1,NA,NA
0.7350576546740116,0.08984965350099043,7092.723795348705,C1,NA,NA
0.7298542652388176,0.09002006080793426,7087.8497280366155,C1,NA,NA
0.7354786573632383,0.09002253338827348,7095.318478169179,C1,NA,NA
0.7361443713030218,0.0895384033516629,7090.313503988097,C1,NA,NA
0.7367753955742802,0.08985270757874464,7094.2783346994165,C1,NA,NA
0.7363381604482043,0.09056313247961523,7091.042509177763,C1,NA,NA
0.7322485653216868,0.09090743357474701,7088.373863340923,C1,NA,NA
0.7343712835917651,0.08983890191031466,7089.698386198794,C1,NA,NA
0.736176355488604,0.09040573173057702,7092.223386553359,C1,NA,NA
0.7362223508008806,0.08972104285760577,7094.082732541423,C1,NA,NA
0.7363291680312435,0.09083561392050966,7091.20112875115,C1,NA,NA
0.7354723308974328,0.0911798350490132,7092.039202816514,C1,NA,NA
0.7372124226679937,0.09121625088489774,7087.419670142419,C1,NA,NA
0.7373016940368003,0.08929133178335807,7093.475501775314,C1,NA,NA
0.7357739031810874,0.08946260822039709,7092.954795898403,C1,NA,NA
0.7332091933458229,0.08974843007734518,7091.353182809603,C1,NA,NA
0.7334015088766683,0.08994966813637732,7090.682183886113,C1,NA,NA
0.7380520279492151,0.0900953769577645,7093.011691397566,C1,NA,NA
0.7360458059516105,0.09034616084042087,7093.9391461306595,C1,NA,NA
0.7351053533087942,0.0889713361080778,7093.39635081833,C1,NA,NA
0.7356308938068383,0.08970670288146582,7086.769312713464,C1,NA,NA
0.7347088447086644,0.09003904241529981,7092.715995462098,C1,NA,NA
0.7358588224144677,0.08976591880952214,7091.035003710785,C1,NA,NA
0.7355493150000991,0.09080690508738347,7093.036139136331,C1,NA,NA
0.7366308824722932,0.0891767224719245,7094.996887531106,C1,NA,NA
0.7373779492009078,0.0893086861517392,7093.608788531641,C1,NA,NA
0.7369981285034931,0.08917328691672505,7090.80214140252,C1,NA,NA
0.736236395762345,0.08991360636308524,7094.466348613169,C1,NA,NA
0.7360189935213439,0.0894978754468858,7090.588265861775,C1,NA,NA
0.7342825875710747,0.09025782273213268,7092.690533853692,C1,NA,NA
0.7364856486364585,0.0886762323182312,7090.099383382395,C1,NA,NA
0.73513136922433,0.08884480025833344,7086.037917350983,C1,NA,NA
0.7345694957911689,0.08977825291494644,7091.280631819448,C1,NA,NA
0.7363736563174118,0.09011031164749828,7091.801604455707,C1,NA,NA
0.7386274616939886,0.09023750240371288,7089.534387116665,C1,NA,NA
0.7342530650080457,0.09032553723757171,7093.911282737204,C1,NA,NA
0.7382341583724905,0.09047308293129053,7093.029537001707,C1,NA,NA
0.7349268012184447,0.08992374499035094,7092.141874196328,C1,NA,NA
0.7369082725342868,0.09180061047776815,7088.469375540807,C1,NA,NA
0.7373747664077057,0.090310016001895893,7092.967069105026,C1,NA,NA
0.7347114896834216,0.09016556471066929,7092.699337301611,C1,NA,NA
0.7346693297531353,0.09156695555202309,7090.068059305865,C1,NA,NA
0.7369580041692566,0.09045707545036424,7093.602262530498,C1,NA,NA
0.7322362185464975,0.09112481995425462,7090.328929902017,C1,NA,NA
0.735971032132723,0.08998611435983662,7094.6280974003585,C1,NA,NA
0.7357179579270514,0.08931516113395188,7090.349786642252,C1,NA,NA
0.7361793989888796,0.08961332723347608,7090.443050993856,C1,NA,NA
0.7366649541361368,0.09005640421523387,7082.771953264214,C1,NA,NA
0.7368377871826385,0.08956887481082206,7094.349220887388,C1,NA,NA
0.7355444249595777,0.09023177151348484,7093.386468808301,C1,NA,NA
0.733964552136295,0.08979830067673544,7094.82098542218,C1,NA,NA
0.7363356147976364,0.09137635884162347,7089.270323705165,C1,NA,NA
0.7351818507854667,0.08867942187972722,7091.492328831973,C1,NA,NA
0.7350665371698559,0.09046328903311072,7093.126257134863,C1,NA,NA
0.7353472743495859,0.09175027706613333,7089.48324874634,C1,NA,NA
0.7377005141075427,0.0882606670522828,7088.673316494569,C1,NA,NA
0.7324580195926773,0.09116654666828843,7088.864129435013,C1,NA,NA
0.7384825389785217,0.08912607395728256,7091.367197214799,C1,NA,NA
0.7328370786045257,0.08989241180410545,7094.20708071827,C1,NA,NA
0.7336194804442422,0.0912032407628356,7091.821275935273,C1,NA,NA
0.7374342761098572,0.09041276281381994,7090.251502508874,C1,NA,NA
0.737743405445004,0.09053608049066544,7090.868116882135,C1,NA,NA
0.7346278110267092,0.08973330999572814,7093.459405475418,C1,NA,NA
0.7342795999347327,0.09071753327441132,7093.73288760711,C1,NA,NA
0.7362306294796264,0.08853303115876253,7087.149697318717,C1,NA,NA
0.734378999102605,0.0903235570371273,7095.283541816072,C1,NA,NA
0.7325084840861859,0.09038913655420434,7093.662468308063,C1,NA,NA
0.7329954076916312,0.09020832422391217,7092.546056614502,C1,NA,NA
0.7334501542933239,0.09212843429661692,7085.500368491404,C1,NA,NA
0.7346204204218175,0.09035307640546177,7091.993495798053,C1,NA,NA
0.7354560108412733,0.08979088707199451,7091.072465917285,C1,NA,NA
0.7375156110691651,0.0892845813862225,7093.063072765397,C1,NA,NA
0.7299655302554625,0.09016766079300602,7087.273708621442,C1,NA,NA
0.7366487806217074,0.09155550153867002,7086.0191496798825,C1,NA,NA
0.735842400468896,0.08996353597805967,7095.553512377651,C1,NA,NA
0.734388849733407,0.08946700218141926,7094.784401129083,C1,NA,NA
0.7320628162126049,0.08935105858916062,7093.072544940778,C1,NA,NA
0.7357988703642575,0.09107323937713678,7093.650037184373,C1,NA,NA
0.7359993399739599,0.09002558326096395,7094.008296407818,C1,NA,NA
0.734434689604529,0.09076649606077672,7093.322988117216,C1,NA,NA
0.7366341773673648,0.09145847154395884,7090.221009487563,C1,NA,NA
0.7341369382115351,0.09103571222706619,7088.865076200374,C1,NA,NA
0.7332254463075324,0.08893504743099107,7085.798858898745,C1,NA,NA
0.7337101278480715,0.0896233874112551,7091.442552702031,C1,NA,NA
0.731853684908641,0.08911575782809505,7086.434069398859,C1,NA,NA
0.7363123459793302,0.0900093898244647,7093.193137126301,C1,NA,NA
0.7352705284605905,0.0911502236736578,7091.309907685321,C1,NA,NA
0.7369025612672654,0.08975580584163033,7090.848471300454,C1,NA,NA
0.7330131495883265,0.0907869266238051,7091.411679143193,C1,NA,NA
0.7338618996627523,0.09009714137352207,7094.971548146783,C1,NA,NA
0.7348067801071682,0.0889654910953732,7092.274944720921,C1,NA,NA
0.737226004935907,0.090138589469269,7094.612694775798,C1,NA,NA
0.7323694011063848,0.08994673140955166,7092.164148141412,C1,NA,NA
0.7369711944912956,0.09115821691207941,7088.4228193976705,C1,NA,NA
0.7362302851141088,0.09074078732229984,7092.220749279137,C1,NA,NA
0.7367303757491411,0.09021526251677318,7091.023543262483,C1,NA,NA
0.7359744590857225,0.08851371255753256,7093.440154290822,C1,NA,NA
0.7339315407728769,0.08984224436068136,7091.857772132865,C1,NA,NA
0.7334915433482824,0.09045647355957301,7091.0934658599135,C1,NA,NA
0.7350296235907922,0.09024469045365294,7092.6228632487855,C1,NA,NA
0.733786269262672,0.08981268590397512,7094.0798558627885,C1,NA,NA
0.7352241346607015,0.08978595562437369,7094.606322862762,C1,NA,NA
0.7355420091597239,0.08976659415215034,7093.934712003248,C1,NA,NA
0.7353363109679554,0.08892019492769132,7091.968098484653,C1,NA,NA
0.734172125373513,0.08959948610262981,7091.951287647466,C1,NA,NA
0.7380969554812669,0.0910641693805436,7090.175180124232,C1,NA,NA
0.7342834549171707,0.09018560213852596,7091.662437740227,C1,NA,NA
0.7384997030118624,0.09043132132315657,7091.46164969295,C1,NA,NA
0.7362361117830561,0.0907709946732713,7090.108612994823,C1,NA,NA
0.7350231295040868,0.09184046493715953,7086.47731892247,C1,NA,NA
0.7366821175446031,0.08832763789010978,7088.436323949597,C1,NA,NA
0.7359647293485019,0.0890680328325237,7090.887667676254,C1,NA,NA
0.7346522353629491,0.08984262474099325,7092.958175487785,C1,NA,NA
0.7344199166066766,0.0909057695841922,7091.666299897743,C1,NA,NA
0.736835866918028,0.08884397224890511,7093.592337303273,C1,NA,NA
0.737758181783366,0.09060403300410433,7092.172347506569,C1,NA,NA
0.7342494900220939,0.09005527017447328,7093.401748327081,C1,NA,NA
0.7345062418718348,0.09040601980102297,7091.681781521153,C1,NA,NA
0.7342958394257079,0.09010791639734832,7094.174789604337,C1,NA,NA
0.7357530463003502,0.0906197087903441,7092.039540636386,C1,NA,NA
0.7363881024798549,0.08993395090993318,7090.526028049562,C1,NA,NA
0.7361693930949935,0.08821553670746615,7090.45385762676,C1,NA,NA
0.7343945713056099,0.090651768757471,7093.5024252851335,C1,NA,NA
0.7341510207670939,0.09093497792041946,7092.426639906732,C1,NA,NA
0.7352230290648191,0.08938842884038817,7092.6548860083885,C1,NA,NA
0.735078451344136,0.08995508687647426,7095.335697872597,C1,NA,NA
0.7335556696937396,0.09024703792547498,7089.338350791798,C1,NA,NA
0.7367692227684235,0.09175962529668312,7090.732910446972,C1,NA,NA
0.7343501122592657,0.09023759441971188,7093.146936259155,C1,NA,NA
0.7342128711199243,0.08947032510044689,7094.956544996868,C1,NA,NA
0.7362191769503063,0.08970528196024449,7089.8680113603195,C1,NA,NA
0.7368211745361479,0.09188655034637613,7086.908527574309,C1,NA,NA
0.7406935127789571,0.09168063376500435,7086.963295786478,C1,NA,NA
0.734268884206751,0.08967216897727376,7091.993503031716,C1,NA,NA
0.7353176568069172,0.0894910279596322,7092.9145560936,C1,NA,NA
0.7343221371227765,0.08951806080608277,7094.064675441066,C1,NA,NA
0.7326111581295954,0.08944869411162128,7089.72644757764,C1,NA,NA
0.7334717391320192,0.08903019856453337,7089.854055764906,C1,NA,NA
0.7360461707470637,0.09180344471541328,7090.350090964472,C1,NA,NA
0.7355591866808382,0.08847115969252493,7089.2218443871325,C1,NA,NA
0.7376145260071096,0.08989391288119336,7087.226489007615,C1,NA,NA
0.7351456377415856,0.09058187155037314,7090.774638032562,C1,NA,NA
0.7341418264609423,0.08964291967445041,7092.345311420082,C1,NA,NA
0.7330341036184528,0.08963315597257834,7090.931336408458,C1,NA,NA
0.737051103891659,0.09024007755502331,7090.788000324051,C1,NA,NA
0.7350621711391282,0.09002442540079146,7094.853143330687,C1,NA,NA
0.7356780962054381,0.08987518853801502,7094.023118691896,C1,NA,NA
0.7350997222782324,0.08974333285088834,7088.66639364315,C1,NA,NA
0.7377629870966316,0.08931221239983445,7092.17554132999,C1,NA,NA
0.736115483092456,0.08883150417961837,7090.147611336764,C1,NA,NA
0.7317074698470938,0.09045649493587263,7090.845178831433,C1,NA,NA
0.7328328593545104,0.0911653750976236,7089.476553077993,C1,NA,NA
0.7341355089631376,0.08947103922191087,7091.590691411687,C1,NA,NA
0.7327572203658534,0.0898671069596791,7090.820015735922,C1,NA,NA
0.7373120683106174,0.08885155032512208,7088.951681037577,C1,NA,NA
0.7369417220050812,0.08906068290206162,7092.655523232712,C1,NA,NA
0.7351508249445692,0.08859904685209795,7091.351319158541,C1,NA,NA
0.7384567302468065,0.09082799280568055,7091.783018487111,C1,NA,NA
0.7365497601259354,0.08974856423848157,7088.742757881907,C1,NA,NA
0.7363591089358168,0.0899865647812683,7092.845514476286,C1,NA,NA
0.7343282878723564,0.09090217313681001,7092.4663842344335,C1,NA,NA
0.7345426382140396,0.0912166599897781,7092.091621900785,C1,NA,NA
0.7345490348303274,0.09051331143822758,7093.817744165601,C1,NA,NA
0.7368770607770777,0.09017103872943465,7092.755383164139,C1,NA,NA
0.735689777588551,0.08907603528652952,7092.095070231802,C1,NA,NA
0.7347511954109882,0.09171073360537135,7090.250522659816,C1,NA,NA
0.7379507755906541,0.09180576146602197,7089.213692651169,C1,NA,NA
0.7344909933280538,0.0900558419854984,7092.718678956522,C1,NA,NA
0.7380172564191168,0.08825632270191741,7086.77788860267,C1,NA,NA
0.736840253740637,0.0888470533854108,7091.775640886337,C1,NA,NA
0.7328069356842768,0.08955997245989873,7087.366176970924,C1,NA,NA
0.7365837280785196,0.0902343836042035,7090.129311258681,C1,NA,NA
0.7343761971028739,0.09042419902987363,7092.0865631486795,C1,NA,NA
0.7350666362024897,0.09084965880889022,7090.492516088913,C1,NA,NA
0.7337365018824353,0.089910232301137,7091.637407628605,C1,NA,NA
0.7344924509781466,0.08987856543887648,7095.5501491938185,C1,NA,NA
0.7364850513020214,0.09036876192607497,7093.0568487094915,C1,NA,NA
0.7349673427599169,0.08839751755802121,7087.528599719636,C1,NA,NA
0.7330350764259351,0.08934828394050418,7091.14100375506,C1,NA,NA
0.7377356030371643,0.09063112443597701,7092.422127815594,C1,NA,NA
0.7341676852767219,0.08912655115440703,7093.3089019241415,C1,NA,NA
0.7335211126126521,0.09072133132580178,7093.200019287532,C1,NA,NA
0.7359131514020113,0.09081588520103978,7092.69476948115,C1,NA,NA
0.7352562194378655,0.08942413940343022,7092.735089099943,C1,NA,NA
0.7362128271288584,0.09024877281283149,7090.626795952955,C1,NA,NA
0.733325677080693,0.09018569304313524,7091.268973436064,C1,NA,NA
0.735880045262704,0.09065361608286959,7095.225641046528,C1,NA,NA
0.7331247958477669,0.08973060603227537,7093.386007028502,C1,NA,NA
0.7383990963683973,0.09023414431333715,7086.595479026793,C1,NA,NA
0.7362211949969054,0.09018887191150529,7094.650685892034,C1,NA,NA
0.7339406701751638,0.08996291706017462,7091.65385997472,C1,NA,NA
0.7350901984119653,0.09134375229217359,7090.5406426281525,C1,NA,NA
0.7349586932055016,0.0912433865818554,7090.777532808009,C1,NA,NA
0.7369563940908594,0.08971575879273656,7092.37021403641,C1,NA,NA
0.7345288797813126,0.09138307143624959,7086.928785831202,C1,NA,NA
0.738844216401129,0.08835271915200685,7086.06652060219,C1,NA,NA
0.7340265724965958,0.08998301216987256,7090.388126994388,C1,NA,NA
0.7352865958770112,0.0881809744105476,7089.581428092935,C1,NA,NA
0.7394892689184217,0.08924967707272663,7091.486785760504,C1,NA,NA
0.7371954651667152,0.09126944516763782,7090.604824141375,C1,NA,NA
0.7341043171644616,0.09128815765461666,7091.868114109301,C1,NA,NA
0.7326508800055683,0.09001589039450461,7091.279143853479,C1,NA,NA
0.7339015855522864,0.09075894101070925,7089.017267554208,C1,NA,NA
0.7331669213335507,0.09012570502036527,7091.857819781357,C1,NA,NA
0.7328158787033527,0.0908427392146838,7092.332752314154,C1,NA,NA
0.7351735513599722,0.0907059699742735,7094.163692467522,C1,NA,NA
0.7315398736730715,0.08819258480143877,7087.037662089306,C1,NA,NA
0.735948532714471,0.08983731855870426,7092.898097781526,C1,NA,NA
0.7333129445809707,0.08934222476988647,7089.789713227753,C1,NA,NA
0.7379090399570424,0.09033556299986992,7088.703707625354,C1,NA,NA
0.735697514018055,0.09033684404452404,7092.561007435864,C1,NA,NA
0.7330184270326198,0.0899004736553494,7092.862047246788,C1,NA,NA
0.7351729642436435,0.08955797572492492,7091.370999536786,C1,NA,NA
0.733482661487415,0.09001983230412776,7091.1985395370375,C1,NA,NA
0.73298504203589665,0.0906455381951097,7091.074173427821,C1,NA,NA
0.7368411352704141,0.08974590326464363,7096.0758504000905,C1,NA,NA
0.7348119052000849,0.08924225774690098,7091.466461848646,C1,NA,NA
0.73576511899613,0.09092357761291596,7089.805762158676,C1,NA,NA
0.7340068000005243,0.09022109852007876,7094.605473550062,C1,NA,NA
0.7359976164861914,0.09069782963484978,7091.179753555662,C1,NA,NA
0.7361119344923068,0.09007341244708433,7092.6089594375135,C1,NA,NA
0.7344514061735773,0.09042550106894033,7088.713211357698,C1,NA,NA
0.7344162516648495,0.08916392985680831,7090.5815549911285,C1,NA,NA
0.7341641535882234,0.08989107956356511,7094.268295343242,C1,NA,NA
0.7382568584594621,0.08980321133689562,7091.13784730949,C1,NA,NA
0.7353851918359587,0.09100642436069036,7091.624101009428,C1,NA,NA
0.7334067452392553,0.09148653059599862,7088.286158080367,C1,NA,NA
0.7335648538804576,0.08924952080139602,7092.749469491762,C1,NA,NA
0.7340684696468153,0.0894308721518078,7094.534954825383,C1,NA,NA
0.7374988950524985,0.09020609098528919,7091.486898782181,C1,NA,NA
0.7345090017231258,0.09034207819352978,7092.3667989079295,C1,NA,NA
0.7344471942517431,0.08926995999458032,7090.289095246304,C1,NA,NA
0.7343348546504945,0.09010466574538012,7094.208422194708,C1,NA,NA
0.7359226711807951,0.08963560683914816,7095.181714281615,C1,NA,NA
0.7372172281615382,0.08998240187426917,7095.0591281626175,C1,NA,NA
0.7366162290028965,0.09098919373049683,7093.799443494217,C1,NA,NA
0.7353467121644475,0.09000937236412722,7096.003616170591,C1,NA,NA
0.7375733509873417,0.09049778773543855,7088.441805785948,C1,NA,NA
0.73495603559798794,0.09058297617417581,7093.4935345554,C1,NA,NA
0.7370420580165464,0.08998354355904502,7094.094376814508,C1,NA,NA
0.7366728082787362,0.08979048458672272,7090.724135346276,C1,NA,NA
0.7361535728661708,0.08912171972302978,7094.189861010466,C1,NA,NA
0.7343537203779007,0.089563817365399,7094.042394191868,C1,NA,NA
0.7352971531396835,0.08907314198998731,7093.67856186128,C1,NA,NA
0.7376137679072082,0.08938965149469359,7088.734038749685,C1,NA,NA
0.7380124068631958,0.0903382133841747,7092.341614288035,C1,NA,NA
0.739556788581626,0.09009963088920808,7089.706080526418,C1,NA,NA
0.7368958219953428,0.09026664283603379,7093.428239866001,C1,NA,NA
0.7349064541488878,0.08966487865034078,7090.3850933175845,C1,NA,NA
0.7359797964367168,0.09009124606502072,7094.086378600944,C1,NA,NA
0.7345408116938793,0.09016302573255071,7095.004654437016,C1,NA,NA
0.7361624835789164,0.089714275900357,7088.869645468449,C1,NA,NA
0.736149390696212,0.0911369444856675,7088.275915907065,C1,NA,NA
0.7325632525674806,0.09074970967541356,7091.247652634841,C1,NA,NA
0.7333312278284302,0.08942838995825225,7089.042985934372,C1,NA,NA
0.7331479089443589,0.09060542041570306,7091.270389275388,C1,NA,NA
0.7363311326211055,0.08957648610065133,7095.038892192907,C1,NA,NA
0.7369661403129842,0.09035728947004341,7094.159890017672,C1,NA,NA
0.7376691778351642,0.08946779959290531,7090.030482458233,C1,NA,NA
0.7357446634087891,0.09126065929990279,7077.998778509655,C1,NA,NA
0.7323818093697436,0.09088385513020711,7090.767198547081,C1,NA,NA
0.7342465236347894,0.09030677662715261,7093.117005489723,C1,NA,NA
0.7349028615025782,0.09026682473163265,7091.865561229536,C1,NA,NA
0.7315572185706485,0.0906066726026246,7086.53347423032,C1,NA,NA
0.7356778026934728,0.09073889610187216,7091.9340465979185,C1,NA,NA
0.7337379334527008,0.09113715283915914,7090.11299531401,C1,NA,NA
0.7367084134171894,0.08973741779406069,7088.815765543109,C1,NA,NA
0.7364497769015093,0.08996374872001013,7094.717021851444,C1,NA,NA
0.7371970018073392,0.09069081844632901,7087.020833337181,C1,NA,NA
0.7364645883517317,0.08958069045547262,7094.579871522259,C1,NA,NA
0.7349105553135284,0.08987067446184968,7089.966065454727,C1,NA,NA
0.7335201889336992,0.08948326962053436,7087.584199694793,C1,NA,NA
0.732079339975708,0.09012078900223366,7088.8055079319765,C1,NA,NA
0.7348979136771138,0.09098779100069286,7093.050267116428,C1,NA,NA
0.7361980351469727,0.09037419222695403,7091.596607684503,C1,NA,NA
0.7336963998081802,0.09040436626337085,7089.660229853903,C1,NA,NA
0.735236719689342,0.0899028307701568,7087.675081688427,C1,NA,NA
0.7336174320642365,0.08950313010615513,7092.213457981301,C1,NA,NA
0.7372181280011619,0.08981002437653192,7092.663970289858,C1,NA,NA
0.7358882896195377,0.08991099620062018,7093.74651406717,C1,NA,NA
0.7359403712805295,0.09129269136911895,7093.0095915571665,C1,NA,NA
0.734750890007479,0.0916524801224273,7091.75447755785,C1,NA,NA
0.7353415486397524,0.08979878730415002,7094.425002778339,C1,NA,NA
0.7364820516892521,0.08998748789563125,7092.555577398507,C1,NA,NA
0.7363104208682162,0.09121774741272778,7090.788705582316,C1,NA,NA
0.7369253960878961,0.0899418314751407,7093.310507049062,C1,NA,NA
0.7331613094920885,0.0907283407752481,7094.1307486916485,C1,NA,NA
0.7318105618131509,0.09036597785586437,7092.737903633066,C1,NA,NA
0.7353674018958141,0.09086828905966363,7092.064676225003,C1,NA,NA
0.7385505784566762,0.08998302048692951,7087.793798791766,C1,NA,NA
0.7360578081651035,0.09085653294600685,7094.835484342025,C1,NA,NA
0.738037399516434,0.08870897721131955,7091.9740829154025,C1,NA,NA
0.7369308864520766,0.08980555097061022,7091.716018351577,C1,NA,NA
0.7366196551224453,0.08979917762972928,7092.302146708841,C1,NA,NA
0.7339596632119731,0.08914811790532498,7091.496402879982,C1,NA,NA
0.7405665147801763,0.08960396420123978,7084.955209554423,C1,NA,NA
0.7347485026719299,0.08905631467370148,7089.789398138368,C1,NA,NA
0.7342628741085897,0.08916967001973808,7093.320520936717,C1,NA,NA
0.7336688605089906,0.09064149749861719,7091.239628400585,C1,NA,NA
0.7391902581596205,0.09050860054097637,7090.231343424409,C1,NA,NA
0.7351658979128415,0.09076819893054455,7092.2303146254835,C1,NA,NA
0.7337471769617718,0.08877664472531954,7087.504304600395,C1,NA,NA
0.7359266291021938,0.08845575188004287,7088.36993601344,C1,NA,NA
0.7334227416481545,0.08908063692679614,7092.743661783858,C1,NA,NA
0.7363928274615399,0.089658683402168,7093.593306839757,C1,NA,NA
0.7345993672510414,0.08954403670460878,7092.088132634774,C1,NA,NA
0.7319046807440519,0.0895407602152323,7092.2056846459145,C1,NA,NA
0.7350606167145215,0.08979185782433693,7093.873528599188,C1,NA,NA
0.7346687797360174,0.08907201232715697,7093.284802009429,C1,NA,NA
0.7358671814053168,0.09016164004557134,7090.603395921353,C1,NA,NA
0.7372545515750132,0.08918818720967935,7091.590136773047,C1,NA,NA
0.7342574938994205,0.08905110065006218,7092.195624280749,C1,NA,NA
0.7381772769543233,0.0898472557292544,7092.253223764095,C1,NA,NA
0.7380374860779632,0.08952480337560847,7088.522510154068,C1,NA,NA
0.7360575921918558,0.09053485109558726,7090.553486385965,C1,NA,NA
0.736476961560285,0.08973554060444394,7094.014366028496,C1,NA,NA
0.735028395703512,0.09032965564931728,7091.911739099945,C1,NA,NA
0.7367635862124027,0.08848997389041374,7090.495082452155,C1,NA,NA
0.7390864025386651,0.08923743641283831,7090.976158537751,C1,NA,NA
0.7334016796156145,0.0896049985871201,7093.306477669597,C1,NA,NA
0.7341510316010169,0.0907780037851399,7093.735595758565,C1,NA,NA
0.7346014303898605,0.09019079014199348,7089.887505237795,C1,NA,NA
0.7370973840069783,0.0908084492420156,7092.567447087821,C1,NA,NA
0.7361170996805089,0.09018822049376736,7091.822725688621,C1,NA,NA
0.7342417435560625,0.08991496947945149,7090.252356571935,C1,NA,NA
0.7344802476648765,0.08912280443448775,7094.719300460992,C1,NA,NA
0.7333782622522321,0.08970971217013635,7089.341614383145,C1,NA,NA
0.7359243111903607,0.08969623701789427,7093.404570714329,C1,NA,NA
0.7341035390751915,0.09092631762200212,7090.471965073604,C1,NA,NA
0.7340076853059514,0.08926292197639818,7089.826957941661,C1,NA,NA
0.7349177070817684,0.08968386381761653,7090.259735064542,C1,NA,NA
0.7346151101708092,0.08955571433766105,7090.968013799953,C1,NA,NA
0.7355067255666888,0.09089546298340834,7089.623392797349,C1,NA,NA
0.7353107577622335,0.09060777299897652,7092.496760898448,C1,NA,NA
0.735068693700257,0.0908673748050651,7095.201389233185,C1,NA,NA
0.7375499290561977,0.09010233875950242,7094.911762285015,C1,NA,NA
0.737022878926451,0.08935533674055056,7090.457155810207,C1,NA,NA
0.7351719829166422,0.08936260306021446,7093.977137444515,C1,NA,NA
0.7350013665096623,0.08927249328819725,7093.762225476619,C1,NA,NA
0.7369611841349598,0.09059180461770254,7089.607467297506,C1,NA,NA
0.7373103843360193,0.08946151363035806,7089.61077328766,C1,NA,NA
0.7347006242530968,0.08973202213543696,7095.514891098963,C1,NA,NA
0.734742820211616,0.08876579885910034,7091.848509140791,C1,NA,NA
0.7376884549444676,0.08989518133252686,7093.589067621802,C1,NA,NA
0.7349384761814268,0.08870262465913023,7091.39291215757,C1,NA,NA
0.7360911708378278,0.09018126649440615,7089.691560262964,C1,NA,NA
0.7381062119133894,0.09002032366323547,7091.7121493181485,C1,NA,NA
0.736912247540898,0.08801086391445084,7090.719137043378,C1,NA,NA
0.7362861035818024,0.08949832907101941,7089.424502555176,C1,NA,NA
0.7351802210121327,0.08933811406847451,7092.866247778212,C1,NA,NA
0.7368188851126078,0.09083782269642571,7092.73139723654,C1,NA,NA
0.7359174810137264,0.09075729091137888,7092.775927507996,C1,NA,NA
0.73510438924529,0.08964535156392643,7089.741668920408,C1,NA,NA
0.7342731755254718,0.0906423607531901,7086.1221372151,C1,NA,NA
0.7374068363839107,0.08993062381544702,7091.85388938782,C1,NA,NA
0.7353111620433986,0.09058777037091569,7094.932105262712,C1,NA,NA
0.7374797972409369,0.08999039918640017,7089.470223651893,C1,NA,NA
0.7375546670897117,0.08981777547355912,7092.128875784038,C1,NA,NA
0.7357939244573247,0.0913086695054484,7088.784347484484,C1,NA,NA
0.7344065285178878,0.09041395196574689,7092.118097359132,C1,NA,NA
0.7336992049168579,0.0887523585560133,7092.514977572168,C1,NA,NA
0.737193979512461,0.0898624704602277,7092.313224920034,C1,NA,NA
0.7374505620741099,0.09134915231314612,7091.537507614106,C1,NA,NA
0.7344249413796319,0.08957776611391882,7092.433115181223,C1,NA,NA
0.7348073699796482,0.08964253438790842,7089.401620530056,C1,NA,NA
0.7350420429706883,0.09077433350871043,7089.736754705122,C1,NA,NA
0.7314289418817845,0.08993023273008602,7088.803066980552,C1,NA,NA
0.7326404417766625,0.08965113102764688,7090.653331531641,C1,NA,NA
0.734279497088834,0.09061986195334314,7090.383509575261,C1,NA,NA
0.7393854596239826,0.08946072545871792,7089.837577634631,C1,NA,NA
0.7382130403686533,0.08991121161742029,7081.764964636997,C1,NA,NA
0.7323032678878935,0.08999561902937195,7091.815892723056,C1,NA,NA
0.7354877831329446,0.09131707945366546,7094.309093973548,C1,NA,NA
0.7356114708785424,0.09050266673258259,7089.272228742895,C1,NA,NA
0.7334231705045048,0.08959504082206957,7088.968161347557,C1,NA,NA
0.7311233494293035,0.0892287846884926,7089.097748261314,C1,NA,NA
0.7372765222892309,0.0893952323702319,7091.510755550365,C1,NA,NA
0.7364971649181058,0.0887970699938852,7090.265103450457,C1,NA,NA
0.7366018920418141,0.08994590645254359,7088.813441213964,C1,NA,NA
0.7360293450111002,0.08940805996158882,7095.041103516417,C1,NA,NA
0.7344406528842853,0.08969910534542891,7095.393515141552,C1,NA,NA
0.735616398943175,0.09054247225592824,7091.474411851543,C1,NA,NA
0.7355503603075845,0.08894574721867214,7089.644512909412,C1,NA,NA
0.7380187978061011,0.09082261439385321,7093.274864790461,C1,NA,NA
0.7335790416520589,0.0897696152730179,7089.519606543105,C1,NA,NA
0.733935059782571,0.0894878485900151,7089.4802026157595,C1,NA,NA
0.7361476684940901,0.08932177529360875,7091.014349611032,C1,NA,NA
0.7341064808301839,0.08982838894814141,7094.320569910703,C1,NA,NA
0.7351873823908133,0.09031211494561363,7093.423705500914,C1,NA,NA
0.7309321851642798,0.08942908464822122,7086.653308177484,C1,NA,NA
0.7366859641058289,0.08961475525772522,7090.95189284485,C1,NA,NA
0.735595851578885,0.090138171283421345,7092.730264697162,C1,NA,NA
0.7349985847096564,0.09097009788392231,7092.275161882367,C1,NA,NA
0.7340007561584166,0.09022770436349149,7095.655015646573,C1,NA,NA
0.7358583650403066,0.08989951395445506,7091.869840334144,C1,NA,NA
0.7386655754954768,0.08966285674132261,7091.05368946921,C1,NA,NA
0.7385026703221833,0.08981406573068684,7091.044239440047,C1,NA,NA
0.7353753109068302,0.08959529719223792,7094.936052903209,C1,NA,NA
0.7332933168321518,0.09019715635859829,7091.5006417421655,C1,NA,NA
0.7340238772289518,0.09087279084111242,7093.324754400157,C1,NA,NA
0.7335709985071968,0.09021068365280077,7093.638357544187,C1,NA,NA
0.7313340677012916,0.08986434088600552,7089.649541971161,C1,NA,NA
0.7350979212416427,0.09018477283536995,7093.893876113517,C1,NA,NA
0.7353648337990805,0.0909241647887471,7092.068108763378,C1,NA,NA
0.7353154448611748,0.09021455747365306,7092.323251432261,C1,NA,NA
0.7361917378088978,0.08973642837136742,7085.36740632654,C1,NA,NA
0.7377919536330038,0.0901752253495346,7090.5503891113385,C1,NA,NA
0.7362926970896526,0.09169127144559121,7089.676375894239,C1,NA,NA
0.7372856859557547,0.09025027593436853,7092.387971878571,C1,NA,NA
0.7343558258476951,0.09040295181812094,7093.471497848278,C1,NA,NA
0.733597436863806,0.09123363528408088,7092.520067307677,C1,NA,NA
0.7318382900328531,0.08902944724248726,7091.8807638006465,C1,NA,NA
0.7340287663162126,0.09015331188263939,7093.639438098943,C1,NA,NA
0.7330580104839612,0.09041240890288559,7089.444612795489,C1,NA,NA
0.7364297655769867,0.08997796280702534,7091.290416724295,C1,NA,NA
0.7310180781103419,0.08869976984523151,7088.128660507635,C1,NA,NA
0.7364130410322876,0.0906633123377645,7090.28424753204,C1,NA,NA
0.7318427026980311,0.09131695221193592,7089.291013888332,C1,NA,NA
0.7352738537467183,0.08977575773888379,7093.270713677506,C1,NA,NA
0.7330339396197005,0.09087342449141783,7091.40617061543,C1,NA,NA
0.7365725286187967,0.09019036676129981,7091.237687650792,C1,NA,NA
0.7325434336003751,0.09001590842273471,7093.9156792271115,C1,NA,NA
0.7323783227964845,0.09079637896832479,7088.881306427146,C1,NA,NA
0.7372074661538269,0.09132950229913513,7089.628771089464,C1,NA,NA
0.7361241820160154,0.09078341557110202,7093.923195343376,C1,NA,NA
0.7363071899902615,0.09056668242620038,7091.535667522755,C1,NA,NA
0.7367418647655091,0.08982040059262884,7094.544743412305,C1,NA,NA
0.7353048767471329,0.08965926378871794,7093.016185792796,C1,NA,NA
0.735534494365732,0.09135323319026739,7091.669877697888,C1,NA,NA
0.7336483844841895,0.09011363610954752,7093.665907110162,C1,NA,NA
0.7368362754196296,0.08837132162089685,7090.035994074468,C1,NA,NA
0.7353094942965618,0.09111319808571178,7091.075480832192,C1,NA,NA
0.7340435354716278,0.0904835620356722,7094.901357564505,C1,NA,NA
0.7356052361357465,0.08838275367062386,7091.474231000732,C1,NA,NA
0.7347221969613418,0.08978940766528597,7093.545500574855,C1,NA,NA
0.7383673669150481,0.08885869616036603,7085.805248494761,C1,NA,NA
0.7358482038596419,0.0888642322504925,7094.250649632977,C1,NA,NA
0.7351760302682002,0.09005711779067922,7092.542660727979,C1,NA,NA
0.7346741028841617,0.08971604563377507,7093.208157843511,C1,NA,NA
0.7363788860130658,0.0899968745403868,7092.604298908759,C1,NA,NA
0.7342879680753343,0.08958079995435578,7089.36755669971,C1,NA,NA
0.7362960377910267,0.08953659210311021,7089.835598403441,C1,NA,NA
0.7388619994573559,0.09083150500048132,7089.592042764717,C1,NA,NA
0.7342193653528057,0.09114770626211241,7091.7526109087885,C1,NA,NA
0.7319340968634194,0.08942237813897391,7092.385154505824,C1,NA,NA
0.7348222858956888,0.0901845614939476,7088.272028798137,C1,NA,NA
0.7369307254188292,0.09008845448442263,7088.4831202593805,C1,NA,NA
0.7351620193781172,0.08968854327012488,7091.306392227912,C1,NA,NA
0.7337937150610656,0.09019966564301948,7091.935287759468,C1,NA,NA
0.7379337375239949,0.09094987178134258,7090.861585866906,C1,NA,NA
0.7359482170069895,0.0920636616476029,7087.5857749592915,C1,NA,NA
0.7352254434761795,0.09090828621211128,7090.070319264873,C1,NA,NA
0.7357524727620544,0.09191239141884647,7087.083905351203,C1,NA,NA
0.736997860957551,0.08985694306148471,7087.659370882173,C1,NA,NA
0.737154446731,0.09025292363266074,7093.698278800607,C1,NA,NA
0.7387050918991837,0.0902111751336153,7088.180159178976,C1,NA,NA
0.7347245293553143,0.0892813564434258,7088.170360748196,C1,NA,NA
0.7325547130972853,0.0879722389491968,7091.357685718249,C1,NA,NA
0.7353540475185822,0.09003353436541328,7094.866049655616,C1,NA,NA
0.7361812937320598,0.08929845560306815,7090.685884551086,C1,NA,NA
0.735373629123503,0.0892232638282213,7087.6873346630855,C1,NA,NA
0.7315818889786171,0.09005479857302885,7088.989419720078,C1,NA,NA
0.7351586027388893,0.08868941169474456,7086.776800712414,C1,NA,NA
0.7347125435029394,0.09020425992369664,7094.8955872240485,C1,NA,NA
0.7354655776052597,0.08908692447040073,7090.802366711831,C1,NA,NA
0.7347199634020772,0.09014607403003626,7095.657672133914,C1,NA,NA
0.7412201708788088,0.08993309033370521,7087.2939118691875,C1,NA,NA
0.7340535822027427,0.08998676170515717,7093.4361034731255,C1,NA,NA
0.7354949171260167,0.0897247218038965,7095.349246811309,C1,NA,NA
0.734550923382658,0.0912085614159941,7089.287928319273,C1,NA,NA
0.7348204279512989,0.09073314877770024,7089.857307783913,C1,NA,NA
0.7336190900959515,0.0907656890506557,7094.858795534626,C1,NA,NA
0.7356243033970769,0.08970130092036813,7092.39514010691,C1,NA,NA
0.7340345404394387,0.09041057379951042,7093.185796027368,C1,NA,NA
0.7382543908298174,0.0891907048941244,7089.0305349705295,C1,NA,NA
0.7376022405029119,0.08955315342047779,7092.373851660873,C1,NA,NA
0.7332621302682442,0.09021729631996547,7091.359370378401,C1,NA,NA
0.7351397103691998,0.08961884620226371,7094.641971571613,C1,NA,NA
0.734607676419893,0.09048821005819467,7089.365983683623,C1,NA,NA
0.7337568847010663,0.09042413022401498,7091.099440060483,C1,NA,NA
0.7339178331297249,0.08845156989669554,7088.603454405352,C1,NA,NA
0.7358644163458488,0.09024294282776248,7093.276934575777,C1,NA,NA
0.7330405458100002,0.0905147598832806,7088.751792735964,C1,NA,NA
0.7326245027201732,0.09087224725743015,7089.0007280463915,C1,NA,NA
0.7344759693085936,0.09055972973183093,7080.819832139423,C1,NA,NA
0.7352912095108666,0.08940542923187215,7092.561909728005,C1,NA,NA
0.7336872219501822,0.09058164713805215,7093.040458184253,C1,NA,NA
0.7348775933973692,0.09132298147616957,7092.840471051415,C1,NA,NA
0.7350032761147464,0.09025200736258067,7083.820776379437,C1,NA,NA
0.7336300592449408,0.08945802104509187,7087.314302937576,C1,NA,NA
0.7348196330850513,0.09003609363362391,7094.257482174534,C1,NA,NA
0.7352497250257772,0.09161200167216951,7092.405100744074,C1,NA,NA
0.7354547621879391,0.091017022550893,7094.230163286533,C1,NA,NA
0.7344515929530533,0.09021615849755152,7092.5619487298745,C1,NA,NA
0.7350017603847687,0.09033010672323769,7092.664107638275,C1,NA,NA
0.7334210632624802,0.09092755727827673,7093.220417641023,C1,NA,NA
0.7352901123183875,0.09010074714599445,7095.7298117405235,C1,NA,NA
0.7351590713059485,0.08962964283195285,7094.973648481485,C1,NA,NA
0.7359414800660222,0.09140872527990533,7091.669834361672,C1,NA,NA
0.7343919025668214,0.09009717689700439,7092.506570785513,C1,NA,NA
0.736265395047859,0.08931872309481387,7092.248042496592,C1,NA,NA
0.7360412798306287,0.08880475601192123,7087.348103162104,C1,NA,NA
0.7378510384449419,0.09070600213615089,7091.881167936447,C1,NA,NA
0.7361231169071972,0.09013505759632787,7093.439700374407,C1,NA,NA
0.7346889071276249,0.0906768315239263,7089.955760619896,C1,NA,NA
0.7373215523199727,0.08983105771940823,7089.69965737446,C1,NA,NA
0.7365627832221786,0.08899893966478041,7091.56014865091,C1,NA,NA
0.7341316176666269,0.0899606764691399,7094.412892725035,C1,NA,NA
0.7361784251513146,0.08986995289632527,7092.851382681809,C1,NA,NA
0.7363439119545518,0.08978916922267202,7088.358959146739,C1,NA,NA
0.7351998393246361,0.09066440292591202,7093.140951819781,C1,NA,NA
0.7370166047344173,0.09126387425597687,7088.6123178237185,C1,NA,NA
0.7328295566571107,0.08970411023379635,7090.43179560563,C1,NA,NA
0.7383614487892729,0.08945685201553069,7092.175361091076,C1,NA,NA
0.7354230079239111,0.08983908420705357,7095.035260269219,C1,NA,NA
0.7342521344152597,0.0887010545456275,7090.318301737688,C1,NA,NA
0.7351288739764749,0.08942817775988496,7095.042997528467,C1,NA,NA
0.735775185308395,0.09054095872420738,7092.928220625651,C1,NA,NA
0.7335733852664245,0.09095967933029586,7093.459979693617,C1,NA,NA
0.7371720198139213,0.08970943788554357,7092.734422898802,C1,NA,NA
0.7340323605577868,0.08936695973269378,7090.763969850989,C1,NA,NA
0.7365633045086811,0.08912568162951795,7092.932713538641,C1,NA,NA
0.7354300115328177,0.09113900477612734,7092.577144840242,C1,NA,NA
0.7346367336631671,0.09021840751153283,7084.72685528894,C1,NA,NA
0.7366310617948487,0.09011212044615313,7093.0275974739625,C1,NA,NA
0.7342427188559218,0.09045908688532783,7093.97302170478,C1,NA,NA
0.7341585446693825,0.09084194470364482,7092.537600673916,C1,NA,NA
0.7374407800122216,0.09032877161855402,7094.937644504137,C1,NA,NA
0.737017949387664,0.0888648213223919,7089.185572364814,C1,NA,NA
0.7371725886942847,0.08955900307170285,7088.188571188521,C1,NA,NA
0.7346469282613853,0.08930202879470188,7092.134183537981,C1,NA,NA
0.7407069401350369,0.08970577349922343,7082.470581032495,C1,NA,NA
0.735976670635974,0.08947190728441237,7092.462909310993,C1,NA,NA
0.7365705975251506,0.08902327667882698,7091.118110448316,C1,NA,NA
0.7356786984010365,0.09017256712996301,7093.0363441083455,C1,NA,NA
0.7380689210392587,0.09098060699080555,7089.330651249503,C1,NA,NA
0.7358638346815088,0.08924979418184306,7087.954252110012,C1,NA,NA
0.732007149061521,0.09076955742367918,7091.894803521969,C1,NA,NA
0.7369468352355732,0.0893901760743816,7092.9125466931255,C1,NA,NA
0.7370103707606328,0.09171212378292479,7092.080510994088,C1,NA,NA
0.7363221385960325,0.08914754813703964,7091.438260534694,C1,NA,NA
0.7352456230219337,0.08899889942787106,7088.7383305427475,C1,NA,NA
0.7388699083627913,0.0906633631425874,7090.942919844321,C1,NA,NA
0.7347781628131649,0.09053006967110144,7090.865968808751,C1,NA,NA
0.7359382636503885,0.09028464952521624,7089.80824195364,C1,NA,NA
0.7346822961918473,0.08982984118238564,7093.857522477542,C1,NA,NA
0.7372432094949032,0.08994497687618787,7092.153608095555,C1,NA,NA
0.7359453414042758,0.09084734409932056,7093.323932377378,C1,NA,NA
0.7385147306600109,0.08944776341771446,7092.857311185976,C1,NA,NA
0.7366720286646653,0.08983482188966838,7091.805637177268,C1,NA,NA
0.73575950941607,0.09087020411226163,7091.523628946016,C1,NA,NA
0.7352608951597699,0.09076234847166484,7091.301153661952,C1,NA,NA
0.7370628354079671,0.08888789815263953,7093.1758468184635,C1,NA,NA
0.7379550341084243,0.09091388242735497,7089.259057510826,C1,NA,NA
0.7350392399606639,0.09058214080898784,7091.187825680716,C1,NA,NA
0.7333091423637781,0.08955394200900679,7089.97664472246,C1,NA,NA
0.7357046378700469,0.08997233656822509,7091.315924372659,C1,NA,NA
0.7337691780537505,0.0906736602955349,7089.005275859106,C1,NA,NA
0.7347136778615009,0.08974587382772418,7086.930824428053,C1,NA,NA
0.7375291211063955,0.08889939725892408,7089.7863677206715,C1,NA,NA
0.7351528043091808,0.09040445444556865,7093.019156719688,C1,NA,NA
0.7357914242270495,0.0887538860449617,7090.742279127032,C1,NA,NA
0.73551609847858,0.08984195973000098,7096.196380130949,C1,NA,NA
0.7373338535714578,0.088424389654528035,7091.697694137893,C1,NA,NA
0.7360482971029536,0.09061544161421692,7093.244747383054,C1,NA,NA
0.7351159872890581,0.09015333987778285,7095.195266505548,C1,NA,NA
0.7353756234431934,0.0898195049716152,7093.912745692243,C1,NA,NA
0.7372892585401167,0.08955275568344492,7090.915397623505,C1,NA,NA
0.7346020537295652,0.09057680148012094,7091.341455639044,C1,NA,NA
0.7383899634941575,0.08944335898643052,7084.95302340694,C1,NA,NA
0.7347438700584022,0.08927837728253624,7092.441688302221,C1,NA,NA
0.7333287580516933,0.09093301855001956,7093.08388266643,C1,NA,NA
0.7336636264027927,0.08953378166526887,7092.092709470592,C1,NA,NA
0.7373740442025044,0.08957246966636813,7094.050762552892,C1,NA,NA
0.7340388732024741,0.08965695941871954,7093.887027008565,C1,NA,NA
0.7324380389632305,0.090726046180723,7090.112093049721,C1,NA,NA
0.7359411348386375,0.09014002565899092,7093.649926109522,C1,NA,NA
0.7341125585639823,0.08947566385909797,7091.138776671399,C1,NA,NA
0.7331530017432405,0.09003476347325917,7094.609401109424,C1,NA,NA
0.7364498156717256,0.08994964075269819,7093.906686974262,C1,NA,NA
0.7370571740525413,0.09076922782108539,7092.252724577403,C1,NA,NA
0.7343765742555084,0.09129154023352508,7092.235870361733,C1,NA,NA
0.7357729588958466,0.08981019896852172,7093.814899264345,C1,NA,NA
0.7364489877881958,0.08933195264677508,7093.134693504711,C1,NA,NA
0.7321546882402005,0.09032644163127432,7091.780271885365,C1,NA,NA
0.7374769286979579,0.08989851260736036,7092.136997394576,C1,NA,NA
0.7330857351257221,0.09054204049146003,7093.4011810477305,C1,NA,NA
0.7353691540427789,0.09004821738986407,7092.191921804673,C1,NA,NA
0.733092229221556,0.09105940318276148,7093.700946074094,C1,NA,NA
0.7319101990495863,0.08982976857475666,7093.19394734061,C1,NA,NA
0.7360029551886931,0.08905824046583466,7091.269527135121,C1,NA,NA
0.7352270863561644,0.08992590535177664,7093.658203494994,C1,NA,NA
0.7342162302455075,0.0904739817963235,7094.406205536559,C1,NA,NA
0.7377586677401187,0.08911145053197775,7092.781282479358,C1,NA,NA
0.7355427051208,0.08905761670653602,7089.451618574775,C1,NA,NA
0.7363791688313923,0.09026514882830225,7089.051841704785,C1,NA,NA
0.732395548482595,0.0899205306739425,7090.816927462355,C1,NA,NA
0.7378708329537788,0.08916391114515848,7093.248342266461,C1,NA,NA
0.7360695711923757,0.0902412679224576,7094.300260177185,C1,NA,NA
0.7328390777519145,0.09024499913802943,7091.0886222743375,C1,NA,NA
0.7327168962103143,0.08985198386433772,7089.888437199909,C1,NA,NA
0.7372827953822046,0.09115632150100805,7090.474876698853,C1,NA,NA
0.7361404001833496,0.0898771650589461,7090.447281703857,C1,NA,NA
0.7350274749948968,0.0900377684096546,7091.41886974966,C1,NA,NA
0.7346524311558966,0.08813771992601442,7092.429886276035,C1,NA,NA
0.7360774665725239,0.09107188947530058,7092.878361711267,C1,NA,NA
0.7334251961754225,0.09127107073021487,7088.537018393124,C1,NA,NA
0.7369801681892358,0.08946342327435239,7092.8059127820925,C1,NA,NA
0.7346459363829814,0.09062121053298734,7089.25978065419,C1,NA,NA
0.7355935748555734,0.08917640202227173,7089.972024759029,C1,NA,NA
0.7379955317410339,0.0899047344026748,7091.709609734438,C1,NA,NA
0.7357816487067134,0.08911768888121992,7091.574601018818,C1,NA,NA
0.7345815653761223,0.09012400691297821,7093.234181010919,C1,NA,NA
0.7355561251049986,0.0903549872261779,7092.35177735598,C1,NA,NA
0.7373602943548975,0.09043169152365867,7093.5113409447695,C1,NA,NA
0.7372116437909109,0.09057556003729379,7091.357365506835,C1,NA,NA
0.7368017691690161,0.08907461900602869,7089.378434831434,C1,NA,NA
0.7354794711942834,0.08919787837401355,7091.422175680354,C1,NA,NA
0.7329043046443056,0.08934968590737793,7091.863892381847,C1,NA,NA
0.7355030455554423,0.09070529289965919,7091.841426377294,C1,NA,NA
0.7323442537646602,0.08964494320605801,7093.766525732493,C1,NA,NA
0.7369552009709668,0.09049248406308871,7094.727390992245,C1,NA,NA
0.7376915751122581,0.08911671875545202,7088.737220227448,C1,NA,NA
0.7329365938045307,0.09025801770871997,7090.434473783167,C1,NA,NA
0.7363347393138753,0.08973799018910143,7092.772975520314,C1,NA,NA
0.7326441367649235,0.09075402295150753,7092.0742961964515,C1,NA,NA
0.7329404871032764,0.09045869367147677,7091.9484461095535,C1,NA,NA
0.7322414573318913,0.09021589484717167,7090.754556979724,C1,NA,NA
0.7373592325205244,0.08973997222275415,7093.425565918436,C1,NA,NA
0.7359305002782839,0.08923832129085199,7087.635981285147,C1,NA,NA
0.736857730085535,0.09043095800313303,7088.6263282332175,C1,NA,NA
0.7369908833307782,0.0896758745978041,7093.178486992838,C1,NA,NA
0.7374210566170086,0.09014728885098071,7088.886694605816,C1,NA,NA
0.7357524371106042,0.09087344478240544,7087.791413898778,C1,NA,NA
0.7354594300612436,0.08955761469409074,7090.724511560293,C1,NA,NA
0.7332878229774247,0.09097389277869561,7093.303128928812,C1,NA,NA
0.7352593806559925,0.08930984803880113,7093.12160240814,C1,NA,NA
0.7346213327916373,0.08994688100283862,7092.31809677148,C1,NA,NA
0.7371901498567732,0.08967829375204843,7093.6067768442545,C1,NA,NA
0.7335408163555263,0.08947830597975902,7091.2329082945125,C1,NA,NA
0.7339942244635728,0.09005923957007639,7090.64065083113,C1,NA,NA
0.7358666963528309,0.09015883806945288,7091.250876938647,C1,NA,NA
0.7363197319738537,0.09017113860659337,7092.218167310001,C1,NA,NA
0.7324663309679854,0.08896558158941852,7090.465284672279,C1,NA,NA
0.7356992048353431,0.08970316138907444,7095.182993639234,C1,NA,NA
0.7362126856865846,0.08939163872464015,7089.998199693674,C1,NA,NA
0.7366000104390635,0.09092341869664884,7087.338846134171,C1,NA,NA
0.7333472272841282,0.09052693385602933,7093.367774702498,C1,NA,NA
0.7329454043881265,0.0892622988329502,7093.213412410196,C1,NA,NA
0.7359634722352318,0.0899665424549901,7086.740463087019,C1,NA,NA
0.7354569146832687,0.08999220601021858,7092.552232541339,C1,NA,NA
0.736559818357675,0.08946154864465684,7092.636943154512,C1,NA,NA
0.734339024294634,0.09070025073052904,7089.561485139808,C1,NA,NA
0.7361546897747288,0.08915156583733569,7092.655702589238,C1,NA,NA
0.7370997940168231,0.0895919351321632,7089.034950093074,C1,NA,NA
0.7383693877534072,0.0906229982199764,7088.250856129345,C1,NA,NA
0.7347016150065052,0.09048738362160835,7088.626888406112,C1,NA,NA
0.7363991374884359,0.08986667550036075,7093.901444173252,C1,NA,NA
0.734486082247702,0.09151082216198535,7091.505814023885,C1,NA,NA
0.7342147686351721,0.08991318700457239,7091.407505984279,C1,NA,NA
0.7350019443323454,0.09024885605494846,7092.963870795034,C1,NA,NA
0.7341752937468349,0.08871979991281187,7092.460112506236,C1,NA,NA
0.7371764013159727,0.08840772844462783,7090.1464307886745,C1,NA,NA
0.7342682789112572,0.0905819201602544,7092.553397213001,C1,NA,NA
0.7375823525980663,0.08955436707073701,7092.753372365767,C1,NA,NA
0.7362774087331182,0.09089826522596103,7092.513922071107,C1,NA,NA
0.7352642184345656,0.08941792819133142,7090.090802469561,C1,NA,NA
0.734015463553291,0.08926211473249539,7090.099267133873,C1,NA,NA
0.7367614024450274,0.089497963717291,7095.173069892817,C1,NA,NA
0.737205573159455,0.09106698980002972,7091.339672384722,C1,NA,NA
0.73641200144928,0.09062285743228593,7092.818549456051,C1,NA,NA
0.7349887764616801,0.08971431954486803,7095.795971055962,C1,NA,NA
0.7342289539030412,0.08952481220703926,7094.050962349016,C1,NA,NA
0.7376600125258517,0.08980984621364889,7091.181967706127,C1,NA,NA
0.7368549739216781,0.09061148693760339,7093.29723871512,C1,NA,NA
0.7351116776069354,0.0907187039309591,7091.718381378946,C1,NA,NA
0.7350081756745453,0.09245335981706503,7089.554889637883,C1,NA,NA
0.7370179886330571,0.09070951078789333,7093.231105645241,C1,NA,NA
0.7358696584060873,0.09023405416982866,7094.740335087377,C1,NA,NA
0.7333420261613568,0.08981006471340613,7092.844174619943,C1,NA,NA
0.7348835449453113,0.08972276747538985,7091.16700736861,C1,NA,NA
0.7354122117398603,0.08900184685495748,7088.537740351177,C1,NA,NA
0.7360972603067342,0.08977178379692166,7094.5312396249365,C1,NA,NA
0.7346921474731298,0.09071066962128971,7093.069986129632,C1,NA,NA
0.7356197318433628,0.08973186680334547,7091.445033360824,C1,NA,NA
0.7353409962874026,0.09077943323005752,7088.188926579852,C1,NA,NA
0.7345756842094647,0.08827739395285104,7086.078358610045,C1,NA,NA
0.7364371109109024,0.0903275353454497,7094.342668054816,C1,NA,NA
0.7329809449805962,0.09068546522462889,7091.7053851832525,C1,NA,NA
0.7326327495198895,0.09039849287354867,7087.763538815924,C1,NA,NA
0.7337383622346116,0.08902842633622388,7092.179488228225,C1,NA,NA
0.7349142338870472,0.08945422660880338,7091.077854311303,C1,NA,NA
0.7360441075809194,0.08986673101080304,7093.090979468229,C1,NA,NA
0.7338336148861812,0.09079074940140339,7090.468738154821,C1,NA,NA
0.7345912964964604,0.09010955666789974,7095.5246228392725,C1,NA,NA
0.7355332818454536,0.08947142185506793,7093.129112117124,C1,NA,NA
0.7324917821741467,0.09086495705731694,7090.725184977078,C1,NA,NA
0.7312780834237589,0.08951404902133517,7087.40676928524,C1,NA,NA
0.7351082009239698,0.09013156418885132,7095.463780774152,C1,NA,NA
0.7340330238580265,0.09087265983208301,7092.972690417522,C1,NA,NA
0.737775238170383,0.09011402164728287,7091.641374470176,C1,NA,NA
0.7364321661475033,0.09060874817142697,7090.277531912592,C1,NA,NA
0.7348411026290315,0.09033601105921066,7092.456437983817,C1,NA,NA
0.7346994179061574,0.0907648525599728,7091.740502598234,C1,NA,NA
0.7357722264403485,0.08981210847724061,7095.116305916074,C1,NA,NA
0.7334447391411867,0.08982726764117537,7092.274419164708,C1,NA,NA
0.7355664476764886,0.08944003237775026,7092.492443563652,C1,NA,NA
0.7379295384511488,0.08921231043369725,7092.261458691644,C1,NA,NA
0.7365766968996418,0.09007066856401055,7089.669021691474,C1,NA,NA
0.7384581687365218,0.08923869210222883,7090.7686233645,C1,NA,NA
0.7370388577216508,0.09069248040797388,7091.8272037971055,C1,NA,NA
0.737062607186286,0.09046792509526028,7092.553526146972,C1,NA,NA
0.7341618163792891,0.09100602687526749,7089.1344727267615,C1,NA,NA
0.7351508479699423,0.09130631975675285,7089.6900095967685,C1,NA,NA
0.7364966845136727,0.0894143699475137,7091.007295293439,C1,NA,NA
0.7361200110036844,0.09032772257707615,7090.175832710911,C1,NA,NA
0.7343740957489897,0.09075891069948627,7094.268884816084,C1,NA,NA
0.7364917103024116,0.08946114795435785,7094.238584014961,C1,NA,NA
0.7323435616429993,0.08959078296156421,7092.400425480552,C1,NA,NA
0.7373961907843671,0.09147368843214884,7084.600670964171,C1,NA,NA
0.7361533253104444,0.09026265953525943,7094.088835048786,C1,NA,NA
0.7318039439892654,0.0910923435831397,7088.309178318902,C1,NA,NA
0.7377502676097676,0.08940162496370917,7093.558351514916,C1,NA,NA
0.7329141053461412,0.09062891266761033,7092.785274454233,C1,NA,NA
0.7380199833378914,0.09105090682218998,7089.324419030184,C1,NA,NA
0.7352664114092656,0.09052075578185434,7093.590460952887,C1,NA,NA
0.7360189802147922,0.08996549556522135,7094.1288330705875,C1,NA,NA
0.7351996430315609,0.0891297839919494,7089.5956471551535,C1,NA,NA
0.7364795349338998,0.0895239301531329,7092.680218009231,C1,NA,NA
0.7339197581782863,0.08904160474204043,7085.076284260201,C1,NA,NA
0.7339803822132992,0.08942053781188525,7092.101293266818,C1,NA,NA
0.7340198818575943,0.08969438338080579,7094.181302681103,C1,NA,NA
0.731349177607018,0.0894853795763891,7090.001170742742,C1,NA,NA
0.7360340464366838,0.08929411174970733,7088.794645151704,C1,NA,NA
0.7376907430998108,0.08993686423540434,7093.5214431880995,C1,NA,NA
0.7327224666041411,0.08929312863866512,7091.009323858115,C1,NA,NA
0.7367643784473764,0.0899626806094654,7093.616866784742,C1,NA,NA
0.7306388713210641,0.08852487815069866,7086.6652175504,C1,NA,NA
0.7346680805324227,0.08907354051534494,7090.554362182135,C1,NA,NA
0.735150596416778,0.08835119666674635,7090.017191071071,C1,NA,NA
0.7354675413628416,0.090481742503193,7091.695911246234,C1,NA,NA
0.7341771038021448,0.08861632832791244,7091.107377649157,C1,NA,NA
0.7348712814630047,0.0891235053366618,7093.1105486784545,C1,NA,NA
0.7368322447871131,0.09022244446225457,7093.015969362313,C1,NA,NA
0.733354339340445,0.08966073575849123,7093.20633726555,C1,NA,NA
0.7362181553492675,0.0911617047611882,7094.004978026486,C1,NA,NA
0.7376176540107555,0.09002041246107237,7094.853403236587,C1,NA,NA
0.7332924192520635,0.08948878700249002,7091.535138177404,C1,NA,NA
0.737472414575686,0.08985186291509668,7093.763383087241,C1,NA,NA
0.7377647538736584,0.09054612975351897,7091.00365206223,C1,NA,NA
0.7376360078555677,0.09061874368788106,7092.426400189811,C1,NA,NA
0.7350870129063682,0.09002786308052164,7088.784572935359,C1,NA,NA
0.7361633101853421,0.09028483222451235,7093.409588164608,C1,NA,NA
0.7367684913858608,0.09034091442863568,7094.004941748017,C1,NA,NA
0.734862838618116,0.09133987941997673,7085.11456320779,C1,NA,NA
0.7347434248780046,0.09030716113796355,7088.782931587877,C1,NA,NA
0.7362733906619238,0.08908605559672189,7091.169962492692,C1,NA,NA
0.7332454631284405,0.0901858164354425,7092.380942082404,C1,NA,NA
0.7331237574142634,0.08902248093135036,7091.997046898737,C1,NA,NA
0.7349159192120515,0.09137713572811998,7090.8302881210175,C1,NA,NA
0.7335041891268358,0.09055499645472354,7090.319739004638,C1,NA,NA
0.7335643518761933,0.08959079755619054,7094.478763200057,C1,NA,NA
0.7353896662845688,0.08926218635746938,7092.20280220373,C1,NA,NA
0.7348656480505251,0.09092119873981844,7091.640939503878,C1,NA,NA
0.7353274649671573,0.09109314760713957,7088.588240279747,C1,NA,NA
0.7380571394656292,0.0906885211470351,7088.840276185267,C1,NA,NA
0.7365498919978322,0.09012453040458845,7095.1979480170685,C1,NA,NA
0.7311285093389269,0.09170575256270458,7086.171311952345,C1,NA,NA
0.7360833039349263,0.09027252493382508,7090.48899359101,C1,NA,NA
0.7343163397259103,0.0896894393131503,7088.548897227631,C1,NA,NA
0.7324479377001492,0.09039409895101008,7092.905505332103,C1,NA,NA
0.7332565321387555,0.0902973618755898,7092.152082829257,C1,NA,NA
0.7347145656518661,0.09020427393303757,7093.065542487031,C1,NA,NA
0.7332221793637718,0.08917869488979974,7088.105549273963,C1,NA,NA
0.7358951098614449,0.0888333089702546,7089.599760666728,C1,NA,NA
0.7357193131550647,0.08972400772589291,7093.086024684871,C1,NA,NA
0.7393528802309737,0.09180600450681092,7080.903049466684,C1,NA,NA
0.7324329099868977,0.08975912203373031,7089.366240825183,C1,NA,NA
0.7333559051142358,0.08958087451265155,7093.314839490954,C1,NA,NA
0.7374169051901891,0.09038591923933106,7087.968618786776,C1,NA,NA
0.7350019079392334,0.09015806196285392,7093.4923466161445,C1,NA,NA
0.7354062854697468,0.08937974343309688,7089.593224122957,C1,NA,NA
0.7366641661921801,0.08987534280697396,7095.37890023126,C1,NA,NA
0.7328448123262205,0.08971934121196096,7093.107169382673,C1,NA,NA
0.73528285070443955,0.09044843037143557,7090.704484300332,C1,NA,NA
0.7387413705102139,0.08827759526467442,7084.511109693044,C1,NA,NA
0.7354335796238859,0.09064814461452118,7090.548689286277,C1,NA,NA
0.7336092663229097,0.090702613164449,7091.023182448403,C1,NA,NA
0.7361379610337374,0.09012409026308957,7092.1108975498255,C1,NA,NA
0.7345203767311183,0.0893805763960619,7092.0717268120025,C1,NA,NA
0.7325455762065394,0.09040911148248905,7089.693842822025,C1,NA,NA
0.736780288752584,0.0898753050111345,7090.46000124568,C1,NA,NA
0.7359955774280289,0.09117762429706112,7089.3245396567145,C1,NA,NA
0.7329526760828415,0.09008554730588214,7090.974257981684,C1,NA,NA
0.737105283075739,0.08971626186511933,7092.977038568555,C1,NA,NA
0.7333416110259127,0.09124782005232587,7093.40816361389,C1,NA,NA
0.7361631970330444,0.09080343490316085,7095.022572180401,C1,NA,NA
0.7346127213939637,0.09009373683340596,7092.585992117793,C1,NA,NA
0.7337646182226681,0.08963567903746811,7090.4497724530665,C1,NA,NA
0.7334098491120188,0.09027163578691766,7094.406572597657,C1,NA,NA
0.7355161677424229,0.08904203768179414,7090.091298640093,C1,NA,NA
0.7360156244318415,0.08890938726326299,7089.979562724448,C1,NA,NA
0.737142601801888,0.08910421160247846,7084.580075489094,C1,NA,NA
0.7323071712599284,0.08922399165086523,7089.715368792551,C1,NA,NA
0.735537885624808,0.08936873467889589,7090.0921251568125,C1,NA,NA
0.7360282231381521,0.0898188926574783,7093.420083418826,C1,NA,NA
0.7342677778864221,0.09006342037139609,7089.694567567739,C1,NA,NA
0.735677246662065,0.08958406030460142,7094.294242057472,C1,NA,NA
0.7351995693004604,0.09279250931931993,7087.5815533198,C1,NA,NA
0.7364781837260387,0.08986496708303537,7090.926272698319,C1,NA,NA
0.7346345667644709,0.09005376137854898,7094.0175662693755,C1,NA,NA
0.7350632105887169,0.08958755477704869,7089.609338380433,C1,NA,NA
0.735723213173411,0.08897730799635009,7093.140253971983,C1,NA,NA
0.7381600155670752,0.08854540035478475,7089.251502018709,C1,NA,NA
0.7335868250464919,0.08993052422060055,7090.841673771157,C1,NA,NA
0.7381891594502026,0.0899630100296891,7089.322913120634,C1,NA,NA
0.7388162613167859,0.09099602581973848,7091.045168313147,C1,NA,NA
0.7363895521961955,0.09053312081763173,7091.52291851338,C1,NA,NA
0.7372219879078582,0.08979310068248317,7093.094977915155,C1,NA,NA
0.7360139684025047,0.09107507653532,7090.691513737963,C1,NA,NA
0.739150654861914,0.0893511248914902,7088.704082148537,C1,NA,NA
0.735756211771165,0.0888683399209036,7093.5990911969275,C1,NA,NA
0.7351120154096746,0.08870080552725598,7092.037731341068,C1,NA,NA
0.7390914698792829,0.0903831471692782,7088.706892010861,C1,NA,NA
0.7373381688065951,0.09080338157701862,7092.03445249156,C1,NA,NA
0.7357563897100126,0.08987166209222702,7095.829293452597,C1,NA,NA
0.7344432893942564,0.0906209968529862,7093.5790140111085,C1,NA,NA
0.7353613280691381,0.08900542868794632,7090.831028640851,C1,NA,NA
0.7345544932097778,0.08974979001156501,7093.924712931375,C1,NA,NA
0.7347019233614712,0.08874925154653385,7089.132769285233,C1,NA,NA
0.739033518318257,0.09005986203888633,7090.517460018269,C1,NA,NA
0.736758036245228,0.09069009574060051,7095.910675764753,C1,NA,NA
0.7355870957478715,0.08927733681374048,7090.552908626546,C1,NA,NA
0.734959586912267,0.09068492440089518,7094.917127885019,C1,NA,NA
0.7336290892765854,0.0913612387146947,7089.534749991325,C1,NA,NA
0.7356803164553812,0.08951556930801827,7089.978977051602,C1,NA,NA
0.7343302386947674,0.09071644232134461,7091.807578664719,C1,NA,NA
0.7335028173740936,0.08960274491652354,7090.810311624694,C1,NA,NA
0.7326292599360867,0.09035263880795796,7093.126369131854,C1,NA,NA
0.7394859509133708,0.09057587202842282,7088.810054867082,C1,NA,NA
0.7366656033666695,0.09017739108449511,7093.535074211351,C1,NA,NA
0.7359722001407678,0.08969063374419398,7095.055113744832,C1,NA,NA
0.736573401671229,0.08945057689641218,7092.83290909487,C1,NA,NA
0.7366035223031778,0.0890445526355299,7092.334863496563,C1,NA,NA
0.7323892850174814,0.0894644237167869,7092.613550691305,C1,NA,NA
0.7363245427465779,0.08963544746512418,7092.279871838924,C1,NA,NA
0.7355618555929428,0.09026005269526766,7089.306445127542,C1,NA,NA
0.7345411150520632,0.090118520856932,7095.101308269585,C1,NA,NA
0.7367123262623588,0.09110288585589366,7092.1917198377705,C1,NA,NA
0.7338802879704055,0.08918808778478582,7094.196951813375,C1,NA,NA
0.7369282668933846,0.09094541805025112,7089.827640745129,C1,NA,NA
0.7325969976190354,0.09060149910053862,7090.041225440522,C1,NA,NA
0.7370254843210308,0.0892626407197547,7091.91391642177,C1,NA,NA
0.7338633495133596,0.0893813282259396,7094.1505390239645,C1,NA,NA
0.7367881782056914,0.09059802886069451,7094.0311625479435,C1,NA,NA
0.7353444111569012,0.08953175390203169,7092.6998345347665,C1,NA,NA
0.7364565149966672,0.0897476997385442,7092.70418188223,C1,NA,NA
0.7370600842300294,0.09023950391715155,7092.566864539383,C1,NA,NA
0.7341870953827522,0.08903712588805998,7085.33310052706,C1,NA,NA
0.7337050444063045,0.0907122647434018,7094.649646566826,C1,NA,NA
0.7377668740400009,0.09145306127668841,7088.845380941122,C1,NA,NA
0.7367251524382458,0.09028156444471587,7094.357318061957,C1,NA,NA
0.7329372027677582,0.09015772501110911,7092.55740157728,C1,NA,NA
0.7340547603472763,0.08946132202508202,7089.749460396484,C1,NA,NA
0.7374178002603159,0.09112194759205192,7091.956464016955,C1,NA,NA
0.7358967396512898,0.09034800987983002,7094.293152487797,C1,NA,NA
0.7339841088682428,0.09038674437720286,7089.683600511292,C1,NA,NA
0.7343354769006273,0.09006408034645198,7094.612050093945,C1,NA,NA
0.7366622877836574,0.08891091444698145,7090.312810179377,C1,NA,NA
0.7335699698722747,0.09011047332185987,7092.849033768424,C1,NA,NA
0.7358152409742209,0.08933315245956139,7092.573368206615,C1,NA,NA
0.7335225215313872,0.09065786109868709,7093.700917470818,C1,NA,NA
0.7320024516827509,0.09000098291347655,7085.853818959525,C1,NA,NA
0.7336704588811721,0.08888186010961625,7093.065763016961,C1,NA,NA
0.7337649014114951,0.0900992418906947,7091.82285396148,C1,NA,NA
0.7368547940400396,0.09033823895359588,7091.963961163836,C1,NA,NA
0.7344654690053323,0.09051775680957369,7093.4963429613445,C1,NA,NA
0.737077847029382,0.09134187514556892,7089.159585395976,C1,NA,NA
0.7371300547604749,0.09048518990358233,7088.742939453664,C1,NA,NA
0.7371059853503396,0.08928247418366794,7093.371140894294,C1,NA,NA
0.735696517783508,0.09097775915800413,7092.786298724127,C1,NA,NA
0.7363715146943702,0.08894275748895174,7090.20735730132,C1,NA,NA
0.7347805685897268,0.08912038367932278,7091.539850102542,C1,NA,NA
0.7336512910295582,0.08911915135454085,7093.151315246474,C1,NA,NA
0.7349688854809352,0.09000013046648332,7094.05208645501,C1,NA,NA
0.7340367083178915,0.09071183319064784,7089.571984695404,C1,NA,NA
0.7369361078953399,0.08966726271480557,7095.1522181234395,C1,NA,NA
0.7327778684128902,0.09078676007137446,7090.274604410813,C1,NA,NA
0.7362697487100754,0.09018936087599908,7094.206455811578,C1,NA,NA
0.738294966174714,0.0904582224099918,7090.281616806269,C1,NA,NA
0.7358302834172809,0.09005320107412945,7091.864296368943,C1,NA,NA
0.7366528394406272,0.08915700538764075,7091.976405079116,C1,NA,NA
0.7339678541733249,0.09090361362076599,7094.632612685045,C1,NA,NA
0.7374545478289328,0.09007385272929302,7090.6932935724235,C1,NA,NA
0.7342998793541446,0.09082178616107155,7090.916951925087,C1,NA,NA
0.7340334709323862,0.09034163141275067,7091.701885902712,C1,NA,NA
0.735205282860554,0.09021966924123331,7091.444067960657,C1,NA,NA
0.7344553554899379,0.08995095635525716,7093.120366283028,C1,NA,NA
0.7360872072367685,0.09002345023387655,7093.891082019239,C1,NA,NA
0.738003528439247,0.09001581428701057,7092.249126714974,C1,NA,NA
0.7351299182024772,0.08972923857205464,7090.888115987855,C1,NA,NA
0.7357618974655533,0.09004734852099093,7092.584782054725,C1,NA,NA
0.7356025658206367,0.08893550847936238,7091.582426520236,C1,NA,NA
0.73536854167996335,0.09136419591806026,7089.193005107391,C1,NA,NA
0.7346309782532684,0.09082357251261383,7095.251764184867,C1,NA,NA
0.7343443829213294,0.089062225216589,7091.031098441004,C1,NA,NA
0.7366079857016455,0.09067314646211912,7089.736164181129,C1,NA,NA
0.7355901824482193,0.08935942509088586,7094.09185186065,C1,NA,NA
0.7360402658487228,0.08872960244183338,7090.333952023514,C1,NA,NA
0.7343656349699088,0.09074940351600455,7091.6188923372865,C1,NA,NA
0.7369495817602959,0.09071931677180384,7088.545058814862,C1,NA,NA
0.7389163471423366,0.08999862020375568,7085.774781341866,C1,NA,NA
0.7357722149458225,0.08960555011812331,7094.1018936733,C1,NA,NA
0.7346220815938471,0.0903192871822309,7090.048005625415,C1,NA,NA
0.7353006843376876,0.09026091300089942,7093.235559135404,C1,NA,NA
0.7356133643946049,0.08952469440846626,7092.085610049845,C1,NA,NA
0.7365380955581297,0.08952987732135076,7093.86594308492,C1,NA,NA
0.7349531968316333,0.09143970711505717,7091.509041487673,C1,NA,NA
0.7374387664994678,0.08946984227713707,7088.845106343901,C1,NA,NA
0.7339468599965165,0.09126927758089398,7087.134012496053,C1,NA,NA
0.7317037672938671,0.08965454726759747,7089.809739656333,C1,NA,NA
0.7358898081444303,0.08997584070446749,7093.207871750745,C1,NA,NA
0.7373316030139301,0.09022090836975136,7092.6932039784615,C1,NA,NA
0.7358045786652228,0.08811819982448953,7085.828128724267,C1,NA,NA
0.735487829767741,0.0907876962673833,7090.490404341754,C1,NA,NA
0.7343989348601387,0.08987210463647817,7092.261628696529,C1,NA,NA
0.7365395627192193,0.09051784306539729,7093.352794602842,C1,NA,NA
0.7362194262861758,0.09055888652600098,7091.858677843658,C1,NA,NA
0.7380870043296061,0.08939729160002696,7091.9700920742,C1,NA,NA
0.7347617917724255,0.08945288643535186,7093.900304839989,C1,NA,NA
0.7371932342345646,0.09088309486376517,7090.693309298509,C1,NA,NA
0.7360158531642345,0.08923448601029145,7091.260251210093,C1,NA,NA
0.7378865616271997,0.08847987137776166,7088.222772232468,C1,NA,NA
0.7334690072341631,0.08828176958678963,7091.019118800758,C1,NA,NA
0.7319190598501453,0.08922905402725827,7089.482863704313,C1,NA,NA
0.7361717074275618,0.08895072841634791,7091.608012014695,C1,NA,NA
0.7340891587958054,0.09013705108509261,7092.685813137585,C1,NA,NA
0.7384575695212479,0.09135362957323928,7090.15310829428,C1,NA,NA
0.7344565612044615,0.09161915055688735,7090.102089209632,C1,NA,NA
0.73570200725216806,0.08999542478365061,7096.267380022388,C1,NA,NA
0.7366250068623238,0.08911490350146034,7093.166105316253,C1,NA,NA
0.7364590066798099,0.08947179656120097,7093.398786293311,C1,NA,NA
0.7368973390291782,0.09039993423624985,7091.600208889684,C1,NA,NA
0.7379574186460786,0.09106263956647453,7091.914519694567,C1,NA,NA
0.7349525036871835,0.0892855239125237,7092.647834090999,C1,NA,NA
0.7351847122323977,0.08967057505329391,7094.323471326591,C1,NA,NA
0.7348783084313668,0.09194096922291643,7088.538921334155,C1,NA,NA
0.7351687306491893,0.0905914994044095,7093.686049928549,C1,NA,NA
0.7365431285039458,0.09027820747967487,7093.535595083298,C1,NA,NA
0.7373324307070558,0.08962015067956214,7090.224497763621,C1,NA,NA
0.7344506537819868,0.09085032764661824,7089.672931293179,C1,NA,NA
0.7352898483059401,0.09043343636712156,7087.896706978884,C1,NA,NA
0.7345528411885697,0.09017150881352534,7094.572952487024,C1,NA,NA
0.735609145443797,0.08991754817627454,7091.428083949976,C1,NA,NA
0.7342659692349849,0.08920421684550837,7091.417751666005,C1,NA,NA
0.735029620869613,0.08969963233417805,7090.904465375964,C1,NA,NA
0.7383547017090238,0.08932684124788252,7086.398116064399,C1,NA,NA
0.732701831367264,0.09064642876009735,7091.208741560958,C1,NA,NA
0.7352603749505922,0.0910280616731986,7093.450465796109,C1,NA,NA
0.7341431465019754,0.09033591409053768,7093.891787248992,C1,NA,NA
0.7360994737263461,0.08900139550239183,7093.513241645407,C1,NA,NA
0.735689481448478,0.09004986115434319,7093.840092525857,C1,NA,NA
0.7359377442889793,0.08878585387108022,7093.218033971007,C1,NA,NA
0.736284580658656,0.09047519016883884,7092.13338855536,C1,NA,NA
0.7346962982710479,0.08982529322627608,7094.870403012396,C1,NA,NA
0.7382222658844944,0.09062342669948226,7088.29873858069,C1,NA,NA
0.7335324056318678,0.09154562962102646,7092.955776979593,C1,NA,NA
0.7365854920570594,0.08973263256550898,7092.544058958765,C1,NA,NA
0.7376868463742504,0.09057704707015334,7092.138083965814,C1,NA,NA
0.7376290528166655,0.08993261400743918,7090.797876046571,C1,NA,NA
0.7336232473363156,0.09014121659043647,7093.78049937386,C1,NA,NA
0.7358358589149409,0.09135783410629177,7091.269937120063,C1,NA,NA
0.7306532839977804,0.08959946456654697,7090.249987356654,C1,NA,NA
0.7347501892702453,0.09057106511735716,7093.928993568537,C1,NA,NA
0.7346967554831678,0.09059614100658894,7089.963804764921,C1,NA,NA
0.735927059760461,0.090297670452681,7093.684779054921,C1,NA,NA
0.7327751500115386,0.09149923667150442,7088.053812371889,C1,NA,NA
0.7352216287697926,0.08955117272532113,7091.038028661012,C1,NA,NA
0.7375600491531975,0.08924515496077033,7091.023940094118,C1,NA,NA
0.7342709186066462,0.08977922768719686,7094.511859646132,C1,NA,NA
0.735171372296755,0.08912920936552772,7089.78768615521,C1,NA,NA
0.7364573687174766,0.0898522172118158,7091.011541980881,C1,NA,NA
0.7364426311785476,0.09003835701473367,7094.816206677447,C1,NA,NA
0.7342732008141941,0.09008822876683441,7093.277126334206,C1,NA,NA
0.736959933962396,0.09033882053715704,7094.701209584936,C1,NA,NA
0.7360391883752211,0.09062612239795349,7093.166695448094,C1,NA,NA
0.7371943758408545,0.08946359004762983,7092.787980648721,C1,NA,NA
0.7325517458523502,0.09015805412297975,7093.227892619817,C1,NA,NA
0.7350947380210857,0.09000841735601328,7093.6985172708155,C1,NA,NA
0.7329071831162807,0.08879750368761415,7085.850920053613,C1,NA,NA
0.7329240487753501,0.09000076045843264,7094.765533326226,C1,NA,NA
0.7352562064059901,0.09055699687435582,7093.823220232916,C1,NA,NA
0.7375173660569598,0.08956139142330005,7090.932567899557,C1,NA,NA
0.734446438338633,0.09027939773827988,7093.519389036717,C1,NA,NA
0.7335974787557528,0.0894151984578056,7092.839531357995,C1,NA,NA
0.7381331425751193,0.09013958977694042,7091.3327475693295,C1,NA,NA
0.7345814439559737,0.08991409585299377,7091.890375149753,C1,NA,NA
0.7332300215082047,0.08991454018112366,7093.246729453159,C1,NA,NA
0.7365892984543589,0.09012109712397279,7089.614528455367,C1,NA,NA
0.7346371254010258,0.0912568105331406,7090.1329812936065,C1,NA,NA
0.7349010266164063,0.09099408164895317,7091.309855684371,C1,NA,NA
0.7371313656116492,0.08954590435849533,7090.000359910175,C1,NA,NA
0.7362886597562235,0.08931858832206829,7093.0062456155065,C1,NA,NA
0.7329527491045809,0.08905281603156484,7090.977910755533,C1,NA,NA
0.7355480922821951,0.08927136413664108,7092.5250663653005,C1,NA,NA
0.7369265743279231,0.09121651028266631,7090.563338698249,C1,NA,NA
0.7371807786256427,0.08996385842448412,7092.90435711229,C1,NA,NA
0.7324903127014027,0.09065741035620715,7088.10390071874,C1,NA,NA
0.7359417828642879,0.09029663746481789,7093.629435633016,C1,NA,NA
0.7344039064707241,0.08985122458490263,7090.911635668918,C1,NA,NA
0.735674774532046,0.09015533558444715,7091.44892584435,C1,NA,NA
0.7359347080780674,0.089896798699351535,7092.12012700244,C1,NA,NA
0.7348926223121175,0.089849843973549115,7090.541643896251,C1,NA,NA
0.7361881252713881,0.08863581010704644,7090.943206460981,C1,NA,NA
0.7387638622347669,0.0899790665329121,7089.619618033254,C1,NA,NA
0.7351793698952609,0.0906836508848664,7094.5422464594185,C1,NA,NA
0.7355337803650729,0.08979240654144419,7091.2829266538165,C1,NA,NA
0.735847004383514,0.09083316105402428,7094.234198143145,C1,NA,NA
0.7382272712224598,0.09055853913217088,7091.2835961445235,C1,NA,NA
0.7339308632530214,0.0922192179783479,7086.924895605484,C1,NA,NA
0.7335466460287428,0.0899646087505192,7095.158975979814,C1,NA,NA
0.7369839774624055,0.09002852606845509,7090.660100192506,C1,NA,NA
0.736868291561147,0.09085254491454206,7087.732385389559,C1,NA,NA
0.7380302053308772,0.08882913602480184,7090.337214749624,C1,NA,NA
0.7357206913749377,0.09022135735914676,7095.463515370315,C1,NA,NA
0.7364478813501271,0.08982970917586508,7093.974763599221,C1,NA,NA
0.7340469459864855,0.0901798462559479,7094.519500769104,C1,NA,NA
0.7339341923697296,0.09014410822650219,7094.55979783966,C1,NA,NA
0.7373250986094864,0.09069072263334761,7092.24586922022,C1,NA,NA
0.7357177665659435,0.08878655610530689,7092.086864417012,C1,NA,NA
0.7361072422267245,0.09028990948918217,7092.240411503715,C1,NA,NA
0.7363297977992391,0.08975108521101693,7091.876609230142,C1,NA,NA
0.7364172568137874,0.09036475122611876,7092.504538540332,C1,NA,NA
0.7357382521406297,0.09023852231966392,7091.9450671134855,C1,NA,NA
0.7320058892906907,0.09042377477086223,7088.446088624755,C1,NA,NA
0.7351709303661365,0.09053547700639776,7094.097551845116,C1,NA,NA
0.7372704307460073,0.0908283069608777,7093.728222598871,C1,NA,NA
0.73429639214914,0.0890920522188284,7090.954178567494,C1,NA,NA
0.7363181289620291,0.0899419522601015,7094.709714583963,C1,NA,NA
0.7382462688109058,0.09165950683477694,7090.51987390423,C1,NA,NA
0.7361825553337175,0.08854278721546271,7088.298552306508,C1,NA,NA
0.7344332500438926,0.08917701260565064,7089.633107682791,C1,NA,NA
0.7361023331849399,0.08967865610519661,7093.053326175087,C1,NA,NA
0.7335089304435658,0.08941761058984711,7092.145014905493,C1,NA,NA
0.7353800665212222,0.08954257306409343,7093.3288539548,C1,NA,NA
0.7327950913357301,0.09042196128157035,7092.428341366141,C1,NA,NA
0.7354126945079782,0.0889192793207775,7089.524935641753,C1,NA,NA
0.7386716982308021,0.09058576902301158,7089.623641832519,C1,NA,NA
0.733558295720211,0.08979946971726574,7089.5867168946725,C1,NA,NA
0.735068980244311,0.09006441532527441,7094.481500442729,C1,NA,NA
0.7346582348576208,0.09007319033500541,7093.183873569627,C1,NA,NA
0.7334010954810248,0.09014046921764161,7094.454444267448,C1,NA,NA
0.7336917402980511,0.08977762515150364,7091.895242693481,C1,NA,NA
0.7368006830724823,0.09132952134688106,7088.3927784841435,C1,NA,NA
0.7341533275105993,0.09003054947323884,7092.863225290203,C1,NA,NA
0.7350201913283606,0.09040105991013388,7090.567889234074,C1,NA,NA
0.7368724004142194,0.0902813894336727,7087.196961410603,C1,NA,NA
0.7391949593514899,0.090436580316696,7090.550295119888,C1,NA,NA
0.7357017997280816,0.09163870317156067,7091.298027535855,C1,NA,NA
0.7381281980859329,0.08982520554968017,7092.288119489309,C1,NA,NA
0.7332944405351524,0.08928259429500338,7090.19498927975,C1,NA,NA
0.7360784036930602,0.09090289780035252,7089.8955916244695,C1,NA,NA
0.7350967815924657,0.08991111275581254,7091.81254999864,C1,NA,NA
0.7362263775084924,0.08913589023334373,7094.314933789117,C1,NA,NA
0.7369625906876262,0.0894740834936262,7087.651161836874,C1,NA,NA
0.7367459635769175,0.09109207481812434,7092.100305634254,C1,NA,NA
0.7321735969222236,0.08975061581424337,7088.628899573042,C1,NA,NA
0.734613613941764,0.08997198247298935,7089.5951604953225,C1,NA,NA
0.7373809505462768,0.09041047293722651,7089.4792032178575,C1,NA,NA
0.735656308826227,0.09012866879603383,7091.966917066758,C1,NA,NA
0.7348100430737569,0.09012251650455835,7093.22938143149,C1,NA,NA
0.7348996871295018,0.08935805232817311,7092.443311417966,C1,NA,NA
0.7384794501738386,0.08922749333663885,7090.51658013821,C1,NA,NA
0.7374732235302813,0.09105012948865926,7093.6728474730435,C1,NA,NA
0.7376192413418682,0.08996713615707523,7093.749424236813,C1,NA,NA
0.7324956465160134,0.09033963893411266,7088.635455500531,C1,NA,NA
0.7354946652557937,0.09084802898979281,7091.404261512856,C1,NA,NA
0.7355926272178425,0.08945014915908686,7093.314352864383,C1,NA,NA
0.7357512783813625,0.08937601634467554,7087.527083946353,C1,NA,NA
0.7336047947389357,0.09106139862810719,7091.77574897369,C1,NA,NA
0.7362277275402831,0.09003295025453427,7093.741269695062,C1,NA,NA
0.7351460362738204,0.08964378562166407,7089.234166304223,C1,NA,NA
0.7359808350444098,0.0904653195862508,7092.070210113811,C1,NA,NA
0.7343449086425063,0.08920974098567207,7093.165603887585,C1,NA,NA
0.7362306465350039,0.08901101242861789,7093.339047543406,C1,NA,NA
0.7342716891273974,0.09094895787427601,7093.6246527365975,C1,NA,NA
0.7357749144082305,0.09082951283925969,7093.796843290071,C1,NA,NA
0.7372389620118885,0.08844427733830673,7090.906985267799,C1,NA,NA
0.7348391952854647,0.09082803220794342,7093.219187578825,C1,NA,NA
0.7356673053242051,0.09083271424383423,7090.112356367701,C1,NA,NA
0.7323361740729395,0.08959842598802657,7089.834019197464,C1,NA,NA
0.7328169021704923,0.09069960631241535,7089.3291840055335,C1,NA,NA
0.7369987033318963,0.08852930014490605,7089.088774347916,C1,NA,NA
0.7314665562532269,0.08970381076592886,7092.272322104471,C1,NA,NA
0.7343906357005927,0.0911437828304063,7091.827021643006,C1,NA,NA
0.7343362530787396,0.09056225032118242,7092.499446593761,C1,NA,NA
0.7370436840543061,0.09100299613693312,7092.95178011289,C1,NA,NA
0.734105928475497,0.09017211516656676,7093.636265529067,C1,NA,NA
0.7359944835937424,0.0900203712146744,7091.488150532546,C1,NA,NA
0.7347539194971897,0.08988912546918065,7089.310459996614,C1,NA,NA
0.7356848089130413,0.09071432089245915,7094.502291625573,C1,NA,NA
0.7378811574192238,0.08959288282903843,7088.147876669148,C1,NA,NA
0.7305489635776119,0.0908697006780241,7084.029651380342,C1,NA,NA
0.7380599458894963,0.09136815722661214,7090.549121629274,C1,NA,NA
0.7376247820576152,0.09038378286327732,7091.156495754343,C1,NA,NA
0.7369038476648477,0.0886521529928179,7093.102367031434,C1,NA,NA
0.7345648466155955,0.08905388121819283,7092.620304829805,C1,NA,NA
0.7354984309795402,0.09003258796943342,7090.8203464503895,C1,NA,NA
0.7348343648583069,0.08954447193507935,7090.174061555315,C1,NA,NA
0.7340409137947528,0.08976102610908254,7093.038696888868,C1,NA,NA
0.7364716335451186,0.08995685889845031,7094.752231640766,C1,NA,NA
0.732685156281434,0.08823599787577185,7082.892551970364,C1,NA,NA
0.7332257713185969,0.08966498969234879,7094.710976525677,C1,NA,NA
0.7349413874543486,0.0909040149558158,7093.711506307935,C1,NA,NA
0.7334684575740388,0.0908459161630047,7092.965564559027,C1,NA,NA
0.7349778525490298,0.09028731096426199,7092.21128598886,C1,NA,NA
0.7337380812464273,0.08825831086976713,7090.183150723428,C1,NA,NA
0.7357606026237468,0.09072185541138868,7093.16007459072,C1,NA,NA
0.7354460624482326,0.08983931277727486,7093.480745874438,C1,NA,NA
0.7353302830484654,0.09051791558087041,7094.646690316839,C1,NA,NA
0.7311546419465952,0.08944294531553343,7088.833243616172,C1,NA,NA
0.7376993210274518,0.0891888153044504,7087.149579289967,C1,NA,NA
0.7368301473259404,0.09158736235961,7093.282957916816,C1,NA,NA
0.7350170723894184,0.0907072511734859,7089.814447201267,C1,NA,NA
0.7330801010980491,0.09016861145810826,7092.256003291143,C1,NA,NA
0.7356356304331201,0.09164456954750459,7091.864355231569,C1,NA,NA
0.7379083866975255,0.09081333001866645,7092.046878907551,C1,NA,NA
0.735924267083249,0.0900252514031264,7094.075996654945,C1,NA,NA
0.7334321840780392,0.08982196246646207,7089.1897314755015,C1,NA,NA
0.7349358834092755,0.089446817698177,7092.322379563832,C1,NA,NA
0.7347187794148016,0.08977381496220402,7089.127852344211,C1,NA,NA
0.7346239287642616,0.09048623644872732,7088.68442680877,C1,NA,NA
0.7354821845690442,0.08895750236178375,7087.825474699338,C1,NA,NA
0.7379829412811836,0.08982072196934993,7092.288276466443,C1,NA,NA
0.7359511929278041,0.08999025484190952,7092.459419362325,C1,NA,NA
0.73316158882728,0.09041914003559828,7090.082473316359,C1,NA,NA
0.7372658498875138,0.09013223344143953,7091.744580665632,C1,NA,NA
0.7361504832119778,0.09167721480165447,7090.681325015796,C1,NA,NA
0.7357934319918611,0.08898228268550995,7090.497586684059,C1,NA,NA
0.7353461202290792,0.09049527042973024,7094.018301367696,C1,NA,NA
0.7369083005597662,0.09103810579862026,7094.976456332134,C1,NA,NA
0.7388839947708792,0.09018337419008941,7088.44816417093,C1,NA,NA
0.7353693187886441,0.08977387976609155,7089.131811767461,C1,NA,NA
0.7362920605773593,0.08849258595248072,7091.379394214251,C1,NA,NA
0.7345892288990354,0.0906413814222563,7092.580667144225,C1,NA,NA
0.7341802289301939,0.08951219692422364,7093.540654172497,C1,NA,NA
0.7358366846992287,0.09069961614895386,7093.121008553817,C1,NA,NA
0.7346542930161333,0.08944094335256157,7094.747362340649,C1,NA,NA
0.7354057977828447,0.09010377295898771,7093.3112441141075,C1,NA,NA
0.7375423736086203,0.09029934099673478,7090.503609700072,C1,NA,NA
0.732619112850201,0.08893065892655204,7091.307663577753,C1,NA,NA
0.7351588921861063,0.09063199766013388,7092.8961532265785,C1,NA,NA
0.7353154978992793,0.08918683623176213,7091.0670508342355,C1,NA,NA
0.7355028175216768,0.09153697153344457,7092.71816229242,C1,NA,NA
0.735152161316516,0.0899380448472771,7093.778622165076,C1,NA,NA
0.7375328046433904,0.08996767785824147,7094.384910574023,C1,NA,NA
0.739647567347479,0.08908348597287542,7087.350689146024,C1,NA,NA
0.7355943413502767,0.08934475040799653,7092.911628719768,C1,NA,NA
0.7362823184436302,0.08976882141961989,7091.386965106982,C1,NA,NA
0.7336005256944278,0.09192165161600829,7089.93980005063,C1,NA,NA
0.734928942875969,0.09112799550279202,7092.349933738658,C1,NA,NA
0.7368654295963363,0.0904941112474003,7094.296553213897,C1,NA,NA
0.7359271693767487,0.09014708759184714,7094.335381539397,C1,NA,NA
0.7365901557427897,0.08932876971320583,7093.664033524774,C1,NA,NA
0.73050452982203,0.08961094025602669,7088.554349661718,C1,NA,NA
0.7364278383321791,0.0895019297772609,7093.800550821313,C1,NA,NA
0.7376013409405755,0.09121208972627406,7089.472875860162,C1,NA,NA
0.7386424825184514,0.09058328782180222,7089.353061711877,C1,NA,NA
0.734674450377943,0.08934409218813215,7092.990577303122,C1,NA,NA
0.7337402601972032,0.09112766933407956,7091.957691382995,C1,NA,NA
0.7335534137636477,0.08937613711745777,7082.305344806959,C1,NA,NA
0.7345904063212783,0.09092093011870042,7091.9071830194125,C1,NA,NA
0.7353421645572289,0.08964726394968814,7091.719652073472,C1,NA,NA
0.7365353019729176,0.09038007848403203,7088.211266430743,C1,NA,NA
0.7341542071856185,0.08888258827089074,7092.702262572085,C1,NA,NA
0.7343322670208169,0.08823521196332698,7086.033559646794,C1,NA,NA
0.7340888200838714,0.08849716700113297,7087.047407449925,C1,NA,NA
0.7358819020418094,0.08896587157714306,7091.627505314624,C1,NA,NA
0.7333576677280021,0.09115892614974531,7092.109023400761,C1,NA,NA
0.73841374248208,0.08987771459739342,7089.023041783522,C1,NA,NA
0.7378900779981111,0.08932015394058626,7090.478712355938,C1,NA,NA
0.735569611512473,0.08912012991211637,7091.529387781698,C1,NA,NA
0.732810919830114,0.09004909522260572,7092.213429043093,C1,NA,NA
0.7355480922821951,0.08927136413664108,7092.5250663653005,C1,NA,NA
0.7342304514558115,0.08946451595995318,7094.254649917218,C1,NA,NA
0.7374021443413823,0.0886420051228323,7090.024358800644,C1,NA,NA
0.7330574926773534,0.0898194512005755,7093.060111096929,C1,NA,NA
0.7367677250286857,0.0909582132166644,7091.052123695279,C1,NA,NA
0.7382053899059849,0.08989775767069824,7088.54803022925,C1,NA,NA
0.7383550915416118,0.09081446299133204,7090.128019871681,C1,NA,NA
0.7339984022558443,0.08995379432366932,7090.390027492166,C1,NA,NA
0.7347293267913095,0.09092593544166072,7090.261617538583,C1,NA,NA
0.736665193088438,0.0894118846477917,7094.070374239323,C1,NA,NA
0.7372464962955598,0.08981612972079242,7091.836114336477,C1,NA,NA
0.7375575576917446,0.08910230995952956,7091.501346792735,C1,NA,NA
0.7360485581480452,0.08894826393598869,7092.800869755973,C1,NA,NA
0.7355200785583886,0.09004644810960914,7092.278115070848,C1,NA,NA
0.7341827257685215,0.08909637803058158,7091.5235052817125,C1,NA,NA
0.7370142388115616,0.08947788615221766,7094.0767020355725,C1,NA,NA
0.7362294027164632,0.08945359909693876,7089.925596219472,C1,NA,NA
0.7341115185112828,0.08970197488419333,7093.399942731693,C1,NA,NA
0.7350122478983383,0.09015837638801388,7090.460926657101,C1,NA,NA
0.7331296676382616,0.08882127714813068,7091.710919775237,C1,NA,NA
0.7351145208605555,0.08868574747734954,7091.681853038189,C1,NA,NA
0.7359037698028476,0.0900128219200359,7092.684212679936,C1,NA,NA
0.7355813740490658,0.08988570015519912,7091.525521026632,C1,NA,NA
0.7348737968434874,0.08902942677667719,7094.62843870671,C1,NA,NA
0.7355389615999082,0.09154373078149275,7090.415770085235,C1,NA,NA
0.7373893213325994,0.08976121035756413,7094.436897262307,C1,NA,NA
0.7359196945035857,0.08924090242839888,7093.307901682786,C1,NA,NA
0.7388745245617505,0.08971086592043709,7090.266508870999,C1,NA,NA
0.735138150831354,0.09045189686459397,7090.2249833572905,C1,NA,NA
0.7346087458919585,0.08835161596422889,7087.866526646929,C1,NA,NA
0.7348032440675933,0.09096681570450653,7090.168165372762,C1,NA,NA
0.7358529239940522,0.09037217505497276,7093.231231804908,C1,NA,NA
0.7347011591420165,0.0900669717999078,7094.431046148319,C1,NA,NA
0.7364397275084571,0.08944386325761859,7091.05967850423,C1,NA,NA
0.7321917925685985,0.08811687921230534,7088.510375024239,C1,NA,NA
0.7361684201123632,0.0894914291150119,7093.249522490794,C1,NA,NA
0.7352280524271436,0.09061886761133012,7090.48491003377,C1,NA,NA
0.7347986001595294,0.08931175122299301,7091.83220627332,C1,NA,NA
0.735964112242603,0.09086440555457578,7089.326730249624,C1,NA,NA
0.7373991795251238,0.0908535490471473,7083.988564338383,C1,NA,NA
0.7353022449651071,0.09083550322992537,7093.1017942419685,C1,NA,NA
0.7362703222645776,0.091176447136884,7085.652660377803,C1,NA,NA
0.739537115289204,0.08914348114402892,7085.04790825164,C1,NA,NA
0.7341404462973988,0.09049436608083061,7090.081995510503,C1,NA,NA
0.7340745005477666,0.09110800844357048,7088.868576918494,C1,NA,NA
0.7356301982108765,0.09083467927405331,7089.4188833759345,C1,NA,NA
0.06781296933894614,0.1980453347896841,184.05552419630305,C2,NA,NA
0.06268990863878099,0.18802655608999033,189.31050730374935,C2,NA,NA
0.06451869755423756,0.1925838493593311,186.9311005970149,C2,NA,NA
0.06254980607912418,0.20184489657718743,191.7593297177794,C2,NA,NA
0.06393410514800736,0.193958397662457,190.33030503875938,C2,NA,NA
0.07300305676447606,0.19182811614506326,189.35356676965674,C2,NA,NA
0.0741651387170469,0.19302024345092522,191.70819617149493,C2,NA,NA
0.05878462957085352,0.18878660694733324,189.08810739278397,C2,NA,NA
0.05631912284581363,0.2020835643480076,190.27424251494364,C2,NA,NA
0.06690850821822786,0.1920055392875565,190.53391025707205,C2,NA,NA
0.06953881615055828,0.19485944487466206,188.95225628559055,C2,NA,NA
0.06072890141032583,0.19063685884139994,187.25970060159113,C2,NA,NA
0.07055670929452387,0.19402384953326085,191.9916906911657,C2,NA,NA
0.0665638591395736,0.19008712293443478,189.3875659753014,C2,NA,NA
0.06382846144835237,0.19983507729384262,190.27681047922547,C2,NA,NA
0.08093995285221149,0.1998152073386358,185.3867811660093,C2,NA,NA
0.05093863812430058,0.20778788510215468,188.12914908170728,C2,NA,NA
0.07274642519783295,0.19449789019711466,190.4800439373963,C2,NA,NA
0.0654599652912147,0.19372751850659067,191.0020097452492,C2,NA,NA
0.06512687367770936,0.20211751211226242,184.18834136437388,C2,NA,NA
0.06918773646901769,0.19883210175357446,190.06721814311643,C2,NA,NA
0.06568199222609945,0.19397496434727576,192.64909480429765,C2,NA,NA
0.073867106645671185,0.19427776442661948,190.54738729173073,C2,NA,NA
0.06753192357546853,0.20244939984757104,189.16189810548556,C2,NA,NA
0.062362489840521375,0.1899026463695439,190.92788697930766,C2,NA,NA
0.06167871970285935,0.1912106290174253,189.7525354091467,C2,NA,NA
0.06667066448025462,0.19394941051865838,189.6474351464956,C2,NA,NA
0.0735023249973,0.19182807436123608,191.06098885194842,C2,NA,NA
0.05459401403722032,0.19242795139663357,189.42553141748127,C2,NA,NA
0.06222019313601544,0.20261744864427161,186.09319915090032,C2,NA,NA
0.07563504454209756,0.19936040380701875,190.5648336030642,C2,NA,NA
0.06283779085528064,0.1959036304033532,190.46909443309303,C2,NA,NA
0.06262377953759828,0.20285621559316816,189.79739855965684,C2,NA,NA
0.06467340707964793,0.19840021750025152,189.37859597820744,C2,NA,NA
0.06837958227140623,0.19826059761990683,186.49857681839293,C2,NA,NA
0.06524793345209846,0.20331653849983047,188.97529907261102,C2,NA,NA
0.07562207276634317,0.20172094048463973,185.53368245296758,C2,NA,NA
0.0629530169591346,0.1946464739168668,186.9588075719907,C2,NA,NA
0.06249955740665212,0.19012580561689774,191.1172240219932,C2,NA,NA
0.06489546010758951,0.1955796061702336,192.92206951369545,C2,NA,NA
0.07031704925030295,0.19381578451759668,190.35126955501758,C2,NA,NA
0.06313795743043753,0.19608062870858853,191.86266534876486,C2,NA,NA
0.06533882788862701,0.19692418461800082,189.7100873640175,C2,NA,NA
0.05917406239420937,0.19438519423620373,189.80400519120462,C2,NA,NA
0.057917910375637864,0.1961493565742499,186.4782615621408,C2,NA,NA
0.04189926148857776,0.19394278674800952,185.13712407990306,C2,NA,NA
0.06854477104626107,0.19915789739495163,186.37984050274028,C2,NA,NA
0.05537331537409791,0.20019504153864956,189.45215279543305,C2,NA,NA
0.062098561828193496,0.19542838454270153,190.158628981954,C2,NA,NA
0.07897269193777356,0.19652901026309716,190.40943081931994,C2,NA,NA
0.06677684500891462,0.195472785330824,191.3959569950939,C2,NA,NA
0.0591011058007685,0.19148222197575238,183.6383870755989,C2,NA,NA
0.07004529289559362,0.2029538882163415,191.77027384850334,C2,NA,NA
0.08428993543691565,0.19118277227521635,189.22818609597846,C2,NA,NA
0.06637602535847485,0.19199461695038683,189.15858498836835,C2,NA,NA
0.07245798853624351,0.20259366161178155,187.45329962498823,C2,NA,NA
0.06214552942733315,0.19438255932404366,186.316772508493,C2,NA,NA
0.06756597477132752,0.20506185670167,190.41241507373465,C2,NA,NA
0.0692734925920163,0.19738344418955045,189.50162613048488,C2,NA,NA
0.06347097324175299,0.1996573247938058,189.9284258550403,C2,NA,NA
0.06766129006833947,0.20164242622195142,189.32339945569095,C2,NA,NA
0.066774043149706655,0.19940901264781824,193.13918501521826,C2,NA,NA
0.05804122914274794,0.19991993135854927,189.5223213609098,C2,NA,NA
0.05764533731962248,0.19154193721952406,190.0960359402462,C2,NA,NA
0.06524171580957834,0.19455830705638152,192.21220484960455,C2,NA,NA
0.07543514583320228,0.1973838579206199,187.1966684798085,C2,NA,NA
0.06619638446139879,0.19134353029747822,192.65371721367583,C2,NA,NA
0.06542738518318277,0.19767620338784148,193.13000462295872,C2,NA,NA
0.06322263819144466,0.1954204293465943,190.66506318346785,C2,NA,NA
0.06190542222944413,0.20185668256803768,190.8133740718085,C2,NA,NA
0.06722997931148798,0.199626274001132,189.82188100945893,C2,NA,NA
0.07207697904829999,0.19879258667699723,188.7765045940723,C2,NA,NA
0.06189691130358931,0.1963969267759016,191.02942125813397,C2,NA,NA
0.07031926563841749,0.19457077314511378,188.90683588091227,C2,NA,NA
0.07590665901093147,0.19817845289962716,188.2126968454072,C2,NA,NA
0.06159563105952866,0.1908190598583347,186.53391846505394,C2,NA,NA
0.06231557413525214,0.20020839126497744,191.80145717465936,C2,NA,NA
0.06547898872517331,0.20189997595511278,189.00888813728673,C2,NA,NA
0.07786274658775684,0.19201041774808167,191.3089994276797,C2,NA,NA
0.06151114494779143,0.1953290194069403,191.3301211813269,C2,NA,NA
0.07040655624059879,0.19684024739066985,189.0182754601295,C2,NA,NA
0.07870697227385606,0.19928016510931176,187.96284432902658,C2,NA,NA
0.070777531511065,0.19403564047510302,186.93057124564265,C2,NA,NA
0.0629685936515014,0.1977065292690679,192.77798430954513,C2,NA,NA
0.04988691347755987,0.201649226176797,188.18815205643753,C2,NA,NA
0.07188698391384964,0.2040529805901627,190.34125174913507,C2,NA,NA
0.07718351577306001,0.19432766824797626,187.83728145022175,C2,NA,NA
0.07866100744791674,0.19295435635594796,190.30572861040778,C2,NA,NA
0.0644824869090266,0.196123576562083,194.065505712345,C2,NA,NA
0.05745114562025325,0.19339043418310278,186.91925553006908,C2,NA,NA
0.07330902038858043,0.1999501286671075,191.69526943257247,C2,NA,NA
0.06179562291151156,0.20039814487022203,190.70249926596918,C2,NA,NA
0.06566412480613677,0.19237310516364697,190.5185545797753,C2,NA,NA
0.06737680524750433,0.18926618556288025,187.96516848586876,C2,NA,NA
0.06602444214860102,0.19759293957671661,186.7732325787913,C2,NA,NA
0.06106242668438651,0.19845397759243408,189.44589716321727,C2,NA,NA
0.08456150226756456,0.18757532112298483,183.16006922817098,C2,NA,NA
0.04879248345508806,0.1984318641907617,188.75687687290448,C2,NA,NA
0.06514464889881302,0.1933515677350341,191.96908823101768,C2,NA,NA
0.07095546949981771,0.18633401644761782,187.66025082167613,C2,NA,NA
0.06856716497562096,0.19728029795046567,191.18280937642092,C2,NA,NA
0.06232575041376138,0.19930077442366081,192.6299248037402,C2,NA,NA
0.05396530752315356,0.19641345811149943,186.88765015062145,C2,NA,NA
0.08202539712810339,0.19765691076560155,189.69931352713144,C2,NA,NA
0.05522682847956146,0.1968852746365278,189.92958603293496,C2,NA,NA
0.05779786222223513,0.1919151674442575,190.29243965603646,C2,NA,NA
0.07303405281779224,0.19784741270541306,189.72092382885256,C2,NA,NA
0.0656755753356887,0.19153147229322098,191.15596459479352,C2,NA,NA
0.07394769856919006,0.19622403254103996,186.23425464863018,C2,NA,NA
0.07794781727521057,0.19373625753655904,190.5270538601809,C2,NA,NA
0.056885928608038525,0.20146842321687727,184.0407872064565,C2,NA,NA
0.061603821016919996,0.20218182674408663,187.0493817255413,C2,NA,NA
0.06851695430931565,0.20170602627192535,190.5441330716503,C2,NA,NA
0.05758140288347869,0.20513141790354422,191.22029627347464,C2,NA,NA
0.07749158551725717,0.19690898301361195,190.54777866988974,C2,NA,NA
0.07783169854994039,0.20881109389040364,186.20158748487253,C2,NA,NA
0.06048949340237719,0.19630706317955296,188.5864918646641,C2,NA,NA
0.06502517444145664,0.1994440268218106,188.92783362234073,C2,NA,NA
0.06147678707655007,0.19390830846394458,185.78192601102063,C2,NA,NA
0.07691959741820059,0.20274428580120088,186.7496866329463,C2,NA,NA
0.0726074300397469,0.18758607106204128,189.27726582161844,C2,NA,NA
0.058519143077341094,0.19995311459741746,190.0839827674972,C2,NA,NA
0.07096414887948561,0.19497366834955412,191.03230897270439,C2,NA,NA
0.06536752750172457,0.19684495684042536,191.30987861288355,C2,NA,NA
0.058445098925318864,0.19855225607732002,184.97750572799794,C2,NA,NA
0.06003518477630822,0.19786539839302483,190.76708206462303,C2,NA,NA
0.084325515428448225,0.1928069986377276,189.3381021832747,C2,NA,NA
0.0639580352245409,0.19180591725740773,188.5961531834784,C2,NA,NA
0.07028665027261165,0.19937165800444612,186.7761672391426,C2,NA,NA
0.07172356055721801,0.19854495050401577,189.92238534957272,C2,NA,NA
0.05670304558160209,0.18826837334722293,185.94721495478365,C2,NA,NA
0.05750353968820547,0.19313839990318213,189.8970989836909,C2,NA,NA
0.0731420485365718,0.18991001077490258,187.1184342322623,C2,NA,NA
0.06753491689629076,0.18979127998272646,187.86647265796339,C2,NA,NA
0.06819123630435078,0.19859622034345767,189.80484998986174,C2,NA,NA
0.07182082288162792,0.19405607652412626,188.68759690344226,C2,NA,NA
0.0702368829864068,0.19694076362493568,191.55191385262702,C2,NA,NA
0.0486425221176743,0.19577875578866313,187.05506953409028,C2,NA,NA
0.06840036605098994,0.19651519078849905,189.42069287819015,C2,NA,NA
0.07503519972874298,0.20269791410719729,190.1069252484394,C2,NA,NA
0.07994209869218663,0.20383774205371682,186.93667768312227,C2,NA,NA
0.06593553664120279,0.19436618678813342,189.93743221647185,C2,NA,NA
0.07429014354532275,0.19436820483144185,191.0320470061666,C2,NA,NA
0.05382244879780748,0.19553852983796277,188.28008702400382,C2,NA,NA
0.07483235817350925,0.19467324113875695,183.362464519153,C2,NA,NA
0.0742334440667285,0.19954340091910483,188.72384906027023,C2,NA,NA
0.06531588550673141,0.18930077920645322,183.854318337027,C2,NA,NA
0.06700617183986511,0.19082099631962385,187.75368713232749,C2,NA,NA
0.08067701507243998,0.1990504195985872,189.5235744661455,C2,NA,NA
0.07111131099534428,0.2036491588960453,187.56558430096837,C2,NA,NA
0.06965000155525844,0.19163090617952094,191.1680208768625,C2,NA,NA
0.06919714377975411,0.20261815967749025,190.30930006928725,C2,NA,NA
0.059066255058185586,0.1889286715724184,188.4872287427055,C2,NA,NA
0.05974948288736518,0.20080450736735295,184.3667789935467,C2,NA,NA
0.06021150658173491,0.19585027841273828,186.9119707908364,C2,NA,NA
0.06852129934598589,0.19804872430286016,185.25627228189688,C2,NA,NA
0.06455336952298539,0.2071940602598113,189.297533727185,C2,NA,NA
0.0755572664169138,0.20216604375729266,190.0405090736654,C2,NA,NA
0.0664368294773448,0.1939214631549183,188.12991021105555,C2,NA,NA
0.06764296177528288,0.19036936630463394,191.46167404954542,C2,NA,NA
0.05990857496360873,0.19243691832927579,191.66417756158182,C2,NA,NA
0.06625192778419045,0.20234951959767533,188.93564122267867,C2,NA,NA
0.07898229167534469,0.1875782705524886,184.07290885733806,C2,NA,NA
0.06266652331144261,0.1952938903269577,191.28301598108538,C2,NA,NA
0.07276496750014338,0.19761201589112665,188.18131726277016,C2,NA,NA
0.07426639778486555,0.19904199689925475,191.59889135096162,C2,NA,NA
0.07712832386219405,0.19424383732893666,183.5887978238033,C2,NA,NA
0.0682061911543752,0.19865657944417242,191.65225447488135,C2,NA,NA
0.061907665411569196,0.18796578160077926,188.69695292570827,C2,NA,NA
0.06034463744083268,0.20064173670657745,189.8211476917278,C2,NA,NA
0.06094827910883145,0.1961475679850835,190.49826518583717,C2,NA,NA
0.04635453648522022,0.19685370236357472,177.06739743697997,C2,NA,NA
0.07262879968912352,0.2031053360895817,186.83435122295376,C2,NA,NA
0.07799621377962515,0.1957804943588848,190.48065052207335,C2,NA,NA
0.07941421924974253,0.2001871974178342,190.8810597266366,C2,NA,NA
0.06990652089423993,0.19120773681616454,192.01716102201655,C2,NA,NA
0.06525384533731361,0.2001715147805502,189.99201134734562,C2,NA,NA
0.0826127464735169,0.19618874866180985,187.02261197481386,C2,NA,NA
0.056326996506685115,0.18804483987887335,188.96703919073582,C2,NA,NA
0.07024951414769283,0.19907795615734736,192.35025767311268,C2,NA,NA
0.058493994604807566,0.197000798935526,186.73173767289217,C2,NA,NA
0.06823157557946284,0.1911228821847574,191.37879533723296,C2,NA,NA
0.06404811160623033,0.19583043302372488,191.6105296520252,C2,NA,NA
0.060567582584187984,0.19697365149333118,186.89378787811015,C2,NA,NA
0.06669102879198925,0.19242383870528929,190.1314728853682,C2,NA,NA
0.08066234586162772,0.19561163177140853,189.9288516815368,C2,NA,NA
0.06938088360620034,0.19660303634377707,190.49988085094094,C2,NA,NA
0.06641587347987638,0.19807384375974152,189.90312814547534,C2,NA,NA
0.0563735378218105,0.20010172443263488,189.7656249462101,C2,NA,NA
0.06345169237410135,0.2027867755434516,190.38253097880408,C2,NA,NA
0.06625799595115131,0.19386949548915888,192.2046662715197,C2,NA,NA
0.07429770259233257,0.20148222490278578,189.63020679933248,C2,NA,NA
0.0772705320879341,0.19903989181336823,188.91385582154066,C2,NA,NA
0.06031531385943803,0.20178838816304198,187.91474978745225,C2,NA,NA
0.06406065026258578,0.2082196926769478,187.6420556135545,C2,NA,NA
0.05991109941792374,0.19589155096163227,190.43483285989382,C2,NA,NA
0.056377346282650745,0.1961669568895015,190.0354626430602,C2,NA,NA
0.07268333801137782,0.20305961778481235,188.17122883140632,C2,NA,NA
0.06811061331323326,0.20228665705072513,187.5082617561982,C2,NA,NA
0.07031071580621304,0.1985591025559358,188.88398718437108,C2,NA,NA
0.06881501914002387,0.19963137001340173,187.61568388284826,C2,NA,NA
0.05935196948326528,0.19730303773864086,190.20170159102713,C2,NA,NA
0.06029701459809699,0.20070426027083035,189.91092081770321,C2,NA,NA
0.08207288079252975,0.20040120843156153,185.873090924444,C2,NA,NA
0.06301950288551533,0.19432546724014535,189.88301814740015,C2,NA,NA
0.07182751780414297,0.2014106305603081,189.30696593831684,C2,NA,NA
0.05729318293972849,0.20108969853051417,189.80892670510113,C2,NA,NA
0.04600649652444311,0.19645456288831242,188.11310559475862,C2,NA,NA
0.05571142702776087,0.20220530880229629,187.83276707671243,C2,NA,NA
0.06671798210324738,0.1983922258915635,188.43239549891518,C2,NA,NA
0.06423234403932016,0.19551583549727566,186.79696928979166,C2,NA,NA
0.06607661986457727,0.19554603330713957,190.17174419476518,C2,NA,NA
0.05449693789453124,0.1980061845499521,189.02423401578352,C2,NA,NA
0.07118098209161496,0.19655651547976039,188.71704481276612,C2,NA,NA
0.06461785682457351,0.2073271275674205,189.46408200341207,C2,NA,NA
0.07060246704060617,0.19255386221493914,190.670694752956,C2,NA,NA
0.05737002330301257,0.20849085720637078,184.52763261677418,C2,NA,NA
0.06307230587097631,0.19572374813574683,190.31872207935353,C2,NA,NA
0.06730738998017535,0.20078602202332793,189.65298794196644,C2,NA,NA
0.07046659919616863,0.19742164152569155,190.4726756456945,C2,NA,NA
0.060107203487268036,0.19126202207303855,188.4766097707325,C2,NA,NA
0.05703240897685491,0.1944759188400204,190.78620656690694,C2,NA,NA
0.06954622805902817,0.20990692207945094,187.6875055960132,C2,NA,NA
0.06447628371073115,0.1895163717844288,190.4024073501035,C2,NA,NA
0.07203246020385552,0.19367656239963307,189.86466131925513,C2,NA,NA
0.06117236901855825,0.194769879243457,187.67108415355455,C2,NA,NA
0.07714988890147596,0.19699932436890966,187.13625672359387,C2,NA,NA
0.0761390504210377,0.19800404131428323,188.46820828876153,C2,NA,NA
0.06049280572818703,0.1962594596824044,188.09571873969267,C2,NA,NA
0.06826791219308805,0.19489391575558482,189.01561043966137,C2,NA,NA
0.056375458553907194,0.19077191107127686,186.13364850641972,C2,NA,NA
0.07240218172837898,0.1960748601708218,190.58489905737645,C2,NA,NA
0.06780952232248517,0.20085780296276443,191.14780813820977,C2,NA,NA
0.0716153513288196,0.1998103765258394,188.82182766900175,C2,NA,NA
0.06263433917542457,0.19982963776228294,187.7335441066117,C2,NA,NA
0.07395142680153183,0.20799449301823553,189.2876615941195,C2,NA,NA
0.05151851800464851,0.1988649055713587,191.13815982361967,C2,NA,NA
0.06190947873217167,0.19785373260373135,187.82542681302826,C2,NA,NA
0.07100102619764745,0.19639472750573977,188.79460129715943,C2,NA,NA
0.07036624674881412,0.2004908505796796,191.42638302264018,C2,NA,NA
0.07825989195674354,0.19531487199985068,187.8459222773498,C2,NA,NA
0.08208606558218512,0.1989234783785081,187.30184355915577,C2,NA,NA
0.05934464895229564,0.19535757427882317,188.733945709407,C2,NA,NA
0.06775458493117298,0.19041766110576486,191.58594153124153,C2,NA,NA
0.06629738703781614,0.19982113321240963,189.25656621632166,C2,NA,NA
0.08482267150037406,0.19592874196341123,189.1207072324789,C2,NA,NA
0.0771974130162552,0.19839543061876921,187.50412803310388,C2,NA,NA
0.058023210253874344,0.19340284783429393,188.56496562155516,C2,NA,NA
0.06076577794599998,0.20509181303808172,188.41220696613794,C2,NA,NA
0.06409971769370587,0.1976071536085614,189.87743390032713,C2,NA,NA
0.06193703000227348,0.20310665655068344,188.55753584860278,C2,NA,NA
0.07537512742267734,0.19784527877085803,179.5804593506213,C2,NA,NA
0.08284918908322703,0.19694632889751262,185.29201588355454,C2,NA,NA
0.06327459851445451,0.19572988057799523,191.25803497497924,C2,NA,NA
0.06439947881414125,0.18592583897274378,189.19614383675372,C2,NA,NA
0.06312256211474232,0.19679263457483692,189.8529417830841,C2,NA,NA
0.07197182930742332,0.2113412400345835,185.3114332185983,C2,NA,NA
0.06387274546799655,0.19882079610610562,191.4695684261512,C2,NA,NA
0.055598819237464,0.19411260703262218,186.364454935785,C2,NA,NA
0.06866377051369722,0.1986491386600247,189.50373559392517,C2,NA,NA
0.06781856226914759,0.19944407838422354,190.37113821760275,C2,NA,NA
0.06443838836281351,0.20182783215251635,191.1548922008852,C2,NA,NA
0.06408179263733435,0.19748226501955551,192.2713124703728,C2,NA,NA
0.0650813483801609,0.19321733362389804,187.27201117846028,C2,NA,NA
0.07371864571167534,0.192604481720974,193.36656880346374,C2,NA,NA
0.0760014146211045,0.1974224093320483,185.06858520493563,C2,NA,NA
0.05812965075625699,0.20101464261490898,188.00312634376462,C2,NA,NA
0.06106814616455057,0.20118671047900316,191.7630798668481,C2,NA,NA
0.07255758916202008,0.20124913748822792,190.63917222368502,C2,NA,NA
0.05853837036316933,0.19988414263561433,189.62143898775992,C2,NA,NA
0.06252498788399373,0.19213871406147925,184.01756108634024,C2,NA,NA
0.07487094668991791,0.1963709719081715,188.54044560215513,C2,NA,NA
0.07213523816320659,0.192491776043817,187.32475847106852,C2,NA,NA
0.07335355774090584,0.2016306098888337,188.49004875731347,C2,NA,NA
0.073173964522732,0.19604137489810258,192.90326005593963,C2,NA,NA
0.06089922794570619,0.1945159882256932,191.15911317113844,C2,NA,NA
0.0659385870323906,0.20091704233048813,191.97111247978177,C2,NA,NA
0.06816872563288975,0.20134170800951545,191.85436450537316,C2,NA,NA
0.06890364723364151,0.1917149210938478,190.62912525003384,C2,NA,NA
0.07162554804819768,0.19709053179732888,187.17804814559634,C2,NA,NA
0.07179135424994672,0.20037652953427673,191.44031230987144,C2,NA,NA
0.0640788291490694,0.19800279564156284,192.86678947150773,C2,NA,NA
0.057538214164112735,0.1941290936342006,188.26603181490412,C2,NA,NA
0.06304274427117913,0.20031217105521443,187.58257569197076,C2,NA,NA
0.08483524217532935,0.1961014280887068,185.62994997380727,C2,NA,NA
0.07320727523658965,0.20411203650339857,189.175740101912,C2,NA,NA
0.06588011871385299,0.19255071096148965,191.55643544304104,C2,NA,NA
0.061003581788653546,0.192229472144208,185.0484893899087,C2,NA,NA
0.06584646906095522,0.2008405050364937,192.30523113387483,C2,NA,NA
0.07226761505744791,0.19303502607222361,192.75742738780056,C2,NA,NA
0.07181304434815057,0.1988705809542859,189.07828205478972,C2,NA,NA
0.06974007743738504,0.20308176519457824,192.3312043769236,C2,NA,NA
0.06897146655941601,0.19200088711987998,190.96797547662504,C2,NA,NA
0.07379964190642886,0.18606786327595023,184.3833698980374,C2,NA,NA
0.06412375757056998,0.19608063017692787,190.02215142479358,C2,NA,NA
0.07399296060334132,0.19883638974571125,190.7702297523545,C2,NA,NA
0.07659292223754087,0.19297490010624035,188.929149228571,C2,NA,NA
0.0687751684281553,0.1999723125526493,193.45430500151863,C2,NA,NA
0.0822136272832401,0.19895518624895953,185.13590302065967,C2,NA,NA
0.058048013569539036,0.19128196988295026,188.83445859920974,C2,NA,NA
0.07633826518512814,0.20196968350265035,190.55783356971403,C2,NA,NA
0.044861420213932635,0.20003952650297735,184.7898022538526,C2,NA,NA
0.06461912098453404,0.19388719465573193,186.683096411936,C2,NA,NA
0.07660540387497164,0.19458038873113098,184.27455990664734,C2,NA,NA
0.05672420306104731,0.19795626019616203,190.14408547040594,C2,NA,NA
0.06348435183245742,0.19525737569314586,186.98463708071114,C2,NA,NA
0.08026805971406785,0.19586706466209022,191.10261641262758,C2,NA,NA
0.06633043843528777,0.1975299261749371,187.50330172024965,C2,NA,NA
0.07069610788812168,0.2123175996189526,187.71306469578653,C2,NA,NA
0.0627460035239821,0.19809846059566583,192.42176994460834,C2,NA,NA
0.06314568774412185,0.19971796372388434,192.86474317206782,C2,NA,NA
0.06622273779461918,0.1929540719657691,190.82981812591177,C2,NA,NA
0.06414808523771141,0.1976712955866908,191.08444707684657,C2,NA,NA
0.0716118720507408,0.19986693622687418,190.7302306655757,C2,NA,NA
0.0647584740268035,0.199964434968735,191.34907278079677,C2,NA,NA
0.061864999938864455,0.20454308343996125,189.31783607965707,C2,NA,NA
0.06927433274081791,0.19616716719206995,190.8767722461399,C2,NA,NA
0.0804868300347899,0.18823546075795575,183.24310934117378,C2,NA,NA
0.06682303155391064,0.20316776925212143,186.53334298138623,C2,NA,NA
0.06945761591983278,0.19289538335534126,190.65837701012387,C2,NA,NA
0.06438208685259189,0.1947502060958583,193.01742412178695,C2,NA,NA
0.06762640736836126,0.1965663909962738,193.45293365169525,C2,NA,NA
0.057910292882262626,0.20322913041696733,187.11327437043505,C2,NA,NA
0.06765678532354746,0.1939233239090275,190.43337595875172,C2,NA,NA
0.061425707306026825,0.18822680143752696,187.2013122742395,C2,NA,NA
0.05699181173774603,0.1909269975181144,191.18278997273308,C2,NA,NA
0.06454467842789774,0.19506372756004473,192.38111203654563,C2,NA,NA
0.0674597209869527,0.19463916258277997,192.4131185654419,C2,NA,NA
0.05431721347518714,0.1945733310521128,189.68474225319144,C2,NA,NA
0.04921112253757508,0.2002356677642141,186.40708524353502,C2,NA,NA
0.05359342189223063,0.19380497540080077,190.19707698408075,C2,NA,NA
0.057842439806534265,0.19148054678739326,189.9598023474143,C2,NA,NA
0.06093565788589196,0.1959123592971239,189.33317285523495,C2,NA,NA
0.05569274323545093,0.19644742712197333,189.26725215007582,C2,NA,NA
0.07559549195201101,0.18952590371740052,180.16613343010246,C2,NA,NA
0.07259417693849438,0.20308433354657013,190.8629097319998,C2,NA,NA
0.0632138068106508,0.1912840876669432,190.33985295218423,C2,NA,NA
0.06633968831049833,0.19507793821542038,191.12543717501018,C2,NA,NA
0.07690896685746279,0.20273429473123897,189.3250209693095,C2,NA,NA
0.08323396176000905,0.2036645406299853,187.57958089295687,C2,NA,NA
0.06302543827706586,0.19943623376597153,189.29565310263368,C2,NA,NA
0.06987243846752607,0.19840031159929866,190.75271636260092,C2,NA,NA
0.07792990957812505,0.20797053395031345,185.36884504164328,C2,NA,NA
0.06879277159284243,0.2022025074104505,182.84895602081176,C2,NA,NA
0.06694089469380776,0.20700774534725958,190.49611914810868,C2,NA,NA
0.078863421438168893,0.2033217413324576,189.04977123441267,C2,NA,NA
0.06715142652050937,0.19938114689719375,192.48678686391955,C2,NA,NA
0.06276433317782727,0.19192349302688716,190.00817439979193,C2,NA,NA
0.06863484099261595,0.19766061897373227,191.39716241528316,C2,NA,NA
0.056411938545708314,0.19527976765349075,191.45826703394857,C2,NA,NA
0.06142054657771615,0.19266739961476176,190.08645833685333,C2,NA,NA
0.07304260560272469,0.20963092543441925,184.53434166222874,C2,NA,NA
0.07026454629977334,0.2074078726736275,189.67966259764995,C2,NA,NA
0.07981827958273091,0.19511376518459905,189.32574975326852,C2,NA,NA
0.06493576803885373,0.19737207758968373,190.92392219906606,C2,NA,NA
0.07022823713246185,0.19813816829101824,189.45428314256026,C2,NA,NA
0.06810687042014203,0.20698903515612863,189.39417287754486,C2,NA,NA
0.06364852840850545,0.18541409383017998,189.48953831676093,C2,NA,NA
0.0580742819393954,0.19062623796683675,187.6256112510031,C2,NA,NA
0.06585868385800739,0.2029223090153448,191.77133867518356,C2,NA,NA
0.059347339840356374,0.19632465043533273,191.20097108416346,C2,NA,NA
0.05647702105647546,0.18662065564635016,186.91595519155973,C2,NA,NA
0.06874511037681487,0.2023299081992339,189.56578007092517,C2,NA,NA
0.06839328521536794,0.20122593128481553,191.51635418930545,C2,NA,NA
0.06822399868108914,0.20224481168440225,191.17996486984714,C2,NA,NA
0.07270565227620127,0.197351279855703,189.95053844552191,C2,NA,NA
0.06430657848212046,0.1914037567116059,192.13258613205508,C2,NA,NA
0.06597869706413062,0.19931341716208645,192.6602483666616,C2,NA,NA
0.07673324484365032,0.2022168390988523,191.01335853693948,C2,NA,NA
0.06819786001576263,0.1975171908006867,187.02789534612754,C2,NA,NA
0.06772840990185215,0.19385360285345166,190.6755242492545,C2,NA,NA
0.07401004167496704,0.192747415702254,192.28500528183258,C2,NA,NA
0.07025066858001358,0.19580097415279624,190.45164928339338,C2,NA,NA
0.06024340938820115,0.19894449428246153,188.20818452026563,C2,NA,NA
0.07014404727632649,0.19680969659812597,191.2147908551849,C2,NA,NA
0.07232417631807087,0.19623424289279767,190.6296300256221,C2,NA,NA
0.06271949981271314,0.19720001619211608,187.6256281724745,C2,NA,NA
0.06539572709473798,0.20010207938033686,191.96918958710597,C2,NA,NA
0.0648231158146798,0.20462766840822172,189.53295989931274,C2,NA,NA
0.06125985572551003,0.19830206195926708,190.88609738226347,C2,NA,NA
0.06553844785073201,0.19431057687887401,189.78941144958858,C2,NA,NA
0.0708802294668214,0.19114089670785814,189.02789300095023,C2,NA,NA
0.07718563722004299,0.18991830188717546,185.87071795189038,C2,NA,NA
0.062186248825605056,0.1962244844650251,188.8672927800513,C2,NA,NA
0.06101563184802849,0.19620303022360835,189.88419871226924,C2,NA,NA
0.07925532695740206,0.19397633712017498,190.09646871771088,C2,NA,NA
0.06837919454636696,0.18780239732687412,187.5410095288872,C2,NA,NA
0.06524820936684822,0.20475297019093047,190.88382531550258,C2,NA,NA
0.0757790922129423,0.20137690105381054,192.78625418787408,C2,NA,NA
0.056303527617892986,0.19738639358777843,191.0442549702079,C2,NA,NA
0.06820952527129369,0.19980685132866727,193.1925000641838,C2,NA,NA
0.06434847497572209,0.20043980566869887,187.2211110085372,C2,NA,NA
0.07048084553369686,0.19934003228520986,187.49425995581691,C2,NA,NA
0.07236691821531523,0.19637265820421324,191.43117174169092,C2,NA,NA
0.05632593992915417,0.19667012401659056,189.3387959172774,C2,NA,NA
0.08184656473007217,0.2026720755203194,188.19803389944008,C2,NA,NA
0.07401182013848012,0.2010583817853041,189.5603337362714,C2,NA,NA
0.07036092060495802,0.2063114655403413,189.81220909752662,C2,NA,NA
0.05882487805946414,0.20008330562761242,187.52173775775145,C2,NA,NA
0.04956512030810803,0.19912568223963772,187.20749601302842,C2,NA,NA
0.06785274533221348,0.19485999077094412,190.01911107635507,C2,NA,NA
0.060251841811855666,0.20031653225997453,184.43402277408723,C2,NA,NA
0.057368895177504556,0.20460141971502793,185.53730384458868,C2,NA,NA
0.07168788547729256,0.20245492685880356,186.61309230537785,C2,NA,NA
0.06797532987437213,0.19896295804272024,192.77746709876254,C2,NA,NA
0.06397468713766474,0.19609006744353336,191.87619501984221,C2,NA,NA
0.05826442336244859,0.20239773840412922,189.04541527429873,C2,NA,NA
0.058157463388927064,0.19452393395620765,191.50363576975798,C2,NA,NA
0.06033514543983109,0.192875246064238,189.29064216363992,C2,NA,NA
0.06825334228690222,0.19639046287348763,190.19796786452815,C2,NA,NA
0.0681806331539053,0.1947695722736559,192.79385279530769,C2,NA,NA
0.06979841731184562,0.19151253116419004,185.83817191309674,C2,NA,NA
0.06205165174273672,0.19482142537111707,188.56792391967463,C2,NA,NA
0.06213633261799595,0.1909352984856903,191.22472963399792,C2,NA,NA
0.08000765143096605,0.2061621378053696,189.14000096898832,C2,NA,NA
0.07645481369791951,0.2007065967662197,184.39218872246335,C2,NA,NA
0.06752367720274084,0.20099961421884985,189.33984756887878,C2,NA,NA
0.05350035524711911,0.1946799271660403,187.79182432125648,C2,NA,NA
0.062378484538029695,0.19487317262486414,189.47416137188375,C2,NA,NA
0.07049287218931785,0.2044206151528511,189.27637248999653,C2,NA,NA
0.05860488634960972,0.19662210056613696,188.20830789762738,C2,NA,NA
0.06447400249901408,0.20141383712217759,191.36911300027043,C2,NA,NA
0.056208321358506265,0.20028171657912816,191.49991456045836,C2,NA,NA
0.0728907071842339,0.19972905659929013,190.4998569333117,C2,NA,NA
0.06801315154218983,0.18960607492949416,192.2097479275446,C2,NA,NA
0.06310699600435657,0.19351542347896686,190.52505100621474,C2,NA,NA
0.05720330706584283,0.19449811035088488,190.15669860992497,C2,NA,NA
0.0664020253739908,0.1994547331894783,191.63694970544023,C2,NA,NA
0.05718341454827718,0.1990599024793073,191.61662097397297,C2,NA,NA
0.07198718479205746,0.19361149691454968,191.61710049266895,C2,NA,NA
0.06743596316817035,0.20665723561263244,188.88426957054548,C2,NA,NA
0.06132742079693396,0.1947370586710984,188.58567632245405,C2,NA,NA
0.07115109239699911,0.1971780566686773,189.43194532843074,C2,NA,NA
0.045036190012231546,0.20279613924877424,183.19886771172244,C2,NA,NA
0.056813882398294685,0.1947701104200606,190.93576985528347,C2,NA,NA
0.06504451103975448,0.2033259820362867,191.30029493580406,C2,NA,NA
0.06392787319820603,0.2060052594898092,188.97726539212877,C2,NA,NA
0.07346274902818933,0.20147292492551705,191.5328754086553,C2,NA,NA
0.06634894212572785,0.19771703954845382,186.4334698225682,C2,NA,NA
0.05036453818125293,0.1972381578517643,186.27061775751426,C2,NA,NA
0.07095967173292504,0.19553819536140213,189.61168071612755,C2,NA,NA
0.055562654796570785,0.19444570115297116,189.41591118390116,C2,NA,NA
0.08365395816594971,0.19659852990507973,186.2174886981147,C2,NA,NA
0.05518388123808213,0.19632381871293916,184.11908048639643,C2,NA,NA
0.07816664327919808,0.20388449972277747,188.388853687973,C2,NA,NA
0.05703874663479719,0.19991812994670985,191.66351630366032,C2,NA,NA
0.06323725437952524,0.19698698127328068,189.53039916138198,C2,NA,NA
0.055419663076473426,0.18999184463326838,187.46773273352676,C2,NA,NA
0.06592968374377443,0.19553549088417926,191.76947962114696,C2,NA,NA
0.05292991711398797,0.19473167312459339,188.45752460435492,C2,NA,NA
0.0617460321052992,0.2006520235777211,191.71365443429715,C2,NA,NA
0.05535619184973963,0.19395786789506292,192.56121438414863,C2,NA,NA
0.07270934101229044,0.19826070353046021,190.4365538570506,C2,NA,NA
0.05978887235527664,0.194129842373993,191.92201031910162,C2,NA,NA
0.07620956185343687,0.1961118925837653,188.53144349219542,C2,NA,NA
0.06489978169401599,0.1977811837000475,190.6284493099071,C2,NA,NA
0.06662121267149548,0.19204476743677829,190.63443507449082,C2,NA,NA
0.06346085836210164,0.199874177022238,190.59454038827622,C2,NA,NA
0.06856857940170726,0.1965991391883936,189.6237164174407,C2,NA,NA
0.04889933645951075,0.18910953813870984,185.39205853320655,C2,NA,NA
0.06245306838816761,0.1944370400688916,191.0330922045732,C2,NA,NA
0.06431082627147607,0.20009941992690677,190.97726404530275,C2,NA,NA
0.06877733889634102,0.19410252080024565,190.76753396858822,C2,NA,NA
0.0746088481517672,0.20376571256384246,191.6150137510148,C2,NA,NA
0.06824540479701693,0.19413957821972866,188.29936205576908,C2,NA,NA
0.06027582035482583,0.2063393815140865,189.8716480411163,C2,NA,NA
0.07663441536617455,0.19834887223531722,189.6965888995964,C2,NA,NA
0.06985604988755044,0.2055550804284269,190.61051366571942,C2,NA,NA
0.0677094337855683,0.19995055757827032,186.7612325476006,C2,NA,NA
0.06794176741578914,0.20335017519099857,190.23765488518674,C2,NA,NA
0.06401718570335485,0.2004484819426676,191.22610946012867,C2,NA,NA
0.046086994850200964,0.20768433714828788,183.3034426134312,C2,NA,NA
0.07482351853914468,0.18942728934556483,191.27165106096206,C2,NA,NA
0.07259645180438351,0.18800323090821291,188.56494213992679,C2,NA,NA
0.06117548616565179,0.1973313637433288,189.45610454637333,C2,NA,NA
0.06297955024733458,0.1985929099318376,190.98756763732695,C2,NA,NA
0.06770533503501325,0.19443336565603178,188.26237900384322,C2,NA,NA
0.0638980806315914,0.19199049544357694,188.49882430372665,C2,NA,NA
0.05805362366503277,0.19350697636434816,190.41531652978077,C2,NA,NA
0.06388997759776499,0.19229446617504628,191.12829705457705,C2,NA,NA
0.06472381806907025,0.19668582821252795,192.19170052930878,C2,NA,NA
0.07266661154014085,0.1960498254455726,182.3364537053656,C2,NA,NA
0.05825549533530789,0.18803966314343643,189.7573464434914,C2,NA,NA
0.06074853154173969,0.19994710296330637,189.92520386840508,C2,NA,NA
0.06491295786351324,0.21672081181834238,182.9613857829146,C2,NA,NA
0.07859479815530643,0.19675583681827172,191.94685501486381,C2,NA,NA
0.07366983130685226,0.19180575551009643,189.6436256088134,C2,NA,NA
0.06185168710379105,0.20016391763639726,189.2439749750401,C2,NA,NA
0.07153587386268913,0.19550643046409855,188.51544067590737,C2,NA,NA
0.059850704943934525,0.19957333705684674,190.66143684349043,C2,NA,NA
0.06350746340087013,0.19757400075028536,184.82008050513952,C2,NA,NA
0.05935976848287906,0.19959939694542364,191.68969500631067,C2,NA,NA
0.06695412484268817,0.18609565329070485,188.97834521684106,C2,NA,NA
0.07178480060738841,0.19594009510496702,191.89810320317724,C2,NA,NA
0.05789268016934674,0.19921551825345135,189.10476909419882,C2,NA,NA
0.06661738039685965,0.1944920646522832,186.0730323945094,C2,NA,NA
0.042584028340945074,0.1910860752195556,186.43170244019578,C2,NA,NA
0.06848313925776162,0.20439564714024022,188.67491608181277,C2,NA,NA
0.07679455108547881,0.20082672075676755,189.63556269702744,C2,NA,NA
0.07030947754499983,0.19806437017877943,192.05093215449787,C2,NA,NA
0.06609490677655802,0.1955190157908116,189.48771959529722,C2,NA,NA
0.07334856279907713,0.20632820220579925,186.38903146660115,C2,NA,NA
0.06322385439598817,0.19780085595150046,192.34949076823253,C2,NA,NA
0.058612564053178655,0.1977316523063758,190.0514649339064,C2,NA,NA
0.06387398652814309,0.1947459205329798,192.83069102368356,C2,NA,NA
0.06501399409608526,0.1943437524664696,189.78916969487292,C2,NA,NA
0.07075848335640686,0.19673647115988388,191.7605066069923,C2,NA,NA
0.06245195209707676,0.18760784113517645,190.39508783610148,C2,NA,NA
0.06952950881297254,0.20097978212188716,190.1762642265775,C2,NA,NA
0.0680147822466624,0.19301198815674436,190.13623275101332,C2,NA,NA
0.07174150873039994,0.19342501345212743,188.66511317788522,C2,NA,NA
0.07443407477356737,0.1963070944777384,190.35830923704304,C2,NA,NA
0.06495998115750647,0.19910203860821443,192.29319334882848,C2,NA,NA
0.06291706456483655,0.1988719399484316,191.857495507108,C2,NA,NA
0.06654200339506898,0.19155229977709692,188.8077142759607,C2,NA,NA
0.06544154719438114,0.20270285800189486,190.90423927623914,C2,NA,NA
0.06586478336296253,0.2043221669160322,187.93715346887595,C2,NA,NA
0.05555225056471444,0.19979661028338783,188.9639832656635,C2,NA,NA
0.05811581974060537,0.19703832238387503,192.33235858442515,C2,NA,NA
0.06955965538441694,0.19831738200914317,190.6349614277116,C2,NA,NA
0.04640197879282105,0.19379003498814346,189.89594695610214,C2,NA,NA
0.06997421843452009,0.19676324479214244,186.89279304370663,C2,NA,NA
0.06435383798494902,0.20149551442675162,192.76838224170865,C2,NA,NA
0.08337401923689992,0.19712768499797304,190.0461125098092,C2,NA,NA
0.06299254321465617,0.1962391093330324,192.76949214378993,C2,NA,NA
0.08047466197042387,0.19642353972000007,186.09882934474598,C2,NA,NA
0.08231901401788219,0.19734157829638416,188.10406140621123,C2,NA,NA
0.07416865920190863,0.1890467660527253,190.53188047770473,C2,NA,NA
0.06261189165614874,0.19622576474665704,192.16286823611023,C2,NA,NA
0.05831090531589704,0.20303999112830545,191.38830693765777,C2,NA,NA
0.06950685115153368,0.1982821865496202,190.4505957278523,C2,NA,NA
0.05710238104829615,0.20198916723182014,190.40422756386243,C2,NA,NA
0.07661843868821545,0.19953598719760599,191.49441160120375,C2,NA,NA
0.05823787527683981,0.1981530127372288,190.78933057956328,C2,NA,NA
0.08002964461253376,0.19730272576579683,188.78150362171985,C2,NA,NA
0.07395376136097312,0.1954694879069216,192.71614403764127,C2,NA,NA
0.06227767617999156,0.1847831889609166,186.02683901091032,C2,NA,NA
0.08375572968565921,0.19694678124486278,184.54872979603843,C2,NA,NA
0.06367259892695853,0.2036327058488531,187.9659394667191,C2,NA,NA
0.07775523591133171,0.20771879851162356,187.9176147284984,C2,NA,NA
0.07907185686302363,0.20772300858366968,184.17196438279876,C2,NA,NA
0.07410446847192806,0.18691816924434845,188.69062544748311,C2,NA,NA
0.07464775662639163,0.18538324447389873,186.2868218082636,C2,NA,NA
0.06382808516984181,0.1952593658842819,190.46090455713497,C2,NA,NA
0.06396676767259003,0.2032120250152673,190.802273811986,C2,NA,NA
0.06147711316536441,0.19378169994086494,191.30654415535778,C2,NA,NA
0.07132726212660848,0.19270561915650064,190.7760239108747,C2,NA,NA
0.05882536429239305,0.19483159470543077,190.99384482399128,C2,NA,NA
0.06806096610493581,0.1987483396197361,192.6610376223671,C2,NA,NA
0.06436241951542211,0.19907458032374858,193.4739293965771,C2,NA,NA
0.06793532001652906,0.20004284359499194,190.8086861371337,C2,NA,NA
0.06257447459870742,0.19932583980059082,190.33165213958492,C2,NA,NA
0.05654865504884509,0.19318332647996814,190.344804054227,C2,NA,NA
0.06923420730258036,0.20392699461030783,191.82728665546443,C2,NA,NA
0.06486509356675273,0.20221143177871367,186.4602436568313,C2,NA,NA
0.06538671548818857,0.19967392552511937,190.62899645831374,C2,NA,NA
0.07047345410667558,0.1962724223587518,192.8310060796356,C2,NA,NA
0.06920721923291032,0.2002469038748635,189.6666745468604,C2,NA,NA
0.07788233523461363,0.20100694158437393,186.9905999760959,C2,NA,NA
0.06797961216548065,0.1904340617505071,189.31163365877615,C2,NA,NA
0.06625181551527626,0.19884965852984746,191.44637697895377,C2,NA,NA
0.06443214868067432,0.19204393280198345,191.03539490974157,C2,NA,NA
0.06250861092648247,0.20209201689826473,187.92444590939908,C2,NA,NA
0.07055894696131085,0.1938862664982409,192.88436814845153,C2,NA,NA
0.060736142804415215,0.19522525473895758,192.42676949151513,C2,NA,NA
0.061470375279305586,0.20899460873968534,187.34419468633234,C2,NA,NA
0.0702477191976116,0.2027712411921378,191.9506532296329,C2,NA,NA
0.06583508690897083,0.20426694406788723,187.15583243800674,C2,NA,NA
0.057094860659935465,0.19534473743281522,190.3192019311275,C2,NA,NA
0.05985546427598192,0.19884005278063477,190.20545528106084,C2,NA,NA
0.0629716978429489,0.19694388782112132,192.83437308106713,C2,NA,NA
0.06764014832488187,0.20381935655245192,189.13610676778399,C2,NA,NA
0.06065938738419691,0.19257049158151007,190.8149350981419,C2,NA,NA
0.047934079804281944,0.20326278831125133,189.26465865922,C2,NA,NA
0.07163194032117727,0.1978196176249188,189.60663435175317,C2,NA,NA
0.06781978749705904,0.20249322153034016,191.26898077096425,C2,NA,NA
0.0655403212518272,0.19447181663131377,190.08865882768353,C2,NA,NA
0.06257616073344062,0.198891144514204,191.7008053903622,C2,NA,NA
0.06524682630458829,0.2052356527167877,188.16834407823995,C2,NA,NA
0.06886394955828504,0.1969722534142422,191.6687198252579,C2,NA,NA
0.0680915751657251,0.20716033078691315,187.8356613263247,C2,NA,NA
0.06420605578893046,0.2030291940939335,190.68411719990215,C2,NA,NA
0.06809705979541673,0.19133508958771447,192.39622151536872,C2,NA,NA
0.08250817688934778,0.2037462602534991,189.28026151536716,C2,NA,NA
0.07317938649539829,0.19961516792562115,189.5487786957241,C2,NA,NA
0.06043069779693943,0.20197799473406217,188.6634421017776,C2,NA,NA
0.06450545883577385,0.19972432208039612,192.0479418160568,C2,NA,NA
0.0725887449767385,0.2096591812783794,186.61831891948307,C2,NA,NA
0.06552327732858987,0.20570880815688228,188.8863001763832,C2,NA,NA
0.060345542091034356,0.19713754277268372,191.5894377318687,C2,NA,NA
0.06104299429277298,0.1844955917488042,185.91525855693615,C2,NA,NA
0.0648611208932541,0.20250827462894427,189.52036729651275,C2,NA,NA
0.05984305549412456,0.19482640690633155,188.5673121682293,C2,NA,NA
0.0540047006633623,0.20072112005329432,188.5289749527172,C2,NA,NA
0.0753865071277295,0.19647641131176477,190.347852599429,C2,NA,NA
0.06791843514736341,0.19931713256172506,187.99665560503007,C2,NA,NA
0.069783359054842,0.20354046184974453,185.35248941683062,C2,NA,NA
0.06214568521818231,0.1989560706002831,188.9867436317405,C2,NA,NA
0.06067645089483953,0.19618107590051853,193.2653843308866,C2,NA,NA
0.07816538014878893,0.19753842805059538,189.84763259644106,C2,NA,NA
0.07441305231081154,0.19458374155781,190.0187271144783,C2,NA,NA
0.06209849175970868,0.1985247510466226,192.3760988034159,C2,NA,NA
0.05617173071767251,0.19184266040847708,188.49936750311136,C2,NA,NA
0.06093532786980406,0.19664587226547983,191.2137194503224,C2,NA,NA
0.07090601471544136,0.20209311536861843,191.3927177651091,C2,NA,NA
0.06962384956136239,0.2031650005404838,187.78462344964512,C2,NA,NA
0.060859282705532605,0.20104495808756556,189.90047139080605,C2,NA,NA
0.0731878431351897,0.1937849290464154,186.8316319826655,C2,NA,NA
0.06926934872980631,0.19696638133931305,192.39745386552485,C2,NA,NA
0.061971908065469594,0.19724303587308795,186.91009723405486,C2,NA,NA
0.07419591620829759,0.19939806365927243,188.0726215269048,C2,NA,NA
0.0797137884933221,0.20227649032576192,189.1640648301094,C2,NA,NA
0.0739858660459599,0.18805361703978668,186.92341020196335,C2,NA,NA
0.06565056587965153,0.1901032808168236,190.02669905831138,C2,NA,NA
0.05853612212875582,0.19637147107982408,191.58210924408033,C2,NA,NA
0.057356201283140146,0.19706382762382404,188.842893914667,C2,NA,NA
0.06272941693593218,0.20236655833290684,191.81863296016502,C2,NA,NA
0.08578207954815975,0.19166926001020493,189.98484324336692,C2,NA,NA
0.06179791568567704,0.20749624830129335,186.7854625085288,C2,NA,NA
0.07338479929174915,0.1984064052779734,190.49543051083748,C2,NA,NA
0.05453160552553513,0.2013275339518236,186.6884903184018,C2,NA,NA
0.0690817737859569,0.19694047109844962,187.93578449160267,C2,NA,NA
0.08704764948583532,0.2014205896249528,188.0599658838733,C2,NA,NA
0.06548832546995353,0.20455314226989568,189.64809037073587,C2,NA,NA
0.07616133138508711,0.19442782101197917,187.21620174442586,C2,NA,NA
0.060284023077510594,0.2002015527517467,191.9228095347369,C2,NA,NA
0.06273125151214962,0.2020238045730721,188.28338059891598,C2,NA,NA
0.06113058525648916,0.1948388323348095,191.32128945946906,C2,NA,NA
0.05550564898795393,0.19519622585823987,189.4372680283452,C2,NA,NA
0.07857534639193814,0.1935734370801231,190.74557770869671,C2,NA,NA
0.06300820528039958,0.19256598310624748,192.51374612497727,C2,NA,NA
0.05056632804691055,0.19495719654226223,183.87795044789274,C2,NA,NA
0.06966255719604773,0.18791730704228124,191.32400456406097,C2,NA,NA
0.05828112665322112,0.1887252474129159,188.00038004376574,C2,NA,NA
0.06773701835819061,0.1878522715401234,188.14094961007197,C2,NA,NA
0.06609490677655802,0.1955190157908116,189.48771959529722,C2,NA,NA
0.056157099550795314,0.19592820474076736,191.4568784408608,C2,NA,NA
0.06263808792493676,0.20249680268341064,187.752524062004,C2,NA,NA
0.06164506823256895,0.19855835193175173,190.54862008618508,C2,NA,NA
0.05562452912311189,0.1955445610542504,189.8901845812517,C2,NA,NA
0.06870042819195704,0.1982323314140837,193.05446997822497,C2,NA,NA
0.06257315134768646,0.20009197335222909,189.53280718527603,C2,NA,NA
0.06225406153334589,0.19672432873236764,190.57101943978685,C2,NA,NA
0.06846436854026468,0.19847006818811744,189.2526496986532,C2,NA,NA
0.0673268910746896,0.1985776750988933,189.6332347215651,C2,NA,NA
0.08047210216304741,0.19812133577270627,188.74549757700044,C2,NA,NA
0.059364358455511766,0.20187129360008293,190.59378281685582,C2,NA,NA
0.06671850444377969,0.1935785510760768,190.44051621528934,C2,NA,NA
0.06206478519105569,0.2014717998970228,187.62796410537928,C2,NA,NA
0.06819838528176424,0.2008112380145802,192.07429123472764,C2,NA,NA
0.0509063322394034,0.20055548426107966,186.13158591049896,C2,NA,NA
0.07102510708789832,0.19898937868517547,189.7119341225651,C2,NA,NA
0.04873562908468114,0.2105644443662663,182.21517334722301,C2,NA,NA
0.06991482091910656,0.19733380460713207,191.52927617961532,C2,NA,NA
0.06719117573743642,0.19726858462248684,193.28205488807785,C2,NA,NA
0.07146997037755279,0.19548834506909274,188.19970405209563,C2,NA,NA
0.06776510542199742,0.1956591939398197,193.41971720834994,C2,NA,NA
0.05307738775550301,0.19665585777060676,192.14329853281177,C2,NA,NA
0.059012320305620196,0.19934163867473373,189.71501441858666,C2,NA,NA
0.06622731114673742,0.19369852819431177,190.6845086772874,C2,NA,NA
0.06583765934776624,0.19481091582360682,188.24981181810847,C2,NA,NA
0.06465207199195439,0.19619292420644818,189.08676189371877,C2,NA,NA
0.05836352879152308,0.19982010979992398,191.66400442731853,C2,NA,NA
0.07146561667992055,0.203369926267376,189.79722320873987,C2,NA,NA
0.07195129159843962,0.20277229221186907,189.43870940946135,C2,NA,NA
0.06994025362555405,0.19684992822814257,192.30688916028058,C2,NA,NA
0.08627999318164958,0.2034445738461898,184.51109717838557,C2,NA,NA
0.07233158247567084,0.19286937493613365,189.4794011400186,C2,NA,NA
0.07662368693620261,0.20559564661216467,187.00618224168682,C2,NA,NA
0.06718501829905868,0.19616701621715302,187.67664700911254,C2,NA,NA
0.059825126873730636,0.1973563688082069,192.3888420386129,C2,NA,NA
0.06302764558726885,0.19830762249431788,192.7975489184681,C2,NA,NA
0.06163217783676299,0.20073465042644265,188.731007813725,C2,NA,NA
0.07037125234709281,0.20184452789123136,190.97654977101007,C2,NA,NA
0.0645110357891725,0.19447959899209644,192.5575140675832,C2,NA,NA
0.06653232314369535,0.1928889810995778,189.0284933841311,C2,NA,NA
0.057634034040852294,0.20244821008427313,190.24061770331699,C2,NA,NA
0.06270765835897107,0.20275994998992494,179.87433732675737,C2,NA,NA
0.07474520422726758,0.18925859679839824,189.2818349135949,C2,NA,NA
0.06435108605323094,0.1952037749092012,190.10473076221118,C2,NA,NA
0.06466311377655798,0.19535647962395586,186.12781990591188,C2,NA,NA
0.050700297991591335,0.19859732480230305,189.08310188626942,C2,NA,NA
0.0821202266451598,0.1971900630285633,186.91623823426568,C2,NA,NA
0.06581227928658795,0.19389048602212322,191.16728984827208,C2,NA,NA
0.07100832544606177,0.18741984071798942,189.02560325979812,C2,NA,NA
0.06727554704063014,0.19636691334892098,189.78932082307713,C2,NA,NA
0.058071623983957085,0.19699663310733134,188.95410338214066,C2,NA,NA
0.07468215896635766,0.19357424912592375,185.89408359504867,C2,NA,NA
0.06450524942869483,0.2040648744611694,190.19213763125248,C2,NA,NA
0.06788367120767537,0.19695707420788594,192.7264720267431,C2,NA,NA
0.08026859941123375,0.19740970515504955,188.19950069886977,C2,NA,NA
0.06955576822203946,0.20034811381522083,192.18850380277362,C2,NA,NA
0.06392825815613998,0.20533504911742081,183.28868667161132,C2,NA,NA
0.0817661423160532,0.19661218606831166,186.469382004217,C2,NA,NA
0.06699661524412087,0.19547970900322661,188.57100594310432,C2,NA,NA
0.056423819281980356,0.19758371320249163,187.71857856990727,C2,NA,NA
0.07267700351736223,0.19404390760987317,188.60906859123762,C2,NA,NA
0.06890683920634436,0.19299772254568415,192.6982807609157,C2,NA,NA
0.060728918582592245,0.1998093508775592,192.56668858708917,C2,NA,NA
0.0673702346622816,0.19182708809738616,185.0894696405743,C2,NA,NA
0.08730938619980298,0.191305557707249,186.6275569582648,C2,NA,NA
0.06928268377122357,0.19431678847261355,191.92155915504154,C2,NA,NA
0.06086487884742922,0.1925413028667197,185.61679641521292,C2,NA,NA
0.08002454548910672,0.207916118312054,183.62954720722263,C2,NA,NA
0.06521104052607064,0.1962000965962326,192.65345509943597,C2,NA,NA
0.061063693758712595,0.20613584521585093,185.91698285945753,C2,NA,NA
0.0735627836996501,0.19197084720632085,188.42768665031866,C2,NA,NA
0.07191473677487073,0.1904497466834375,189.05839046828027,C2,NA,NA
0.07477626775037663,0.2018829631015495,188.48937026145808,C2,NA,NA
0.06378304291526574,0.19447664657026784,189.1253973110886,C2,NA,NA
0.06155073213050708,0.19950078899917145,184.70542190689162,C2,NA,NA
0.048535191833870554,0.192726618694956,185.45512667468384,C2,NA,NA
0.06281267860295899,0.19075992250713963,187.80424998354002,C2,NA,NA
0.06791868504927946,0.20220026669099128,191.15092058574336,C2,NA,NA
0.059999230758553145,0.18953228161949912,189.0800122371147,C2,NA,NA
0.05898402542089854,0.19416329859560807,188.79058572403557,C2,NA,NA
0.07975982213642199,0.2024508736864999,189.35163854622374,C2,NA,NA
0.0761185058582408,0.19842822012425398,192.38406328099768,C2,NA,NA
0.05987576663093396,0.2057351183815083,188.36121521755655,C2,NA,NA
0.05925076965627093,0.1887317464178257,190.99460842826122,C2,NA,NA
0.06291767103387555,0.19211774792950448,187.1193775337071,C2,NA,NA
0.06583348422486177,0.1958338192671863,187.39417631604337,C2,NA,NA
0.07250855347767099,0.2004161521425639,188.31378095410383,C2,NA,NA
0.07966304868902793,0.19532394136646566,191.24495514412996,C2,NA,NA
0.05645215157873235,0.21061894981339907,185.5662108503581,C2,NA,NA
0.05820372774438755,0.19854556847979557,192.15225384046104,C2,NA,NA
0.07282755650111576,0.20151639173981187,188.5957839162872,C2,NA,NA
0.056545333713587,0.19663018072738864,185.48560935584496,C2,NA,NA
0.0691792883340271,0.19407639414845657,189.1107933723606,C2,NA,NA
0.07824465826368865,0.20270869587195647,187.61956372161848,C2,NA,NA
0.07477374057559477,0.19497097429715132,190.21600411940742,C2,NA,NA
0.04885548290569348,0.1964331400338699,186.9959759099881,C2,NA,NA
0.0662769326729624,0.20380481546745594,189.76859345153588,C2,NA,NA
0.06467053806602546,0.20662477338924237,190.39686118267483,C2,NA,NA
0.0391569654431081,0.19933519318210774,187.27485752358626,C2,NA,NA
0.06176927440248703,0.18760458228794236,186.82579638881415,C2,NA,NA
0.06592029336587073,0.19885065663650714,191.51959434223306,C2,NA,NA
0.07248873197466504,0.20148000810331201,188.00690586477177,C2,NA,NA
0.06957170347749281,0.2006442285153215,188.89822090048315,C2,NA,NA
0.08434481857334172,0.19299260440168162,185.67419469920895,C2,NA,NA
0.060932129944511436,0.20327909675125752,191.50350640288573,C2,NA,NA
0.07297252132397485,0.20287205299849603,191.60535212165868,C2,NA,NA
0.07816388824692164,0.20039970122927914,189.14419303851892,C2,NA,NA
0.06134223208573431,0.19809101276668373,188.41592750362835,C2,NA,NA
0.06590659672917532,0.18987373395475232,189.86336634895895,C2,NA,NA
0.05650742491120671,0.196361836283144,189.15745899510716,C2,NA,NA
0.07555600413139776,0.19328088179773334,187.60123217987717,C2,NA,NA
0.06314509731620434,0.19521300396118674,186.70004119058214,C2,NA,NA
0.07582849247297974,0.19923143809071475,188.02341904473744,C2,NA,NA
0.06504232738000645,0.19765848767027266,193.56624983619344,C2,NA,NA
0.06852012689104794,0.19211632757245498,192.36150032937613,C2,NA,NA
0.055828312510286436,0.19471544042442773,191.71238356897297,C2,NA,NA
0.06585098639226376,0.19862056456728835,192.76351054148952,C2,NA,NA
0.05575112750592192,0.19591687396171498,187.86309050361635,C2,NA,NA
0.06500648057199607,0.19819446658216766,192.24026963914932,C2,NA,NA
0.06103037577324906,0.2031636323127199,189.9433357782181,C2,NA,NA
0.06802216518242993,0.19444674068281972,188.73813888865988,C2,NA,NA
0.054588460254418936,0.20689579487058302,188.558192364188,C2,NA,NA
0.06941498864533016,0.19733267640867244,188.4534588435112,C2,NA,NA
0.05741393916586426,0.1987045595188293,189.49442219534652,C2,NA,NA
0.060666453333634913,0.20008665382016957,188.78594237932228,C2,NA,NA
0.05127254153339435,0.20188108033018695,188.46738492071967,C2,NA,NA
0.07942888273192335,0.198817942698235,189.80240008294265,C2,NA,NA
0.0573468494478103,0.19133268385019503,188.0972886585718,C2,NA,NA
0.0768771371230737,0.1964977314915617,187.76912661434912,C2,NA,NA
0.061856490149252964,0.19981869378170314,191.22570029840085,C2,NA,NA
0.06370946345003015,0.1946609884971135,192.1759495249051,C2,NA,NA
0.06735339054568154,0.20293589758775712,191.1935455060646,C2,NA,NA
0.07070796844488572,0.20180734023852454,189.82071932414055,C2,NA,NA
0.06848527545140334,0.1983388924169076,192.42782982807668,C2,NA,NA
0.06361813815532162,0.2006341805346322,184.79671328196676,C2,NA,NA
0.06306076289051893,0.19101481376300103,189.9124242236739,C2,NA,NA
0.0548178269541643,0.20600914317056906,185.2110556502569,C2,NA,NA
0.07643035150205983,0.19528562315557327,189.1256128715867,C2,NA,NA
0.05964512768364574,0.19826678017051774,188.75315044428245,C2,NA,NA
0.07987170188545491,0.1969720351965121,189.91245349690809,C2,NA,NA
0.053130410324528914,0.18863793272005253,189.2953217276812,C2,NA,NA
0.05413430263950152,0.20429327813789389,190.33290147006028,C2,NA,NA
0.07165655659379336,0.19901339096183424,190.17776467493593,C2,NA,NA
0.05798780009437454,0.19358268611572782,191.76377297333835,C2,NA,NA
0.06794678237249646,0.19711262924060405,190.07429987320626,C2,NA,NA
0.06323877993506177,0.19192839401967557,192.53858213388142,C2,NA,NA
0.06815097349622773,0.1985363963665013,192.4671828472716,C2,NA,NA
0.07326430519805964,0.2003210831549962,190.1574842284613,C2,NA,NA
0.05852401034600827,0.19678582568642158,189.84533722896347,C2,NA,NA
0.053211187740129486,0.18888895308607834,186.3122931852595,C2,NA,NA
0.04566811350688682,0.2002969427745751,189.16450793197535,C2,NA,NA
0.05291076218439068,0.1950535557313328,190.46766784196842,C2,NA,NA
0.058405231524250076,0.2076008442961336,188.59081646198695,C2,NA,NA
0.06599595720421247,0.2053620642911817,189.2243427613685,C2,NA,NA
0.07500778671933434,0.19919969046884356,192.73832513065304,C2,NA,NA
0.07234418167191085,0.19683526200416426,192.0447046934996,C2,NA,NA
0.05979826546427213,0.19398132559870995,188.60486243504587,C2,NA,NA
0.0636616300199499,0.19048851315224058,186.8541554338992,C2,NA,NA
0.07655026426764913,0.19791113345789452,191.67291087519723,C2,NA,NA
0.07436233610632362,0.20054065272943777,186.65538383845941,C2,NA,NA
0.05974397128212533,0.20274383003322713,187.2462961796952,C2,NA,NA
0.05566141951694431,0.19782015053111762,186.05238471723803,C2,NA,NA
0.06365508486768993,0.2001280823201811,193.97286695671784,C2,NA,NA
0.06605437327888466,0.18827008317228477,190.7811040360201,C2,NA,NA
0.05979227271074171,0.2015127391774838,190.965334136988,C2,NA,NA
0.0651664014820017,0.19979179132665426,188.4720557035384,C2,NA,NA
0.06335505455212082,0.21280074892158854,184.9625776377318,C2,NA,NA
0.06220367222003773,0.20414840269935647,191.4143702964068,C2,NA,NA
0.06471114184869456,0.2020330973373351,190.84133086154947,C2,NA,NA
0.06608063227306397,0.21066007270544446,182.31007702166153,C2,NA,NA
0.07182925395746549,0.21078957906151466,184.80176690412895,C2,NA,NA
0.07871766741747611,0.1947969342324628,191.343095695268,C2,NA,NA
0.08300626639006828,0.19446896704433086,190.13174157984213,C2,NA,NA
0.06048134356443268,0.2013335578488762,189.17280941885585,C2,NA,NA
0.06774839419776477,0.19320542856039682,191.24164218266125,C2,NA,NA
0.07067365930992361,0.2024652282982238,190.9378697181621,C2,NA,NA
0.06683525074098481,0.19787510861578944,185.30053623491045,C2,NA,NA
0.0649205008134621,0.19940004655431087,192.15950738646004,C2,NA,NA
0.057830039323018625,0.20000086755816202,187.93220804588037,C2,NA,NA
0.07004232248642012,0.1995713856992605,187.4043286518721,C2,NA,NA
0.05366208222796853,0.19940101998475862,187.4801118918446,C2,NA,NA
0.06574510822849058,0.1961496187128264,188.4472777740404,C2,NA,NA
0.0729147037472873,0.1903985115951606,186.24083745608291,C2,NA,NA
0.0784064055782349,0.19709472369872497,189.98305722155905,C2,NA,NA
0.0763659771276211,0.19957714401446117,189.22763379001722,C2,NA,NA
0.06595025527169468,0.19906731487374205,192.80172645420797,C2,NA,NA
0.07111987876994416,0.20287014819770843,188.85520552814978,C2,NA,NA
0.06665950236800468,0.18420935028387472,186.06551912219754,C2,NA,NA
0.06141774170696719,0.19832302440217833,190.13532229393905,C2,NA,NA
0.07101180283589431,0.20154962364849968,186.8618986405948,C2,NA,NA
0.05829942004602485,0.19197406891703178,189.2809114218162,C2,NA,NA
0.06255798909900896,0.19637070233077644,191.66247324521945,C2,NA,NA
0.07402429985607371,0.19887891178551964,191.76250819305443,C2,NA,NA
0.06868924816404078,0.1960072802167451,187.6095323602315,C2,NA,NA
0.05928367827860405,0.1999171625090106,190.3873997005424,C2,NA,NA
0.06748201582593347,0.19355028822651624,192.98057043744595,C2,NA,NA
0.05857615167773338,0.1912832610051483,186.69669426926245,C2,NA,NA
0.07801379374560842,0.19466530168985302,189.90915150401784,C2,NA,NA
0.07442575240094318,0.1946536696892419,188.08463578126717,C2,NA,NA
0.06212213365816632,0.1962325024767534,192.15581331572122,C2,NA,NA
0.06701373658926334,0.19724913539448666,191.4647765877781,C2,NA,NA
0.05901244473343246,0.19981153358622247,189.12260671815423,C2,NA,NA
0.0644530160865768,0.19350702822590715,188.87303227795567,C2,NA,NA
0.06929646088278456,0.20044726594691165,191.51717639085805,C2,NA,NA
0.06803067865480997,0.19549279714439882,191.79743169077318,C2,NA,NA
0.06494701139359786,0.19790180721476688,188.5264112291552,C2,NA,NA
0.062361560921425994,0.19737376890266822,191.53625049131412,C2,NA,NA
0.06022043113365508,0.19182104583698245,192.29327896253818,C2,NA,NA
0.06679791431376995,0.1974373284958074,191.07107105491295,C2,NA,NA
0.054785716444372,0.18674313891155508,185.94912320130774,C2,NA,NA
0.06060969540267468,0.20051557707873577,189.58153914850607,C2,NA,NA
0.04879183738452584,0.19051752158923044,186.5358032486976,C2,NA,NA
0.06223504400002743,0.20823055127401469,188.1990607085141,C2,NA,NA
0.05524337934201191,0.1958754597097871,191.90147333459956,C2,NA,NA
0.05865728319576379,0.19812252562656565,187.42079547192523,C2,NA,NA
0.0669530458981882,0.20134768430801986,189.11601743511918,C2,NA,NA
0.07195382049194221,0.21012858298700862,186.2261525114952,C2,NA,NA
0.07171017387069427,0.20400795290840368,190.6761024589919,C2,NA,NA
0.059648734732432894,0.19667778593824123,189.18747534722638,C2,NA,NA
0.08230285594831095,0.19026531868724036,185.8580655107068,C2,NA,NA
0.06772952258381015,0.18977066484998184,189.73237932695207,C2,NA,NA
0.05387466076550287,0.1988772037758342,191.2066078861639,C2,NA,NA
0.06465532120010897,0.19058162399510525,191.6435961746952,C2,NA,NA
0.07225524751532049,0.19190487671994017,189.50211370386035,C2,NA,NA
0.0740919766668636,0.19888530388011025,189.54174854431346,C2,NA,NA
0.07535244342112007,0.19156269234681403,191.18613843951707,C2,NA,NA
0.05876927191560387,0.19375595363842996,183.4402987554046,C2,NA,NA
0.06507564173897652,0.18966431897910918,190.81751764724208,C2,NA,NA
0.05997471947000941,0.1917108851872153,191.8664447032841,C2,NA,NA
0.065168888442805,0.1981960966246094,190.37770152858886,C2,NA,NA
0.06633992973560403,0.193620136252877,188.9954681605222,C2,NA,NA
0.07003502820742272,0.1984941782056805,187.4674715702861,C2,NA,NA
0.06899841810121284,0.1907627175741056,180.72299451131002,C2,NA,NA
0.06253442134308758,0.2067320386696369,189.84318653485622,C2,NA,NA
0.06274144000677864,0.19414992166463085,189.48876695442937,C2,NA,NA
0.07070667482663022,0.20010499355860178,189.3633874642744,C2,NA,NA
0.06562541880829545,0.19246700873295652,191.66205910265043,C2,NA,NA
0.07843670670145246,0.20434424542374388,186.76383438691326,C2,NA,NA
0.06031121464215534,0.19538680757181767,192.0606595466787,C2,NA,NA
0.0630938042359443,0.194205523726049,190.9634330754396,C2,NA,NA
0.05652512403176998,0.19821031573519526,190.75570829135984,C2,NA,NA
0.06337487852818971,0.19747359793691543,187.18437570799753,C2,NA,NA
0.05874364958521697,0.19394808822634552,189.10220751218756,C2,NA,NA
0.05742690639334003,0.19076746652523568,190.82072794487695,C2,NA,NA
0.05823181429822363,0.19789805905656907,191.86560116555503,C2,NA,NA
0.0554777413866591,0.19809700512045159,188.48880945406503,C2,NA,NA
0.06997849622464936,0.19200660612116394,192.50142501735675,C2,NA,NA
0.07314484514165508,0.19961746579393577,191.2871204015152,C2,NA,NA
0.07284551448372528,0.18697681992858706,189.2112107172044,C2,NA,NA
0.060277549258960644,0.19969807713016738,188.4473077277905,C2,NA,NA
0.07269394237550658,0.19762664283712622,189.59312945932308,C2,NA,NA
0.06521660790947142,0.20984357338399293,185.5023844106046,C2,NA,NA
0.08118289546562912,0.19387858511204692,186.92186531452558,C2,NA,NA
0.07053787710667751,0.1991297447901613,190.66691657728302,C2,NA,NA
0.06517348783670471,0.20754323770584693,188.83403094126447,C2,NA,NA
0.0725386734170036,0.19981625386815818,192.92408428181835,C2,NA,NA
0.07270123089922523,0.20730621257198872,186.59903835669002,C2,NA,NA
0.06477289409574637,0.19640590578553355,190.500407401722,C2,NA,NA
0.0714458890187003,0.1992107713321262,190.30742067906598,C2,NA,NA
0.07429441639794555,0.19332425101259781,186.79662570010981,C2,NA,NA
0.07009397071012191,0.1932207492607093,189.9833440906287,C2,NA,NA
0.0576189763558672,0.20371562986122355,189.43192068237335,C2,NA,NA
0.06468425254606042,0.19760998675840055,192.5331899811228,C2,NA,NA
0.05711864370861003,0.19348420922912207,188.1508614935614,C2,NA,NA
0.07310079109153386,0.19362059383766364,187.7760952099675,C2,NA,NA
0.07174271537974035,0.1997367756527438,189.1988072175962,C2,NA,NA
0.07641734134035946,0.20669440183149734,186.59244543185906,C2,NA,NA
0.05992735076755423,0.19873452613766665,187.96469786428952,C2,NA,NA
0.07049020852508338,0.20338252195080664,189.7765183889453,C2,NA,NA
0.060674833764356985,0.20201640242885488,192.9036945991276,C2,NA,NA
0.08173602413007194,0.1933480301192409,187.4797642285064,C2,NA,NA
0.07738362109525908,0.1937410276641986,186.87926061048418,C2,NA,NA
0.059742317393138504,0.20091447242445137,189.23307048117056,C2,NA,NA
0.06769828886112285,0.20485168654599056,190.28745390198134,C2,NA,NA
0.07919892311933491,0.19947402465852096,187.53087111595633,C2,NA,NA
0.06753614044812489,0.19452480920340007,187.7248733603615,C2,NA,NA
0.06412639390718625,0.18917162409680027,190.17898916663813,C2,NA,NA
0.06633860703459096,0.2037775408516483,190.88237108832007,C2,NA,NA
0.06699341134495225,0.19574084266992597,192.22139800498178,C2,NA,NA
0.06369046603108934,0.20263035621631165,190.60951163532133,C2,NA,NA
0.06323640263596088,0.19459495151842926,189.89149657213042,C2,NA,NA
0.0630770663456564,0.19387334976841214,190.1984012681863,C2,NA,NA
0.06140045276918186,0.19684752310017842,190.69918495262047,C2,NA,NA
0.0672565592331208,0.1943231764003768,193.3546096436113,C2,NA,NA
0.07323510821400828,0.19704480846360828,188.84461812232465,C2,NA,NA
0.06717914575408933,0.1924263454330381,191.03568272037504,C2,NA,NA
0.059070444251903054,0.19814116562627204,191.5438285875678,C2,NA,NA
0.056969032692087,0.20230923291527902,190.29963353147502,C2,NA,NA
0.07338699705596355,0.1958533092517798,188.90216409303827,C2,NA,NA
0.0569055607131341,0.18854510772687932,185.4262899863235,C2,NA,NA
0.05538351520167386,0.1996672168263364,190.90390653703082,C2,NA,NA
0.06410466106269642,0.19852766932996913,191.21964379117645,C2,NA,NA
0.07423699275537853,0.19599760178727052,191.61300380643175,C2,NA,NA
0.07657705495470042,0.18574650726800288,185.17001113682227,C2,NA,NA
0.06491553679501244,0.1983563033262248,182.44872762985895,C2,NA,NA
0.06200665936681126,0.19089236762585088,189.02646268338586,C2,NA,NA
0.07131768078849336,0.1959037451008315,188.87872187240265,C2,NA,NA
0.06957332150023889,0.19673306968097864,189.65541801220874,C2,NA,NA
0.0714062829256648,0.19154551004971465,192.4696622700303,C2,NA,NA
0.07918342737950783,0.1974452879531508,190.45354911582388,C2,NA,NA
0.0685241049917854,0.19750569673727983,189.49475819637735,C2,NA,NA
0.06070685267102484,0.19629631131642564,191.47631440830435,C2,NA,NA
0.06973727784731766,0.19452648064507874,189.4343671350143,C2,NA,NA
0.05889037271292805,0.2014748194265386,189.07278820466152,C2,NA,NA
0.060497038304254264,0.1986588194720812,188.69319917364018,C2,NA,NA
0.07169475040890563,0.19580724760974338,187.53959941692312,C2,NA,NA
0.06941404066216396,0.19776608843105886,188.79645664334078,C2,NA,NA
0.06224807755890923,0.19772249614841103,191.65261844838784,C2,NA,NA
0.06549444475347754,0.18783758141364068,185.86306280871403,C2,NA,NA
0.06470129609909156,0.19448189321803733,188.08030924192443,C2,NA,NA
0.06329002094036282,0.19978585505837998,193.03774874649767,C2,NA,NA
0.058627245426453395,0.20558202991905616,187.1509582240829,C2,NA,NA
0.05504089424820194,0.1961122104312332,189.91513614294965,C2,NA,NA
0.05688199699461994,0.19244471916885816,187.56331593633595,C2,NA,NA
0.07021624339313502,0.18877545301486112,187.8955582755317,C2,NA,NA
0.06806445833370331,0.1957773100184576,188.38699585794282,C2,NA,NA
0.06833169491681682,0.19511167314297165,192.8310066257647,C2,NA,NA
0.06889628393355908,0.20166534972437702,191.34980573650955,C2,NA,NA
0.07754030791227053,0.19793040310040172,182.80874365912788,C2,NA,NA
0.07130166538942974,0.19909944676291144,191.7998480901609,C2,NA,NA
0.055164647378318304,0.20336900632254298,188.06123523045056,C2,NA,NA
0.06020065073926681,0.1995277120069993,186.2297835667259,C2,NA,NA
0.06182073748889125,0.20193740919732417,188.28787525901626,C2,NA,NA
0.0640009511572457,0.19619067743236857,191.10624306226453,C2,NA,NA
0.06915147814601301,0.1958218202529577,192.14616485496677,C2,NA,NA
0.060759179589803675,0.20100549236076592,186.19088506204844,C2,NA,NA
0.05238481158471818,0.1938593595758023,184.6030458616962,C2,NA,NA
0.06233825663647816,0.19106706640971433,190.01760521067575,C2,NA,NA
0.05895798408148422,0.19857153924472626,189.39456644846317,C2,NA,NA
0.06377327375398746,0.1975216747359244,192.9681317475114,C2,NA,NA
0.07299944416646718,0.19924791289295857,182.77877365852964,C2,NA,NA
0.06818213443867188,0.19830529497298563,191.72003149111248,C2,NA,NA
0.06689955642645044,0.1958647776206781,192.2300753371684,C2,NA,NA
0.06325690116739614,0.2011439639434447,192.30136039788593,C2,NA,NA
0.0724263225555229,0.19668210733499228,189.65369279302982,C2,NA,NA
0.06868938978969255,0.19231919601693684,190.7192716899075,C2,NA,NA
0.07667579743464062,0.19695331533163707,191.6264719768878,C2,NA,NA
0.07426979371564861,0.19675981256501662,188.30189794211304,C2,NA,NA
0.055952533214076235,0.18554149275162718,185.27217072281942,C2,NA,NA
0.057280895001088995,0.19947885890109737,191.8121545545565,C2,NA,NA
0.06870789117207736,0.1916605713827158,189.42678851321008,C2,NA,NA
0.07358424804431617,0.20318851312005284,191.85732289526078,C2,NA,NA
0.05101144125102459,0.20484308455091274,185.43431483434247,C2,NA,NA
0.06133929607095039,0.18886437059888586,185.26487576247308,C2,NA,NA
0.06579471962104678,0.19593520869390163,191.488601696079,C2,NA,NA
0.06212213365816632,0.1962325024767534,192.15581331572122,C2,NA,NA
0.0728542682117947,0.19623063863733176,190.01647801093225,C2,NA,NA
0.05581831854337565,0.2046376447061005,189.89216593143095,C2,NA,NA
0.07154725167810225,0.190920359406198,188.88999323154604,C2,NA,NA
0.06259293332569216,0.19444266873103166,186.97149281051367,C2,NA,NA
0.06507960519124849,0.1992979808157832,190.6057625318019,C2,NA,NA
0.06748348038031542,0.20541096100999207,185.67638458469818,C2,NA,NA
0.08042028918132416,0.19521320202144685,187.19437368649224,C2,NA,NA
0.07713138906855305,0.19677565228025934,185.49554636810603,C2,NA,NA
0.06909935844584654,0.19510903193928006,187.09887556661067,C2,NA,NA
0.0615267892722589,0.19486610088494696,187.73413551241728,C2,NA,NA
0.07019332525888132,0.19880392151509133,192.36879863721265,C2,NA,NA
0.07488944490441457,0.19188858299856903,189.75802713888137,C2,NA,NA
0.0784746996450989,0.20421345156214674,185.61758427824714,C2,NA,NA
0.0693404926747063,0.1940377038101781,190.96684765294674,C2,NA,NA
0.06605701279429814,0.19846520057376527,188.36589631696518,C2,NA,NA
0.06660603461174726,0.19617091361005307,192.7992296678794,C2,NA,NA
0.07495828876155938,0.19776662487589844,187.69506937800494,C2,NA,NA
0.057760504885558235,0.20496332608401363,186.63425303515132,C2,NA,NA
0.06994563454402901,0.19580027933430125,189.9285050660593,C2,NA,NA
0.06417162131282896,0.18607920389652655,185.62083143034044,C2,NA,NA
0.05021211332574571,0.19951929193926637,187.67251909547397,C2,NA,NA
0.07907524941515633,0.2032460292308721,184.1126824788158,C2,NA,NA
0.06679752129727995,0.1887465999238076,191.33692365541518,C2,NA,NA
0.07999403336276995,0.1960715655805528,188.78085199011164,C2,NA,NA
0.050195320852684536,0.2018714958228551,187.39442658626209,C2,NA,NA
0.0592821041632437,0.19573682611597032,190.25443746287638,C2,NA,NA
0.06512162309281115,0.1999145053744094,189.71200590451554,C2,NA,NA
0.07015449844435569,0.20087959669718836,189.91786180019622,C2,NA,NA
0.07420576573183235,0.19101849418302466,185.63281187824842,C2,NA,NA
0.08424104205588712,0.19522244290475982,186.01755309238715,C2,NA,NA
0.05474209500082579,0.20244733252114608,188.54829168125545,C2,NA,NA
0.06549630066840328,0.19077571208456154,189.73372934565177,C2,NA,NA
0.07802057206669101,0.2049088087703975,187.21144315251425,C2,NA,NA
0.057332803228008974,0.20121410874587448,187.87173034371318,C2,NA,NA
0.061577207814076655,0.19573836514068998,189.84276066367903,C2,NA,NA
0.053809980296750035,0.19883292750601123,191.47496114633424,C2,NA,NA
0.06833810959125106,0.19473567930155666,192.49821918764735,C2,NA,NA
0.07848030545244042,0.1894461352250561,187.330138019144,C2,NA,NA
0.0649393356199523,0.20787388557740472,182.59139121085494,C2,NA,NA
0.06967919510164594,0.19742091301323036,190.05005922821297,C2,NA,NA
0.06389015306736724,0.20278174655514564,190.9915417707523,C2,NA,NA
0.07153110562488052,0.20735071575986655,190.17319539654181,C2,NA,NA
0.051719774451478844,0.1941024490549979,189.9028172681844,C2,NA,NA
0.06479406447017506,0.19898333052694614,192.5593913335249,C2,NA,NA
0.07471142433144597,0.19522125325936332,190.7175454153249,C2,NA,NA
0.07631440154876831,0.20510412438736939,190.44471619880997,C2,NA,NA
0.07511335956851235,0.19736495522217912,186.39436808255235,C2,NA,NA
0.06662310010437589,0.1937205724304984,190.1699667174571,C2,NA,NA
0.057696648699767705,0.1931822006505456,187.60009864524994,C2,NA,NA
0.07871237570533464,0.19735872788356632,191.45599341397536,C2,NA,NA
0.07410788849738685,0.1896539748261885,189.59944767183507,C2,NA,NA
0.07237642485000907,0.195378458124935,191.70899304277043,C2,NA,NA
0.06354269976435543,0.1874503009840928,183.77969822831395,C2,NA,NA
0.07613853762885273,0.19646819353784467,189.86037233328943,C2,NA,NA
0.06807768335742437,0.1971989824322834,192.24977184727334,C2,NA,NA
0.06539221841612196,0.1909722789982446,192.21510282414204,C2,NA,NA
0.06719832410885214,0.19109500172720267,191.47720858971508,C2,NA,NA
0.06208830057388792,0.19971418017720766,189.83826227519526,C2,NA,NA
0.05071824039484156,0.20167420785359946,188.63606617046682,C2,NA,NA
0.0683941334200732,0.20164462382495002,190.16209325341475,C2,NA,NA
0.07592495640593226,0.20252808460972405,186.82180790741933,C2,NA,NA
0.07489689784504819,0.2057781340431757,190.3021258870005,C2,NA,NA
0.058405018552986174,0.1998877766777027,186.34866633366735,C2,NA,NA
0.060216527629640824,0.187750850324728,186.09396470699494,C2,NA,NA
0.059861376989034217,0.19847013155777013,187.97514213258322,C2,NA,NA
0.06248648268551004,0.1999581253780811,193.12388040388564,C2,NA,NA
0.06705347659666883,0.1978659360303661,193.44063923579517,C2,NA,NA
0.06324089658388307,0.1954489960575789,188.95017239529128,C2,NA,NA
0.06679837498431138,0.20109396222503392,191.50907878276493,C2,NA,NA
0.05656786702233242,0.19071030184485738,190.8505498579789,C2,NA,NA
0.06287356116989298,0.1979570010266067,185.88415093247542,C2,NA,NA
0.057463108237071625,0.19743653578752393,187.16648529183288,C2,NA,NA
0.06874341317406692,0.1941248979909841,192.25452743696277,C2,NA,NA
0.049808728649732376,0.19678269664519996,181.73779397965552,C2,NA,NA
0.07126841674135412,0.19386777968906083,189.18906642970774,C2,NA,NA
0.069087374329603,0.19769335579966904,188.86638540159473,C2,NA,NA
0.06534759736148776,0.1959284353093242,188.08722328837462,C2,NA,NA
0.08210066719382254,0.1964819566726715,189.5864256418271,C2,NA,NA
0.06527096603539297,0.19185803448249428,189.7664742506212,C2,NA,NA
0.05833813778272093,0.19781097365871095,190.5459815535356,C2,NA,NA
0.07139447685020144,0.19661878224677248,191.96802820038604,C2,NA,NA
0.06052219332330538,0.1996105363279358,189.82333645212987,C2,NA,NA
0.062451736349068206,0.19757343719067294,191.38793677032606,C2,NA,NA
0.052852206591287546,0.18975193320419814,187.4558804992239,C2,NA,NA
0.07070910060701027,0.19265802677447375,191.78715027893853,C2,NA,NA
0.057432612360386784,0.2028956955876798,188.9714855494092,C2,NA,NA
0.08059405663232602,0.1947787722947834,191.2203831110246,C2,NA,NA
0.06356152581696604,0.1917306658178884,185.47407118775752,C2,NA,NA
0.07118513127934016,0.188480844650831,181.62903875451403,C2,NA,NA
0.0781839072229396,0.19815180143015876,191.0428488328454,C2,NA,NA
0.05580077783240395,0.19896247089766717,189.58705899053206,C2,NA,NA
0.06713004172302908,0.19783419644302067,192.08166293065,C2,NA,NA
0.06292277831119218,0.1999814945046062,191.52908249403336,C2,NA,NA
0.06689439254445581,0.19661964620516004,190.38668505386423,C2,NA,NA
0.07647505130716419,0.19219739508353953,187.7904863390326,C2,NA,NA
0.06626952120929619,0.19832407575423877,189.160029152801,C2,NA,NA
0.06294494762588056,0.19666414215468161,189.94111721939655,C2,NA,NA
0.06616941226778095,0.2022947831812098,192.63145355704057,C2,NA,NA
0.06471876634823918,0.19512779510478356,190.0762703912277,C2,NA,NA
0.053057853047706424,0.19607326532103966,190.90769582483173,C2,NA,NA
0.06112324271362125,0.18843860637751214,185.17356376114375,C2,NA,NA
0.06694601202259005,0.1973687310007463,189.69834525535845,C2,NA,NA
0.06541416572681018,0.19575371552595566,190.01738257237642,C2,NA,NA
0.0633924971712995,0.2015353623896467,192.22155892204594,C2,NA,NA
0.07293153312759972,0.19493844834514798,191.52023615980403,C2,NA,NA
0.07254069982945806,0.19544749421034374,189.53401715779978,C2,NA,NA
0.07186085707890211,0.20457960957246182,189.2906322124242,C2,NA,NA
0.07186153787224328,0.20153855975037907,186.42886084853686,C2,NA,NA
0.05571795628394477,0.2005097415425377,188.80070629406094,C2,NA,NA
0.07685912193777829,0.1923624509368595,189.9541369470028,C2,NA,NA
0.08182215098328659,0.19962833705396288,187.206043248653,C2,NA,NA
0.062002965054196786,0.20571608435810984,191.04896876882208,C2,NA,NA
0.06776265490088772,0.198712495000635,187.9870476241828,C2,NA,NA
0.050153860468060446,0.19638325423621356,188.31785924957867,C2,NA,NA
0.0832809782444679,0.19556827168810414,187.3196223266469,C2,NA,NA
0.06699559212127919,0.19135051434901484,189.749213447249,C2,NA,NA
0.06124993472787059,0.20117856643906692,189.20461685023628,C2,NA,NA
0.06597008891667308,0.19065102895711677,185.79888629198953,C2,NA,NA
0.06254480050716946,0.20617176079444782,186.59193004954045,C2,NA,NA
0.05506159606928297,0.19020023850533102,185.16720691098482,C2,NA,NA
0.06511094687939983,0.20027611206789434,187.88132760234978,C2,NA,NA
0.06460200845639745,0.20141183269728785,190.50204286171135,C2,NA,NA
0.07066984147622678,0.2019021751338779,190.3958274910169,C2,NA,NA
0.05775668227088918,0.1955683827165913,187.57243887509253,C2,NA,NA
0.0837860420672853,0.20044863109313413,185.91092799361925,C2,NA,NA
0.056599664971483846,0.19903193099867966,188.326643545124,C2,NA,NA
0.06986112114175355,0.20310467914534644,188.59474701845,C2,NA,NA
0.06279545437601622,0.19208431571243648,190.04015558814334,C2,NA,NA
0.06055265552038841,0.20079671874000415,191.72727491955325,C2,NA,NA
0.07133385214701127,0.18893014531912225,186.8731149711244,C2,NA,NA
0.06288441007097766,0.19991686181019225,190.74440108043493,C2,NA,NA
0.07149792361753242,0.1997646950429108,189.07442166315496,C2,NA,NA
0.06474106118083536,0.19212643636129223,191.922633550608,C2,NA,NA
0.06334861258320451,0.20117337364625343,188.29921963548998,C2,NA,NA
0.058934079613824755,0.19926595657621063,189.3128486875604,C2,NA,NA
0.06763936293131056,0.1976821134030914,191.01952766812437,C2,NA,NA
0.061349389143332975,0.18706901814914412,190.07276415709342,C2,NA,NA
0.06521462198954228,0.19776736035456632,188.53223193763222,C2,NA,NA
0.06091272137645755,0.19608708295681598,187.108537968409,C2,NA,NA
0.08618473768192805,0.1962754103391982,189.65078238963693,C2,NA,NA
0.05681499340023408,0.1917152662357904,187.02058720371537,C2,NA,NA
0.05934346130595687,0.19237925605844977,191.91140854497522,C2,NA,NA
0.05330988582781826,0.19541371710627672,189.65493998439496,C2,NA,NA
0.06736107981046063,0.20175421388954057,188.106449153505,C2,NA,NA
0.07485905764348101,0.19342360144318388,189.89840794394038,C2,NA,NA
0.07402340201845023,0.19654348602919178,189.08986123933772,C2,NA,NA
0.07332352637849676,0.19894295129823034,193.196397022398,C2,NA,NA
0.07807449900878052,0.1955321430854862,188.27776208935185,C2,NA,NA
0.06279136218730585,0.20352935482634188,189.63210897461602,C2,NA,NA
0.05743956855416771,0.19608829691148602,191.85519904119377,C2,NA,NA
0.06623769936974513,0.2020916238874862,191.24033189637132,C2,NA,NA
0.06791710025268355,0.19515465805732013,190.4419337670146,C2,NA,NA
0.0560385782800382,0.20312658426913843,180.46711580361324,C2,NA,NA
0.06819024869898041,0.2006962880878534,191.11882928624624,C2,NA,NA
0.0733238137196634,0.1984090013677729,191.37177361380574,C2,NA,NA
0.07408288074800923,0.19870591762369466,188.794843440645,C2,NA,NA
0.06154109678915952,0.20029413776456603,192.14089105989416,C2,NA,NA
0.07093913399457061,0.19254119222988403,188.9109653091894,C2,NA,NA
0.05766989390649394,0.19502735518336717,187.6207763359443,C2,NA,NA
0.06473316985329595,0.20289375575860075,190.58397721628432,C2,NA,NA
0.05610496564431369,0.1919636492740504,186.76853754891138,C2,NA,NA
0.06396330244094299,0.2042364962578923,191.98214486838,C2,NA,NA
0.06641029796619288,0.19525380340285228,191.02459509032727,C2,NA,NA
0.0590438745265665,0.20080314681399897,187.70005408994666,C2,NA,NA
0.06634704705174704,0.2020376077589038,188.6518100952934,C2,NA,NA
0.07379746093142363,0.19398544711354213,189.58448877236668,C2,NA,NA
0.05581452992620998,0.1943324688140144,188.26737441993862,C2,NA,NA
0.06154849357402243,0.2010001207098584,192.41341947313725,C2,NA,NA
0.07169310513880191,0.20097380798176073,190.36052489738333,C2,NA,NA
0.07206299883407657,0.19762979861687308,184.8739295930778,C2,NA,NA
0.06713026360572545,0.2003445150198999,189.5060752952239,C2,NA,NA
0.05671374274760782,0.19001754550010977,188.00334494924772,C2,NA,NA
0.06933217122747357,0.19334731262569213,191.773002786929,C2,NA,NA
0.07737022525751015,0.20037614043361726,191.01853940416962,C2,NA,NA
0.0669438921547166,0.20061733639206264,192.12138305158754,C2,NA,NA
0.06920278104387252,0.20208355911190579,188.86918993627012,C2,NA,NA
0.06839817917497763,0.20705208519508303,190.63382812996852,C2,NA,NA
0.05851802229954607,0.1991660147908023,189.93044295587669,C2,NA,NA
0.0730870385541072,0.20287542885899057,187.99841975848827,C2,NA,NA
0.0684889702001221,0.20613775360326453,188.44920916489352,C2,NA,NA
0.06763198535245879,0.1992630535807652,190.33082696125342,C2,NA,NA
0.051981451502130765,0.19801761496877673,189.48289898342045,C2,NA,NA
0.0667793156604162,0.19528393717343728,191.56164777755325,C2,NA,NA
0.07328028598685513,0.1922766394423741,189.50792139255663,C2,NA,NA
0.061020805029102135,0.19641818824865934,189.4289645370585,C2,NA,NA
0.07121398802472309,0.19335254495329943,192.21139953134406,C2,NA,NA
0.06789333743545713,0.19690161171357803,190.7460572147478,C2,NA,NA
0.05622754198671803,0.19744075982536874,192.63924837655028,C2,NA,NA
0.06935621275608427,0.1988182681222871,191.2700251206766,C2,NA,NA
0.06293140088032961,0.18971856210207597,189.16146730111504,C2,NA,NA
0.07310551851163276,0.1907108924202007,188.86323145894835,C2,NA,NA
0.06570012676911784,0.19812084938428456,189.21096649513362,C2,NA,NA
0.07763908480785701,0.19643970028791596,188.33227809941013,C2,NA,NA
0.07085820051663098,0.20062548572621577,189.03062797080713,C2,NA,NA
0.073489422237913,0.20408999490775775,185.50785630234336,C2,NA,NA
0.06947220261763226,0.20477547334641302,187.9128533220593,C2,NA,NA
0.07049132638454907,0.20632680887437374,184.78612393351457,C2,NA,NA
0.057931199542075984,0.19657181906082805,191.15801764066526,C2,NA,NA
0.06522073589023326,0.1948495917678811,189.7894129207327,C2,NA,NA
0.06814788058786189,0.19398764064760685,189.92816514956837,C2,NA,NA
0.06445264159650421,0.1914275261556459,192.05522537292842,C2,NA,NA
0.05985265937040743,0.19671710096752676,191.07378596633686,C2,NA,NA
0.057093174206398326,0.1991854289995068,189.76560158749675,C2,NA,NA
0.07253399643670666,0.20305162884651315,190.7110399127063,C2,NA,NA
0.06133180477492838,0.2022365052454135,192.36438035362104,C2,NA,NA
0.0649179292628303,0.19342995478971284,188.53174865371605,C2,NA,NA
0.06310483641276311,0.19203156805982,190.502168624373,C2,NA,NA
0.06811703504971378,0.1916558114762541,189.20230863502368,C2,NA,NA
0.07543363774617923,0.20268313968505108,188.79283457064494,C2,NA,NA
0.06562205725756157,0.19571948417306015,191.0450072701337,C2,NA,NA
0.06858734184507201,0.20212480198126276,190.19801596451643,C2,NA,NA
0.052167156182500694,0.20220494963924282,185.3679400201803,C2,NA,NA
0.06320750331044821,0.20160455274482378,190.37263442851028,C2,NA,NA
0.07552136242982503,0.20064614395007563,188.9614386782577,C2,NA,NA
0.06914807350706088,0.19350961216496781,187.56710199458428,C2,NA,NA
0.06347922320536935,0.19924886600572905,190.1124363074012,C2,NA,NA
0.07827289280461885,0.19941514916203326,188.6662890833623,C2,NA,NA
0.07787508355555456,0.20283945414775434,189.3977169731875,C2,NA,NA
0.06454933065252444,0.19655416479204005,190.57621412578482,C2,NA,NA
0.05756747857875193,0.19941662592522227,192.08979778630385,C2,NA,NA
0.06264635345107421,0.1957175870789395,190.08246328306433,C2,NA,NA
0.07282762475071128,0.20619313484027135,188.7627807941906,C2,NA,NA
0.06350148221946571,0.18783419511460234,187.84577646406916,C2,NA,NA
0.0686979386348561,0.20207305785092633,189.31236531696905,C2,NA,NA
0.07311841987572412,0.199001948469628,192.45116920273546,C2,NA,NA
0.07416335411902447,0.19490630567824493,192.76052463347224,C2,NA,NA
0.06565213283546312,0.19504757077508886,192.04542578426776,C2,NA,NA
0.0560047016640861,0.19033293924569053,189.43337304753794,C2,NA,NA
0.06208662145034946,0.2028036556258331,190.04186577144722,C2,NA,NA
0.0715451412680543,0.19966334678273398,187.77861842100845,C2,NA,NA
0.07622598388297919,0.20616243834673528,186.95627591836492,C2,NA,NA
0.06294348362222899,0.19577115954492547,189.46167191107614,C2,NA,NA
0.07126130163308664,0.193299976238305,190.82560761792064,C2,NA,NA
0.07259348877425353,0.1985235022214071,189.57612408134528,C2,NA,NA
0.06871997232745039,0.19719334086541448,192.30656688105512,C2,NA,NA
0.07275713057630244,0.1969755684916243,188.62091208034064,C2,NA,NA
0.07107085525076758,0.2008545087233552,189.17179152667117,C2,NA,NA
0.07137308397272486,0.2011469155817508,191.4847336194543,C2,NA,NA
0.06906382260000471,0.20083462678017996,188.29481635651948,C2,NA,NA
0.06575523301602042,0.19676405380097944,192.1608382891834,C2,NA,NA
0.06401425015890172,0.1910044684421746,189.25852812297802,C2,NA,NA
0.06435610921132472,0.20238746806278282,186.75277564661107,C2,NA,NA
0.07142213280943861,0.1962274499200213,189.50065461263685,C2,NA,NA
0.07319968191570773,0.19470643046312033,191.88660236073366,C2,NA,NA
0.07467978979076167,0.19716038950360204,188.5336590217553,C2,NA,NA
0.07551861801151107,0.19445887850861637,185.11554047343935,C2,NA,NA
0.06062495819724668,0.20432261302447158,191.2398156881036,C2,NA,NA
0.05472700759872966,0.1924358591260554,190.49535177805691,C2,NA,NA
0.05103337367432748,0.19681934621789923,189.62832129173643,C2,NA,NA
0.06744625145000846,0.19736340219757506,191.8546180768897,C2,NA,NA
0.0765321541151244,0.19499529642830143,192.89091117686397,C2,NA,NA
0.061658793031721504,0.19864787862436065,192.26984036738733,C2,NA,NA
0.0693383498621603,0.19676048445114697,192.39702487394385,C2,NA,NA
0.0588627826869188,0.19232216226074297,190.27917447040878,C2,NA,NA
0.08000206837229165,0.19365893897034972,187.22852746785694,C2,NA,NA
0.06408106592693841,0.19891609405737515,189.76051176498254,C2,NA,NA
0.06784616796270848,0.20130954790824632,190.7961810041713,C2,NA,NA
0.06079533992577376,0.2003663177479611,186.48510198937902,C2,NA,NA
0.07073604450442206,0.18655489526600233,190.1160474051027,C2,NA,NA
0.06633339740831927,0.19960870344896534,192.2054830086581,C2,NA,NA
0.06253043015603588,0.19324770906956557,186.4541649277354,C2,NA,NA
0.06614892236814426,0.20225152480276817,189.57835957129507,C2,NA,NA
0.056469582519295444,0.19179678986705248,187.4293510297402,C2,NA,NA
0.07493186800389368,0.19940051550206103,189.8332874304324,C2,NA,NA
0.06242219037243737,0.2012335518466972,189.97994638641106,C2,NA,NA
0.06776158415129471,0.19415423640240986,192.15297846331922,C2,NA,NA
0.070787219743163,0.20046672283526326,191.92921333106602,C2,NA,NA
0.06682156105361682,0.2002644032110511,190.6812637800825,C2,NA,NA
0.06679278707225633,0.19488697573658262,189.5718758842801,C2,NA,NA
0.0643644800685024,0.20092763670113203,188.44543535036826,C2,NA,NA
0.06283602975841808,0.19375115039892776,193.0957396439161,C2,NA,NA
0.06262677312431972,0.1952768195599827,191.7472824852118,C2,NA,NA
0.04552128653533745,0.19614456042780778,187.9751040244947,C2,NA,NA
0.07414048875127716,0.19532943733384217,182.18903525758495,C2,NA,NA
0.08371227484993099,0.20530321944878846,185.79450071493892,C2,NA,NA
0.060594357260397115,0.19402017606531308,188.62115478786745,C2,NA,NA
0.06314998061032759,0.19041836097046613,189.2941908851048,C2,NA,NA
0.07826984728243921,0.19919515167222554,186.46368226964242,C2,NA,NA
0.0708439257754187,0.20032597033772845,188.17336046203778,C2,NA,NA
0.06105285457802197,0.19762063538479197,189.31635156321477,C2,NA,NA
0.07870474309798747,0.19681315077116052,190.7278050004045,C2,NA,NA
0.07234359673863802,0.19879466702457965,189.5513109914806,C2,NA,NA
0.05810230243170142,0.18835610489168794,188.99118419582385,C2,NA,NA
0.0747361072255372,0.19257341799026156,189.3625429542826,C2,NA,NA
0.06253249823859708,0.20130906521603487,187.28086197776827,C2,NA,NA
0.07321443959651087,0.20417936850205387,191.53943947585879,C2,NA,NA
0.06345082071264922,0.18791885865256427,190.20053759426503,C2,NA,NA
0.07289368741559372,0.19972974548682007,190.92192657166387,C2,NA,NA
0.0887695071287482,0.19466332929650224,188.27015300294914,C2,NA,NA
0.058767203555331084,0.199022518112396,188.3962107177073,C2,NA,NA
0.06552328857248803,0.19137022494311212,184.73562988928813,C2,NA,NA
0.08133296467287016,0.21030827505530653,184.7227970653083,C2,NA,NA
0.06982595369059923,0.20445083370472217,184.39181622595564,C2,NA,NA
0.06326175182721232,0.19992967773880224,192.4409030541005,C2,NA,NA
0.06713004172302908,0.19783419644302067,192.08166293065,C2,NA,NA
0.05105633132999706,0.19685628967366436,191.32605537223643,C2,NA,NA
0.06894992237268187,0.19287040409779033,189.49777043910413,C2,NA,NA
0.06172604207417269,0.19694494815898245,189.66669085111846,C2,NA,NA
0.07374508323827003,0.1880743239849976,187.55903143499725,C2,NA,NA
0.06405511685335906,0.18784208260781582,188.00627799060925,C2,NA,NA
0.07089022677869841,0.19300217071749962,192.44226427333476,C2,NA,NA
0.07384353465384445,0.1918868396401836,186.93578481042533,C2,NA,NA
0.06976892881606618,0.20286714179373605,190.59500358598703,C2,NA,NA
0.06570772016513353,0.20280427405454132,189.4165433643678,C2,NA,NA
0.061356230967443116,0.20262206634129937,190.0788061397699,C2,NA,NA
0.05947824450886613,0.19112748288315873,185.02310033051606,C2,NA,NA
0.0626618491844147,0.20320107261503575,190.53740838251022,C2,NA,NA
0.07150637130906745,0.19220112013551105,191.7390448145389,C2,NA,NA
0.07163694418006995,0.19574345470033924,191.59757151859293,C2,NA,NA
0.07031259396247933,0.19307269783132236,190.40878259219687,C2,NA,NA
0.06933811529211695,0.19308141348153546,189.59725249443224,C2,NA,NA
0.07117086989207916,0.19534387551974902,192.3259847367439,C2,NA,NA
0.05621478063536311,0.20445693232074527,188.16275539966253,C2,NA,NA
0.05480291186855765,0.2015369808445744,191.86012806614843,C2,NA,NA
0.06668624863806273,0.20243528336985123,189.27408273210196,C2,NA,NA
0.05629397814176596,0.19720895811851347,192.4365648219743,C2,NA,NA
0.06005296878660157,0.19618823655473505,187.75625273033452,C2,NA,NA
0.07582571566930284,0.19152617668238558,189.23048639011617,C2,NA,NA
0.06800752148618272,0.19448020182529027,191.87983106198374,C2,NA,NA
0.06739731091171064,0.1961367840187583,191.05987597422867,C2,NA,NA
0.05924911057443687,0.19512488643325082,188.1524773178991,C2,NA,NA
0.07701498315960399,0.1958530353534849,191.30681264636348,C2,NA,NA
0.070096722556973,0.19110597806492133,188.84665785136053,C2,NA,NA
0.06957050647517318,0.19498979879912742,191.04512627255846,C2,NA,NA
0.07164374074813834,0.19806019421647167,190.2535374837391,C2,NA,NA
0.06745756710606884,0.1923288152725084,189.1118903437487,C2,NA,NA
0.07370101842523705,0.19714967449985765,189.8982741725695,C2,NA,NA
0.06248748390783189,0.1959647146112023,190.30829665710982,C2,NA,NA
0.07217268679413998,0.1962411034935156,187.8897083332137,C2,NA,NA
0.05702412323761251,0.19881677692717242,192.0014807478018,C2,NA,NA
0.07141890475503934,0.2046830843862537,189.14569721132776,C2,NA,NA
0.06640422244187184,0.19768219101321485,188.8636823670644,C2,NA,NA
0.061861463266545715,0.19943144063246804,191.2942881913605,C2,NA,NA
0.06362089061611347,0.19785262980842439,190.27827763346752,C2,NA,NA
0.06506472890792737,0.19261846079915923,190.23350779213735,C2,NA,NA
0.0707762387448707,0.20426939783281317,191.8847060288842,C2,NA,NA
0.05562919305773227,0.20270603452472832,191.3385460708356,C2,NA,NA
0.08748550888983202,0.19337214817754939,183.64090581179983,C2,NA,NA
0.06218748280616454,0.19032029813542273,189.3409144956012,C2,NA,NA
0.0736692235891626,0.19391069105510247,191.66212208798754,C2,NA,NA
0.06937513469229849,0.20561596544264754,185.66642408867793,C2,NA,NA
0.0625264660739845,0.20320052705060557,188.54720148655917,C2,NA,NA
0.06070838874475181,0.19487685419159265,191.89372691327824,C2,NA,NA
0.06840472061936703,0.20259779605103634,190.71355797847164,C2,NA,NA
0.058242090971397265,0.19564905886744297,192.20574430579282,C2,NA,NA
0.06138904446301188,0.19765613913116167,189.3489034547411,C2,NA,NA
0.06010694150246739,0.18974601995416177,188.5227320325535,C2,NA,NA
0.060056226471614724,0.20288630419605047,188.89378618403583,C2,NA,NA
0.06607185446083663,0.19932193567165707,190.45425218113317,C2,NA,NA
0.05853719689343037,0.19970782036471174,187.1274750759947,C2,NA,NA
0.060567011722578695,0.1928818132904609,188.57991707898913,C2,NA,NA
0.05875160965688816,0.1975144895037473,191.20342220519112,C2,NA,NA
0.060032613051806016,0.19431249515834417,187.96662348003832,C2,NA,NA
0.0704278482818439,0.18963663097259853,191.35305053760257,C2,NA,NA
0.06278931052495075,0.2025012906479817,189.93379672726272,C2,NA,NA
0.05914171220158856,0.19429354467612103,190.43376468954477,C2,NA,NA
0.07399465326033527,0.19633169038484857,190.87483540496132,C2,NA,NA
0.07163694418006995,0.19574345470033924,191.59757151859293,C2,NA,NA
0.06082792730813774,0.20403206467058868,190.51613549802042,C2,NA,NA
0.05768560914427194,0.2003828105720257,186.57760002253232,C2,NA,NA
0.05839286840461804,0.1978126020476058,192.96726866464138,C2,NA,NA
0.08291840218279863,0.19683632985325739,187.7015331717662,C2,NA,NA
0.06376763568278421,0.2013718334781035,192.55004984821542,C2,NA,NA
0.06204997857974624,0.1934922859008178,190.55623344917754,C2,NA,NA
0.06550568194348402,0.18852636829647632,187.56179049616233,C2,NA,NA
0.05998727284136642,0.20012524488647934,192.72645128190163,C2,NA,NA
0.07395172037593892,0.19927237356280061,191.31839116763678,C2,NA,NA
0.05360648936703995,0.20013527494084152,186.05516060350615,C2,NA,NA
0.06903355307597447,0.19898375853387157,191.48549326729793,C2,NA,NA
0.05939972979715455,0.19847279150157127,189.5697982969751,C2,NA,NA
0.06694648042019308,0.20216257457514752,185.76767520210723,C2,NA,NA
0.06719900093927486,0.20467931248480367,188.06500862606006,C2,NA,NA
0.06257662335908906,0.19863879623868733,190.9029384912027,C2,NA,NA
0.06411930453708448,0.1988852266839493,191.2358371498153,C2,NA,NA
0.07554687198207605,0.1942983135628964,190.13159476351635,C2,NA,NA
0.07445153839822741,0.1948329817111016,192.63324769089297,C2,NA,NA
0.06207420839515901,0.19430869643003781,185.46783380004473,C2,NA,NA
0.06932051511183736,0.1982169535602091,185.88485445531967,C2,NA,NA
0.06536806923894599,0.2001312460874125,190.8706749524264,C2,NA,NA
0.06986104465398728,0.1920571953081074,185.79611182156066,C2,NA,NA
0.062234675773548194,0.19755237339082357,191.79699735518668,C2,NA,NA
0.059935210388535685,0.19334418711062595,192.78753087000698,C2,NA,NA
0.06020742216971051,0.2016685935043175,186.90763899065655,C2,NA,NA
0.07082438129879753,0.19558998037542613,190.40392393942307,C2,NA,NA
0.06308698948164947,0.20415363163249753,190.71141030562424,C2,NA,NA
0.06439665631472043,0.20408713701689313,189.35641404269492,C2,NA,NA
0.05992639036559057,0.19729791117695028,190.85216314780502,C2,NA,NA
0.06792766934580366,0.20285491910307535,189.29473664301918,C2,NA,NA
0.05366978551064706,0.19704806961078258,188.40145677012126,C2,NA,NA
0.06672977300614226,0.19075994784534683,191.23419694330934,C2,NA,NA
0.06463328721705461,0.19471973569061218,191.3325529959012,C2,NA,NA
0.07410713551852499,0.19053801228052786,187.4517765897039,C2,NA,NA
0.06664273418313253,0.19026432277641614,186.52046193440236,C2,NA,NA
0.048445769919575346,0.19413708320757325,186.61047364001,C2,NA,NA
0.07001370750317644,0.19444677594714083,180.77709789600078,C2,NA,NA
0.060354024387917066,0.1962978659543113,191.51240622581426,C2,NA,NA
0.07212921578143916,0.19616688066553922,192.87609947652058,C2,NA,NA
0.0763230961165425,0.18796306052530304,189.95457852594345,C2,NA,NA
0.06718259224532905,0.1907581165742186,190.65691742401577,C2,NA,NA
0.06207435837369901,0.20075692789113056,189.35693176640012,C2,NA,NA
0.061738821774356,0.19204730536452325,190.78546262695465,C2,NA,NA
0.06992510605137889,0.19837566865685274,188.16337380820565,C2,NA,NA
0.06468798346575626,0.19541714015523381,192.2877502111183,C2,NA,NA
0.07140971370851651,0.20001314557191854,187.18202494533617,C2,NA,NA
0.059285066526451005,0.18952758415705723,190.87992863480156,C2,NA,NA
0.055748208048533227,0.193075897374601,187.80235871847105,C2,NA,NA
0.07525663045045115,0.19292305025169326,190.9816600669169,C2,NA,NA
0.06272254847366211,0.1992531826422001,191.15284585060397,C2,NA,NA
0.0713929563918751,0.2031913773214357,189.40206156544542,C2,NA,NA
0.06753962685111789,0.19569037075951262,187.99194528743834,C2,NA,NA
0.06029313120262003,0.20048818712943378,192.61046710949265,C2,NA,NA
0.07082102307930639,0.20093832208465,188.91077606561572,C2,NA,NA
0.0687489907524265,0.188658293681069,187.41334282248707,C2,NA,NA
0.05155748971332109,0.2007793511533605,190.19705330192977,C2,NA,NA
0.052596871710068376,0.19771213227826365,187.51113158840332,C2,NA,NA
0.0696858900731271,0.1928186841374664,188.1391492491577,C2,NA,NA
0.06324925388639925,0.1963958704904269,190.7355390104089,C2,NA,NA
0.06711867457606985,0.19510832063441108,189.17802970753607,C2,NA,NA
0.05861859777402026,0.1950943347488187,189.9445548002709,C2,NA,NA
0.06344153674921893,0.19551003644769377,193.3208909291085,C2,NA,NA
0.07422084886704534,0.20585209678965072,183.31516365749874,C2,NA,NA
0.06995166415965984,0.2055615214591967,186.17547338669013,C2,NA,NA
0.06724094794949206,0.19504997770093246,189.50263300067115,C2,NA,NA
0.06708535533810552,0.1923483669188895,188.14272723291984,C2,NA,NA
0.0573684824817864,0.19119533311125936,188.80975021165509,C2,NA,NA
0.04627252975742499,0.18965372247422863,188.65424273073165,C2,NA,NA
0.05930899271950387,0.19160375917464034,190.81700755542175,C2,NA,NA
0.06396403196833286,0.1941831112831684,191.25742785762864,C2,NA,NA
0.06416237285814548,0.19354728890800507,192.38276493297184,C2,NA,NA
0.0672527297466811,0.19393484422945614,190.58090986089937,C2,NA,NA
0.07161099569251157,0.192546338239839,190.87350325119323,C2,NA,NA
0.06899343244522618,0.18942994944150318,188.76374358496625,C2,NA,NA
0.052912307279453376,0.19715488682618315,188.5542178212672,C2,NA,NA
0.08222560818342321,0.1899482824780249,184.97155500865458,C2,NA,NA
0.07228949066818897,0.19598617301957305,192.10333276200154,C2,NA,NA
0.07156015711553247,0.19511810581315878,189.38352740454914,C2,NA,NA
0.06125936576217431,0.19914689509631706,191.90565702389262,C2,NA,NA
0.06445082627524618,0.20434441711931045,185.6428905613174,C2,NA,NA
0.06167528249557292,0.20289123630429215,187.47769976778872,C2,NA,NA
0.05855923955902548,0.19812100218591175,189.25648848053405,C2,NA,NA
0.058882242824932776,0.20240038829986323,191.2026118980777,C2,NA,NA
0.07494684533310991,0.19433828399264094,191.75956145958122,C2,NA,NA
0.06435836156689105,0.1991966870111467,188.8254800793238,C2,NA,NA
0.07673323953162854,0.1970444607097171,190.47858467990673,C2,NA,NA
0.06028759212449542,0.19620674537748695,193.2335950877609,C2,NA,NA
0.06866768766216581,0.19532900368134085,190.85622217056795,C2,NA,NA
0.06856420744276814,0.199412004315308,192.18048554085618,C2,NA,NA
0.06818574142376863,0.2026166972400709,191.9116317670538,C2,NA,NA
0.061965411040715436,0.19313949269646558,188.12463762895118,C2,NA,NA
0.06446856251176744,0.1977280929049096,191.214388918936,C2,NA,NA
0.0700505813265197,0.19520040809463904,189.79852529677288,C2,NA,NA
0.06153237962967426,0.20253419474252643,189.07963569235943,C2,NA,NA
0.06569247750435273,0.19418696942307906,192.68219195115378,C2,NA,NA
0.06503243736190205,0.19712062984275114,189.6617418591778,C2,NA,NA
0.07884542252662852,0.1968157679705693,186.57011316162223,C2,NA,NA
0.0760780024659985,0.19701076315639882,189.9708390136107,C2,NA,NA
0.06800255659888962,0.19381125751281622,192.95266111328303,C2,NA,NA
0.06426274102362353,0.20124184754443158,183.67746496497676,C2,NA,NA
0.08417364951560063,0.20246629351814188,183.9338586455721,C2,NA,NA
0.06889268193825018,0.18849323071016374,189.95394717177513,C2,NA,NA
0.07036887510966161,0.20860057134484775,188.32958098244396,C2,NA,NA
0.06127093615091987,0.20376139677640834,190.44454603466386,C2,NA,NA
0.05842197175186064,0.1950355153679058,188.8144321028982,C2,NA,NA
0.06325194899358104,0.1991352969941112,188.61567510885197,C2,NA,NA
0.0776963390202249,0.19596018191517273,190.69607981037893,C2,NA,NA
0.07069379822422799,0.20659878461825124,187.59729745240594,C2,NA,NA
0.071380375279073,0.19421007342118957,190.88871347002302,C2,NA,NA
0.05314616375945312,0.18943871584446448,186.41919989089092,C2,NA,NA
0.06844696897071967,0.1904658572117424,188.44312839158061,C2,NA,NA
0.07145621267510074,0.1963141684972469,191.46849671173953,C2,NA,NA
0.07026529103431249,0.2025630938538383,186.61213469567934,C2,NA,NA
0.06737122507661679,0.20203874284763393,188.1815437334938,C2,NA,NA
0.06835121670940288,0.19945546363288533,189.13276600186802,C2,NA,NA
0.07682446405268263,0.19291455548425912,189.48904641293854,C2,NA,NA
0.07457962158116134,0.19910592274723643,188.21236343617494,C2,NA,NA
0.06344153674921893,0.19551003644769377,193.3208909291085,C2,NA,NA
0.06702736085742997,0.19332477230730863,189.294370585193,C2,NA,NA
0.07623464930688759,0.1943306859966022,190.86969101056619,C2,NA,NA
0.0685293468102016,0.19327021098481173,190.79714731624946,C2,NA,NA
0.0773940484089812,0.19617758052089793,191.28779005883706,C2,NA,NA
0.06276002598002309,0.19983673268530444,191.2608950690469,C2,NA,NA
0.06095944515887815,0.19174196698630588,187.38768715790866,C2,NA,NA
0.05744700760447476,0.18781983876488464,190.27900821313125,C2,NA,NA
0.05630223020242819,0.2013101730949991,189.32573547069688,C2,NA,NA
0.0657375749873206,0.19697469238863133,192.898285079127,C2,NA,NA
0.06746816863435656,0.20257741275969118,190.2772356558403,C2,NA,NA
0.054077815973408196,0.19901984428258607,189.49973189519508,C2,NA,NA
0.05869724382149098,0.20049946345156022,190.0576656292412,C2,NA,NA
0.053479966344030606,0.18867351091668183,188.00094712127247,C2,NA,NA
0.06102528121059,0.19072769464424272,188.99996301968616,C2,NA,NA
0.06898041602436267,0.1930868443633204,190.9987886620314,C2,NA,NA
0.07678942003155437,0.1973270321683429,190.89351879778667,C2,NA,NA
0.054684303995972405,0.20024833250419405,190.51512120262896,C2,NA,NA
0.0798098046575701,0.1947871165898908,190.4282556646788,C2,NA,NA
0.0628855162139427,0.19845978459747823,189.04349388497727,C2,NA,NA
0.05754132423827101,0.19953358604025534,190.13038020529953,C2,NA,NA
0.0624863332722885,0.19709100016912118,192.85171101456027,C2,NA,NA
0.05961699003792593,0.19249000377121214,188.24622722959336,C2,NA,NA
0.07043115019923683,0.20199335106843763,190.59157183049854,C2,NA,NA
0.06660097678329359,0.19898710136491565,191.13503093410245,C2,NA,NA
0.06658246954220275,0.19563070089565066,188.44287598206873,C2,NA,NA
0.0692535931451185,0.18959016312174867,189.65923055966252,C2,NA,NA
0.06457868976858404,0.20018382584348682,192.68263873065644,C2,NA,NA
0.060309495085702464,0.19400681129226416,186.93487046074662,C2,NA,NA
0.070315519878561,0.19947487884179868,188.38637108007612,C2,NA,NA
0.05915687718712621,0.20376321822855592,190.77042579012266,C2,NA,NA
0.05952905812423467,0.1923101098625517,191.54215499837764,C2,NA,NA
0.058501028318543875,0.19313709542120344,189.6654968134401,C2,NA,NA
0.07324312540705262,0.20774604158683097,189.22669990084844,C2,NA,NA
0.05590687344597112,0.19067892561589653,187.59024839792485,C2,NA,NA
0.07224048335328785,0.20663482576763162,187.80142465637005,C2,NA,NA
0.0580411839088971,0.20366349884710006,189.80725220983248,C2,NA,NA
0.06321870709573857,0.20575657421749877,188.84081534445195,C2,NA,NA
0.06676765991214803,0.19160035569009196,186.52244407158267,C2,NA,NA
0.06928258572649726,0.19392534020388075,189.27078557212468,C2,NA,NA
0.07167306802595402,0.19922399491435952,189.8071093812076,C2,NA,NA
0.062490400449658624,0.19691012200430377,190.86789913312168,C2,NA,NA
0.06749697949074883,0.18463213143845697,187.2968833670895,C2,NA,NA
0.06947971928502229,0.1953573604896057,191.7037236264199,C2,NA,NA
0.06144633366848149,0.1994669476220589,190.22845438169463,C2,NA,NA
0.06986435681971835,0.19697560676280537,190.04918835401725,C2,NA,NA
0.06158093938165237,0.20263619241928577,191.8437035037978,C2,NA,NA
0.08164858753245771,0.2018072110835498,186.78941023241174,C2,NA,NA
0.07925241460065548,0.1963504710620351,190.07053280354566,C2,NA,NA
0.050612091267445175,0.18780334804932114,188.53316638889348,C2,NA,NA
0.06266177199426538,0.19585423291872986,193.16646000521624,C2,NA,NA
0.06447613136778313,0.19668279956180268,185.53856349051557,C2,NA,NA
0.07012469931309845,0.20387333755298276,190.7213855556623,C2,NA,NA
0.049353421845604095,0.20424160160696345,186.89052378611908,C2,NA,NA
0.06693034013023284,0.19340775950894057,188.6230526494781,C2,NA,NA
0.06382869962452434,0.19858430944562283,184.6796096773379,C2,NA,NA
0.06333449964314039,0.19644602881424705,189.69127220515384,C2,NA,NA
0.059735882534842695,0.20071090156289215,192.80403599997342,C2,NA,NA
0.06885221916929096,0.2048716929008375,191.1098799670035,C2,NA,NA
0.07274719622907687,0.19474983767102425,190.33364020712006,C2,NA,NA
0.06496590133258243,0.1963105925387014,189.90151964368255,C2,NA,NA
0.07346440477228865,0.20075992721049404,191.0972426099843,C2,NA,NA
0.06657088540319757,0.18777154963020193,187.18923696955767,C2,NA,NA
0.08358075546369644,0.19546827269119638,182.45067217538653,C2,NA,NA
0.07339535393654445,0.19518746228900877,188.40861761211733,C2,NA,NA
0.0801073150395739,0.19694139207553654,189.33936431918121,C2,NA,NA
0.068373134370936,0.19867786309587765,189.64976903847256,C2,NA,NA
0.05458172141309465,0.19236972310565986,189.2755931872187,C2,NA,NA
0.06655409799922479,0.2006360024508836,189.68911823099234,C2,NA,NA
0.07196408256947327,0.19002559334422575,190.27528829219386,C2,NA,NA
0.062230838566657135,0.19663934720020848,188.85262650416718,C2,NA,NA
0.07699509627262906,0.19457135707228773,191.01704130176003,C2,NA,NA
0.08149753727393655,0.20576210839344067,189.27770882219497,C2,NA,NA
0.06303332061226655,0.19374396583493037,187.3546478018982,C2,NA,NA
0.06735622817356557,0.1913900929204916,190.0056537043481,C2,NA,NA
0.05596853950686445,0.18941153301255736,187.9722649706873,C2,NA,NA
0.06728787427729316,0.19509355927328123,187.11397844844802,C2,NA,NA
0.06342330398104251,0.1938016564051824,186.5874967297886,C2,NA,NA
0.06408649655492835,0.18943589807652106,189.67162741788914,C2,NA,NA
0.05904960622217108,0.19590551544238577,190.5839066684938,C2,NA,NA
0.061814192463124265,0.1924203489012388,192.2395279668414,C2,NA,NA
0.06126847014596978,0.20503150427728634,186.09940928846257,C2,NA,NA
0.05301318533567456,0.1953959959982916,188.80835889771268,C2,NA,NA
0.06811768184241279,0.19653866122443647,193.59139055658883,C2,NA,NA
0.05634563213479889,0.18771441322036872,188.07970344665722,C2,NA,NA
0.0698621743866485,0.20090874640525921,191.6153985653477,C2,NA,NA
0.06915560115015751,0.1940499850028224,191.19485859016842,C2,NA,NA
0.07116037534159371,0.20117356641965706,191.2539912537878,C2,NA,NA
0.06434954923344918,0.20262111519810022,188.49553857717277,C2,NA,NA
0.07281121475239052,0.19529399087722316,192.1217414531986,C2,NA,NA
0.052737803942440445,0.20100621960924947,188.15322633897122,C2,NA,NA
0.06463051975354007,0.18887013343379078,190.43957248163704,C2,NA,NA
0.06555064940879275,0.1865478497642385,189.0723135678268,C2,NA,NA
0.06247919455587562,0.19739127549110333,187.35324928994942,C2,NA,NA
0.07127424984453931,0.19333568070971655,188.2505449188413,C2,NA,NA
0.04693642611018215,0.20190177867268136,185.4388504392029,C2,NA,NA
0.05586607875509182,0.20340510659858285,189.73668886324464,C2,NA,NA
0.06364805139565516,0.2018734637418261,192.4162985270016,C2,NA,NA
0.06834593572202385,0.20498449932310872,188.38510996629387,C2,NA,NA
0.06226908507962442,0.20060843455170677,189.83056756739765,C2,NA,NA
0.06985955112617795,0.19796307412614486,190.01507662096066,C2,NA,NA
0.06393662342508083,0.2009363599109941,187.0905026285313,C2,NA,NA
0.07501482462390952,0.20456668813197312,190.79122628301013,C2,NA,NA
0.05896766497980667,0.19316198078152616,187.59293975230887,C2,NA,NA
0.07939223439570678,0.19516079691910743,187.20327647366037,C2,NA,NA
0.062112044514510155,0.20601024329142353,187.37188768194096,C2,NA,NA
0.07778576166983976,0.19383538960644214,186.1775815586207,C2,NA,NA
0.0587108122346481,0.20561450043804774,189.94751551592947,C2,NA,NA
0.06186843979096038,0.20775730533623032,189.20405184292218,C2,NA,NA
0.07027030670428709,0.20002684607429067,190.19040125713067,C2,NA,NA
0.07375198988274198,0.19011809560479484,189.00319685488014,C2,NA,NA
0.07183191745295142,0.19575536015644185,189.6547069137347,C2,NA,NA
0.050766198099103745,0.1984162259388877,189.45362806923524,C2,NA,NA
0.08685996651040004,0.19611885290802,187.2459129128262,C2,NA,NA
0.051877123150492206,0.19341852993930375,188.60352263422638,C2,NA,NA
0.07092641704101602,0.19523919129358916,192.08195852618894,C2,NA,NA
0.0749068221817046,0.20067688640537426,190.32386504191044,C2,NA,NA
0.06499131784140812,0.19362478412164913,187.500235000125,C2,NA,NA
0.06402573704581357,0.190842398376235,188.31112130793684,C2,NA,NA
0.0698869076336947,0.20098513848000252,190.98783740805547,C2,NA,NA
0.06550804014117344,0.2036905406228009,186.92135197543755,C2,NA,NA
0.057915591321017056,0.19884728673418245,187.26295651271013,C2,NA,NA
0.06491645801520353,0.1975360161115085,189.45854759608514,C2,NA,NA
0.06810414686206318,0.19352613519001194,189.3617014043985,C2,NA,NA
0.07859188558666327,0.2030409645370906,183.22714510410097,C2,NA,NA
0.06541575727406003,0.19938414559204715,187.91876500834385,C2,NA,NA
0.06996230219466346,0.196122510844421,191.48874842378842,C2,NA,NA
0.07683717365438524,0.20288391268943196,187.78155935407256,C2,NA,NA
0.08349947004647226,0.20403688210087068,186.36729565855305,C2,NA,NA
0.07548832678199333,0.19960466802969012,191.69154002719262,C2,NA,NA
0.05257761463954058,0.2063396734253809,187.1456940118195,C2,NA,NA
0.07645086660859292,0.19916184176476548,186.7923398308483,C2,NA,NA
0.06087448319456678,0.20101368831175384,189.95141305852155,C2,NA,NA
0.0763219686861564,0.20334754487860174,191.14988584529172,C2,NA,NA
0.058212248872093926,0.19279718456453165,189.58665942435658,C2,NA,NA
0.06924461725733319,0.1963507186737677,191.81012736779945,C2,NA,NA
0.06626714847737901,0.20268713441887884,184.0820876667675,C2,NA,NA
0.06263055689232577,0.1960296246747452,191.74875614169287,C2,NA,NA
0.06966731414881702,0.19009477235426714,191.961319829626,C2,NA,NA
0.05710366242107404,0.19502372046211872,189.319559504481,C2,NA,NA
0.06987444480146546,0.1999164593788595,190.93322594722198,C2,NA,NA
0.070350167254475,0.1951088591807623,189.9825927997084,C2,NA,NA
0.06619642179371481,0.1973897966804032,191.81214860090026,C2,NA,NA
0.07063045021598251,0.20116975006117407,189.9181858318016,C2,NA,NA
0.06946114800904804,0.20370157999744873,189.26485240124705,C2,NA,NA
0.06368652184769483,0.1958937405130745,188.72495797833582,C2,NA,NA
0.07012993872921836,0.19553228695414884,192.18360529745672,C2,NA,NA
0.07251983855870738,0.19834837817058354,190.21122586664617,C2,NA,NA
0.06066628331470101,0.18928025668693327,191.3553007011559,C2,NA,NA
0.058632471551806134,0.19643857677073187,192.4774980749548,C2,NA,NA
0.0754869556736419,0.1951443887372614,191.41443841629126,C2,NA,NA
0.04765036890631057,0.19512603843781298,189.53443994719322,C2,NA,NA
0.07548921380420878,0.19466062255125827,189.77736978535472,C2,NA,NA
0.07070769902666377,0.2069757042196979,188.31543019698836,C2,NA,NA
0.06608677197585928,0.19829886543294498,191.52765361851306,C2,NA,NA
0.060912557718503256,0.1924782905656576,189.47768251315696,C2,NA,NA
0.07325760077688759,0.19700731949184103,192.56175918553114,C2,NA,NA
0.0648018856520342,0.19302172480714502,191.6611341464971,C2,NA,NA
0.06476634900353069,0.19587724587018104,185.9372115501254,C2,NA,NA
0.07557666574706318,0.19625648448283214,187.00746170130708,C2,NA,NA
0.07002102453275694,0.1962280192850424,189.87555495760864,C2,NA,NA
0.06703988018707047,0.20134036522200346,188.29315643132696,C2,NA,NA
0.0670024127902896,0.18359707223108362,186.1773229843532,C2,NA,NA
0.05491022836106478,0.1962093415237592,191.15377054677353,C2,NA,NA
0.0690129357762281,0.20160231229978415,191.2133371514991,C2,NA,NA
0.07140804477162647,0.20081711669293134,186.7288964900426,C2,NA,NA
0.06621249365025784,0.2027146185879533,189.56435756665903,C2,NA,NA
0.06250987463458342,0.1944929606703705,191.68876578091792,C2,NA,NA
0.06591302718881503,0.19678158737999318,189.01703043727284,C2,NA,NA
0.06683064170801652,0.19850789262158686,190.14964925968826,C2,NA,NA
0.07318155538528556,0.2012940699281088,189.02845301348643,C2,NA,NA
0.07395656018869157,0.1975127393706974,191.53368896139727,C2,NA,NA
0.06371168570491886,0.19553461160591973,191.7720420965026,C2,NA,NA
0.06222087939537582,0.18884705346436978,185.31632809599085,C2,NA,NA
0.05584546584752356,0.19928595687298395,190.0413315260319,C2,NA,NA
0.06483820461920732,0.19659210135019337,192.0589787898044,C2,NA,NA
0.05783009645893465,0.20078062366678445,191.66362879671055,C2,NA,NA
0.06131955596723119,0.19214108290065593,192.6385967629471,C2,NA,NA
0.07603843115684082,0.19547750165573435,189.9784775799355,C2,NA,NA
0.05944521047325322,0.20533922668053387,190.46586650721486,C2,NA,NA
0.0657251161962227,0.20028460998122888,189.22312379501935,C2,NA,NA
0.060479243743079156,0.19327826439805004,191.51312929286607,C2,NA,NA
0.0815650814128078,0.18779188691192342,184.19027662022424,C2,NA,NA
0.05763086696718075,0.1949128468293358,190.62138842931395,C2,NA,NA
0.06631213260646794,0.1971781994459041,191.90910601540372,C2,NA,NA
0.05671474380165871,0.19674182659110606,191.88577405085283,C2,NA,NA
0.07164188577259425,0.19875083100847388,185.6111651105998,C2,NA,NA
0.07111410544682693,0.19607221824814405,190.9671807686461,C2,NA,NA
0.07346575532092446,0.20018301918596296,191.8007367711216,C2,NA,NA
0.06115847826080932,0.19248451831317975,189.24929201315283,C2,NA,NA
0.0625884966958794,0.19851657316506843,192.21691106850412,C2,NA,NA
0.055797594944462556,0.19155049074481723,186.55691629543222,C2,NA,NA
0.0688633020497185,0.19206431384150258,187.81234242637,C2,NA,NA
0.07204132722513747,0.20750195377179367,188.2525467575538,C2,NA,NA
0.06443890012202826,0.2008284661433821,191.32624852283683,C2,NA,NA
0.06206299411127672,0.19353900632721527,192.09991592347632,C2,NA,NA
0.05646770429431215,0.1964508541969408,190.503870480202,C2,NA,NA
0.0645642457258015,0.1885619853995722,190.27392611111364,C2,NA,NA
0.06637075377167972,0.19286998977770672,190.87662929658094,C2,NA,NA
0.0638341570356819,0.19408725054967077,189.34309039045885,C2,NA,NA
0.07020054395968985,0.19885028820944298,192.07958450870655,C2,NA,NA
0.05732755061985396,0.1960264108352916,191.30802373680908,C2,NA,NA
0.06729439495281252,0.19697250545362815,191.05806470255393,C2,NA,NA
0.06040883799162304,0.19553795178758773,191.33577150002722,C2,NA,NA
0.058218229976761585,0.19766795785263686,190.23702172293494,C2,NA,NA
0.06942861373387733,0.20005123051860013,187.15827821023106,C2,NA,NA
0.06465836791964027,0.1973838600749967,191.1945517071437,C2,NA,NA
0.053857155399266436,0.19990008280971888,189.4266863490947,C2,NA,NA
0.06134555896638095,0.19014852354798023,187.01946824890172,C2,NA,NA
0.056495149071624416,0.1975406532000979,189.34155931148666,C2,NA,NA
0.06831524429978682,0.19615486158397769,190.5607114585131,C2,NA,NA
0.056739305689992164,0.19759754706477878,186.71461731947352,C2,NA,NA
0.0773786028077876,0.19941206384749946,190.70820729590034,C2,NA,NA
0.06180509227256905,0.19870663883521864,187.11382300568198,C2,NA,NA
0.06400688271189865,0.19134991239749372,188.8376348147374,C2,NA,NA
0.06534839273625881,0.2027350906112388,188.5184305697005,C2,NA,NA
0.0803218464802916,0.19878726570924782,189.0245248698382,C2,NA,NA
0.0632753572954927,0.1954470254420114,192.2057183310478,C2,NA,NA
0.06745083459746677,0.19807020611382842,192.32604714328133,C2,NA,NA
0.04983857663277652,0.20736831362162197,183.68883162824315,C2,NA,NA
0.06116289006231685,0.19878669482256137,190.7603478590645,C2,NA,NA
0.06541027659208902,0.2003101352230706,191.5892411136573,C2,NA,NA
0.0716421736368194,0.19005215896860467,189.13017029223766,C2,NA,NA
0.07597053333873825,0.19725783854368106,189.8932444548067,C2,NA,NA
0.06162466302995617,0.19936309366966265,187.61856671838132,C2,NA,NA
0.07015157883116002,0.19153972377941528,191.7843901124533,C2,NA,NA
0.08078038132882395,0.19629932798900246,188.57042029280834,C2,NA,NA
0.06136800289202084,0.19422336011483102,188.56429288404144,C2,NA,NA
0.065995426330577,0.20033218047357068,188.9453998389922,C2,NA,NA
0.05858153630389572,0.19138879598878972,187.23741468108133,C2,NA,NA
0.06640033278585018,0.1913660629125312,185.30663460316094,C2,NA,NA
0.06961571371298893,0.1942281381940682,192.35801853059044,C2,NA,NA
0.06984542386860917,0.2014628295547562,188.6452116548666,C2,NA,NA
0.05010860951557001,0.19789210957667921,187.99386843721672,C2,NA,NA
0.07531377692761952,0.1946228987910563,190.99212323474222,C2,NA,NA
0.06907473993004008,0.19697008608549188,190.7534448472187,C2,NA,NA
0.06234066971659331,0.19608347664165623,189.61101386927592,C2,NA,NA
0.05698533170852587,0.20163804963426613,189.3357854628892,C2,NA,NA
0.07890400598586167,0.20454956244144976,179.22807803176948,C2,NA,NA
0.0637360774252407,0.19743413919824343,189.0679672168535,C2,NA,NA
0.07613756925629084,0.20381060001585252,189.88587606090053,C2,NA,NA
0.06318999719195924,0.19780644835876987,192.40227069696863,C2,NA,NA
0.06107227350822301,0.19890686112435313,187.87364796210633,C2,NA,NA
0.06255271156112895,0.1990702619686337,193.20199604183415,C2,NA,NA
0.0629473186103524,0.19569457600759155,190.12051722279253,C2,NA,NA
0.06603798068322352,0.20234152309436843,186.52082426517737,C2,NA,NA
0.05311053057565638,0.20318944080915885,188.1218743021298,C2,NA,NA
0.08251075914859841,0.19688380612155945,187.72858746351,C2,NA,NA
0.07749258781734936,0.19923244518775307,189.36032683721487,C2,NA,NA
0.06506582705442314,0.20015679508410583,190.84658947357443,C2,NA,NA
0.06791608757420448,0.19953002366040196,188.59182086715424,C2,NA,NA
0.06558631024674072,0.1971469974961557,191.62715794386776,C2,NA,NA
0.07719062892385735,0.19898177908550915,191.64887239924613,C2,NA,NA
0.05987802636001466,0.202185723857892,188.61785011198066,C2,NA,NA
0.060400397985157284,0.19256208396371755,190.25414000620344,C2,NA,NA
0.06673339253044787,0.19435366519464958,188.230453806579,C2,NA,NA
0.06183380676785581,0.19629511398290733,189.31193242749453,C2,NA,NA
0.0561884340288781,0.19725420982709707,185.69848396630746,C2,NA,NA
0.05795727901656191,0.18995047659849612,188.41780947409026,C2,NA,NA
0.06621214714484076,0.19916734591066895,190.77156676869885,C2,NA,NA
0.06449183584469102,0.19214044897372234,189.35635376039667,C2,NA,NA
0.06365847282609599,0.19791926845814667,190.45597706038882,C2,NA,NA
0.05606546903170589,0.19580914081125164,191.24176974015137,C2,NA,NA
0.06707008923160979,0.1971958566797115,191.63608360565024,C2,NA,NA
0.07930113121161847,0.19454107961209502,188.6880573413386,C2,NA,NA
0.06827476690942726,0.19904835037303154,192.05784655092634,C2,NA,NA
0.07705156239724877,0.19353314988538275,188.1769910562183,C2,NA,NA
0.08186810318427831,0.1980837205509206,189.97684877213445,C2,NA,NA
0.06999516892621009,0.20336895927015985,185.20560788491477,C2,NA,NA
0.08560247882327725,0.1946670008795842,184.4757618471256,C2,NA,NA
0.06975144214015487,0.20635944615115215,191.26719469097242,C2,NA,NA
0.07201067003468066,0.19533748631919412,190.81769075516203,C2,NA,NA
0.06539179265991535,0.19902298034395968,187.1892760736633,C2,NA,NA
0.06124281734364555,0.2019792987281197,189.55777411621293,C2,NA,NA
0.06728970442526826,0.19557139766349824,191.0621797461233,C2,NA,NA
0.07110477291343517,0.19605247077464,184.48323159667098,C2,NA,NA
0.06171430276142013,0.2034419194916244,186.81688331868205,C2,NA,NA
0.04946039968863233,0.19991483719075054,188.70958309910563,C2,NA,NA
0.07332048687187792,0.2028410905147396,188.9069761476566,C2,NA,NA
0.06214332808720629,0.19692206848832775,190.855398433605,C2,NA,NA
0.06536843973579266,0.19684869998179175,189.959937322617,C2,NA,NA
0.06770232243210769,0.2032831567449483,187.86820969220383,C2,NA,NA
0.07276995971443954,0.19758977628440594,191.15350715417915,C2,NA,NA
0.06434886558458837,0.19603699233039085,190.58721066468888,C2,NA,NA
0.073945853767215,0.19168108214314422,190.14415658569897,C2,NA,NA
0.08071269946673203,0.19150835979682773,188.42383907648502,C2,NA,NA
0.04709588784600524,0.1951980067382736,188.7991195665215,C2,NA,NA
0.07370168012596708,0.19700888100020794,191.08408201226248,C2,NA,NA
0.056226333433171995,0.19564543828885883,191.19713864771302,C2,NA,NA
0.06616679691387557,0.19652592927408835,189.21734229261088,C2,NA,NA
0.06561210084647656,0.20264395111755507,187.7152093192275,C2,NA,NA
0.06896072241073038,0.1983462072570055,191.606841269526,C2,NA,NA
0.07684410752198081,0.1975338947351055,189.54060885640882,C2,NA,NA
0.055716497987805064,0.1934580306356256,189.7923396720759,C2,NA,NA
0.0689036632676242,0.19588424811978733,189.75118279950044,C2,NA,NA
0.06315429281028515,0.19694948200881443,189.86504068991945,C2,NA,NA
0.06669929431548395,0.19878771527454964,192.09929990856617,C2,NA,NA
0.06464134402831462,0.19982026394738162,191.42745081819677,C2,NA,NA
0.0665703003620386,0.19613662371436716,189.9825652167995,C2,NA,NA
0.07055560600244308,0.20359703196199946,188.7737254791536,C2,NA,NA
0.05967023500655707,0.20187000475481814,187.13351056527011,C2,NA,NA
0.046978693477717895,0.2002145458951135,189.23895811265325,C2,NA,NA
0.07877253363547218,0.19963631414284752,190.5358539314858,C2,NA,NA
0.07993565023151451,0.19988414356719703,190.11070702252846,C2,NA,NA
0.07272368523015071,0.19433573909835977,188.54683759766107,C2,NA,NA
0.06485899639866523,0.1954020696607449,189.79094731755856,C2,NA,NA
0.08175440424027602,0.1986089734222104,185.1430520103198,C2,NA,NA
0.06024189189785396,0.20565031148030824,190.2005468824777,C2,NA,NA
0.07931501209100612,0.19078052335138898,188.74222180542216,C2,NA,NA
0.07466059229111073,0.20157558770098194,190.80904578673076,C2,NA,NA
0.06763558816076178,0.19352247355103702,190.44633148139707,C2,NA,NA
0.07007126999809114,0.200779175502516,191.76271330456672,C2,NA,NA
0.06780668072767303,0.18876675231438086,190.17982606621686,C2,NA,NA
0.0648845382935645,0.2024054809867569,187.89206723720147,C2,NA,NA
0.06549271399119279,0.19732123346700658,187.56262944353395,C2,NA,NA
0.05295696032859775,0.18977911597151811,185.70587280421205,C2,NA,NA
0.06209285447935868,0.193163722476774,189.98901663067807,C2,NA,NA
0.060651396469667544,0.19669080571932393,192.50844788373266,C2,NA,NA
0.06202033498149323,0.19332930309745266,189.22681828008936,C2,NA,NA
0.06864280785329002,0.19058906023473512,181.32377935936293,C2,NA,NA
0.06861383870690976,0.1971062189197653,191.44870873660432,C2,NA,NA
0.0692411451524478,0.19937890085830234,191.01330701311142,C2,NA,NA
0.059745340336891925,0.1976523911229076,191.19485819978718,C2,NA,NA
0.07491269486205089,0.20034036323872134,191.05297190358053,C2,NA,NA
0.06805807447638822,0.1973872765849739,193.89212280509315,C2,NA,NA
0.07696377723928888,0.1974838059685498,190.76359986150754,C2,NA,NA
0.06307121033459819,0.20489039268493575,190.52022323720254,C2,NA,NA
0.06063741227752724,0.1990159833283406,188.16099922768814,C2,NA,NA
0.07499391580575544,0.20448315769773978,189.56746476842594,C2,NA,NA
0.06114694126443574,0.19565506105101907,193.5856158761481,C2,NA,NA
0.06107270025638643,0.19201805097979063,186.5620448870455,C2,NA,NA
0.061821167438258884,0.19026301364924617,188.56341617438332,C2,NA,NA
0.06242585605071129,0.20408161306408357,190.2768058482522,C2,NA,NA
0.07765886656785455,0.19171218877431093,191.52049416681768,C2,NA,NA
0.06428238549718954,0.19599020328111158,190.29313391291848,C2,NA,NA
0.058715335826173554,0.1939812954583113,189.75106266686194,C2,NA,NA
0.06089364205852092,0.19223796419445055,191.19006978818618,C2,NA,NA
0.06302131946654431,0.20297572662129917,190.84069645929344,C2,NA,NA
0.06489366891309514,0.19282641930929567,191.58805327054725,C2,NA,NA
0.06467421143595684,0.19589907775820403,191.77188302257926,C2,NA,NA
0.058695556147187376,0.20185409099932677,191.6238522854097,C2,NA,NA
0.06628076818346373,0.21211831397219857,186.26811243896424,C2,NA,NA
0.06258591642768488,0.18939424741312166,191.7649750952964,C2,NA,NA
0.07155026638279496,0.19318381619981462,191.01332520260786,C2,NA,NA
0.07152726088790645,0.19966598302217559,190.9175455778304,C2,NA,NA
0.07158623958457812,0.1955578004011127,193.62378097550067,C2,NA,NA
0.06189242937662097,0.1979820829910782,190.44259053438117,C2,NA,NA
0.06326121767031566,0.19894078369618856,188.9668270827019,C2,NA,NA
0.06080720521284161,0.18918608596371655,188.99090594158528,C2,NA,NA
0.07189473443009202,0.19544081556983794,187.7528076788368,C2,NA,NA
0.07325109922315289,0.20031061865481248,191.5030006368528,C2,NA,NA
0.0712002024546436,0.19290402890671293,189.56759312394348,C2,NA,NA
0.06388384661435469,0.19067891692418082,187.87486253853413,C2,NA,NA
0.07538027145432366,0.19012856298427072,189.97421775603462,C2,NA,NA
0.07594109413687142,0.19428200846599653,190.18733675906975,C2,NA,NA
0.07628090876317324,0.19302692787716,192.67914155633238,C2,NA,NA
0.0665442522144246,0.19537073320191334,188.79390462019856,C2,NA,NA
0.06241235187518818,0.18601204193353005,187.11544649318012,C2,NA,NA
0.06071510253689703,0.1943853675771252,189.35019675811157,C2,NA,NA
0.06014110089568372,0.20457784846363125,189.2503576003652,C2,NA,NA
0.05858878675333416,0.19943259226217064,191.1682248196449,C2,NA,NA
0.061494805732829796,0.19560185972953334,191.1830733847604,C2,NA,NA
0.05958539637608506,0.19966296876993705,190.12205481552698,C2,NA,NA
0.0692376759823857,0.19959640053514888,189.7183358214716,C2,NA,NA
0.055822438209478034,0.19807232984878953,191.2906306311059,C2,NA,NA
0.06421265876724794,0.1986433188663134,192.8675353236968,C2,NA,NA
0.06593238513832268,0.18949569386622495,191.14632207906482,C2,NA,NA
0.06715611716051278,0.19797755170438344,190.85295778891896,C2,NA,NA
0.06721789510936278,0.193623166661344,189.76484329413535,C2,NA,NA
0.06926601509093097,0.19161649535582098,191.31178988625882,C2,NA,NA
0.06044643994110119,0.20146853696783779,188.74770359599506,C2,NA,NA
0.07432630203493829,0.2064235061900539,186.98713518475793,C2,NA,NA
0.06959451294958033,0.19318363517675657,192.5083474481647,C2,NA,NA
0.05699225225633403,0.19432049766947318,190.26733859438383,C2,NA,NA
0.0746967925251085,0.1960728643874337,190.78218520088473,C2,NA,NA
0.07223935260707687,0.18834643270032064,187.46176864372015,C2,NA,NA
0.06608481186316202,0.20276085726103413,191.95909617467345,C2,NA,NA
0.0626862384654842,0.19423271275954448,188.4053021965442,C2,NA,NA
0.06795860112295687,0.19149090872425392,190.53934194020314,C2,NA,NA
0.0573420851093926,0.19631664453114245,189.8727784115729,C2,NA,NA
0.06966783914819366,0.20108823403523993,191.6099765133026,C2,NA,NA
0.058907152189326746,0.20327898286283264,191.86970296644984,C2,NA,NA
0.05638574388098156,0.2049583848648442,188.14637415704985,C2,NA,NA
0.06771453680720672,0.19665454019005518,191.75255095279292,C2,NA,NA
0.061519524350947485,0.19386246310648136,188.6230372289791,C2,NA,NA
0.06884091643559828,0.1891356365227927,188.58061479716721,C2,NA,NA
0.07172054885719736,0.20339912264026855,187.33921253429673,C2,NA,NA
0.07004736849947263,0.19647757785295633,190.87445015146102,C2,NA,NA
0.04278270761520041,0.20200322317061062,184.40747796404358,C2,NA,NA
0.07523954573409766,0.19396318219178174,190.52915426912074,C2,NA,NA
0.06786747483937465,0.19860556637554955,189.71875216255665,C2,NA,NA
0.07036391889304805,0.20183813749890273,189.38983871505633,C2,NA,NA
0.07179558908666146,0.18516100213777026,189.70634198180414,C2,NA,NA
0.06479051069662939,0.1905506133037757,181.9382254148762,C2,NA,NA
0.06960880694262137,0.18929800960125728,188.669854501662,C2,NA,NA
0.07026187398500265,0.20177535555542028,186.1459162777904,C2,NA,NA
0.06443723267209947,0.20391977338626352,189.3716937019367,C2,NA,NA
0.07177938208116462,0.19292846196853808,189.789046535732,C2,NA,NA
0.0672043484902021,0.20491551969057858,188.2290928641769,C2,NA,NA
0.07016348029182612,0.20076585084338475,188.30919376597024,C2,NA,NA
0.07710069501190542,0.20156119897278907,187.28435334716178,C2,NA,NA
0.06618864679772994,0.2011652193554732,189.6534473291178,C2,NA,NA
0.07893625445915554,0.1908564954063202,189.0972117167827,C2,NA,NA
0.05977351259625862,0.19965941685332694,191.19255218389296,C2,NA,NA
0.06764761761652487,0.20343150494368067,188.34248400009378,C2,NA,NA
0.07694500041601356,0.20545721181294205,186.55459875160207,C2,NA,NA
0.05551192120028136,0.19876024802749634,187.93999941642406,C2,NA,NA
0.06185979459890104,0.1918829501087339,191.13216199732145,C2,NA,NA
0.055011530917161225,0.20442028069781196,188.69269091147171,C2,NA,NA
0.061642651356126336,0.20464872911883852,187.24118351418886,C2,NA,NA
0.05696029369020455,0.1965828594122944,187.71650263063557,C2,NA,NA
0.06790077261217324,0.2032177901984918,191.44652976063017,C2,NA,NA
0.05096267643373046,0.1988433113538708,187.18259240143112,C2,NA,NA
0.07638614787386865,0.20227062501586848,189.26453528747746,C2,NA,NA
0.07582443362333431,0.20690219078718167,187.87076103332183,C2,NA,NA
0.06629251593200802,0.2014951362220626,191.0386101661676,C2,NA,NA
0.0631706330419984,0.19609663521245188,192.09037363256277,C2,NA,NA
0.06427064786941669,0.2000307295499748,188.90271442924472,C2,NA,NA
0.06303340556409416,0.19125049835514735,186.71948222049005,C2,NA,NA
0.06233238750164447,0.19155308594765974,188.17012969835002,C2,NA,NA
0.05316393211562307,0.1979751264328096,188.43874744737485,C2,NA,NA
0.061241217254637347,0.19684614653827623,192.69525626290738,C2,NA,NA
0.06640873835222655,0.1940932059255254,191.4862927238305,C2,NA,NA
0.07031510458042177,0.19665930110226665,187.48754661768038,C2,NA,NA
0.07680450044188027,0.20739166104502907,182.11232103739565,C2,NA,NA
0.06263595578145685,0.20095272905563877,189.30642037558886,C2,NA,NA
0.05814579076232917,0.19700719362565441,190.89772121786075,C2,NA,NA
0.05914022730961189,0.19794757238095623,188.94857047292382,C2,NA,NA
0.06362235643066827,0.19299072167324677,189.47594401397208,C2,NA,NA
0.06750637138365753,0.19207495595909246,190.11543333067286,C2,NA,NA
0.047947326569947754,0.20391757294486804,186.80107368201234,C2,NA,NA
0.060809635812093185,0.19705816081534697,192.96038716148846,C2,NA,NA
0.07686327652060998,0.19933246006514954,186.2478375899977,C2,NA,NA
0.07152133292140138,0.20360629213713105,187.95843734578085,C2,NA,NA
0.06394398942149712,0.19647511157839503,193.69737385749113,C2,NA,NA
0.05996809166671316,0.1995191887858588,187.80248924326833,C2,NA,NA
0.069408882520464,0.19098415726341056,190.4306919813885,C2,NA,NA
0.07011620237248341,0.20129571676456462,189.94652277744868,C2,NA,NA
0.05843621601274816,0.1990402629402765,188.50137433511887,C2,NA,NA
0.05666472513295359,0.19813813323677804,183.9005871549378,C2,NA,NA
0.08795582345505853,0.2007929626553859,186.809645470497,C2,NA,NA
0.07297462181857861,0.2002762933712031,190.64335816307232,C2,NA,NA
0.07089073686074676,0.19351714903645745,192.2691176356506,C2,NA,NA
0.0690554080956271,0.19940043929315848,189.17213985446125,C2,NA,NA
0.06905365698496199,0.2017629031862528,190.2989239057118,C2,NA,NA
0.05611851067969445,0.19870804467181818,190.28454509522544,C2,NA,NA
0.06394126367192814,0.19805851834837124,190.7405895953778,C2,NA,NA
0.062243583368935033,0.20053485484607128,191.0023331342458,C2,NA,NA
0.06075439693027882,0.20118992444081746,191.68338896475242,C2,NA,NA
0.07739656194534142,0.19519201344035123,188.85467965970383,C2,NA,NA
0.07030826380397494,0.18708670069185168,184.59094268607078,C2,NA,NA
0.05588923761227441,0.19262384188136947,189.7961896167076,C2,NA,NA
0.06047615750673348,0.19803936730751492,190.61530159790078,C2,NA,NA
0.058284298632896955,0.19627224918515596,190.15544718892343,C2,NA,NA
0.06716152410779479,0.1936451483300241,189.5473272850764,C2,NA,NA
0.058898931394151186,0.19455747202989718,189.38180465817595,C2,NA,NA
0.04545389524235184,0.20373825226295575,186.66396588048082,C2,NA,NA
0.06724048510230159,0.19111446043041708,190.1923056389008,C2,NA,NA
0.05986307801190113,0.19184850136520934,184.55543241400295,C2,NA,NA
0.0741802894988291,0.18362340565543328,184.46340345028307,C2,NA,NA
0.07598776829336581,0.19496912255073645,188.65291175338473,C2,NA,NA
0.07396503049634034,0.19951269578748015,183.326629086726,C2,NA,NA
0.0725524536994951,0.20124472016132344,190.86306086080657,C2,NA,NA
0.06021884003491478,0.1958796212850089,189.33649346203393,C2,NA,NA
0.07151632376444546,0.19498773865594815,191.09983615565022,C2,NA,NA
0.047531578497603144,0.20375743165537685,189.39564871243408,C2,NA,NA
0.059643724567622916,0.1958274741501871,190.3170690447566,C2,NA,NA
0.06242923905809462,0.196280527683033,188.39067674518503,C2,NA,NA
0.06708131937073293,0.19392581453500232,192.6628931631462,C2,NA,NA
0.05802544696289388,0.1971512660131392,191.1620012687782,C2,NA,NA
0.08759296669733978,0.20206601763554788,187.7752847592417,C2,NA,NA
0.07377043750877874,0.19927056837519114,189.05826325322425,C2,NA,NA
0.07320520081646695,0.1951353444419826,191.85556228462465,C2,NA,NA
0.0714649944221891,0.19601204151292306,189.75221477906533,C2,NA,NA
0.07144802339480216,0.19048926322272602,189.10545255180992,C2,NA,NA
0.0673046846377903,0.19579215062263927,190.23052148549016,C2,NA,NA
0.0754501103103648,0.18829281411204274,186.70980662447374,C2,NA,NA
0.07102812625507131,0.18919245907905552,188.17895921791532,C2,NA,NA
0.0624464762229533,0.198056068601116,191.95114943101126,C2,NA,NA
0.05151627812774894,0.19620658234864405,190.18097164879333,C2,NA,NA
0.06396124359715714,0.19712235811876536,189.58158214158192,C2,NA,NA
0.058783846660249994,0.1950509119369799,193.37418040810238,C2,NA,NA
0.06708993305533219,0.19623020551437828,187.724388322213,C2,NA,NA
0.06048477700222841,0.19212883543031925,185.43519970051864,C2,NA,NA
0.064433848459496,0.20576994290320888,188.3165881087028,C2,NA,NA
0.06118951787218161,0.19326333483847905,189.72437428862582,C2,NA,NA
0.051743136357087896,0.1916825416832864,188.6563521711525,C2,NA,NA
0.06503603857421496,0.18898600623874498,189.61670373415834,C2,NA,NA
0.07651226255505353,0.197830907380936,188.01798261935159,C2,NA,NA
0.06113317934331808,0.2013117450740007,190.31952311018912,C2,NA,NA
0.06278149293887442,0.20225211093926446,187.668896337551,C2,NA,NA
0.0763771569592317,0.1978642620895231,188.99260488995935,C2,NA,NA
0.06576082283060798,0.19552324949589134,191.58813748993322,C2,NA,NA
0.06477715124455871,0.1982440352845347,192.37966036011406,C2,NA,NA
0.06140723992632284,0.19636491072379275,192.05166762935997,C2,NA,NA
0.06354285293504836,0.198137215584091,193.5528909473149,C2,NA,NA
0.07429953225427906,0.1952916748509734,189.70925854547724,C2,NA,NA
0.06647478252977457,0.19922511305767096,192.09321361375999,C2,NA,NA
0.05136299132829174,0.19878397267679523,191.53523109857338,C2,NA,NA
0.06816897447639518,0.19947821732189736,188.30518660604295,C2,NA,NA
0.0668750817308609,0.19825072322155493,189.38557918847275,C2,NA,NA
0.06998358428972569,0.20265121850525727,187.82411334363348,C2,NA,NA
0.06004850877603113,0.19918117068554345,192.95824563153027,C2,NA,NA
0.061929548305713004,0.19187145895509666,189.12026844744767,C2,NA,NA
0.06004784035202812,0.19760159037437133,191.69803248672454,C2,NA,NA
0.06642790716075676,0.20406883420709326,188.0796652720935,C2,NA,NA
0.07114564305103667,0.19828444776569878,188.52069074224912,C2,NA,NA
0.06948479251568748,0.18991080348605263,191.00133516239723,C2,NA,NA
0.06273623787413753,0.19913357889147856,194.14355729282167,C2,NA,NA
0.06833705526239427,0.19614128764695293,192.60863157785099,C2,NA,NA
0.07019579750732832,0.190296612498018,190.5165212619325,C2,NA,NA
0.05866686219896189,0.19609545689815389,188.94191433818088,C2,NA,NA
0.068662546317440315,0.19260709247703847,190.1205704058511,C2,NA,NA
0.07100155132241934,0.19617537220972892,192.04897483819818,C2,NA,NA
0.06957105750031761,0.20046564208719184,190.5332792975033,C2,NA,NA
0.055253930993735004,0.1947320590239174,188.89561366540764,C2,NA,NA
0.07799783737374,0.19379431472146877,190.79343111535252,C2,NA,NA
0.06155220513375012,0.2062930673836582,190.5927573627797,C2,NA,NA
0.07864393973749727,0.2041058844858534,190.25517053233574,C2,NA,NA
0.06685574486560747,0.1997887209121016,190.41256459174315,C2,NA,NA
0.05954322198722309,0.19935163025127806,186.96598709412612,C2,NA,NA
0.0644384593698074,0.19913364155804159,193.06439819288855,C2,NA,NA
0.07804308485997244,0.20756166340203247,182.92783875185214,C2,NA,NA
0.07336954099439394,0.19463201613909942,191.32987636370348,C2,NA,NA
0.05797425138112506,0.19663131650796717,190.6598040808896,C2,NA,NA
0.06078770123244816,0.19350966931366076,188.95161329464617,C2,NA,NA
0.06907683077247777,0.20315908022336848,190.8890399034775,C2,NA,NA
0.06902299486234274,0.19961643610981677,192.97969459973353,C2,NA,NA
0.062489112861765166,0.1885299372597256,182.8821332752444,C2,NA,NA
0.06705427172203879,0.19957503504733243,189.1844807192779,C2,NA,NA
0.05329770793685153,0.20402031371204488,187.6173162068882,C2,NA,NA
0.06317308809388501,0.19992274256934361,191.4549891721601,C2,NA,NA
0.06776111681320732,0.19619425770657906,190.85315232108022,C2,NA,NA
0.05601995380162552,0.20041852059214332,189.47508086303387,C2,NA,NA
0.06869432386274774,0.19445185671916929,187.4859807106684,C2,NA,NA
0.061125108719241136,0.2033869743624753,189.018210355642,C2,NA,NA
0.06138719815470763,0.189220863493953,189.16023364649163,C2,NA,NA
0.05689336846991178,0.19237779943752914,182.84206502289476,C2,NA,NA
0.044519193231438554,0.19565801003532027,182.42881671178523,C2,NA,NA
0.06711092248841614,0.19323950707479837,191.11756897974774,C2,NA,NA
0.06201960918666732,0.19920556608258394,190.85376237456924,C2,NA,NA
0.060143903704572746,0.20315320588105087,189.87943527684786,C2,NA,NA
0.07595301603693264,0.19694882345520195,190.70519589883517,C2,NA,NA
-1.6173888952998117,NA,-200.8521615030086,PZ,-1.553476359354525,-0.598715318236972
-1.563782880778799,NA,-199.4417817680052,PZ,-0.18587019836717755,-1.214997067452435
-1.619188020749511,NA,-205.16214771382386,PZ,-1.9365081424682362,-0.8573324779480171
-1.513230130994037,NA,-199.80983801850167,PZ,-0.8686247136927409,-0.6831686030989796
-1.6397853908742224,NA,-202.3716008489179,PZ,-1.9360392099577657,-0.10148756346941082
-1.7545177893900643,NA,-201.5590943453491,PZ,-1.3972230279341362,-0.39576779440432286
-1.481214857606365,NA,-203.10463414558805,PZ,-1.0105805651128705,-1.0956493204239248
-1.6799991269889243,NA,-206.35807203911136,PZ,0.08708639806365387,-1.2634095547045447
-1.6517397824546027,NA,-203.6281066196342,PZ,-0.8036141839145422,-0.9983935577901185
-1.646520389058821,NA,-200.75885346726625,PZ,-2.1655717089219424,-0.536377493746341
-1.8780387280031556,NA,-208.58599106395687,PZ,-2.0962471096467508,-0.2663241988242815
-1.7092989544147266,NA,-204.21260440929382,PZ,-1.1854727664078397,0.14599109244594982
-1.9005995387137593,NA,-207.6761489696105,PZ,-2.8075467596308705,0.3461032712514757
-1.3367338518800764,NA,-200.6292825944286,PZ,-1.0030046640235404,-0.635827362967611
-1.6096165756458394,NA,-201.7351078279978,PZ,-0.9006128249418337,-0.6703773110289353
-1.3620061109402761,NA,-204.54287588721763,PZ,-1.937082267040601,-0.7359665628466058
-1.700730062525728,NA,-204.84663390630925,PZ,-0.3983918777666946,-1.3437731797534196
-1.8395890640179438,NA,-207.27298279354144,PZ,-1.2663135443316262,-0.02692965125999805
-1.5302296781316063,NA,-203.51814646004564,PZ,-0.5040624352157941,-1.5163972425679546
-1.4321317617077245,NA,-199.8749373396056,PZ,-0.9340464688357369,-1.1392618031839312
-1.6112538017042815,NA,-202.19522401647967,PZ,-1.3376850536536504,-0.6776459273096743
-1.4399599907080611,NA,-202.57171460776593,PZ,-2.2592087390472053,-0.8685374828048507
-1.9035476608380384,NA,-208.84876302961342,PZ,-1.9637259176196877,0.6179349382426995
-1.348346983811597,NA,-202.44123427906743,PZ,-1.0492456133322472,-0.6395474010473702
-1.2892757997911721,NA,-204.10882364624894,PZ,-1.1855155084558804,-1.1161310966710936
-1.5105910506104705,NA,-200.77964418102238,PZ,-2.203141515053943,-0.3284482190030512
-1.6642874572200084,NA,-203.87392395539436,PZ,-1.3891709970581962,-0.7272576730379798
-1.6296993139473253,NA,-206.20221603967278,PZ,-1.38473636365838,-0.866851573078874
-1.4465488721623962,NA,-201.200716480228,PZ,-0.3056821348531834,-1.3071138356909344
-1.6091422205562491,NA,-203.42058588082847,PZ,-0.5721938333743857,-1.591957905917278
-1.5894446004728608,NA,-202.8133532992669,PZ,-1.265772615931876,-1.328196035950434
-1.6530709380592516,NA,-199.34364207021056,PZ,-1.3307873857694572,-0.5825237940648407
-1.522818502055482,NA,-206.0632535782924,PZ,-0.7558287451569641,-0.9875480493775466
-1.7034973265981912,NA,-204.22072933090703,PZ,-1.5763315265671543,0.038916016561239164
-1.641512679621393,NA,-202.69220936753186,PZ,-1.0679456725838854,-0.6631786267316572
-1.5716199171282372,NA,-201.41492673520997,PZ,-1.5524655105058454,-0.1279401817298068
-1.2452858693755353,NA,-203.1307292888802,PZ,-0.34925928717424304,-0.9412873809346916
-1.5468876456627108,NA,-204.4740827429613,PZ,-0.40163753528993573,-1.353207576928666
-1.7790606152821933,NA,-203.16934014145608,PZ,-1.8116923010627743,-0.5937412065433889
-1.4371990359472717,NA,-201.74940230428462,PZ,-0.9269151360666641,-0.4739996258316092
-1.187110310100561,NA,-204.37993899617183,PZ,-2.1278714099218257,-0.8105371346454758
-1.5901195654653755,NA,-201.68752322533763,PZ,-1.3890258732001448,-0.2040497499391093
-1.525605354839731,NA,-204.5271752884231,PZ,-1.2242404858058016,-0.7734203123576076
-1.2954111727793076,NA,-205.98797395976575,PZ,-1.6795614104407122,-1.0501427628105608
-1.5360257683697798,NA,-208.2239267472595,PZ,-0.014110483427568835,-0.8577175848709768
-1.4127685871777729,NA,-201.99703136867336,PZ,-1.2615455652401577,-0.9007376833135666
-1.4480899560603295,NA,-200.42620732604254,PZ,-1.7532287508264992,-0.7631647957526257
-1.4667244255292897,NA,-210.70099027299995,PZ,-1.1754597939415556,0.005629011300928521
-1.5361580330647886,NA,-201.13925585657242,PZ,-0.852198183076373,-0.834890924101319
-1.4123986775349784,NA,-200.11025794908164,PZ,-1.1128635022379438,-0.7850611297960945
-1.552437644586045,NA,-205.23694320934896,PZ,-0.6564448727548624,-0.2638142991959015
-1.6042715756228567,NA,-204.38980887015316,PZ,-0.9517147857090498,-0.5099543757962581
-1.4078222931292255,NA,-205.88984846019636,PZ,-0.2741730084731423,-1.6699338150889638
-1.645047729537728,NA,-203.20123971851012,PZ,-0.6572139961837029,-0.7897827513901569
-1.3908259818654756,NA,-204.73503355731282,PZ,-1.3477040840743668,-0.738359987429164
-1.434613953152014,NA,-205.4983119175807,PZ,-0.8197093593413852,-0.9046648837163721
-1.3848831191271358,NA,-202.94476733254808,PZ,-1.0038052825673034,-0.9457340927019262
-1.326830998595558,NA,-204.76482978023375,PZ,-0.8549174922452593,-1.3728013952500477
-1.5745480945011043,NA,-201.56656113885168,PZ,-2.120272029382784,-0.6541971768087091
-1.678168869411397,NA,-202.50175558213678,PZ,-0.659335893757789,-1.3797205356215343
-1.5624121614951765,NA,-201.39414264234563,PZ,-1.7738408072463554,-0.7562965098244587
-1.5513148213786816,NA,-200.8243718619068,PZ,-2.1532342942383185,-0.31084078822836814
-1.6121755282600525,NA,-203.06419564126125,PZ,-1.7894626910310942,-0.8446641390271113
-1.4235727495737627,NA,-199.74601652113554,PZ,-1.1795769765181203,-0.9209815700271087
-1.5205289252705223,NA,-203.10334581246923,PZ,-0.7047020780665484,-1.1470146340708063
-1.4761956158791771,NA,-204.01977754139054,PZ,-0.02334566748155198,-0.819561928834949
-1.6025798454006517,NA,-205.2462203150589,PZ,-0.1889505048351964,-0.9745638801546493
-1.2641853547633068,NA,-202.88442940405142,PZ,-0.7170965663344335,-0.8203779856573852
-1.7847648610159585,NA,-202.6509920128435,PZ,-1.0950881683281102,-0.4217353448571346
-1.5672480451191941,NA,-201.30213251885948,PZ,-1.2664435238069303,-0.5219630324714701
-1.5438269641906035,NA,-201.32357445089139,PZ,-1.5348669847812602,-0.9968295003408909
-1.7134690681802278,NA,-203.12881641025695,PZ,-1.5021934736874776,-0.9309838149297978
-1.6095478335446103,NA,-200.436971418031,PZ,-2.066982817563475,-0.7361906942414732
-1.6174939226903593,NA,-208.59855938632396,PZ,-0.6306852120587538,-1.5229906874403394
-1.668090188394425,NA,-203.75346532478258,PZ,-0.829400663866749,-0.7377692506706568
-1.5125561097105809,NA,-198.90109397586792,PZ,-1.3593895279890345,-0.21428640210092045
-1.8680952904285049,NA,-202.87006590834122,PZ,-0.5973964696025926,-0.26889452779273454
-1.56281739699771,NA,-202.66986684010428,PZ,-0.9716134963420243,-0.2648328404590399
-1.3685807849556793,NA,-202.61604221782756,PZ,-2.111554246002533,-0.8743239915078302
-1.51632246650128,NA,-203.32441198846786,PZ,-0.3989358966575949,-1.5867592363308372
-1.5617411830149637,NA,-204.82698681826187,PZ,-2.070634074870779,-0.10823241981468612
-1.8279810058699644,NA,-204.2659744622514,PZ,-1.0664741147984906,-0.2122978501836811
-1.6723517738326357,NA,-201.3339273612311,PZ,-1.1207357224498993,-0.3360096548057854
-1.585716276559304,NA,-201.39044510919337,PZ,-0.5390864050072122,-1.0547483153275599
-1.3070611703368655,NA,-202.6931373116429,PZ,-0.7965041773310898,-0.8980553229728472
-1.4593552267086127,NA,-200.3501468803657,PZ,-1.3687968687853844,-0.8000445913568032
-1.4238515044921234,NA,-202.29274473234295,PZ,-1.2987922738447324,-0.6968617091460821
-1.565352609291705,NA,-203.54801163121616,PZ,-2.4249256603350164,-0.5997875674784607
-1.3846832579754351,NA,-201.9725149268459,PZ,-2.024654270746981,-0.3233675636818979
-1.3441305933639036,NA,-201.82146313589166,PZ,-1.3150827492862676,-0.9290515284757189
-1.4947981394326,NA,-203.23819021761022,PZ,-2.029613810714132,-0.37320700023829106
-1.3380392761266389,NA,-202.91037303115974,PZ,-1.6836316852502553,-1.00471813653055
-1.5793878969164787,NA,-203.59108013777944,PZ,-0.7916043981282807,-0.6653011647976642
-1.4773701839610858,NA,-203.2989776459894,PZ,-1.3149728433784365,-0.5035465863281692
-1.4935575889889292,NA,-200.58954514721773,PZ,-1.4706792462889102,-0.4280947977536621
-1.6953243976372652,NA,-199.8377265863097,PZ,-0.8080226030393978,-0.3780530217233846
-1.4893739098730887,NA,-205.86405992143736,PZ,-1.405731545534958,-1.5977627878789458
-1.654661752258682,NA,-198.8144826190553,PZ,-1.1366190149033502,-0.635796656747871
-1.5611178563067498,NA,-200.1449899826764,PZ,-0.8616797954317346,-1.377426802880218
-1.4496854844536113,NA,-201.39501646082616,PZ,-1.9567540287662841,-0.5358561954393917
-1.8330467493788312,NA,-205.59119135823084,PZ,-1.7669416689227833,-0.7097933655849405
-1.8225296365455066,NA,-201.95877170861277,PZ,-0.6973320399011163,-0.9553351282420255
-1.5581924642801663,NA,-201.96689840383294,PZ,-0.9243575660799512,-0.29856724167269844
-1.5337843558738293,NA,-203.56835039589106,PZ,-1.208315135343749,-0.7396976771149655
-1.6179365226312559,NA,-202.65671848471942,PZ,-0.7618514860891211,-0.980171865137073
-1.4369298823817713,NA,-200.05078509179532,PZ,-1.689433719829072,-0.6104413322260702
-1.6910768281972124,NA,-205.09422102664414,PZ,-0.5207992020758752,-1.011651209380275
-1.7554441213218621,NA,-205.57362863503573,PZ,-0.41267475490696537,-1.4564718357048962
-1.489078397304611,NA,-203.25634577780113,PZ,-1.1824808295494142,-0.5580917427342706
-1.3276993620916067,NA,-205.1125296253434,PZ,-2.05439764538564,-0.9928744217035799
-1.5843246195568192,NA,-203.33779319180584,PZ,-1.3663573152770239,-0.7153236658825639
-1.5126736006103414,NA,-203.48124938114896,PZ,-1.1876017401477241,-0.5344342901353203
-1.461390820714396,NA,-201.60618172723647,PZ,-1.1865086760775612,-0.44485742117955285
-1.687624363100533,NA,-206.81733858709705,PZ,-0.3050250615025934,-0.7491827948064456
-1.5651079492830875,NA,-202.07488091677658,PZ,-1.8630131630337063,-0.754419551140064
-1.4794208793686783,NA,-202.71914234323359,PZ,-0.5224518429847118,-1.4397983071790434
-1.7586620384005545,NA,-204.31524573898224,PZ,-1.506289617280498,-0.057932500704686335
-1.6285825300647665,NA,-203.94725081448368,PZ,-0.3579790744237875,-0.8116176687845238
-1.5594285111646011,NA,-201.83659922818768,PZ,-0.46646244331434294,-1.0649366099951378
-1.5871623963550106,NA,-200.35351128960738,PZ,-0.7486256655382879,-0.6463934827387741
-1.6398071895940287,NA,-202.86186925467092,PZ,-0.268793159519666,-1.362368669920269
-1.2703480761962158,NA,-201.6122123546082,PZ,-0.7642288925772575,-1.124952116013126
-1.6542643969124595,NA,-201.72352559953836,PZ,-0.6346856287463865,-1.1380925421650179
-1.5466848914118012,NA,-201.91591199392147,PZ,-0.4282875083409716,-1.3325927806767457
-1.5764410663505388,NA,-202.79271792488066,PZ,-0.9277459491981503,-0.6726939004153738
-1.8049277575413316,NA,-201.12342758078867,PZ,-1.0813673563851793,-1.0198031503998781
-1.4409145528029506,NA,-203.69110489714674,PZ,-1.0754936627973928,-1.128042125444635
-1.6894585297976914,NA,-204.34458759309376,PZ,-1.0055402676507161,-0.5446770098713946
-1.7653846334303338,NA,-202.70886778702814,PZ,-1.8428583859243906,-0.08823626172369037
-1.4797122652826207,NA,-199.76764141717194,PZ,-2.2089138800416017,-0.4461358127016072
-1.4206984460968768,NA,-206.77879554997375,PZ,-1.0758357274929615,-1.1610307370189559
-1.5484909077311517,NA,-202.5978669912217,PZ,-1.2510545488370082,-1.146960505998612
-1.6978961888034148,NA,-201.72819019470722,PZ,-1.5176007347017266,-0.44121582639869467
-1.766391703119134,NA,-202.5952195484707,PZ,-0.85617043117883,-0.6731090877144271
-1.5492252765533654,NA,-203.37356835136106,PZ,-0.36434986332537195,-1.1584474807876723
-1.6845235427222038,NA,-203.41513853988846,PZ,-1.4369805037381362,-0.39927581492236164
-1.3892351696207184,NA,-200.98564915354015,PZ,-1.4763039125096638,-0.6180899985011936
-1.4270677108998797,NA,-203.751100234226,PZ,-1.512201520924228,0.13040727836759552
-1.6550937497982083,NA,-200.46588345008374,PZ,-1.4007281692192854,-0.9053676873110001
-1.6675781491858321,NA,-201.81683257730742,PZ,-1.3129944547445767,-0.8942724300662426
-1.5361329309734,NA,-199.87381005007705,PZ,-2.1736887930105575,-0.3753702305928611
-1.3871961433501772,NA,-203.22922036265274,PZ,-0.8544513681442866,-1.7680179433258905
-1.5854433997128214,NA,-201.03904938375646,PZ,-1.3444487317672174,-0.16307656884845784
-1.4425359697483142,NA,-202.88563424233573,PZ,-1.5076016358341549,-0.6875373606672991
-1.7967859212266704,NA,-202.43877646910386,PZ,-1.5185919253815399,-0.4744044101606499
-1.4952525302240967,NA,-199.87908466811612,PZ,-1.6297913182919728,-0.8667609540283987
-1.4681690481398266,NA,-210.16952503466558,PZ,-1.0269822386484748,-0.706824727724681
-1.6566823722412714,NA,-203.98586109355224,PZ,-0.746137435502056,-0.9845331357077811
-1.764795692775935,NA,-204.44373036596477,PZ,-0.5971911313481287,-0.7002719897565011
-1.3432085024757616,NA,-205.10662356708212,PZ,-1.0772665577087044,0.14549486664622058
-1.6449620922796895,NA,-201.87828932344095,PZ,-1.361825215065051,-0.8308454865457109
-1.5762801283337646,NA,-201.69378107463913,PZ,-1.1169201751562285,-0.6407222875773615
-1.6776232313962283,NA,-201.91712472956485,PZ,-0.49406365662434937,-0.3366957843257508
-1.356862151597131,NA,-205.3942636020511,PZ,0.10621827569782033,-1.8822293389264078
-1.4978094991287938,NA,-203.6501719370601,PZ,0.3639016950736417,-1.304776469299991
-1.4342407737765885,NA,-201.4346644182114,PZ,-0.756588903901324,-1.412344243826783
-1.413460530208381,NA,-201.74659062062926,PZ,-0.7049291329219076,-1.1640836960265677
-1.4684121639738403,NA,-199.60043589123757,PZ,-1.385709242819439,-0.6761840272865267
-1.6794159634271761,NA,-203.25537111488083,PZ,-1.5880588366359891,-0.5301548971187822
-1.5270359383876142,NA,-206.71524670508833,PZ,-0.3930786531943025,-1.455015219165902
-1.5917527845582893,NA,-201.20486108257694,PZ,-0.766045675659509,-0.2907483884184658
-1.5295814366345157,NA,-200.73713819935716,PZ,-0.7789574264773182,-1.1952467497857862
-1.6837932220345637,NA,-204.10904968543403,PZ,-1.3607002140187408,0.1542846119137261
-1.2451493142363366,NA,-203.8259016786183,PZ,-0.7550314179310291,-1.593326245377702
-1.6291930867999547,NA,-201.43276182749344,PZ,-0.9263586990200612,-1.068004332035497
-1.563186642905344,NA,-206.74657009800765,PZ,-0.3228183452425936,-1.4963018386562823
-1.4921237999829318,NA,-203.07935158893065,PZ,-1.1681456864481223,0.15763170908365576
-1.6140254553568532,NA,-200.37581665733612,PZ,-1.1656906251071686,-1.0726795702053644
-1.6810854912070212,NA,-199.5210446416548,PZ,-1.0618187724936616,-0.2932719566731363
-1.4557695878094594,NA,-202.22924812980054,PZ,-1.6852552538884378,-0.09319559998387414
-1.4642825171669218,NA,-200.2475312259694,PZ,-0.8564668990997658,-0.8435696048338364
-1.4992481003628588,NA,-200.40722519960337,PZ,-1.2761398372778416,-0.4212631721939446
-1.4587307661497175,NA,-202.53531533953517,PZ,-2.254107713308261,-0.34825245539516353
-1.7302599036333337,NA,-201.69695055357312,PZ,-1.0553386524546842,-0.22410741054886119
-1.4704572363084747,NA,-203.41713280327275,PZ,-1.2477187488904855,-0.9077000324098393
-1.6288712331843338,NA,-207.30214401488777,PZ,-1.2749734926701817,-0.940007136001719
-1.4630619119765933,NA,-198.79373981148416,PZ,-1.5916342353625628,-0.8239714075823994
-1.4307520798505593,NA,-202.8858652656885,PZ,-0.09973213146025939,-1.1723028596547607
-1.6030024996065575,NA,-200.8096464478244,PZ,-0.6948223672256311,-0.7718889563386664
-1.6320879468268812,NA,-199.63992284389664,PZ,-1.095714359769941,-0.6308733534388508
-1.5410716778223172,NA,-201.0261161666749,PZ,-1.4194245526268365,-1.3190681280421663
-1.2926062484893648,NA,-204.84865481983843,PZ,-0.05547277357264675,-1.5652936962348825
-1.589596705390457,NA,-199.21664238925513,PZ,-1.208190099652838,-0.6956951577708952
-1.5908860211411882,NA,-200.0158425432241,PZ,-1.8863499239133366,-0.46856503372818403
-1.4121933209634594,NA,-202.73602347496566,PZ,-0.43571627355102555,-0.9182035957415642
-1.2773904312143283,NA,-202.5551586753431,PZ,-1.7132138351533919,-1.015144896602374
-1.512268189823757,NA,-200.67859989054264,PZ,-1.193414536463235,-0.693083360192007
-1.5029724221354095,NA,-202.09884746977534,PZ,-0.5396430866444386,-0.4080148672915284
-1.4650389376773059,NA,-202.70848411225512,PZ,-1.9255192491236852,-0.6567588658384188
-1.5519785562010417,NA,-204.52799246045782,PZ,0.2561808187727869,-1.6164105460211713
-1.5966125359648844,NA,-202.09356564827127,PZ,-0.47923119998960956,-1.1640704601508394
-1.7669867714529015,NA,-202.5497831334684,PZ,-1.5859677072967466,-0.13043737626940882
-1.6872408967954418,NA,-204.02115865378386,PZ,-1.8233721729951922,-0.5239321215796806
-1.6180178294415544,NA,-202.56939894650895,PZ,-0.6665667578402172,-0.6016960489496627
-1.7340221967095817,NA,-201.41159380406938,PZ,-1.2187849116733906,-0.3801939784403856
-1.598715120961543,NA,-205.52043367096957,PZ,-2.127866538008143,-0.19323913956801275
-1.5434172776167343,NA,-200.677148802838,PZ,-1.1003612962382079,-0.48323768523139893
-1.7295350459604872,NA,-201.13215404669418,PZ,-1.3611251993331868,-0.825969970850374
-1.4549695632411508,NA,-201.43197023806778,PZ,-1.2191983142385263,-0.15153463361072017
-1.517429654668966,NA,-202.05585960894848,PZ,-0.263172967349582,-1.0138710634551171
-1.6470068569225178,NA,-203.43643059904824,PZ,-1.4660252001059435,-0.13473194367328345
-1.644831820029845,NA,-202.05207659486766,PZ,-0.9039499901296403,-0.5435460923231497
-1.5504133090815262,NA,-201.42495616148105,PZ,-0.8583707648993985,-0.7008311924805208
-1.590314885222411,NA,-207.59995995334535,PZ,-0.502837949299989,-1.2733350774154872
-1.6216685322241904,NA,-201.6354396498578,PZ,-1.2875181569138494,-1.1012461571900125
-1.730851082164821,NA,-207.33810311424907,PZ,-1.6418379166042958,0.33082099587593716
-1.4051976277304343,NA,-203.76645008651434,PZ,-1.898701780575664,-0.5513938603184247
-1.915404278737834,NA,-202.66658551973723,PZ,-0.8190740315557076,-0.011116803706293532
-1.4806149608461534,NA,-202.3395531023089,PZ,-0.8362699198537977,-0.8734363794392369
-1.6701551887497148,NA,-201.97615236267976,PZ,-1.2631016298645614,-0.4904365237163755
-1.558566925759891,NA,-202.90567768566729,PZ,-1.6367277038155552,-0.991213560816309
-1.5847093907972258,NA,-203.45204957510956,PZ,-1.036689266178487,-0.48804240558457807
-1.203243726612203,NA,-209.00930333127098,PZ,-1.227211613829963,-1.1878422084469262
-1.651146396576468,NA,-207.29823201514364,PZ,-0.872685278575507,2.6096702998607e-4
-1.8037226738843257,NA,-201.60941067922545,PZ,-0.7075735319762484,-0.3111704731020015
-1.53864957152525,NA,-204.41125183485198,PZ,-0.9373873427985819,-0.4601126773768731
-1.5471277810881547,NA,-202.81942592559443,PZ,-0.7592807755351041,-1.2939981301872223
-1.8421448562479505,NA,-203.94780811696248,PZ,-1.3155845216835265,0.11321303508144737
-1.8049121630999911,NA,-206.79128179545873,PZ,-1.5342685303033137,-0.6711354987703967
-1.6988451005043672,NA,-207.90748417059535,PZ,-0.4473984254072726,-0.6305324024600747
-1.3565609897139155,NA,-201.47120347634504,PZ,-1.8563102361354338,-0.8084980283668435
-1.265357577700737,NA,-204.61829648942603,PZ,-0.8632654634606376,-1.2504931464066193
-1.5098471387215384,NA,-200.4970963480353,PZ,-0.9195255467755263,-0.9409607540457674
-1.4903558018441072,NA,-200.27011667885964,PZ,-1.7435049643632257,-0.4063157718616614
-1.2657165244310216,NA,-205.53189435436346,PZ,-1.3830378517432547,-1.1591825517469732
-1.5099894582967068,NA,-205.11436392340292,PZ,-1.5173995307088741,-1.6181634243870495
-1.4787654419758105,NA,-201.91513551576472,PZ,-0.9920161561596393,-1.1718902858779856
-1.2360943217340041,NA,-207.9702513999707,PZ,-1.0619791335555435,-1.0277532983982556
-1.5581743811455289,NA,-204.60172707124863,PZ,0.24847348511324407,-1.3805391271928253
-1.5330700047446268,NA,-199.15441046590132,PZ,-0.5140385209043947,-1.4410129488773449
-1.4099567729872036,NA,-201.85618260367116,PZ,-0.6191051342551148,-0.8295706329502679
-1.2956110247301504,NA,-203.10919982402814,PZ,-0.866127728021259,-1.3028982837804142
-1.8275150544275722,NA,-203.9789693191537,PZ,-0.9025994513332327,-0.2433984878742413
-1.4691667192285645,NA,-200.14920965424022,PZ,-0.519942366401143,-0.8712316890995548
-1.1902360235499039,NA,-205.30421547313057,PZ,-0.3488014371418479,-1.8836837707037093
-1.8519965101044191,NA,-201.3563683255186,PZ,-0.9117597185608061,-0.40809113374540495
-1.410033709468509,NA,-203.7616020379431,PZ,-2.106836281830361,-0.3093926606459417
-1.66106444835652,NA,-203.16137113162435,PZ,-0.5040177495450567,-0.8983641369541114
-1.496028883791459,NA,-202.60134626910803,PZ,-1.9419555206876429,-0.645686157994819
-1.6790597749830978,NA,-201.00976046887746,PZ,-0.6520735747631341,-1.263495672160996
-1.3798023665753933,NA,-201.3970636328005,PZ,-1.5960999487065142,-0.3129133143159819
-1.509577736888775,NA,-204.09028129729566,PZ,-0.8129065331356004,-1.1858111772904252
-1.382793993710401,NA,-202.69834345242865,PZ,-0.5480191553924912,-1.0662139508712798
-1.5721256641474384,NA,-200.4372592316467,PZ,-1.2602865401771557,-0.3802035877600235
-1.5613978123567838,NA,-203.16010664501243,PZ,-1.2061563050710364,-0.6352398569287212
-1.5091237495302217,NA,-201.98313633297462,PZ,-2.129191030585592,-0.07286034102571393
-1.7868503803738394,NA,-208.61817876896927,PZ,-1.1472225479223697,-0.26096337962107563
-1.5797081372456487,NA,-199.5646310335715,PZ,-1.198465485860112,-0.529357452837416
-1.5398682538247006,NA,-201.2440387017326,PZ,-0.3930026672190588,-1.031847608095714
-1.721845784832333,NA,-202.90770394102952,PZ,-0.11870517746974196,-0.5748067863735704
-1.4687713422030402,NA,-202.5880548231246,PZ,-1.159679471644957,-0.2566090000761596
-1.4770892168097591,NA,-201.21723967393496,PZ,-1.522965439090814,-0.5736382659336187
-1.759636887219187,NA,-200.87103483541372,PZ,-0.12841575791438983,-1.049236121195472
-1.4714359652376465,NA,-203.54992971779592,PZ,0.10423608309326893,-1.15880408339164
-1.489327320782571,NA,-200.27657821543582,PZ,-1.4594934258961028,-0.7823598183630947
-1.4936518838150306,NA,-197.82522686759043,PZ,-0.8725567810609903,-0.82700112975272555
-1.4211923568020706,NA,-201.71328037739934,PZ,-1.2440238908322967,-1.1437398114601118
-1.7003792624768703,NA,-202.8623597823463,PZ,-0.2698507999318028,-1.0448801880872867
-1.6416558371630576,NA,-204.6709437595003,PZ,-0.6236972379645886,-1.264914319043274
-1.6195492253089538,NA,-202.48171443687906,PZ,-1.1143126780802965,-0.6058973359101398
-1.6234939166600575,NA,-204.00606649456083,PZ,-1.2319643044067086,-0.6970288353764897
-1.7861446138278374,NA,-203.38484079733485,PZ,-1.6127769891698778,-0.3327904500211028
-1.4061338136091495,NA,-206.61107223887092,PZ,-1.1459926225929287,-1.6042304098061237
-1.6845046534733104,NA,-201.76639305579772,PZ,-1.281412594428622,-0.33163458460359785
-1.6819940483798115,NA,-201.87264832282636,PZ,-0.3239210615733045,-0.9118266630765137
-1.6422002571314518,NA,-203.59555851015782,PZ,-1.3956099529485368,-0.0719237985840172
-1.765980983896604,NA,-206.7803124874888,PZ,-0.16619481206058367,-1.0556660251312104
-1.5552713096979243,NA,-212.14407223886036,PZ,-1.929718116745774,-0.8051635702472493
-1.5603542912333828,NA,-200.54326595978287,PZ,-0.7463982868967785,-0.7803209106503215
-1.5991726930943315,NA,-200.68595989372244,PZ,-1.294655660083763,-0.854779350486626
-1.5466600154167267,NA,-203.31511115672748,PZ,-0.8268610843351119,-0.6176948852510735
-1.5749429544115279,NA,-200.26702664850134,PZ,-2.1263727672936357,-0.7857789554909408
-1.7146410965865029,NA,-199.91482057649623,PZ,-1.061887963014672,-0.6943327404057438
-1.7082077694063444,NA,-201.07282258642425,PZ,-0.6447012243977281,-0.9359363737619825
-1.4957287830673052,NA,-207.39264766198627,PZ,-2.072118450806793,-0.5553287694457181
-1.6331166453426096,NA,-202.16824719048174,PZ,0.3808624131983097,-1.31569559450141
-1.3349488042550275,NA,-200.18432395400572,PZ,-1.4478325173787734,-0.9889986795930854
-1.549698450083858,NA,-200.56441915141335,PZ,-0.8483761749069952,-0.3709901773914984
-1.5073496192013809,NA,-198.8889459094383,PZ,-0.8722975425682844,-0.48959569560545885
-1.625404638771329,NA,-201.00302480449767,PZ,-1.2437546587399364,-0.877523731742295
-1.4685447468237534,NA,-201.62588154924518,PZ,-1.8150412981426762,-0.7808771779728656
-1.6189721121469618,NA,-200.91147727002726,PZ,-1.5575764912692374,-0.5419451664565517
-1.594420275868069,NA,-202.06082131739097,PZ,-1.1318398933365752,-1.056908629651223
-1.6095462608169804,NA,-206.72611218870816,PZ,-1.102577298342122,-0.5119832844585193
-1.7567043165951868,NA,-212.2022676435828,PZ,-0.8585100530408059,-0.9034401577855045
-1.5659825534093847,NA,-205.46139706080697,PZ,-1.0885270871164288,-0.08439323397443309
-1.4214825270616365,NA,-200.9183750175269,PZ,-1.4511078102619106,-0.31739464971284476
-1.4557434844925006,NA,-201.8345949144791,PZ,-0.8191707618698234,-0.8750325339315106
-1.424680990850187,NA,-203.29901379700112,PZ,-0.9753157353860321,-0.9085438315443437
-1.5399385738342553,NA,-202.1287461188608,PZ,-0.8743111210978651,-0.6217315804025929
-1.6400382370505404,NA,-199.4679884694582,PZ,-1.2595134149635174,-0.5489521923553163
-1.5816420724802438,NA,-202.31104078101345,PZ,-1.7519895398947067,-0.4982066326025916
-1.5161836772814448,NA,-199.6277477301244,PZ,-0.8969025895413569,-0.7692166397965443
-1.3913123965868663,NA,-203.9400094562806,PZ,-0.8912848832265786,-1.6024114195047146
-1.560379068277017,NA,-203.98314756928323,PZ,-1.6271098931139858,-1.6078976403927017
-1.379404845161265,NA,-203.84992080054647,PZ,0.1547875980512047,-1.7166814585066748
-1.470281748582944,NA,-203.0230727571837,PZ,-1.6728241121484682,-0.5197868782309039
-1.785981491760364,NA,-203.7877643549792,PZ,-1.1974971643104997,-0.43685538850652184
-1.2485932333277758,NA,-202.8452907931475,PZ,-0.6152647043804301,-0.6121394731677686
-1.3385020180675462,NA,-204.22990939482372,PZ,-1.467600171866449,-0.661434781081825
-1.595453590067304,NA,-203.6988506198467,PZ,-1.3741349506049967,-1.460902220876853
-1.7984758993533367,NA,-203.15942078660598,PZ,-0.6329279325263837,-1.0553765608303292
-1.6552128514545217,NA,-201.4872995412288,PZ,-0.35705814870944846,-0.7215757466319147
-1.7888891629132995,NA,-202.78422988104774,PZ,-0.5922903637102301,-0.9953305313225028
-1.5431089745994289,NA,-201.9462910158768,PZ,-0.9609748907641484,-0.2698891911251988
-1.6357997002349745,NA,-203.47126815259816,PZ,-1.3680008028185648,0.041979937928316724
-1.5242558362565388,NA,-202.1020055100242,PZ,-0.7839341851214084,-1.0725024877885572
-1.4554858064388203,NA,-204.2015538747155,PZ,-0.472128675915959,-1.7586462081374463
-1.4803429955460836,NA,-210.49405355206207,PZ,-0.22304505434949068,-0.9527981581256754
-1.6031175149600985,NA,-202.57919803120805,PZ,-2.0018118142697774,-0.29806193378231594
-1.717068719468499,NA,-201.9752537945798,PZ,-0.5060228591789279,-0.9839135256141492
-1.6097589499877127,NA,-201.33759060940432,PZ,-1.1711672919837552,-0.791062007601904
-1.5089962048652572,NA,-202.65796256095905,PZ,-1.2523749312819075,-0.7171712194719405
-1.7333155550695882,NA,-204.12598458807818,PZ,-1.8813064124241117,-0.47897907521460487
-1.8356780248080427,NA,-203.60804829670246,PZ,-0.43193148606345894,-0.4069432101589735
-1.5808882736414376,NA,-200.89567665756186,PZ,-0.9250557411044763,-0.1872261558359718
-1.5488109324710395,NA,-202.51728738393894,PZ,-1.426739691327347,0.08978756285550865
-1.688627042335447,NA,-206.44859201524673,PZ,-0.7024511311652226,-0.6768040243598192
-1.5994980547384952,NA,-203.34335675637584,PZ,-2.0444513919272973,-0.5728688606178374
-1.2721733984268928,NA,-203.4488095353533,PZ,-0.7260910921877999,-0.7636904953216829
-1.8721463536380625,NA,-202.51393538807912,PZ,-1.3518755250677086,-0.12479223946248202
-1.5942104357254387,NA,-203.2530394439496,PZ,-1.6767566663889544,-0.33800533429525215
-1.380823195793293,NA,-204.83430929405918,PZ,-0.45967287269988155,-1.270553329913695
-1.3561514459914021,NA,-200.64995724549257,PZ,-0.5516371784066447,-1.0608213874151375
-1.683367165473571,NA,-202.30298099647138,PZ,-1.00974396777361,-0.5507994435639451
-1.537288411922852,NA,-204.71462700235656,PZ,-0.8726805388657349,-1.0510608428134915
-1.5718362882388848,NA,-202.10976159648763,PZ,-1.4238842220154255,-1.059256899532733
-1.6317891073355266,NA,-201.97206099653278,PZ,-1.0163141260987876,-1.4765446195197467
-1.4435498828490938,NA,-203.6216034338607,PZ,-1.6651142693296916,-0.40467864021675554
-1.719531075522841,NA,-200.05057018885066,PZ,-1.8381933469612486,-0.360728205500356
-1.6177599295622949,NA,-200.95347432259533,PZ,-2.109823500201938,-0.38602822351109356
-1.6739192344725098,NA,-201.65191090433206,PZ,-2.141845826921322,-0.6119328797874001
-1.431982099700478,NA,-206.6887960127198,PZ,-1.6707933465319549,-0.332942105125856
-1.6208085130343397,NA,-205.31615355668126,PZ,-1.0119761962470204,-0.9614985354926282
-1.302692181623353,NA,-200.88514282572964,PZ,-0.9036590486450611,-0.8046530287510024
-1.3056925254944087,NA,-201.95452695597365,PZ,-1.3464388293554337,-1.081513988420316
-1.6579561073463887,NA,-201.30612274136487,PZ,-0.46696244270879267,-1.4458495128292093
-1.6503584484559386,NA,-201.4729595300097,PZ,-1.8611290923608008,-0.6632473991136207
-1.5475728329099043,NA,-201.6594042432775,PZ,-1.9407854404230434,-0.11840296802975486
-1.6922967626963323,NA,-199.40819371507754,PZ,-1.3651650266614606,-0.3203260909478352
-1.7194339636106946,NA,-201.1260512167826,PZ,-0.7937514894323536,-1.055255328249706
-1.621324181575791,NA,-200.29758563099944,PZ,-1.6016618517957013,-0.11388640015976857
-1.5197690580530188,NA,-200.11329661323055,PZ,-0.9712410929888828,-1.1578369848483856
-1.7585237349611782,NA,-200.10575608021654,PZ,-0.6580467355649631,-0.5651062393413192
-1.6810413994118614,NA,-205.60366301583824,PZ,-0.22849926793501962,-1.0072647365841707
-1.7505934937154735,NA,-204.63985613796942,PZ,-0.18460521118405368,-1.5286971065092916
-1.4073466900129237,NA,-202.2097532114997,PZ,-1.8160205398777731,-0.45128492387926555
-1.4942964968752739,NA,-202.52606462177593,PZ,-1.170370675407555,-1.2527431115365744
-1.27890404439845,NA,-205.48035995742603,PZ,-1.7970408686994652,-0.11478728482510517
-1.6061831759536298,NA,-202.77592573536865,PZ,-1.3611247584361432,-0.434750632176111
-1.3358481967914395,NA,-204.05615494158926,PZ,-2.3615902093847754,-0.637831090911054
-1.6003044541932678,NA,-204.2006109380516,PZ,-2.1877788790449615,-0.42853680010447465
-1.4517251642506475,NA,-199.58430025393844,PZ,-0.898296078477562,-0.7565290551593525
-1.531275291456819,NA,-199.3011397340627,PZ,-1.8994862084455066,-0.14831015333978279
-1.8052271178082362,NA,-203.15303209221278,PZ,-1.682459489911618,-0.07191362207441183
-1.6427271180032064,NA,-203.27700226309472,PZ,-1.7498365626441192,-1.1589578903279714
-1.5558983476508683,NA,-199.48383033438498,PZ,-1.494029199364337,-0.33050967776192675
-1.4176611006843869,NA,-199.42411177653742,PZ,-1.0671247157403756,-1.106277106090874
-1.6038607008283372,NA,-202.3038041157562,PZ,-1.5902633637578092,-0.4454874381344701
-1.5353949152941153,NA,-199.22386206649577,PZ,-0.9587742794833317,-0.9863596277085361
-1.2988170213756138,NA,-203.8300590930049,PZ,-0.28788863672495196,-1.8685477954356486
-1.5617444849874855,NA,-201.89508215104672,PZ,-0.46116805009551715,-1.2175957436775702
-1.5456283307757106,NA,-204.0098920602265,PZ,-1.3875188301594221,-0.8758260565799736
-1.46850031300873,NA,-201.8865644142863,PZ,-0.44530849655393184,-0.9605479539730537
-1.5781016876409268,NA,-201.42419222123758,PZ,-0.5772774347229154,-0.30390409768288923
-1.344079768190323,NA,-200.45025256638922,PZ,-1.404309743399025,-0.640090351270616
-1.2379958247828324,NA,-204.00001081681643,PZ,-0.8032486170180781,-1.1958963171319632
-1.5451638625005975,NA,-201.7969393022402,PZ,-0.12708438407109923,-1.1113663316117366
-1.7809665178332141,NA,-203.27729212891512,PZ,-0.34342705626977477,-0.3598108252463583
-1.5022116207187197,NA,-202.34863620500923,PZ,-1.3486756952375016,-0.31654177469807576
-1.4543540047204744,NA,-208.9383428583774,PZ,-2.3671806687315287,0.3274392754697512
-1.3400494574709674,NA,-206.25062779914927,PZ,-1.102917947530508,-0.8389628524677305
-1.6821262360964895,NA,-201.25908081545407,PZ,-1.767744035954609,-0.3329275406356102
-1.5154537208921144,NA,-198.5873233703165,PZ,-1.038222914387762,-0.9485023034962891
-1.3848377078842684,NA,-203.31940572909832,PZ,-1.4547881607564952,-0.9652632902311247
-1.4023937728143712,NA,-199.97907319246568,PZ,-0.9999137706085008,-1.0252476500885717
-1.5331127164935516,NA,-202.84050798802903,PZ,-1.169526135243902,-0.5394647814598557
-1.414642952481116,NA,-200.41240628570728,PZ,-1.6109591398392202,-0.846303396665915
-1.5165904151164278,NA,-199.37698284181587,PZ,-1.3707210093550244,-0.6937522646575733
-1.36332788068713,NA,-201.78590417893662,PZ,-0.7116753107025184,-0.8062857271124748
-1.355408162668454,NA,-204.25423187434984,PZ,-2.2096783306932046,-1.0743729460511777
-1.3759027635400494,NA,-204.17818276356795,PZ,-2.0994897911678345,-0.35243240198823095
-1.4870450538729418,NA,-203.52254703763822,PZ,-0.2951074141536016,-1.2199141358675107
-1.290169849908469,NA,-204.03986647981267,PZ,-1.8158750707386173,-0.8400306624107491
-1.4101761804371626,NA,-203.70770098232575,PZ,-0.978210564838807,-0.8069651723296121
-1.61263088066451,NA,-199.80335941216967,PZ,-1.3325976462530784,-0.3313911330278846
-1.448989828104884,NA,-197.72803471554914,PZ,-1.235933530447734,-0.7269016826028768
-1.4783780624566591,NA,-202.35998568269736,PZ,-0.7492765085308277,-0.8316578305185733
-1.5158790873300643,NA,-203.72807961318986,PZ,-0.21328795938486556,-1.633450143164699
-1.436277642252256,NA,-202.0077667943309,PZ,-1.8199018875176598,-0.9532720939974589
-1.5512140771546912,NA,-201.35087767840912,PZ,-1.9110991449957329,-0.6730907298482313
-1.5170160180599006,NA,-200.72697605043908,PZ,-0.7091256449735162,-0.9355506976269088
-1.7953016152479022,NA,-203.47970017797286,PZ,-1.2038116999276982,-0.19349615929488223
-1.6794147778419728,NA,-200.0572248220716,PZ,-0.10173674352653833,-0.774821035265336
-1.6358829086966078,NA,-202.75606669651134,PZ,-2.5525010780686417,-0.01820741677816897
-1.718455256525207,NA,-207.4594524111204,PZ,-1.5968184916599322,-0.10897303501234595
-1.5779346079917322,NA,-200.44634593406636,PZ,-0.8011277653093118,-0.5401252618837631
-1.121651098945614,NA,-208.01316648597856,PZ,-0.5814294245520808,-1.3585440223858498
-1.4718171090438168,NA,-201.13940431257515,PZ,-1.4995217146118383,-1.1423495619904427
-1.4899537013385067,NA,-203.2764995041241,PZ,-1.3606455071356116,-0.3630012815974986
-1.5706421591977466,NA,-203.61701909200735,PZ,-1.272542244050146,-0.5643290534437466
-1.7571278940632673,NA,-203.678441989614,PZ,-1.3430113476471488,-1.0125416475802662
-1.4456301681571742,NA,-200.04591815778343,PZ,-1.8105932289943734,-0.6282437363664598
-1.5158151035087977,NA,-205.38711834678784,PZ,0.6987335377750654,-1.5944505385163006
-1.6467185019566788,NA,-203.92703810269876,PZ,-1.0538177687585077,-0.4477875326365345
-1.3184581405663092,NA,-205.66790614035722,PZ,-0.28640321479709796,-0.7838021674863337
-1.8476719561083679,NA,-207.4946445473796,PZ,-1.9144779215919834,-0.44086687663598473
-1.6912478276731833,NA,-200.7516362944924,PZ,-0.5176199234157024,-0.9728516805541297
-1.4808058626514402,NA,-202.26222699258335,PZ,-2.0017051411660876,-1.0608917182945423
-1.4192665822045076,NA,-203.41655241562225,PZ,-0.6673950032629896,-0.8161878920655505
-1.5957462063764054,NA,-200.2204198232922,PZ,-0.5521875755363567,-1.328351267336269
-1.4633406468154486,NA,-203.6737111056103,PZ,-1.2183529356725615,-0.8050899618407744
-1.4978037744858546,NA,-199.26622417831103,PZ,-1.2776026125471425,-0.7750003042692237
-1.5530046094295389,NA,-200.1444651931841,PZ,-1.3576266406740811,-0.6161297764068246
-1.467009394227074,NA,-202.59821958942126,PZ,-0.6434939345336187,-0.8272542398279372
-1.3387381415274688,NA,-200.32153759238057,PZ,-2.117823164642093,-0.8957863794717087
-1.592556082208245,NA,-200.03513415052905,PZ,-1.3246702771790222,-0.677483873554004
-1.5736971305816212,NA,-200.10908314970376,PZ,-1.532000136368722,-0.7809018712479897
-1.3040395283551485,NA,-204.4674125717815,PZ,-2.2629724711351122,-0.8079065942697926
-1.4199322732495092,NA,-202.3641979721371,PZ,-0.4987175585169295,-1.1474715915603009
-1.5045305651228364,NA,-203.76220739276974,PZ,-0.625364003928553,-1.026730451231864
-1.7415430337275806,NA,-203.8139256184217,PZ,-0.3041516898034197,-1.515359197502888
-1.476834527060716,NA,-202.66903771829075,PZ,-1.4455319378114528,-0.8311142197892111
-1.5678928442263482,NA,-202.85680849368035,PZ,-0.6513399339903351,-0.5210187592170996
-1.5396564915260933,NA,-201.122378228308,PZ,-1.3193569500294953,-0.3962838573144895
-1.3006962520431347,NA,-203.89965397474924,PZ,-1.044965870447298,-0.9065879996288545
-1.4477920570656635,NA,-203.69727470759554,PZ,-0.6976293563079228,-1.2746110478624018
-1.5410629968730083,NA,-201.9170556330335,PZ,-2.2525520305182005,-0.3337403536209227
-1.386693770841665,NA,-204.57466090007094,PZ,-0.9694175135876238,-0.4177143826773659
-1.5385826883118785,NA,-201.663905978792,PZ,-1.956811848247313,-0.5541199375758219
-1.3422329128307626,NA,-203.64241458562896,PZ,-1.371875913208954,-0.28550640405147254
-1.6761487364589798,NA,-202.34686512311626,PZ,-1.1589720566359347,-0.39620296459764953
-1.6459072683596352,NA,-202.37029501689483,PZ,-1.0566321369212406,-1.2844221152385984
-1.317058480061124,NA,-201.99088588516219,PZ,-0.2888223485757637,-0.817096639197554
-1.6797852170470395,NA,-201.79533227045968,PZ,-1.8395729784224035,-0.12527493406788437
-1.3380413937836235,NA,-205.58291453682673,PZ,0.2331779773023543,-1.954464838277266
-1.4071316758730446,NA,-202.9159863308535,PZ,-2.1481095106465418,-0.627462589477501
-1.519965156818664,NA,-203.65273217100093,PZ,-1.901795876599593,-0.8242984172094793
-1.6818146276994785,NA,-201.56502808998715,PZ,-2.038364494782289,-0.11005700305322044
-1.653882867306236,NA,-198.68991746888267,PZ,-0.7989019009772498,-0.8452532813876237
-1.5611264360923387,NA,-201.19734926667073,PZ,-1.2503816119690008,-1.1607995093400822
-1.53850732333074,NA,-200.32704263515876,PZ,-2.0310182706756117,-0.3386364812157739
-1.5820315177425908,NA,-202.15048738872946,PZ,-0.36935581038944626,-0.6450578998420967
-1.633583681267256,NA,-201.60642347150406,PZ,-1.795593198915523,-0.4620593893481717
-1.4106346851650529,NA,-201.74600444887975,PZ,-0.6992728966714354,-0.6108097271981274
-1.4466329301905119,NA,-201.94231302531225,PZ,-0.7932863114310269,-1.2510097351918275
-1.685941910107129,NA,-200.73522005899315,PZ,-1.3570947411472676,-0.886690642679829
-1.6514189602781189,NA,-199.3375921011321,PZ,-0.6962881116580664,-0.787208129181906
-1.464788809167344,NA,-201.83766185747407,PZ,-1.3165617910926946,-0.2735398178473453
-1.6300739578230257,NA,-200.67851374725166,PZ,-0.3146675091855693,-1.1533089774574425
-1.5376039658808123,NA,-205.09597502042536,PZ,-1.2850764952754679,-1.0475495066235863
-1.5432786121417639,NA,-199.3924713079231,PZ,-0.8511293394494247,-0.47845683153949947
-1.777579048479063,NA,-206.02216250194908,PZ,-1.5501168289993774,-0.09951484570441782
-1.6684671286421726,NA,-203.6458512882208,PZ,-0.8564178020686549,-0.7653769007485356
-1.4875905098567177,NA,-201.28028709048755,PZ,-0.5939210895635272,-0.9552208783038802
-1.5171688858599506,NA,-207.4953338712422,PZ,-2.456183535779195,-1.1247965655362924
-1.5625087094041155,NA,-202.25693042924283,PZ,-1.0940101104670479,-0.8454741740731733
-1.551051180960526,NA,-199.9644098373196,PZ,-0.7791253750109342,-0.841779089010703
-1.5207498308076768,NA,-212.24490518688572,PZ,-1.4226623979972035,-0.17244735050783555
-1.4476686709058977,NA,-201.59688003597398,PZ,-1.0502630642337836,-0.8881281460954908
-1.5481588779144846,NA,-199.68883678706104,PZ,-1.0207235439373894,-0.8470220142390541
-1.474172630981613,NA,-206.18669179260178,PZ,-1.2853130058770168,-0.7075937040363245
-1.4874600805683849,NA,-202.1896457517279,PZ,-0.1822962593517485,-1.4225572579730545
-1.5833834805066824,NA,-205.734816034197,PZ,-0.4626511527788668,-0.4923968345343309
-1.5930676788254263,NA,-204.81001693363748,PZ,-2.3584437108667955,0.0034802765537577107
-1.5416795840009374,NA,-205.126844349091,PZ,-0.35149353045084997,-1.1443325745350974
-1.423059018232103,NA,-202.51074429146428,PZ,-0.44433265206547334,-1.3017257331037586
-1.4406867436539823,NA,-201.16453425733252,PZ,-2.0639587484597177,-0.6998691473485379
-1.3664766648161564,NA,-202.28509225880623,PZ,-1.3983969300329055,-0.24043021154386957
-1.9361156955702152,NA,-206.31164314630897,PZ,-0.5855890746394408,-1.0330224573043618
-1.4758293406406957,NA,-208.1012387859891,PZ,-3.1562751527780195,-0.1782253663565282
-1.3782175850992793,NA,-202.34242592736047,PZ,-1.2893426320575434,-0.7781620795902717
-1.4619335540113756,NA,-208.28370207093704,PZ,-1.7136005620646686,-0.12399019839973102
-1.432988465522739,NA,-203.8442013857716,PZ,-1.2233125993562726,-1.1226307958093884
-1.508651426103675,NA,-201.96740950338366,PZ,-1.9296485602718343,-0.6504331746020177
-1.6764146003887257,NA,-202.58444037685652,PZ,-1.8292462874416007,-0.019735528456005902
-1.5406809686390672,NA,-204.986554833973,PZ,-0.7899906055662074,-0.24765196723454652
-1.5258680185794145,NA,-200.31869932851336,PZ,-1.1863775622587165,-0.7503763880020561
-1.6401987136341853,NA,-200.58982886999664,PZ,-1.3881610206228923,-0.2724692373585092
-1.667831006864259,NA,-207.5919317510065,PZ,-1.5167600369642984,-0.47852649136219433
-1.4229232683504205,NA,-201.08002573640027,PZ,-1.537295392336223,-0.15893585067399002
-1.2584529265739097,NA,-205.36319907138204,PZ,-0.9896994273314716,-0.8146232792418242
-1.5718851707784944,NA,-206.27071273660806,PZ,-0.9288843464567824,-1.123971042304414
-1.6077334134525125,NA,-202.4223319597648,PZ,-0.5189718851662615,-0.732486642780644
-1.480424048167761,NA,-199.25044543062162,PZ,-0.3991812186737249,-1.198435962232119
-1.5391018390469973,NA,-204.29664236436443,PZ,-1.5895449028991426,-0.6156732822314912
-1.6709518558772964,NA,-204.26253046871912,PZ,-1.2314623380819136,-1.186683933183863
-1.4340757495019514,NA,-205.21152130178595,PZ,-1.9441103482667985,-0.9772437352403821
-1.6097250605098226,NA,-201.07010571398163,PZ,-1.457056248577498,-0.5770404670796996
-1.593142730550902,NA,-201.79252193961563,PZ,-0.5557553823148834,-0.609219389032603
-1.6064290761692372,NA,-202.5054683635607,PZ,-1.6110794493459044,-0.5068312110453612
-1.5132060267031138,NA,-204.22723378553948,PZ,-0.16329909964120565,-0.8448098141961053
-1.5433774602438848,NA,-205.82358135822798,PZ,-1.4280794859247126,0.28405156565647993
-1.4894754239628594,NA,-200.43845770234,PZ,-0.9050451544850482,-0.2950416791589411
-1.4140781910163083,NA,-199.3653531116567,PZ,-1.2858997133817605,-0.9026850529679581
-1.5218584818503618,NA,-201.93156757651101,PZ,-2.421113777981685,-0.5273880617525276
-1.5489227998958188,NA,-199.6399386881831,PZ,-1.9608513720618581,-0.3703495498975208
-1.4858527240662345,NA,-203.02106982095864,PZ,-0.6945990219902034,-1.1948352281580183
-1.7838508596830664,NA,-202.7643803777476,PZ,-1.3235437316597463,-0.8595319797627032
-1.6552108989460743,NA,-207.44172319981027,PZ,-1.3320694100596757,-0.8746514557503514
-1.324676976127067,NA,-206.55808868458527,PZ,-1.7124900281630104,-0.8147474406379895
-1.337016085608017,NA,-201.21438502926907,PZ,-1.5723715711442083,-0.8397230320768034
-1.4765261417925526,NA,-203.19585057824136,PZ,-1.3169344936737584,-0.38589205004733884
-1.495096164039271,NA,-207.0186714050999,PZ,-0.8839759657956325,-1.1009280964316812
-1.513527004328523,NA,-203.77279679684784,PZ,-1.5780372059474823,-1.3786903601017897
-1.579795874962205,NA,-200.5556962771801,PZ,-1.7343462923815305,-0.4412002506769036
-1.5871580139740562,NA,-202.17017364760795,PZ,-1.0990384791737524,-0.40246595640305577
-1.6539094989407321,NA,-205.54617618273804,PZ,-2.3458327945686452,-0.4009992917376459
-1.426214083636774,NA,-201.69477147208198,PZ,-0.714118688273355,-0.9699332600282409
-1.6231843082317057,NA,-202.0800761903962,PZ,-1.7140835961180712,-0.22585427911785236
-1.5614366078267088,NA,-205.33370349156698,PZ,-0.7406967501461299,-0.7256979834567338
-1.5595040057714564,NA,-203.62898440759895,PZ,-1.253311193052853,-1.0363920169390368
-1.367770167408353,NA,-199.68436752265447,PZ,-1.5434778763199528,-0.3842252788445348
-1.775975514022448,NA,-203.69340463539163,PZ,-1.1378409214561458,-0.6230364891445169
-1.4258030058856066,NA,-201.04028975033725,PZ,-1.6154100339111932,-0.7258067057445428
-1.8121002653382692,NA,-203.5132377119248,PZ,-0.34763161447761104,-1.0161697286644324
-1.4553843866705511,NA,-207.7355275693055,PZ,-0.47976070291651196,-0.3961383030980513
-1.2819127698085504,NA,-204.47309531256738,PZ,-1.5114369079057293,-0.9615024840427943
-1.500277509850396,NA,-200.23535555330298,PZ,-1.10207569542124,-0.5811843139001867
-1.696961080880489,NA,-202.3162669892628,PZ,0.2222042324793777,-1.0788058888225425
-1.7344708968084321,NA,-204.17776101446634,PZ,-1.390955867505307,-0.549030340699946
-1.5472340846103545,NA,-201.6592118532929,PZ,-1.8613710437288302,-0.4476777241275073
-2.0408849083091036,NA,-207.6899695699579,PZ,-0.9449270805904895,-1.055870282962298
-1.2800798638563669,NA,-204.59856602736437,PZ,-1.015626174076636,-1.0391451259469835
-1.539156935248896,NA,-205.79113336880224,PZ,-0.7293906935806471,-0.3351523926676661
-1.7388745605060836,NA,-202.70984855875838,PZ,-1.289886781025646,-0.287341594064464
-1.3468744868278242,NA,-205.32437675188518,PZ,-0.2525931414582243,-1.752106725624886
-1.46844305868618,NA,-201.15691654438922,PZ,-1.8908079479219433,-0.7574693078613662
-1.4127468984416685,NA,-202.710251972701,PZ,-0.908897541861055,-1.4946339687077577
-1.474679855254456,NA,-202.44911682542,PZ,-0.22202556885745744,-0.8492518111451548
-1.365630595027279,NA,-204.98881495633208,PZ,-1.100243737498327,-0.47119379071545847
-1.4298508424879126,NA,-202.1415803646706,PZ,-1.0594522018360573,-0.6938835408946392
-1.4817361334700545,NA,-201.63440369821188,PZ,-1.0301314182151664,-0.5552109379402275
-1.4949823575529906,NA,-202.05831724006063,PZ,-1.1460850277062549,-0.41814612297879794
-1.4629728765558925,NA,-210.67544961021744,PZ,-1.2008147845942745,-0.8271384093760862
-1.547791530093166,NA,-198.96350958767258,PZ,-1.0083133232900783,-0.6321554574234675
-1.514366379292225,NA,-202.2645215863406,PZ,-1.9315041919973646,-0.3652326543736694
-1.5834914368502635,NA,-200.23854364445575,PZ,-0.8441188671919502,-0.9002335214002409
-1.4448958923076665,NA,-199.35100335805447,PZ,-1.0025858841470903,-0.6162643249752827
-1.3511318286193648,NA,-204.7008606358852,PZ,-0.8976931133227739,-1.124542566202676
-1.3978446805847515,NA,-204.36904238446945,PZ,-0.4355156633822898,-1.5363752598972766
-1.6325942403044404,NA,-207.7005306984983,PZ,-1.237476761127561,-1.3589232742726611
-1.3413498444461105,NA,-202.5111391559436,PZ,-1.4381066950886718,-0.830692801697368
-1.46844305868618,NA,-201.15691654438922,PZ,-1.8908079479219433,-0.7574693078613662
-1.2133481365645062,NA,-202.3906719495935,PZ,-1.1993400893153132,-1.010447388099256
-1.6328424267980586,NA,-201.69070564436015,PZ,-1.8576363382744023,-0.26940637185132843
-1.5272795858109,NA,-201.28570938579696,PZ,-0.4592643779978179,-0.8377203193476059
-1.4674202239889644,NA,-200.38743224403962,PZ,-1.3179617851279617,-1.1457820480480265
-1.6236374531320705,NA,-207.04926978208064,PZ,-1.5047751592240104,-0.5070184165534306
-2.0155175114239507,NA,-208.05961186619226,PZ,-0.39854228930155006,-0.5681122100003022
-1.5139616525746014,NA,-206.42807239653055,PZ,-0.8403475514091239,-0.883246870850533
-1.608033525989005,NA,-205.9747695738532,PZ,-0.6560488199981012,-1.2074472582617166
-1.5576375863536933,NA,-203.0363578782492,PZ,-1.528891066936074,-0.5902248234922823
-1.5445397823162588,NA,-205.67785999885757,PZ,-1.105878039657477,-0.43970914213660733
-1.3058364392414687,NA,-201.29043819796505,PZ,-1.4998811074280842,-0.8527446391295932
-1.602855750026853,NA,-199.9556884548264,PZ,-1.3690766138424548,-0.47154712662058496
-1.5180170040568934,NA,-203.83301738284842,PZ,-1.361462770097548,-0.4006143807745319
-1.552832914986237,NA,-200.0794802475687,PZ,-2.3749499301535706,0.016337503059571712
-1.3211683785299693,NA,-205.1214464756049,PZ,-1.6617592200911018,0.026274083979497778
-1.483243805107279,NA,-202.6658565328453,PZ,-0.20313212830098643,-1.3646934035197882
-1.4212059159440886,NA,-205.1629699033586,PZ,-1.205810575738588,-1.6880185107893764
-1.4303695478925302,NA,-204.72079708574273,PZ,-0.8540564138461069,-0.27048153567841493
-1.4175570578958028,NA,-203.8191965885433,PZ,-0.5881581043967787,-0.5414403998844395
-1.4051653396188961,NA,-203.078374313995,PZ,-0.8285850521964352,-1.3174539803176943
-1.6048108833058055,NA,-202.24444372618336,PZ,-0.8442061614512943,-0.415520378860757
-1.4469851356597965,NA,-202.43832630107954,PZ,-2.2570099038560896,-0.8246676092443811
-1.5669989680423912,NA,-200.2366133169931,PZ,-0.7781754726158754,-0.3913565726626028
-1.6361928635092606,NA,-201.6031210427538,PZ,-0.9570230583668013,-0.8806590491991673
-1.4353210042708453,NA,-199.83493333600484,PZ,-1.0472331726694775,-0.6554811825498541
-1.6195834491229697,NA,-203.65749882094278,PZ,-0.9545436552945923,-0.7927431741237408
-1.7093493789988974,NA,-202.56706932604294,PZ,-0.9524807817018243,-1.4349812629872842
-1.5575434743096104,NA,-199.27740516023425,PZ,-1.018012080473087,-1.2024033839019597
-1.5469726877252252,NA,-203.64003452728687,PZ,-1.3190595154479088,-0.48723031968658953
-1.8015972528525726,NA,-205.79881481878044,PZ,-1.1623941527045278,-1.0051505973278345
-1.5679954724280918,NA,-202.40923101500593,PZ,-1.4016451239743084,-0.36838111381159067
-1.4759193908266346,NA,-199.92567211925135,PZ,-0.9734322418504895,-0.6694311091042724
-1.439110201025414,NA,-201.134139136747,PZ,-1.4010524301807463,-0.9265873030644382
-1.2856839502568815,NA,-203.21769940412716,PZ,-1.0901679941384808,-1.1253898500699522
-1.5952138355335332,NA,-203.29056199275482,PZ,-1.4291016064375088,0.21654307820395358
-1.4327515720961541,NA,-204.03369170379085,PZ,-0.17911428939857604,-1.215443035746856
-1.5323311957667942,NA,-199.9543559570699,PZ,-0.46774253626798107,-1.3357090827000984
-1.8135726643126482,NA,-205.01462051563698,PZ,-1.257067331897975,-0.9178111536235376
-1.5670631941601603,NA,-202.64481016899848,PZ,-0.9099726127096593,-0.7723971990837595
-1.6280409096022839,NA,-204.50942175878123,PZ,-1.8396002141057095,-0.544510325892552
-1.5502292186079774,NA,-202.72100296652394,PZ,-1.4145759667410251,-0.8656433964987275
-1.5962526153554828,NA,-200.27375121960878,PZ,-1.5190011966341304,-0.5873790102474596
-1.6053228956486345,NA,-199.43649102778565,PZ,-0.7627894032833248,-0.8678010815262331
-1.4234519389042806,NA,-203.55398705716465,PZ,-0.9234591311150303,-0.2796935154706324
-1.3336827669519244,NA,-203.27413558720588,PZ,-1.0954181648944812,-1.0244447215269417
-1.4159085849470319,NA,-207.78336908821717,PZ,0.3247674210395704,-1.3214343693907404
-1.5498810219829648,NA,-200.33326766006414,PZ,-1.3979672623788666,-0.7521088433599762
-1.7850569217466374,NA,-202.54064728212379,PZ,-1.6537048332509146,-0.28844739545628073
-1.5159625369047112,NA,-202.9149305767241,PZ,-1.407820144134283,-0.4736725727211826
-1.6762687217329963,NA,-200.39310897373358,PZ,-1.174170886296121,-0.39720651538213614
-1.6739884744519502,NA,-201.45274734152585,PZ,-1.4034595120493778,-0.10897670518287557
-1.4506876548404404,NA,-205.52582019648816,PZ,-2.0387553249588777,-0.5408414203696648
-1.6600154335425084,NA,-204.10467376906166,PZ,-2.0171521727586086,-0.9818787680637279
-1.4327206696215042,NA,-205.69099234981053,PZ,-0.3412882944479848,-0.8875402580173755
-1.6723237585163429,NA,-199.49744143034775,PZ,-1.3178559799700467,-0.4271687696273746
-1.4987678974214673,NA,-200.94316615797527,PZ,-1.2410226953056305,-0.08743737247685635
-1.5098765762507838,NA,-204.49179723050844,PZ,-1.8808592647170537,-0.41556463371904173
-1.633101687051541,NA,-203.4060793577425,PZ,-1.1902274964622086,-1.0789917111295761
-1.4032544132324223,NA,-201.70375437136087,PZ,-1.5508927516837685,-0.6645651343522294
-1.586026613226979,NA,-199.27009476212558,PZ,-1.0662262872483932,-0.612494411363858
-1.0750021531576492,NA,-210.65524027484616,PZ,-1.5961557919198321,-2.0797529714915823
-1.5572255019458472,NA,-203.48615861209404,PZ,-2.2244232864534292,-1.0242320978531512
-1.7364176761657644,NA,-209.20422787319916,PZ,-0.7283834918008538,-0.42408616177325753
-1.4736256559698864,NA,-208.15710959935177,PZ,-2.2602858709083296,-1.9070672720232555
-1.64411885002235,NA,-198.9965148494363,PZ,-1.6566937066576017,-0.5428676841831427
-1.5019285479516047,NA,-200.39737869576967,PZ,-1.1627932468631166,-0.8322371982577486
-1.5808626300188398,NA,-201.40113457771292,PZ,-2.161532695516304,-0.4691246744337042
-1.356197326041668,NA,-204.45637194462236,PZ,-0.6990790518676425,-0.7292366178528731
-1.4718692650241116,NA,-199.72640512286645,PZ,-1.3566705539815642,-0.8966678254983772
-1.2799249803124684,NA,-207.1756398458347,PZ,-0.8115234461313694,-0.7476197591606448
-1.8697479147095346,NA,-202.0618313834595,PZ,-0.93525193373121,-0.8160373150076545
-1.232809568914749,NA,-204.13587785299518,PZ,-0.9031572521769687,-1.2902143164341933
-1.6224323884320797,NA,-200.21103334822942,PZ,-1.8885125165214933,-0.6964317264555786
-1.601185292871908,NA,-200.10085879112026,PZ,-0.8074029197537683,-0.38035189859208185
-1.9391150574670717,NA,-202.78379557845747,PZ,-0.9415205142379108,-0.9436481231637717
-1.4826910682034364,NA,-209.7161885170953,PZ,0.5722460857285362,-2.0713297649648776
-1.7679116810558264,NA,-201.34844460490876,PZ,-1.606457170165553,-0.5633672000744597
-1.2867730182250368,NA,-202.70520557143433,PZ,-1.3661574959104974,-0.6951048198534331
-1.323805203260472,NA,-199.565545356029,PZ,-1.5749601596150713,-0.6846926936221049
-1.520846709926329,NA,-201.1707784941243,PZ,-0.5181369332112057,-0.8893835481120791
-1.453850382006841,NA,-200.30794941152914,PZ,-1.4742854185620538,-0.3403417789794075
-1.4962264246557793,NA,-202.21039919730626,PZ,-1.826581468492166,-0.13651602101204108
-1.5279781598957172,NA,-202.74175571887847,PZ,-0.27436928944596506,-1.1556040121724134
-1.5333982840631537,NA,-205.5381059272302,PZ,-0.5200925731666326,-1.4447663877461927
-1.5139469258461222,NA,-200.78191274325658,PZ,-0.3401106409766677,-0.7874505540301906
-1.1866662292683179,NA,-202.84685176345155,PZ,-0.7752674993473576,-0.7389044644376427
-1.6112111844314856,NA,-203.7633128975456,PZ,-0.6568378040557658,-0.3194608292755521
-1.283818599796333,NA,-202.9779180573355,PZ,-0.5693668221538818,-0.6775568471289722
-1.7643648594757093,NA,-206.3182456109985,PZ,-1.2438091155885247,-1.3596839646347958
-1.331261801286235,NA,-202.83719643168473,PZ,-0.5353345653031294,-0.6964741677551602
-1.8611283253855972,NA,-207.3181450065009,PZ,-1.2940647358613981,-0.44787463089917223
-1.374121774364257,NA,-203.62134752545495,PZ,-0.535895618994832,-0.9952723454488662
-1.4126433772038467,NA,-199.91671626242217,PZ,-1.2672927559439766,-0.5225162807127287
-1.4967057008785036,NA,-206.72062530498954,PZ,-1.4602971386514587,-1.1391224920172491
-1.4066265908560898,NA,-200.43372840997168,PZ,-1.3429597140847769,-0.44361200393120237
-1.625450059875782,NA,-203.09299992662423,PZ,-0.0772313839546458,-0.762997671644533
-1.8468622660659706,NA,-204.83190201887695,PZ,-1.1934725434286877,-0.9025161501598687
-1.5674558989910714,NA,-201.5473320025368,PZ,-1.139425174951069,-1.083618656671635
-1.583600663495773,NA,-199.98217318277216,PZ,-0.6168744409213155,-0.8605841523290506
-1.3816900787184756,NA,-203.74330591936152,PZ,-2.3524878578111945,-0.5095609830055227
-1.5257413697442828,NA,-202.38232593978353,PZ,-1.3499452961808005,-0.5836561857486835
-1.515034987625998,NA,-203.02197136747512,PZ,-1.7002227025363712,-0.3162929482518423
-1.3811683256006928,NA,-202.2203951085245,PZ,-2.1378316731971383,-0.7738861078319234
-1.524360921295094,NA,-201.23517329044375,PZ,-1.3478600005541173,-0.148812469701598
-1.4422868586840805,NA,-199.53297429933593,PZ,-1.4583288023343894,-0.2986646574150871
-1.4694035833875017,NA,-202.277614959285,PZ,-1.0027976515307606,-0.44422307553009815
-1.484087441631869,NA,-201.10743313228238,PZ,-1.289344716575126,-0.6012753658294052
-1.5826781635505394,NA,-203.71406021165313,PZ,-0.6093297242138814,-0.9628803867348193
-1.9386682474424328,NA,-205.86001854216872,PZ,-1.158921904519836,-0.875498694825291
-1.6179315723699286,NA,-202.8084983448398,PZ,-1.8018555116797113,-0.6201665035338024
-1.4005639658787818,NA,-202.5522966926336,PZ,-2.1993339685345505,-0.5304303870232767
-1.6475180970095058,NA,-207.27949895367303,PZ,-1.065076877780998,0.1886904059436848
-1.5541420803323316,NA,-200.89742322330693,PZ,-1.37567195786858,-0.8526776002708534
-1.6391138721685516,NA,-203.31179542447057,PZ,-0.9563748478738497,-1.5886394672701964
-1.7100125904475314,NA,-201.84100328670996,PZ,-2.3310785578107778,-0.9124441734816364
-1.6151005341098281,NA,-199.86306786866513,PZ,-0.6751711086088865,-0.7158534366806368
-1.3721599568263068,NA,-210.9114625766316,PZ,-2.3998852492694533,-0.30301911924316915
-1.2991096945498941,NA,-201.32663173004218,PZ,-1.869748644938135,-1.0157588312018144
-1.44396678553037,NA,-203.72870457054802,PZ,-0.9806591314400637,-1.2666413452738512
-1.5086292165511175,NA,-199.57752351688487,PZ,-1.1962517438108278,-0.8994695099529632
-1.733331868197689,NA,-203.93530721062072,PZ,-0.7946117091283564,-0.40294329117766065
-1.501512394467607,NA,-202.0811520520413,PZ,-1.575997487850284,-0.40709047853703073
-1.4479963245694119,NA,-202.02747041455376,PZ,-1.6382763941696,-0.5593050660732501
-1.6908422117687572,NA,-200.4777808111633,PZ,-0.9188005976666878,-0.6218527989059742
-1.4806332177149204,NA,-202.77111970056694,PZ,-1.6274231774126702,-1.2373963808871138
-1.4820473580237887,NA,-203.09402483033676,PZ,-1.550080539337691,-0.8015946348067516
-1.6838336969458103,NA,-206.45530206926415,PZ,-1.6533494929228139,-0.6850917686914553
-1.390911446059452,NA,-201.71196042450666,PZ,-0.538328091840108,-1.2265768068937335
-1.5245086359837905,NA,-203.0096260816277,PZ,-1.1440924804796875,-0.4072307269889418
-1.5966623084388216,NA,-203.7816542893097,PZ,-1.461004287712473,-0.6934050147821755
-1.551758384100245,NA,-201.893159640407,PZ,-0.8905824152975564,-0.9005394908151612
-1.5968551523983274,NA,-201.77745850745805,PZ,-1.6517979651155579,-0.31201615036361374
-1.6052122120934686,NA,-201.63275958031,PZ,-1.3095666400645318,-1.050249327466903
-1.3411123971151777,NA,-203.75136346267362,PZ,-1.7690940449131518,-1.2167420649904632
-1.5120813920934044,NA,-201.40848748567424,PZ,-1.0929534111326524,-0.30380292612492366
-1.5688394213892427,NA,-203.66809206472448,PZ,-1.8958826544622827,-0.580189889859023
-1.8521832978538852,NA,-215.16697777204791,PZ,-2.2540447497878366,-0.5360379532614863
-1.7560998438228332,NA,-204.39916112577959,PZ,-1.5276042807957728,-0.19591338858504997
-1.392117409232199,NA,-201.01916612884816,PZ,-1.7570547440703972,-1.0135291283302694
-1.4617955887035117,NA,-200.11674650186458,PZ,-1.5562797069782395,-1.179437893028453
-1.695144706201251,NA,-200.3041114722208,PZ,-1.4030014219369153,-0.14845784609445473
-1.5020102446917767,NA,-202.25167893722139,PZ,-0.5629292426060555,-1.455761301550913
-1.3993311178531227,NA,-201.3515326547375,PZ,-2.103609395454572,-0.7002286266988278
-1.8445067816742793,NA,-202.14266255289587,PZ,-1.3692955610688877,-0.43749090930936835
-1.5838391670678995,NA,-205.84966903627907,PZ,-1.7797150115613518,-0.8205827599941623
-1.2885600947006148,NA,-202.06056399081905,PZ,-0.9223492856618563,-1.0919172528551222
-1.3161632349256855,NA,-207.26819503076933,PZ,-0.7868974547172204,-0.7639155889649593
-1.383740311347331,NA,-202.80185685713195,PZ,-1.6927809435838381,-0.7016569267816887
-1.4719731719123572,NA,-201.7456743992438,PZ,-1.081338632419801,-0.9007974000440666
-1.6405726399097227,NA,-204.7701286649103,PZ,-1.4507110035408084,-0.12784493180091455
-1.4981086521191125,NA,-200.15047561861383,PZ,-0.8285980717048429,-1.1589520648671399
-1.733286831605237,NA,-206.71004121261743,PZ,-1.2902616842263253,-0.40506091018369006
-1.3852303764746758,NA,-203.60813413946474,PZ,-1.5220583747380354,-0.7568833771040293
-1.6884378390366033,NA,-201.0577020446252,PZ,-1.1996410105506168,-0.4100931564704052
-1.6330865024054164,NA,-203.56733704589627,PZ,-0.5657677688348172,-0.5480680812001221
-1.9281618944063466,NA,-202.898940126176,PZ,-0.49160791852681174,-0.5190830827218964
-1.523069128903623,NA,-201.41526694061463,PZ,-0.4347984733061699,-0.9498554509618322
-1.660134291979223,NA,-204.471979561687,PZ,-2.0006247767175713,-1.6353498618650735
-1.552859478797622,NA,-201.62503201583232,PZ,-1.5495611777043177,-0.20449764045361205
-1.6197923600301303,NA,-203.90114867087385,PZ,-1.3766238677632536,-0.18893280723197342
-1.522801221450901,NA,-202.07025768828245,PZ,-0.5104931346138217,-0.4561616833542917
-1.1978877687478047,NA,-207.6540486581981,PZ,-2.1373728372282272,-0.8156500833191588
-1.404426033132444,NA,-202.07049746760146,PZ,-1.520789216621352,-0.2689777371363109
-1.5948386622696462,NA,-203.50870912412947,PZ,-0.18519112155116496,-0.9101668803570586
-1.475678908301494,NA,-201.01114961700657,PZ,-0.5504390720091147,-1.2632830500364574
-1.372892582819485,NA,-203.0328525762939,PZ,-0.1891682647569876,-1.5474799998518582
-1.485933836882968,NA,-204.72363663960073,PZ,-1.1989889657463788,-0.42935662755986026
-1.6005634698275715,NA,-201.5620053333904,PZ,-1.2649255480244097,-0.6523437545257591
-1.557517669601077,NA,-203.169103171584,PZ,-0.2816638369975949,-0.8523980230481037
-1.615134712548805,NA,-203.01342009028596,PZ,-1.1790270133866392,-0.9190037044403707
-1.6099621465920864,NA,-203.89423650362315,PZ,-0.841672864234225,-0.21993598508533885
-1.5472700512568565,NA,-202.2470670320584,PZ,-1.0204399904000099,-0.8507018544299111
-1.6309625291441776,NA,-200.47896698047325,PZ,-1.1581088179537986,-0.7101911197761268
-1.5209748596247108,NA,-207.35970181650697,PZ,0.17602322219349734,-2.1342803325082054
-1.5356610707117793,NA,-200.55320936482343,PZ,-1.090239306843088,-0.6967242236271517
-1.6062103623848876,NA,-203.42121098945714,PZ,-0.468507652580872,-1.1903939922177482
-1.4367828263131717,NA,-204.06654915168832,PZ,-0.9971458853453571,-0.7335154045107789
-1.7050892648429745,NA,-202.230675529588,PZ,-2.1158170412887505,-0.5935909322587904
-1.5763105703822935,NA,-201.78934628657544,PZ,-0.5740951346427923,-1.0125903702655896
-1.3877160748783113,NA,-202.4244645586251,PZ,-0.7059104427544741,-1.0668492198389266
-1.410699815732532,NA,-204.2542787482999,PZ,-1.6857551005149713,-0.8399194026818346
-1.4237565104463377,NA,-205.0943935651473,PZ,-0.47305129866206563,-1.5644525074920308
-1.6260681175734637,NA,-201.56366395635763,PZ,-0.8784304745393968,-1.2194276090722085
-1.3092389447774233,NA,-207.1333479534773,PZ,-2.634368666647805,-1.5570689784194593
-1.6063269645247742,NA,-200.20278649966474,PZ,-1.5546925655358728,-0.64683944595505
-1.6019590387057219,NA,-200.97943441510762,PZ,-0.8332716125594897,-0.841801094072647
-1.6135190327158875,NA,-203.5344698210389,PZ,-0.9711085804421056,-0.007588953708803192
-1.4982074362253022,NA,-206.42030448312207,PZ,-1.7562302651931252,-0.08080979197958686
-1.3739696582412355,NA,-202.7732193121211,PZ,-1.2720936430122594,-0.7384809663406198
-1.502326869998659,NA,-199.57746491133753,PZ,-1.3314013898997485,-1.103927893617322
-1.6276276418703732,NA,-206.3635134140438,PZ,-0.8976622421257283,-0.8258923168257191
-1.5506632881660176,NA,-202.82875517479525,PZ,-1.6721127477060882,-0.7951142836883727
-1.8501826488748214,NA,-201.4103569623851,PZ,-1.7415598402441956,-0.2910006916795093
-1.6637198401938678,NA,-201.8547472946595,PZ,-1.169117670403083,-0.6126998445788396
-1.5531977462571025,NA,-202.54939361845936,PZ,-0.5347887294823566,-1.0978741866552615
-1.6085558439200072,NA,-201.63257616590022,PZ,-0.7021267391765144,-0.6607727890729522
-1.5201206954010362,NA,-201.28413180850134,PZ,-0.3664744844500124,-0.8579133254135676
-1.6665308219867765,NA,-203.22395692705504,PZ,-1.5995911089643537,-0.17985209400758373
-1.5981025652825043,NA,-202.96720429871013,PZ,-1.8088491515845466,-0.6887380907501464
-1.368813493367324,NA,-202.06142822431087,PZ,-1.321837822971265,-1.5288332441235768
-1.6490954232631037,NA,-201.2700897593841,PZ,-1.4926746676809581,-0.4884393521959559
-1.3277223547776533,NA,-201.1728284223375,PZ,-0.9050365583108844,-1.314942226836289
-1.4252911581355914,NA,-200.2367436437179,PZ,-1.4585064286639353,-0.9747778856142627
-1.3346720770041518,NA,-202.97812585324917,PZ,-0.9538349502674862,-0.9141770775970905
-1.646783983032589,NA,-204.79367328914296,PZ,-0.15848292557002264,-0.6050960769690004
-1.142083005556955,NA,-206.09130709988878,PZ,-1.4859024756597212,-0.7092726578334657
-1.2588417771825202,NA,-203.77919388655062,PZ,-2.0958585294591474,-0.8309288987801977
-1.4847689575140093,NA,-208.86791679380224,PZ,-1.835451603348067,0.5851937188643155
-1.7482939920070117,NA,-202.22241365860222,PZ,-1.080148912840015,-0.4598866664666481
-1.6052341155575456,NA,-203.68603195760429,PZ,-1.7623240743744608,-1.0572840707637223
-1.6233469932478917,NA,-203.7310810918668,PZ,-1.1204969330620007,-0.6590727969560138
-1.7792522951440317,NA,-207.79712346882195,PZ,-1.7485340151076663,-0.26361380442407617
-1.464640875336654,NA,-204.53532676283632,PZ,-1.260828496068584,-1.1316846142688894
-1.7893589400391199,NA,-206.08478028576744,PZ,-1.1122183446693132,-0.5505219339267277
-1.4103025454170643,NA,-207.11441672581054,PZ,-0.044953027898999465,-0.514258901786834
-1.7841070851249103,NA,-204.4264386253339,PZ,-1.2138737710494139,-1.0733562725769374
-1.5640721744960793,NA,-198.480709127635,PZ,-1.373680276386226,-0.7656030255454088
-1.5388560790644323,NA,-201.2166724325475,PZ,-1.507811210190949,-0.6342796735566223
-1.5244809750486223,NA,-200.8163113073652,PZ,-2.1151724820072664,-0.5977000125903941
-1.5699053494364656,NA,-203.9392216063181,PZ,-1.8950430048032894,-0.3148949214423809
-1.5812071882026564,NA,-201.03429244285996,PZ,-1.162614389120769,-0.630174923685016
-1.5717163705188208,NA,-201.18610648120958,PZ,-1.2567232139642746,-0.5393271685736186
-1.3781038900208498,NA,-201.48499921150415,PZ,-1.1125289985847002,-0.669266401957036
-1.6350024497574256,NA,-204.72859915750473,PZ,-1.1237372230793594,-0.9476488371559502
-1.2806151413561384,NA,-205.33531146102254,PZ,-0.9077639700651545,-0.6022058194702617
-1.5741752736687016,NA,-203.95635839906504,PZ,-0.9712831052265689,-1.2457348468575395
-1.7056323025057034,NA,-200.90684905335533,PZ,-0.8765052127099261,-0.956438319831774
-1.3670575045166462,NA,-204.2266257420574,PZ,-2.4374327158330815,-0.7006681765436222
-1.4407234724474767,NA,-204.83903374778777,PZ,-2.0886292111627776,-0.35073660742548585
-1.7130649723836386,NA,-203.35588627524768,PZ,-1.2207761663013474,-0.7876120666307014
-1.3111669474754806,NA,-205.0063070661541,PZ,-1.76000386797622,-0.06642511805487619
-1.6397681922707483,NA,-203.25009117106725,PZ,-0.27375626130894737,-0.411392082099438
-1.4579387240055666,NA,-199.47930120156107,PZ,-1.4013231559185995,-1.1798577788305848
-1.5729889869594782,NA,-207.13191382904765,PZ,-0.734905787105728,-0.37814730753268744
-1.545597577382117,NA,-203.48215191948805,PZ,-0.7997967755425015,-0.9362146303412493
-1.5233853586005415,NA,-199.53006846085148,PZ,-1.4475861123260059,-0.6824943076805385
-1.5247191556100803,NA,-201.57736970652815,PZ,-0.19732933829217658,-1.589725292515314
-1.4697955422518607,NA,-204.43544534319076,PZ,-1.0028352989044764,-1.3639465862764695
-1.7056770036800406,NA,-202.29323108764186,PZ,-0.9861598693566577,-0.28505148640763256
-1.401779850989578,NA,-198.60294337261323,PZ,-1.3304230577673801,-0.846753207252047
-1.5599700918009742,NA,-209.1145716002538,PZ,0.008291046777121225,-0.8455957151361291
-1.5953650289609886,NA,-207.18118282871447,PZ,-2.2015480345236194,-0.28609291177339063
-1.514612693840963,NA,-202.3307455968748,PZ,-1.6522749847467262,-0.543762684369082
-1.5199607661377026,NA,-201.12925362516614,PZ,-0.6784062777952826,-0.9968941329438501
-1.547526084785641,NA,-203.30906167821627,PZ,-0.8224676016553312,-0.9002775222853839
-1.4778862879623598,NA,-199.27945229734763,PZ,-0.310349256205538,-1.3379016464476594
-1.4998729176197272,NA,-200.40315850583292,PZ,-0.4653495847484045,-0.6684655030816955
-1.6244866211147797,NA,-199.0475402150577,PZ,-0.6419981649557897,-1.1454125141656237
-1.7436709332289386,NA,-201.3987090618827,PZ,-0.3793183402388819,-0.9316502418937772
-1.7417176865679778,NA,-202.78127009690118,PZ,-0.3881355107482929,-0.44241700694660835
-1.462440011463234,NA,-201.63509182000433,PZ,-1.8464240139537917,-0.7129337672821368
-1.679665390802272,NA,-203.34350309134368,PZ,-1.3463241534237653,-0.7205864569687596
-1.5285246715685425,NA,-202.14898029707314,PZ,-0.39964043576662767,-1.1963066849707202
-1.7576734110682302,NA,-202.70670536286997,PZ,-1.6877308495619179,-0.44535485390847557
-1.737267817765665,NA,-202.59412765803083,PZ,-0.786991244174627,-0.8016321164205216
-1.3782873334728125,NA,-199.7683778157269,PZ,-1.0787756806689428,-0.6343660529010146
-1.5962135730732783,NA,-205.7353961482982,PZ,-2.622676777596032,0.023368613889652622
-1.6087943858700513,NA,-208.951307472371,PZ,-2.3833751621761268,-0.7900875346050154
-1.5149806091146718,NA,-199.99949246151039,PZ,-0.513748805154614,-1.422487131990731
-1.6163100475690386,NA,-200.92638178550973,PZ,-0.7605855458824801,-0.8668218884433705
-1.3258464597785644,NA,-201.9337478198377,PZ,-1.0567548900748838,-1.045370315942758
-1.3660065821786038,NA,-199.18335618487208,PZ,-0.7661243460133917,-0.9633312663548983
-1.4304726415750417,NA,-199.8859902619494,PZ,-2.0243130718399716,-0.39246088689853315
-1.6683298629000718,NA,-203.55424704494965,PZ,-1.0551057893651479,-0.7195079567466556
-1.3986413351626008,NA,-203.902531263109,PZ,-1.6175717198110173,-0.8420647948137213
-1.6701377349612923,NA,-201.7328047105114,PZ,-2.3291767121753493,-0.6327724697689011
-1.3495461713340777,NA,-204.3562758459225,PZ,-1.0962017698418807,-0.44323005792033504
-1.74545394123782,NA,-200.7446619216605,PZ,-0.9908043395550401,-0.630146205819049
-1.5034888819516494,NA,-205.34421661302093,PZ,-2.5951998996046575,-0.7800140074110922
-1.5172660274019023,NA,-201.4095571348406,PZ,-1.4904396756833316,-0.5552712046565585
-1.500337844299828,NA,-205.3990680346484,PZ,-1.5190124461879073,-1.0504243825959412
-1.4036747255730937,NA,-204.40347404857437,PZ,-1.418954857570189,-0.6877141595498748
-1.5021310172651658,NA,-209.2948337712909,PZ,-0.6960061731708468,-0.9622043442475694
-1.634734786910319,NA,-198.23853427161714,PZ,-1.0700444658545178,-0.8242476149167974
-1.383056941092966,NA,-203.03743220047116,PZ,-0.9037754095358389,-1.2236336807462922
-1.6315942419051093,NA,-204.42492246330985,PZ,-1.0507348831600027,-0.8610677402723071
-1.4608785790542997,NA,-201.50722273539154,PZ,-1.3764368419672512,-0.6947934522979518
-1.539669696667672,NA,-206.79988664851945,PZ,-0.6277309140827565,-1.267588455466383
-1.4066131365011634,NA,-201.25201733196963,PZ,-1.4252527233006056,-1.0804686883276193
-1.4270193806790772,NA,-205.20763401663694,PZ,-0.5667264761772131,-0.8879593671205359
-1.54178316611909,NA,-204.70652674425065,PZ,-0.15591700436290834,-0.47132591382902767
-1.2663646805779385,NA,-201.21043860718265,PZ,-1.0409326197531148,-1.1922825536948052
-1.5930371042621727,NA,-202.3059868851994,PZ,-1.1848852944264188,-0.09425146847979542
-1.3378021363443708,NA,-200.1074295837088,PZ,-1.5021858110029744,-0.7542335650289939
-1.439426869744572,NA,-203.5770691520812,PZ,-2.6643640352067757,-0.4551380388126743
-1.6135862743050038,NA,-201.730874516567,PZ,-2.0132959280789393,-0.7820445969175
-1.711574331242653,NA,-204.17388568287055,PZ,-1.3340025038027565,-1.4240913512062177
-1.544659306799641,NA,-201.77867164850127,PZ,-0.11674246188696794,-0.8104948357422784
-1.5440727880027456,NA,-200.43791697426045,PZ,-0.4391968758300718,-0.925869467719098
-1.5268197733950601,NA,-199.0445593134953,PZ,-1.031316375086746,-1.2375486967901024
-1.5090363816237515,NA,-199.80216275641646,PZ,-0.8784598371059185,-0.5930237122982848
-1.5191202100573615,NA,-202.10146976741206,PZ,-0.9913565579787466,-0.3785907053582711
-1.3588790659569883,NA,-204.6205738552665,PZ,-0.9131272777617936,-0.9483556387770679
-1.4465636615920803,NA,-202.15170085099604,PZ,-0.8659228159805143,-1.0242968957153944
-1.4762365930552686,NA,-200.64472190073877,PZ,-0.6011351511697661,-1.101567581806098
-1.5988693217650523,NA,-203.32698560729776,PZ,-0.6680696439566823,-0.6504366856838648
-1.6409804973441102,NA,-201.9754484540722,PZ,-1.4104760871282316,-0.7821960717843195
-1.570722271939785,NA,-201.29955830737077,PZ,-1.9263091219061417,-0.4841169104648156
-1.5566673745453978,NA,-200.61339243143348,PZ,-1.5776892310110184,-0.4940906441837442
-1.5203048909048567,NA,-199.04872131624956,PZ,-1.3216357679358037,-0.5102807341398858
-1.3396373447612258,NA,-209.73621118986534,PZ,-1.3176768144970832,-0.7269725815895305
-1.2487793925657327,NA,-205.58838760999677,PZ,-1.3420930322163567,-1.0566106323397013
-1.5280748039829757,NA,-202.06347213259465,PZ,-1.3472205001521909,-0.9307354173487703
-1.6344311875890754,NA,-202.6757845055978,PZ,-1.4298797342926504,-0.7737825453963956
-1.3821276900595032,NA,-202.5021691881108,PZ,-1.9285838009584413,-0.3751277520745273
-1.5718961550885795,NA,-209.93717848099115,PZ,0.49598583128209284,-1.5887489618849768
-1.6769728996620394,NA,-203.81596684115183,PZ,-0.9016400766023324,-0.424531246613048
-1.4759829519475531,NA,-209.50011268531532,PZ,-1.6213340512138195,-0.33826662918855654
-1.6946503599531715,NA,-201.59924716728847,PZ,-0.683468289558984,-0.8501760201604289
-1.3345056314419586,NA,-203.95713869329825,PZ,-1.297610164450343,-0.8461800555313789
-1.4943720036666162,NA,-200.09854466324362,PZ,-0.8730735599274173,-0.9556490530858945
-1.466242130011634,NA,-201.83362620176874,PZ,-1.5029910485139444,-0.3032521667575904
-1.3502384161218748,NA,-203.04059051207332,PZ,-1.1416580558716016,-1.0208253974524304
-1.7754865652519143,NA,-203.20112587625195,PZ,-1.1920514065424674,-0.9001233419305011
-1.4326883383213542,NA,-199.78125972309869,PZ,-0.9460284206280649,-0.6470407326904897
-1.7240195063546464,NA,-202.72482060446168,PZ,-1.0855474403329732,-0.20705019964662297
-1.5393959343212869,NA,-203.49440702441802,PZ,-0.6162151833578957,-0.629564150561613
-1.4069473872864229,NA,-204.06104979818636,PZ,-1.556983331127241,-1.0004678947600245
-1.635951884938216,NA,-202.01025477706767,PZ,-0.29617087546802817,-0.8641474766753419
-1.7071078162496924,NA,-207.8694111523373,PZ,-0.22807920271192134,-0.312214052680246
-1.3191666191290023,NA,-202.3635117117406,PZ,-1.4355836756815434,-0.5163861660544875
-1.696072877631996,NA,-201.02461046235166,PZ,-1.1605887745516097,-0.515838738886617
-1.4492437877975843,NA,-202.0766354647683,PZ,-0.5542759942938049,-1.6727229887876656
-1.5222457830689475,NA,-200.42420537753173,PZ,-0.7553841101496719,-0.6495779063370777
-1.5539529692378562,NA,-204.758077486157,PZ,-0.22694718539665304,-0.9401695705056907
-1.6923710068138738,NA,-200.9463648756867,PZ,-0.45748344410168096,-0.7826845244819525
-1.504139373134799,NA,-202.30664261568137,PZ,-0.6203388119974164,-1.3147191160424156
-1.3581628126508667,NA,-199.89115876676453,PZ,-1.0012608940275156,-1.0783668988310895
-1.4100632455678017,NA,-202.2953106626464,PZ,-0.759751284791973,-1.2726735345358855
-1.4530975025509085,NA,-200.7540036181239,PZ,-1.054941730220294,-0.39672826432731745
-1.59488779937756,NA,-202.26277713739327,PZ,-1.6205935925012405,-0.5911439583028486
-1.7416786296026978,NA,-204.09434537923852,PZ,-0.4725009770115931,-0.5225041724891113
-1.5793638050149141,NA,-205.46826172377388,PZ,-0.9661938555859512,-0.6441645735812612
-1.6474817405817495,NA,-201.58345390842624,PZ,-1.152524686558116,-0.6427622545613957
-1.332430229058564,NA,-203.67549331936274,PZ,-0.9424001096171233,-0.43420470292890495
-1.568371803370754,NA,-201.5959263302739,PZ,-1.21715671939162,0.04591208611752107
-1.442481043181804,NA,-200.85507686452348,PZ,-1.0104019082235083,-0.610306860744358
-1.4801034589564908,NA,-203.58573919185145,PZ,-1.324308805477178,-1.4812663591816653
-1.803234553896884,NA,-203.01060932441723,PZ,-0.6265718667565565,-0.9216191506339287
-1.4646835613620945,NA,-202.1946313725842,PZ,-2.163870235752654,-1.0005662544054625
-1.546840727063458,NA,-203.37998175755783,PZ,-0.2859837051004655,-0.7973973994469041
-1.4950338913366836,NA,-201.32038768962792,PZ,-1.1552783895787002,-1.0305065252905985
-1.6102681556371683,NA,-203.7656059173382,PZ,-1.48002056772303,-0.09650940688972315
-1.434629516542888,NA,-209.70588809255702,PZ,-1.0520390381101081,-1.6347835158108532
-1.7511631933771827,NA,-200.84760020851576,PZ,-0.4235322435397266,-0.47457001787174435
-1.8593272118076105,NA,-206.61916396677967,PZ,-1.412184710427301,-1.1112340378008443
-1.7036504930656424,NA,-201.09871185097316,PZ,-1.5380841343944822,-0.9177068485989106
-1.4778522486999228,NA,-203.29974485808899,PZ,-0.929580895424567,-0.8556273038559862
-1.6647743624615363,NA,-203.55075963500852,PZ,-0.7149909138406976,-1.140631280447156
-1.4104904031968193,NA,-203.39862424464545,PZ,-0.6237318933129337,-1.072013215002525
-1.593262518882106,NA,-206.87862826738203,PZ,-1.7494361927131994,-1.179593054107324
-1.5522577898692247,NA,-201.00914440261315,PZ,-0.36430845623903985,-1.433307301890728
-1.6613513828850117,NA,-204.96290456425797,PZ,-1.7431385217671662,-0.45866382801751315
-1.4319348328569517,NA,-203.63372820291374,PZ,-1.3162642558486988,-1.2641730513567666
-1.8722638107444838,NA,-206.35256216210885,PZ,-0.9433393961554183,-0.9919379665177344
-1.4252393700953814,NA,-200.61454118322334,PZ,-1.0563028179766039,-1.1165066385285345
-1.5052122553131102,NA,-200.82092067306036,PZ,-0.7351795706519214,-0.9077412626279555
-1.7849026837819837,NA,-205.17149250339813,PZ,-1.0868146239309575,-0.26730681074659035
-1.608116265863564,NA,-202.68862023965937,PZ,-1.225113230386413,-0.25465552664481195
-1.6141088688818435,NA,-205.12866352291766,PZ,-1.2760254474758888,-0.8394905316772086
-1.524913910205316,NA,-203.7985087715421,PZ,-0.3332375510282469,-1.9273500008894908
-1.3635134549280865,NA,-205.88257566866366,PZ,-1.2978244883678736,-1.3622691520151071
-1.6316501457198362,NA,-199.39127172587453,PZ,-1.4449309181596726,-0.35298015092810003
-1.457117185263078,NA,-198.4434282417712,PZ,-1.1617898314902957,-0.8041927703920722
-1.737919059121517,NA,-199.01544440543896,PZ,-1.5375505613046092,-0.30201334643786537
-1.6679236661111387,NA,-201.05139378648605,PZ,-1.1993033359947352,-0.8001623083350519
-1.4879662758077985,NA,-201.6344909990065,PZ,-0.6616941087169879,-1.0242523517279845
-1.7761242314204604,NA,-207.04095884355357,PZ,-1.012282579103328,-0.03493949242373495
-1.776350139792464,NA,-203.29304501960516,PZ,-2.4389002644940336,-0.3763819352383442
-1.5771776611437167,NA,-200.22127157198994,PZ,-0.6075445993480093,-0.6113479587845674
-1.3875066404518603,NA,-204.70155284926943,PZ,-0.8966386433045213,-0.9401909527610532
-1.6280827902489732,NA,-199.7359904825962,PZ,-0.8092850910528454,-0.6875875410298119
-1.5996885692364444,NA,-199.55857469768623,PZ,-0.7410715542936881,-0.6056314069294956
-1.4560179683581507,NA,-201.15369062890733,PZ,-0.4712439097937532,-0.7145838704258891
-1.7226155347217953,NA,-203.17032987155417,PZ,-1.460329667842383,-0.25045244860674504
-1.4692411967972097,NA,-205.50133071791964,PZ,-1.9410458565000415,-1.0330861916453355
-1.6175893947014786,NA,-205.26238980901124,PZ,-1.6281937704045804,-0.004908789555146873
-1.287619421219765,NA,-204.67353550094782,PZ,-1.7399878657058365,-1.0828535757980249
-1.532090098764233,NA,-202.5359061318483,PZ,-0.9025633156800086,-0.9567972632321986
-1.5394221266034935,NA,-199.33141844656816,PZ,-1.44589087678554,-0.2709290392162955
-1.6858107682731343,NA,-202.02850263420365,PZ,-0.4121775489663184,-1.392844450069504
-1.7579876685764917,NA,-203.3422894847451,PZ,-0.23649072069225158,-0.9147187213883083
-1.3481995818930927,NA,-202.2423669595014,PZ,-0.31040449761537914,-1.5713036887534626
-1.5384709693552072,NA,-205.3778116385781,PZ,-1.0000498370205053,-1.014178971427493
-1.8012851059485866,NA,-201.33001729178736,PZ,-0.9485454365011903,-0.17086134438148873
-1.4591605293290733,NA,-201.21242732100237,PZ,-1.8808134538784977,-0.4682515184831941
-1.679015692155769,NA,-200.71370814794247,PZ,-1.2855698479330326,-0.23349914747218858
-1.520985612042135,NA,-204.1044988106995,PZ,-0.5824614004048149,-1.1784002560705609
-1.405403779943712,NA,-202.44616247869868,PZ,-1.123245413459438,-1.1100928991730141
-1.6317349428528785,NA,-201.73819070228978,PZ,-1.4872842920241607,-0.47485927710061293
-1.996844336065869,NA,-209.40765744241696,PZ,-0.605262972940972,-1.0595285389933249
-1.510186457183688,NA,-203.59450797638615,PZ,-1.4871820723335294,-0.20058759548996788
-1.4371637000790454,NA,-202.38184418369937,PZ,-1.6664600281588504,-0.6946375185606133
-1.5836135820503034,NA,-204.05132780914494,PZ,-1.3524617019549463,-0.37072792604630184
-1.5340393159477899,NA,-198.8755254845142,PZ,-1.560775335793648,-0.5317573109925356
-1.4584448458542285,NA,-207.78006686590533,PZ,-1.6199515182431472,-1.2392158337038706
-1.5615130858308979,NA,-201.63071570976268,PZ,-1.0845669088771372,-1.443244188121259
-1.2639220002226603,NA,-202.9739964344681,PZ,-0.8765644905083835,-1.0112365037527251
-1.5236718046272832,NA,-202.14454773199222,PZ,-1.0274109907383202,-0.9376914593158354
-1.2945166163639434,NA,-200.71907102383534,PZ,-1.8478826208191474,-0.9666004508465423
-1.669966310269173,NA,-200.4674679411267,PZ,-0.657226586798701,-0.8521559204363384
-1.3466908239802962,NA,-203.66183716247167,PZ,-0.6215019452755097,-1.259729350636893
-1.82537421293762,NA,-204.4555278552982,PZ,-0.5625238766467423,-0.8925604607763242
-1.5235566872361026,NA,-201.03883412958518,PZ,-1.3638328872313683,-0.5953562334111815
-1.598181751190374,NA,-204.06405090063433,PZ,-0.1516579174066634,-0.47657759988985665
-1.546191294547817,NA,-204.01724462878244,PZ,-0.11037908456314019,-1.32732616045281
-1.7991244264431003,NA,-204.88814264167576,PZ,-1.5060713573586852,-1.1453199372093323
-1.3821506427938923,NA,-206.65214860983104,PZ,-0.5882764536901632,-1.4553148677963006
-1.4821314529245855,NA,-202.76947589358625,PZ,-1.2544797550550755,-1.5515969763162807
-1.7451943273138968,NA,-201.06140209376449,PZ,-0.8285490739651226,-0.8223160512417951
-1.5783710944168277,NA,-202.7188675250533,PZ,-0.21657894685578846,-1.4251494908920497
-1.4593669082047729,NA,-200.01829654820708,PZ,-0.9888719275552884,-1.0877552416656902
-1.6658199136462208,NA,-200.15664952442313,PZ,-1.380581642752207,-0.2143738404975029
-1.7107230207866482,NA,-205.5105010209157,PZ,-1.3766254890999639,-1.056413477545204
-1.446618416808285,NA,-207.4299701443647,PZ,-0.2533975641219042,-2.37838640478539
-1.575324426629398,NA,-208.9272243053537,PZ,-1.7741382798436687,-1.1132708744634023
-1.3965302133189799,NA,-203.0170970781499,PZ,-0.4968160000844423,-0.7789093092076508
-1.5502000032102952,NA,-205.4281766486831,PZ,-2.592872826433452,0.004618816237584339
-1.3996778404306276,NA,-204.64559514231905,PZ,-0.9109025703894978,-0.6050928919634724
-1.4487578297105619,NA,-204.13197739107324,PZ,-1.6091208678425561,-1.6947761269284147
-1.5817708718115489,NA,-199.99971839316552,PZ,-0.550816253120714,-0.7747759833353475
-1.483477526096641,NA,-207.42865960931294,PZ,-2.5547976021708427,-0.8476322042298833
-1.7101994619591379,NA,-203.76439513794276,PZ,-1.357807531365475,-0.9372850183001508
-1.8500690420271044,NA,-206.92117959332433,PZ,-1.2947217381965292,0.08610354197082183
-1.7029738168002095,NA,-201.45877275847366,PZ,-1.9099155995942947,-0.5423920697634107
-1.6097772536835826,NA,-199.64792325718227,PZ,-0.7396316261027601,-0.8397065271914426
-1.172185570256084,NA,-206.98669015864326,PZ,-1.4382895128694488,-0.9893097948538905
-1.5243772536498914,NA,-201.0011297509056,PZ,-0.9394963393944915,-1.46471995223961
-1.5407522025369873,NA,-202.33656942916136,PZ,-2.4038653115915376,-0.6398552214378399
-1.6276202642296642,NA,-200.88312319710263,PZ,-1.6821070051939981,-0.539933642403084
-1.5590653331547455,NA,-210.7452581857168,PZ,0.6384082507992681,-1.3727859248809868
-1.602504350734323,NA,-205.19190561172084,PZ,-0.41047956597145024,-1.0661433983018713
-1.3290490399897452,NA,-202.66800788495968,PZ,-0.4375470148589782,-1.4305223293389995
-1.4718392300908396,NA,-200.89952498847327,PZ,-1.4121618172126937,-0.9335251106166425
-1.6253493644625154,NA,-201.4711354777919,PZ,-1.9667803270475464,-0.4971300912064627
-1.6328638380245477,NA,-206.44410977013627,PZ,-1.8181334619972582,-1.237466119976297
-1.8099551947783337,NA,-205.54693457509606,PZ,-1.7402320971339775,0.16643225982588924
-1.7493373128847955,NA,-205.33479975248673,PZ,-1.9243850316443476,-1.1901048604180453
-1.7694352861417002,NA,-201.47553175878699,PZ,-0.7602933840695955,-0.6017850135801588
-1.7012867738443722,NA,-204.81012690399967,PZ,-1.9000583080262743,-1.095738996939715
-1.3226089836208192,NA,-203.5599131068561,PZ,-1.6645091851647176,-0.9230880523729861
-1.8553208566052493,NA,-206.36084607005773,PZ,-1.112141583409895,-0.603076266741537
-1.6179535141897994,NA,-208.25155848395153,PZ,-2.197972654096018,0.04414605034120392
-1.7444000662931605,NA,-204.73656420619824,PZ,-1.2225095020462975,-1.0017998769323484
-1.6235884847580895,NA,-205.08055053698735,PZ,-0.3943122120829715,-1.107851546349476
-1.5478963790769356,NA,-203.2260863693427,PZ,-0.8230877446731842,-0.4455909675461887
-1.3132415435050868,NA,-206.13426169166559,PZ,-1.0789646311239136,-0.5291392067842936
-1.3214462876159092,NA,-204.6827853939318,PZ,-1.3074840585353222,-1.3784405396641364
-1.6614446425629834,NA,-199.61617881339495,PZ,-1.2438430674480103,-0.86978600522653
-1.3737652425405937,NA,-205.90910328795889,PZ,-0.738667246508619,-1.5534373888142434
-1.4993752962519789,NA,-199.8012616318945,PZ,-1.5816626618095082,-0.5996870487165997
-1.2226008069454402,NA,-206.29879213628112,PZ,-0.2361344830550774,-0.6385140629791843
-1.641308081436338,NA,-207.99612103680454,PZ,-1.8043870140392704,-0.4531432608126946
-1.3815247921924547,NA,-200.46154012692122,PZ,-1.2079376410607034,-1.2513626781528626
-1.5455865856554913,NA,-206.40014903529715,PZ,-1.6947796666256303,-0.2998189861510543
-1.4383253535112908,NA,-202.59114907393763,PZ,-2.2728584591193908,-0.42545545444788524
-1.6939273919743594,NA,-206.87416692969154,PZ,-1.662232131056168,-0.3882819674601978
-1.458940964636167,NA,-198.9073353164211,PZ,-1.0212506625983964,-0.6890450603985648
-1.5836152499441425,NA,-203.58581927550244,PZ,-0.6424905515510745,-1.0369226206579885
-1.4374094139540892,NA,-199.490229619769,PZ,-1.0698963604921357,-0.5193548743924942
-1.6191657429678399,NA,-202.30524559158914,PZ,-0.8021035651495445,-0.923230723894084
-1.4240401961532587,NA,-202.12750789442788,PZ,-1.820768547620276,-0.9658284786843245
-1.8118900695092914,NA,-202.79728431418877,PZ,-1.0586484793595257,-0.5029637862307665
-1.6463672574885595,NA,-203.24838912195275,PZ,-0.08881780138797324,-0.8228628724423503
-1.6120693633901992,NA,-203.8502613502841,PZ,-0.5068231892988636,-0.3897564060374336
-1.5104684277621356,NA,-201.62952830868224,PZ,-2.0102105634696557,-0.9174423777146474
-1.4972532546757842,NA,-203.3893612719122,PZ,-1.8088561194205677,-0.8348757172355727
-1.4406369090653806,NA,-201.8248125605323,PZ,-0.0029240540231290635,-1.6119069238384967
-1.5475522804237536,NA,-203.07037115181706,PZ,-0.8509671933720181,-1.1402282172871665
-1.5368730887883866,NA,-202.12623982327446,PZ,-1.7164663476680366,-0.7001870420299093
-1.6747310403080526,NA,-200.80703042229965,PZ,-0.5715060110692113,-0.5262212043628649
-1.6251270763257222,NA,-203.2353736747571,PZ,-1.3082681420243145,-0.9567927939415899
-1.6956489064929523,NA,-202.36116174261207,PZ,-0.8276670054338809,-0.8952431057999363
-1.5149707201638145,NA,-199.44389799346882,PZ,-1.610622448856984,-0.25287020862854304
-1.3167649787876257,NA,-207.19321836389204,PZ,-1.335318017853227,-0.5424292135667801
-1.3993425011438225,NA,-201.84538993219388,PZ,-1.8955598181384543,-0.5459672437090641
-1.538367726199121,NA,-202.94621976736215,PZ,-1.1782577224140272,-0.5846649786360004
-1.5617584119867478,NA,-202.2882174180071,PZ,-2.371562720357143,-0.2728053430787799
-1.5624183559358755,NA,-202.0926444614673,PZ,-0.8244799079904004,-0.7533561718919686
-1.4762799323337614,NA,-203.36668089276168,PZ,-0.58536992558135,-0.6669346185027608
-1.7036933937371048,NA,-200.8487486886659,PZ,-1.1239238935119096,0.0365290504152217
-1.3257863184094456,NA,-203.59238337290174,PZ,-1.1952990245105763,-0.948011606926987
-1.6386228349719625,NA,-200.4408600482399,PZ,-1.0754326429016534,-0.2314280455881098
-1.384230533354295,NA,-204.15907944947776,PZ,-1.0157627434287784,-0.14786546697400094
-1.7449892918737646,NA,-200.34243925251909,PZ,-1.2642469460710666,-0.4593561109765233
-1.567822746178494,NA,-202.86569906771712,PZ,-0.4231859201453655,-0.6249439803631416
-1.6669550571192848,NA,-203.33023990336528,PZ,-0.6207179839223584,-1.0641810661153146
-1.7650546833905707,NA,-203.3446204139163,PZ,-1.3505293078755891,-0.335851545530661
-1.4677592746517154,NA,-206.35277995296497,PZ,-0.28674376978448113,-1.7979626382120248
-1.4722704853416089,NA,-207.02732656051725,PZ,-1.953322651971301,0.05922716549448673
-1.566020150012068,NA,-208.26807175092094,PZ,-1.299047626300514,-0.5532419028630136
-1.669988320442488,NA,-198.89574650423833,PZ,-0.9983534146342589,-0.47307439518872685
-1.674656750585924,NA,-205.3358045735103,PZ,-1.2137059977648121,-0.41030184692053284
-1.3924244652640547,NA,-202.51091439808508,PZ,-0.320341593011029,-0.8511417961529559
-1.5867397414936792,NA,-203.60895232569771,PZ,-1.7296091433139178,-0.41783468062145296
-1.474205800120764,NA,-205.39042614629543,PZ,-1.5846026120480285,-1.2817771154572233
-1.4000380025934869,NA,-202.1677946071278,PZ,-1.1736709610875016,-0.43907088349363965
-1.350840214620614,NA,-203.39911737602182,PZ,-1.7564830863571914,-0.22450346817768002
-1.66135692870972,NA,-203.82092156762633,PZ,-1.327878230843511,-0.21944989776110624
-1.3593991794331644,NA,-202.12556047020516,PZ,-1.4477281357896992,-0.8432383784335864
-1.6585627984291533,NA,-206.47808836030356,PZ,-1.1082640773738015,-0.21124329746425372
-1.2197568099071192,NA,-204.64775945898134,PZ,-1.6467037368324806,-1.346255173936204
-1.972976421141049,NA,-205.5310919286436,PZ,-0.9128644427146855,-0.223233049482358
-1.5402303137645585,NA,-203.11717947853157,PZ,-0.5241139215683093,-0.8138081914644207
-1.4865291138250967,NA,-203.7075605509124,PZ,-1.953136602276335,-0.6239266719819951
-1.1898446870995398,NA,-203.2345169743815,PZ,-1.5678858816468266,-0.5972972483508003
-1.6366842899604517,NA,-204.89289345404146,PZ,-2.285314171381428,-0.6851905248210254
-1.5939755060070682,NA,-202.02918586316403,PZ,-1.2924726189831086,-0.6881106598162101
-1.257639983383378,NA,-204.62829574646472,PZ,-1.7565423648018352,-0.9412813334620865
-1.2764713526786022,NA,-203.711016943643,PZ,-1.3088921724619964,-1.056416712655907
-1.851051672652762,NA,-205.85190392905625,PZ,-0.9214624526461411,-0.23562243970396496
-1.5653683139477625,NA,-205.11294212073526,PZ,-2.567817613058601,-0.9866435334905569
-1.4990195580294552,NA,-206.51933982739283,PZ,-0.8941683957065764,-0.35721458012227286
-1.728978443089573,NA,-206.49348484433287,PZ,-1.2723153422141855,-0.041205593071299396
-1.589037897235994,NA,-203.73161151784794,PZ,-2.7474764375480905,-0.19806106732293932
-1.5986217534627194,NA,-205.27816300912025,PZ,-0.6549677823579205,0.014105728966378201
-1.2749748459248396,NA,-203.0668315919712,PZ,-0.7937673577455533,-0.9865548662441852
-1.8416417866300885,NA,-205.5645977384927,PZ,-0.8483582332993043,-0.6150842240343283
-1.7170721231460244,NA,-203.5732062799999,PZ,-2.0797593817645432,0.09626731077076375
-1.4485973246577217,NA,-204.35104200699297,PZ,-0.5472124292474012,-0.8003644613160609
-1.6666374841057898,NA,-204.02456144138665,PZ,-1.9124506011336269,-0.08584310307031193
-1.408315086175768,NA,-202.42542660057666,PZ,-1.6632611365531738,0.037499501034711835
-1.451019836550749,NA,-206.26981042844088,PZ,-0.7422862152183335,-0.5369125011822506
-1.6216654845416731,NA,-203.92403457577856,PZ,-0.9658773415151158,-0.8406739491961395
-1.4312841089886357,NA,-199.8170100976673,PZ,-0.9897233262506242,-0.8513360162820209
-1.5999686957576997,NA,-203.45693645682707,PZ,-0.1133776505365196,-1.4897911405461084
-1.5076156515562376,NA,-201.29315302822914,PZ,-1.4489597979386393,-0.35009789661979546
-1.2303255406650302,NA,-200.91387701183356,PZ,-1.0893155380803135,-1.2100053948387968
-1.5254948250450824,NA,-205.9756766684569,PZ,-0.5822990152351407,-0.2517487333861129
-1.5789074026202259,NA,-203.93947085373682,PZ,-1.1903196766760091,-0.6349808600700393
-1.5218505053249405,NA,-199.60330022559327,PZ,-0.8242766655972423,-0.28945488312583934
-1.5700150807490278,NA,-203.08539069105314,PZ,-2.365641554778925,-0.3230820495257243
-1.35364015149052,NA,-200.1123944062138,PZ,-1.2159107333994381,-0.6541020388273528
-1.4788846645040703,NA,-202.4776781820093,PZ,-0.24131691963291196,-1.593171049312721
-1.2689316211434385,NA,-203.72889401934762,PZ,-1.0113027435664936,-0.9662366358973271
-1.557752716788537,NA,-200.63049895240303,PZ,-0.7944852306778944,-0.39224573930466106
-1.3548864146558888,NA,-203.41226090576328,PZ,-0.7220856436464163,-1.328392089749112
-1.3345192772477508,NA,-205.20459073486316,PZ,-1.7455896517456952,-1.2866213538885847
-1.5981506534248748,NA,-201.12682218240596,PZ,-1.8964326001106537,-0.8568617033942117
-1.5061835689326804,NA,-201.30728493989497,PZ,-2.0280376822779305,-0.6893644010345324
-1.6631532189016718,NA,-200.6260316089042,PZ,-1.3278202352570128,-0.6761857570185117
-1.665414793249635,NA,-204.81516460138664,PZ,-2.740474999116989,-0.3801856094281567
-1.531621927027705,NA,-200.29480528679318,PZ,-1.6359321092251966,-0.26861949407719804
-1.6711484930070881,NA,-206.06851698728005,PZ,-1.4008749470179582,-1.2303666809086304
-1.6366379539992808,NA,-205.48479313446296,PZ,-0.6118704662099566,-1.0643621962365102
-1.5835571503444836,NA,-209.9213275673378,PZ,-1.2712088900636282,-1.1885987650392837
-1.5534213911288433,NA,-202.20303391785268,PZ,-1.6164900119012602,-1.3742497477623106
-1.5489007703132553,NA,-202.4063072970701,PZ,-1.0753227856460776,-1.3128731501069026
-1.6421150537281268,NA,-205.94224085509165,PZ,-0.9195842676742634,-0.1736010385974784
-1.4084016948156846,NA,-202.44225339897216,PZ,-1.6044871510488987,-0.333583665938836
-1.5987187920785215,NA,-200.66321167390097,PZ,-0.8302220535982745,-1.2001305020987876
-1.6511901718965902,NA,-203.56153744143845,PZ,-1.9285092693903498,-0.477095290443628
-1.7272555361831405,NA,-204.76135557193336,PZ,-0.18286859918493506,-0.9537382590411986
-1.2200727209444169,NA,-205.6844581811649,PZ,-1.625406630623232,-0.7655901872103856
-1.5675562621947225,NA,-202.50762568248908,PZ,-0.8941213517325383,-0.5013243912120731
-1.8870010341038375,NA,-202.69965809706233,PZ,-1.4867215441076373,-0.654736248180992
-1.5169678659848997,NA,-202.97627173046868,PZ,-1.6830828744440205,-0.7802515424554473
-1.7338363795207656,NA,-209.9217529174697,PZ,-1.801453766136304,-0.8654546844313689
-1.671387657158005,NA,-202.69415276625173,PZ,-1.2906216562763555,-0.6868408884325354
-1.6367606947383968,NA,-201.57533338376015,PZ,-0.6602376822653928,-0.9087959524011505
-1.402953106336576,NA,-206.25129170045847,PZ,-1.790827431828189,-0.7048918201691253
-1.4411939543090428,NA,-202.4806189957541,PZ,-1.438959093270782,-0.35168475921188536
-1.4419600105296513,NA,-204.73878840561497,PZ,-0.722132550481117,-0.4829227507334724
-1.36160573641349,NA,-203.15777422385176,PZ,-1.3365671561960144,-1.307770749191197
-1.358716163994305,NA,-203.80806833853487,PZ,-0.6595318691426761,-1.1789499762305378
-1.301930057434766,NA,-202.34508622780913,PZ,-0.8373592421860214,-1.0776688781659656
-1.672462333282242,NA,-200.02671100755623,PZ,-0.9513744390196243,-0.25327486007564404
-1.5622985956492161,NA,-203.86821112927993,PZ,-1.4713988366666693,-0.3877891619711521
-1.711463556816393,NA,-203.0263464706875,PZ,-1.643637737785051,-1.0410340979291706
-1.6950188130691002,NA,-203.25964177266772,PZ,-1.5469057920377929,-0.5043496190508507
-1.5595525761574005,NA,-201.09168089806474,PZ,-1.0632567533048403,-0.3006588879908737
-1.5054042330947577,NA,-201.85589520791257,PZ,-1.2107608937980638,-0.763949305284952
-1.4094620752866684,NA,-204.17418156463202,PZ,-0.6878830215666881,-1.4754819184264105
-1.6476780118700531,NA,-205.72610865282115,PZ,-1.7986826419494233,-1.0338681599783437
-1.3062753785977588,NA,-201.64820180805316,PZ,-1.5619743036447797,-0.9730051378016491
-1.7166634040134712,NA,-201.51741252187108,PZ,-2.039634155436722,-0.31406108208380024
-1.5814096707168743,NA,-199.72856852028633,PZ,-0.5952482038025609,-0.6313843801957925
-1.3612444674985518,NA,-200.8740583337885,PZ,-0.6838318593620322,-0.6928870680567445
-1.4854284178604067,NA,-202.58145650403947,PZ,-1.1374797860074772,-0.5655323441197726
-1.1825610833137488,NA,-203.44494872944693,PZ,-0.39190782590439843,-1.3226336282500228
-1.5964345819913488,NA,-206.8541946884952,PZ,-0.5227136392454175,-1.043607957839474
-1.6334977290146304,NA,-202.36389395313478,PZ,-1.3013760181548821,-0.8634174372129033
-1.6077144049073802,NA,-202.58834920842452,PZ,-0.8344982109717473,-0.7456842429254106
-1.6992201428182274,NA,-204.00559782086174,PZ,-1.343922648262118,-1.2456212181067143
-1.8404990760980762,NA,-203.90968304818665,PZ,-0.9466660650518623,-0.4227635091582038
-1.7249228087655746,NA,-202.7150905555567,PZ,-0.20379998141436861,-0.9863015172656939
-1.6325249594047349,NA,-203.60641072527568,PZ,-2.231314423711504,-1.079314093672555
-1.5235191360038671,NA,-204.6478766527189,PZ,-1.5846702442193688,-1.1628734493142712
-1.4755230106386499,NA,-206.27567913085213,PZ,0.0012377202623121003,-1.4930091314665788
-1.3380739028714814,NA,-204.15898470928826,PZ,-1.5166783230355707,-0.8132113794486775
-1.4546886959149397,NA,-201.93103008838477,PZ,-0.7179341536393574,-0.7078178342256485
-1.5255479929262958,NA,-198.90565784635766,PZ,-1.427383121303285,-0.33215331579414403
-1.578396074306429,NA,-204.1339154754602,PZ,-2.362350804966779,-0.7089581088561641
-1.6355993177851949,NA,-203.82051917175647,PZ,-2.2448812588840243,-0.39916521407288375
-1.5218748796421244,NA,-201.16749760481238,PZ,-0.4956539689996856,-1.0476099168341555
-1.4069639546576926,NA,-203.20439799201907,PZ,-0.4161880454161777,-1.1116803324248552
-1.8879134075803155,NA,-206.226021700509,PZ,-1.2095378803970323,0.028256238052017615
-1.5308533939041848,NA,-200.26944987214716,PZ,-1.2353251760105353,-1.170054811185447
-1.518358063030578,NA,-204.18498012480399,PZ,0.15784077987013642,-0.747224996424249
-1.5264739680944235,NA,-202.76279636031254,PZ,-2.379076982127145,-0.4617257051875834
-1.566379696240223,NA,-201.58233897513054,PZ,-0.7817106868634806,-0.9758431784892672
-1.5644703899023624,NA,-201.68145252783145,PZ,-0.49687886887006155,-0.43919089706558956
-1.8088174163890514,NA,-206.0057588146669,PZ,-0.264972640397127,-0.5943833664584732
-1.3417741592599213,NA,-200.9140032194243,PZ,-0.5729987671876466,-1.162429936240672
-1.6579027032704012,NA,-209.7907600169538,PZ,-0.8249510690143974,-1.1236618722971288
-1.5059297340752904,NA,-207.42187122155067,PZ,-2.084213892023071,-0.7735148610991541
-1.5351284871105182,NA,-202.47119163547444,PZ,-1.1279565255072128,-0.23659998803573384
-1.6763064896373678,NA,-201.06226974107133,PZ,-0.7534599938845066,-0.11822775820147358
-1.4748082495110426,NA,-201.125812836391,PZ,-0.7342971110022628,-1.2698796470192908
-1.5803703798898292,NA,-204.28737741219962,PZ,-1.242122022819419,-1.1451519336667897
-1.4603826102661377,NA,-200.64303455038288,PZ,-1.3838217997684923,-0.5936949319719049
-1.5057261633201853,NA,-205.33387027464727,PZ,-0.6960254259216161,-0.7469696808925598
-1.586705442701853,NA,-201.1792212722132,PZ,-0.9355163020684212,-0.7429815489247189
-1.6728263495169762,NA,-200.5099063358956,PZ,-0.6041804422569145,-0.852481477664226
-1.3358494157556622,NA,-206.1393168303065,PZ,-0.3360081003458259,-1.467608863717975
-1.6766213815560416,NA,-204.32123130162364,PZ,-0.7937609382320335,-0.33517345176670366
-1.6240867995925397,NA,-201.05084081327502,PZ,-0.7779037497205391,-0.8514717405866669
-1.6331905797020463,NA,-208.42207752521557,PZ,-0.06906708981162857,-1.3496902830623054
-1.4081293302345539,NA,-204.21652449288467,PZ,-1.3636919481014576,-1.0048701381199479
-1.9119714404325074,NA,-206.1282380923416,PZ,-1.3971150846319456,-0.11621679958243883
-1.4784999105536059,NA,-203.4514784918687,PZ,-0.5291118739170799,-0.5781745772688682
-1.5809698922455906,NA,-201.8282997342535,PZ,-0.837627127126757,-0.3952333832848467
-1.5928670780609024,NA,-204.94770132975418,PZ,-1.6999938586538867,-0.6376825170991626
-1.6114563856684434,NA,-204.53493767972785,PZ,-1.046252853313988,-0.47264275488663327
-1.5539517201852864,NA,-201.66822179405673,PZ,-1.3244959088819883,-1.3416017341989082
-1.6434097665009488,NA,-201.95885131317957,PZ,-1.723105930563603,-0.7912317097818022
-1.3815154146952313,NA,-203.8181437531647,PZ,-2.164757774560191,-0.4964803663138252
-1.5451410367279586,NA,-204.0360747020211,PZ,-0.7156995355933339,-1.942774370728766
-1.5666656033355877,NA,-202.99824766485185,PZ,-0.8980958063690324,-0.6642934465355135
-1.6320987864559533,NA,-201.68544440833864,PZ,-0.27275275055500425,-0.913478289905229
-1.613033627101251,NA,-202.16899333971813,PZ,-1.69341155968155,-0.7525449972528864
-1.4846289544255356,NA,-210.41978253003586,PZ,-1.3177525926204405,-1.598795640192844
-1.4346498295592536,NA,-204.72356479507795,PZ,-0.3955926199760051,-1.3923551098968188
-1.5663247934824944,NA,-202.65133201667868,PZ,-0.9651744532889566,-1.2170002239116
-1.6048578919602172,NA,-201.60238718356015,PZ,-1.2956381716056602,-0.5562977229128729
-1.641682371709268,NA,-200.68714658363655,PZ,-1.3421492148046394,0.028007923208430152
-1.8309467932799792,NA,-204.1759205681932,PZ,-0.2872590311196725,-1.2836782322065936
-1.6088574205384298,NA,-205.15339560658182,PZ,-0.7369111573960457,-1.3473350724382391
-1.6133995476456846,NA,-204.25180214898592,PZ,-0.2765942716206109,-1.4330773702221642
-1.6460002218471954,NA,-198.78211958327316,PZ,-1.4418464385528669,-0.3062639716579188
-1.5166278457164963,NA,-201.98637455327608,PZ,-1.3974820554975906,-1.2134473657365867
-1.5774337061966464,NA,-201.53907260105333,PZ,-1.3669748032129108,-0.8061305130685489
-1.473197996304002,NA,-201.9730621792211,PZ,-1.7874448727225662,-0.19081578272084637
-1.5219617156450367,NA,-203.42396752048433,PZ,-1.8307730109323894,-0.513354592663767
-1.6148458348040524,NA,-203.21131725462718,PZ,-0.681029360039427,-0.9086281884526545
-1.4577182583978647,NA,-205.48751463047458,PZ,-1.263225116511973,-0.4404228650674078
-1.6372848004108522,NA,-204.8341798128645,PZ,-0.3178491760971709,-1.133357789021496
-1.5372927325466341,NA,-202.47138645251437,PZ,-1.7737274249067914,-0.4330629844620447
-1.3512954723172073,NA,-203.8632539061419,PZ,-0.9057895022252953,-0.1686950237418306
-1.6392660198509128,NA,-207.0438050635862,PZ,-2.3915671612057325,-0.38593622310259207
-1.5036880677095714,NA,-201.15110359333158,PZ,-1.2538963883508356,-0.28262696374087254
-1.41713955335831,NA,-202.5358670754066,PZ,-1.258858216016292,-0.9604232454091017
-1.5784000018770055,NA,-205.36717921153686,PZ,-2.294547026751382,-0.2948924987068011
-1.5398281805417546,NA,-206.61388186681341,PZ,-0.8024635770541381,-1.4479382046525997
-1.4762224721257498,NA,-200.19855071131033,PZ,-0.9034803324850603,-0.8018026537348907
-1.6272376450058015,NA,-198.8859188658713,PZ,-1.3498283290876898,-0.35719203436896074
-1.4288341636258364,NA,-201.9180493040679,PZ,-1.655386677138899,-0.7395166160131399
-1.575848830986333,NA,-202.4287206439237,PZ,-0.7323671098109849,-1.5026356368167615
-1.5370335222239917,NA,-207.02927071318985,PZ,-1.209824812988129,-0.8705331779802007
-1.470871301230169,NA,-203.1791787339447,PZ,-1.8066296334134762,0.02301479657815017
-1.631043905337801,NA,-201.98389978688942,PZ,-1.1587773362120277,-0.5829844855802531
-1.7666731676560015,NA,-203.2949059449929,PZ,-1.091168261979747,-0.341784095882432
-1.4627995946626147,NA,-202.71854728372358,PZ,-1.1282837044447525,-0.6535919574210038
-1.4473806470513833,NA,-200.03054029221713,PZ,-1.7630584766886916,-0.4555914139739966
-1.4821265719700172,NA,-200.13227565641023,PZ,-0.7032332158015879,-0.6174453706468728
-1.7567571741015746,NA,-199.43056978189122,PZ,-0.9450165696325665,-0.8894482211150894
-1.653069598718676,NA,-204.36695766794048,PZ,0.007179809965032813,-1.081423423459871
-1.6166239328514658,NA,-207.13125983681445,PZ,-1.2557382187363333,-1.3894522423290487
-1.4657210084346657,NA,-201.17820180490835,PZ,-0.779898551659106,-1.4577451782996105
-1.287179046927891,NA,-204.5880330389618,PZ,-0.5783180278240595,-1.7602283069504274
-1.6373016840392605,NA,-205.84753382647636,PZ,-0.9057025176469671,-0.4431015401248136
-1.535880269333567,NA,-200.30385060803846,PZ,-1.2315762975541344,-0.6446464140136627
-1.2269508744696078,NA,-200.7933822272848,PZ,-0.7308828285215765,-1.2950644458123448
-1.8053169150334205,NA,-201.04997027610096,PZ,-1.1313241852849136,-0.24441296271952967
-1.302215850328851,NA,-206.7957487365781,PZ,-0.009864162135180418,-1.0807464039638326
-1.5908729940384543,NA,-206.7117256931367,PZ,-1.93328682501929,-0.5472179795628669
-1.7794568790920022,NA,-201.94390772421278,PZ,-1.116718892653316,0.019982189458947808
-1.4710836981695836,NA,-203.64182629487047,PZ,-0.3646036232064549,-1.0025750959569015
-1.5713370172628789,NA,-208.4030292125457,PZ,-1.3685120823298271,-0.36606660374712163
-1.6106033756633071,NA,-201.375515038561,PZ,-0.9216692603230437,-0.46389530288184766
-1.6413662491998713,NA,-208.24653682466945,PZ,-2.1982422285739385,0.02758509627225897
-1.8041392795880866,NA,-203.1919700496106,PZ,-0.9825225598196569,-0.44791680465433115
-1.314410381870999,NA,-202.43552915272525,PZ,-2.1010570071334773,-1.0923964774592163
-1.5393213465647106,NA,-207.8972395502287,PZ,-1.0826211538740846,-0.6960180173794761
-1.6775698518676725,NA,-206.7004170144088,PZ,-2.0213345637633617,-0.15031457407803095
-1.4731090606749946,NA,-203.43230534127625,PZ,-0.9422816406433001,-0.5703961226318647
-1.2927300620807203,NA,-203.22480265006243,PZ,-1.1053783460083837,-1.2108310341024398
-1.684980777119091,NA,-199.18692673247554,PZ,-1.102748800144687,-0.24971330895857116
-1.5068822973297236,NA,-202.72197290171664,PZ,-0.10994008999197785,-1.2248986661623211
-1.6278750582324832,NA,-202.1403960823577,PZ,-1.0950460146169945,-0.5430130526698418
-1.3208493334023212,NA,-199.48836444027526,PZ,-1.2390536761421744,-0.9165116930642518
-1.4380536019135453,NA,-200.85503368444873,PZ,-0.6666016718310914,-0.448326861391355
-1.496895787227882,NA,-202.8945908248219,PZ,-1.3453059385861974,-0.5802092394176575
-1.8257430745139884,NA,-203.76721630582497,PZ,-0.9243410403575267,-0.6814185180389161
-1.6939360534398225,NA,-205.88426252767488,PZ,-1.5968787647461624,0.08807836150035087
-1.5691429242041182,NA,-204.4181207978323,PZ,-1.0397344145055785,-0.5536926332547462
-1.484517016257244,NA,-203.52382200253751,PZ,-0.23383860742864704,-0.9913440419166772
-1.6800635485963071,NA,-200.29759527097704,PZ,-0.9552884266467887,-0.8629035915705513
-1.5850552339432042,NA,-208.3966243110818,PZ,-2.9374335436515286,-1.0663433245588438
-1.4118447398400686,NA,-203.45675878883995,PZ,-1.7130586027365107,-0.759268178238423
-1.6998163662833587,NA,-202.9172676293226,PZ,-0.6737386008708568,-0.1064639774879777
-1.8237884194800698,NA,-201.38074618152487,PZ,-1.3954795599019651,-0.17292726230940658
-1.6147215741235867,NA,-208.31666108495594,PZ,0.2598427634772544,-2.1950960519351126
-1.3864544288007676,NA,-206.97452664008168,PZ,-0.8451619393332693,-1.015473421438628
-1.6472326673048396,NA,-203.58650160375143,PZ,-1.7295278825565206,-0.751260822349026
-1.5490332861301694,NA,-204.03587272308695,PZ,-1.522104673549257,-0.3797495767841697
-1.577563425312773,NA,-204.43937961199902,PZ,-0.8988228756085574,-1.1119253833367595
-1.753378141810637,NA,-203.47701889146083,PZ,-1.0715735587722817,-0.15640826195919638
-1.7777472514957084,NA,-202.97426553483402,PZ,-1.2192934387908148,-0.01294491763008368
-1.4591532953542645,NA,-203.4336438298412,PZ,-1.2111850690287587,-0.2195625412131807
-1.4975784326565822,NA,-208.01882907918971,PZ,-0.6493221991695329,-1.3653936372160589
-1.5975754445226873,NA,-203.11714529148023,PZ,-0.6263027206928641,-0.9612644327965046
-1.6643618063556802,NA,-205.18265756876713,PZ,-1.1881663083806033,-1.5721619696416793
-1.7528301773261634,NA,-199.90597491005866,PZ,-0.703454743188721,-0.8018776407029078
-1.6790961379122853,NA,-201.23690250797756,PZ,-0.5875098225686315,-0.8224997407039516
-1.4349165732460754,NA,-201.7753437022764,PZ,-1.631023135960367,-1.2946071343439973
-1.6140607678895538,NA,-200.88007544783846,PZ,-0.9011445563707796,-0.7279292108256546
-1.6156897255088551,NA,-200.65445522821898,PZ,-1.017222957505383,-0.5728225881919725
-1.526596886886987,NA,-203.805489422115,PZ,-0.7349796993427213,-0.9280286286447316
-1.47772555893013,NA,-203.21950504406234,PZ,-0.17517137494182922,-0.944678680249793
-1.9004071247402952,NA,-204.62666704384233,PZ,-1.0780446109332171,-0.27345774595170425
-1.5878231060354013,NA,-205.0031291977544,PZ,-1.6529742997831425,-0.10568424610368993
-1.4769316758907798,NA,-208.5194142151537,PZ,-0.5346772801185826,-2.022857787215735
-1.584395145330651,NA,-202.0755930329035,PZ,-0.7553022915356832,-1.4317701958819782
-1.1850336856761692,NA,-204.27827165034202,PZ,-1.193549299759004,-0.7008707668538718
-1.624220576320422,NA,-204.2321452912221,PZ,-1.731428206435061,-0.37976327644462743
-1.4451684970357002,NA,-201.6732533051806,PZ,-1.713653550695009,-0.9909890460527994
-1.4195813942714142,NA,-203.68577088405218,PZ,-0.3962330275142832,-1.1161868476899546
-1.436007387876753,NA,-202.02748301095468,PZ,-1.9358199281998494,-1.3151957442306934
-1.354993666510426,NA,-203.3505572484046,PZ,-0.4484806051274288,-0.5760874628006127
-1.5465047063365016,NA,-203.00452322535827,PZ,-1.023702553954746,-0.7506885642767005
-1.4769596156297757,NA,-201.971332784909,PZ,-1.643542413236031,-0.35815738924920565
-1.4073483224664687,NA,-199.7322256427978,PZ,-0.8961132318866263,-0.5600714405675973
-1.6694950283694474,NA,-202.17491943121033,PZ,-0.7178549464924915,-0.6148498046552315
-1.5630408793443795,NA,-202.63271144506527,PZ,-1.4997508022629287,-1.0363487063856431
-1.610645577119854,NA,-202.5529268773201,PZ,-1.464185037492882,-0.4560154154830434
-1.4774894010729085,NA,-202.1186228126212,PZ,-0.2826439937815234,-1.8250323001701627
-1.3916167435785418,NA,-201.38971189895884,PZ,-2.5199100805357912,-0.5291810097490935
-1.5111809696919867,NA,-202.4988130331584,PZ,-1.0513663203711856,-1.0043177760393316
-1.3632790874514988,NA,-201.27401613515343,PZ,-2.0055566592717597,-0.39700208998281766
-1.42265294518485,NA,-202.3687446509996,PZ,-1.1852608902113446,-1.143629578847031
-1.5072823564557747,NA,-200.45694348690134,PZ,-1.02001773263127,-0.7028803579019145
-1.6122600294130158,NA,-198.9205619949509,PZ,-0.9707092729498468,-0.34955127435656574
-1.8902581048384146,NA,-204.00291365596402,PZ,-0.9918639992961095,-0.33725394872922565
-1.2094962602157149,NA,-202.53920996294977,PZ,-1.4180984460100434,-0.8213056661281046
-1.5991790202628589,NA,-200.7228578726371,PZ,-1.1839362759777288,-0.34249203147944085
-1.90436535970355,NA,-205.01136644739847,PZ,-0.6981773557602451,-0.7649922332367342
-1.6736656901367828,NA,-205.62658077717515,PZ,-0.8893224036807587,-0.9282885043145157
-1.4226584308242463,NA,-198.04443201094273,PZ,-1.559513178591725,-0.8375121147201
-1.5229692273847881,NA,-202.27957374352258,PZ,-0.9555149974641814,-0.5179915974173441
-1.7062835453672158,NA,-204.60720367141755,PZ,-1.609661600105354,-0.5283141354680935
-1.4767085728918492,NA,-203.813289725538,PZ,-1.7075487489785313,-0.47510680484962825
-1.6718669471875007,NA,-203.55190478690767,PZ,-1.8779319751380705,-0.5989639180331391
-1.402897573618751,NA,-207.98370859787212,PZ,-1.3183329587133632,-0.8053774081657654
-1.3987579541088577,NA,-206.0812810722366,PZ,-1.840737918776788,-0.7237020424320119
-1.4565722859836292,NA,-203.82743694041525,PZ,-0.019176433361283884,-1.493776051405098
-1.7299265282016025,NA,-203.36135964692576,PZ,-0.8105455636936881,-1.1028458269374857
-1.7715687830940505,NA,-204.04774536956117,PZ,-0.7032725557806272,-0.24206757903472087
-1.210993191401847,NA,-202.8792993861582,PZ,-0.5760919869688509,-1.8899918366840536
-1.2880508264441395,NA,-204.25209142596037,PZ,-1.257039004534441,-0.9609117202407855
-1.5836334922658795,NA,-202.53884002801573,PZ,-1.840739053730182,-0.5267073964263497
-1.721198002223335,NA,-203.10460118134034,PZ,-1.7437056486602491,-0.31071394858297
-1.6878815247348764,NA,-204.43806643195987,PZ,-1.0270633997283758,-0.8713230444187083
-1.882600205279883,NA,-203.6087104352771,PZ,-1.6199547132620524,-0.09340374792185069
-1.721473221590665,NA,-200.98315276788279,PZ,-1.2288451366405186,-0.8129656157075458
-1.3656722097965377,NA,-202.59410478449888,PZ,-0.8659261529266261,-1.0972335929741468
-1.0802281817289325,NA,-207.6954498925699,PZ,-1.978792198913129,-0.9394798628266152
-1.5426236428765971,NA,-206.08449381935156,PZ,-2.2858562584720277,-0.09497113352453486
-1.5208538779662453,NA,-201.5261420273958,PZ,-1.785177515128928,-0.09530940574776113
-1.4434848888953358,NA,-201.81094581959206,PZ,-0.18925138512604012,-1.3812842256691016
-1.713395204035496,NA,-201.02644508642913,PZ,-1.6063816558846171,-0.480246275828017
-1.8140237773301524,NA,-204.82037941766015,PZ,-0.3735191138096253,-0.9374616178696986
-1.772219685563147,NA,-202.22536828757237,PZ,-0.6906208339393972,-0.4123793734944055
-1.2277822368336866,NA,-207.48841328789473,PZ,-2.6447652692522805,-0.907183749121435
-1.4759864781168661,NA,-207.19270268013037,PZ,-1.023554620688158,-0.811416402523624
-1.6106513085515752,NA,-207.96514452121534,PZ,-2.3648773317886334,0.11270661407595281
-1.6330807249147488,NA,-202.65612957455218,PZ,-0.6759182718887838,-0.7968345181721013
-1.6295331893651432,NA,-202.334102169064,PZ,-0.5125871191534108,-0.40882442933878027
-1.3874985513409428,NA,-201.61139824983198,PZ,-0.8066476524907242,-0.7890368904362413
-1.388585052401296,NA,-199.80350969284189,PZ,-0.7637291039695518,-1.2037055820302356
-1.726187269631423,NA,-204.43162071514683,PZ,-1.7570471950618691,-0.7752732317301785
-1.5217686780116757,NA,-200.83520740017903,PZ,-0.2391020214821904,-1.3105914419003684
-1.9238635615851851,NA,-205.9855794654791,PZ,-0.9880056787088857,-0.49637498504774247
-1.5399892329921627,NA,-200.9682252581492,PZ,-1.2931009280733616,-0.9088687049650898
-1.3555047891209184,NA,-208.76120899141978,PZ,-1.7870955933379986,-0.5880859672811548
-1.4870730773599925,NA,-207.59556175535184,PZ,-2.2491194102878933,-0.7096004068867192
-1.37489805532431,NA,-200.24136094445396,PZ,-1.6695356251406177,-0.6321736400294
-1.6620956500643067,NA,-200.14912855493276,PZ,-1.0134064861084513,-0.10627175010105702
-1.5265937891790151,NA,-201.47224150909693,PZ,-1.8160678549116998,-0.765921480753811
-1.4084734568314958,NA,-202.12920096705741,PZ,-0.6002190485257712,-0.9954675433346672
-1.736530749106551,NA,-201.7933285544568,PZ,-1.5510098235981922,-0.5523963432704821
-1.1061610402850823,NA,-209.66822333339147,PZ,-2.3503078992449913,-0.5068535617784813
-1.4762513764302974,NA,-203.28944636966213,PZ,-1.4910137279176008,-0.6269352682897629
-1.7997049192957097,NA,-204.2532446098307,PZ,-1.8518350006320796,-0.9553734696580117
-1.5441214119297637,NA,-203.35701867920716,PZ,-1.5377743642129857,-0.7855388424080374
-1.6880159304737938,NA,-203.31679359000717,PZ,-0.7578766966909304,-0.9070045359866311
-1.7023329258534698,NA,-200.69462963653723,PZ,-0.6805501020498421,-0.7931966244110111
-1.3071273595764186,NA,-202.17353553998882,PZ,-0.9150086253706639,-1.1856838274486217
-1.4866005805345126,NA,-203.18043640419708,PZ,-0.7326104070983409,-1.0547237856997773
-1.7418187849205875,NA,-206.43795443046878,PZ,-2.829074427433403,-0.9966765466328037
-1.5781334579540536,NA,-203.70114287161348,PZ,-1.1864984063647332,-0.8229673692358419
-1.5135827205443508,NA,-205.66797353039559,PZ,-0.9649414205284232,-1.4144600655813129
-1.3540312688009541,NA,-200.12180014495203,PZ,-1.4535077511579324,-0.26381779704306646
-1.5748682421362834,NA,-208.43785961271496,PZ,-1.1668361543313046,-0.7292910469273699
-1.5867686369743965,NA,-200.14842736904583,PZ,-0.9706878477003302,-0.5022302272631374
-1.5939503943339104,NA,-207.87759601491962,PZ,-2.2888168219752174,-0.7687321961405333
-1.694299178256704,NA,-207.63929590750757,PZ,-0.8625643740214465,-0.8473944333447225
-1.5241558713122745,NA,-204.58699074852103,PZ,-1.5531468902073862,-0.22995584501210534
-1.6149594908304863,NA,-202.93510560674935,PZ,-0.20209041295198674,-1.3098215645073952
-1.6323992554823985,NA,-204.721189791726,PZ,-0.5927630195295055,-0.6810087847018357
-1.3969932072199274,NA,-205.8736486114053,PZ,-0.5740722907537679,-0.5389315098474925
-1.6243263630892513,NA,-201.45795437002116,PZ,-1.2489171117286721,-1.1932375919613747
-1.759727846702266,NA,-203.70916074502736,PZ,-1.193789431979037,-0.5485852888763839
-1.6068672083737243,NA,-200.48539830683617,PZ,-1.3464342910591611,-0.7835358441357284
-1.4986770086369532,NA,-201.4320753481299,PZ,-1.5643688341992619,-0.3245311264237014
-1.7028172895340186,NA,-206.64181822167112,PZ,-1.3071146595974759,-0.689868644185412
-1.5163344023850298,NA,-203.11601606544693,PZ,-1.2185477811615746,-0.9137801852637829
-1.7418833338306505,NA,-203.77334651521272,PZ,-1.8989376984197281,-0.2655090455212514
-1.2807939500378478,NA,-202.26310939667678,PZ,-0.43114454840286964,-1.4072493670743085
-1.5550754835699754,NA,-204.13557368416912,PZ,-0.6983859439323437,-1.43690341969788
-1.6384449100340315,NA,-206.00677880450579,PZ,-1.035243243441854,-0.6757228230325554
-1.6311314183890806,NA,-203.5042511746022,PZ,-2.2864793879373018,-0.5520343468298761
-1.57996507890377,NA,-200.6292927454085,PZ,-1.1100659456377353,-0.08672085993232262
-1.7003708511701539,NA,-202.8179391250121,PZ,-1.757788734249162,-1.1056888148916126
-1.4753415466142181,NA,-201.30724612539615,PZ,-1.1087506189406529,-0.6876862961394281
-1.6326600459922174,NA,-201.32587633180793,PZ,-1.5121093772722214,-0.7059535343420278
-1.7709224470262552,NA,-201.49970042650668,PZ,-1.7339154281458269,-0.34575792149383844
-1.3383163314088804,NA,-206.23074376949478,PZ,-0.4058656286571172,-0.9781666606883
-1.731228318406825,NA,-200.54597708885726,PZ,-1.4761110752886009,-0.6502869449757491
-1.6790232416142419,NA,-204.32904257904303,PZ,-0.6212199271300541,-0.6986896857383683
-1.3807887396556906,NA,-204.5394179889508,PZ,-0.43612593761289514,-0.8779542247480095
-1.5913769498349724,NA,-202.17539144979864,PZ,-1.7117142073259437,-0.3005240935065172
-1.5016817970578227,NA,-200.3739466142128,PZ,-1.58339086009875,-0.6444285381976149
-1.5762452541547758,NA,-203.89116011966368,PZ,-0.6406515651970532,-0.4951619576985683
-1.4513460258369482,NA,-200.04941005669426,PZ,-0.8564039479907744,-0.8557411578257881
-1.8245977770260402,NA,-203.7018172063862,PZ,-1.2222739424824158,-0.06945377716583354
-1.26916683905942,NA,-202.8868384182194,PZ,-1.44952729104046,-0.48890901101925627
-1.4930243385917137,NA,-199.70523203682822,PZ,-2.0279317008327995,-0.23960276415880052
-1.591064257207605,NA,-203.54740709931718,PZ,-0.6501380160879472,-0.8310215797033063
-1.3867470741091295,NA,-201.3446900582299,PZ,-0.8441127241140436,-0.5845741327963009
-1.5939035213198043,NA,-205.02944108175993,PZ,-1.5265004109687426,-1.4023162678956729
-1.4047819306248384,NA,-202.57360321136662,PZ,-2.0775384523561904,-0.7447304304218851
-1.570495015229924,NA,-200.21172619589086,PZ,-0.7982728833527116,-0.47461452798849774
-1.4350308464338075,NA,-204.8149290551296,PZ,-0.9932174102608708,-0.9883041990871594
-1.4528342025182182,NA,-203.32397510199942,PZ,-1.448872729312252,-0.6539767666645631
-1.4061287417664021,NA,-205.73305087164795,PZ,-1.9152080383223047,-1.2166197898284064
-1.3208504568143171,NA,-201.4042793654921,PZ,-1.8913010588127677,-0.540678220796307
-1.3879032349122014,NA,-204.5053722552131,PZ,-1.601078426338028,-0.7091679483968651
-1.4821664541269022,NA,-203.4952438491608,PZ,-2.6479565192510357,-0.12022690336475556
-1.4328867918139816,NA,-202.3085626123116,PZ,-0.5925821679205003,-1.602951179131525
-1.3789593697568956,NA,-202.2870077577553,PZ,-0.7970401197399969,-0.738031078393984
-1.584901611783475,NA,-214.03237186669404,PZ,-1.2478705259592178,0.3186857300522988
-1.5469585141131106,NA,-202.90728565153688,PZ,0.024536933211936868,-1.1999888803870176
-1.5349610380886842,NA,-198.03398231906849,PZ,-0.9865903497799342,-0.6783090180092085
-1.5091400132630948,NA,-200.3416452793811,PZ,-0.8202871450073563,-0.7098008985914717
-1.557811790654518,NA,-201.1225328078056,PZ,-1.485178972225495,-0.9340682597005034
-1.4541793519459674,NA,-203.3200601356656,PZ,-1.5479390610748878,-0.8475493716344178
-1.492671461836839,NA,-202.24447940927345,PZ,-1.0547672596970326,-0.6560129427855176
-1.3985899554771342,NA,-202.02552566086533,PZ,-0.47014404843416346,-1.2829124197875306
-1.4858438633470403,NA,-201.99329640887223,PZ,-1.6365219689298545,-0.46400742897882363
-1.5284814241901026,NA,-200.17782404394475,PZ,-1.5638786556513447,-0.35440357407113277
-1.653681414711008,NA,-205.876273569919,PZ,-0.23694412807271756,-1.1504520848379798
-1.4395478371569665,NA,-203.09964550847116,PZ,-1.9863380116982743,-0.4463683774629039
-1.8739863290660514,NA,-202.3881143449855,PZ,-0.5116695718332467,-0.6269731128116964
-1.3488047421373892,NA,-201.10784263983587,PZ,-0.4833504474421997,-0.8410400202909711
-1.7644263072832123,NA,-203.69827524465032,PZ,-0.5630405782936081,-0.780350009319471
-1.3918007544978972,NA,-204.10977876936826,PZ,-0.18557055037740544,-1.33404516364617
-1.5629365858821482,NA,-200.16130861756514,PZ,-1.8006983206929332,-0.5866774123816303
-1.6650631987024205,NA,-208.8868139504877,PZ,-1.4414213695638454,-0.2314710120052221
-1.6741884723661187,NA,-204.0174233968096,PZ,-0.8895428842169661,-0.7628265882279338
-1.3818608324542279,NA,-204.61682942479973,PZ,-0.9792862146808523,-0.741231515719468
-1.6024839470198347,NA,-203.3581717093997,PZ,-1.8366205270511085,-0.01950438088379358
-1.2841958471054498,NA,-203.827456513166,PZ,-0.9674996595508705,-1.0192291467042385
-1.5801755878649975,NA,-200.18275569936011,PZ,-0.3547398359844335,-0.8664100194456087
-1.5442111332607769,NA,-204.09819422455718,PZ,-2.89409951876823,-0.21368433708206003
-1.3282162791750554,NA,-203.71687842799992,PZ,0.3121842069625133,-1.330729312316341
-1.604488464698405,NA,-202.27363896355237,PZ,-1.6289030566274807,-0.10111710901019189
-1.8538585412131743,NA,-201.12984408050212,PZ,-1.538766763302056,0.09106885135602635
-1.6111975488656893,NA,-200.79265318394175,PZ,-0.36205251072720357,-1.1554802015272134
-1.4620576200770046,NA,-200.06687852725742,PZ,-1.6856059600549225,-0.7026079034959887
-1.4432543274577132,NA,-201.0127147042614,PZ,-1.6049532757593927,-0.6144811160272964
-1.5542630204760455,NA,-202.25897899955174,PZ,-1.3275629870573589,-0.48928704180672306
-1.7558721149082852,NA,-205.06781190962874,PZ,-0.5549675615402775,7.983018616189441e-4
-1.6199843944327381,NA,-203.78981321857705,PZ,-0.855810506417882,-0.8530325776026728
-1.5324640697768077,NA,-203.4086214043351,PZ,-1.129130805569697,-0.9486773247383158
-1.5542251381667171,NA,-203.85205247279208,PZ,-0.5978487572325132,-0.8495636949726062
-2.073023932527485,NA,-205.2189619566241,PZ,-0.8983050895286888,-0.27214209663977745
-1.572521308488514,NA,-202.64932980019418,PZ,-0.6812635358748127,-0.9384056393699302
-1.7331774526450252,NA,-199.82559676555016,PZ,-0.9262213167252227,-0.9841712441369928
-1.5222542115438267,NA,-199.3898067230048,PZ,-1.1380546581587012,-0.8656456542513262
-1.3238689880695156,NA,-206.9778820878728,PZ,-1.5610584318935363,-0.244659186748706
-1.3525144951569943,NA,-205.37531290675798,PZ,-1.1461280013876696,-0.714412785326468
-1.262602968692301,NA,-203.988587237548,PZ,-0.7511662982273265,-1.5121753021757536
-1.2837464369611051,NA,-202.38491623862316,PZ,-1.3861665528413882,-0.733004927502565
-1.7216826344928748,NA,-202.57965212537712,PZ,-0.6900585888888159,-0.3154033097847449
-1.5411281347059356,NA,-210.1275564109214,PZ,-1.0203442088916814,-0.48537483106461804
-1.4436906482078222,NA,-202.4903953184089,PZ,-0.47685492566087606,-1.3016930654635375
-1.7055546092442815,NA,-204.38778351690743,PZ,-0.8393224978746604,-1.8243250245122098
-1.582179995864492,NA,-200.034866440445,PZ,-0.8274195797453563,-0.8393596805008725
-1.5757481085113323,NA,-203.64324873926387,PZ,-0.9396170604583979,-1.0815886848375378
-1.6405531728700526,NA,-203.51400083561677,PZ,-1.078128689158699,-1.1208474441064102
-1.266545524062352,NA,-202.19953273709643,PZ,-1.0709608735204694,-1.087641849649053
-1.4992890118933928,NA,-205.49487932922779,PZ,-0.4559708683461665,-0.21902246430409367
-1.4434131088218618,NA,-204.00297008321093,PZ,-0.6126072150488605,-0.9175949807602618
-1.7711725859601744,NA,-203.63759956458284,PZ,-1.180452597320776,-0.3256055861016821
-1.6475068131936017,NA,-202.98865917068244,PZ,-1.361690658265354,-0.8735103981666816
-1.5698560689110619,NA,-204.2553009729973,PZ,-2.0999074154569923,0.09145149470099279
-1.5963163745767623,NA,-198.75077753488816,PZ,-0.9268292111839227,-0.6672431850745395
-1.7453201281746575,NA,-204.2070685377038,PZ,-1.9821509417989662,-0.5578503276182039
-1.6582049102234555,NA,-204.1680357181386,PZ,-1.94473231186585,-0.15137463396965406
-1.571291799673357,NA,-206.64505256541366,PZ,-0.9261581741877385,-1.2759740612412303
-1.6958938833064756,NA,-202.95138867963743,PZ,-0.01219653765298534,-1.42123874470783
-1.663892216370182,NA,-199.3203416316403,PZ,-1.1015646348629313,-0.5528360928644194
-1.4802575788894647,NA,-199.8731741954725,PZ,-0.8569048295493189,-0.9356460443717309
-1.619561318559149,NA,-199.67298850816476,PZ,-0.4937296687461188,-0.944221633866737
-1.2476990232803147,NA,-202.52623927652124,PZ,-0.5234256842659561,-1.415673043040646
-1.4841361743255364,NA,-200.44562856566344,PZ,-1.2681655361172957,-0.42002640897570565
-1.7301347208756168,NA,-204.8110593139041,PZ,-0.6465857984279952,-1.2217360565658157
-1.6856298612108018,NA,-204.1446039608988,PZ,-2.368186345318991,-0.35072483445557157
-1.2852230121537782,NA,-207.79645665769218,PZ,-0.8995367503225355,-1.3440193623008179
-1.6312268034907995,NA,-202.27869960260298,PZ,-0.6982262965536135,-0.2996261928321494
-1.6729057127593405,NA,-200.46433113160566,PZ,-0.49686869243231446,-0.44582486042196606
-1.4864613825761077,NA,-203.45962642617187,PZ,-1.64514504093297,-0.5759174844230124
-1.4756095957220041,NA,-203.69922912197376,PZ,-1.9059720874710298,-0.276651180061437
-1.6827607625858167,NA,-201.45386147997976,PZ,-1.2828441802081196,-0.15003874911858134
-1.5209421515419896,NA,-202.44740457646188,PZ,-0.7742249534217285,-0.4278960366558209
-1.3131251426536947,NA,-201.3063730301281,PZ,-0.5502306618199884,-1.1492488956439308
-1.367644374124008,NA,-201.2322508995186,PZ,-1.3318933263648802,-0.9581553943361594
-1.3908724035937292,NA,-203.69995676076013,PZ,0.24934973579102435,-1.2411008265842494
-1.3470167401054234,NA,-201.0598809128228,PZ,-1.0642312043735562,-1.3758753427285555
-1.5702950581026394,NA,-203.4782442747049,PZ,-1.4449109742990778,-0.6533854110798856
-1.6578277733358815,NA,-201.54674421244755,PZ,-1.7845660567664052,-0.4435310842786987
-1.5222472033646852,NA,-203.07971746883558,PZ,-2.039497386659723,-0.17956577361857268
-1.4348605636797072,NA,-199.98238481566912,PZ,-1.4189148238739142,-0.7705541817316391
-1.4984183956122563,NA,-204.74077140735503,PZ,-1.572310368989684,-0.38122742569528956
-1.5533577408840544,NA,-202.03487148823828,PZ,-1.1233906820355777,-1.0699515510059199
-1.534740910169784,NA,-205.05184074472388,PZ,-1.3850120886918247,-0.9954260594043793
-1.7906990042703015,NA,-208.97000578899608,PZ,-1.0529471654470948,-0.0025695487892178626
-1.314613857780792,NA,-204.1488478947492,PZ,-1.135111224375306,-1.2677776137203605
-1.6672428817750578,NA,-204.91341820262318,PZ,-2.2071931261407096,-0.1725429953031254
-1.709712839791226,NA,-200.86566269054143,PZ,-0.6335374006515098,-0.6182331561489827
-1.5097398993558315,NA,-204.99121834951958,PZ,-1.3920297617361175,-0.9179765712924106
-1.3737849706079357,NA,-201.98483266064358,PZ,-0.9283839679491646,-1.3346255409071461
-1.6311858634402228,NA,-205.9835749706427,PZ,-1.134166294953135,-0.6234243617899992
-1.4046601613313001,NA,-201.59281811025005,PZ,-0.842547421427444,-0.9048684386879768
-1.6339853688569836,NA,-199.02868508675047,PZ,-0.9982880508127551,-0.6815270343991391
-1.7531613546900209,NA,-199.6703455791278,PZ,-1.1621210256122918,-0.9644669895036835
-1.4443297301402187,NA,-202.06986512112348,PZ,-1.4763623625719626,-0.085444765646391
-1.771965598715684,NA,-204.287819087209,PZ,-1.1916575457582579,-0.4777843702179685
-1.5761212909425057,NA,-201.4063427546113,PZ,-1.6336039835809233,-1.3155323720448329
-1.6818977762486598,NA,-211.00519957973557,PZ,-1.8815536214980955,-1.085818034148656
-1.8379363224372316,NA,-201.91611116588368,PZ,-0.7205922484254741,-0.3472525614281441
-1.561122832580855,NA,-204.20253132842328,PZ,-1.6125441119528814,-0.044297541784238365
-1.5190684222402477,NA,-205.70448383808224,PZ,-0.23159801751880882,-0.9507453864165532
-1.6793407675705303,NA,-205.06416756726708,PZ,-0.6520086207738822,-0.9487058649449756
-1.830067594227302,NA,-206.62789496172155,PZ,-1.1400463013630833,-0.22505884070060622
-1.5151757061989055,NA,-200.5704002933981,PZ,-1.4140002064568122,-0.6147228479700493
-1.5499034436606618,NA,-202.0782244859226,PZ,-1.7145387223123039,-0.03555572166276962
-1.7175914907881837,NA,-200.37264712742797,PZ,-1.82473127340128,-0.6050326491446916
-1.6627378989221524,NA,-201.75769963898802,PZ,-0.8903442510997579,-0.7110603956555506
-1.3395122152383587,NA,-199.6343571941331,PZ,-0.8129165196661594,-0.9638511038637906
-1.5740142541037452,NA,-203.6024385202715,PZ,-0.9294288453714197,-0.40518577565742875
-1.4407808711967667,NA,-198.70489880273306,PZ,-0.8419866562738909,-1.15566248108346
-1.524212693295694,NA,-202.44266783213968,PZ,-1.7787962717482084,-0.6703049778391426
-1.4121960641122395,NA,-201.85680546037366,PZ,-0.47013733553815434,-1.3253554225879545
-1.8171323623472797,NA,-202.81437602728266,PZ,-0.982447327982088,-0.5029221255242668
-1.7142318385234165,NA,-199.85312192375835,PZ,-1.6175836934056622,-0.5419335539992505
-1.5342569753762696,NA,-202.55283239517286,PZ,-0.8537135479657472,-0.8140196832936065
-1.4914177519510328,NA,-203.94260811983622,PZ,-1.9919438398263904,-0.8209768008363758
-1.6929424950784968,NA,-207.10578595881293,PZ,-0.10860338469593483,-1.2960040144478753
-1.5000766380841444,NA,-199.99459591922854,PZ,-1.6416561873952205,-1.0962043189004733
-1.6634585347951236,NA,-201.18406513332226,PZ,-1.04356610551259,-0.3689289942754039
-1.4768924111582635,NA,-202.72808215527715,PZ,-1.6597895940558653,-0.5063317632552022
-1.5666998770238354,NA,-211.85888750996168,PZ,-0.7851388180624206,-1.3341172512486736
-1.3910978593531769,NA,-204.94824707559187,PZ,-0.17638492404177372,-1.4682721823000842
-1.6104581062100476,NA,-202.38640845729208,PZ,-1.1787681970157762,-0.18916996613229356
-1.4449774625521952,NA,-201.78958065979583,PZ,-0.7203659970257722,-1.2936112249270872
-1.4624395776743664,NA,-201.8955779678731,PZ,-0.5480740351431402,-1.409936341441372
-1.8428857601643307,NA,-205.05829996946417,PZ,-1.9508003930510538,-0.2761284191776101
-1.4657839872262588,NA,-202.23825435725405,PZ,-1.2659873101418877,-0.3084670735632311
-1.5838591189645763,NA,-201.24530309021455,PZ,-0.7622495176382936,-1.2902938618246318
-1.4644907010664294,NA,-202.77156526857237,PZ,-0.9062227277743896,-1.3817313413939065
-1.608165180559852,NA,-201.10004929567864,PZ,-0.08084696660545895,-1.084694058201665
-1.5360969342315323,NA,-199.22476918756718,PZ,-1.2415852588710026,-0.6253541398975444
-1.606962119352247,NA,-201.23098100036603,PZ,-1.6251569979737683,-0.6135426858742323
-1.5498092576544433,NA,-203.25049937600872,PZ,-1.0030957537141716,-0.5041149710552167
-1.7429016717835666,NA,-199.9339322179339,PZ,-0.6726120254208081,-0.8280726832989816
-1.830220403453194,NA,-204.97661018103477,PZ,-1.4366060791682866,-0.43272974518812
-1.4529212334745838,NA,-204.17174545978855,PZ,-0.7007204325941445,-0.8777086071086813
-1.508481775401052,NA,-202.6641791360054,PZ,0.4130720537474595,-0.9620529498333144
-1.595119056964341,NA,-205.7754138699389,PZ,-1.2896767595937275,-0.8290466994042399
-1.9069057379797894,NA,-205.8003037454412,PZ,-2.173438240668088,-0.4703129305269702
-1.625583394825333,NA,-202.24697872187713,PZ,-0.4735347147041616,-0.6208275167990032
-1.4882847896308244,NA,-201.8106845904821,PZ,-0.8689200724209436,-1.5286229380027463
-1.6167253292655437,NA,-200.04625920907841,PZ,-0.5450782999909897,-0.7072077156023113
-1.7351677102333747,NA,-203.0698480865558,PZ,-1.0454142798033481,-0.16636751397973748
-1.4655439228471578,NA,-203.86950868050664,PZ,-0.8668610502401084,-0.9865311129122851
-1.7007819936159727,NA,-200.48026530000664,PZ,-1.2056018109924969,-0.746497814581611
-1.487605149630381,NA,-198.87141468636497,PZ,-1.5339921353543957,-0.6437280222963039
-1.319621359982135,NA,-201.97296326987052,PZ,-0.8594836658016535,-0.900593194525979
-1.528076562665821,NA,-200.8832306962853,PZ,-0.3445085322385422,-1.1958478524102603
-1.6749255751204468,NA,-206.83555918246046,PZ,-0.7325133400961342,-0.7065086092758195
-1.3713628109685094,NA,-206.97208197136592,PZ,-0.189239219716545,-1.8366459214103772
-1.6998039438246761,NA,-202.78109182557776,PZ,-0.9982180953363824,-1.0650847614097898
-1.6918666649083884,NA,-206.8975511830296,PZ,-1.1685682037561063,-0.5506226341642628
-1.6365415825219285,NA,-206.20824527963285,PZ,-1.5037897247686387,-0.23053165837010356
-1.6514557233601994,NA,-201.86620412654736,PZ,-1.8363860057734882,0.04198581946694413
-1.55902619553811,NA,-202.44953846023145,PZ,-0.6520102455135237,-1.2003407947813058
-1.5836012977849259,NA,-201.61851421815385,PZ,-0.8742336975453061,-0.8651833076096407
-1.3210194159360122,NA,-202.235002969261,PZ,-0.6229670626018898,-1.1981521717030716
-1.5340909231683502,NA,-200.43785593205786,PZ,-1.8805692192573398,-0.22062229634737068
-1.5289603263143479,NA,-202.8126465152143,PZ,-0.07548443730461993,-1.3936813722367425
-1.4116206522732142,NA,-202.27955977684857,PZ,-1.6373990125359414,-0.8519675339981574
-1.736962196629201,NA,-205.35613399057237,PZ,-1.5156001362883451,-0.19594079541226506
-1.7246360805109158,NA,-201.64254482110312,PZ,-1.6275899543856287,-0.623234050392365
-1.5705934931838645,NA,-200.45630278859034,PZ,-1.729553551116991,-0.20418393440315882
-1.4256480608373028,NA,-206.17683675976966,PZ,-1.7380279541982548,-0.7388845088959187
-1.684945976592009,NA,-201.3235482222433,PZ,-0.9202705371637624,-1.040435476532861
-1.62133373529304,NA,-202.64792513995528,PZ,-1.2836869323466324,-0.5293461177487184
-1.4272352579414675,NA,-199.74582186356605,PZ,-1.459152136316418,-0.6022130876108849
-1.3533081512639202,NA,-204.31052977770955,PZ,-1.5279012605995625,-0.2558283193058796
-1.668510967509096,NA,-201.39687099089272,PZ,-1.0348763757955783,-0.904731661081229
-1.4737027058011976,NA,-203.4526995212983,PZ,-1.1075593661211376,-0.019160153491177723
-1.7100190630013357,NA,-201.28805493367264,PZ,-1.2885899099831581,-0.7823966397580158
-1.7916407979863407,NA,-202.8057320797219,PZ,-0.7928474839350201,-1.4323705561334097
-1.4324807631019072,NA,-202.5755961093622,PZ,-1.553198855835759,-0.45807359559931643
-1.5946766449583516,NA,-204.9155667417202,PZ,-2.168659797130973,-0.7660091783946856
-1.5351202698563229,NA,-200.1487955518112,PZ,-0.8494622633768508,-0.9246982344938871
-1.6463795324927712,NA,-203.49639377376445,PZ,-0.41603088297330626,-0.35975216327018106
-1.464826906354523,NA,-202.69703101034867,PZ,-1.4533566988971303,-0.37863411843273204
-1.4611918786270095,NA,-204.37124108988021,PZ,-0.43318390443006427,-0.6020866545971078
-1.6784981203780023,NA,-200.00949747860486,PZ,-1.099211084386306,-0.2810252901023475
-1.2818049252858952,NA,-205.6510843792963,PZ,-0.5077007843989344,-1.3030203727437355
-1.4741888338787823,NA,-201.10012200613312,PZ,-0.3060160426602769,-1.2680724393552003
-1.5622901142597498,NA,-202.36467958868863,PZ,-0.9396147432074002,-0.5230294771686175
-1.4853521458131824,NA,-208.90555804772578,PZ,-2.093931679162135,-0.38150681200362524
-1.4374376053560611,NA,-200.42297611811068,PZ,-1.5359129819585107,-0.5913710875691524
-1.5403930086503848,NA,-203.08678328799354,PZ,-0.44115655950101507,-0.5567704487814539
-1.453507885565142,NA,-202.96714519817692,PZ,-0.22193425740217576,-1.21284753481818
-1.5761136683269095,NA,-201.92076964677983,PZ,-1.531930099254996,-0.7060175526787985
-1.5527960377566201,NA,-202.9913686784751,PZ,-0.9244106437411874,-0.3576465234457487
-1.3917273449324905,NA,-207.41482411311907,PZ,-1.17705806208885,-1.5916904038652067
-1.5800062932578034,NA,-199.8288955254209,PZ,-1.0845532930993054,-1.2294337926769936
-1.5659491202803688,NA,-204.4501743930611,PZ,0.303912191963401,-1.033530119660195
-1.4431193289061732,NA,-201.6242146858627,PZ,-1.64718208431463,-0.7725051593937653
-1.5459296194917391,NA,-198.5091653213989,PZ,-1.0742073251022701,-0.5191567108155414
-1.3017619789752768,NA,-207.75484158041988,PZ,-2.2727928718338926,-0.3803720386941179
-1.6933869605070482,NA,-202.9259179177832,PZ,-1.5509662141180907,-0.4354991836237297
-1.4819080548017272,NA,-201.3245059677784,PZ,-1.9169923385095111,-0.1829288368474567
-1.536012298215098,NA,-204.79249004921107,PZ,-1.4411991926288046,-1.76887550494213
-1.5319232735436696,NA,-205.31456460911693,PZ,-0.7288539348302585,-0.2876246597568711
-1.4560506199853547,NA,-198.8638299727948,PZ,-1.06932519473227,-1.1326083756973737
-1.687054092150103,NA,-204.9582027749771,PZ,-0.5741415084225674,-1.0394667217263884
-1.5635353252620674,NA,-200.72173513789755,PZ,-0.864679531447806,-0.8065626771050611
-1.4505911218783138,NA,-203.63672224233858,PZ,-1.3608770851945113,-0.8635346760054905
-1.578865488064676,NA,-201.97560369897886,PZ,-2.076739247332102,-1.0321605603427824
-1.7248106894393382,NA,-203.2620448681952,PZ,-1.3151045134093864,-1.0846716448796616
-1.5617738134132493,NA,-201.2009501524515,PZ,-1.8137356407973018,-1.2319567673536145
-1.53750186477788,NA,-204.02284298167135,PZ,-1.2253264751027801,-0.41947706384890965
-1.6366915764656391,NA,-201.46265645760153,PZ,-1.2947800425769467,-0.5897516078124689
-1.5180789038140678,NA,-201.63699141053957,PZ,-1.1981717046795994,-1.4035636649707395
-1.1654299373680375,NA,-205.52899860659858,PZ,-1.390578197985379,-1.2931819791477213
-1.7359908019577313,NA,-204.42335574578954,PZ,-0.6521336625633527,-1.318466614246561
-1.306620581186285,NA,-199.23860748883334,PZ,-1.0875284366783897,-0.8448451414901696
-1.379111920574768,NA,-207.20658272959548,PZ,-2.6881786959997194,-0.500612980015729
-1.4825380533786776,NA,-199.2183221559074,PZ,-1.4259676590034829,-0.4088899496851156
-1.5427557798099256,NA,-203.4436156332464,PZ,-0.4425976797829412,-0.32629844931015717
-1.4290904197972356,NA,-204.39887330583832,PZ,-0.5793032624857353,-1.573065618138417
-1.676083749312799,NA,-207.19861352139355,PZ,-1.8715892695133987,-0.04082137065492003
-1.4334579517657782,NA,-199.1836086823041,PZ,-0.6925038641956911,-1.0755622627153336
-1.5201813875514179,NA,-207.35378543097536,PZ,-0.8268541180247033,-1.224119071868414
-1.4597928680414591,NA,-202.8457451304267,PZ,-0.7002361387906053,-1.2728786747204703
-1.647770926689179,NA,-201.84246976759738,PZ,-0.757170212470873,-0.4434740428357488
-1.7056751884110408,NA,-203.98819664119185,PZ,-1.2707822309569736,-0.1412315721546366
-1.6027390773850094,NA,-198.8830293530141,PZ,-1.39032896281482,-0.6195010458203928
-1.6260255170690818,NA,-206.13138364653346,PZ,-1.2154834772247305,-0.2816315286875358
-1.5630191040176749,NA,-202.6081567023518,PZ,-1.2462522180554243,-0.28865369218379805
-1.634675466289807,NA,-203.45177241016236,PZ,-1.740745646454625,-0.6527141747882583
-1.6198795626872087,NA,-205.8018425442007,PZ,-0.47991597383926987,-0.44194190040834197
-1.6610585423408422,NA,-205.26797833926116,PZ,-1.7311251871002615,-0.47719334495721766
-1.4728046469153344,NA,-199.7049082380765,PZ,-0.40830019131272,-1.0212459397170668
-1.4680212755371789,NA,-208.920266001352,PZ,-0.23810292295748342,-0.16427842502139034
-1.6490333280867389,NA,-203.27724375076687,PZ,-0.20749156420698378,-0.7930669193059326
-1.5351300380318094,NA,-200.38074568314337,PZ,-0.24293445481172093,-0.9706434695541575
-1.7522729295955093,NA,-203.33029987382736,PZ,-1.68887894685719,-0.17067062314467965
-1.6552354577597082,NA,-204.9869025243585,PZ,-1.7526848825540626,-0.3807093747065695
-1.2729502151075704,NA,-208.4296155889384,PZ,-2.0492970989493555,-1.3781040087460201
-1.3318754824218428,NA,-203.43379130155128,PZ,-0.9413079490880583,-1.4312246896512728
-1.379735842240047,NA,-203.76244647959726,PZ,-2.1903834173278645,-0.31411079351493804
-1.4245256773588273,NA,-204.91434104552602,PZ,-0.3244961022927123,-2.01835419134668
-1.2618418293218598,NA,-206.3778409290266,PZ,-1.2024805480740997,-0.33630479071907116
-1.1791265789386915,NA,-206.61161730565038,PZ,-1.7277810755647298,-1.7641027950483457
-1.3679965244806116,NA,-199.96449651827245,PZ,-0.7097676505979824,-1.3490396733776395
-1.3908956066118638,NA,-210.37455851334954,PZ,-0.9476299919631123,-1.0534127643487339
-1.3653305244983673,NA,-202.8129281394662,PZ,-1.6941390724257597,-1.4253243882555382
-1.4371377756559571,NA,-200.33551021524653,PZ,-0.4048894037925964,-1.0783711171055452
-1.6555411061963121,NA,-199.4462378240117,PZ,-0.40751468060104556,-0.9493757373989331
-1.2057849446664723,NA,-207.64164691987463,PZ,-0.48208598510473133,-1.7002820840206079
-1.4495967046163634,NA,-199.10054378679303,PZ,-1.1563683318396525,-0.7414684428950047
-1.581090493406714,NA,-202.98603720007839,PZ,-1.4375447265897345,-0.1377535876876848
-1.6879261015882798,NA,-204.53658858783425,PZ,-1.3716356464644395,-0.5419298488486438
-1.3257468200599138,NA,-208.32591465929207,PZ,-1.9756688795127884,0.007437314723731714
-1.3179435615644537,NA,-203.82342005681033,PZ,-1.8854424976772926,-1.2192628675654482
-1.6242103039630544,NA,-198.71135083426506,PZ,-1.0757986859525512,-0.8575942797397321
-1.4696459624999243,NA,-202.95278369932632,PZ,-1.701009267408496,-1.434092583033132
-1.4302560864350955,NA,-203.0043721610906,PZ,-0.5213340406442903,-1.3472447613704224
-1.6769035835618464,NA,-199.30948053168075,PZ,-1.1237029357372954,-0.917912464047309
-1.3811270747883486,NA,-207.3697628741407,PZ,-2.29902908284508,-0.13801796744563202
-1.6425511733497096,NA,-205.39263087232607,PZ,-1.4888634013057431,-0.26085778742964255
-1.6893382313447654,NA,-204.53274743522013,PZ,-0.987680945914676,-0.2841723024257516
-1.4885938735924527,NA,-203.1528068292752,PZ,-1.014777748685031,-0.2736420123237981
-1.3358984319851634,NA,-203.53144186172477,PZ,-1.013854168238352,-1.5273420332082641
-1.5474396465871914,NA,-203.60138462254147,PZ,-0.04063571810690045,-1.0285961429143649
-1.5997007859792334,NA,-207.36283465860566,PZ,-0.8960889482556148,-0.8619889283930099
-1.1043555782139884,NA,-203.82801738715958,PZ,-0.7236835509636963,-1.0458920316590132
-1.7313575896518756,NA,-201.99511334143185,PZ,-1.1523901190540546,-0.8143333622461342
-1.2035688438547631,NA,-204.45562791027564,PZ,-0.3645263429947666,-1.3085849264448277
-1.7475444595930014,NA,-205.71928687782508,PZ,-1.3065930529174234,-1.842629469245635
-1.473595428519455,NA,-200.91650125861145,PZ,-1.0745864717446456,-0.7494100933815331
-1.5432056751354435,NA,-209.48439169952806,PZ,-0.9733030323967256,-0.3700524823162006
-1.5113867483161263,NA,-199.44326158905994,PZ,-1.4880345020620551,-0.9277721520220833
-1.5089502062949383,NA,-204.69086516738182,PZ,-0.4873322194356705,-1.099825481295139
-1.5972258902852656,NA,-201.26918034372795,PZ,0.042456054609952276,-1.4108802580353836
-1.4798507223380395,NA,-202.1105650494696,PZ,-1.1273438282696104,-0.8257609377077902
-1.2018013378975014,NA,-202.93234177560177,PZ,-1.540928088164832,-0.9378853516881781
-1.6121146560863178,NA,-199.2216177450805,PZ,-0.7281771488151431,-0.7677406920323584
-1.5329939241802886,NA,-201.4312169932775,PZ,-1.672116778803455,-1.008592128589863
-1.5716283816816383,NA,-198.37104725290382,PZ,-1.0579875260022138,-0.6501049173694389
-1.6546121234921893,NA,-203.12590851780908,PZ,-0.07201148779148485,-2.006152938789266
-1.5288456586007368,NA,-203.18915968127905,PZ,-0.992724244518604,-0.8429284210382035
-1.7875704383646187,NA,-203.75798082606192,PZ,-0.2591215813756375,-1.0448461861286074
-1.2637858259180066,NA,-204.83931577248046,PZ,-0.34774828473495506,-1.380889929831201
-1.2612248060167617,NA,-206.7281659552143,PZ,-0.3823914357730015,-1.615941704192634
-1.7907004833126663,NA,-200.0477151116352,PZ,-0.8921286702127204,-0.5766879339920477
-1.6304626742706967,NA,-203.68908032360176,PZ,-1.1976837410279768,-0.6105605503613678
-1.5185583934472733,NA,-206.1254061611518,PZ,-2.3227813440742073,-0.5286267972166329
-1.6829714118777805,NA,-202.4709924398806,PZ,-2.214993114076213,0.16775206777979165
-1.6430534725555979,NA,-202.26065076110072,PZ,-1.263122240415597,-0.01322816476937988
-1.6104638145322097,NA,-200.75335927265547,PZ,-1.6149086705583842,-0.9080517586299613
-1.3245740912433766,NA,-201.30359852326038,PZ,-1.1520337533639653,-0.5613126931288716
-1.5839966638706982,NA,-202.09646683079893,PZ,-1.3416052917782026,-0.4181550047303182
-1.5938091271481953,NA,-201.05800674799931,PZ,-0.6480833541046781,-0.7872286599710658
-1.3217012605983165,NA,-202.2078818453385,PZ,-0.38101165433750517,-1.4472298215301163
-1.48711312910392,NA,-207.98319484414048,PZ,-0.5823111431787132,-0.5741126952639308
-1.5086950518918942,NA,-204.96859004106864,PZ,-2.0406584766554206,0.008006636826091037
-1.543401505299817,NA,-202.08381990826106,PZ,-1.4371992443747987,-0.6578719754463193
-1.5966335772317695,NA,-206.96140578872004,PZ,-0.45051934925831433,-0.572789371325753
-1.59801158447674,NA,-204.13457990235,PZ,-0.3606436637305935,-0.5476741440419945
-1.5494763627958685,NA,-202.38834625270573,PZ,-0.8084610894346163,-1.0774983686965816
-1.4652436167684226,NA,-204.8028944022772,PZ,-1.5986441129674804,-0.8465768248208638
-1.429801268400784,NA,-202.5519129636917,PZ,-0.8154823970349776,-1.5584815311303353
-1.3968521475842894,NA,-204.5863387356325,PZ,-0.7428107305249245,-1.3245601400240408
-1.8209402203937506,NA,-205.28928681776463,PZ,-1.8550469064829196,0.43700823323119414
-1.7359667869059299,NA,-208.3195370184869,PZ,-1.9662596523222904,-0.4799237831471701
-1.6985111404361668,NA,-201.626696283933,PZ,-0.8143893900592014,-0.4548142160944805
-1.5658641865040124,NA,-207.36549983858825,PZ,-0.6035626385576365,-0.7979664683486493
-1.4256991859303794,NA,-199.95590800066373,PZ,-0.8791289057304152,-1.1074390339140914
-1.6234587646228282,NA,-201.4483517006624,PZ,-2.074245444194034,-0.5216167047361435
-1.6742310824397624,NA,-200.4177767114856,PZ,-1.1576839606203568,-0.6368625593410213
-1.4752270235177514,NA,-201.82097335750697,PZ,-0.7966589363240153,-0.6147384988114671
-1.6172204104426258,NA,-202.79343104952216,PZ,-1.3440992289046778,-1.0129029828792335
-1.6359262028366033,NA,-203.2763862076418,PZ,-1.6305130185956367,-0.5593182373593454
-1.7588045306074884,NA,-201.49718199866254,PZ,-1.397853094868805,0.07152104219206917
-1.3941340075512763,NA,-202.99801263544282,PZ,-1.4593966280740993,-0.7457901138578307
-1.8487545071143643,NA,-200.71677434182084,PZ,-1.1330279370825829,-0.7824243557365342
-1.595042835108143,NA,-202.14609085217694,PZ,-2.0604903070441596,-0.5170412145331448
-1.470279725903536,NA,-203.72844290126878,PZ,-1.9628661517913373,-0.2891155659044481
-1.7210365099860097,NA,-200.39775095175884,PZ,-1.240598058710551,-0.8184386421000153
-1.3949485190250748,NA,-204.77882260998163,PZ,-0.532816848261083,-0.7072073895536688
-1.731268919920128,NA,-202.66171519848973,PZ,-1.3187060233539079,-0.6525543039862012
-1.7023980742543956,NA,-205.96193190912766,PZ,0.10942252863822607,-1.5448693692408655
-1.530460590112137,NA,-206.54897600914958,PZ,-1.7276270490717118,-0.2003544930973905
-1.655652385652425,NA,-200.42446650668117,PZ,-0.19632360088574635,-1.3139155684746013
-1.480613999760103,NA,-200.68881908601642,PZ,-1.1120012951370017,-0.7480209878653308
-1.5677127180703674,NA,-203.40696347778763,PZ,-1.173880505095327,-1.0824893572424643
-1.6545343702707596,NA,-203.96490857751277,PZ,-0.4180830247656277,-0.1801733536357223
-1.3423564110457138,NA,-205.58866066891753,PZ,-0.8688553632071468,-0.9239474273713199
-1.6506840754240284,NA,-204.67079892849185,PZ,-1.3335818914649211,-0.23358564296896828
-1.5083038549327565,NA,-203.34155239688204,PZ,-1.5740719120703248,-0.7556564927331128
-1.8178141597253266,NA,-205.305130554802,PZ,-1.7834623226671455,-0.22073251112669265
-1.3008081293046332,NA,-203.8613533705399,PZ,-0.4663705889257249,-1.255971194079848
-1.7876335878697749,NA,-205.98690184692776,PZ,-1.7274898102040923,-0.21444388458338967
-1.3078283548891927,NA,-201.67499059897517,PZ,-0.7394632283018854,-1.4860119528386364
-1.6390989045887412,NA,-202.56574471158402,PZ,-0.09011091467943694,-1.162050913865732
-1.495118854895193,NA,-200.97102223520986,PZ,-1.041779579072425,-1.2853190989520034
-1.4273374979681137,NA,-205.2985776584554,PZ,-0.840991079643751,-1.250400933036597
-1.527531796908664,NA,-202.09446489371234,PZ,-1.011324227705766,-1.048019598280053
-1.3042561736497436,NA,-202.72081143474966,PZ,-0.7238947154386808,-1.0182943591921796
-1.7838410829533613,NA,-204.542413691067,PZ,-0.6152582427013216,-1.5458099577642388
-1.4892065254529103,NA,-204.2334473091772,PZ,-1.0102649366012366,-0.8397885231448536
-1.6841345729513146,NA,-201.95783134277997,PZ,-0.859360275124075,-0.24092756030866738
-1.4350789520427436,NA,-202.94868295526283,PZ,-0.41040161658300683,-0.7440720269490169
-1.7201177367293508,NA,-199.78989573737792,PZ,-1.9020002979141752,-0.13050272280440353
-1.4409084343260223,NA,-203.48380422513128,PZ,-0.04523639864344587,-1.7080775180338301
-1.4819051470595652,NA,-204.3491110475071,PZ,-1.3402363361667664,-0.9928079008666089
-1.4637753865708487,NA,-198.57045395097327,PZ,-1.3718006703195116,-0.6080303333078703
-1.6779346896984277,NA,-204.85076040157745,PZ,-1.6379810309879397,-0.5632043980399469
-1.40554130235873,NA,-201.74718136149875,PZ,-2.3292418613476538,-0.7735259895143264
-1.6716007838821623,NA,-203.32192507137916,PZ,-1.1655062518897767,-0.8955711096766613
-1.325362180617767,NA,-202.64858431259438,PZ,-1.3140586374536936,-0.9860802912634714
-1.8185413284559668,NA,-205.42715519372587,PZ,-1.622796184502553,-0.4056306990855423
-1.4097754775652667,NA,-200.97296311996016,PZ,-0.7700243479950767,-1.3450019258076995
-1.4090290186872831,NA,-205.36278468565212,PZ,-0.6231621239591189,-1.5217995943996532
-1.6723684773466179,NA,-206.26866644103185,PZ,-1.4292202882173384,-0.8534958408435145
-1.3468930350452795,NA,-204.4806790642075,PZ,-0.5196451413666446,-0.2401626712178574
-1.6336933143603358,NA,-207.70029149409808,PZ,-3.066195508727376,-1.1510604772767643
-1.652214657399741,NA,-200.644641086248,PZ,-0.5405973387564539,-1.032974675739489
-1.6868042173260764,NA,-203.74812653417806,PZ,-0.24973083585726774,-0.8166095084388129
-1.5515975785920773,NA,-201.0847996056103,PZ,-1.738160521953907,-0.9434952950162769
-1.5375613058625446,NA,-200.79998784585734,PZ,-1.494020374659614,-0.7491325767774749
-1.5992271371751308,NA,-203.1565299693261,PZ,-2.1530558676142904,0.21265324725410484
-1.3997401663151252,NA,-199.5353492352811,PZ,-1.987141423335671,-0.4974186839202902
-1.3051198199306375,NA,-203.9688121300566,PZ,-0.4760894412976776,-1.0845230301993778
-1.6679140924511484,NA,-207.8278652089277,PZ,0.012155139925796088,-1.1395878247400217
-1.6927382354819231,NA,-204.2127032247055,PZ,-2.1723198446250596,-0.6179685825517915
-1.6804568747864048,NA,-206.01543963245362,PZ,-1.4418097615452905,-1.2319527594866826
-1.727892910251392,NA,-208.14220336206046,PZ,-0.9955826435290406,-1.4595637277024391
-1.4259334703724644,NA,-201.8351236918601,PZ,-1.4623348935127143,-1.0057747496790819
-1.5090081996391633,NA,-200.71589158517247,PZ,-1.6221568089653644,-0.41337869066957245
-1.6063745509458254,NA,-199.2517063008164,PZ,-1.468946832943506,-0.6171418323019477
-1.5973203689463882,NA,-205.54117429001988,PZ,-1.5576347663685899,-0.2724160523683078
-1.3548987403313844,NA,-202.6871366214447,PZ,-0.4299274468081482,-1.2656752206792192
-1.3625761479772354,NA,-207.20564065296418,PZ,-2.017418276924558,0.0219844005159458
-1.4955276558976895,NA,-201.5315919027789,PZ,-0.45367640495181843,-1.2969475434682058
-1.3239889099543054,NA,-202.1224168402491,PZ,-0.5308173010483233,-1.6195309205736377
-1.5457540564172632,NA,-201.0153485418297,PZ,-1.4390124648604372,-0.4807436029306189
-1.6390036625179942,NA,-202.10133993752686,PZ,-1.4766717247651733,-0.5290289563259936
-1.7248593380002237,NA,-202.7783325060038,PZ,-1.207780671487055,-0.8365376819540324
-1.3552729270812462,NA,-203.0812824720018,PZ,-0.12485987694288542,-0.9666145918674304
-1.5069046335539125,NA,-205.31713309412325,PZ,0.23766888618090176,-1.9502723750117226
-1.6235196718817566,NA,-198.65694696778962,PZ,-1.434345725026607,-0.3944829310847061
-1.5258297414792832,NA,-204.35754978742852,PZ,-1.5020769259969389,-0.4942014572678407
-1.6837177651549415,NA,-203.57025269331155,PZ,-1.8273535943326948,0.003999293109229363
-1.8348501831581727,NA,-205.00818810785438,PZ,-1.7870350155587844,-0.4096427889443291
-1.5996297813417057,NA,-204.13155369220036,PZ,-2.038062515505444,0.34761447886757896
-1.172547653884575,NA,-210.03198842644798,PZ,-0.7337087801312099,-1.1660766831440033
-1.2261428655420472,NA,-206.98290324494258,PZ,-0.9012555476652601,-0.9852468152771228
-1.417682358052866,NA,-204.06420463699394,PZ,-0.35865037567342306,-1.528468970123327
-1.5983885599195682,NA,-201.05164457920165,PZ,-0.9850602041375012,-1.2941540732425967
-1.738534591488148,NA,-200.7652951298117,PZ,-0.5418631851240067,-1.0524303748933357
-1.6146652758857662,NA,-203.67889021467738,PZ,-1.5904593558058648,-0.23324156857903203
-1.1874397120679892,NA,-206.4497496589602,PZ,-2.0128942463444535,-0.9578388935308203
-1.3720724197817897,NA,-207.3705713967914,PZ,-1.027136670228587,-1.2228657192916728
-1.4184423740043686,NA,-200.4531568667707,PZ,-1.693211974799004,-0.2677056882898061
-1.8884021093819883,NA,-205.72752668069478,PZ,-2.186917008184179,0.2017199374427179
-1.5526503729726917,NA,-202.614045418899,PZ,-1.0498886365738458,-1.2227513445544338
-1.680258916997791,NA,-204.7691990451483,PZ,-0.9893255624425026,-0.7153607888369338
-1.4635049707613945,NA,-202.08027392288557,PZ,-0.9036619426987184,-0.49585072768805694
-1.8673945795882128,NA,-203.8599471990784,PZ,-0.7212189004077925,-1.058330704077547
-1.3075378612944983,NA,-203.0871820856943,PZ,-2.2374657595848317,-0.6762980699807289
-1.705267174284757,NA,-203.22325679871662,PZ,-1.9929342660163016,-0.12982463382933823
-1.761835221255511,NA,-203.2270898422806,PZ,-1.7563929812964165,-0.9608890389596322
-1.5044750596519505,NA,-202.44872448475596,PZ,-0.24345979620269723,-0.9678432469331326
-1.6051807084233731,NA,-201.15455616889798,PZ,-0.5165647719012567,-0.7983834025045413
-1.4864979347902976,NA,-202.63222188765252,PZ,-0.12588840489717085,-1.4314108302839736
-1.8070014581935328,NA,-205.34521124038255,PZ,-2.4378841625802155,0.24240717876083473
-1.5114543111430252,NA,-199.75081100746598,PZ,-0.3376439170299198,-1.0407437046774448
-1.4859982711513424,NA,-202.3040089951156,PZ,-0.390180019294109,-1.2528018580300255
-1.5853496471366724,NA,-205.95303933355126,PZ,-2.4691386820036163,-0.21842305975031223
-1.780399686612773,NA,-208.5735086748383,PZ,-0.16840432038947423,-0.3941183314066449
-1.4505051387053822,NA,-203.91312737833263,PZ,-1.4381901711608398,-0.6113743543441158
-1.6845198585061842,NA,-204.26604163843888,PZ,-1.8311557214406295,-0.9172398190520739
-1.2318592231080114,NA,-205.64861564466713,PZ,-1.2020689278999586,-1.2218304383539083
-1.6021541616031052,NA,-200.7946484581464,PZ,-1.051341410016399,-0.8623229569015916
-1.6697531855197139,NA,-199.51541850826123,PZ,-1.6572988646891713,-0.2989269999477196
-1.3011986607058637,NA,-204.458438565941,PZ,-0.7436401196002955,-1.4437016491491779
-1.5666851849586183,NA,-198.28804482050575,PZ,-1.0275746293886627,-0.6877374302648286
-1.4943545756704166,NA,-198.609417129805,PZ,-1.2667670961828945,-0.6525903305501333
-1.8425138374395542,NA,-206.47654167916875,PZ,-1.6186660247198341,-1.046956224111577
-1.5918947240175003,NA,-200.8156783615252,PZ,-0.7750871126139345,-1.3360657835753524
-1.5219584040891292,NA,-201.62688643124588,PZ,-1.5984045925022279,-0.06052610496150994
-1.4157021953647206,NA,-200.95960280616652,PZ,-0.6644199382684968,-0.831822561015322
-1.5220381688462403,NA,-204.40638413763045,PZ,-1.6294443739799598,-0.34331584519833275
-1.5391811435582017,NA,-202.27031507358367,PZ,-0.6554145444979143,-0.5682004581631971
-1.5474006508984604,NA,-201.5114940493324,PZ,-0.5892418122247214,-1.193262255421704
-1.771517352288617,NA,-202.65121193663225,PZ,-2.007260724407056,-0.38460182677844684
-1.566896115084432,NA,-201.61741009750364,PZ,-0.963803660038896,-0.6397773629631123
-1.5622641970918092,NA,-204.10570403916154,PZ,-0.5989324060617368,-0.8386749112108647
-1.595337166611332,NA,-202.6620748097244,PZ,-0.7473761974837029,-0.39741778874966505
-1.6897951780277836,NA,-204.38669041473574,PZ,-0.572290323661827,-1.3655397317006475
-1.6340847874245128,NA,-206.61641403192132,PZ,0.23532119310596747,-1.8291223034056554
-1.3667891161851233,NA,-202.60082833110627,PZ,-1.3492918253772812,-0.495206910695648
-1.5224889020014312,NA,-200.08929163056698,PZ,-2.015062507564131,-0.5328188239944616
-1.4600543585998371,NA,-202.66428099407938,PZ,-0.9133417577360351,-0.49567123217607123
-1.6610243221336993,NA,-203.9441589724618,PZ,-1.5106155577650153,-1.0325630072318734
-1.5102110309183214,NA,-200.1451040281373,PZ,-1.883201248672172,-0.9864911423055063
-1.291582408840041,NA,-204.00439005028437,PZ,-0.5908347867963827,-1.1724184982078631
-1.506599384090876,NA,-198.15328218676228,PZ,-0.3654861820685287,-1.126155803960288
-1.5992272701833432,NA,-202.8160074599596,PZ,-0.19560473662572647,-1.7151582494100595
-1.588015286070075,NA,-206.01732989159657,PZ,-0.9786505778304327,-0.6833731401563018
-1.680013451257916,NA,-201.31694107174596,PZ,-1.5688522350786223,-0.5470633028358745
-1.5176364219771368,NA,-202.14695704713904,PZ,-0.9813686180281176,-0.7000915044027737
-1.4030279833056967,NA,-201.35038180249492,PZ,-1.4723107287057693,-0.5436148761717737
-1.6505535264824511,NA,-198.39605137317213,PZ,-0.7733341667875709,-0.7004176523936178
-1.8303838477687717,NA,-204.53708872695,PZ,-2.268723272617737,0.1332882267745214
-1.403087039190661,NA,-201.9312813224624,PZ,-1.8723820053401667,-0.6507977150904958
-2.019889159701745,NA,-208.24163442886868,PZ,-0.6723697038111932,-0.36744565097596504
-1.384205809050806,NA,-202.3559443277525,PZ,-1.334327152198922,-0.47654846110370047
-1.3870200098517258,NA,-203.1004548414614,PZ,-1.522718270384163,-0.7585697327479674
-1.3967262937177036,NA,-204.6017198010285,PZ,-0.5490530682536022,-0.38957180379415585
-1.75277441648189,NA,-203.7235017257883,PZ,-1.824428734617267,-0.05936806025140317
-1.5278551157133777,NA,-201.15337863742084,PZ,-0.9597429219141611,-0.36834877216880463
-1.6472236789957517,NA,-204.0386007989948,PZ,-0.2510492027397454,-0.8999899748947794
-1.4816913715640485,NA,-202.12480232232582,PZ,-1.4291485702289541,-0.934024282354413
-1.7346031331495833,NA,-200.99394908181185,PZ,0.0730688474148681,-1.1968487696121934
-1.5222504577509632,NA,-202.60740552596897,PZ,-1.0552077255816712,-0.8600078712410091
-1.6086569116484786,NA,-199.29239239099562,PZ,-0.8345842222824829,-0.4800940781763249
-1.793586520217614,NA,-201.34805342581404,PZ,-0.8761241644200507,-0.8316737684846887
-1.6021898532403136,NA,-199.45001038774512,PZ,-1.0188249120210437,-0.8270747070029556
-1.6345519701944857,NA,-200.14726812200922,PZ,-1.3486594831914376,-0.3262293957094376
-1.4079691882557703,NA,-205.49821014697423,PZ,-0.6649061718899639,-1.3834336105274436
-1.4242339316142876,NA,-201.00788922094088,PZ,-1.2164020025214706,-1.1915993035302257
-1.404511810344655,NA,-209.2944783000117,PZ,-1.3513834541142293,-0.9199488577597243
-1.6465552353893906,NA,-201.64812927002657,PZ,-1.034885482433144,-0.8837423174950827
-1.5647338097316246,NA,-203.72969549758253,PZ,-1.3933213554049395,-0.5103863147787195
-1.391442262802339,NA,-203.89497162312384,PZ,-0.7336034089399174,-1.1676911274272612
-1.3177112800665,NA,-201.1059577488224,PZ,-0.6952242720905611,-0.8146916160005824
-1.5466162096924714,NA,-198.74122720210877,PZ,-1.5031381751016668,-0.5474535745936633
-1.3624662601695459,NA,-202.5694454130244,PZ,-1.7959323148244672,-0.7070017851857346
-1.7926512990604786,NA,-209.23280872749476,PZ,-1.4108456352748404,-0.4513385966510524
-1.4370943226251562,NA,-204.7644017061566,PZ,-1.3226294529401084,-1.5919697659711418
-1.7016028595729158,NA,-200.00108825198691,PZ,-0.7867615924211616,-0.5895430633362171
-1.6023937170053348,NA,-205.34759314811438,PZ,-1.1757834498497723,-0.5669191581125547
-1.9207707055364645,NA,-205.31463713754366,PZ,-1.118927609543037,-0.15634221251090405
-1.5443983208885728,NA,-203.37484189406302,PZ,-1.847180174180146,0.06315853466797403
-1.5595754975166594,NA,-201.59686153392929,PZ,-0.9412722690109814,-0.9073346943225985
-1.289310582506948,NA,-204.87884289569595,PZ,-0.134378008312673,-1.4367758147592329
-1.5572743625397896,NA,-203.2071721915573,PZ,-0.7176897378526393,-1.3682465251808373
-1.6112144707908964,NA,-202.6616265932961,PZ,-0.4980948809114833,-0.7231813907260218
-1.5228315255942528,NA,-206.0939480391315,PZ,-1.5323667086653052,-0.5117710914609981
-1.4685387022951342,NA,-203.54133040477316,PZ,-1.6493912012088534,-0.5527083709218436
-1.7863865359556435,NA,-201.27933179652192,PZ,-0.3457179536506666,-0.5267157167159507
-1.498147686680879,NA,-200.352866023872,PZ,-0.8682568749764743,-1.3850236264694191
-1.596630264255793,NA,-203.48344709552137,PZ,-1.3981681480238284,-0.43327817591493295
-1.9136911489238855,NA,-202.88741069721175,PZ,-1.063335528160864,-0.238551251797661
-1.394679541479677,NA,-204.35120770078572,PZ,0.00873005154004236,-1.228214593920689
-1.228543561173158,NA,-204.09511086052973,PZ,-0.5964300066039425,-1.5074883020697594
-1.2946773863269891,NA,-203.67057060325965,PZ,-1.6309413766299294,-0.5698862562572469
-1.440937853285402,NA,-201.9675769156433,PZ,-1.5926723867162984,-0.9013124108457391
-1.4678672906441401,NA,-205.62683839225744,PZ,-1.1619293441291,-1.1734651493063044
-1.795911750780325,NA,-201.22760539378376,PZ,-1.3166601752394267,-0.21884187296571736
-1.4129402458008204,NA,-201.47038837495668,PZ,-1.0550527036940187,-1.0358855566412908
-1.4310150392315493,NA,-203.57032507632786,PZ,-1.3036931725591632,-0.5582655459166996
-1.5127509918483582,NA,-199.88478674413105,PZ,-0.5523597787557591,-0.8334561549009696
-1.772591035849424,NA,-200.40868087301277,PZ,-1.0560604525715211,-0.6175300086424492
-1.4796752495217145,NA,-202.4039621907309,PZ,-0.9436541684867438,-1.5228873537569991
-1.4799145292348226,NA,-200.40617754133226,PZ,-0.32041787895924956,-1.0971564688168014
-1.6788479494868371,NA,-203.41913360891465,PZ,-1.305077423525008,-0.37985413159585046
-1.4777537117160595,NA,-200.72766322676736,PZ,-0.3614360766311093,-0.9089681004508848
-1.8756312034414508,NA,-205.0981625148764,PZ,-1.9410883984135792,-0.6835014449519994
-1.3786955826900094,NA,-200.39316005471264,PZ,-1.9563681223201757,-0.5411801667461091
-1.4647659009549319,NA,-203.07287610586118,PZ,-1.1744721557582052,-1.0817029369902051
-1.829475012437708,NA,-203.59767017272483,PZ,-0.47393600759239496,-0.7601455750472814
-1.5924491203375912,NA,-203.7427928606132,PZ,-0.7417419603548636,-1.1377881295817818
-1.4093236252659298,NA,-199.72663952679451,PZ,-0.6612298518038533,-0.650038357921854
-1.5071482851300526,NA,-201.5748681538575,PZ,-0.7491081605559222,-0.8076413491234685
-1.4914746332971673,NA,-199.92475449150575,PZ,-1.9146712571453355,-0.2038621093665066
-1.6152407223907965,NA,-201.70523362912223,PZ,-0.6905021142500356,-0.6705872009908088
-1.723854769380612,NA,-201.9478205684601,PZ,-1.7622734501332136,-0.6332093420996354
-1.53459357720802,NA,-198.96287395373946,PZ,-1.8181421732339862,-0.347917093923385
-1.2709626032211732,NA,-205.6487645336331,PZ,-0.5344762612895475,-1.4651391712252202
-1.4816149339555376,NA,-198.90724251580346,PZ,-1.5673823817769656,-1.0345694835275197
-1.5308579962241757,NA,-203.55672203518057,PZ,-0.42615368369426154,-1.077714032419553
-1.7077897293474587,NA,-199.1271809070728,PZ,-1.347648730971534,-0.7263536724021217
-1.7101885962816015,NA,-202.54749354661345,PZ,-1.1560583011230041,-1.3677962744808394
-1.5517015470534437,NA,-201.77247959724474,PZ,-0.7201708339165652,-0.5193879959008336
-1.6192237206706652,NA,-205.5802456659819,PZ,-2.986525289463516,0.3161019383565993
-1.4137689193350325,NA,-206.02573325628987,PZ,-0.7062781430088784,-1.1575913999864111
-1.4499718720346844,NA,-203.22240398998508,PZ,-2.233536686348973,0.1443645247105855
-1.4435386016512166,NA,-209.32507503138433,PZ,0.06555745380263583,-1.0561081704403477
-1.5629496716736115,NA,-202.1662009027623,PZ,-1.6915352759366942,-0.2286996423005932
-1.5735170630755388,NA,-200.7841141227347,PZ,-1.1935099054045057,-0.9309538577530156
-1.5361346899726136,NA,-202.00999074709875,PZ,-1.3379175062396234,-0.7725570876493633
-1.464300079950622,NA,-202.7739714414895,PZ,-1.2241742602365686,-0.51013410130521
-1.3948789196590912,NA,-201.64024502512703,PZ,-0.35538357373864826,-1.447025477496699
-1.4614533764147883,NA,-199.22958702049917,PZ,-1.2570078219514584,-0.6467684943918532
-1.5091314118610204,NA,-203.59560003872906,PZ,-2.4752853481368606,-0.08172485729046419
-1.9400719931286659,NA,-208.58717132321834,PZ,-1.8433057100480021,0.22990272105476764
-1.3671739905123867,NA,-199.35604837232762,PZ,-0.9384727847349441,-1.1923570890883386
-1.4363310368742315,NA,-201.3665484068741,PZ,-1.21994706587882,-0.6825055635626639
-1.5691742757322968,NA,-202.56803742407823,PZ,-1.7191272549137535,-0.06861405370642176
-1.399941857049876,NA,-203.24704597533832,PZ,-0.7567843391427037,-1.235654335667763
-1.7093374658934484,NA,-205.68362114239332,PZ,-2.7956247095309528,-1.1606727302460835
-1.6925923245821997,NA,-199.7162143037295,PZ,-1.0923816681576586,-0.8262521053889769
-1.4057802350217357,NA,-201.76488393684141,PZ,-2.33436470707415,-0.23073424911501084
-1.5518870505732398,NA,-201.38589309188444,PZ,-0.22688856173003863,-1.344659894745452
-1.372987258072799,NA,-201.52656411352893,PZ,-0.9914301830820865,-1.7075522528996645
-1.396318080838943,NA,-201.22642123103623,PZ,-0.8818904749356478,-1.049277718116181
-1.5033012323368253,NA,-202.38739670857257,PZ,-2.05359750639857,-0.3531929830950697
-1.7400501072499266,NA,-203.29641162985308,PZ,-2.048222188827723,0.2638376063728846
-1.4850822590559138,NA,-200.03143633217994,PZ,-0.8003983660611389,-0.8695300994282946
-1.418106094444453,NA,-206.0799898850553,PZ,-1.1852201526354584,-0.08797161220521027
-1.6524618496371597,NA,-201.38343632452208,PZ,-0.9402674725910021,-0.7359636398829875
-1.7286951183696193,NA,-199.29743866251172,PZ,-1.5076959037343252,0.04524238845060058
-1.4897682407236854,NA,-201.41498617262056,PZ,-1.3361743075389267,-0.33437278774997176
-1.5121147010947413,NA,-203.2387182282205,PZ,-1.1782555019673087,-0.6751441104125686
-1.4284981538177755,NA,-201.42756814374735,PZ,-1.9466397031214004,-0.25272701048515916
-1.4763824903248552,NA,-203.0512297257944,PZ,-1.506596141184312,-0.7888330249587177
-1.4213200538040383,NA,-200.27889090080492,PZ,-1.4952396491685374,-0.8390575608981468
-1.5810819336556237,NA,-200.7158461390496,PZ,-1.7505097643513785,-0.20331312920043176
-1.5670054590504388,NA,-198.68334960284474,PZ,-0.6812777536761634,-0.810870397093081
-1.559712670790023,NA,-201.967317984591,PZ,-1.6036592865020152,-0.6328659846243246
-1.4472541950167148,NA,-203.5623787788111,PZ,-0.4485209159586826,-1.2188027062823301
-1.5083418820316128,NA,-201.71479518422987,PZ,-1.0708648408369776,0.031034015924710445
-1.4544506960403878,NA,-205.18370192673206,PZ,-1.5089117043829565,-0.864274069964931
-1.374120714992707,NA,-201.6445893597067,PZ,-1.8821662081502972,-0.3084891022610272
-1.5658959389116274,NA,-201.46364113552147,PZ,-1.2490717652625807,-0.04892115573591344
-1.4911871418685947,NA,-201.8943055397893,PZ,-1.6920269038657316,0.06481186701367833
-1.6110394378308275,NA,-206.57748668611515,PZ,-2.088119174658951,-0.6720868992571939
-1.3916661901047547,NA,-206.51478140043073,PZ,-1.0669963807605287,-1.2433474033029412
-1.544285356047193,NA,-205.37893424379067,PZ,-1.9906490711362894,-0.45304024102776796
-1.3965459590529337,NA,-203.79206779310204,PZ,-1.0769183272579337,-0.8520028404421589
-1.3968846533181938,NA,-205.64554159875215,PZ,-1.55121762461334,-0.6531727150425264
-1.6760289620787157,NA,-202.4582320627045,PZ,-1.9744531410994468,-0.15064425556719363
-1.5069865475001245,NA,-201.57198861833334,PZ,-0.6550046214337362,-0.21142440832049259
-1.5789570502517085,NA,-207.96467948230017,PZ,-2.0391615335452995,-1.4595468284218192
-1.5173282386469638,NA,-198.76182586056112,PZ,-1.44032137633139,-0.2705583537231298
-1.5241045047222648,NA,-205.73554417621546,PZ,-1.765718269588043,-1.3319319429632503
-1.783922958588855,NA,-202.02193473486625,PZ,-0.5035773643658673,-0.9289479461886304
-1.607952944938829,NA,-203.03894086483703,PZ,-0.8863868654932389,-0.25398722636370125
-1.798810630791272,NA,-207.2725297532211,PZ,-1.6920874507054582,-0.7481050912141808
-1.4017901061975995,NA,-203.16343631522594,PZ,-2.266901523934448,-0.3361531159618264
-1.3022449534358744,NA,-205.42325286114232,PZ,-0.7179141553618027,-0.8573965964802575
-1.5497755088742815,NA,-208.4682021601377,PZ,-1.5290211481618683,-0.9247479773601546
-1.4956333482338382,NA,-200.8181224843982,PZ,-0.5664034633991233,-1.1815231626271157
-1.7139813972794393,NA,-201.6371706141641,PZ,-1.4137988653816858,-0.17209789776553552
-1.5507396317890134,NA,-199.08332141004013,PZ,-0.6788845397490111,-0.8245367516352131
-1.6926715781070842,NA,-201.4834477751948,PZ,-1.6663401623666696,-0.35225708688568713
-1.3826543873211965,NA,-207.00725452617314,PZ,-0.5091996652612248,-0.4930420360195509
-1.6401063595208627,NA,-203.43653678332703,PZ,-0.9848555466821362,-1.1106520655145318
-1.463107846736912,NA,-200.49630282732969,PZ,-1.350698142605449,-1.1506174460825918
-1.7251807843588216,NA,-201.04929635973966,PZ,-0.9530874231552061,-1.259801723933049
-1.6647568306372544,NA,-203.33333630737187,PZ,-1.0153386665213255,-0.5969431162462842
-1.737231998277048,NA,-201.30466108500383,PZ,-1.8374437116534181,0.031809267220145154
-1.3958281975708275,NA,-203.73455619563214,PZ,-1.1197205689503433,-0.20403213857943725
-1.4119431042188801,NA,-203.44745876825277,PZ,-0.8092982097283427,-0.4966366466475932
-1.4781723878409367,NA,-200.7513074134157,PZ,-0.989685849494818,-0.8524959938537001
-1.4544348616569864,NA,-201.70815934100654,PZ,-1.8233955021589638,-0.10287921954787232
-1.7403186907503991,NA,-202.25869989896086,PZ,-0.9329628939182487,-0.2743067136374232
-1.6049901817911636,NA,-203.01092100244128,PZ,-1.368719187276182,-1.0026613481790916
-1.6680375421969218,NA,-207.5513576428885,PZ,-2.339308848458607,0.555942002224616
-1.611089709654743,NA,-199.29356097612052,PZ,-1.5316300976585098,-0.5099723426279248
-1.2970709082631113,NA,-204.47343304661692,PZ,-1.7999920032885273,-1.331368194867884
-1.607517870067456,NA,-203.5170643041497,PZ,-1.4452272430844015,-1.0031286653402502
-1.5038746968499674,NA,-204.0922008882722,PZ,-1.3592711457625448,-0.43357206549934285
-1.6087162235829877,NA,-200.81580805990154,PZ,0.009310885029278737,-0.8205135615329313
-1.703525913648411,NA,-203.42560896656593,PZ,-1.2642505647552924,-0.4644419668193611
-1.4011269721082833,NA,-201.0073761947043,PZ,-0.49979750831239755,-1.0876459063077781
-1.7816356687257633,NA,-208.70343731139175,PZ,-0.6918599109977469,-1.057569944848083
-1.5278319940311595,NA,-202.52825164176443,PZ,-1.973727230589287,-0.20973315434174
-1.1288989226211483,NA,-210.8575203214585,PZ,-1.9703256715303505,-1.1619297256651602
-1.3942796292340027,NA,-200.29398425270233,PZ,-2.079315010817001,-0.4975637573719364
-1.7107087150093647,NA,-204.38412706244696,PZ,-1.8220711291662326,0.03787298148240034
-1.3854270076564994,NA,-203.58346249338933,PZ,-0.7810006009475378,-0.702116307547697
-1.5490940092200058,NA,-204.86688734995724,PZ,-1.1350270207650897,-1.2136090337954004
-1.8344658385735824,NA,-204.67052879010163,PZ,-0.17411837189980958,-0.7063553168179434
2.3450461817169783,NA,-2863.2478284882536,PC1,-0.7331650967091887,-0.623165937180919
2.4070776280077677,NA,-2862.508015323896,PC1,-0.775277247650318,-0.552651023952146
2.4588997814339226,NA,-2867.9064193801482,PC1,-0.7885490488739749,-0.6197124091090345
2.2535783382707977,NA,-2865.998808808789,PC1,-0.7655479139044306,-0.5961373252836553
2.4656488580277145,NA,-2862.131098953601,PC1,-0.9534673621896179,-0.5133552952152077
2.4212023665940765,NA,-2868.0237835165985,PC1,-0.973966340274857,-0.5835633431979138
2.42906657383482,NA,-2863.983579412993,PC1,-0.9225439660222888,-0.4516288209790145
2.3890394754578494,NA,-2864.4034446208934,PC1,-0.8969124212634515,-0.5850132640135864
2.4127178215903875,NA,-2861.0511805756582,PC1,-0.82746425671821,-0.5382476541977299
2.246253310148366,NA,-2861.6001702161207,PC1,-0.8136625871443851,-0.5070401623854864
2.5130982183994957,NA,-2867.7380736984755,PC1,-0.9632591717959624,-0.38540835450908273
2.382451471318772,NA,-2860.604788412954,PC1,-0.7664285045559848,-0.619699845693754
2.4074823788840836,NA,-2865.2591895290716,PC1,-1.0797207955008434,-0.48126815872347395
2.2321437199844874,NA,-2864.6765198256912,PC1,-0.8136582341416945,-0.4812718139761956
2.4508483068164444,NA,-2860.2713217141245,PC1,-0.9142289348705903,-0.5555520540840154
2.3803460954694406,NA,-2860.8122493340397,PC1,-0.6991589007454022,-0.5937191229172059
2.4042346598467548,NA,-2861.7585431694397,PC1,-0.8282357730403238,-0.5072907563926342
2.493008843565209,NA,-2864.2953572737115,PC1,-0.9918911003411064,-0.5836363337961744
2.418865686933347,NA,-2867.105059900171,PC1,-0.9693700528367958,-0.5313394833228029
2.3633196432406858,NA,-2861.9540268081523,PC1,-0.8018028478733753,-0.5033640409125819
2.296159026830949,NA,-2861.539774442933,PC1,-0.8178736337952477,-0.5351595968999365
2.398057695138858,NA,-2861.9090965283544,PC1,-0.7941395227663688,-0.47518094508688635
2.4153936604748916,NA,-2862.2180960685173,PC1,-0.9410681396167658,-0.4839829518605646
2.3436697346655064,NA,-2859.3652404283985,PC1,-0.7707917223092444,-0.5938875056807942
2.377231728592712,NA,-2867.4073946451795,PC1,-0.9979924517807738,-0.33571691941598697
2.3677860208437362,NA,-2863.471533762395,PC1,-0.9876536780884421,-0.486016684103827
2.29996515414495,NA,-2859.3154960821976,PC1,-0.7163049093517818,-0.5443722177862904
2.347732620156656,NA,-2863.235822108623,PC1,-0.876572466854042,-0.4204732976006949
2.23767000550037,NA,-2865.4223111062047,PC1,-0.5789310698634449,-0.6882068813777955
2.31780998045662,NA,-2865.643233244953,PC1,-0.7303358123486402,-0.5722607131334106
2.5101658046603785,NA,-2863.378495953056,PC1,-0.7931038021823587,-0.666396272745505
2.3094259588509294,NA,-2860.8688698173946,PC1,-0.7501793210276638,-0.47370370111227356
2.3248368747073336,NA,-2861.972967826439,PC1,-0.7266938717587922,-0.6184789075744509
2.361980559914967,NA,-2862.0729722904484,PC1,-0.8286894297723402,-0.5141590963723498
2.315262654818802,NA,-2863.167563421249,PC1,-0.9623060222058312,-0.4151145414988178
2.365887892501669,NA,-2862.537083134406,PC1,-1.0520505462349263,-0.24233282962573877
2.2745726892704754,NA,-2863.374102888122,PC1,-1.0443093437004045,-0.42031881245773994
2.3545467380167295,NA,-2860.245711641473,PC1,-0.9164700707797854,-0.47976318925700007
2.417540243844382,NA,-2862.904063695837,PC1,-0.8585769368434438,-0.4586090483497408
2.4167055794696637,NA,-2860.769084766966,PC1,-0.8608406144288384,-0.5055792082871851
2.444409941025585,NA,-2863.901261542998,PC1,-0.7645808084482097,-0.6898795256064401
2.38221694129253,NA,-2861.103339436956,PC1,-0.7010474598146341,-0.6891558370607382
2.320717201883694,NA,-2861.568834824255,PC1,-0.9095739939362946,-0.4521108040467592
2.371366850790904,NA,-2864.0302581722276,PC1,-0.649381991797968,-0.7404246484249218
2.3144210468447572,NA,-2862.2851930162196,PC1,-0.7898760058252189,-0.6712202571487927
2.457169806564509,NA,-2865.837517087724,PC1,-0.9311426552222509,-0.5047839076438521
2.367125018583185,NA,-2861.1709595316756,PC1,-1.0232833502163499,-0.33926704380916517
2.394139471247159,NA,-2864.7920984345105,PC1,-0.9097727381667798,-0.48289940162095224
2.3709307840263607,NA,-2862.376164884931,PC1,-1.0707268630856668,-0.4083703862982731
2.2722055356206377,NA,-2865.758986625795,PC1,-0.7139342549868969,-0.6463469254646641
2.368612678286368,NA,-2862.2572268931644,PC1,-0.8537245046112468,-0.5379533504597679
2.3343851231235737,NA,-2862.5426942036065,PC1,-0.7663801836380156,-0.4846819460699867
2.4493890588195635,NA,-2861.277530092304,PC1,-0.9282663449182501,-0.5676884485238146
2.345167499592816,NA,-2862.651879029428,PC1,-0.8938398868976223,-0.4531668880231656
2.322977093357133,NA,-2864.5112151321896,PC1,-1.0372841728838247,-0.45432992058174887
2.3375406406498014,NA,-2862.7995959016744,PC1,-0.7093838585661691,-0.5446526940539409
2.5428065987931445,NA,-2868.474216927149,PC1,-0.860992167948972,-0.5960365370666715
2.4315341273758113,NA,-2867.0678028454145,PC1,-1.0566927347397648,-0.3780270195705342
2.3130289864502656,NA,-2862.1698343064845,PC1,-0.7443310987368632,-0.654149850192461
2.1983947809453652,NA,-2864.6226084123446,PC1,-0.7567865699937881,-0.5434696683442118
2.3923280897813175,NA,-2861.609430906286,PC1,-0.8344097562872433,-0.5097533284257866
2.5110039389161387,NA,-2867.117756050771,PC1,-0.9963865080119452,-0.5711259502865453
2.3187172989639455,NA,-2862.272676237195,PC1,-0.8611647287306715,-0.5635300907024445
2.347303176889618,NA,-2860.184867664567,PC1,-0.729016180732794,-0.65732037827938
2.3619019534144465,NA,-2862.6387714090133,PC1,-0.6887732862627746,-0.6091986108269474
2.4322122604440253,NA,-2864.9435432468813,PC1,-0.9171482242893257,-0.6121832629780555
2.365358058049163,NA,-2859.123054453827,PC1,-0.9888396331530839,-0.39033815166340313
2.3848366909742222,NA,-2864.089001126527,PC1,-0.9409081861299433,-0.560123553850272
2.338974130615851,NA,-2862.818675006166,PC1,-0.9012151776340114,-0.48893328581457157
2.3168253263582628,NA,-2858.7806004540826,PC1,-0.8671899461514324,-0.4965189127596329
2.303580822785821,NA,-2865.204445113314,PC1,-1.1417617704596619,-0.34890940501490036
2.251190893060271,NA,-2866.5778506109773,PC1,-0.7630354445101122,-0.4609080324132697
2.3865591371796375,NA,-2863.115138190324,PC1,-0.7998046422722598,-0.5367219275784556
2.3238213141836357,NA,-2862.352920924482,PC1,-0.8144856633128983,-0.42871568902565677
2.5081549241407646,NA,-2870.1279925752315,PC1,-1.0067236582708154,-0.5832596387706623
2.377624147546241,NA,-2864.984904633395,PC1,-0.8924515481157295,-0.4607516423775209
2.5426409918583017,NA,-2865.6697035387456,PC1,-0.9463652497769437,-0.5053624601847583
2.41640641069389,NA,-2860.039405800262,PC1,-0.9084537508438065,-0.5380746113706066
2.4341289625675016,NA,-2862.614318011986,PC1,-0.742619396939935,-0.6063512586793014
2.4224387985251874,NA,-2864.8034382635315,PC1,-1.089153576117208,-0.3974047308610466
2.3382327466407284,NA,-2860.915185983858,PC1,-0.9167254169901143,-0.554162889918558
2.498532462866743,NA,-2862.7508705472287,PC1,-1.0080665669335223,-0.41325432888173436
2.465576819674936,NA,-2866.528312674082,PC1,-0.8105441090762782,-0.49203191915265176
2.300359555529539,NA,-2859.6086824153463,PC1,-0.7956590931315254,-0.5757820183507658
2.3671591367543137,NA,-2862.928179177849,PC1,-0.7447206559673283,-0.5250711214872464
2.3680464179095444,NA,-2865.1129095101514,PC1,-1.0969610020342084,-0.3514286079582816
2.247904757156202,NA,-2861.334185814288,PC1,-0.8649097189181746,-0.3976984280877183
2.265486508581416,NA,-2861.51423641348,PC1,-0.7744170777216284,-0.4615593187194349
2.3600449640804237,NA,-2861.6019847116195,PC1,-0.8619899481013595,-0.4554063888977201
2.408543977852234,NA,-2859.1114316935736,PC1,-0.8852357134347925,-0.5254206295081676
2.294467466968402,NA,-2863.142861088876,PC1,-0.865937934842582,-0.5608779824344471
2.2241296744444834,NA,-2861.5457400350365,PC1,-0.8838832842016288,-0.37071528681069316
2.323671279996447,NA,-2864.506948466944,PC1,-0.9456430761826322,-0.39449569151625896
2.2762502324700207,NA,-2864.6499688039025,PC1,-1.056681040176743,-0.3935821515314878
2.367732146782292,NA,-2866.9284295717216,PC1,-1.0836625239145203,-0.29752052098190573
2.3720987474522004,NA,-2861.24653299358,PC1,-0.8350726054337543,-0.526945788387833
2.2962213295960785,NA,-2866.4167015214857,PC1,-0.9136348799902373,-0.38079885352533865
2.460885333473486,NA,-2863.376856730072,PC1,-0.7704266475184023,-0.6539935675443478
2.3972644894367656,NA,-2863.352949270493,PC1,-0.6985437494459926,-0.6679384994894331
2.3287391470790326,NA,-2861.1616986305153,PC1,-1.047874241912687,-0.3969747482384069
2.3815275219960936,NA,-2863.3091338132076,PC1,-0.7906610305756232,-0.6859837003800467
2.312223415327024,NA,-2862.916250171208,PC1,-0.7148666951402615,-0.5862784642024705
2.383135599274736,NA,-2864.64683310427,PC1,-0.916899161207254,-0.49929270646989754
2.4153446673210266,NA,-2859.519433003118,PC1,-0.8619926604792657,-0.5687760441592397
2.2286161677070377,NA,-2865.6067656500736,PC1,-0.6457671648250656,-0.6823568121701861
2.3939799010901104,NA,-2860.734705218167,PC1,-0.9452514644294263,-0.5276382957854906
2.4238704308599983,NA,-2862.449776985443,PC1,-0.8377989351392556,-0.6725534504914864
2.3854345996758743,NA,-2861.718879284474,PC1,-0.8218652640783878,-0.517665998022664
2.3973945481688337,NA,-2861.0323154346806,PC1,-0.8447354808587809,-0.5518439934263751
2.3403820557097474,NA,-2859.4822728452236,PC1,-0.9229485934681083,-0.46405244538423895
2.3080937188634234,NA,-2863.4296782071606,PC1,-0.973283391815578,-0.44271875390529236
2.392296966536366,NA,-2864.291881125763,PC1,-0.9492929184124665,-0.47882525874921045
2.412702344628402,NA,-2860.8304581146986,PC1,-0.8030137369240175,-0.5980913852588543
2.197446598584636,NA,-2864.0211146783927,PC1,-0.8253797623930885,-0.48219736817597764
2.2647104666609867,NA,-2863.531283767582,PC1,-0.7162392724246281,-0.683299553901125
2.4411139778484654,NA,-2861.9112058700193,PC1,-0.7739502161989097,-0.6557296521168563
2.3376408489872946,NA,-2859.123706506234,PC1,-0.8527631125191356,-0.5346980041723759
2.313392274413832,NA,-2860.9546530064626,PC1,-0.8604523053003872,-0.4466052789969469
2.3998112029424132,NA,-2866.5529427586357,PC1,-0.7131162633224065,-0.7114191793136087
2.316271818496395,NA,-2862.2566674498034,PC1,-0.9006372263538146,-0.4952852757312256
2.378041201088527,NA,-2860.535455281606,PC1,-0.7565106198025212,-0.6403616664328053
2.3603695393068045,NA,-2865.5217127675114,PC1,-0.8382943829352197,-0.45572735616106225
2.3748346698867633,NA,-2862.4875081398986,PC1,-0.6092857991961594,-0.6441074375891799
2.3752144731978104,NA,-2861.661526461379,PC1,-0.8490294237797893,-0.598819476050532
2.269630579211439,NA,-2860.8646549914024,PC1,-0.7944017128822216,-0.5123721146758061
2.416914857205798,NA,-2864.0629530767715,PC1,-0.9435771341793998,-0.43911379227478353
2.4497870978209533,NA,-2860.73759962231,PC1,-0.9956397321041124,-0.44375554616725077
2.39051839682943,NA,-2861.8440746866395,PC1,-0.844841646546582,-0.4888558065596836
2.31723780598983,NA,-2863.408017865422,PC1,-0.9750820095850224,-0.4757595408648223
2.444762170312888,NA,-2861.6911586863002,PC1,-0.6305696015286862,-0.7822118373412998
2.4357253337817553,NA,-2861.1355349535274,PC1,-1.001984478187124,-0.4115722174533298
2.216109222064161,NA,-2867.4064722195076,PC1,-0.8016135875459509,-0.5456571469369388
2.277817975543248,NA,-2864.8666397635175,PC1,-1.01157345494744,-0.3088565036073202
2.4758614779177366,NA,-2860.997880104175,PC1,-0.7605319975812962,-0.6836499839012183
2.4610819031515447,NA,-2865.1232445001892,PC1,-0.9362242926072173,-0.5057198376802429
2.3738571785925338,NA,-2860.7470934656294,PC1,-0.9218399490146395,-0.44548838935914403
2.3177868562520665,NA,-2859.815458208659,PC1,-0.8153395197770911,-0.5167352591737082
2.4696926650736195,NA,-2862.896909175355,PC1,-0.9580665548040478,-0.5354579924934705
2.3918173539793317,NA,-2861.8230121872107,PC1,-0.7230232097352025,-0.6264624454930539
2.234847018563144,NA,-2863.676156872953,PC1,-0.8001849686247883,-0.4092089172957997
2.3310126328628935,NA,-2863.513274769161,PC1,-1.057335323726645,-0.36145648576200606
2.3971426941981817,NA,-2860.825510046031,PC1,-0.8090735192436228,-0.49061440363556313
2.390124927163684,NA,-2865.0924288321607,PC1,-0.7658646666402101,-0.6002019120988409
2.4249030988550038,NA,-2862.4265780087735,PC1,-0.8297718705043721,-0.5103562451093746
2.318596474460144,NA,-2864.0718934529227,PC1,-0.569405094464159,-0.6228809421627466
2.285994722122849,NA,-2860.923208289729,PC1,-0.7485056257773635,-0.5392762013930256
2.407647005377292,NA,-2861.8306222274387,PC1,-0.959707335962006,-0.4811313575713912
2.3873816906296295,NA,-2862.3522150621425,PC1,-0.7876126695668051,-0.7095301468386153
2.393663959007368,NA,-2864.555162238005,PC1,-0.7997146994049242,-0.6112391554214984
2.301717291494245,NA,-2858.7341313238667,PC1,-0.9350926611028426,-0.4024043159880314
2.3148402880903283,NA,-2859.440955109845,PC1,-0.8268963634961237,-0.5114784742140174
2.3520744655623025,NA,-2864.3919268327318,PC1,-0.9806057384980421,-0.4476315759126805
2.2615892830733575,NA,-2860.273784983828,PC1,-0.7710973786945999,-0.5635174441391675
2.3070214720139197,NA,-2858.5301419392235,PC1,-0.8735156946387628,-0.5245156043906509
2.3198199175868526,NA,-2864.675122698777,PC1,-0.6154625949227197,-0.7098001938476893
2.2572355398884074,NA,-2860.0712646084858,PC1,-0.8267297755765102,-0.48741485457555134
2.3316985059524264,NA,-2860.737574214521,PC1,-0.8080662738549632,-0.5594102643089374
2.334924540386435,NA,-2860.8397342641365,PC1,-0.8185251849173397,-0.5367765733569326
2.35941470042351,NA,-2860.7266555863944,PC1,-0.8294095336655439,-0.5075933777392069
2.3659890830844335,NA,-2864.8658446846243,PC1,-0.9800126307948219,-0.5280765122616758
2.3883300380786308,NA,-2865.3269435139105,PC1,-0.6751453540642751,-0.5466335281585477
2.4069876748390224,NA,-2861.4707459799006,PC1,-0.7927926396653688,-0.5120445929401803
2.360478902437997,NA,-2867.0328714427037,PC1,-1.0211812175880428,-0.2498260691689562
2.3994108518406643,NA,-2859.5633482467097,PC1,-0.7228522999492631,-0.5997204603596478
2.3975319838173523,NA,-2862.4572776358295,PC1,-0.7959668668216909,-0.6609116621053687
2.454009167836693,NA,-2861.730464192106,PC1,-0.7531924188122404,-0.6581148733429769
2.3919607553863975,NA,-2858.998724445832,PC1,-0.7586618841637728,-0.679846677889276
2.3634256179140873,NA,-2863.385576255396,PC1,-1.1197540311095966,-0.25254273099688057
2.4326138085711344,NA,-2864.7074075545192,PC1,-1.0561016785358943,-0.441220883182669
2.25459915271154,NA,-2864.304913849757,PC1,-0.9457910232800782,-0.35003503308537376
2.3985497481054425,NA,-2863.6796069049556,PC1,-0.873991316584073,-0.7081291741216649
2.351121341845942,NA,-2865.2488579281785,PC1,-0.8243504993087893,-0.5854751423339263
2.4521101742209934,NA,-2864.0967748564985,PC1,-1.088271337598436,-0.41834516985528836
2.2621834894550843,NA,-2864.5258849478882,PC1,-0.6886979143654568,-0.5692108059649286
2.3743923864689456,NA,-2865.6664109887934,PC1,-0.759688562871479,-0.4908661874686945
2.389436934821324,NA,-2865.9445552988846,PC1,-0.691224194320938,-0.7484590621057494
2.405376764649086,NA,-2862.2607434919655,PC1,-0.8606309147328105,-0.6124061022469072
2.3602993389161853,NA,-2860.617644414944,PC1,-0.8768766601443163,-0.6003952083121152
2.3612306836878694,NA,-2860.742556232234,PC1,-0.6958271812956451,-0.5654559648036177
2.3431966295433013,NA,-2862.7423192311207,PC1,-0.8300796647205042,-0.529263283601679
2.4284197556266713,NA,-2863.6429589620593,PC1,-0.9513781856296656,-0.6067901081513272
2.2752705044522856,NA,-2861.263444131888,PC1,-1.0364012420086621,-0.2842088663652755
2.329218845818616,NA,-2861.036151578478,PC1,-0.8215196322067263,-0.5453810294875175
2.410360316928325,NA,-2862.725481675158,PC1,-0.785236040540476,-0.6455905167018755
2.3484227568863996,NA,-2861.456946861067,PC1,-0.972380075491282,-0.5354047225078307
2.2616692256240882,NA,-2869.3105315897865,PC1,-0.7036984720614012,-0.5261010767850747
2.3820889865025445,NA,-2861.474971855431,PC1,-0.8511761269003342,-0.5202978962103162
2.3483664442250802,NA,-2866.0668644909465,PC1,-0.5760151929239882,-0.6873747255442156
2.3619040340931523,NA,-2860.3010947367657,PC1,-0.7723964718636503,-0.5693357541654089
2.403116823129384,NA,-2861.434506619695,PC1,-0.8129357486013439,-0.5757290556938897
2.343626602963241,NA,-2861.517347888484,PC1,-0.8043116068686184,-0.5668768445428365
2.4470870187010267,NA,-2860.367191228925,PC1,-0.8593704212166297,-0.5971428609018139
2.3950052849613566,NA,-2866.345153601691,PC1,-0.6484959715606744,-0.8085700936188279
2.340373055996692,NA,-2860.9245734809647,PC1,-0.7629401369962967,-0.5564218452638064
2.4270535715602857,NA,-2868.1629733974924,PC1,-0.6360850251222158,-0.7417910323429019
2.287146592215754,NA,-2860.7327027633905,PC1,-0.981993995236226,-0.40697179292919305
2.3677864873496177,NA,-2867.2504650626865,PC1,-0.8399668479930118,-0.40791870067982033
2.405292761756982,NA,-2860.974231785929,PC1,-0.7490175533741121,-0.686440566970599
2.4314071638193355,NA,-2863.2785763039615,PC1,-0.682588733795958,-0.6286478385678919
2.5498048739492063,NA,-2866.850566738743,PC1,-0.9894326937249368,-0.5525898320898248
2.454444932239506,NA,-2859.7371957864484,PC1,-0.8778942479109817,-0.5894199997952922
2.287613624535314,NA,-2860.855671786947,PC1,-0.7264258120612221,-0.6412005280102675
2.16318572457753,NA,-2868.0449837314613,PC1,-0.7002933579297146,-0.5789752756622617
2.3155511512644082,NA,-2864.483705693198,PC1,-1.0503416378963732,-0.403155991774696
2.430891871526154,NA,-2861.3543594843013,PC1,-0.8442508817997383,-0.6281810530853192
2.3718346916647963,NA,-2860.3689356095265,PC1,-0.9786789229128373,-0.4773023597976021
2.3892257525745237,NA,-2859.276894065798,PC1,-0.8322638126244252,-0.547248233595388
2.2219258252529412,NA,-2865.530812774005,PC1,-0.8792552918501563,-0.36777906260133997
2.322751214736036,NA,-2861.019682949185,PC1,-0.7718138681418434,-0.5323379035891922
2.2916755698927003,NA,-2862.8153900212997,PC1,-0.8911392987622325,-0.41997997417024074
2.3264752539235336,NA,-2860.798801189472,PC1,-0.7654365189058882,-0.616369276415657
2.273289472050943,NA,-2862.1432172595883,PC1,-0.891892055969732,-0.529621901255319
2.382723654766259,NA,-2863.850929826179,PC1,-0.6713827373552219,-0.5289171081677039
2.2789554696679772,NA,-2862.500916904428,PC1,-0.7340736348941832,-0.47455148365522787
2.3001595526658805,NA,-2860.1530731846615,PC1,-0.8575896672867268,-0.5105350479182054
2.3019959752316392,NA,-2860.045420847635,PC1,-0.9618495272306057,-0.4337724735225176
2.365978405975264,NA,-2863.4195494649384,PC1,-0.8642882636606425,-0.6487388931636081
2.310979260255833,NA,-2861.9358809412697,PC1,-0.8644474559968793,-0.4621433042626295
2.3073577625567654,NA,-2862.5498247747323,PC1,-0.7123919473624227,-0.5701287236611895
2.3097565142946967,NA,-2866.716334613348,PC1,-0.8810820557248181,-0.5926683899146463
2.3592406639276247,NA,-2862.1027640084008,PC1,-0.9229550833709035,-0.5570156027392373
2.343779751460312,NA,-2862.189348958239,PC1,-0.8121871118233569,-0.5592980066024165
2.317662644406572,NA,-2864.809204895358,PC1,-0.7020377840039994,-0.4663548909026654
2.4184237489777485,NA,-2860.4019124337715,PC1,-0.886670248111408,-0.5735446274502455
2.2782203246874855,NA,-2865.472505089234,PC1,-1.0011118217274384,-0.29019993835977825
2.3603440081171048,NA,-2860.9691949237135,PC1,-0.7134601546301329,-0.5877293950921677
2.321461782188931,NA,-2860.183757813794,PC1,-0.7771467046853581,-0.5289287328253547
2.267455872001463,NA,-2862.291125948259,PC1,-0.8886737189322544,-0.4872278181490962
2.3401856496078213,NA,-2862.611393000341,PC1,-0.7881140131764769,-0.6086814850787553
2.2908554402479697,NA,-2862.9800770454563,PC1,-0.9060748315208818,-0.47806681223461645
2.192604067157812,NA,-2866.149142726232,PC1,-0.6345016594525262,-0.5658242131498539
2.3904990808072752,NA,-2862.763088730735,PC1,-0.9540966882798141,-0.5272976189557603
2.4077331137329865,NA,-2860.91002589345,PC1,-0.9278520616212653,-0.46262429633344426
2.330467643929954,NA,-2860.3719796657037,PC1,-0.9468680037587117,-0.441161172679685
2.35635031530045,NA,-2863.832177082827,PC1,-0.823097354372297,-0.570065920125686
2.4655836174633574,NA,-2864.090836364296,PC1,-0.8702690179862793,-0.6487352324010167
2.307413902535726,NA,-2865.9625470723026,PC1,-0.9232350630318551,-0.42127755279637136
2.4631777704975937,NA,-2860.110193417113,PC1,-0.7865802697484767,-0.6482249952177481
2.336085103223598,NA,-2866.1653435225926,PC1,-0.7747381293757669,-0.6400365885721616
2.485182198606658,NA,-2860.6271397308315,PC1,-0.8416547526249534,-0.5535749999487062
2.2613933064950706,NA,-2860.2387168100454,PC1,-0.9724620190342379,-0.41318299398230723
2.310343091781564,NA,-2859.2514907905884,PC1,-0.7430410187508673,-0.5821026157032303
2.3192432102851788,NA,-2864.7700077866616,PC1,-0.637478066965839,-0.7027951303490462
2.2700463235694714,NA,-2863.492127267276,PC1,-0.9928648498299226,-0.4166317171227556
2.3006946831309394,NA,-2862.876582471336,PC1,-0.8519550309617002,-0.5205518058559405
2.36365254677483,NA,-2863.134154064528,PC1,-0.848736798757454,-0.46031992317876336
2.3317323206021885,NA,-2860.1236053891766,PC1,-0.779512272668533,-0.5572199511019166
2.3628015814781334,NA,-2865.7960780305366,PC1,-1.061175716479375,-0.3399949509282123
2.501040334763881,NA,-2863.050464901826,PC1,-0.9841001794478851,-0.5598531671531174
2.3510882843220995,NA,-2860.486044658081,PC1,-0.7826390989190404,-0.5254969106748959
2.3569606458657244,NA,-2872.086322220875,PC1,-0.8170885311841495,-0.46917992128453606
2.4527719714250265,NA,-2864.0960927679994,PC1,-0.7813748852562704,-0.5666773725604501
2.459149220199653,NA,-2861.912347214381,PC1,-0.8973809624990826,-0.6492229382741636
2.329127426828595,NA,-2864.476653371883,PC1,-0.8701411385142465,-0.4818548430921564
2.376108840584948,NA,-2864.9124339278555,PC1,-0.8109264039722326,-0.7009734863085483
2.371333091125351,NA,-2861.602175120693,PC1,-0.6611145637864712,-0.6857682824912513
2.3860347054131856,NA,-2864.072321676,PC1,-1.0277616205002427,-0.37065037452570926
2.4719717842176454,NA,-2861.558269289352,PC1,-0.9876200926713934,-0.478143622051204
2.4361965925637725,NA,-2861.532843563358,PC1,-0.8836734409808755,-0.5486116873435988
2.405383289183095,NA,-2861.888872152421,PC1,-0.8028238695333858,-0.4728247668082514
2.49862459913807,NA,-2869.2574202387623,PC1,-0.849457610149076,-0.5182154702004351
2.4149692357329564,NA,-2861.996399937004,PC1,-0.8941982607806388,-0.5410443490883986
2.4574749920944323,NA,-2868.248263954261,PC1,-0.9872164329229538,-0.3269239546016692
2.333312008500219,NA,-2862.796368448102,PC1,-0.6944579602053423,-0.5833311234964312
2.461447026663674,NA,-2862.9306813819785,PC1,-0.9403747869127713,-0.457722532267843
2.399169795595633,NA,-2862.1327940904876,PC1,-0.8869679962680485,-0.5286894712452113
2.3376564609000945,NA,-2862.3865383731813,PC1,-0.8014800976473174,-0.6017292725323067
2.2231281561036336,NA,-2864.3673268036628,PC1,-0.9426444220080784,-0.29536621233132626
2.41411573413622,NA,-2861.564286333503,PC1,-0.944045776345964,-0.441833491809238
2.5009564076896766,NA,-2860.2130135752577,PC1,-0.846322481687103,-0.577841838824828
2.337383959880317,NA,-2862.049927693329,PC1,-0.8716052593770359,-0.572767703207013
2.4994554521404946,NA,-2861.4038689751424,PC1,-0.8076465664177406,-0.6126769485415465
2.2934799355304434,NA,-2862.702909070902,PC1,-0.8635847519746567,-0.4186483610381917
2.3426152773707685,NA,-2863.3284106957744,PC1,-0.793007902305529,-0.4992393499598964
2.3890927433228897,NA,-2862.9199193745694,PC1,-0.6360238616073749,-0.6068101195443488
2.3508415014863306,NA,-2864.6330218477124,PC1,-1.0137616396054985,-0.2984610023726691
2.298184235058508,NA,-2863.563710954533,PC1,-0.9636623319082975,-0.41765134348719696
2.385282590745652,NA,-2860.422231673325,PC1,-0.7923117932485797,-0.6299791201672176
2.315372829833586,NA,-2863.304551901144,PC1,-0.9270556589703944,-0.5704411847926659
2.2985873632518214,NA,-2863.7575435341087,PC1,-0.706992121347388,-0.5262750048503896
2.3284679748814034,NA,-2860.79033824326,PC1,-0.8973402869212542,-0.5019245719545151
2.490365629422452,NA,-2867.6932001758673,PC1,-0.9648468741692725,-0.46857831888385515
2.4214764578063135,NA,-2863.885314929485,PC1,-0.7371580501930255,-0.5760769693295259
2.414717254499002,NA,-2861.2594255925624,PC1,-0.8051064447022805,-0.6236048687120547
2.430633584130377,NA,-2866.0198875138767,PC1,-1.0400480820995388,-0.4103518619151395
2.2896492339515864,NA,-2864.540888573927,PC1,-0.99590658851054,-0.31793734479237007
2.3367576744096414,NA,-2862.4881041122267,PC1,-0.9209429042848791,-0.4080941270630822
2.3959272658355295,NA,-2866.1347123671703,PC1,-0.6372363881320456,-0.661472545952736
2.401219891619039,NA,-2859.7738816648275,PC1,-0.7626242171623171,-0.6335236504962476
2.3450713859031733,NA,-2860.556180160447,PC1,-0.8757747266098947,-0.45503066221580074
2.3772934572563353,NA,-2865.509545758513,PC1,-0.7654747533769349,-0.6230750411392934
2.4321266612530157,NA,-2863.142598345312,PC1,-0.8840888445569232,-0.5448137385160765
2.298060557848076,NA,-2863.1508222863285,PC1,-0.8604823530540522,-0.5901764261513134
2.365202544206832,NA,-2862.5147863821426,PC1,-0.967693389848868,-0.4763795228864223
2.2594145066746694,NA,-2865.022795140261,PC1,-0.7935209536793599,-0.5065298982198144
2.344906148697687,NA,-2859.735661643671,PC1,-0.8127508567969756,-0.5337351022489162
2.521681317238821,NA,-2865.427682003128,PC1,-0.8272693600670487,-0.7203259755532505
2.29472595376545,NA,-2860.6173758602945,PC1,-0.9063053928724766,-0.3781995598208951
2.405372605984875,NA,-2863.2838901017535,PC1,-0.9910343072893499,-0.5396449457695865
2.4013219583869176,NA,-2860.9326506517136,PC1,-0.9178040382252358,-0.4721133431057043
2.4100037969279735,NA,-2861.587906624673,PC1,-0.8043149656404072,-0.5144550550241737
2.4072646091346743,NA,-2864.0061387208802,PC1,-0.8630702576620813,-0.5180363373047594
2.386322370276427,NA,-2863.7714763557324,PC1,-0.784496273475862,-0.6894532809963266
2.3193556083753046,NA,-2861.036969219553,PC1,-0.8301204635466606,-0.4943821029560927
2.381528487685334,NA,-2861.8397992448986,PC1,-0.8047090862530887,-0.6037584563111612
2.372659519699991,NA,-2863.439512908173,PC1,-0.6926593407410729,-0.6667096219949483
2.339422655244094,NA,-2866.362624805587,PC1,-0.7306733943592201,-0.6303272187871684
2.3266353818061605,NA,-2865.014374968258,PC1,-0.7805893379667767,-0.4723420358055945
2.345073173092759,NA,-2862.2194057811625,PC1,-0.9835120202036793,-0.3964872378929604
2.2403712873065778,NA,-2867.45107452156,PC1,-0.7556642252435787,-0.6286633976070949
2.4184534689841093,NA,-2863.113802233428,PC1,-0.7145525435068143,-0.6825925828475871
2.27947179166208,NA,-2865.242623634569,PC1,-0.7117501452513859,-0.48415064796896673
2.4194264842526705,NA,-2864.3271455016625,PC1,-0.982873703912287,-0.4776750746939566
2.33850017378006,NA,-2863.7479929989045,PC1,-0.5726963754825066,-0.7157455144780384
2.4121209878726297,NA,-2864.0591767244605,PC1,-0.7823393103679234,-0.7331758386803858
2.20956030912447,NA,-2864.847816449785,PC1,-0.6677688066573663,-0.6159463545126214
2.2768530162017475,NA,-2865.2124433772306,PC1,-0.7318226272372667,-0.6082212083449073
2.3788323533484226,NA,-2863.956933482982,PC1,-0.9637683843279418,-0.46744413471003193
2.2665105811261927,NA,-2864.528611527805,PC1,-0.8805337045283778,-0.4183230824790867
2.4198922693457248,NA,-2860.7650316912504,PC1,-0.7202739783910829,-0.6087411659664598
2.496652036773961,NA,-2865.366440195603,PC1,-1.0303399747220374,-0.49125930135137347
2.4079899860174616,NA,-2862.414080822185,PC1,-1.0155647732263386,-0.37493447024528137
2.3840285672619106,NA,-2860.011429375713,PC1,-0.7173127343371642,-0.5643463435265585
2.3551980522662954,NA,-2860.6509742479875,PC1,-0.8226464133791093,-0.5756112888990497
2.2859462576967706,NA,-2863.5101451114665,PC1,-0.9521190591975698,-0.36789486313246306
2.3668788223337542,NA,-2868.2613637851205,PC1,-0.8219302101732282,-0.45462044671314983
2.309453236682282,NA,-2862.4725551463016,PC1,-0.9797448416777792,-0.315662945383784
2.3071728750085794,NA,-2864.1722455683275,PC1,-1.0131151729869725,-0.470755779258998
2.340464888476208,NA,-2860.265478542757,PC1,-0.9370754453839162,-0.4377468002769572
2.376320908581165,NA,-2863.239127529826,PC1,-0.9601424668103773,-0.4993471805589045
2.3501637303220613,NA,-2861.8136060047163,PC1,-0.794120863868439,-0.5456039033559135
2.1794450909512237,NA,-2865.8133432628115,PC1,-0.7952024961028531,-0.5142111782408085
2.3495610039824566,NA,-2860.8562906739444,PC1,-0.74221364075542,-0.6683880682755076
2.4119728532681504,NA,-2869.6188471869173,PC1,-0.9243735765957933,-0.5317582940561858
2.3734792503794107,NA,-2860.339312838403,PC1,-0.6628148711054599,-0.7657908657210611
2.4038114385979954,NA,-2864.750064132148,PC1,-0.7192550940742386,-0.4808742399057724
2.3468624964705698,NA,-2865.5674007919515,PC1,-0.948496472859442,-0.44439923180925905
2.2887744955252645,NA,-2864.3404052403307,PC1,-0.8714222998198436,-0.49517368918169397
2.4067007757539,NA,-2862.323613050501,PC1,-0.726417296549212,-0.6169089551066699
2.3669400356378687,NA,-2868.389277119087,PC1,-1.0404413742356977,-0.3458750363558899
2.3679117694643135,NA,-2866.1881031059083,PC1,-0.6180625198357617,-0.7430524130949556
2.3350502955874357,NA,-2860.6909747441046,PC1,-0.6954517052542335,-0.5562116701736965
2.3157126863744866,NA,-2863.994192647747,PC1,-0.6932028586587804,-0.6966709329925158
2.3872577603065652,NA,-2858.764092696023,PC1,-0.8087408052244328,-0.5950615152447712
2.282411356199777,NA,-2863.90742356961,PC1,-1.1690912251005954,-0.24933473528355315
2.4081430140883464,NA,-2863.574413348287,PC1,-1.0046187543883702,-0.3795912114715211
2.574723443048703,NA,-2868.664282618113,PC1,-1.0676423031301396,-0.4413593172051118
2.2998561644102633,NA,-2863.9981699676005,PC1,-0.7270723968545864,-0.5689621254987939
2.1755173482045222,NA,-2864.4463692297927,PC1,-0.8905545829898649,-0.44677429637821275
2.440836225889685,NA,-2864.368011453513,PC1,-0.5366567194425713,-0.889180654781874
2.5302920125302606,NA,-2866.6634411876853,PC1,-0.8080836976495631,-0.6057217887210296
2.312537279806852,NA,-2861.215545081852,PC1,-1.0314672363280455,-0.39424202504079003
2.2505157696324813,NA,-2866.1123168815384,PC1,-0.6176075243299645,-0.6266286261872064
2.360247698305198,NA,-2863.1987584109834,PC1,-0.7518969108404325,-0.6397259076508427
2.4607889797432083,NA,-2864.3930096121344,PC1,-0.9248828125165991,-0.4428319242035055
2.4001788743984545,NA,-2862.7260396936917,PC1,-0.6857691442789244,-0.5985720904127457
2.4732155880474385,NA,-2862.385842303621,PC1,-0.7686934628754998,-0.6588410250510455
2.3441244266615837,NA,-2865.7115241054353,PC1,-0.6821566359012035,-0.592428871352058
2.4209516450411086,NA,-2863.9831253539246,PC1,-0.7531395399198955,-0.492703728518268
2.2220934637289584,NA,-2863.4339386080533,PC1,-0.8432950210346203,-0.49556181988403486
2.400440023685931,NA,-2864.4785147877537,PC1,-0.7629089494075311,-0.5661936578082243
2.4017847531780228,NA,-2866.9754325994986,PC1,-0.6889885208178496,-0.6876792930562257
2.260758410982406,NA,-2861.4285145005088,PC1,-0.8271432015925382,-0.5760742391956903
2.292165696591634,NA,-2860.9729566072388,PC1,-0.8386148390497146,-0.5744359663993204
2.4492368897459706,NA,-2860.806913638355,PC1,-0.811715612946737,-0.5853980669816707
2.3308472304426404,NA,-2865.7672521433465,PC1,-1.0629331671077922,-0.3434551746502047
2.4227435811141245,NA,-2859.022495036485,PC1,-0.9338277561461248,-0.4626241018538283
2.437833825496979,NA,-2863.529541180262,PC1,-1.0346465843031174,-0.46643071734705494
2.4448173090701166,NA,-2862.372454170931,PC1,-0.7915469022299272,-0.66461467998994
2.3876927837468207,NA,-2859.7503586593466,PC1,-0.9366198709473379,-0.48683665914658314
2.3564776645503818,NA,-2859.7863975326063,PC1,-0.9241476003310087,-0.49174249312164964
2.3993474948279427,NA,-2859.264474655283,PC1,-0.6625126646671602,-0.6749160947183502
2.3900555014800795,NA,-2858.2510357305223,PC1,-0.8475782035217743,-0.5355574836322942
2.46021673246124,NA,-2863.067997436149,PC1,-0.9118133031248961,-0.607756713551974
2.323903572047404,NA,-2861.6611578649213,PC1,-1.0845081387186764,-0.2642030477280145
2.3509912636599397,NA,-2861.8267946361484,PC1,-0.9306692487705407,-0.5142237099349166
2.4032981081157367,NA,-2861.7078440609207,PC1,-0.8305231713059272,-0.5517351016622338
2.3995737911652566,NA,-2863.104088399968,PC1,-0.96572960374351835,-0.477051025600544
2.390141870372785,NA,-2862.5125277357097,PC1,-0.8914682717888277,-0.5742787080058195
2.4062668469145057,NA,-2864.6407449241733,PC1,-0.9207962724552227,-0.4723279723976319
2.3217922788211274,NA,-2861.915871918006,PC1,-0.8344146799542919,-0.5123474934609108
2.324774095302831,NA,-2862.5074791060097,PC1,-0.8208738886626165,-0.46244056099610853
2.4269011319344838,NA,-2861.795979256456,PC1,-0.880381637031591,-0.4990256738834286
2.2926654149258288,NA,-2861.7847277332357,PC1,-0.8400230827028228,-0.5327350038312004
2.276172114317517,NA,-2859.931283353157,PC1,-0.7904524256596873,-0.494403983798617
2.3989788164587926,NA,-2860.8899506639236,PC1,-0.7446401804112193,-0.7070268483711235
2.309380862661029,NA,-2863.6191983460885,PC1,-0.762530765730736,-0.5593983915922232
2.220692099231925,NA,-2864.5091157265197,PC1,-0.9256023981428053,-0.41317275701542583
2.417737421566573,NA,-2864.757005139809,PC1,-0.648511591592099,-0.7549241444340997
2.2702421138771838,NA,-2861.310295449792,PC1,-0.8358303630556527,-0.4992860601440313
2.306946269264977,NA,-2862.4524171811136,PC1,-0.9789095283333655,-0.3928832903213766
2.288140714746366,NA,-2862.052673126802,PC1,-0.8504699866307986,-0.5609631810619272
2.431628163169247,NA,-2863.1779688674897,PC1,-0.9658574555795242,-0.5705881079308361
2.3398710689386304,NA,-2861.2373921938206,PC1,-0.8037212901978917,-0.5253935865127088
2.374009639302337,NA,-2863.6935038035126,PC1,-0.7999421739421001,-0.5945176623905217
2.4161938318213685,NA,-2861.658702998641,PC1,-0.7729206668027194,-0.614471242829699
2.4691997446818776,NA,-2867.53906012824,PC1,-0.9442789303012753,-0.4496203562792965
2.412205341722949,NA,-2864.722494195805,PC1,-0.7493990624040326,-0.6802594890207008
2.479479484209108,NA,-2865.642534600093,PC1,-0.806472781059071,-0.5738409007395024
2.3872259186014984,NA,-2862.8715945507024,PC1,-0.9874003580666152,-0.441315368529771
2.366736821782544,NA,-2861.941841661045,PC1,-0.8085481062299233,-0.5800209709071991
2.4632503786983686,NA,-2862.862974082402,PC1,-0.7673046542433215,-0.6844938467521614
2.322856968834497,NA,-2862.64727529877,PC1,-0.7726568715745162,-0.5994082428312637
2.3764968857755018,NA,-2861.959678685585,PC1,-0.7717353435524262,-0.6880232875853303
2.423616035255006,NA,-2859.205023890935,PC1,-0.9039861782996326,-0.5017224129688328
2.2217799381674843,NA,-2863.523572223223,PC1,-0.6814410768074406,-0.5506679074611346
2.3533113570757496,NA,-2862.1332068371735,PC1,-0.9468772843485163,-0.4358641868014501
2.465400017044039,NA,-2865.3609380220096,PC1,-0.9936265694256501,-0.3089909970999545
2.387959063611721,NA,-2863.304850461745,PC1,-0.7196505637310114,-0.6743976233079734
2.3086829353550042,NA,-2860.987522203875,PC1,-0.7426960278483393,-0.4935436261795472
2.3404952411320075,NA,-2861.9970499037654,PC1,-0.8386465723679601,-0.5632608527713905
2.4684729564056664,NA,-2862.4974731671377,PC1,-1.0119376539459395,-0.43829574391312326
2.3489648118258044,NA,-2862.3018715768067,PC1,-0.9174231312446873,-0.4276409480362469
2.462154192987844,NA,-2864.121415480814,PC1,-0.9184542788020618,-0.44270474367597423
2.4219259748094135,NA,-2862.7543551060226,PC1,-0.9789795448220048,-0.45027873958679515
2.318953438504002,NA,-2858.9028806353917,PC1,-0.8778685482793692,-0.4668776886762291
2.358781007352406,NA,-2858.3424380587617,PC1,-0.8549331825074807,-0.5789511688632278
2.359844836211008,NA,-2859.402229958578,PC1,-0.870017369464298,-0.46977518807189833
2.434487741501123,NA,-2862.6842170839236,PC1,-0.9079394450378175,-0.6196706156351046
2.3820209653037634,NA,-2865.9442556031063,PC1,-0.7480032438254387,-0.4886121145923184
2.464694473915305,NA,-2865.9457809107653,PC1,-0.7416254364583217,-0.7928108033968431
2.4311263122502678,NA,-2860.977204604041,PC1,-0.9299828796598276,-0.5006785565010526
2.4038473178020388,NA,-2864.242522907167,PC1,-0.7060135658494151,-0.5917623836705102
2.4845198541585467,NA,-2862.029756269569,PC1,-0.9450419840960577,-0.5859137178320043
2.30306433216357,NA,-2861.836815376861,PC1,-0.994000978024355,-0.3180492399373299
2.3532259953732364,NA,-2862.8409197821916,PC1,-0.9528549133031009,-0.5204045845712955
2.4478439773860377,NA,-2860.4703730129163,PC1,-0.772739826267769,-0.5706109290376421
2.2643461606876394,NA,-2868.1774559097275,PC1,-0.5665059890042912,-0.6388443450453285
2.424373953324289,NA,-2863.400416312092,PC1,-0.9348165966676923,-0.5778091853901635
2.389647403437315,NA,-2864.4920678584463,PC1,-0.8957566203812602,-0.5445644693952552
2.4938722816590393,NA,-2863.6806218014026,PC1,-0.953739910932905,-0.47611309206837593
2.3795110691688492,NA,-2859.100662336163,PC1,-0.7396280734666612,-0.6157497074892778
2.39571353549089,NA,-2860.6557906967178,PC1,-0.7257714217790621,-0.6039849108308069
2.3607515504684122,NA,-2862.8835231797357,PC1,-0.8835194392441391,-0.5442023736848278
2.3311411515779215,NA,-2861.691593921542,PC1,-1.1019451482401075,-0.3318052238584633
2.4820953752364123,NA,-2862.201498616417,PC1,-0.7901301888370755,-0.680091430816936
2.3948389184717414,NA,-2861.079931158753,PC1,-0.868222696189743,-0.506654779749675
2.3843876662871835,NA,-2859.746186277303,PC1,-0.8100375457769258,-0.5621757366908073
2.3704991993577895,NA,-2863.9433583633436,PC1,-0.9165433667051797,-0.5439183303219054
2.3008848047646215,NA,-2860.1384525976705,PC1,-0.8168570212066795,-0.5808341771767978
2.5181008041486477,NA,-2864.1946197700654,PC1,-0.7783826494354114,-0.7115565762909649
2.340476048760769,NA,-2858.5231617563204,PC1,-0.9849007638540033,-0.42816114743374734
2.375258163088099,NA,-2863.1327327750687,PC1,-1.0754861547406211,-0.3492177764030624
2.4059095085849127,NA,-2863.0336341524517,PC1,-0.8671209305025402,-0.46455194066828437
2.306847216108244,NA,-2863.2974449145536,PC1,-0.829333462304204,-0.39612805020006664
2.3568509833503763,NA,-2868.3688131232047,PC1,-0.6748632983043569,-0.64542140654355
2.3684788167097226,NA,-2861.3027934017787,PC1,-0.6881346676793456,-0.5818566667554038
2.3763451798562953,NA,-2864.1823132885056,PC1,-0.9745573672655334,-0.48557410553142005
2.339991086827619,NA,-2864.5955813769147,PC1,-0.9139803791417488,-0.4070424871469536
2.401135404635775,NA,-2862.425799006543,PC1,-0.8938100032665137,-0.5017258066934913
2.378562043197112,NA,-2861.9825023161193,PC1,-1.049307129971372,-0.33467543263790844
2.432696167428031,NA,-2861.21400518178,PC1,-0.8708605717577127,-0.505680696009414
2.4429920524165394,NA,-2866.4003096930624,PC1,-0.8483864266691975,-0.5211171116742387
2.3047002816107627,NA,-2858.8005460634627,PC1,-0.7488184230550123,-0.5765075302533992
2.4081264144258077,NA,-2865.5105761727787,PC1,-0.8754518882464655,-0.5734657912692649
2.317064258152023,NA,-2862.8784273936694,PC1,-0.7193065013800662,-0.5523031827101502
2.4021066050025572,NA,-2861.866842120272,PC1,-0.9690772233112378,-0.420020644376472
2.3239879047083445,NA,-2862.584199512822,PC1,-0.8408632888712515,-0.5363407506173028
2.2470699654525235,NA,-2863.1277856249476,PC1,-0.6562770961661357,-0.5608670128383381
2.385118576385963,NA,-2861.0703046906156,PC1,-0.9066012760104216,-0.6003162206992729
2.403110301107622,NA,-2859.8460576888106,PC1,-0.9939101451427079,-0.48071572359851067
2.4079195402272355,NA,-2862.544588280091,PC1,-0.8337034706691291,-0.5486937677469371
2.337909869395315,NA,-2862.9332008101637,PC1,-0.8716840121337532,-0.5792317792619619
2.375412060861812,NA,-2861.844986198229,PC1,-0.712572567867646,-0.6767279504617844
2.3129761661824264,NA,-2862.9387200616225,PC1,-0.7748275634656381,-0.5272483369660802
2.4417978386037222,NA,-2862.360012370287,PC1,-0.7644750232175304,-0.6464526425839018
2.301638198257552,NA,-2863.7613332798433,PC1,-0.6886214079979548,-0.6204945902989938
2.3144815411315727,NA,-2860.121874809814,PC1,-0.7957178712316532,-0.5543519019777862
2.3639468175587806,NA,-2864.321201268031,PC1,-0.7308612109922713,-0.4577897014835379
2.3035280564510954,NA,-2862.9277777025773,PC1,-0.7584219443515174,-0.43297514341862064
2.4605228391019565,NA,-2862.55004859023,PC1,-0.8621314518904862,-0.579983651603546
2.3310058549278314,NA,-2860.1033522139087,PC1,-0.7776967750208086,-0.5877703639631902
2.3565174154294373,NA,-2859.2778184804156,PC1,-0.8362627931261466,-0.5129608152452013
2.4491127503369543,NA,-2862.948786756176,PC1,-0.7880182265111005,-0.7261434661550755
2.269749059073678,NA,-2863.103345574399,PC1,-0.8639757953364928,-0.46044011952896313
2.4861665657251244,NA,-2865.285209671797,PC1,-0.7751636205999484,-0.7266533357966529
2.395684942271051,NA,-2861.5570146938426,PC1,-0.8888362510818812,-0.471665712845916
2.356375968995963,NA,-2863.4751221856286,PC1,-0.853483050144631,-0.5855844716512776
2.3074972427875218,NA,-2863.804643839873,PC1,-0.9739324252248535,-0.36846348473633467
2.2806452960187467,NA,-2869.942925516956,PC1,-0.6691644335480982,-0.7418307223598796
2.3171228362744105,NA,-2863.2117812995334,PC1,-0.8104295889048555,-0.5841064627861653
2.3575269938684773,NA,-2861.656521562804,PC1,-0.7617205336736179,-0.6425165751287327
2.2982135503395424,NA,-2870.476294001235,PC1,-0.8633074718192174,-0.3283013270747506
2.4148767704671448,NA,-2862.8652186988556,PC1,-1.0948673305253491,-0.3414540315258803
2.3170065655877714,NA,-2862.5721630153835,PC1,-0.8595073251058131,-0.4486875729253059
2.4146138853960464,NA,-2861.221150999667,PC1,-0.8986732356684453,-0.5599769173380188
2.3658233071157593,NA,-2862.9891738813812,PC1,-0.9179454007799341,-0.4578212483269068
2.322758410778528,NA,-2865.9251659405686,PC1,-0.8087484863176047,-0.4868624427416627
2.417463464996167,NA,-2867.391248097922,PC1,-1.0055020861344626,-0.39396443227333183
2.4713485737338288,NA,-2863.290970463287,PC1,-0.8547055200850967,-0.4988604422023711
2.4053220739804226,NA,-2863.680219039502,PC1,-0.7949149870790765,-0.5382094439352623
2.2667137628683696,NA,-2861.7728516045354,PC1,-0.8943206656887542,-0.4055649191533614
2.38700674509529,NA,-2862.598480072044,PC1,-0.9042157446543255,-0.400797094886218
2.232464821951008,NA,-2869.2791248156623,PC1,-0.7469376800077984,-0.5218372238467284
2.3033151257419666,NA,-2863.600212556557,PC1,-0.9047195851750149,-0.5300887966050803
2.296437974619338,NA,-2864.649031622688,PC1,-0.6693497109048022,-0.5539614674857802
2.2876977074391394,NA,-2864.604146517609,PC1,-0.8756960512253583,-0.5185502853632481
2.376586462514862,NA,-2859.71255797995,PC1,-0.8847766561798142,-0.47313189168776015
2.3251623475452123,NA,-2862.326195904623,PC1,-0.8802144034220899,-0.5120550528289002
2.3130166072366842,NA,-2861.8786090067324,PC1,-0.7514469075490013,-0.5551623561085164
2.354216632920011,NA,-2863.7872479826347,PC1,-0.8332354876415308,-0.5239406285504681
2.3831484345230867,NA,-2862.2022865718886,PC1,-0.8286309002428965,-0.41962732569075567
2.3312296781389397,NA,-2863.007012650231,PC1,-0.9012689521143555,-0.31977948140060375
2.2737217867549973,NA,-2862.560186246767,PC1,-0.8608284598198268,-0.5367909922141629
2.458172367990882,NA,-2862.1144905801184,PC1,-0.9140044613780477,-0.540277567152923
2.4668234918651817,NA,-2866.1962300906534,PC1,-0.8372380430017198,-0.5986437259129584
2.4212163103819586,NA,-2860.156678012069,PC1,-0.860113275083415,-0.519996853883416
2.3550444290003307,NA,-2863.495053540209,PC1,-0.8478638541259848,-0.5690628238323387
2.358246996176792,NA,-2862.765610631693,PC1,-0.7384620472132836,-0.593502406125096
2.454783004986473,NA,-2863.1041252663763,PC1,-0.8144424963505809,-0.5425709453482704
2.4164641743476447,NA,-2863.2582972226555,PC1,-0.9479947341532504,-0.41286353937603343
2.256707855053744,NA,-2862.7737513149805,PC1,-0.8672233834751976,-0.3980503804199391
2.4215732601035445,NA,-2865.9214116628427,PC1,-0.7865193154133062,-0.6323031649720525
2.4570023556252494,NA,-2862.46725168072,PC1,-0.9133989892602673,-0.5989351579032723
2.4480338254591336,NA,-2861.125728533056,PC1,-0.8686313664406647,-0.5360515279939535
2.339348506062607,NA,-2861.7661122617133,PC1,-0.9255886836307236,-0.5348724388403946
2.4299485115362027,NA,-2861.7009606830743,PC1,-0.7836465564675482,-0.627587163099805
2.3371198004635647,NA,-2866.808335643308,PC1,-0.7836559375835558,-0.5185957782058599
2.3421482261489452,NA,-2860.593550940395,PC1,-0.634689533748229,-0.6405703032892693
2.2608106835472226,NA,-2862.8744044641985,PC1,-1.04049964969569,-0.310080160529803
2.491816338961166,NA,-2861.871588232878,PC1,-0.8378931370368301,-0.6887940633112808
2.3925833891630073,NA,-2862.925813226125,PC1,-1.016888686500515,-0.38069101868742455
2.3321295173566474,NA,-2861.4348304383,PC1,-0.8850032457895016,-0.40691063504870517
2.484055719087182,NA,-2863.311676612984,PC1,-0.637433619758014,-0.719382737173458
2.3263407335786717,NA,-2861.917414964615,PC1,-0.6206939869077379,-0.6343067553866105
2.4201098539562342,NA,-2861.7080984688946,PC1,-0.6999227520188688,-0.652847699871322
2.3634469559959177,NA,-2862.194588009528,PC1,-0.7357418418682301,-0.6216541710612156
2.2913747811464376,NA,-2862.846575104922,PC1,-0.8342358640436845,-0.6336117042218277
2.361522812509938,NA,-2864.7882777723835,PC1,-0.9131166929549587,-0.40290721180257094
2.378196931393371,NA,-2861.493990681083,PC1,-0.7842014482259738,-0.5510694733673508
2.3689136264648085,NA,-2866.0122267758215,PC1,-0.9539510925064407,-0.5848354687439953
2.3707878491678063,NA,-2862.749485728687,PC1,-0.756615278642081,-0.5622661801613943
2.344204096004632,NA,-2862.2771005373666,PC1,-0.9742204928370934,-0.47653520966404306
2.379148170051407,NA,-2860.7924537167764,PC1,-0.8712594011681647,-0.48327755011146734
2.575781161575177,NA,-2865.819401376542,PC1,-0.9387844628487603,-0.5244539743352861
2.3390221227560404,NA,-2862.9968915574445,PC1,-0.6827092032694335,-0.6766644568329896
2.3761305153358685,NA,-2865.256150057766,PC1,-0.9581625206784959,-0.4976230118969171
2.4180832356073694,NA,-2865.083620798595,PC1,-0.8423148037986115,-0.7167050014460726
2.319416930314212,NA,-2864.2196965050493,PC1,-0.8573967210107231,-0.4287995115951478
2.25036717824346,NA,-2863.8889899714954,PC1,-0.7841992736858008,-0.5666198351005218
2.434856999592649,NA,-2863.1042213462274,PC1,-1.0124257269888175,-0.44126323403044687
2.336324060663863,NA,-2864.1134216294918,PC1,-1.1221999372562992,-0.3394179868934713
2.2205611652064454,NA,-2867.717072511718,PC1,-0.7738351927971043,-0.5250587949637783
2.3404563987112237,NA,-2859.968141818378,PC1,-0.8704338286040871,-0.4724465699098645
2.400068085875319,NA,-2862.5688899120355,PC1,-0.8098293575284884,-0.6111137825814613
2.272591405941503,NA,-2863.4240114265,PC1,-0.8249009198721795,-0.5092292273556638
2.3944942904874793,NA,-2865.80191655955,PC1,-0.6995134093080957,-0.5058361531072589
2.414202306073547,NA,-2861.118729193865,PC1,-1.029334470524721,-0.3283546545310926
2.3537625429689326,NA,-2862.8237661294097,PC1,-0.7953089529264776,-0.5233500867703407
2.3606486725053752,NA,-2860.2192170796516,PC1,-0.8336441111145667,-0.6081928370582108
2.316336019703775,NA,-2863.1954949543856,PC1,-0.9940209243189626,-0.3636331458112716
2.4407356095380592,NA,-2860.6045045730843,PC1,-0.8030205822574705,-0.5509335633070808
2.4941709991202754,NA,-2863.6347350467654,PC1,-0.9710110260292443,-0.563598157513489
2.3636597371709733,NA,-2862.2891600033163,PC1,-0.8632595577610237,-0.5355263888788281
2.2839584995381257,NA,-2861.7117352268415,PC1,-0.8318097805221707,-0.5519321760502929
2.377392245082764,NA,-2866.366688234563,PC1,-0.715647879690586,-0.6579145508668245
2.361687310118974,NA,-2861.5789900090663,PC1,-0.6561314564446056,-0.6150823566097258
2.449559806990016,NA,-2860.9337764289558,PC1,-0.8119605654410369,-0.5849542506348547
2.3575161462437264,NA,-2864.278939253515,PC1,-0.5994369198093541,-0.6020718060098582
2.4294107255341397,NA,-2869.3240111011323,PC1,-0.6562925517786335,-0.8274823559816149
2.3141773553940386,NA,-2859.993537348569,PC1,-0.695094600610091,-0.6271618257954247
2.3388420765293523,NA,-2862.7776125820214,PC1,-0.739012700732102,-0.6390813610968745
2.41837001509267,NA,-2859.8724130247906,PC1,-1.0202741466567362,-0.44205568999759376
2.309451377226802,NA,-2868.647030259835,PC1,-0.9084236352372468,-0.46492368628775416
2.321090561325235,NA,-2862.3702644059063,PC1,-1.0408884755111785,-0.32995197416528615
2.5052672425102314,NA,-2861.027267576262,PC1,-0.8603362320807394,-0.5484318000596815
2.3835279616970735,NA,-2864.670812329995,PC1,-0.7696197357372633,-0.670249941781492
2.425720158605292,NA,-2862.5910281151337,PC1,-0.816604678758421,-0.5641111153848386
2.4448006575315717,NA,-2864.5423043346696,PC1,-0.8066366401250192,-0.6068403650346882
2.394833105443039,NA,-2861.6342620075925,PC1,-0.8549617609908022,-0.49264468138058115
2.3769713814097146,NA,-2860.20777462125,PC1,-0.9726562677155619,-0.46842102248565376
2.353796726392003,NA,-2864.657858942697,PC1,-0.9877206665148761,-0.5270750029488075
2.3487875282690083,NA,-2860.303724228413,PC1,-0.8839908121515997,-0.40342375791642576
2.4270765302378847,NA,-2859.9722059124456,PC1,-0.9269321177511023,-0.4240640926909477
2.3673396789831314,NA,-2863.6297742430243,PC1,-0.8047209251752621,-0.5839625764845613
2.3735304628440526,NA,-2865.8739252738023,PC1,-0.5674966756978965,-0.6893653335232482
2.4886396718701236,NA,-2865.2907518198836,PC1,-0.8562428161548817,-0.6892620567764597
2.3468940277458916,NA,-2859.1003019879695,PC1,-0.7278428646578824,-0.5825368264522013
2.3755845729746072,NA,-2863.6648658496397,PC1,-0.8234247824780785,-0.4452716117073627
2.3817649284160223,NA,-2859.9056006983715,PC1,-0.9218793936403553,-0.4403612314373285
2.3346040482203763,NA,-2859.9065202512415,PC1,-0.8842409054961351,-0.4408031098979371
2.3758925641848974,NA,-2859.6929785184934,PC1,-0.8825077484823267,-0.4308687561370508
2.4025761283278295,NA,-2859.079682180354,PC1,-0.8921048742411739,-0.47745931958967036
2.5548662386984837,NA,-2863.968785917945,PC1,-0.8199201226946641,-0.719218758610532
2.255357014928239,NA,-2866.498251986968,PC1,-0.7693787543062465,-0.47325881370836265
2.384759636298026,NA,-2863.602514845512,PC1,-0.8358929739588776,-0.5078036198488383
2.4273225781044263,NA,-2862.0940686783233,PC1,-0.880189350181516,-0.5472459309203392
2.4761290577591533,NA,-2863.765947469017,PC1,-0.7684731398250961,-0.7071605819972111
2.2754315031019856,NA,-2865.382090645837,PC1,-0.8106982057328189,-0.4620252802203207
2.3657681564211885,NA,-2864.232242434876,PC1,-1.007674892702891,-0.38406709498550157
2.420299491355419,NA,-2859.8942041362193,PC1,-0.8752214934319438,-0.5419097089550207
2.3993720660466087,NA,-2859.889224717075,PC1,-0.8370379641730133,-0.6058359108719389
2.231703960941407,NA,-2862.480242171893,PC1,-0.8412946938014361,-0.4902728664692613
2.285379988630714,NA,-2866.0138413547807,PC1,-0.5635328046580613,-0.662433213236465
2.34206036517064,NA,-2865.9775088771135,PC1,-0.6038270534743255,-0.7418533763529521
2.2522202176228228,NA,-2864.4170220080923,PC1,-0.9995808515649569,-0.24446824603467482
2.298415919536038,NA,-2861.777803123643,PC1,-0.7614758730966859,-0.4888379338973907
2.303376192601123,NA,-2861.9193540130436,PC1,-0.8232841853854174,-0.48446235107882446
2.2852065241597406,NA,-2863.995585981211,PC1,-0.8561993346489861,-0.5475075241168275
2.426916747097076,NA,-2858.6713357880303,PC1,-0.8444666955654664,-0.5372321972347808
2.3657878853331344,NA,-2863.8924942962303,PC1,-1.0743084872456605,-0.37078616137411
2.3224870157755517,NA,-2863.823623960905,PC1,-0.7965618864790011,-0.3838891907575462
2.284024467377467,NA,-2862.307107746319,PC1,-1.000165347317583,-0.3542485832309041
2.3470006370441663,NA,-2862.7858233762604,PC1,-0.7845712933743547,-0.5459409383358154
2.272729678878059,NA,-2862.1400456545307,PC1,-0.7108702106904824,-0.5857775502811882
2.32945494378898,NA,-2867.175804935006,PC1,-0.7317887020195717,-0.5463599114974393
2.308607387758982,NA,-2867.913676416268,PC1,-1.0713997232992278,-0.3698850831761016
2.437809387981979,NA,-2862.841218523699,PC1,-0.7649170201447886,-0.6722260899075229
2.3404174431468743,NA,-2861.94842247914,PC1,-1.1562384926282299,-0.29531772828265795
2.358777993275851,NA,-2868.3284849739607,PC1,-0.7123751513799106,-0.6135430476526186
2.4113369706004892,NA,-2859.4280685130957,PC1,-0.894085852199423,-0.4835851769739184
2.3963671820724963,NA,-2865.460688946117,PC1,-0.765572795371212,-0.7148707325250866
2.4780314766990594,NA,-2861.311361115127,PC1,-0.7717792468591105,-0.595469668528689
2.4016299980670093,NA,-2861.735403646736,PC1,-0.9019557422250655,-0.5588945645668225
2.386532621992132,NA,-2864.56899391309,PC1,-0.6982615494162467,-0.6665853228901419
2.4487255077303987,NA,-2862.279653797078,PC1,-0.836304372495655,-0.5334672029651981
2.452174323697983,NA,-2864.1826242720385,PC1,-1.0577412336974725,-0.45291327211932497
2.2669966970105397,NA,-2861.273236272523,PC1,-0.8041355877155034,-0.5447197827495738
2.3586015378106704,NA,-2865.2217305282998,PC1,-0.8033734337921631,-0.49619501259704435
2.408044678524492,NA,-2862.250586734988,PC1,-0.9846567984787032,-0.42803834794308865
2.3877617287168915,NA,-2863.7392238427415,PC1,-0.9704017507195787,-0.5321671294324097
2.4728829444665292,NA,-2862.5262860970215,PC1,-1.0110229112527835,-0.44011521038979506
2.431014836953758,NA,-2865.1082501922806,PC1,-0.8249903013878531,-0.5178192141342984
2.4317744731051225,NA,-2863.7925761183274,PC1,-0.9408562902070516,-0.5188843393871925
2.379251652789168,NA,-2862.9663039022143,PC1,-1.070423204414984,-0.3312593639889255
2.3243652926015486,NA,-2862.9448181906123,PC1,-0.8430776985755726,-0.4756109134970936
2.296197465691506,NA,-2864.13774269771,PC1,-0.9526029834992119,-0.37685976846466274
2.2982406794636168,NA,-2862.2734732351314,PC1,-0.8997000678098133,-0.3585367373695724
2.492113303698772,NA,-2861.6599582138983,PC1,-0.9055375756828975,-0.6035621589481223
2.3733530027296386,NA,-2861.239793082231,PC1,-0.8868862213605441,-0.39597683976868714
2.235029100667781,NA,-2865.7894819713288,PC1,-0.7645162295917769,-0.5921992616492413
2.2476256528483125,NA,-2866.8256462048707,PC1,-1.0670640310928732,-0.4044791144663983
2.296392162485169,NA,-2862.625868186553,PC1,-0.8365984689506406,-0.5130672228199704
2.3332337744492233,NA,-2864.2065390350767,PC1,-0.981963721324533,-0.35453943259193454
2.245329484129267,NA,-2873.242429635582,PC1,-0.9414606837764349,-0.27725102898655113
2.5073313786444054,NA,-2862.9793231250824,PC1,-0.7759357669397641,-0.65464066706214
2.4746268171098498,NA,-2864.3811680972485,PC1,-0.5992234664324119,-0.7167108214136657
2.484605005526197,NA,-2863.4525693106,PC1,-0.7904273610521837,-0.6446958464631253
2.3955951290022477,NA,-2859.1360744485514,PC1,-0.9951636118349992,-0.4622308960955347
2.3634106662894703,NA,-2868.3238498139067,PC1,-0.8073725041462546,-0.4803908945379656
2.3924910339687595,NA,-2863.032877702261,PC1,-0.9093837389805057,-0.44376346882196965
2.325366144507778,NA,-2865.6002041034362,PC1,-0.8980430036481941,-0.5396564942397343
2.3859202585718036,NA,-2865.6522647472684,PC1,-0.6710118169161973,-0.5913220121096397
2.4505385769050663,NA,-2863.2319505787864,PC1,-0.8089007198854147,-0.6877450124416652
2.3559876394322146,NA,-2866.129695205844,PC1,-0.8976627831599131,-0.5840271863115175
2.346079248051377,NA,-2858.9158651363,PC1,-0.8461125908916384,-0.5326968620161913
2.3707780087345065,NA,-2864.268987059697,PC1,-1.0389934785590769,-0.4120028527134939
2.2055669567184735,NA,-2863.1893137421166,PC1,-0.8440749489842386,-0.390946115219358
2.400303371436225,NA,-2861.447717279534,PC1,-0.7036767947579975,-0.6780952376147433
2.3720883469179124,NA,-2862.5523225012184,PC1,-0.9715953766049865,-0.41577583717658784
2.4171513644042664,NA,-2864.614309909709,PC1,-0.7479089548922336,-0.6837679465106573
2.326253323836778,NA,-2861.7709570468837,PC1,-0.9585064537601382,-0.4219601836087623
2.4665820438186308,NA,-2860.7594443697026,PC1,-0.9180164134201649,-0.5631248891045741
2.3006608571726916,NA,-2862.375523389457,PC1,-0.9089616367966264,-0.40246140673321745
2.3446431498536255,NA,-2860.6469119143258,PC1,-0.8544810752953225,-0.5173921951725082
2.462438468329804,NA,-2863.5170975867286,PC1,-0.7624288858036281,-0.5824234890207706
2.4166601642235825,NA,-2859.208483354339,PC1,-0.9544243640684886,-0.476160393547451
2.3727317505537275,NA,-2868.5842684436907,PC1,-1.168032451686752,-0.27723630811345273
2.4598902687583357,NA,-2864.5990715983344,PC1,-0.7311931958608355,-0.7171573582286072
2.2891137863655007,NA,-2864.5092747902445,PC1,-0.803419435677852,-0.5396878126465204
2.2672250769886064,NA,-2866.7162201543656,PC1,-0.9124526529122508,-0.48117933891382375
2.4057626629861986,NA,-2861.9463866355886,PC1,-0.7605644432132148,-0.6129766916351095
2.2917288932475013,NA,-2864.7424693713965,PC1,-0.7009124709709078,-0.6022298693332938
2.3462821221320334,NA,-2865.940347799874,PC1,-0.8693998922378038,-0.4427719693890721
2.4057486301789894,NA,-2858.509447946011,PC1,-0.9996723491089577,-0.41962968393644395
2.4669526910126485,NA,-2864.8226873491303,PC1,-0.8270354775374759,-0.48245174834613463
2.3387075795206447,NA,-2867.426686236475,PC1,-0.6956226911042682,-0.6640828078602924
2.384044179860309,NA,-2868.1589204041547,PC1,-0.8820922847762839,-0.5367316440547765
2.2692738959304837,NA,-2864.8502248053583,PC1,-0.8263905828688138,-0.65413627531073
2.474519209892791,NA,-2862.3049331333073,PC1,-0.7745326046508896,-0.6711622323123874
2.214788546871086,NA,-2866.2240050634045,PC1,-0.9210805880040588,-0.30858325778843393
2.465864553390198,NA,-2860.8136257218725,PC1,-0.7338212361584736,-0.639606813264552
2.374710778828926,NA,-2863.512842657748,PC1,-0.8467079536601072,-0.5233569315877507
2.3159585651559684,NA,-2862.204900511367,PC1,-0.9296644861677863,-0.4605839888046922
2.387020280145445,NA,-2864.0876328124605,PC1,-0.9402762586641754,-0.3793633007933819
2.310317698402537,NA,-2860.0446322640496,PC1,-0.8092790249318833,-0.5402604228476884
2.224597911830291,NA,-2865.232991536122,PC1,-0.8954871346992496,-0.39847888173257473
2.4932810731124246,NA,-2864.8319699121726,PC1,-0.8474460365659836,-0.637007087536932
2.3633130487885308,NA,-2864.895092302705,PC1,-0.6785869496010217,-0.5094789348926081
2.3876092536091074,NA,-2861.509309292839,PC1,-0.7154161252157061,-0.7639286707910578
2.3901397427721394,NA,-2860.712864915103,PC1,-0.908861911127721,-0.4862384159998321
2.347329472079739,NA,-2863.4692736636484,PC1,-0.9693855975316945,-0.5610641225765145
2.3596200777269223,NA,-2863.7254372909224,PC1,-0.7753140634117335,-0.5715773925202358
2.426349963322425,NA,-2861.53894859304,PC1,-0.8596957199224778,-0.5497691996121532
2.3825444303250025,NA,-2864.9749253213095,PC1,-0.7904610149377432,-0.6423372686253747
2.4390795427591216,NA,-2861.428119127606,PC1,-0.9097528387238294,-0.4894774793978082
2.381071227361526,NA,-2861.4874865316638,PC1,-0.7786404295905478,-0.6067918122651856
2.433805812105234,NA,-2861.463041792849,PC1,-0.8391421372953617,-0.6257302043305958
2.280377128130199,NA,-2862.980209266227,PC1,-0.7896351357937184,-0.4747399406223158
2.543193956693256,NA,-2866.6452278232077,PC1,-0.872120567607356,-0.502831488091049
2.4896923326542746,NA,-2871.7698489560107,PC1,-0.7206057753217577,-0.7929580770292735
2.370668428510834,NA,-2860.4828648967464,PC1,-0.9472848551005423,-0.4342925857260481
2.30752215416592,NA,-2863.3367366418993,PC1,-1.071507419140749,-0.3264426575435223
2.253220415061678,NA,-2861.979780094525,PC1,-0.8220742734358205,-0.5195322568436741
2.3286554140251883,NA,-2860.922465306942,PC1,-0.7298385195362334,-0.6921628348208527
2.40489596708693,NA,-2861.9348724156425,PC1,-0.9134099787627507,-0.42708157642974054
2.464611295077687,NA,-2860.9349874351515,PC1,-0.8984963601060949,-0.5995998793985519
2.3440429033719985,NA,-2861.7406433882006,PC1,-0.7768816659615504,-0.516970583448572
2.2959858448755215,NA,-2861.0732383375694,PC1,-0.8357213886032827,-0.47088796604089467
2.3550529433990848,NA,-2861.5013201417487,PC1,-0.7515741743666148,-0.506305049667843
2.2737236712900106,NA,-2860.498084731308,PC1,-0.7878999122142313,-0.4726138685005314
2.426177031989553,NA,-2866.5779593548646,PC1,-0.645655557303064,-0.6962832705544769
2.442770763773472,NA,-2864.814919699588,PC1,-0.7740941979631263,-0.7043136289625171
2.373334680248091,NA,-2861.5317349986444,PC1,-0.8815000499056111,-0.5166455249695265
2.269305671626735,NA,-2861.5499988870824,PC1,-0.8578685781329173,-0.42773750772983854
2.4361497301034216,NA,-2861.7778104400904,PC1,-0.7729828243713166,-0.7121749567826869
2.407543236045986,NA,-2859.6189626693777,PC1,-0.7850652224362838,-0.5968392803222371
2.471087246855246,NA,-2865.828265892092,PC1,-0.6925659159590944,-0.7673676208708258
2.4585023766427976,NA,-2866.497828858745,PC1,-0.9416697363057126,-0.5094518063481909
2.3031913458406117,NA,-2862.743066102473,PC1,-0.8664453237506818,-0.5455276447833941
2.298140916931798,NA,-2866.182373304703,PC1,-1.0703091709085586,-0.34243409860034824
2.4132377682269808,NA,-2864.140876183086,PC1,-0.8742041949105991,-0.5247666633853811
2.3193009683452295,NA,-2874.189930254701,PC1,-0.8565512736013576,-0.4286407875766829
2.3986932399130585,NA,-2866.781659543824,PC1,-0.49384381280054274,-0.6993801694742483
2.320622455272649,NA,-2860.1339692697347,PC1,-0.8281984396919561,-0.5360768356646513
2.329602187949836,NA,-2861.286014281945,PC1,-0.9115275965708932,-0.42602538658178163
2.2809161912162947,NA,-2864.9835673388184,PC1,-0.9510261716847053,-0.5170868697359876
2.389182286643503,NA,-2861.2529969808825,PC1,-0.7697426257818168,-0.5924948697217919
2.3783471159648766,NA,-2861.334136800834,PC1,-0.7744090516755011,-0.5563227589117699
2.2256520901950614,NA,-2861.332795788899,PC1,-0.8395276378078836,-0.4681752868200181
2.2843687645869606,NA,-2865.106786498829,PC1,-0.8893365668273657,-0.5597000392518993
2.3006472262833335,NA,-2865.2378395626893,PC1,-0.9147746976204545,-0.4518348030381504
2.3467007313174566,NA,-2861.3016246374027,PC1,-0.8505134658726119,-0.5256732596642258
2.357033888112817,NA,-2862.875199234574,PC1,-0.8126722900130554,-0.5270325734907297
2.3549109525213305,NA,-2862.3398160650945,PC1,-1.115630501995128,-0.3905494298328842
2.369606288877008,NA,-2860.5074055098453,PC1,-0.9242296129975416,-0.473629420136973
2.3683485235405395,NA,-2865.2700584508234,PC1,-0.9597651691364408,-0.47814764603780124
2.3541092720520744,NA,-2863.1568251012695,PC1,-1.0120176479645469,-0.3868286822150417
2.382846848413554,NA,-2864.5993691115636,PC1,-0.5684694433951447,-0.6391794700535981
2.3464202851077927,NA,-2862.4058766363887,PC1,-0.7521934636638326,-0.5377513316943535
2.2678270644661858,NA,-2862.601241241373,PC1,-0.838342085351437,-0.5772650789262457
2.4354944345787595,NA,-2861.733431508427,PC1,-0.824211798244246,-0.6013453306803532
2.42976611615173,NA,-2865.5860201154896,PC1,-0.7006779651059838,-0.7610648866405757
2.2913228216083588,NA,-2864.5084700007737,PC1,-0.936631575923548,-0.31083493848165566
2.3780343604995138,NA,-2864.314723972627,PC1,-0.7325566251209468,-0.702883068031696
2.3647928583630553,NA,-2866.9813661603544,PC1,-0.8089060542058251,-0.56705796405549
2.2928951691277653,NA,-2863.705776488054,PC1,-0.6679513587259384,-0.549736177325053
2.401688138940506,NA,-2862.7231369121937,PC1,-0.9510242051665303,-0.4817790493021651
2.355767975242071,NA,-2866.305039244345,PC1,-1.0035497907399207,-0.4524003301887092
2.2927597360950895,NA,-2863.033225047994,PC1,-0.8883971446562248,-0.5172262722923648
2.3946825133238905,NA,-2864.908184006235,PC1,-0.9815378006461919,-0.47843769583518037
2.457409775968183,NA,-2866.1857336230355,PC1,-0.6982540450098558,-0.757311033399923
2.407658108891265,NA,-2859.660123658357,PC1,-0.8006642144563295,-0.5633940758514573
2.412888503309291,NA,-2864.36740986547,PC1,-0.6866745151627254,-0.764380740401465
2.316857048931498,NA,-2862.5854271225307,PC1,-1.0716846061674956,-0.38789089274129596
2.2553496692402706,NA,-2864.2463535584006,PC1,-0.6948177393697624,-0.6066172473591812
2.405643193015162,NA,-2867.809610018623,PC1,-0.7471407250100454,-0.6484258010196849
2.3854755281948763,NA,-2866.558544395927,PC1,-0.8833608164871064,-0.4921976809406308
2.3637424034073313,NA,-2864.1855826922465,PC1,-1.0426311701475233,-0.37646120315875553
2.348884334664835,NA,-2865.6544466387163,PC1,-0.7823625222955995,-0.4767595916743252
2.2981288295396514,NA,-2864.1828143915786,PC1,-0.8359501928304965,-0.5699377762736562
2.341101243283569,NA,-2870.364343440715,PC1,-0.637925134841513,-0.5916138764305695
2.3601253844732177,NA,-2865.7026408192432,PC1,-0.8741011767306202,-0.6008019188050351
2.3161069271393804,NA,-2859.0895010244494,PC1,-0.8248010910474182,-0.5147873358762378
2.443907817380808,NA,-2864.715547060343,PC1,-0.9250051146645508,-0.5207773778039732
2.4347009765371643,NA,-2862.2390049991736,PC1,-0.6997722184896507,-0.7433901385140044
2.448688037338396,NA,-2862.1976147264295,PC1,-0.790825235645832,-0.6433519175643275
2.45676767952959,NA,-2863.2533951432647,PC1,-0.9225586192476266,-0.6539797449177268
2.433135117820477,NA,-2863.1740799442355,PC1,-0.7324735598239802,-0.6392087170801619
2.328068798293679,NA,-2862.22051921242,PC1,-0.9705227517434445,-0.4093845551135596
2.4499199390335775,NA,-2859.6059981536314,PC1,-0.875772240540148,-0.5549935042233457
2.323988372807697,NA,-2863.3686886791293,PC1,-0.8975799883486063,-0.5349307761987775
2.253147756154722,NA,-2862.9727992805774,PC1,-0.8941090947523952,-0.4233844571774199
2.376798757538361,NA,-2863.399434102066,PC1,-0.7865848016098723,-0.5651516031697458
2.3705631752571787,NA,-2869.0556108316478,PC1,-0.9943424954935888,-0.48821758235938045
2.335650675114844,NA,-2865.2693694255217,PC1,-0.6899444091544025,-0.5998537232030351
2.401163622117488,NA,-2862.5549694206275,PC1,-1.0241105681318885,-0.44112435051433524
2.459613563720528,NA,-2860.404773849623,PC1,-0.780121567493249,-0.5783211790185593
2.3105180056356747,NA,-2863.8649083861524,PC1,-0.7166136115753311,-0.46211812286028814
2.3845627306074557,NA,-2863.6384858853285,PC1,-0.6090192493493395,-0.7082558587615405
2.4415374279589472,NA,-2860.832768432809,PC1,-0.881784620211095,-0.5134759727689212
2.3827099350527923,NA,-2865.5109539892296,PC1,-0.9207562128484064,-0.5954769106283598
2.3060105214607507,NA,-2862.273791469729,PC1,-0.6779558454393975,-0.5970211896354068
2.3430398726151545,NA,-2859.1178323989375,PC1,-0.9557114630609209,-0.44924187557420325
2.3630535306804203,NA,-2861.307804703977,PC1,-0.8569211773618648,-0.5351543783685221
2.4187607174844556,NA,-2867.846288313992,PC1,-0.7562585370186092,-0.6346993343893994
2.478757400837698,NA,-2862.8794121621386,PC1,-0.5654635250164731,-0.8700707870513114
2.424251979077967,NA,-2863.1811459503183,PC1,-0.9795095417676543,-0.48849970691514083
2.361988888070448,NA,-2865.6530429312106,PC1,-0.6991972928239243,-0.5236063772147553
2.3129338330784828,NA,-2860.592286307055,PC1,-0.8614700195774234,-0.3902759726987194
2.372956130096679,NA,-2862.1283120977164,PC1,-0.7895454699360523,-0.6400878386469894
2.20524753836983,NA,-2864.933063621614,PC1,-0.9385458724733531,-0.29306745895993225
2.33491709274458,NA,-2865.4752083611734,PC1,-0.8729987498268761,-0.44068812160056003
2.375595806872983,NA,-2864.318315512701,PC1,-0.9934960172151991,-0.39074533686022495
2.3128861646064163,NA,-2862.4287503316827,PC1,-0.979192508808548,-0.4141504095255075
2.2981562167289553,NA,-2868.149011179014,PC1,-1.0241503598157098,-0.33120582197702475
2.366020717555851,NA,-2867.800367619529,PC1,-0.6812763194307657,-0.6967874980421499
2.4294952257983997,NA,-2860.995883064359,PC1,-0.9657488235718097,-0.4353005943987814
2.362398438423617,NA,-2862.90364339422,PC1,-0.8743526376867142,-0.48451722264165287
2.3959949185962164,NA,-2866.556937908375,PC1,-0.5461001968431595,-0.7004426355133327
2.30459891961079,NA,-2861.803718982713,PC1,-1.014090277217764,-0.30461558750201084
2.3719637096922326,NA,-2866.7281998514545,PC1,-1.0002503206220659,-0.4397659820737594
2.3327819433316956,NA,-2860.0199638369672,PC1,-0.8591571137645958,-0.4676333394323164
2.272163355827236,NA,-2867.2061185219736,PC1,-0.8698498714815021,-0.42996955326374525
2.452965175173989,NA,-2865.8320782555656,PC1,-0.9866602636329395,-0.39444933470894694
2.422894111913904,NA,-2860.446359329312,PC1,-0.6776522024046785,-0.6907114426578701
2.489219767435204,NA,-2865.457557347951,PC1,-1.088034355456617,-0.41595520728799956
2.335280531769329,NA,-2866.01350473943,PC1,-1.1170562021008021,-0.3384379983568724
2.5026599686320226,NA,-2864.3198163056286,PC1,-0.8456218294004493,-0.6216486043683364
2.366495286070602,NA,-2860.693443134704,PC1,-0.7130273437658152,-0.706795809654952
2.4204376668979304,NA,-2865.458469219114,PC1,-1.0013447727154534,-0.5406020228529519
2.3659574511138337,NA,-2864.4377333731986,PC1,-0.955392762341657,-0.6034994697692545
2.3988500950853644,NA,-2865.231051621925,PC1,-0.717535516267146,-0.5968055301858641
2.2554337647194087,NA,-2863.2307008093817,PC1,-0.9697428722666184,-0.3667456687147045
2.4313061488573458,NA,-2863.488502125284,PC1,-0.908368583452292,-0.43030099172633385
2.2410310637450714,NA,-2863.3998586968005,PC1,-0.8501538608579463,-0.5417437972356304
2.4563542456961587,NA,-2860.879759801773,PC1,-0.8939270161185577,-0.6082794283533746
2.3606797255463037,NA,-2863.626460827909,PC1,-1.1377895024924873,-0.41357008993270994
2.199481016953192,NA,-2864.024682307724,PC1,-0.9168117909511528,-0.376434090960894
2.47880114727273,NA,-2861.687006785743,PC1,-0.9202705258878856,-0.548811754615608
2.4348093251516625,NA,-2861.1418225025145,PC1,-0.7185821560506135,-0.6773582309845922
2.2913352393827693,NA,-2861.896611241133,PC1,-0.81561592655862,-0.5209522673211421
2.4114231188142337,NA,-2859.7883654529683,PC1,-0.7267623774798339,-0.5865896109889793
2.4696496440914184,NA,-2862.9937702904995,PC1,-0.6330640411320245,-0.804117734588758
2.400696181039498,NA,-2863.0804049050607,PC1,-0.8978958237740159,-0.5520924943906692
2.3850350545917838,NA,-2862.1663077397347,PC1,-1.1196758663411288,-0.3483496062350733
2.4654787888749015,NA,-2861.2963544630798,PC1,-0.8571570430368507,-0.5491792367859551
2.279806907698457,NA,-2862.9474101454534,PC1,-0.8965895992993208,-0.4434372169340208
2.4382130698658053,NA,-2862.8518302201114,PC1,-0.730568129211011,-0.707425255355197
2.236908297299838,NA,-2865.8557338459104,PC1,-0.671637505716102,-0.618242557505462
2.456833365497691,NA,-2864.4854477677827,PC1,-0.7817844024214885,-0.6866125314774781
2.400778837560309,NA,-2859.9387390877746,PC1,-0.9588417127444901,-0.43139931922127756
2.313551710920506,NA,-2860.692450668163,PC1,-0.7440039283269367,-0.4861693292334104
2.370388904722164,NA,-2862.4100722872586,PC1,-0.9039375169561842,-0.5259969795483549
2.4070973558731996,NA,-2866.388663448425,PC1,-0.8984670915566565,-0.3673550832514535
2.3639235955750966,NA,-2861.104754341755,PC1,-0.7719626563571556,-0.6889202844177332
2.4546565275616694,NA,-2860.965864284233,PC1,-0.865099131463328,-0.589488205562966
2.3334469692265576,NA,-2862.6643677583734,PC1,-0.8651488133316302,-0.3983808667395839
2.469579261587459,NA,-2863.1551051571737,PC1,-0.8901045061206955,-0.5327603944270087
2.4053898030736276,NA,-2859.827478354979,PC1,-0.8512954301871978,-0.48921017638984765
2.439670874292501,NA,-2860.9071878912905,PC1,-0.7627536508578876,-0.6684245231938833
2.401477612780458,NA,-2863.975157103751,PC1,-0.9462435901922488,-0.45908815474993897
2.3753120460171795,NA,-2862.2737341893844,PC1,-0.851983504618964,-0.5860265105254626
2.3935380201817336,NA,-2864.186733390172,PC1,-0.7848563002141014,-0.7671461866322866
2.4518921698895313,NA,-2863.3738889610763,PC1,-0.9228787483824574,-0.5638142676948675
2.241097523425886,NA,-2863.368902468672,PC1,-0.8153759413881656,-0.4813683438389162
2.298297205667106,NA,-2869.0330354478015,PC1,-0.9784460413105236,-0.45450581731880435
2.288698429512677,NA,-2868.514767649995,PC1,-1.1151074632525084,-0.3207536045758116
2.349738157400375,NA,-2866.7840918538145,PC1,-0.8277336693531568,-0.47608116254872035
2.235465252909854,NA,-2865.146324769107,PC1,-0.8400286807068161,-0.436002400203779
2.3168796143933394,NA,-2864.5194930055695,PC1,-0.8501233388758296,-0.5120646179106374
2.3822562231696183,NA,-2858.1972356767747,PC1,-0.9308645133122242,-0.5279880177717978
2.382360116497439,NA,-2860.124076664824,PC1,-0.8967994753930664,-0.4870000062482964
2.2773529460466273,NA,-2865.0365316443886,PC1,-0.9330273925715606,-0.4164317606607006
2.370220450793093,NA,-2863.619667379009,PC1,-1.0649030168874698,-0.39765464784185406
2.5249341360246373,NA,-2865.9847556342106,PC1,-0.7351173367664476,-0.6709967479347031
2.4076574050474187,NA,-2865.7584975863692,PC1,-0.6969047357667087,-0.6162368762587259
2.44225678611617,NA,-2861.773888501489,PC1,-0.7510204657975169,-0.6210145130873741
2.445677842220353,NA,-2862.0448879781716,PC1,-0.7527226641158358,-0.6513781222875262
2.3889499952477222,NA,-2861.1137332985154,PC1,-0.9800448891871741,-0.4892711862330568
2.4216309783067413,NA,-2861.15800724944,PC1,-0.8745374859165747,-0.5830783371108699
2.4149200639658392,NA,-2862.000418655471,PC1,-0.8323265606463394,-0.46727350622359365
2.354418939461502,NA,-2861.3666962328075,PC1,-0.9185740177706295,-0.4186998210173283
2.3202518034071447,NA,-2859.172266523317,PC1,-0.8724072857771722,-0.5273930432233485
2.392677921306932,NA,-2863.829560818043,PC1,-0.7786656891071859,-0.6506042076790224
2.3438338910483045,NA,-2867.0802715751397,PC1,-1.1065487914326293,-0.37256689787985253
2.230250971914649,NA,-2860.850015518529,PC1,-0.7587656014868465,-0.4690195323307863
2.3223954597011365,NA,-2861.9524037217125,PC1,-1.076856711475785,-0.2780217008232561
2.2942777828027254,NA,-2862.948712850826,PC1,-0.9373300394227021,-0.4684712278807415
2.4164912515808648,NA,-2862.951941712451,PC1,-0.8598281496824696,-0.45984396574910197
2.423314469474873,NA,-2864.311840389072,PC1,-0.662575002298852,-0.7014912369448484
2.43582727696441,NA,-2865.174149635176,PC1,-0.8727545911415898,-0.45206967037336443
2.3766980856200686,NA,-2862.270954268175,PC1,-0.7620823461632107,-0.5774260463666113
2.314532749798832,NA,-2866.61731149367,PC1,-0.7126762612878277,-0.4646019198050548
2.3935313025477494,NA,-2864.5155153145465,PC1,-0.889514866557183,-0.5616629592835878
2.4272336727721564,NA,-2862.271638812108,PC1,-0.6400712309113166,-0.6275033191893021
2.5728127090837583,NA,-2866.0283170976945,PC1,-0.9449628943822189,-0.6096950778300912
2.472216440348446,NA,-2864.747563347471,PC1,-0.795822114259568,-0.7418951230479608
2.3192716730986067,NA,-2860.125996014245,PC1,-0.8116108441710032,-0.49570690387191096
2.3243166360204417,NA,-2859.2810640580005,PC1,-0.7462060027151227,-0.6282116320491263
2.385891884512544,NA,-2863.743993975202,PC1,-0.8627823381594237,-0.6186653462519405
2.40450043614559,NA,-2861.4444586449167,PC1,-0.8134656988612359,-0.48072777730403693
2.3912331342347746,NA,-2861.8754032327492,PC1,-0.8750158440231572,-0.5241404472815623
2.3239515298699276,NA,-2860.650363464134,PC1,-0.8789914557779168,-0.5019694560340301
2.343438048000156,NA,-2859.3440641881475,PC1,-0.9818184179676182,-0.47637673765418626
2.338167252060324,NA,-2862.604352871198,PC1,-1.0237615027090465,-0.42123606515469003
2.3369523545847684,NA,-2863.9967402971183,PC1,-0.9095750938988694,-0.5484571635025045
2.3789024518062964,NA,-2863.73025558613,PC1,-0.9409654619475749,-0.5274841780093403
2.4147858669353766,NA,-2864.906048936909,PC1,-0.7854614723181103,-0.6783811913766242
2.4919181018810774,NA,-2865.1936373492686,PC1,-1.0734751228083785,-0.4770070261164556
2.301686405216335,NA,-2863.8155294414864,PC1,-0.9814581627803185,-0.434882348079244
2.3298104069424084,NA,-2858.9681259749773,PC1,-0.8563759927451946,-0.5327045679075495
2.3628147729358626,NA,-2860.20340588559,PC1,-0.8102913546592178,-0.5771982957391222
2.340815563268921,NA,-2868.6555529631833,PC1,-0.9962395331939836,-0.25555155888057696
2.3751947576875376,NA,-2860.2994372058083,PC1,-0.813220769077482,-0.5697133170220438
2.368838744633364,NA,-2868.252068530725,PC1,-0.7316990032652959,-0.6093135118096745
2.264619091190322,NA,-2864.786934272257,PC1,-0.7439478787809654,-0.5990121542381694
2.291884268220451,NA,-2861.130975138462,PC1,-0.8281890432431589,-0.5256134120515525
2.2501211927793108,NA,-2864.4268786436332,PC1,-0.9945750538667055,-0.42041958291466586
2.345924550577416,NA,-2862.6067139681995,PC1,-0.9904618329813151,-0.40764776893050453
2.326089723321347,NA,-2861.662501740996,PC1,-0.795880325832413,-0.5325617193690761
2.39714325346819,NA,-2859.8156831114984,PC1,-0.8262848230775476,-0.5196016530069145
2.412869182847038,NA,-2864.9319752402594,PC1,-0.9718265319386961,-0.35030980519567856
2.381231069788461,NA,-2861.2860046048754,PC1,-0.8802684905616737,-0.5045489903233124
2.4089688569745085,NA,-2861.671172329341,PC1,-0.7968230948895947,-0.5363170869010364
2.3546321766958256,NA,-2860.5658509288573,PC1,-0.786401041922139,-0.5972704265214267
2.382870832954039,NA,-2866.6629466421155,PC1,-0.8666248469222102,-0.46769436354425864
2.2997669352203496,NA,-2866.6871585244967,PC1,-1.06661609830023,-0.25034350675134215
2.3652722662928114,NA,-2864.241079620782,PC1,-0.807143023315894,-0.4188625081305007
2.364871191964788,NA,-2862.4369041489217,PC1,-0.65580424471079,-0.6663139993762508
2.370282074946345,NA,-2860.9347734679627,PC1,-0.9129983522660614,-0.44557092759773775
2.3072108868488987,NA,-2864.1469960856853,PC1,-0.9772356642433762,-0.2565831692625916
2.342818500206376,NA,-2859.8973993311456,PC1,-0.9731430487522007,-0.42055405187214645
2.245406861104164,NA,-2863.466648339538,PC1,-0.8235808601010013,-0.4322016131742954
2.4461927122405456,NA,-2864.6405290533016,PC1,-0.7133636828916096,-0.7591775374375743
2.593518091440359,NA,-2866.1392610825906,PC1,-0.7722993262714869,-0.75160565952722
2.380934591961952,NA,-2865.3825159838448,PC1,-0.9935641943129554,-0.5375681921176187
2.4314657052711945,NA,-2861.8000328469752,PC1,-0.882299672539351,-0.4827903052226493
2.4446228845702347,NA,-2864.600645661648,PC1,-0.8184169320679883,-0.5163557265251337
2.311770525173155,NA,-2859.758736358161,PC1,-0.8777718306876263,-0.4861556984113324
2.4101601011991565,NA,-2858.4141458569175,PC1,-0.8968544864945259,-0.5200545641797039
2.4514477637175154,NA,-2861.8770715592,PC1,-1.0137875522136932,-0.44431305749018113
2.3351961521464246,NA,-2859.802166581933,PC1,-0.788552743265576,-0.6089778172566834
2.3833331887758322,NA,-2867.344460392794,PC1,-0.8308147910023366,-0.662783029059048
2.3926459246769567,NA,-2862.1716672075736,PC1,-0.9009922017134092,-0.5113748010789492
2.3391268923167656,NA,-2868.1459578274266,PC1,-0.9392902327642064,-0.5335702448703115
2.3178476014436313,NA,-2871.7061020032465,PC1,-0.802473408569491,-0.44512586884878014
2.3916554383727897,NA,-2865.198841495841,PC1,-0.6692845737123169,-0.7531694458316891
2.3835757519762635,NA,-2865.3931759056136,PC1,-0.8409774901229208,-0.526774353994057
2.272171124258081,NA,-2863.0452249566547,PC1,-1.0445191891109857,-0.37759804947348147
2.308009457253531,NA,-2861.117437496887,PC1,-0.9629760520512334,-0.3947977396352693
2.374259123851109,NA,-2865.1594185129643,PC1,-0.9192751583020827,-0.37299476698749606
2.4686846560030347,NA,-2863.720121482873,PC1,-0.8272791370191795,-0.5932116379576642
2.3593215145718727,NA,-2862.4765497666704,PC1,-0.7123237956084705,-0.6024214939179653
2.357394049401211,NA,-2863.6042498351967,PC1,-0.6262586816733606,-0.6008936984106329
2.3200107344110137,NA,-2861.8685463139477,PC1,-0.7798013233780949,-0.5636671967813145
2.311989388209925,NA,-2860.248252863003,PC1,-0.8576481790548026,-0.5310413756605147
2.436604577927049,NA,-2863.2956259635107,PC1,-0.7657069737940556,-0.5964683439214074
2.395594154499806,NA,-2860.8085618958967,PC1,-0.8538820912161708,-0.5256447180966678
2.3419856252434212,NA,-2861.0521985518053,PC1,-0.8064638031995084,-0.5219079532570357
2.404298551959835,NA,-2862.2694338962174,PC1,-0.8587516468070582,-0.5680860476607643
2.3806289690262754,NA,-2859.8788125355745,PC1,-0.8285201857986357,-0.5334464884683332
2.3713086141263275,NA,-2860.753389522123,PC1,-0.743870007968227,-0.5734438539354944
2.3443516991978193,NA,-2861.425033376552,PC1,-0.8506088196928717,-0.4454448584965489
2.3836956303521104,NA,-2861.8285074128735,PC1,-0.7141850370990842,-0.6417050227907197
2.336030378886077,NA,-2866.4713515254884,PC1,-0.8786312979636792,-0.5060346198826043
2.303172332123524,NA,-2863.666477675691,PC1,-0.7667788381328849,-0.4857020127276601
2.2038746088388113,NA,-2867.5887452342954,PC1,-0.7915145314270381,-0.5095746892263574
2.1853837243042635,NA,-2863.7018939458753,PC1,-0.8807836876334219,-0.4179779772777995
2.3438540269313166,NA,-2864.3826214223673,PC1,-0.9010945465630742,-0.5605779109143036
2.3281542080293782,NA,-2861.243635364462,PC1,-0.6898032510478281,-0.6305571970052296
2.264827000384187,NA,-2864.333021261421,PC1,-0.9935073214608597,-0.2750770142853835
2.3480541432027633,NA,-2859.6840211661993,PC1,-0.9001128166529111,-0.4396978234310213
2.411100440611523,NA,-2862.9596233038137,PC1,-0.690204921569515,-0.6618126011716862
2.3896945192006687,NA,-2861.315089326587,PC1,-0.6575971130250212,-0.6561382587852989
2.3697615191359795,NA,-2864.258521642981,PC1,-0.8413691663073626,-0.451130966772908
2.296640363446122,NA,-2866.583102800967,PC1,-0.8134066689103204,-0.5047044482064538
2.3346858570682576,NA,-2865.0136908537647,PC1,-0.8116839645665053,-0.5926298651666846
2.342865158472642,NA,-2861.100039941147,PC1,-0.8712461984625239,-0.5450174393789186
2.3518178067561637,NA,-2861.084578322915,PC1,-0.7127520384601409,-0.5547749714601231
2.2656474230300643,NA,-2862.809556699032,PC1,-0.8824077621446149,-0.46808570053746923
2.4479712556129796,NA,-2862.72273014611,PC1,-0.9581413740005728,-0.577624806383391
2.4800846581622054,NA,-2862.2780253662195,PC1,-0.8724593241079949,-0.6135967114492616
2.452750987095215,NA,-2862.8365960283368,PC1,-0.8953551196685512,-0.6196044097502051
2.264205900756472,NA,-2866.0944783930313,PC1,-0.8870866243731712,-0.45694272992518103
2.396849229426143,NA,-2862.8507680310213,PC1,-0.8353738515238445,-0.4853717030159753
2.337084891086886,NA,-2865.2166683390456,PC1,-0.9235383711996301,-0.3608019154416409
2.3106544006557312,NA,-2862.846653764684,PC1,-0.7650959853533597,-0.6181838461129868
2.343665131704057,NA,-2862.1968963258487,PC1,-0.8571619425322403,-0.5423439917848737
2.4503581694117846,NA,-2867.2635148559816,PC1,-0.7079066209159993,-0.7820784779136768
2.419911891277511,NA,-2860.2880658923427,PC1,-0.7889573435692587,-0.6263021136531862
2.35645705879955,NA,-2862.478404365794,PC1,-0.9091031582949487,-0.5121672270357296
2.2948077319159847,NA,-2863.5316226025675,PC1,-0.9485826541450015,-0.46290781969485073
2.4141259354319224,NA,-2859.574382354557,PC1,-0.9444967867618733,-0.440117861232701
2.456457688281664,NA,-2864.22366652491,PC1,-0.8159592891810623,-0.48413061695753323
2.3584258797171995,NA,-2860.075434928236,PC1,-0.8575466090531482,-0.528323454671353
2.3973256198548283,NA,-2861.54402376949,PC1,-0.6990505365808923,-0.6642963880827671
2.338249083354756,NA,-2865.6619081061554,PC1,-0.9743655399837847,-0.46881646100707286
2.449770368914162,NA,-2866.098728881149,PC1,-0.6007464270649293,-0.7739288349767308
2.361976126971665,NA,-2860.7126419295573,PC1,-0.9745623427341878,-0.43480354118355613
2.459784501795805,NA,-2864.6145214306744,PC1,-0.8278097139796096,-0.6930993742223174
2.36825117611277,NA,-2861.751910777898,PC1,-0.9721917948818113,-0.4687013965941611
2.3488100750461163,NA,-2859.609700193716,PC1,-0.8535270173152433,-0.5055264834824165
2.4270190838517016,NA,-2860.9162085329394,PC1,-0.813563877675218,-0.5613837624870524
2.347931203545553,NA,-2862.742548541434,PC1,-0.9989803399730094,-0.4893655832107501
2.429504611310414,NA,-2864.9837016129,PC1,-0.8363742685991447,-0.4499259602702732
2.42470160656444,NA,-2860.966721694164,PC1,-0.8235075527833547,-0.6171921075016439
2.428308432167166,NA,-2864.1204441072737,PC1,-0.7803901810181949,-0.6496184480183901
2.2786613642627715,NA,-2862.333760777247,PC1,-0.8143179097584479,-0.5558631085369137
2.2656147170468164,NA,-2867.8028190382915,PC1,-0.8649423673739438,-0.584227514115322
2.3745941597686357,NA,-2860.776012226576,PC1,-0.7340445009459782,-0.6135901850386223
2.3233033935924157,NA,-2862.757694727875,PC1,-0.8958688843115172,-0.46021160414430085
2.3261455270163465,NA,-2860.2645080793995,PC1,-0.7048261041350524,-0.5459602661976684
2.44241226838414,NA,-2861.6652844026758,PC1,-0.8884423356211746,-0.6116256548442907
2.325113619414868,NA,-2867.7536365420824,PC1,-0.9248829520688059,-0.4383660375850021
2.4127840746363267,NA,-2864.9546144715628,PC1,-0.8728700819584029,-0.514879100773989
2.4339660286479488,NA,-2859.6044993698,PC1,-0.7847647361965528,-0.6277068777621837
2.391585060102902,NA,-2866.0925883290533,PC1,-0.8525941393966576,-0.4371905526656251
2.349705639813283,NA,-2866.2762036433132,PC1,-0.7570202722308568,-0.6548921274874023
2.316001174012948,NA,-2861.698502911689,PC1,-0.967102583642845,-0.4628181205413951
2.42650560932094,NA,-2858.7432987916413,PC1,-0.8002489771478905,-0.6097195289572401
2.322749624440505,NA,-2862.4205280298975,PC1,-0.7552435534894707,-0.6091223943693812
2.3332694335891695,NA,-2863.0346313641458,PC1,-0.8182125179049655,-0.6180222968071687
2.3774808221908628,NA,-2860.5247481107485,PC1,-0.9107228178554286,-0.46633894242923896
2.365194924758856,NA,-2861.412414414055,PC1,-1.1055418377544493,-0.3346795937954344
2.291329734765518,NA,-2865.0044744129636,PC1,-0.8740807459823097,-0.5021262555922085
2.3451128077117174,NA,-2862.753055092939,PC1,-0.891513450127081,-0.4325958462581984
2.277536077778257,NA,-2864.1646642427313,PC1,-0.8170008677157242,-0.5729074000103209
2.367009982410019,NA,-2861.2472237035786,PC1,-0.8729316561895333,-0.3913058633365203
2.3800309203370884,NA,-2861.817322562876,PC1,-0.9195801394556957,-0.4236400192269792
2.5028599903104607,NA,-2863.1959605745847,PC1,-0.6754642809361602,-0.7511342978638257
2.334026176244486,NA,-2860.665995039747,PC1,-0.8401637283574604,-0.44241047750159956
2.3078521588402316,NA,-2867.3413238832,PC1,-0.8179868984370235,-0.4250651756375573
2.297083063104314,NA,-2863.432445174145,PC1,-0.7108191591990585,-0.60647181356837
2.3641334652899255,NA,-2862.3478971584314,PC1,-0.8339414948065058,-0.5102208770484262
2.208910191923964,NA,-2864.267430981078,PC1,-0.9009045869645468,-0.394915399144943
2.5011954570763386,NA,-2860.490611572151,PC1,-0.8318930371288272,-0.5916653818638846
2.277028747403943,NA,-2868.9933865877315,PC1,-0.7297343447143684,-0.48409076528087397
2.3031494217934165,NA,-2865.6520440520626,PC1,-0.7524011122830156,-0.49676418071710315
2.240197838598427,NA,-2865.5135081113294,PC1,-1.0233144864498833,-0.20242526255742938
2.3211297771265293,NA,-2862.4329245502104,PC1,-1.0136989293724659,-0.25811986034988754
2.3543108835765185,NA,-2864.3430250634933,PC1,-0.9330222627161292,-0.5382841985989751
2.401094055449631,NA,-2862.084132047597,PC1,-1.0473190005989381,-0.38458762960971316
2.452349591094376,NA,-2866.4886874274753,PC1,-0.6239235443573697,-0.7355230509959332
2.400263661970762,NA,-2860.659783429751,PC1,-0.838261566867659,-0.6207693824458291
2.3900963546357947,NA,-2868.009765356478,PC1,-0.8440146003161444,-0.4700373692419948
2.372358460383178,NA,-2860.7995348462946,PC1,-0.861230433308567,-0.5568713046389306
2.410149313840403,NA,-2862.4263121369795,PC1,-0.597934230396851,-0.7290468726639046
2.2519831661167924,NA,-2868.3654217216435,PC1,-0.6022601575376247,-0.7802583939569254
2.3441209348052565,NA,-2860.63951242267,PC1,-0.9719634051571777,-0.41774933979096374
2.330477573189168,NA,-2863.2222952097027,PC1,-0.757730825618574,-0.5671369372306789
2.471141438021623,NA,-2868.7114749463976,PC1,-0.7886615080157858,-0.6778548112278442
2.295457501738186,NA,-2863.4131629053823,PC1,-1.0120188193201518,-0.3103519322912441
2.3739631743972196,NA,-2868.870297400233,PC1,-1.010112989637496,-0.4454919209895804
2.437370962908955,NA,-2862.873574490344,PC1,-1.0284936863983352,-0.47747519193385035
2.3400631000990555,NA,-2860.716619069633,PC1,-0.8328848641147097,-0.5243186093446013
2.2859321990925623,NA,-2858.9466188262886,PC1,-0.9113466786359364,-0.4593794807860072
2.4081877535411627,NA,-2861.418311451494,PC1,-1.0029894569114892,-0.39538058062654696
2.4845465947315595,NA,-2861.8769747255765,PC1,-0.9109860055012684,-0.5384269149474097
2.460217954068449,NA,-2867.7626052861574,PC1,-1.017493480264205,-0.4389868375064324
2.3274960620194682,NA,-2862.5796119734355,PC1,-0.666046939750612,-0.6537004548165695
2.455678732944322,NA,-2863.6256598774357,PC1,-0.9829848850460845,-0.589743003929244
2.4243501533959804,NA,-2869.282299125056,PC1,-0.9083464932550146,-0.6335885016874281
2.3668087054091806,NA,-2862.1317165778464,PC1,-0.7444587636615836,-0.5670126507927108
2.388112663920263,NA,-2859.9444347871486,PC1,-0.75825050129288,-0.5824752908374977
2.4050902253987343,NA,-2863.7830996375424,PC1,-0.828217886616206,-0.6217615779158825
2.440115121008018,NA,-2862.473033501037,PC1,-0.7633990978308693,-0.6621953295036129
2.2748201241231882,NA,-2861.3337731253832,PC1,-0.8524524455295321,-0.4516207401783823
2.3692927651629487,NA,-2862.358932537352,PC1,-0.918024105871069,-0.44472352738489646
2.405083639861172,NA,-2866.0007643313475,PC1,-0.7674476600725479,-0.5159715043896039
2.4007587669198958,NA,-2861.5328180623737,PC1,-0.8697215902587876,-0.5058682935126873
2.3310623655336316,NA,-2863.296876880109,PC1,-1.1100086172496277,-0.3944114882760161
2.421187603263693,NA,-2865.148528854063,PC1,-0.9579663971705733,-0.627095527676063
2.3709753480586344,NA,-2866.2443873539723,PC1,-1.0194200156620183,-0.3108396009004522
2.3473381204055634,NA,-2860.229705614086,PC1,-0.8281373678306889,-0.5405999375940357
2.27747699825511,NA,-2864.8928358371795,PC1,-0.5814526197573194,-0.6602257207656006
2.370251453501958,NA,-2865.4928129758396,PC1,-0.9427316436651968,-0.43078358991741844
2.3887141344614284,NA,-2863.820510045853,PC1,-0.9732972423064309,-0.39390253192969277
2.3154139653604218,NA,-2859.955992333547,PC1,-0.9468661111568413,-0.4831491839398213
2.328761422108909,NA,-2862.3207029578834,PC1,-0.8710998620742793,-0.4964873622908822
2.4189929242634958,NA,-2861.9274196190268,PC1,-0.8938879558018367,-0.5760724195111206
2.3108556769379778,NA,-2863.986611081085,PC1,-1.0868913461656076,-0.36498612863902063
2.3051301926056413,NA,-2866.002682957321,PC1,-0.6856768941378728,-0.72434245174732
2.4293261036411633,NA,-2858.931887374669,PC1,-0.8666439233313386,-0.6126616366557771
2.3297529407995707,NA,-2861.9113367207437,PC1,-0.978029345954763,-0.5020090289970722
2.4268388380550294,NA,-2863.990237597689,PC1,-0.8072284694721276,-0.4491794193979206
2.339798739609058,NA,-2860.267603704958,PC1,-0.8347317140359106,-0.4862256374414829
2.3261326914202165,NA,-2864.4861792763636,PC1,-0.7621983606843648,-0.6802035163944937
2.339964846509921,NA,-2863.1695668373018,PC1,-0.8820918903105861,-0.3649543227922439
2.4008011463414474,NA,-2860.871035422827,PC1,-0.7805710187530357,-0.5398914383855892
2.440321286242354,NA,-2865.1691007979866,PC1,-0.9948625301272941,-0.3915425694392251
2.3971495590063086,NA,-2858.973174102875,PC1,-0.7984144970884317,-0.5696964953974354
2.487362820617717,NA,-2861.7644310704877,PC1,-0.852742627735572,-0.49714573477863583
2.448650153609999,NA,-2863.936298977612,PC1,-0.740769614879712,-0.7831493700512477
2.3424446036288322,NA,-2865.7345536512266,PC1,-0.6721666394126635,-0.6079566587306026
2.2644930763021325,NA,-2869.399528097162,PC1,-0.5909306285918995,-0.6687118242281962
2.3164598572994475,NA,-2865.6245901640295,PC1,-1.0643926553932104,-0.4029414124953194
2.359613728819826,NA,-2865.9227701476216,PC1,-0.9748405243872768,-0.49149506563988177
2.4511944589396113,NA,-2864.4141395371767,PC1,-1.1826331781292974,-0.2846828831959165
2.3502471012777097,NA,-2861.6900522977094,PC1,-0.5885542868548976,-0.6294699404576011
2.413067408592828,NA,-2863.4978716344694,PC1,-0.8017876847162366,-0.6419408774349515
2.3687035584845155,NA,-2861.612224194615,PC1,-0.889814406023089,-0.5771377041451426
2.4108494738377138,NA,-2864.897893186278,PC1,-0.7779248291301766,-0.6276923544808376
2.409741155068403,NA,-2865.1486308961853,PC1,-0.7221015780245529,-0.69530189693301
2.3874679061183675,NA,-2863.740960015213,PC1,-0.9215820875768508,-0.5085713208778939
2.4051625252737594,NA,-2871.1639495847626,PC1,-0.9853047904308451,-0.41300585659326927
2.4124438190736504,NA,-2860.532183535886,PC1,-0.8621512625683277,-0.4638729225957128
2.2376557319923527,NA,-2866.5638103428932,PC1,-1.010687056647406,-0.2832084789882181
2.266793455782085,NA,-2869.0434701542363,PC1,-0.827222518105698,-0.42171087083137554
2.3373806365740326,NA,-2860.564448652954,PC1,-0.8932562243199447,-0.5315696830590777
2.3300143878051043,NA,-2861.110533232017,PC1,-1.0269638893283735,-0.3453424843249552
2.394126146286278,NA,-2863.525634541189,PC1,-0.884630187492372,-0.5598290833305254
2.3605915794472123,NA,-2861.8645265877503,PC1,-1.0596558243054643,-0.34520551451145315
2.3666462330777476,NA,-2864.840375348864,PC1,-0.852773546034237,-0.46174608378140025
2.321308954328601,NA,-2861.035705369664,PC1,-0.9705318565172985,-0.4613513816762534
2.407905486790773,NA,-2863.1092335147505,PC1,-0.6586511493954944,-0.7509300291029051
2.369018469606297,NA,-2860.855711652734,PC1,-0.9053244751098628,-0.5432910345702088
2.474480403918394,NA,-2867.7639850638575,PC1,-0.5284708993957062,-0.8267419843939986
2.3344861122915406,NA,-2860.5242440636493,PC1,-0.8908665109387988,-0.42044587892909513
2.383905651833995,NA,-2864.124829314787,PC1,-0.7760936660563732,-0.5740145482544861
2.3922941526260635,NA,-2863.8508071302804,PC1,-0.7568200688425367,-0.6042560902188663
2.3475977689826553,NA,-2870.359507038955,PC1,-1.0721886882057237,-0.4144398172306696
2.435089647319751,NA,-2863.557525362066,PC1,-1.1075517632117562,-0.4137940014193455
2.427177201345589,NA,-2859.575219012352,PC1,-0.767581659563546,-0.6274275404843038
2.4527889805926266,NA,-2864.516188852006,PC1,-1.050632070699877,-0.442169888654555
2.350613577327585,NA,-2860.9211239989068,PC1,-0.7162844546250955,-0.6686381932492304
2.2271382069645176,NA,-2866.916066421161,PC1,-0.8362369014760619,-0.4839860607700069
2.343393913479971,NA,-2862.3383762542508,PC1,-0.8088773434973265,-0.4900825734606142
2.483378849222522,NA,-2865.933529807538,PC1,-0.8119127427852787,-0.7464045537503519
2.42671877483198,NA,-2861.659245616889,PC1,-0.7394160755749114,-0.67104665178571965
2.3227040544044,NA,-2861.269408273581,PC1,-1.0776059648354794,-0.2910367269706433
2.323673786907321,NA,-2858.8716917380716,PC1,-0.8447467348314924,-0.5053260866309148
2.418269848629874,NA,-2862.179306600159,PC1,-0.9316226126309803,-0.5069940287362629
2.383042051005727,NA,-2863.4015059163416,PC1,-0.8110448599433222,-0.6695378248276086
2.2170517441916413,NA,-2870.5035042335053,PC1,-1.056213553731987,-0.19730011488149019
2.249186322708089,NA,-2863.4304233144458,PC1,-0.9716665262694836,-0.3713715060493844
2.3766263212799514,NA,-2862.3976898060155,PC1,-0.8317012081630554,-0.559406255345416
2.3313173727587104,NA,-2861.6263715409896,PC1,-0.8842748752024557,-0.5119787733600292
2.489218348340778,NA,-2862.064114941148,PC1,-0.8169085072503156,-0.585602672288329
2.3398318704068357,NA,-2860.0210445315074,PC1,-0.7741887101485302,-0.5370306841635764
2.4547117004031924,NA,-2866.3563137993965,PC1,-0.9894710600802228,-0.5328331975755937
2.349027597939166,NA,-2864.2464513213627,PC1,-0.6467054937726977,-0.5893196156615034
2.507313995415862,NA,-2863.8773627585565,PC1,-1.002397193089927,-0.546904436034675
2.343044725734783,NA,-2861.448311447475,PC1,-0.7609007423406549,-0.567507001235667
2.3174961601348034,NA,-2863.536407374387,PC1,-0.8247285459345299,-0.5606868115028205
2.352834230105067,NA,-2862.1181407096833,PC1,-1.035340038492368,-0.4234576991491231
2.430279507311891,NA,-2861.8201427081576,PC1,-0.9769812496893305,-0.48220297364675674
2.496363813170627,NA,-2864.9581243563234,PC1,-1.0123413579618055,-0.4510725440626125
2.359960025094773,NA,-2860.4625157020564,PC1,-0.9047999382821179,-0.44585459351635925
2.3570253038915694,NA,-2861.0159856092932,PC1,-0.7021749985169344,-0.5860969991590226
2.366145611834056,NA,-2865.2741018518595,PC1,-0.8630595060940571,-0.6462094868637143
2.380905916494416,NA,-2859.9243387102456,PC1,-0.982668579291838,-0.37295583248652214
2.4197322485605466,NA,-2863.774867056858,PC1,-1.0121889326433826,-0.4088874455425059
2.268392694583206,NA,-2863.278754219847,PC1,-0.8574211906504485,-0.4126808231479336
2.425657597559852,NA,-2863.7725900234564,PC1,-1.0101157192383374,-0.5637888040961494
2.3286774560778323,NA,-2865.122317823603,PC1,-0.9325922014571923,-0.4891850382067509
2.424404538833291,NA,-2862.793629699628,PC1,-0.7912142165383774,-0.5781136691508624
2.280411192666906,NA,-2862.646280916881,PC1,-0.9298511717763254,-0.4170095817154593
2.3921912245335717,NA,-2862.004648108738,PC1,-0.685414032214642,-0.7087527775398403
2.3646469815956745,NA,-2862.8702734558146,PC1,-0.8881111575667157,-0.5220571933746179
2.3766538979823992,NA,-2865.0586151886155,PC1,-0.9494372507076105,-0.5008804444989149
2.266188015414097,NA,-2865.735292968546,PC1,-1.0244824771616223,-0.3165070844764302
2.43598461120871,NA,-2861.178389048874,PC1,-0.8436477047741417,-0.6054810850481055
2.4288545985643344,NA,-2860.7904498073185,PC1,-0.8660019422503065,-0.6255498858733713
2.449197375060697,NA,-2863.663369945163,PC1,-0.5737563780287261,-0.7367149219113912
2.3453569383398705,NA,-2862.193075593047,PC1,-0.9531880569800457,-0.39142358244720377
2.384418350121462,NA,-2861.0961073058365,PC1,-0.7508470299012868,-0.686456021716709
2.3771417145251075,NA,-2865.603029622349,PC1,-0.9040780473521168,-0.4523749418224361
2.4002687214871403,NA,-2865.3957494205933,PC1,-0.72507285442923,-0.6294658665525115
2.4094927667893136,NA,-2865.9673874275927,PC1,-0.8575115723360998,-0.6654095602562162
2.37108061708294,NA,-2859.1354555780326,PC1,-0.8476082338318645,-0.5013751930614302
2.445518163289121,NA,-2865.4558522298184,PC1,-0.7005103318196989,-0.6365264647961498
2.400507805300787,NA,-2863.4798556227033,PC1,-1.0459662372314356,-0.334312201131126
2.2827380989550234,NA,-2863.11112471347,PC1,-0.8326854997109131,-0.4046910377899203
2.470046703559895,NA,-2861.106861638195,PC1,-0.8018430116133896,-0.6236720634123178
2.434506333458745,NA,-2864.66079810475,PC1,-0.8208879463426902,-0.5192426084267368
2.28489920104961,NA,-2864.864988674546,PC1,-0.692388762862406,-0.6633842679210121
2.418404563261797,NA,-2859.94369158088,PC1,-0.9232327906834806,-0.6022169201852731
2.3996100263122586,NA,-2862.870439744771,PC1,-0.8406262158276834,-0.5610280217195175
2.3987228747939207,NA,-2865.249019324648,PC1,-0.8103732393097763,-0.46537514465723695
2.4351465935992485,NA,-2867.9699859676457,PC1,-0.9871362990264663,-0.4286301025898861
2.426937226055014,NA,-2867.9822594240695,PC1,-0.9740761360897959,-0.5518112218568387
2.2977600621161667,NA,-2866.467462076451,PC1,-0.7173448528480153,-0.6585018017684663
2.335207427569644,NA,-2861.297003421367,PC1,-0.8914514238934133,-0.5671354193466822
2.445267299901698,NA,-2864.805861425957,PC1,-0.7304803100290609,-0.6535497126073936
2.399196447259034,NA,-2859.8791166613732,PC1,-0.9395605251020468,-0.4962638460917685
2.44468087695038,NA,-2859.9553392142197,PC1,-0.766194903587926,-0.5947791280722
2.3857275751901894,NA,-2862.9278273453237,PC1,-0.7633166112218112,-0.6076255456674319
2.416774886313233,NA,-2861.4938200774395,PC1,-0.9669198556617444,-0.39592616850620305
2.389581421707616,NA,-2860.7736804135056,PC1,-0.8207088028881447,-0.5842375268883279
2.4113770506653767,NA,-2860.43769019581,PC1,-0.9577570003750523,-0.5175753095850122
2.3468680626612595,NA,-2865.4790800256133,PC1,-0.6709451473292687,-0.5950061144755076
2.323219842489034,NA,-2862.324450520061,PC1,-0.8115235677797557,-0.5306715821056701
2.3332638936906003,NA,-2862.4345195736814,PC1,-1.0573038317400636,-0.36054363217572166
2.4654931002809097,NA,-2861.983478313839,PC1,-0.7766024508849277,-0.71976239548469
2.246783636858649,NA,-2863.4645503166767,PC1,-0.9981664932801041,-0.3940859026550597
2.3041059387730383,NA,-2862.4631275792576,PC1,-0.7724221169747647,-0.5511164043777075
2.3010334419353,NA,-2862.9017428734796,PC1,-0.8774932431120228,-0.4541920727909926
2.270962420432196,NA,-2863.258188786098,PC1,-0.9249451791509474,-0.4318927822952594
2.422307059943461,NA,-2862.791050662121,PC1,-1.092973372888491,-0.3495010133099542
2.2979525233293905,NA,-2863.3720235194,PC1,-0.5193240017210202,-0.7125345083180048
2.3136508840279904,NA,-2865.886891045587,PC1,-0.8665104905330961,-0.5441578132435415
2.4782676203767102,NA,-2862.996340250656,PC1,-0.7589761941443821,-0.683279965628899
2.2777103245647066,NA,-2864.287949870904,PC1,-0.6349193104239761,-0.672003610524344
2.2971701488176333,NA,-2864.186006993195,PC1,-0.696973271111731,-0.5157294453349612
2.2785923388482208,NA,-2864.8413260233024,PC1,-0.9077594959049105,-0.3886309858897353
2.4284426952823654,NA,-2862.773044735767,PC1,-0.8207958965308468,-0.4965757689978926
2.443477207221464,NA,-2864.4318026636433,PC1,-0.9421013154485961,-0.4887617421078765
2.3501182211250278,NA,-2865.730252228672,PC1,-0.9723451116747409,-0.3502245892201498
2.4271777902079053,NA,-2862.503163191676,PC1,-0.9777907837774004,-0.3561512594784957
2.4030181127694132,NA,-2859.7842245260335,PC1,-0.845082866833272,-0.49464904117261715
2.269085813252336,NA,-2863.971674623805,PC1,-0.8663293913253091,-0.415752950560228
2.42395557299132,NA,-2862.66975909128,PC1,-0.8763401422195647,-0.49831034282618514
2.4135943298464397,NA,-2861.5142413465924,PC1,-0.9115082227183393,-0.5500030344219137
2.499910268639615,NA,-2867.2490632980875,PC1,-1.00824467681397,-0.41972475272769305
2.3581704864550117,NA,-2861.2669908098555,PC1,-0.7209555927779233,-0.5840049803484662
2.420298272051365,NA,-2861.108987087439,PC1,-0.7916704230518968,-0.6001837705520714
2.4134980852085732,NA,-2861.731175467672,PC1,-1.022376960214249,-0.3630691472575142
2.378359954745511,NA,-2866.1553445524105,PC1,-0.9054307853557845,-0.42983442109025394
2.363975966921842,NA,-2861.586098628707,PC1,-1.0773590048537554,-0.3824890000173443
2.3651862959396968,NA,-2864.20532662898,PC1,-1.0529130569725105,-0.39702807888491287
2.3000624119979696,NA,-2863.288174453226,PC1,-0.7125324542121748,-0.4583320350705296
2.359343920150622,NA,-2862.165101468413,PC1,-0.855632174613687,-0.5176129130420246
2.393535594599112,NA,-2861.543259488824,PC1,-0.8750121376612029,-0.668057156401522
2.2664740025966554,NA,-2859.7780369133384,PC1,-0.8648793031906189,-0.4409992651804883
2.4271819520922273,NA,-2862.786750589097,PC1,-0.9645141325036498,-0.4553762374857569
2.358449689474941,NA,-2867.0870371156675,PC1,-0.745512784131856,-0.5603818814915966
2.358954501557255,NA,-2863.219518643268,PC1,-1.0082557912991663,-0.40586326477364226
2.2823478090590066,NA,-2865.255311784728,PC1,-0.948944465326047,-0.37410212333356624
2.3993080578306447,NA,-2859.3422098945666,PC1,-0.8139584132099623,-0.6258659651244114
2.4752792374755326,NA,-2861.8026967890605,PC1,-0.8433126936144179,-0.5770342051058683
2.3467057520380425,NA,-2860.9238688141695,PC1,-0.9908818637826257,-0.46348756647929323
2.3437555689832226,NA,-2862.5231584725807,PC1,-0.8585851568460355,-0.5446168090676993
2.311863329965438,NA,-2862.428849052598,PC1,-0.7610730456191365,-0.6006339635654653
2.218839468083577,NA,-2864.1800848094776,PC1,-0.814241085905156,-0.4780604449229909
2.2083544429793136,NA,-2865.18248906846,PC1,-0.6719843049549009,-0.5811205933966993
2.3545124651057927,NA,-2862.928858137973,PC1,-0.8250643244574847,-0.49928980055357725
2.4358176360244226,NA,-2861.707417388108,PC1,-0.8401543469337108,-0.5550009510750905
2.4181115731164127,NA,-2862.5088500292177,PC1,-0.8806655177856644,-0.5349163535236958
2.3994100619742214,NA,-2864.475134036925,PC1,-0.9709001548008316,-0.4058936556654781
2.382967116014746,NA,-2863.6688642355502,PC1,-1.046160752539039,-0.39322361231710434
2.3571116662861877,NA,-2860.5290283220784,PC1,-0.9520955908617584,-0.48007801326453864
2.367969898319038,NA,-2867.1760373360385,PC1,-1.0036861864501423,-0.4420000923294121
2.432676673265143,NA,-2863.746496674218,PC1,-0.9569025384975752,-0.5266496741057901
2.275879309309745,NA,-2863.9149756277106,PC1,-0.7898524912499603,-0.42704649232544023
2.398481495839285,NA,-2859.7110337037916,PC1,-0.8497286610450218,-0.5007646079619192
2.391773155709649,NA,-2865.190238045339,PC1,-1.0997648169250394,-0.2739278681008697
2.3488181890856366,NA,-2864.0255422330547,PC1,-0.7620943878217231,-0.44439634603112205
2.3789980380325977,NA,-2858.7630254238898,PC1,-0.938201843480982,-0.4335173377998017
2.5106074263880642,NA,-2862.6115165012834,PC1,-0.9072441752906778,-0.6490068965778976
2.4480824852803678,NA,-2861.62456056817,PC1,-0.8774030963648037,-0.5751182378523818
2.3906731915528825,NA,-2863.452587740755,PC1,-0.785256604453802,-0.5266381743982482
2.4107361360164927,NA,-2864.0454350803957,PC1,-0.6627906695085322,-0.6618445288187644
2.356819312773725,NA,-2860.363757979263,PC1,-0.7412346754738228,-0.5925995140346214
2.457646274872183,NA,-2864.0791004271355,PC1,-0.9251841315634238,-0.5008620312788502
2.3988522725222716,NA,-2861.0694932948804,PC1,-0.9338810976771722,-0.51868468264198
2.4258901886390865,NA,-2865.9196714646073,PC1,-1.0736615519710488,-0.4437591365741126
2.45724259189537,NA,-2862.594817323737,PC1,-0.8934866070723563,-0.5755999277564866
2.2610583231995562,NA,-2868.776125377584,PC1,-0.9909775766072025,-0.33536516980094344
2.2636655298391886,NA,-2859.645953523824,PC1,-0.7767776924874821,-0.49527393560812183
2.3655131321001326,NA,-2860.7402802570628,PC1,-0.7763139528992041,-0.6307714524181149
2.4814250579230803,NA,-2867.769642086853,PC1,-1.0631242225187358,-0.4702420526357734
2.410380290114544,NA,-2863.7824091961656,PC1,-0.7860379503433755,-0.5633667708150458
2.310679015146466,NA,-2861.873344416479,PC1,-0.8077945682981511,-0.4887287346864348
2.419999163968949,NA,-2865.485866245301,PC1,-0.7961588801136837,-0.6127941579080265
2.373281184035821,NA,-2861.7723562000156,PC1,-0.8979473267646337,-0.5162712678132066
2.334787251963778,NA,-2859.5978817895307,PC1,-0.9093459900436137,-0.4910983848919519
2.4557923990432338,NA,-2863.7237031045593,PC1,-0.759775359239437,-0.6698989570987148
2.173349853613799,NA,-2865.3727367679417,PC1,-1.0529712380324747,-0.28089898335799457
2.4969461641064514,NA,-2863.9926850415754,PC1,-0.9858228618935984,-0.5071436004683527
2.2592418977129958,NA,-2869.7240635690473,PC1,-0.8379102054207284,-0.5045485429157721
2.2546760195101534,NA,-2863.518094523102,PC1,-0.817955062986734,-0.47581007103093187
2.446649603791874,NA,-2865.0332961740132,PC1,-0.8094236262311105,-0.5472007519768955
2.283183680923873,NA,-2862.0632494821048,PC1,-0.7274736479767228,-0.5236199623123714
2.392260618179155,NA,-2865.231743717947,PC1,-0.717089923569535,-0.4942114758255771
2.466678967511827,NA,-2861.655153494919,PC1,-0.7936522362639017,-0.6663854475079597
2.425911451611968,NA,-2864.2268831114648,PC1,-0.6866081283387804,-0.5747514869772147
2.2466886760364035,NA,-2871.1359711547025,PC1,-1.1423921599539444,-0.3040961654174489
2.364421685879421,NA,-2863.8293058416753,PC1,-0.9393941412254795,-0.5530996765279831
2.3771502863347664,NA,-2861.999821861118,PC1,-0.7196370079893425,-0.6415134972088454
2.3380612122165854,NA,-2860.8952227931213,PC1,-0.6902037162147023,-0.6742392088944796
2.3916182454794117,NA,-2863.261351959127,PC1,-0.9043717400841301,-0.6114593321220178
2.413840956356456,NA,-2865.6034869943537,PC1,-0.8903254924289782,-0.6149350444024896
2.2989346411177523,NA,-2865.7801557449657,PC1,-0.8567984311877344,-0.5200870482783815
2.42357791519557,NA,-2862.2462646732547,PC1,-0.7762211879534018,-0.6745002184767314
2.268798963583273,NA,-2867.2975176897958,PC1,-0.6466173769596911,-0.585747334783294
2.2861840994080893,NA,-2861.330269580558,PC1,-0.8729238959137275,-0.49398569182928387
2.3398627287017897,NA,-2864.531662694778,PC1,-0.8776499095520768,-0.3799266843933016
2.279002615126286,NA,-2863.77686347744,PC1,-0.651144983766245,-0.514397686519112
2.3977791625600022,NA,-2861.639808980247,PC1,-1.0254055756315956,-0.3544171398516298
2.3989170799283173,NA,-2860.7191907044826,PC1,-1.0289162828561973,-0.47947911893959566
2.4095045465981553,NA,-2867.468453765475,PC1,-1.1391828177566814,-0.3600383512311426
2.366796833462308,NA,-2861.6274572989637,PC1,-0.761611582714129,-0.6346667795921784
2.4553496248494264,NA,-2863.3747642002772,PC1,-0.6461962283255029,-0.6953740825613801
2.2888822370626993,NA,-2868.9870423194593,PC1,-0.7119889694730268,-0.5782074290292519
2.4128081558152608,NA,-2860.6680577788466,PC1,-0.9499518620829024,-0.40822006560443375
2.3470158110034745,NA,-2864.563322675503,PC1,-0.8094878704354238,-0.45291473224534307
2.401441949490469,NA,-2861.6381743499255,PC1,-0.8420044254038026,-0.5806142827726195
2.267962947166642,NA,-2863.6978642319878,PC1,-0.8512559686881791,-0.418919948753416
2.308874664971236,NA,-2865.2189253462684,PC1,-0.9357685637204304,-0.458011326961112
2.407686397104023,NA,-2862.75537556697,PC1,-0.8021920241152081,-0.755417562011475
2.4372452385679044,NA,-2867.633012272178,PC1,-0.5596231270346307,-0.7221334841909317
2.3051105736589634,NA,-2864.223909847971,PC1,-0.8712918319901831,-0.5005918356052028
2.4201729670628533,NA,-2861.7851275573653,PC1,-0.7320166258044397,-0.6366174182535067
2.332261679067235,NA,-2864.7727429036536,PC1,-0.9352520682481149,-0.4822109804229444
2.311919075516553,NA,-2858.9800451757164,PC1,-0.9461106718855798,-0.41695058727470546
2.45488933571994,NA,-2866.228780305456,PC1,-0.8445247310470635,-0.575665109269026
2.4137073793494177,NA,-2860.179479158433,PC1,-0.7274437284859914,-0.6387233386847143
2.402269165732427,NA,-2865.564493440358,PC1,-0.7233007004634702,-0.6176827656292789
2.32704667180904,NA,-2862.575038711934,PC1,-0.6882976667089559,-0.6454428896160673
2.4093282375980447,NA,-2862.474110733751,PC1,-0.6660847964521682,-0.7171516631223558
2.3756938390940556,NA,-2864.3440379350054,PC1,-0.5752219645553756,-0.780470302897229
2.4201039459647355,NA,-2860.8875143497485,PC1,-0.9108329711671067,-0.5113832928311455
2.300959981822949,NA,-2860.654280816699,PC1,-0.8199334765192755,-0.41947435962243546
2.3588037005940503,NA,-2862.0074185972308,PC1,-0.8496999767245811,-0.5043904780887779
2.353638553562814,NA,-2862.7729288024716,PC1,-0.7242914720558757,-0.6619645322030713
2.4738521628306036,NA,-2860.893480689442,PC1,-0.723884154682203,-0.6641212899908828
2.3553947207908745,NA,-2860.803085771339,PC1,-0.8554619435350991,-0.5644504129900672
2.297539481051634,NA,-2859.9449124114967,PC1,-0.8639426547676835,-0.5002184058454571
2.297561373066288,NA,-2863.509562173589,PC1,-0.7113628679340052,-0.5273606618630458
2.313940004575194,NA,-2860.3081807289013,PC1,-0.6629518651443514,-0.6129152806731695
2.4050990115995865,NA,-2860.8154921928176,PC1,-0.7525238634079428,-0.6364179509066088
2.4369141335867908,NA,-2864.5205904643685,PC1,-0.8244383678485814,-0.5022140999835116
2.3872234551660347,NA,-2861.3758783245635,PC1,-0.6767948202125477,-0.663507631410086
2.4194746887601992,NA,-2862.6513889252,PC1,-0.8717629924480963,-0.5864365936343428
2.3693853688401645,NA,-2861.564062741438,PC1,-0.7865583602464139,-0.6121225306690719
2.440143039767519,NA,-2861.4128943299434,PC1,-0.7862352254013157,-0.6309157629888544
2.321390572052738,NA,-2864.8445484026574,PC1,-0.81711953298989215,-0.5246837878925695
2.3096146218265723,NA,-2859.582977735636,PC1,-0.895125682449655,-0.4487228511941918
2.275310522156056,NA,-2865.639530578632,PC1,-0.753471587516344,-0.46733410804041037
2.2994613871834044,NA,-2860.930138686212,PC1,-0.758107373138518,-0.5585700154697104
2.2785997887181364,NA,-2862.366951666581,PC1,-0.9127093214675409,-0.4257175569298731
2.285599245863193,NA,-2865.9367469953954,PC1,-0.7937293380569547,-0.519162141385251
2.474857767193347,NA,-2863.663480336415,PC1,-0.7777072570159427,-0.6323795729985071
2.3849279620140966,NA,-2859.5599977557295,PC1,-0.8944027606422702,-0.530775338206665
2.3751641611239624,NA,-2863.723781855083,PC1,-0.8603891355407302,-0.43426393030114696
2.3335694941035965,NA,-2862.769611633076,PC1,-0.6060081894593364,-0.7314201218574525
2.4186924760646895,NA,-2861.7996662754076,PC1,-0.8350767488642052,-0.4912444619156381
2.378647947382638,NA,-2862.8568456918647,PC1,-0.6412932655606949,-0.7226404831103299
2.3758694679379704,NA,-2861.1747203242867,PC1,-0.7603655611183343,-0.64492388315549
2.400054278335976,NA,-2862.505348549893,PC1,-1.0708785272439283,-0.3963937177760158
2.471638380952707,NA,-2863.7162211913164,PC1,-0.979730522584588,-0.345023577363683
2.344105100902116,NA,-2862.318975627037,PC1,-1.0176415326601704,-0.35382884790468544
2.3784863232763866,NA,-2860.788105399599,PC1,-0.9957576207517262,-0.39129629982795744
2.3900768731547664,NA,-2863.562371794102,PC1,-0.855937506220712,-0.6038604991206868
2.256046259792797,NA,-2865.2779624828527,PC1,-0.8693980219479462,-0.36605231085896545
2.4033231783286255,NA,-2860.071350056349,PC1,-0.7900608765222038,-0.6031909833784316
2.4221449292070525,NA,-2865.8821950184492,PC1,-0.8594731329943468,-0.6998322515002571
2.3926965646880154,NA,-2862.594113084998,PC1,-0.94534490396820825,-0.5441547530766835
2.3242253194809295,NA,-2861.642511942488,PC1,-0.9475440663502774,-0.43560455226871353
2.434982163059627,NA,-2862.714155334197,PC1,-0.6121596255016176,-0.7889113475248524
2.298465186443071,NA,-2862.6525169968645,PC1,-0.7964274833354461,-0.6177668504380888
2.4312782171409384,NA,-2862.251962347663,PC1,-0.8195620446183226,-0.5500133149383015
2.358640060402682,NA,-2861.648811259704,PC1,-0.893270859001741,-0.5286396266024771
2.475590709115798,NA,-2861.7765852907596,PC1,-1.0155480904989345,-0.4206568862914958
2.305463489659846,NA,-2864.8014991037116,PC1,-0.5864050564416652,-0.7821653907467109
2.364774614124877,NA,-2866.3075799378257,PC1,-0.8075627019282524,-0.5606022767980992
2.447921279265706,NA,-2862.6942534624563,PC1,-0.9386375056765675,-0.45300687381968635
2.3722195237299935,NA,-2865.0543744640618,PC1,-0.9612608270189249,-0.4491382197702623
2.408641131277781,NA,-2862.0802484857454,PC1,-0.765831336670862,-0.6055333399097543
2.2526351550210553,NA,-2862.3077898186016,PC1,-0.8274965917781496,-0.5088791348446473
2.410120778971689,NA,-2864.9185516314724,PC1,-0.8773484395305005,-0.6090757798926831
2.368920025245455,NA,-2865.85876988649,PC1,-0.8499719933309589,-0.5483096421704604
2.2849404938164755,NA,-2863.0537353844816,PC1,-0.7674675317277073,-0.5694519073831772
2.4738438278970274,NA,-2866.165731926815,PC1,-1.0658244389338412,-0.29984799607619106
2.523912412511895,NA,-2863.9065729309013,PC1,-0.9590822306467172,-0.5788524431362498
2.322282164392262,NA,-2860.0893076367875,PC1,-0.8415911880826896,-0.4976082099926407
2.4385778061505707,NA,-2867.7180904570337,PC1,-0.9198200276961732,-0.37681069821993857
2.42705465344155,NA,-2866.0736539124614,PC1,-0.8555642083230162,-0.5395101654952212
2.406175598757453,NA,-2864.5254889247376,PC1,-0.9216796006072028,-0.5906941795851032
2.4569728773029764,NA,-2864.168403112987,PC1,-1.0550231972870339,-0.32845051251028595
2.382391418085833,NA,-2860.9549429525628,PC1,-0.858319252835951,-0.5655315471806525
2.3664582765591256,NA,-2859.3914450633188,PC1,-0.8040410412081148,-0.5983351578507452
2.4040822162587694,NA,-2863.6492411275804,PC1,-0.6499839538139387,-0.654381939013752
2.520989222086884,NA,-2871.0122318638832,PC1,-0.9924165507618318,-0.45072007942899184
2.3658409152052333,NA,-2860.6767611859746,PC1,-0.9567256220677532,-0.5075942059437095
2.2596588414934597,NA,-2866.191852229662,PC1,-0.9649693479890715,-0.3346978561752339
2.430008710356762,NA,-2866.9017897883405,PC1,-1.065833575350566,-0.41430770668385664
2.414824628143514,NA,-2863.801272592414,PC1,-0.8128547256895892,-0.5181208776968353
2.24097284021215,NA,-2861.692988338102,PC1,-0.860162120251734,-0.46439739513516487
2.391995410223508,NA,-2865.8634851127285,PC1,-0.9432256776015115,-0.31834409217118165
2.4981032965908767,NA,-2865.251770644884,PC1,-0.8579873194906661,-0.5988249835937081
2.3987440481604825,NA,-2863.5658767657114,PC1,-0.8470189706218046,-0.45554974950117094
2.3587167849595705,NA,-2863.5792773207054,PC1,-1.0009687513058214,-0.4813156202653402
2.445196806918289,NA,-2860.2947840705524,PC1,-0.9491761353656256,-0.5137510602358676
2.387564724932123,NA,-2863.891392351888,PC1,-0.8575310210682487,-0.5763972641749304
2.363047692131196,NA,-2863.8412082233694,PC1,-1.0153858679188419,-0.37066575211460506
2.2167502335456803,NA,-2864.659242446387,PC1,-0.8560201666817194,-0.43865484970034085
2.328066365157797,NA,-2864.8201511922193,PC1,-0.9171223024489987,-0.5630392960395685
2.405818664882877,NA,-2862.1223199365986,PC1,-0.9415707592308546,-0.4529594005542051
2.26749326681805,NA,-2861.8623478710306,PC1,-0.8168716390897314,-0.5442161488663687
2.421135625568451,NA,-2861.4899894311948,PC1,-0.7922835941185811,-0.6680638628695382
2.454163459492658,NA,-2870.8141824086383,PC1,-0.5615394250533386,-0.7865948900622631
2.4344777130674577,NA,-2862.401241136869,PC1,-0.9380073729986887,-0.5463497131524655
2.386542103552667,NA,-2864.0372621778483,PC1,-1.0157857088074147,-0.5153418773096988
2.328181919578656,NA,-2864.6616948345913,PC1,-1.0233914798408688,-0.21571864687599687
2.336307589120466,NA,-2865.4049991147504,PC1,-0.8889827644342981,-0.4551481666432939
2.298168271214916,NA,-2860.0513734888377,PC1,-0.8592790547443161,-0.5013468847609092
2.3601517273976778,NA,-2861.582920686344,PC1,-0.8722667668604983,-0.46835704944908385
2.4540329012548727,NA,-2862.2003451211544,PC1,-0.7958548785262598,-0.6785366343862085
2.26387017253166,NA,-2862.8354832122136,PC1,-0.6977374123625918,-0.6633541910148749
2.3953314049070173,NA,-2860.179687271708,PC1,-0.9315162740845314,-0.5528556156541429
2.405230662710086,NA,-2868.7125161787944,PC1,-0.8918925244233029,-0.5888121425223871
2.3703283316239605,NA,-2863.875669878074,PC1,-0.968735224810354,-0.41830164903737527
2.380077483051627,NA,-2865.0638676335097,PC1,-0.5840839956393243,-0.7171650413117123
2.389573881224553,NA,-2861.1793672209224,PC1,-1.0045520287785137,-0.43344348176538405
2.4073344794395166,NA,-2868.148313541076,PC1,-1.0371898172680454,-0.468092344595424
2.3159283894080285,NA,-2865.172891610375,PC1,-0.9442869785464051,-0.4145305709203766
2.430369513140361,NA,-2861.3525360313542,PC1,-0.8121958180731289,-0.6623650916550132
2.3247930059121527,NA,-2861.4660454527866,PC1,-0.9779831454508161,-0.3017817854673767
2.4231001144478492,NA,-2866.12839535922,PC1,-1.0119843298788815,-0.4608856447187616
2.3667868665315823,NA,-2864.6001115655304,PC1,-1.0315577447561386,-0.3907586844956859
2.447754206226962,NA,-2864.6487947587757,PC1,-0.8773912081809954,-0.4200312096310336
2.257116645255652,NA,-2863.6161788915315,PC1,-0.885966897113803,-0.41038815398621353
2.466057382552863,NA,-2863.0127257215863,PC1,-0.8307373253576033,-0.5464218227086207
2.409554416840478,NA,-2861.0098600213637,PC1,-0.8047784498455003,-0.6404007382434285
2.3374108619997274,NA,-2863.5228385016267,PC1,-0.8066709818043126,-0.5158492236137803
2.294598495010771,NA,-2863.763445910853,PC1,-0.9651726141425887,-0.31471324103409604
2.3211972734379978,NA,-2863.352355907171,PC1,-0.6526097393318717,-0.6264567740010049
2.3256509475903355,NA,-2861.7958712705426,PC1,-0.8278091629631841,-0.48797213131454503
2.4054623492593117,NA,-2863.6710566699007,PC1,-0.5851318640550212,-0.6345355034869596
2.3540570863212604,NA,-2858.896247184324,PC1,-0.8648109983251473,-0.4522230359033414
2.324182186060982,NA,-2862.246344315433,PC1,-0.8240070900274957,-0.574949376445639
2.497306457332826,NA,-2863.8583870320017,PC1,-0.8647225018351844,-0.48696236564870576
2.3199329816019145,NA,-2861.461776507998,PC1,-0.7982983097620483,-0.5864618116539145
2.2180701092919555,NA,-2864.492213598809,PC1,-0.8847562464146016,-0.4323894537796727
2.4557051834653048,NA,-2861.6959083664938,PC1,-0.7640848474155642,-0.6229360273125728
2.4008804013901726,NA,-2863.6445068772823,PC1,-0.779649461276252,-0.5254929171458775
2.3731469363629945,NA,-2860.482646599713,PC1,-1.083695476954301,-0.35004178120232765
2.362189105752363,NA,-2861.5339576319675,PC1,-0.9064460344531253,-0.5492148760308807
2.3959604701999773,NA,-2863.6756808080463,PC1,-1.1884120525024844,-0.22526444854129432
2.307895287442502,NA,-2860.8581337631135,PC1,-0.9699979879356423,-0.3890525281175312
2.411946809402612,NA,-2860.95895063349,PC1,-0.6796441007753684,-0.7296754568067028
2.4041969442082234,NA,-2861.9369692542723,PC1,-0.8266166931078437,-0.5615302565267188
2.4219155078394996,NA,-2861.188918950659,PC1,-0.7758931584720311,-0.6709398488425802
2.3484328586223926,NA,-2866.7070585328884,PC1,-0.9292569631759291,-0.32565511862636365
2.3110351874203148,NA,-2860.57536256324,PC1,-0.9343058296025324,-0.4491741564211686
2.3843184334261367,NA,-2862.3423990706037,PC1,-0.8000946444220383,-0.5139493374542958
2.3944008045105334,NA,-2860.710447862029,PC1,-0.8010360050966677,-0.491697751714886
2.331248979452623,NA,-2861.8372462606944,PC1,-0.8047804623643063,-0.48879902639822903
2.3847092899725393,NA,-2865.1001431178133,PC1,-0.9893421756453291,-0.26553844268942733
2.2752943023884393,NA,-2867.7162716972603,PC1,-0.5891023427680818,-0.66165032646238775
2.442406928432921,NA,-2859.375802356121,PC1,-0.7362780306260274,-0.6484486443229908
2.36437438743097,NA,-2862.8861747688807,PC1,-0.7389614035270776,-0.5406469425083782
2.435114619211448,NA,-2864.1390417906478,PC1,-0.8228376266272275,-0.5582745580328744
2.3151639115432987,NA,-2861.6951007308758,PC1,-0.7587509772779244,-0.6034846541667837
2.433679764401509,NA,-2860.454696168902,PC1,-0.7564596695507994,-0.729415469478143
2.2932412870348533,NA,-2866.719780823941,PC1,-1.1587380363929853,-0.17254876654241913
2.3710694428443198,NA,-2865.2556605496993,PC1,-1.0260647622917256,-0.4493666515462445
2.3251304075530603,NA,-2861.9921166672093,PC1,-0.8329231157676281,-0.5249421194405725
2.298245227556114,NA,-2868.1640680809674,PC1,-0.8159637732884504,-0.653810364774803
2.2365018948567337,NA,-2870.976922073063,PC1,-0.751037604638622,-0.5559350431442763
2.26922559348005,NA,-2864.3435089034033,PC1,-1.1067105852368426,-0.2758404132480178
2.4208884709877596,NA,-2861.397650687332,PC1,-0.9682412932882639,-0.4869153918969619
2.4419252736657513,NA,-2863.082381529765,PC1,-0.982671887806664,-0.44282620762608615
2.4053483839188194,NA,-2861.261663697559,PC1,-0.9778679321341764,-0.3925102765608009
2.390215815377676,NA,-2869.1819252467017,PC1,-0.8232549748590431,-0.6984956979049786
2.2906522851087305,NA,-2862.18060112318,PC1,-0.8428556722050801,-0.4175265492612331
2.331852506258285,NA,-2862.438392987898,PC1,-0.7880508191909491,-0.6058271937842482
2.3629700417208688,NA,-2863.2524949601584,PC1,-0.8158314720657492,-0.5423214328247842
2.342804597415706,NA,-2864.0921630107764,PC1,-0.8491035701029925,-0.5509320375315646
2.5267560139343157,NA,-2864.1462229672047,PC1,-0.9411413611258379,-0.5301344014212794
2.3665935781443164,NA,-2862.88401543257,PC1,-0.7260954012356463,-0.6014021858627688
2.3534982232249617,NA,-2859.687253576053,PC1,-0.8220660763893554,-0.5390421638382565
2.485498795943369,NA,-2866.5166885829763,PC1,-0.9486623205695707,-0.4080219129774449
2.3844677135956447,NA,-2863.3528667738688,PC1,-0.809429592649444,-0.4921563168012199
2.3770157782231074,NA,-2861.3569510191237,PC1,-0.9195490875777368,-0.5090955954143751
2.345534134294464,NA,-2865.289894506843,PC1,-0.7612321529434928,-0.4586990044167342
2.3929816991478634,NA,-2862.289516145041,PC1,-0.8223028149935746,-0.6459299871352563
2.3530321291392795,NA,-2865.176618802174,PC1,-0.9161821108903276,-0.33983459108432296
2.3307902522141624,NA,-2864.502334940858,PC1,-0.9813129020824319,-0.37973075883027496
2.268011891444618,NA,-2864.2482413832963,PC1,-1.1404808761317142,-0.3009210755055241
2.417430104812866,NA,-2865.559254391774,PC1,-0.783186940268361,-0.48046220996185934
2.437583940140641,NA,-2861.144400915128,PC1,-0.8694461114946025,-0.5698558387084018
2.460028578677361,NA,-2862.805894704551,PC1,-1.0757447116110341,-0.36023392375093216
2.4779653165851734,NA,-2870.3639463155196,PC1,-0.7535602516633905,-0.6740524268984455
2.3664978831458434,NA,-2867.8195206747077,PC1,-1.1061071821593331,-0.17774983150616486
2.3968486762624313,NA,-2863.85983650992,PC1,-0.9445904213514619,-0.4153528441988759
2.497811577885816,NA,-2869.435961937473,PC1,-0.7822142754830484,-0.7680877929052776
2.4304545845198504,NA,-2862.2713086271847,PC1,-0.9316862507594724,-0.526367172278761
2.273788171252141,NA,-2861.855899919606,PC1,-0.7041212305159908,-0.6120129967211484
2.3282173411223153,NA,-2860.5201841584058,PC1,-0.8714855499833029,-0.41878821676302413
2.450573395212985,NA,-2862.8970512753667,PC1,-0.9756932642021233,-0.45400508634501857
2.2313380212973604,NA,-2866.6333637206285,PC1,-0.9381121903314654,-0.4599404350164681
2.3634426941831883,NA,-2861.4630470830166,PC1,-0.8768029832816217,-0.5688837577467344
2.326941577436661,NA,-2864.752879737449,PC1,-0.7082925335704469,-0.6171095454250031
2.2979102835190504,NA,-2863.5455985484055,PC1,-0.7776596122077923,-0.5958582699233481
2.435722591769402,NA,-2864.1975161536793,PC1,-1.011588990600543,-0.4310322232618671
2.374857409974808,NA,-2862.08895004194,PC1,-0.9755934229606545,-0.38397431504604107
2.3557697459068545,NA,-2861.8068467531516,PC1,-0.9227642185497338,-0.4538498032271091
2.3923296628804023,NA,-2864.1200625607325,PC1,-0.7359606793675473,-0.6255055852445573
2.1868141873666413,NA,-2865.855257159915,PC1,-0.9301880970397937,-0.3162716127322944
2.3346734608715227,NA,-2861.2815046562673,PC1,-0.91743902355410345,-0.5281304787692866
2.3717320506836965,NA,-2865.4529997202826,PC1,-0.7524444426169484,-0.7395785193872868
2.4336426606059436,NA,-2864.525044168888,PC1,-0.9010360160786015,-0.6805870356677935
2.3103561177978897,NA,-2860.97045145767,PC1,-0.9778701718197563,-0.2822054578860456
2.326071654619052,NA,-2862.480420494857,PC1,-0.5760841182181615,-0.7818756566322244
2.395073891693686,NA,-2862.793937984691,PC1,-0.6951679772638033,-0.6868755091674685
2.384853962367304,NA,-2861.6494067466087,PC1,-0.9734027187013721,-0.4704624806863591
2.3766023469111177,NA,-2859.997844370881,PC1,-0.7892715553710014,-0.4933004899596586
2.3339706726666423,NA,-2866.1247390301583,PC1,-0.7418981475678739,-0.6514348275096707
2.3395768839928555,NA,-2863.8288001212804,PC1,-0.7977585479236018,-0.5004513684095581
2.3046608298329883,NA,-2864.41969548675,PC1,-0.765537468896842,-0.5621889680744347
2.2602939112483638,NA,-2864.1606146123077,PC1,-0.7125012963913221,-0.5335169217548628
2.317693484513946,NA,-2862.579687232119,PC1,-0.79324076219626,-0.6092169984733802
2.3694621730939867,NA,-2860.7377695991745,PC1,-0.7310374857934415,-0.652803042408136
2.4589268551728516,NA,-2863.1256013960624,PC1,-0.9194117934561638,-0.537180001734237
2.377896118144413,NA,-2858.356314366756,PC1,-0.8952110444812912,-0.45252319961037674
2.317824207269897,NA,-2860.0094773583146,PC1,-0.9441305290080448,-0.46697595504335393
2.249761282508247,NA,-2866.0952453674054,PC1,-0.7441392727211249,-0.5145194751747132
2.382941345781256,NA,-2864.6894868778595,PC1,-1.0328035698592315,-0.30227448755678205
2.358279539810422,NA,-2860.338165568086,PC1,-0.8972264267725323,-0.47772536252096565
2.442025434320861,NA,-2863.9363916499046,PC1,-0.5704216789487705,-0.725486531107176
2.3954803018944033,NA,-2859.9955190888636,PC1,-0.9355506114133629,-0.4582859109540656
2.339461690719981,NA,-2861.0456110339073,PC1,-0.6143341706199976,-0.6890932049844064
2.4568861413062293,NA,-2862.057875402699,PC1,-0.8490743702076372,-0.575258509957159
2.4110543494547776,NA,-2864.1656634315077,PC1,-0.8998756429247985,-0.49160227905879206
2.28211324244498,NA,-2861.732080941613,PC1,-0.9164470393955977,-0.3832414236302144
2.3467991568508864,NA,-2863.4707503782843,PC1,-0.8683456997286071,-0.5119643677328616
2.3397735047272277,NA,-2861.719508252947,PC1,-0.8798986970833138,-0.548297699578285
2.3674282232005512,NA,-2863.5525263672234,PC1,-0.9050706934874236,-0.4206542697473946
2.3980691851607068,NA,-2861.0197802372636,PC1,-1.0026895388769694,-0.44181672236960456
2.3241022334159536,NA,-2861.65197460982,PC1,-1.0099506834716516,-0.45797892854637534
2.312383237171282,NA,-2864.465325427243,PC1,-0.8700470637258895,-0.5444751886640266
2.301627624655325,NA,-2858.5665295284,PC1,-0.8215276489124064,-0.535729783174993
2.35374885668085,NA,-2862.262014672406,PC1,-0.8349673695881343,-0.5190230057103731
2.3358659857871706,NA,-2862.1931605987797,PC1,-0.9255868559761599,-0.3987123384353609
2.3777394810188004,NA,-2860.869292402661,PC1,-0.9633926468378173,-0.4763909018855713
2.3540894090750593,NA,-2860.4481312811195,PC1,-0.9316022594869066,-0.43682469658579853
2.4697675137695954,NA,-2862.499136001352,PC1,-0.9001566049321043,-0.44740301940015853
2.36164933974372,NA,-2860.189574677518,PC1,-0.8555610328309806,-0.5288101394207607
2.3504193139126235,NA,-2861.8768419027956,PC1,-0.6387614632273653,-0.6232708153116835
2.3828967216008827,NA,-2859.7639973929936,PC1,-0.9945157021571902,-0.4811180877587633
2.3547044729073834,NA,-2859.789396459752,PC1,-0.9173400729062352,-0.519325171497906
2.4133755854633523,NA,-2861.4344421196024,PC1,-0.6047849383846674,-0.7447683119349183
2.3655929938116222,NA,-2859.932202880791,PC1,-0.7031074168048499,-0.6336105302781105
2.2971467065365605,NA,-2864.55048352101,PC1,-1.1012146283559425,-0.29391649412389
2.3564956386759195,NA,-2861.533233913521,PC1,-0.9842106246719878,-0.4473915214599279
2.3150240998082294,NA,-2862.4919448241544,PC1,-0.8946458311154956,-0.45671283008729996
2.330931417284986,NA,-2860.8659907664146,PC1,-0.8742739569573754,-0.4334740123864617
2.410099496504122,NA,-2865.934881668995,PC1,-0.8587262218931381,-0.6296375972064985
2.38841780223204,NA,-2868.446318343457,PC1,-0.9245041740587107,-0.4633027129535783
2.330328101491503,NA,-2865.1474635369527,PC1,-0.8208206550190867,-0.37081314159938317
2.274895912203191,NA,-2861.8584096463937,PC1,-0.7785233557442444,-0.5081422199284776
2.31159211505311,NA,-2859.7578864706284,PC1,-0.8193551962854646,-0.5350911738342531
2.3507744690253936,NA,-2858.627873866172,PC1,-0.9960738265224803,-0.3967856222809045
2.3083352853111743,NA,-2863.3261434647384,PC1,-0.8666974321628768,-0.4379661855624791
2.4549267621578967,NA,-2860.270340703819,PC1,-0.7418899049181458,-0.6337999429119752
2.3623403487906365,NA,-2859.28855263077,PC1,-0.8268320988659464,-0.4896458608784893
2.391530711066585,NA,-2863.0821022518726,PC1,-0.9062696257074297,-0.45782109082631745
2.4788316214616954,NA,-2862.0401905250787,PC1,-0.8881555116044763,-0.48853368253369295
2.4398111493357035,NA,-2862.3141769022745,PC1,-0.9249577589450279,-0.42958487562024433
2.4541817368064605,NA,-2860.887402842526,PC1,-0.6681068828427712,-0.7775689214974424
2.365287439784547,NA,-2860.743883868494,PC1,-1.0040106674273221,-0.47212631337500194
2.3574204142325863,NA,-2862.794860073351,PC1,-0.8874019324180656,-0.4233952393599123
2.37164322385478,NA,-2861.9245944218164,PC1,-0.8633076155972362,-0.5860065043851169
2.3191660257455964,NA,-2862.4758336294617,PC1,-0.774817305723171,-0.6264651238990105
2.4206886160402163,NA,-2864.65484368846,PC1,-0.7766992920058643,-0.5558949630294449
2.3710771778613373,NA,-2869.085034592357,PC1,-0.9455341177350429,-0.37317276109297143
2.351867360448304,NA,-2861.0791978038205,PC1,-0.9494210497891669,-0.5229226622290712
2.4662743324860665,NA,-2861.5867092982267,PC1,-0.9007842334125739,-0.5072816456918423
2.3123520542609137,NA,-2859.6616757592274,PC1,-0.9456366637550689,-0.45452100361596326
2.344079360224168,NA,-2863.174317098432,PC1,-0.9200628454942176,-0.5457697010951305
2.3785323529675058,NA,-2863.646482507244,PC1,-0.903565836885959,-0.5230840584246197
2.311138808270752,NA,-2862.8799780824634,PC1,-0.8065478913884427,-0.5067439057734504
2.35419550469965,NA,-2861.5321005166293,PC1,-0.8105823126887899,-0.5396980302121237
2.291331979412892,NA,-2861.5088615450395,PC1,-0.7493797925493025,-0.6120061457172665
2.289713206033351,NA,-2861.620866607461,PC1,-0.944871142631716,-0.448496880291307
2.354144945979805,NA,-2858.9520531758517,PC1,-0.7909916894700533,-0.5953996664080804
2.3317988100096994,NA,-2860.2947142592548,PC1,-0.8333558397287412,-0.5884479346593391
2.4237672797352032,NA,-2865.232715930323,PC1,-0.9058023953958149,-0.39257916890561245
2.349080823146778,NA,-2861.4028425839924,PC1,-0.9425113145892111,-0.5173017316375069
2.3268936665196156,NA,-2859.247799973977,PC1,-0.8372242595039798,-0.526536289835807
2.4538081227702575,NA,-2863.173254366347,PC1,-0.7379781219517134,-0.6602180253316492
2.412823704200107,NA,-2863.5902786874553,PC1,-0.9201157448767866,-0.5009706050157999
2.3356844907430077,NA,-2860.3514752678734,PC1,-0.7785972555935534,-0.5899650073076999
2.3063344502687686,NA,-2860.897084007555,PC1,-0.869305822017001,-0.4835765701553511
2.4127112871549583,NA,-2862.622486864224,PC1,-0.8194315066638417,-0.6022240686387452
2.3578476730829383,NA,-2863.0036000232353,PC1,-0.8070992997166697,-0.5343318927730738
2.3601171686143885,NA,-2861.9227441087755,PC1,-0.7354951152620816,-0.5720442454719382
2.3550473627665323,NA,-2861.2316645911196,PC1,-0.966698204948657,-0.49446202880259377
2.2930362683015066,NA,-2861.281035849492,PC1,-0.8481112670339618,-0.5722147667381272
2.4047821489509977,NA,-2864.367440104788,PC1,-1.0294235155410223,-0.37036440899798706
2.3850144892849103,NA,-2861.2842309322427,PC1,-0.8675042434685263,-0.5325598955585751
2.4086363632850603,NA,-2859.656937271418,PC1,-0.6844255161108208,-0.7200368887247797
2.265005572724454,NA,-2863.1436080593,PC1,-0.8985486350680901,-0.4224138029274771
2.4174241616951995,NA,-2860.5002958868668,PC1,-0.9126275504452115,-0.46852514194790973
2.3758625175262322,NA,-2861.812317969516,PC1,-0.6938121505413155,-0.7279451332885211
2.4363028132239934,NA,-2862.066845675264,PC1,-0.9565439831008805,-0.42085272789920525
2.2863384572858156,NA,-2862.5283812528373,PC1,-0.7541711788654322,-0.5321816495443494
2.4510680297131366,NA,-2867.58114594668,PC1,-1.0009467933396121,-0.462474607214557
2.4563362014145635,NA,-2860.2584848602746,PC1,-0.961768759498903,-0.5137142352657192
2.3959468298996893,NA,-2864.436166723704,PC1,-1.0512852773394274,-0.45430788954600493
2.421258402794336,NA,-2862.7912888893015,PC1,-0.9177657394131308,-0.4602791592822607
2.362570698483749,NA,-2861.776237614873,PC1,-0.7311238793806043,-0.48960323373348774
2.512489238700731,NA,-2864.3437733209917,PC1,-0.9114226165873064,-0.5849448097288024
2.511988494490034,NA,-2860.92769470036,PC1,-0.9160338487845737,-0.4994961424268025
2.442879888903703,NA,-2862.3786224191995,PC1,-0.8674414787810992,-0.5036263081719314
2.3262342766619994,NA,-2861.9932773826895,PC1,-1.0310194331477163,-0.37279634565505143
2.314276880383119,NA,-2860.787392499742,PC1,-0.9487193844519362,-0.41642169122204825
2.4076212248673228,NA,-2868.1112253855476,PC1,-0.9284583557524951,-0.4271275882871334
2.320586731828445,NA,-2861.036466808709,PC1,-0.8952915914963621,-0.4921042166449691
2.4698706976828744,NA,-2865.828090243425,PC1,-0.6306655397528557,-0.7696370141605217
2.303906102291859,NA,-2861.656912602485,PC1,-0.9506510586774736,-0.4015058655577129
2.379080835482411,NA,-2862.6108013748653,PC1,-0.9698717083528205,-0.5218551904856976
2.27124743357314,NA,-2864.2462139078993,PC1,-0.9884227725828706,-0.4480201518882827
2.4926170151427356,NA,-2862.215164328376,PC1,-0.8722568074013244,-0.6696746130175066
2.4353911165452975,NA,-2861.952881426993,PC1,-0.9527268356958817,-0.48398758058197966
2.179678855422116,NA,-2867.62306859012,PC1,-0.6294577172221127,-0.4992667428023142
2.354649137083028,NA,-2859.961003605892,PC1,-0.7880955865608561,-0.5768387526551302
2.407493149760094,NA,-2866.2361871317985,PC1,-0.7182413550161117,-0.5174881606159737
2.3484218461850097,NA,-2867.2201906711107,PC1,-1.1457796861205964,-0.25949968465906437
2.366497941062665,NA,-2865.6004905220975,PC1,-0.7042027650953966,-0.5689663452074754
2.4010880275467286,NA,-2860.9745836756756,PC1,-0.8315981316775988,-0.546627874105327
2.332788934449258,NA,-2861.273539950272,PC1,-0.933866342804237,-0.47693421313643625
2.3585018474540624,NA,-2859.5388850944573,PC1,-0.8688650219286214,-0.47981737597784313
2.337181861381548,NA,-2860.6272551534958,PC1,-0.8948805317287792,-0.5275799324182905
2.4132795494516044,NA,-2860.3259955227895,PC1,-0.9581994964753059,-0.46902007597328693
2.3970900466639105,NA,-2863.840776161033,PC1,-0.9858982963180697,-0.3799559129940259
2.3283806024574565,NA,-2861.9481108410278,PC1,-0.9703798307397686,-0.36713505559162707
2.3700989796013867,NA,-2859.7818376742352,PC1,-0.8253779865081518,-0.5470189281154616
2.4150655771552643,NA,-2861.5723702906457,PC1,-0.792575006861646,-0.5907379845114625
2.365071419929543,NA,-2859.7938896989217,PC1,-0.8301891454947127,-0.5205036893793789
2.3609750993707896,NA,-2860.6015682157804,PC1,-0.9511365370445354,-0.4850665251438488
2.4299128225494226,NA,-2861.930409768437,PC1,-0.6528640416300802,-0.6818935884172818
2.2792888426220697,NA,-2862.3920411300064,PC1,-0.9677630157266542,-0.313735361744306
2.244418791076593,NA,-2863.1076142200227,PC1,-1.0061453280565806,-0.32391836230424986
2.4872420865552645,NA,-2863.5072778764547,PC1,-1.050444243046614,-0.3551710365937687
2.418878150464122,NA,-2863.009104501491,PC1,-0.8598652083566398,-0.4919715658111774
2.380725721434806,NA,-2863.7059782968286,PC1,-0.9640844844470559,-0.5173370425539335
2.434160241820606,NA,-2861.027182840684,PC1,-0.9100312962476398,-0.45210906757419583
2.3853524714980456,NA,-2860.1975023193713,PC1,-0.8690210507847598,-0.5174364548013062
2.5070708968133175,NA,-2862.418119928762,PC1,-0.9078940686808075,-0.5823154211021526
2.292237542438338,NA,-2862.3949134181184,PC1,-0.8557370286383033,-0.4521578779293827
2.3990668345988957,NA,-2865.2885820616143,PC1,-1.109536289686682,-0.32243542527170843
2.4342981909900483,NA,-2861.7327874524763,PC1,-0.9930936912812014,-0.4913910120920152
2.4477962729765794,NA,-2861.0239882054652,PC1,-0.8429151824029822,-0.5419118210555232
2.3103871506140616,NA,-2862.3425187294242,PC1,-0.8943799239465037,-0.4610508840325952
2.3252664467636115,NA,-2863.967740913405,PC1,-0.768008260617843,-0.6204517270293318
2.4419205010042258,NA,-2861.7006033948164,PC1,-1.0073150398138655,-0.42397002553455887
2.2942960781197344,NA,-2864.2079213283328,PC1,-0.804429850155108,-0.48775327915721434
2.524915755029251,NA,-2864.8921458176164,PC1,-0.7968711720977237,-0.6532135802991528
2.366371979562543,NA,-2861.19082597361,PC1,-0.9298012293164452,-0.47712642093751045
2.4276427982799436,NA,-2862.864450488114,PC1,-1.005309665077584,-0.40422575786918974
2.3783233401260517,NA,-2868.369512407811,PC1,-0.9386775007362144,-0.4125628993445306
2.4132023911312075,NA,-2861.8807438309695,PC1,-0.7537866010105064,-0.6097468419424354
2.4552505745081477,NA,-2860.8943257264905,PC1,-0.7754773768518223,-0.656939990046382
2.272162557130726,NA,-2862.687124549768,PC1,-0.958547877768193,-0.3744118963780682
2.369669360337327,NA,-2861.5156812018595,PC1,-0.6998585261565748,-0.6889170002669138
2.3007743505817304,NA,-2864.5684245475086,PC1,-0.6428907410098855,-0.5881586716382778
2.384841195217256,NA,-2860.2773817939474,PC1,-0.834575900010541,-0.624436091164538
2.291109311095878,NA,-2861.911198668341,PC1,-0.9202225150854083,-0.48848702198454236
2.341517929954771,NA,-2859.6878126713314,PC1,-0.7697074044206399,-0.6073799499551505
2.398684182030676,NA,-2865.216231617092,PC1,-0.8666750369296606,-0.5478383959291495
2.4750998289860204,NA,-2862.439493197772,PC1,-0.9063208773688017,-0.5163966464443857
2.3729300786762217,NA,-2861.42075715526,PC1,-0.9412627752978351,-0.45796416522564987
2.2531451313164306,NA,-2865.123585389527,PC1,-1.1127491995446475,-0.27535375617386426
2.336743440361676,NA,-2860.965256705044,PC1,-0.9073080451823674,-0.37902078461412647
2.34352785901047,NA,-2861.783824301026,PC1,-0.8193841861917672,-0.6498612353818062
2.3511575368472317,NA,-2859.3570411104383,PC1,-0.6956292045709792,-0.6135623743909893
2.352136184845749,NA,-2864.1920760840403,PC1,-0.733548512733636,-0.572691753052956
2.4485723499862577,NA,-2862.948330854258,PC1,-0.9033912224209583,-0.48706051281325324
2.396736008230008,NA,-2865.969043829524,PC1,-1.1603342631486193,-0.3112231121830833
2.3420327920045496,NA,-2863.8043904636625,PC1,-0.89540756672799,-0.4955234961178429
2.4184030245377084,NA,-2859.5244711654614,PC1,-0.7806401503148326,-0.5255021055974636
2.4460492014703163,NA,-2866.5068621631567,PC1,-0.9602015072065441,-0.4213175411748695
2.3105617645053855,NA,-2865.6377075212663,PC1,-0.6210849770788168,-0.6256824632096447
2.2801211776357064,NA,-2860.4323947542507,PC1,-0.8523384045592451,-0.4993367690018135
2.341533042572621,NA,-2861.551992488212,PC1,-0.873673178742882,-0.5097525636761983
2.4099977175109224,NA,-2860.0751813484544,PC1,-0.8067453511194753,-0.5850842081079156
2.330079310491611,NA,-2863.3358085399627,PC1,-0.7042893623001719,-0.6968092786544914
2.312624717645121,NA,-2861.2034371030372,PC1,-0.7635383213638056,-0.6119021633642593
2.3770761894753845,NA,-2861.232269357996,PC1,-0.7471742135541132,-0.6652849835770415
2.3511695835136193,NA,-2861.515218051962,PC1,-0.689384625550608,-0.65179547601139
2.423945655712491,NA,-2859.2898109020175,PC1,-0.8298866313620623,-0.5704881406162587
2.2300941697954615,NA,-2863.849583020998,PC1,-0.7093384185812612,-0.5991368329996088
2.4275482746254844,NA,-2862.5876118208243,PC1,-0.889027308812801,-0.5102862547906273
2.351542388062289,NA,-2868.0580540065353,PC1,-0.933654913091348,-0.43642872170538116
2.3862922514364913,NA,-2862.368916724228,PC1,-0.9221143501600927,-0.3573955020441584
2.3499941093826004,NA,-2861.4811175806867,PC1,-0.7889319675561245,-0.5537475128893955
2.4000992971270416,NA,-2861.6446600474924,PC1,-0.8467113975301083,-0.513700214067222
2.451628485022378,NA,-2870.1185873409686,PC1,-0.9635224662902374,-0.49271408534565747
2.362966281502807,NA,-2863.016936307172,PC1,-0.8768814569931314,-0.44299897713066905
2.3322882318674294,NA,-2863.037276663198,PC1,-0.7547409625211694,-0.6529494565440546
2.275139468587088,NA,-2862.5111922032343,PC1,-0.746346376089626,-0.5340457693784104
2.4329830506035757,NA,-2862.907017484322,PC1,-0.8516898287460685,-0.47929640544170354
2.341462654509983,NA,-2862.9477142821365,PC1,-0.9238113189084856,-0.35153118987525966
2.385599055011242,NA,-2865.9994360628357,PC1,-0.6998489269392734,-0.5236798374130616
2.505235175478425,NA,-2864.3646284799793,PC1,-0.8813750449982874,-0.5430089931207421
2.32587109097774,NA,-2858.5473561399317,PC1,-0.9298247155045114,-0.42209371548865793
2.249212807997998,NA,-2869.2449025255414,PC1,-0.6148601793621717,-0.5281552741046771
2.3653509813029996,NA,-2863.406176841258,PC1,-0.774670673704437,-0.5335572390847879
2.4193530799948832,NA,-2862.9778192047847,PC1,-0.659325126209096,-0.6643057450099645
2.3449040999367825,NA,-2861.0375521884857,PC1,-0.7815881828852592,-0.6644913245107721
2.3114229827323496,NA,-2865.021587208334,PC1,-0.7630853235569995,-0.4428899758398399
2.379805820792828,NA,-2866.681295162182,PC1,-1.0390678095247015,-0.27719373453047397
2.4493266922324426,NA,-2862.065930946976,PC1,-0.8018654773715069,-0.5613421894459887
2.480743971171533,NA,-2866.5408041404116,PC1,-0.6532965501090837,-0.7816148064650982
2.388646247514271,NA,-2861.3873834844094,PC1,-0.7854089124656869,-0.6542359885507918
2.412201038739647,NA,-2860.7014654700542,PC1,-0.7618968759268517,-0.5946179548945191
2.4282512463963344,NA,-2865.537810172825,PC1,-0.8114698295926884,-0.703058184789066
2.3711507206283886,NA,-2862.4345015209706,PC1,-0.9259459179621131,-0.47349246694281893
2.3247374504865124,NA,-2861.6061053030517,PC1,-0.813032114200207,-0.5556795372085901
2.2985735716443867,NA,-2860.432340810676,PC1,-0.8670068162754061,-0.36611676537265225
2.4208749772198397,NA,-2861.5722209017404,PC1,-0.8941332174042327,-0.46481024946567584
2.368076972012857,NA,-2864.074208005701,PC1,-0.7691388345094856,-0.5476704082913136
2.274487712479616,NA,-2863.195833312222,PC1,-0.8863600102183582,-0.4630571980191024
2.3106096401620153,NA,-2861.3897117317456,PC1,-1.045877994552787,-0.378679936131497
2.448730261183163,NA,-2862.6151452069594,PC1,-1.0207449700866231,-0.44460352726638447
2.3868903084952007,NA,-2863.54831663487,PC1,-0.9744302804140402,-0.5211331953530955
2.3774233803928686,NA,-2862.2647383904646,PC1,-0.737597738681419,-0.6457252286428579
2.344786906590586,NA,-2862.043192177756,PC1,-0.9035431206072159,-0.45328560094313153
2.4180617368682142,NA,-2862.962243248404,PC1,-0.664583110925445,-0.6671901366760438
2.3585776695153187,NA,-2859.0145892589017,PC1,-0.8138977055734931,-0.5119160396425209
2.337330496625369,NA,-2863.5982399090544,PC1,-1.0225281828640953,-0.41044612681802556
2.382986854885279,NA,-2860.792912721284,PC1,-0.769514630551928,-0.5225220827278446
2.393976405589919,NA,-2863.178402773526,PC1,-0.6686689548815056,-0.5497218318865729
2.2833273288922555,NA,-2864.748146165098,PC1,-0.7100939278953075,-0.5354008483726834
2.363080521826027,NA,-2862.8429671225654,PC1,-0.8730148204615333,-0.5080275315837837
2.2676774085624554,NA,-2864.528845037375,PC1,-0.6976301309575403,-0.6122961591639362
2.4673951424775873,NA,-2864.5646802097644,PC1,-1.000739029443173,-0.4896985471239042
2.405985345963336,NA,-2863.866135433455,PC1,-0.633622030426193,-0.7630189267778553
2.4402243213032477,NA,-2862.0474029919656,PC1,-0.8252800715513215,-0.6601695200660684
2.3738526735299454,NA,-2859.379259740686,PC1,-0.7848147561716972,-0.534765829620055
2.548871028534996,NA,-2864.8939017980906,PC1,-0.8985491768763427,-0.5827279304981132
2.3417550047136397,NA,-2861.73802475858,PC1,-0.744496756698682,-0.6070715107906123
2.3395814544316402,NA,-2863.9214458246047,PC1,-0.6035095337437785,-0.6960148957853477
2.3788646976893877,NA,-2862.268007424327,PC1,-1.0394379732559258,-0.4376744683412154
2.3272562094485476,NA,-2862.3423347600105,PC1,-0.9768426598001839,-0.4439119168889851
2.3725317417883818,NA,-2860.191729184888,PC1,-0.7365561514754018,-0.5901982644822209
2.444141176755699,NA,-2862.1050598330735,PC1,-0.6669169679654152,-0.7321020166283154
2.3414747303783554,NA,-2859.3648044570145,PC1,-0.88122630277459,-0.5458539046764712
2.4189745267726863,NA,-2863.2026495988434,PC1,-0.7394401073763955,-0.6803305395851552
2.3464459794877417,NA,-2863.5512158873053,PC1,-0.7749104581728548,-0.5204763147391942
2.45214043070027,NA,-2865.7048025739505,PC1,-1.0701621113976525,-0.5072614376695881
2.3657741007426862,NA,-2862.0046720965215,PC1,-0.9951069301478842,-0.3704697113044842
2.4326292509595553,NA,-2862.127065795862,PC1,-0.6722052915206429,-0.6721254957328409
2.2920483469697257,NA,-2861.5873479443517,PC1,-1.028091384382921,-0.34617289586547373
2.363802388853361,NA,-2861.71977891344,PC1,-1.0056145271844978,-0.4671136863150632
2.402385269083088,NA,-2862.3651702172324,PC1,-1.0474087559196643,-0.370185022428304
2.26992980299934,NA,-2864.332962315487,PC1,-0.98131010701988175,-0.4341737792578302
2.2961600166281455,NA,-2865.8975952528517,PC1,-0.7240298777774118,-0.5128496366557747
2.343402857920947,NA,-2861.275463458359,PC1,-0.7807043240644853,-0.5619510958089582
2.4346357362825772,NA,-2860.1125887232965,PC1,-0.7754334978635516,-0.5851079143560938
2.365320261765051,NA,-2861.6393635932413,PC1,-0.6761990203334829,-0.7352417187772567
2.32096804152413,NA,-2860.52618297552,PC1,-0.853573229358807,-0.4330222833963486
2.426578091400304,NA,-2861.8835425920224,PC1,-0.8190450380448974,-0.6272127655219234
2.3646285131325295,NA,-2860.470282855572,PC1,-0.8031504090501559,-0.5343386661756367
2.389784878483754,NA,-2860.6566770077684,PC1,-0.7515799695152208,-0.6544694793670021
2.3483545828019103,NA,-2860.645010787347,PC1,-0.9064736161798879,-0.5208564513659544
2.31226813567636,NA,-2862.849067905895,PC1,-0.9496928149744917,-0.3869013518891819
2.2543913156416346,NA,-2863.6192285304046,PC1,-0.9483573891181636,-0.32081705168754165
2.4320979547759274,NA,-2865.165084352835,PC1,-0.7100883433240303,-0.7327609004657776
2.3600771641503706,NA,-2859.758517265261,PC1,-0.7387865376275415,-0.5564623173396113
2.53707853129761,NA,-2869.4923430270524,PC1,-0.7868587133080809,-0.7016561544544084
2.4311435632086247,NA,-2862.9529902354843,PC1,-0.8166885006341696,-0.6128805854578159
2.3791180444838007,NA,-2865.290167640442,PC1,-0.9769900789531653,-0.34478413396617247
2.3551485067271907,NA,-2862.996705958244,PC1,-0.7048205765474709,-0.6347375934383592
2.3595842004401706,NA,-2862.0935385078615,PC1,-0.7955117309426206,-0.5536801416397349
2.328813894116927,NA,-2860.2915402834224,PC1,-0.7562932580842415,-0.6354437515664054
2.28963450142393,NA,-2863.1579306177614,PC1,-0.8978081102749723,-0.40428723691003843
2.4487672095117015,NA,-2863.4529395175805,PC1,-0.9386499309584972,-0.4316136097680939
2.429944046077444,NA,-2860.889252588055,PC1,-0.8691122155707736,-0.47193971551882963
2.298235512677643,NA,-2866.495754190165,PC1,-0.9574083355578464,-0.5162513772539978
2.398431633321709,NA,-2860.484453001529,PC1,-0.9548239855429276,-0.5184235677360234
2.234756985076788,NA,-2864.421383843498,PC1,-1.0412510491874425,-0.34876933710840274
2.529485046422617,NA,-2863.9050503297854,PC1,-0.7444944251771115,-0.6361150811283159
2.471670043023606,NA,-2861.530463405696,PC1,-0.9012963972784716,-0.6709140618041267
2.3271028954850443,NA,-2865.256070834393,PC1,-0.7921174027653878,-0.5643316606205044
2.481895877765046,NA,-2863.3340493584633,PC1,-0.8491308553548745,-0.6685869128543225
2.3738941285026938,NA,-2860.7202887040053,PC1,-0.7562122459244383,-0.6602521937125593
2.3545552305310284,NA,-2868.5421753005717,PC1,-0.7000185249970396,-0.5125909452994258
2.3945922966598125,NA,-2863.4987951771677,PC1,-0.6686120889793351,-0.6296410867600003
2.3817423430476077,NA,-2864.6900952693018,PC1,-0.7677569315443786,-0.5914083362116012
2.467467203393714,NA,-2865.0720169647852,PC1,-0.8886689694386826,-0.48322954570852367
2.4177131371995753,NA,-2860.9057565004823,PC1,-0.8108420335435681,-0.502404171109214
2.42849087672391,NA,-2861.976052366365,PC1,-0.8482996763117824,-0.4800020007646026
2.2521483816299814,NA,-2862.0839988025336,PC1,-0.9144867960373164,-0.44966698563770957
2.4320882611460024,NA,-2868.3733099017495,PC1,-0.7105721666525739,-0.7229937590047758
2.351137643405254,NA,-2862.5294851155363,PC1,-0.8134071361228666,-0.571922544489006
2.3835593086026545,NA,-2862.651101949003,PC1,-0.9310238678796233,-0.5048014348271107
2.403595108823854,NA,-2859.296771552936,PC1,-1.0487232717391004,-0.3919391615737353
2.4298043092720207,NA,-2863.644151164986,PC1,-0.9904558444215801,-0.5151016194332938
2.289036725665165,NA,-2868.539152326339,PC1,-1.054310799467116,-0.4670034780586006
2.3259221220674093,NA,-2860.759276528192,PC1,-0.7310678830869767,-0.5559180147757529
2.415499914740009,NA,-2859.901836453311,PC1,-0.7910033808360238,-0.6509721903685495
2.3956796239723674,NA,-2861.958925766256,PC1,-0.8267587954782403,-0.5364103017978584
2.4142501722382463,NA,-2861.7138649329445,PC1,-0.9564011071140233,-0.47425554593527286
2.2480704909138174,NA,-2867.8230020670826,PC1,-0.9729373764308461,-0.3773318306808452
2.3954821086811786,NA,-2859.591876946083,PC1,-0.7836548613028609,-0.5488428901412674
2.403931680510621,NA,-2861.5535698585986,PC1,-0.7009215479113412,-0.6855045847806702
2.348689103614083,NA,-2862.9898527117325,PC1,-0.793681205188946,-0.5541327789736373
2.412894478939699,NA,-2861.002474443095,PC1,-0.7538157362460591,-0.5683202356068026
2.2588743327054317,NA,-2862.5625572258273,PC1,-0.8327160270420277,-0.5023020146963165
2.419246013172377,NA,-2864.2404976385956,PC1,-1.0123382043344422,-0.48837703083564865
2.3334851713759877,NA,-2863.968044278688,PC1,-0.779361927512777,-0.5198192238713244
2.5219874437100542,NA,-2866.2666793982853,PC1,-0.9261085092934973,-0.6397987685759503
2.374035378537906,NA,-2861.9006842516737,PC1,-0.9024820176895727,-0.4032502613540498
2.434799987909762,NA,-2865.4016338069455,PC1,-1.055564520303622,-0.455366296325561
2.5177811259099587,NA,-2863.715479116709,PC1,-0.7389104361300484,-0.6919025161702833
2.397854474040322,NA,-2858.664835138801,PC1,-0.8391053483770283,-0.536552462916716
2.3020612835848326,NA,-2865.5803135024166,PC1,-0.9235127240741039,-0.49059273518010327
2.3653879217828218,NA,-2866.3241785033993,PC1,-1.0255599444223966,-0.41299429486171885
2.375776912598022,NA,-2863.3788461672398,PC1,-0.794853801030764,-0.5399050424132785
2.375602060930986,NA,-2861.556371936154,PC1,-0.9443217869906451,-0.48796452808837315
2.35418164171363,NA,-2858.9100722161884,PC1,-0.819962996889194,-0.5637526051525962
2.3264160253174255,NA,-2861.079762644892,PC1,-0.8150869423452295,-0.5718030301976799
2.411286712306704,NA,-2861.860462157574,PC1,-0.9281954073242354,-0.4752176713075479
2.2865304213179583,NA,-2861.0132179809325,PC1,-0.7588683918188524,-0.5822639108301967
2.3616083940404717,NA,-2860.7277890033556,PC1,-0.8488768373605738,-0.6327374541173406
2.424083219505215,NA,-2860.0376251452426,PC1,-0.8657716393326723,-0.5908819433194225
2.3441695706145285,NA,-2861.3320592023365,PC1,-0.8709218599019185,-0.5277245814285925
2.4392838542276896,NA,-2862.670592861796,PC1,-1.026520674247958,-0.4237258352058381
2.336942562059564,NA,-2859.9509330204214,PC1,-0.791789251542103,-0.496918486487026
2.36681027472098,NA,-2864.5414346911307,PC1,-0.7605207292475044,-0.7049877192632406
2.328167464577273,NA,-2867.4461215611427,PC1,-0.5388423227978177,-0.6834553714457506
2.320120826271267,NA,-2861.4954015903036,PC1,-0.8845617343065988,-0.42236348030226994
2.363287059557735,NA,-2859.675992900951,PC1,-1.0051409402157092,-0.4239896983812221
2.3105681380792227,NA,-2863.6769333651837,PC1,-1.1167513140371583,-0.20121108759697628
2.3187072078543935,NA,-2861.069923928594,PC1,-0.9629342047931373,-0.3570607000089583
2.4733322835670566,NA,-2862.6710023552364,PC1,-0.7346721115192841,-0.6958626120653312
2.507344751985281,NA,-2862.1125072645796,PC1,-0.8396501683169066,-0.5274981238333083
2.3268235964504087,NA,-2861.762942227161,PC1,-0.7499772104264588,-0.5139434371847729
2.3444347510771992,NA,-2862.9779097352457,PC1,-0.950680884112896,-0.379395186732506
2.515136616986456,NA,-2864.10714703398,PC1,-0.9654724896243594,-0.5637721098208816
2.3648389456452605,NA,-2862.694416797189,PC1,-0.7250547710491784,-0.6216779834632067
2.3257249863625398,NA,-2865.523717340184,PC1,-0.9424505267347372,-0.49393379860918607
2.4210678474519933,NA,-2860.597514923768,PC1,-0.9748457919050331,-0.4627153737864613
2.313813671603039,NA,-2863.9416473549786,PC1,-1.035528118507251,-0.28359650791579444
2.468826681630546,NA,-2860.195917739943,PC1,-0.9835932600113475,-0.42784768316537514
2.408247392039156,NA,-2858.860093885506,PC1,-0.8838364084737169,-0.5865466552506772
2.4120732138328838,NA,-2860.3196680352216,PC1,-0.8087294724728951,-0.6178768282450595
2.389907723560394,NA,-2861.1649664430743,PC1,-0.8168520462438812,-0.5845285826110621
2.3982139610017947,NA,-2869.4941382045777,PC1,-1.1504767134010223,-0.27418229845514863
2.3130532106917396,NA,-2861.5906913795434,PC1,-0.7747329022985012,-0.58319139072782
2.362584342149105,NA,-2860.5526972507914,PC1,-0.8001489282484904,-0.5376070988935303
2.265962473209889,NA,-2863.94516560466,PC1,-1.095397411440928,-0.30455741386978835
2.3227511867447204,NA,-2860.7274383383196,PC1,-0.7739202163975083,-0.6176179046552057
2.401373938314445,NA,-2861.20009707599,PC1,-1.04935459845138,-0.4167685222874833
2.3053644388457752,NA,-2859.862149990686,PC1,-0.8210459681216956,-0.5353756008005681
2.3826359523240503,NA,-2863.7852428886317,PC1,-0.7257660052391804,-0.6663208245695617
2.2974332170858336,NA,-2858.169206912413,PC1,-0.8427728262900217,-0.4843760660798816
2.38825122761852,NA,-2862.0827005354063,PC1,-0.7542502194279267,-0.7196539381113107
2.4131288869774883,NA,-2866.8879517037026,PC1,-1.0171075270050032,-0.25333434573023145
2.368551711237298,NA,-2863.064836524115,PC1,-0.9366571292918695,-0.36309481560927387
2.3654874250198814,NA,-2864.191735267482,PC1,-0.7578372200271387,-0.7849778469215216
2.2336356369355386,NA,-2870.0075349322674,PC1,-0.6910607684389628,-0.509710246581173
2.3105325154097947,NA,-2861.008240347786,PC1,-0.8932285555836537,-0.43446059218042266
2.3495807122795926,NA,-2866.512220357857,PC1,-0.7657020173652097,-0.5348719272728624
2.3323264989642767,NA,-2860.0230133720065,PC1,-0.9340440059636883,-0.46789255542494923
2.3920301140577647,NA,-2860.5381205720832,PC1,-0.9988657941694687,-0.4375386233859468
2.546871390555992,NA,-2866.4394703508115,PC1,-0.7838097684682577,-0.575054566446422
2.500994372166614,NA,-2861.190657387156,PC1,-0.8660385907675741,-0.6597911790278155
2.42678317876201,NA,-2861.212919269396,PC1,-0.8049907406812574,-0.5780238544698245
2.295026555488687,NA,-2860.222662441716,PC1,-0.7866973095292659,-0.4557485833096955
2.4447682287589743,NA,-2867.5069406085754,PC1,-0.963076569866993,-0.4426292091856116
2.403511541034105,NA,-2862.9011367995554,PC1,-0.796227608751223,-0.5837894692976633
2.437428415552092,NA,-2861.788525138502,PC1,-0.8294595417843312,-0.6094566543885007
2.3308616866833822,NA,-2863.4154982106784,PC1,-0.8373918425034401,-0.4613110578697613
2.3372534687611415,NA,-2863.1014694801866,PC1,-0.8455054683047325,-0.5046928704530308
2.3761770887683755,NA,-2861.2252897436215,PC1,-1.010584490065585,-0.4196096896355002
2.403099460257192,NA,-2863.51126184288,PC1,-0.750440356429846,-0.6640426152170409
2.32402724411553,NA,-2859.981039674649,PC1,-0.9089125181469595,-0.4298541218864281
2.286650681245539,NA,-2860.912653331526,PC1,-0.7791994976488411,-0.5106409996588221
2.299041869087383,NA,-2861.0779457632884,PC1,-0.8950533226448252,-0.44081828172025284
2.3255006005593954,NA,-2866.374223499685,PC1,-1.0806263278242485,-0.4013127890660983
2.379835572591101,NA,-2864.8194354641446,PC1,-1.0936664298375547,-0.23417065413924718
2.320627781327995,NA,-2864.483628757679,PC1,-0.6918102540929589,-0.6829190618118747
2.380121081106679,NA,-2861.8931235647733,PC1,-0.7259852343144325,-0.7122230082160745
2.343499926573109,NA,-2859.6246597816717,PC1,-0.7367389817114911,-0.6072078778351547
2.397356159525442,NA,-2861.6482256555073,PC1,-0.8166917405155515,-0.5536588898313333
2.2515575354442428,NA,-2864.2239452102053,PC1,-1.0322026153711048,-0.38843638364220817
2.4393692217890295,NA,-2862.5030169268784,PC1,-0.8593756067598359,-0.47969189652373706
2.4568079265212606,NA,-2859.9981117339303,PC1,-0.7739282873413106,-0.6616220096250282
2.426885945421321,NA,-2861.3681578190917,PC1,-0.8234628912814176,-0.5970515068751273
2.3180290464125126,NA,-2863.4890865514026,PC1,-0.7758984150117795,-0.589451825174847
2.2994527814956878,NA,-2860.8714427547948,PC1,-0.88987686179129,-0.5059889597465071
2.3617702332658665,NA,-2863.4468954908893,PC1,-0.6183186226410752,-0.7091079757439803
2.3499589370134215,NA,-2861.054941738433,PC1,-0.6682715053604112,-0.6736316891820449
2.534908827895803,NA,-2866.8858488933206,PC1,-0.7016776220171355,-0.7273849095305913
2.4664468372188413,NA,-2868.589503712107,PC1,-0.8838030212744182,-0.5191494263380488
2.4017387696482526,NA,-2863.959340712964,PC1,-0.5580927267009487,-0.7360091516267347
2.3320906181461387,NA,-2860.837088799048,PC1,-0.7275403958441796,-0.5873695974926001
2.3616655197462113,NA,-2864.2848427947242,PC1,-0.7723364938323968,-0.4962431213996987
2.323587660938609,NA,-2862.41211523049,PC1,-0.8678193441587895,-0.46942812655208505
2.442878627639979,NA,-2865.4383239894805,PC1,-1.0110667884536133,-0.30966869111537
2.3089246810842523,NA,-2861.2037612264285,PC1,-0.8884652988105433,-0.44442605046998934
2.3445921395239275,NA,-2861.682175234295,PC1,-0.9539737268740432,-0.327079846562875
2.340848026714947,NA,-2860.3182144591765,PC1,-0.9108533635988509,-0.5537541119664147
2.248727137028912,NA,-2864.7201481938814,PC1,-0.9462685690399605,-0.380580219447039
2.524201157216304,NA,-2865.7877483679845,PC1,-1.0548317627038226,-0.4417034639884756
2.208873576611465,NA,-2863.5590245408603,PC1,-0.817452330867194,-0.5127939246943654
2.255250867507788,NA,-2863.278046953621,PC1,-0.965605245243993,-0.4725395208462454
2.2778130708050597,NA,-2863.368201777452,PC1,-0.8930891758277589,-0.4954627793056532
2.3272309749884528,NA,-2869.9439493625014,PC1,-0.7511422192902808,-0.5130385767208602
2.247171176066386,NA,-2869.3062312772163,PC1,-1.1041271751453008,-0.14473624220605136
2.366642219915092,NA,-2864.0849664391653,PC1,-0.8305399976842072,-0.5525957383352353
2.3130396122672243,NA,-2861.5385600093673,PC1,-0.7176758276038623,-0.6901743467411958
2.356700799299702,NA,-2861.441153317479,PC1,-0.9736463854127673,-0.39400152084468826
2.3286041338396,NA,-2861.5753791661464,PC1,-1.0092373431168589,-0.42484258706176037
2.3922091626986863,NA,-2862.6395157552383,PC1,-0.8678171818493386,-0.45434680898940216
2.36253191329801,NA,-2865.9932751438823,PC1,-0.8829406919734595,-0.34465626997206245
2.366949478588991,NA,-2866.188881900318,PC1,-0.8510008340470498,-0.5012053697048244
2.3973195628128074,NA,-2862.4394033929666,PC1,-0.6467290846249126,-0.7075688043921352
2.4049514865513464,NA,-2863.3046134027477,PC1,-0.79343558083097,-0.5469977885587579
2.44662756594521,NA,-2860.0914445214285,PC1,-0.8786956744586341,-0.538726148435605
2.251008984281525,NA,-2863.592540232529,PC1,-0.6097545475540235,-0.6016592918636675
2.4428861273722693,NA,-2860.3981191659536,PC1,-0.9818593649664078,-0.48602209108954936
2.3373135707400428,NA,-2862.828426997765,PC1,-0.7554147218483616,-0.5642183672459954
2.307447932120539,NA,-2859.9052674520603,PC1,-0.8675407324897315,-0.448774661181856
2.369691884112928,NA,-2863.5268301171996,PC1,-0.9092167315729914,-0.48494495782801744
2.379212405058209,NA,-2859.5830159056477,PC1,-0.8800032460088308,-0.5210063472095001
2.378149847824242,NA,-2861.4604993051803,PC1,-0.7200610163841736,-0.6578237156752255
2.383375845469454,NA,-2863.6497601369174,PC1,-0.9136064984934829,-0.553567708756921
2.382057624331442,NA,-2861.498140349811,PC1,-0.9303386595134068,-0.47569380897869445
2.345561133539209,NA,-2863.226780313082,PC1,-0.8261790998463319,-0.5299969122211892
2.4707321502230446,NA,-2860.734912253362,PC1,-0.9000951361605097,-0.44990021349981174
2.412167884841121,NA,-2860.1672960277065,PC1,-0.9417401984901849,-0.41743613517672506
2.349933721765525,NA,-2859.7851168391835,PC1,-0.731649603309918,-0.60048905449505
2.345492173377712,NA,-2858.566136648576,PC1,-0.7981232392192605,-0.5357071133949851
2.294906043198253,NA,-2865.4940641930407,PC1,-0.97587362601926,-0.3129943666064911
2.3113798769975387,NA,-2861.4360397484224,PC1,-0.795790569526004,-0.5256910813510685
2.392862564471846,NA,-2862.2459649844195,PC1,-0.8741511334284899,-0.5125129426491787
2.403829884102844,NA,-2860.3204938302497,PC1,-0.8266806995489242,-0.5441194607872829
2.394070670640618,NA,-2863.53522817498,PC1,-0.8741016382152199,-0.6258868621557099
2.354137284981946,NA,-2859.7279647154983,PC1,-0.9956468703201814,-0.34417691224208846
2.495269054755199,NA,-2863.8927056549096,PC1,-0.6496263371236093,-0.6510230252875044
2.448608925868932,NA,-2863.016726784193,PC1,-0.7946679361616776,-0.5566636336571618
2.3381414286963405,NA,-2863.013258544869,PC1,-0.9210609046302829,-0.3564431853825556
2.3248042319121356,NA,-2863.6394548557455,PC1,-1.1574229631526465,-0.2079581220505849
2.3127617727469536,NA,-2863.3042938735025,PC1,-0.7106820962119764,-0.5576432336614844
2.4110802289727555,NA,-2861.753320812752,PC1,-0.8080400369928367,-0.627977932364836
2.378957233626191,NA,-2859.40181618435,PC1,-0.6923629318901567,-0.6137636065062638
2.390722385374592,NA,-2865.2565773616207,PC1,-0.8548679846723026,-0.5725943591067106
2.4368900832355154,NA,-2863.4377187107443,PC1,-0.9561968636308378,-0.5218438301127402
2.3808929528477862,NA,-2863.706180812104,PC1,-0.8104010236419992,-0.6156506909232804
2.353518161358035,NA,-2858.4890173545537,PC1,-0.8561889574594429,-0.515921275374513
2.2568629642316953,NA,-2864.759158149005,PC1,-1.0025508945541668,-0.3970483623586827
2.368299872233005,NA,-2863.531621881753,PC1,-0.8213528358064426,-0.6527163501029438
2.484151326008191,NA,-2861.0824163988395,PC1,-0.8273108252437178,-0.5688174928034806
2.3457154919231,NA,-2861.844247128226,PC1,-0.8017237620859624,-0.6310384986789019
2.3202833659243827,NA,-2861.7686990744883,PC1,-0.9869836171063988,-0.324551198907461
2.3775823127757127,NA,-2861.2723484770136,PC1,-0.9640043798910084,-0.3738028896276351
2.370180961945818,NA,-2862.02943566685,PC1,-0.7332725957442414,-0.5269694957743458
2.3449216700724134,NA,-2860.1726686973457,PC1,-0.7323552958065465,-0.5579656133559525
2.281007010413455,NA,-2862.1942600275447,PC1,-0.9467415251847658,-0.3264159041856039
2.441366165286554,NA,-2863.4940804080575,PC1,-0.6298601966776646,-0.7828624635391064
2.2697460793163793,NA,-2864.4693818257692,PC1,-0.7450326494666117,-0.6604632562428264
2.4460321553180884,NA,-2864.8623821182828,PC1,-0.7737544808747988,-0.6996173871848465
2.351919617740069,NA,-2861.377169129123,PC1,-0.8272228325259628,-0.5033807408788805
2.28275003887348,NA,-2862.3760079689055,PC1,-0.7029110050766633,-0.5614656582443636
2.2716072761050254,NA,-2867.758003425811,PC1,-0.736421619909374,-0.5380450348182263
2.49927259662553,NA,-2863.6152270076113,PC1,-0.8319567762846372,-0.603269453111458
2.3696355464980257,NA,-2860.5420329419253,PC1,-1.0002577453355006,-0.4204475461648105
2.336803194079981,NA,-2861.4103355877396,PC1,-0.9019311018513125,-0.5175246533533316
2.37226533607048,NA,-2863.100721824725,PC1,-0.6812059632654187,-0.5973865249829594
2.3180434842668864,NA,-2861.942674832679,PC1,-0.6732777775876139,-0.6169906171322027
2.2983492292631187,NA,-2860.913673088007,PC1,-0.9692875097442505,-0.38728165631139866
2.3699140539482424,NA,-2865.7861294219624,PC1,-0.9266463238308601,-0.3573738953565339
2.364268272002078,NA,-2860.7766834864383,PC1,-0.9669316717212886,-0.4504820731321183
2.3055124359597197,NA,-2864.029700019256,PC1,-0.642663979713122,-0.49631169774503897
2.292261223615286,NA,-2860.014938431515,PC1,-0.8054214966411692,-0.49632269721426925
2.280510620929732,NA,-2864.535475185758,PC1,-0.8915960752726869,-0.5706181777407605
2.3980758993257334,NA,-2859.2241634425495,PC1,-0.7920883549831771,-0.5511774878667486
2.3882061716528726,NA,-2859.7101913226256,PC1,-0.8570508036572816,-0.48583257291517523
2.308311028439827,NA,-2862.0460464334756,PC1,-0.9106968427982006,-0.43686248309704906
2.436781715148962,NA,-2860.2882936875085,PC1,-0.9587886697723892,-0.5550429271070468
2.451049972013741,NA,-2863.1921367440277,PC1,-0.7785686175774158,-0.5274191549955212
2.402551388988138,NA,-2863.554074327022,PC1,-0.9506532434339826,-0.5064126367684381
2.414406198701142,NA,-2859.830348299315,PC1,-0.8822774923397674,-0.5335722624630324
2.4502369404687987,NA,-2867.320434038512,PC1,-0.6278406822707665,-0.7371466152822095
2.270272193586426,NA,-2869.9341542099633,PC1,-1.0515561255116785,-0.31475585038005993
2.3908628347132592,NA,-2864.183780263322,PC1,-0.8345220785868879,-0.5073166998063164
2.376431984609516,NA,-2862.2466162204432,PC1,-0.8773966141571147,-0.5116603439085662
2.4211154428365393,NA,-2860.1812329167465,PC1,-1.044445756714724,-0.47193393365778913
2.3674966372293906,NA,-2866.1231659895097,PC1,-0.8404955501626232,-0.5231420344301893
2.4174392054711213,NA,-2864.796277808014,PC1,-0.7613954858541765,-0.6961544952502655
2.4558198738357673,NA,-2862.324492977894,PC1,-0.7153261785791866,-0.7116768419067772
2.35019489910572,NA,-2858.484331557228,PC1,-0.8360571343764309,-0.5602680067133103
2.3596416280241064,NA,-2861.2953917316568,PC1,-0.8657622512633565,-0.512090808445549
2.2772055208735007,NA,-2864.1171540629284,PC1,-1.1071621744229772,-0.26118120456825755
2.334575684657079,NA,-2861.6552036919215,PC1,-0.8913505534391124,-0.40473769289309675
2.268239289850864,NA,-2864.2418731405837,PC1,-0.9817554949238694,-0.32106800701517807
2.39415280712089,NA,-2861.137131631315,PC1,-0.9289866664791951,-0.35216266127362644
2.4348035128611585,NA,-2862.683999173927,PC1,-0.9815045400334165,-0.4399727066890204
2.355103719808777,NA,-2863.6203123400874,PC1,-0.7836599625735388,-0.5995365432401326
2.395153583759462,NA,-2862.881766252575,PC1,-1.0231746766597192,-0.3240312079770703
2.3686450486645247,NA,-2861.534091740029,PC1,-1.081107697653127,-0.45264316498914153
2.4554344748494996,NA,-2860.3507748497873,PC1,-0.954846971431816,-0.4936670901520744
2.297808058212948,NA,-2862.5000103382213,PC1,-0.9039275279736074,-0.3828918736215441
2.361160084962858,NA,-2861.379979209084,PC1,-0.8194512981225772,-0.47409282203593855
2.3610716388274167,NA,-2866.5965594077525,PC1,-0.9048043175675455,-0.4397381711389105
2.3909185270340805,NA,-2860.335958587056,PC1,-0.8353060228640904,-0.5297817693768153
2.335776973080157,NA,-2860.656881680823,PC1,-0.9769231570523423,-0.39432529742721534
2.289366322820689,NA,-2865.248380725957,PC1,-1.0074762933540888,-0.3887545288136757
2.276626887397606,NA,-2861.2032558700125,PC1,-0.8101067448286987,-0.5795835299556672
2.3439728351522615,NA,-2861.2969362879576,PC1,-0.929512691654787,-0.4865879161842972
2.3505873115289093,NA,-2864.4328463634147,PC1,-0.6762339763780213,-0.5293558310988984
2.302087602351592,NA,-2863.033169555674,PC1,-0.8822357645577126,-0.5658698539565012
2.4435082348415738,NA,-2865.301905008513,PC1,-1.2738282538234607,-0.20550033895894346
2.330948855633126,NA,-2865.7328563973815,PC1,-0.9963575804630318,-0.4162412316571683
2.3454507833259517,NA,-2859.418855606889,PC1,-0.8536659275784069,-0.5057593468319556
2.25801079021528,NA,-2862.244663055325,PC1,-0.8305943198586861,-0.4053659967057434
2.443578342027415,NA,-2862.56838289422,PC1,-0.7959712474330916,-0.6256788217257853
2.1990801211543167,NA,-2863.466262853526,PC1,-0.8076584739469204,-0.47864643288951253
2.3969174290968365,NA,-2859.534038943763,PC1,-0.9268659272410008,-0.41045352462033685
2.347828005039697,NA,-2860.3274773304415,PC1,-0.9049651880104915,-0.5170181139437631
2.203203903279032,NA,-2864.408077166329,PC1,-0.8945010133516436,-0.40158944005851704
2.2788481794465776,NA,-2862.414412852954,PC1,-0.9339969954023406,-0.31579575078188893
2.4907155366389038,NA,-2862.243654056584,PC1,-0.8063455136606889,-0.6887833329794956
2.2415698120376772,NA,-2864.4963809792325,PC1,-0.8827226670034687,-0.42576074110271006
2.3240706370317863,NA,-2862.1545418171654,PC1,-0.7501043138370985,-0.6259356414872016
2.383480530390002,NA,-2862.1344395051665,PC1,-0.825988896957687,-0.6186118561813677
2.3368495563611877,NA,-2867.263257421956,PC1,-0.6641777414297818,-0.6307456927294537
2.222539984471359,NA,-2862.446928591238,PC1,-0.8463478572953455,-0.3479649617892703
2.328055104920704,NA,-2862.2765280213316,PC1,-0.7869667320318333,-0.5832600203378813
2.330863521816746,NA,-2861.8909065534945,PC1,-1.0514888944122445,-0.38919594718949024
2.3764657432924055,NA,-2864.06838202369,PC1,-1.0253751512303224,-0.5184496905032592
2.4321816293304557,NA,-2861.4541728383424,PC1,-0.817012773042037,-0.61441159702108
2.396620264620133,NA,-2862.5401833171777,PC1,-0.9948073196697025,-0.41830142936880954
2.330927323041677,NA,-2861.665321623403,PC1,-0.7978460508392418,-0.5088025500201236
2.362331402164812,NA,-2861.2600662246355,PC1,-0.6640626328480355,-0.7358639827087424
2.2741841035802546,NA,-2863.7159135690035,PC1,-1.1261561059743264,-0.28646807929309925
2.323988966877663,NA,-2863.5065701734084,PC1,-1.0165225439729508,-0.31351207056317887
2.332802650598936,NA,-2859.680027751998,PC1,-0.9335684382309944,-0.4207281019479303
2.325573592255158,NA,-2861.4852775764957,PC1,-0.8314880379886154,-0.6015454170312304
2.251911574034716,NA,-2866.312579107232,PC1,-0.8204875742130558,-0.4808962861140443
2.362636265604757,NA,-2860.9716494394565,PC1,-0.9634363763272484,-0.4354785939471088
2.383372040599224,NA,-2862.9726050691534,PC1,-0.9275797576528607,-0.5271422496789367
2.3032046790028433,NA,-2864.383752328296,PC1,-0.9780545432963675,-0.36150710559555577
