r0,ba1,lp__
10.05447505513894,-0.022257817162730384,-554.9665127571775
5.933075509871993,-0.014766634037824262,-553.1017485452029
5.152794453111101,-0.011565727132909747,-553.0946321978633
6.339708759188214,-0.014607923080133759,-553.1479539971111
4.80211942809261,-0.012144247953543977,-553.5428853029005
4.6438805466210775,-0.009464161836539661,-553.5678744802811
5.401103627638116,-0.012393004319592303,-553.0216188616384
6.69293313089717,-0.015466653780919616,-553.2169427288717
5.650695486721906,-0.012913672258959017,-553.0626608125511
4.255966704402837,-0.008782570438410147,-553.4328063863095
8.9049065811826,-0.01911201921607669,-554.6752035682358
7.237117351157853,-0.017496656589567196,-553.3520035535616
7.81643443551898,-0.017844445278568197,-553.6442960326518
3.67856534062476,-0.0057464652639043845,-554.5221525968905
6.90995719613438,-0.015929578431220587,-553.2901738018155
7.562564039034286,-0.017389643789612445,-553.5112840439123
8.724141988501607,-0.01857768091565263,-554.7773872729134
6.352365769800164,-0.01501869750095191,-553.049536584628
3.7239476603615453,-0.007131004372168991,-553.8168996097982
4.694413090038567,-0.01165042788174266,-553.4675881327832
4.4753512181644,-0.012012352393486678,-554.6787519554249
4.647547057378706,-0.011539270251586783,-553.5130339735551
4.771003838456255,-0.01090829202144663,-553.1046283542995
6.008703244182575,-0.011628394773430532,-555.8449816556955
8.101901721186334,-0.01748980938478051,-554.393688068014
4.380915047027597,-0.010472690953127337,-553.5230848664361
5.8544763360579415,-0.01447498813517947,-553.0594629480955
5.596333885186429,-0.013064600511946339,-552.9808732115838
4.309888070205201,-0.007892148590100794,-554.1971169512609
6.188689710717407,-0.01427239880692552,-553.1100165366245
5.804696937330287,-0.015399612017361912,-553.8092832119282
5.205528921074457,-0.01235065493430781,-553.0006884590655
5.348914034908102,-0.013558740885859432,-553.2859220563043
6.601620704161392,-0.01680080896112489,-553.4712316980623
4.710491380918311,-0.01161127274881571,-553.4027605921046
3.4414738804543243,-0.007935366546342807,-555.346644855494
4.434382274787408,-0.010554319391176046,-553.4397843388896
6.464960914620074,-0.014942266893678294,-553.159281015981
5.987252634998634,-0.01629956987840227,-554.3495744176593
8.319001717519184,-0.018830863713448366,-553.8930541139481
4.9150983090804665,-0.009396343965652912,-554.5248738937538
7.824839311694235,-0.018700019196059965,-553.6198787794991
7.024066803880908,-0.017339954785322662,-553.3738542602647
6.329118364535745,-0.01659892238954219,-553.777462569023
6.28676396790491,-0.014049100670189711,-553.3843705692666
5.9607157055131506,-0.014626241256993484,-553.0312797811739
6.362642286533289,-0.016384845085716773,-553.519033827111
6.064302032521473,-0.015820701851348904,-553.6020737296935
7.834805310127715,-0.018852682614141032,-553.6661997275929
6.339708759188214,-0.014607923080133759,-553.1479539971111
3.8839301105313653,-0.009319674737235028,-554.3913757528993
7.731418185311473,-0.019140200912518036,-553.8714501584747
8.269095465365018,-0.017052647739670218,-555.4633965733252
7.315679191532809,-0.01734372727082731,-553.3411623585284
6.197921502191716,-0.014280569805753063,-553.1171002378235
4.353203534338867,-0.008250218778838515,-553.9437338791587
6.0786651854830085,-0.01347639727641091,-553.4031771609745
8.621587252307021,-0.017294119919850862,-556.3546360898799
7.725732317161061,-0.018907395468828313,-553.7326879952408
7.99464544198696,-0.017514090699982405,-554.1282029597301
5.865303635393973,-0.014978421663989033,-553.308326991934
6.3410841371498625,-0.015336014827636989,-553.0468024411388
5.851684266906817,-0.01317836204636992,-553.1946443556664
7.64839984196899,-0.017956676923946174,-553.4863030427857
6.099695278809738,-0.015799781860347587,-553.5122030996391
7.649547156471916,-0.017649660552485954,-553.5269538118966
8.587531041491022,-0.018791710711945735,-554.3046831525113
4.750511384453872,-0.009915121559370594,-553.4403497373162
5.175696750859197,-0.012762574594943905,-553.1412007581149
5.541097821472773,-0.012998282895660015,-552.9707948571098
8.058047843009073,-0.018108518477536025,-553.8465987378827
3.8450023023572726,-0.006309234496637595,-554.4442455711521
6.788100553365282,-0.014595385695590032,-554.0944224393753
3.816019225103257,-0.00834476446280058,-553.9098608004331
6.960202769675282,-0.016256762510090308,-553.2410541513583
4.915698387072643,-0.011718853243727307,-553.1034143830515
5.029702752985649,-0.013006665932719045,-553.6238268029753
6.37192378785369,-0.014987643889307919,-553.0654667012785
4.944166859013516,-0.011691453011124973,-553.071276976819
8.612993838142085,-0.0193740492853315,-554.0569380399439
5.4584850496485835,-0.013506824976288304,-553.0873828786724
5.766760444725138,-0.012953852642230588,-553.1935405572524
7.1784780719448005,-0.017649934993699164,-553.4233043882205
7.249608259223307,-0.018861280385361372,-554.2938280102106
7.254974696996027,-0.018115734077932284,-553.6188890044401
6.524644403705147,-0.015113100978790239,-553.1616721402114
6.464571146718637,-0.015929900550146783,-553.1438120812202
5.561884867170251,-0.011848091804521552,-553.6473668129361
5.06300508610675,-0.010833368186537113,-553.3697758020961
2.4590006427827142,-0.002961005198836002,-557.2992363435735
5.93062012566737,-0.012058802085199027,-554.6508837680158
7.138801140094809,-0.016476485653491753,-553.350544021128
5.700135739951398,-0.013088191244337398,-553.0467949311536
3.5565359138864703,-0.007849225754029205,-554.5808339587933
6.841772311603657,-0.01618889755605665,-553.1729025762942
4.390559294807158,-0.009951834121243152,-553.3040051636502
6.3802022516706245,-0.016739969080117947,-553.8086111084382
5.858795780268946,-0.013385976656276007,-553.0985870161715
6.4626568746753055,-0.014353718574471862,-553.5059658545988
5.1150220072834625,-0.012237287270691037,-553.0388223006996
8.42018336590688,-0.019548035231192255,-553.8916039470664
4.445439277672709,-0.007994576690550715,-554.585508667477
6.310961883350763,-0.01585730635042447,-553.2362643118569
6.378956347631042,-0.014074190701901046,-553.5590302996746
6.315956775623928,-0.015539032451866022,-553.0981359268221
4.696774563006701,-0.009182078827984412,-553.9837090193605
6.728283942960188,-0.0148691972049788,-553.6513013927681
3.9071496924612115,-0.009711642386941248,-554.7055012921659
5.167656857332399,-0.01237422772043609,-553.0259979751755
7.762617587676532,-0.017320395556075306,-553.8257160636437
5.443081933590335,-0.014170357422147162,-553.5495155167672
5.821582483204262,-0.012445343237530326,-553.7403283488518
9.575822141727986,-0.021468975396151002,-554.6223818698953
5.083981880418382,-0.011645086390998137,-553.0343037343941
6.779194856192639,-0.015197342691595176,-553.4938609709457
6.8751667537479815,-0.018512965502287065,-554.7364545854979
5.760322273532095,-0.013513462671517094,-552.9802454256893
5.4624391744067955,-0.013329774705560954,-553.0219715950492
5.877802441328534,-0.015954623804319844,-554.2488961679089
5.395221266305318,-0.014583533527891344,-554.1357330923788
6.824793799971238,-0.018317603594073993,-554.6018745345881
5.4358390371172804,-0.01367024363278318,-553.1994230160151
4.165523573436432,-0.010956491066036427,-554.8810773365065
6.470380448076291,-0.015224475633008418,-553.0862381925066
5.656692156017986,-0.013977343765283276,-553.0576999817174
9.480943935435159,-0.01949727855138109,-555.6626602389931
9.913964287279178,-0.020637748431706824,-555.4460417737616
6.535204091515351,-0.016384365401732305,-553.2882650317937
5.955125775577563,-0.01521382459094504,-553.3215120669688
7.369977834024522,-0.017757945575666345,-553.402965215957
4.602805256118029,-0.01047053280776463,-553.1741957793697
4.840349120890203,-0.011948553121980697,-553.3167729249777
3.368143055073117,-0.005319044947934882,-554.3286874140456
4.636998939290536,-0.00930360691442712,-553.6883847835581
6.891846915572955,-0.017543657219064653,-553.6296439729879
3.2107411415536804,-0.004847031635674487,-554.5103288095225
8.916411925678572,-0.019816702650627765,-554.2680513560487
8.564384764043753,-0.019324264305519145,-554.0183309734921
4.111526953119471,-0.00819839152367655,-553.5601591831859
4.801004430130653,-0.010623694085530487,-553.1497086156744
7.609189481575335,-0.018786511990295452,-553.7406839124926
4.595287107103269,-0.010741026480191896,-553.2264723272044
5.92981266844738,-0.013253967685177257,-553.2778876153283
3.5052218946411973,-0.007090331997269365,-554.2592545322437
5.775701670259461,-0.01224763057991616,-553.8274324441318
5.810610937302369,-0.011576107962412168,-554.9452793980565
6.475418261353582,-0.014895391029785841,-553.1903154202823
5.5354897628954225,-0.013133358328799298,-552.9627927722474
7.592192398089518,-0.019897125886188357,-554.8634315740562
7.406796688467539,-0.017784130241432734,-553.4077435923068
7.983014362979879,-0.019454959917913378,-553.889549928977
3.3539957448462836,-0.006397243616687403,-554.4428275031058
6.116054311234807,-0.013042120286663121,-553.9315497197158
4.373372277196952,-0.009619775826643036,-553.2885183997507
4.777607698582602,-0.009958875791211578,-553.4599542949949
3.823978654280441,-0.008314790679352285,-553.8716648565163
3.649728654281967,-0.0052857346245085805,-554.9522588026203
6.732080980920061,-0.014029293921662864,-554.6899005706347
5.3374109847570805,-0.011599256823419805,-553.3397226275894
3.6899780550817085,-0.0070363330880214405,-553.8506047254788
9.646219505792377,-0.020772257947078838,-554.8549457303104
9.671500990817432,-0.020063049900152338,-555.4769662526304
10.121560640502453,-0.022246659743267276,-555.0092337911188
7.552736902660957,-0.017790374632178817,-553.442445495804
7.744909448721805,-0.018389689072860108,-553.5485451765021
7.753871102992999,-0.016196187146457732,-555.0208832858095
5.353477743840448,-0.010916097655084885,-554.086050581704
5.5602314678280935,-0.014705777038931988,-553.753008398022
3.3569954354149614,-0.0050807045124927714,-554.4223661351906
4.814713500731436,-0.011731871402350318,-553.2526817720473
6.864938580730424,-0.01609166705363445,-553.2007022323288
6.136409059156853,-0.013531299519739316,-553.4825017924239
9.474207031632863,-0.020803452582309367,-554.6115410675673
6.143364805001038,-0.015136692558167303,-553.0718461589254
5.278521552580272,-0.014179506746807251,-554.0537810061637
3.4010935976901586,-0.0067555715927053025,-554.4593928708198
7.628546930904625,-0.017608394837203577,-553.5172134918639
5.55642246608401,-0.013207615415390941,-552.962256759897
6.054758002376537,-0.015489274731871281,-553.35169087736665
6.209663051368258,-0.014446480306634344,-553.0713772859015
6.700013635396688,-0.016646359907073943,-553.276895588975
4.620315554980217,-0.009338433850390803,-553.6188903331082
6.196651969605123,-0.012987299911736125,-554.2707848136642
7.2693605304604665,-0.017821541787446844,-553.4512980484345
3.178780406768522,-0.006654238234802231,-555.602586721522
10.434884388378432,-0.021088764897406954,-556.1789488180692
5.813024355118918,-0.012518511880751738,-553.6395459411023
7.289952324294252,-0.01685188459576226,-553.3903445138624
8.150647228301823,-0.018754437767698893,-553.750164614398
4.481298631438367,-0.011022786387157967,-553.6080044707923
6.392467962652872,-0.013607174788991627,-554.1008382221995
4.250239793693762,-0.009677636761521535,-553.444526988217
5.066872680627397,-0.011781095008854487,-553.0207385045973
6.219238996284343,-0.013359018391051608,-553.8693870881518
6.617125166608231,-0.015905324686883462,-553.1055708381327
4.628486573069552,-0.009100764384636507,-553.8628216601885
3.393079323043725,-0.004573762674971775,-554.8628124495378
7.312289995388057,-0.019005461788135662,-554.3355752930739
3.701478896223945,-0.008233076546961256,-554.244189386679
5.7423385528896445,-0.013734154214181444,-552.9638860237883
4.737112897767094,-0.011773631592222814,-553.4434675926951
4.43571804926206,-0.011046740170399116,-553.7696430861607
8.11705979600705,-0.017719323686755092,-554.2125834827932
5.661391305650689,-0.012890685248862043,-553.083559668084
6.3596448880070895,-0.015409845195810132,-553.0546161432502
5.2796571312140745,-0.011015683836353207,-553.7285302495259
4.146269794726111,-0.009489565387920394,-553.5880238427982
9.15624334958414,-0.021409484303322703,-554.513587364057
5.848511998739542,-0.014977103288544206,-553.3361536361899
5.63913082197608,-0.01265214457559823,-553.1722066496889
5.875114910897239,-0.015343583262306322,-553.5802459727295
6.410966357211894,-0.013510979523396962,-554.2911525174475
4.181203583722724,-0.008297118911462634,-553.575347892058
4.811957587181726,-0.011845180485328346,-553.3170779103444
5.9729081358509974,-0.014791534663107675,-553.0759477542957
6.554197181505107,-0.016080138366054108,-553.1479207718365
7.651848306355001,-0.017288847447298222,-553.6656916016921
6.852091082285658,-0.018506299673804717,-554.7922240153837
10.15381185438953,-0.021932903080102987,-555.0733440200275
6.557499353739364,-0.017033388038781055,-553.7351299420696
3.816535621760289,-0.005500857876338798,-555.4302527031408
6.872476214285618,-0.018479320254403447,-554.6962680401911
7.68759306160245,-0.019338958476069177,-554.07338880201155
3.7605513681712863,-0.00860943872860084,-554.2959662691429
5.929144045043703,-0.014453044219581553,-553.0055265623006
5.041325404914263,-0.011436410786820108,-553.0595898678362
4.882476582510121,-0.011526452832392809,-553.0929002273463
5.160173638325581,-0.012212755370967922,-553.0076237837438
5.45971219287057,-0.014008433396424975,-553.3779599297214
5.202318262358338,-0.011384022165966746,-553.2450405904693
6.053730264104704,-0.015066362767829598,-553.1144171265764
6.517272681057815,-0.01620820803304107,-553.2175900957369
2.6846043892920273,-0.004179000657200419,-556.6119582581767
4.647102831661744,-0.011142967329517878,-553.2872698214586
8.308989727275163,-0.020871702854758204,-554.7486878860866
4.96831749734699,-0.014065682420529683,-555.2552586418494
4.788676869628162,-0.00979359733309465,-553.6187288012006
4.954100214370087,-0.01385683205711313,-554.986692257678
7.569160052788886,-0.017974840077945153,-553.4578187291136
4.525400388128014,-0.009555308826901648,-553.3316420658014
5.903791328859125,-0.014785942103411498,-553.141496931469
5.740696863122486,-0.013008106726076078,-553.126734018937
3.8985440927701798,-0.0033059880373918532,-562.3403356258473
4.158846441990077,-0.007673000051133941,-553.9763593204485
4.114662401156884,-0.008098622190297925,-553.6049881037768
7.127972622682517,-0.015756617767977866,-553.7664811068156
6.317555306209573,-0.014718569537831586,-553.0871496065162
4.641263273572678,-0.010428124906043824,-553.1575052411143
5.836053353379216,-0.012948958223808557,-553.317468250298
6.2132080007142605,-0.014328846252000654,-553.1151956823802
8.784346891716432,-0.02242858644177745,-555.9773362385865
5.098788039309769,-0.01152557600051107,-553.0671655637018
7.036324991546467,-0.01710105126492569,-553.28355136949
7.640181010787307,-0.018488275492176565,-553.5787182550723
7.276030434580027,-0.018885669379909327,-554.2699563351692
7.057289694363989,-0.018095660831599057,-553.8513164516608
4.591860264468764,-0.012958351051261007,-555.5016982082386
5.306842059097955,-0.011438104075395587,-553.4014450807591
3.5678582424392573,-0.00680555800667531,-554.0016163962455
6.371600131900338,-0.01517161484809782,-553.0442719080617
5.895241410988662,-0.014001594519537955,-552.9737164132599
7.370831976732231,-0.018038614271142617,-553.4963881511295
4.458323386453327,-0.00919253838574167,-553.4340184998362
2.9557396034429706,-0.006045953445269629,-556.6285929779169
5.203189567810505,-0.01350764801461823,-553.5856316272583
5.257731077635983,-0.011285650166824434,-553.4190644203712
7.528881494464846,-0.01872316687741598,-553.7667680863419
5.34645810991828,-0.013246189434252273,-553.1176093982713
7.017458221772547,-0.014959288927327922,-554.3397062093079
8.317307418315915,-0.018227182005378387,-554.2084896375524
5.752078563000698,-0.014162516905827507,-553.03739853944
7.596947091872394,-0.018828266393929965,-553.7769920364526
6.916497414769085,-0.016778981457895237,-553.2266693162754
4.265249365125115,-0.009642642348278038,-553.4079659385791
6.879571079416368,-0.015450106176699029,-553.5027226572641
4.730157173177517,-0.01173222627032714,-553.4330330909451
5.613875265357253,-0.016155410543404615,-555.6399963303646
6.381202065072036,-0.014465288035945281,-553.2759403629634
7.336629080383347,-0.01595689089662461,-554.0723544403161
7.513634803298063,-0.017381894913356972,-553.4648503797753
5.762006265657867,-0.015005961083922093,-553.5318522814805
8.180498671979656,-0.017945377575686615,-554.1575491457647
5.063154026848587,-0.01111755137785584,-553.1945301729138
5.12371240103478,-0.01179252138103508,-553.0215950867112
4.318172188139054,-0.010721723745719614,-553.9010329983444
4.922615662037589,-0.012132118184789783,-553.2549438655498
4.169775208745867,-0.010469759336078225,-554.2604301748161
5.265343833398666,-0.012254785407966188,-552.9918354404682
4.466872536039737,-0.012084647020570521,-554.8253787381624
7.6191685472509505,-0.01890209500278088,-553.8070059969043
9.208492936513112,-0.021168000080511205,-554.4231516728449
3.9095599747170153,-0.007443575247560362,-553.7312979458151
6.41674861701799,-0.016849903740895008,-553.8413069203204
4.388693759103323,-0.010126469915324642,-553.3512283826241
4.511501846856056,-0.009340144227559567,-553.4223102098645
6.374143609302391,-0.014642978891957434,-553.174626833268
4.338406556037048,-0.009962733562392741,-553.3828611548938
5.312059452703474,-0.012365273453705918,-552.9881488281494
8.977854345432908,-0.020377797587862047,-554.2233668229467
7.100753270222289,-0.018503789948989165,-554.1861429227877
3.3414944979564463,-0.0060863236675942674,-554.3582417315378
4.228846836482189,-0.008838519112125428,-553.4099059660617
6.046622443917211,-0.015884816121919044,-553.7019212799265
5.582924328190783,-0.01198737436886967,-553.5644372265053
7.871394090348801,-0.018524029494180846,-553.5974757141365
5.00446405508325,-0.011708454923038878,-553.0369282850781
4.613578607993923,-0.010577462619011286,-553.1756816844935
7.880839011663381,-0.019206804676671584,-553.8079762842245
9.190396901832758,-0.02103701390984476,-554.3877763635628
3.621217305118257,-0.006525325960248063,-553.9621414468247
5.9576993689856765,-0.013039044850511449,-553.504259266837
2.6915489132004446,-0.0028351929140374094,-555.576946132801
3.9821472030527536,-0.009084108692538891,-553.8190636651727
7.324180025428081,-0.018377927267159345,-553.7284469936042
6.526176746251548,-0.01709974777545161,-553.8629324006528
4.38878153096149,-0.00950495042382961,-553.2909782685364
4.532036801658166,-0.010306826531652925,-553.2125616709819
5.7610091853179695,-0.013557842581399039,-552.9742939837657
7.422148586310095,-0.017320533380111712,-553.401028419155
6.474795886407742,-0.015124562479201253,-553.1111594662349
5.627782406305322,-0.013168123473308172,-552.9773986656563
6.011489112660034,-0.0142351564383212,-552.9895287943295
7.729420576816958,-0.01579124221518373,-555.6071557249413
6.700013635396688,-0.016646359907073943,-553.276895588975
3.647571548641046,-0.00668752151887882,-553.9201745798118
7.387126020562451,-0.01854267379697289,-553.7809660081545
2.6318920875526173,-0.0018944491315181279,-555.7068923870439
5.022517851539567,-0.011420132581311708,-553.0558035665239
6.323110115376758,-0.017089154478879934,-554.3629186779605
6.226771888076743,-0.014676352655251901,-553.0316567343298
5.6051062348169625,-0.015243012801081807,-554.2389875914871
7.877224632367705,-0.01720054700120921,-554.1482966460532
4.883142387101088,-0.009711191301792535,-553.9756329206036
6.209180660182219,-0.015962728646947495,-553.4457163705866
4.101963121729737,-0.007934647888308098,-553.6751418303475
6.914926901498469,-0.015953694744799803,-553.2867868131701
4.079715236305489,-0.00860732155647605,-553.4862238217066
6.919629127055719,-0.014599752573691721,-554.5108649179571
6.214292279578348,-0.013446288936083028,-553.758468396185
4.387163569302142,-0.00879446475522685,-553.568626438576
5.009556816715721,-0.01273207317564798,-553.4503698341462
4.295463002871199,-0.008850785345406354,-553.4317633594266
3.6899780550817085,-0.0070363330880214405,-553.8506047254788
5.980077881346733,-0.013938617911139489,-553.024105761636
5.827049850425675,-0.014986740745625528,-553.3821766358041
3.386775678691655,-0.004323649511599008,-555.1151084514831
8.255444766640771,-0.019993011797472503,-554.0526189387646
7.588295271429155,-0.018687964096340465,-553.6973077742094
4.472687644989036,-0.008627236928225465,-553.9016664956038
7.024066803880908,-0.017339954785322662,-553.3738542602647
10.35414239408307,-0.022524503234677168,-555.1826916666087
6.3956472088498755,-0.014172321864908034,-553.5118151672623
7.269632819316241,-0.017425553753297972,-553.3376452907597
3.698192956474598,-0.0051235667453495715,-555.4120424961928
5.603253742106567,-0.013690819578008063,-553.0117383826775
7.018363108264335,-0.0180321229795724,-553.8554230247524
6.627625295401289,-0.014924353389744911,-553.4042001574021
7.786843683339948,-0.01860253140329885,-553.5951962474322
6.32581061120014,-0.014868029003034682,-553.0579721985655
4.876573608740701,-0.012446308635665823,-553.5781948488138
8.166445240576763,-0.016900169049303915,-555.3502038889901
7.8592597210516475,-0.017294868477469097,-554.0282054985878
4.0943581830318,-0.009173071179628314,-553.572408720082
10.320710532035326,-0.022722714360614335,-555.1717498386798
5.573200463543779,-0.01410618664578852,-553.2304087842709
5.198484023345207,-0.01375788909960841,-553.8460626553571
4.479517948215792,-0.008668272927328614,-553.8795523338174
5.2080846209730645,-0.011614958854905209,-553.1301218032895
6.664647081783982,-0.015214891428725022,-553.2921083713799
6.022661685866587,-0.014009362802451799,-553.0383835377987
6.656492152969181,-0.016601532138851148,-553.2899393708914
3.3623650757647106,-0.006089482536995932,-554.3033302661934
7.549759839427002,-0.016612970808781245,-553.9471176111412
4.738453352197086,-0.009073597100661659,-554.266649315373
6.1745551577434306,-0.014085836684547045,-553.1754271769888
7.137569341825295,-0.017189367906920213,-553.2927719483978
7.462685882059766,-0.017189919337054962,-553.467023288067
6.736707286362775,-0.01654662347001147,-553.21537130523
4.786674307179254,-0.01110584430763392,-553.1058353548855
4.493999851072304,-0.01081134691085384,-553.4398666789558
5.7329407255548634,-0.012025578065938907,-553.959278432163
5.0007917314506765,-0.013428718102776337,-554.1730780859533
2.70272305950249,-0.002575488416764275,-555.5051980442734
4.615644273788434,-0.009219098209976082,-553.712198276588
6.469493827565963,-0.015998687146074744,-553.1654004819785
4.194090063711755,-0.009177975027729856,-553.4126364036663
4.280455933243178,-0.009634565651616628,-553.3827289643111
6.274950927883364,-0.014565202576437498,-553.0947768648874
5.285495384863576,-0.011373797360353724,-553.4075161881697
5.894198887029725,-0.01256105146424602,-553.8230724566578
6.320423534963112,-0.015843178187864012,-553.2190187658446
7.027473715999509,-0.01844106639450685,-554.2663533365253
4.132211276200352,-0.009996418133856166,-553.9631203575842
4.304666958280735,-0.010009456012512017,-553.4653902894398
5.430312398191423,-0.012703650764776862,-552.9758877267997
4.617458521397582,-0.009690478659280438,-553.3696446064523
7.6472007772884565,-0.01937496446952758,-554.1601382111511
4.538754059369239,-0.010156520282789286,-553.2014256820776
5.946426283028113,-0.0173084894722467,-556.2165452515454
6.443320533197847,-0.016399159893144163,-553.405778664221
5.770817288982908,-0.015052959358844199,-553.5536468652941
4.334251577149187,-0.009328024308956732,-553.3218117484042
7.298483902857156,-0.018184656470564123,-553.6228965269595
4.655300013639614,-0.008074769657171424,-555.5161217293046
8.240052879420846,-0.01665667413996673,-556.0504249252913
5.993805571348593,-0.012530934914366982,-554.1857894091987
5.526742980242763,-0.016262714020232584,-556.3068828808413
7.304677653492798,-0.019156366379329118,-554.5328401247348
4.260907986782225,-0.009329365099309086,-553.3601215100346
5.933877333718405,-0.013883387532620516,-553.005374674823
5.51916967367832,-0.014655896574056408,-553.8184977572879
2.9554763079606095,-0.005921197520374388,-556.4494631686158
4.865348620488801,-0.010372989272184753,-553.3329528354382
6.682300585614031,-0.013860431063852563,-554.7672324057434
2.388482153006911,-6.094673168577981e-4,-556.3764440635077
7.385842658915233,-0.01780679634594383,-553.4136109326436
5.055748918962491,-0.011717017914367769,-553.0243139561308
4.813340602909283,-0.010752456492494258,-553.1226344732565
4.601366927019969,-0.010346321743553542,-553.1727999700199
7.316247118902961,-0.016694768183778227,-553.4800437536819
5.756396411403975,-0.011426190173537102,-554.960850382594
6.675181944964587,-0.015618329396169745,-553.1542985678558
2.922191623197388,-0.0038973128059916736,-555.0333128513904
6.72836044046384,-0.016904244019847407,-553.387543136861
5.799484505309059,-0.013415017857576886,-553.0278521397771
7.662037580316408,-0.017877460755678823,-553.4986050147184
5.491235552856467,-0.013232820918979142,-552.9819180409404
7.92920706225156,-0.018102309419708668,-553.6868877611679
9.523024837750366,-0.021491928300577355,-554.5967828262421
3.4140337972930883,-0.0059669786250334455,-554.1881653841681
4.59622815672384,-0.010767802248665252,-553.2326814987642
6.064180056961555,-0.014640678328642097,-552.9972602923461
5.320600009695713,-0.011425246530987058,-553.4419986242054
6.562091109107218,-0.01546647144678338,-553.1037244989049
4.587848793593485,-0.011367014618606047,-553.5532153565559
7.482396544425645,-0.01683762093326897,-553.652759091035
5.509943837718416,-0.01370718099306138,-553.1107753937976
5.44844182662191,-0.012547216557557634,-553.0117157969551
5.50811463837752,-0.015017257699231115,-554.2879267007252
7.536813615091835,-0.016831346390579115,-553.7508724548272
7.0274293943961705,-0.018338806451099962,-554.1499225573407
2.824273781812992,-0.0017859669386579501,-555.973377616427
4.214883383941127,-0.008028588141874508,-553.8019457407885
6.792633232494356,-0.015060014798195211,-553.628964543312
6.866416643557785,-0.016093219207007698,-553.201502736345
8.578594471132122,-0.018544111332502545,-554.4800635941176
4.993831715981212,-0.010120313933205925,-553.8568800955015
6.23720756061676,-0.0169435119744459,-554.4268049670359
8.621261553239831,-0.018627501714417342,-554.4980129182226
6.633658008271076,-0.015408793795587222,-553.1743843358702
3.3025464949851395,-0.005021903027243481,-554.4276458142729
5.403691228134039,-0.01215896293410005,-553.1090963768146
4.631096242829019,-0.010115411618115461,-553.2075283179219
4.267660218969642,-0.008443780721725566,-553.6039561275192
3.6331815875113542,-0.006795715600226132,-553.9151122749545
3.660728567852704,-0.0089530075127011,-555.214693203636
5.984309673651527,-0.012310496766518462,-554.4707580434532
3.31141284102858,-0.004967424073819197,-554.4499682021825
5.065967922071861,-0.011893923641583936,-553.0229153656177
6.1085139593583415,-0.014692388589210492,-552.9985929780845
4.743149888180437,-0.008908514068906645,-554.5200485918457
4.982593365405849,-0.012744083795766708,-553.5299885057742
7.098936021276209,-0.017790323901427162,-553.5602632716914
3.2349508023505402,-0.004800752014072539,-554.5063748512725
3.9504342682337277,-0.007763924403153661,-553.6402129106336
5.255783269315921,-0.012122289130404949,-553.0073652118323
6.285551450830058,-0.01617397442459438,-553.4812670876141
7.5236155956562385,-0.018232608781374705,-553.5173148228732
4.334847394459127,-0.008470015207772276,-553.7045915394062
5.050896517838268,-0.011766014301818289,-553.0238496299651
8.968533927868457,-0.01896273667371074,-554.9629677120158
7.033592276454299,-0.016253471794730308,-553.3119373678577
5.569104037430966,-0.013140722210710706,-552.9643254749918
4.513076352689795,-0.009247655045721876,-553.4797925661879
5.948031557809972,-0.015974568239058788,-554.0575824031301
3.9840246259297154,-0.007688077492689277,-553.6798703250769
5.693780845193686,-0.013959375041901733,-553.0201809858098
5.867509179328432,-0.013526507201366592,-553.0526164419698
7.4219905536901445,-0.01786019130608728,-553.4240747865915
8.47043313056647,-0.01881439748472716,-554.0974281872379
3.7453536187258236,-0.008494702798172007,-554.2660914656104
5.610425698564712,-0.012455796601777518,-553.245368803119
4.743812024512706,-0.012005412573624818,-553.597921386436
5.607853226866629,-0.014892590149277274,-553.8145546758392
9.404080501978784,-0.021349208290326452,-554.5232416604151
10.809009454977655,-0.022808401335313287,-555.5922976960239
6.4597348597177815,-0.01759689326781386,-554.6504228966455
3.402447410876998,-0.005904617876038077,-554.2042870311614
6.96764643416917,-0.016264772168819518,-553.2454180996
8.200832672756244,-0.02046806925238225,-554.4752888357788
3.672804122090703,-0.005175739968401384,-555.2056780420435
3.988858811369272,-0.008895609752935022,-553.701803595211
8.243633366929766,-0.018817878038048314,-553.8192761045283
9.736610014942903,-0.023776425456412325,-556.2870465191695
4.824230684595019,-0.011573673818852085,-553.171913944642
2.184482444339796,9.334189859395423e-4,-557.1162338629674
4.708862542830024,-0.009415060128846528,-553.7699081612923
3.827338192612532,-0.008699985865331689,-554.0945924535848
6.9621067062728494,-0.017216152568674377,-553.3565142120165
4.425627494076308,-0.008765803808857275,-553.6611994268698
4.853190241971837,-0.013786384369062906,-555.4086329490925
5.42599592293946,-0.009547304696903644,-557.1869769961636
5.789058023658949,-0.013101675024308994,-553.1447795848925
5.375733352511928,-0.012528800318286093,-552.9831287993235
6.67146637931043,-0.01563449511603737,-553.1478274731113
3.7446769433617346,-0.005656045425069761,-554.8589930605424
3.243105734342713,-0.006954688146116281,-555.5051983437794
8.48545630788193,-0.018144960354341707,-554.6504054728138
4.415934047700479,-0.010511783630248666,-553.4598450296639
3.9623918877720166,-0.010561048258918952,-555.5592767903821
3.921883121228147,-0.007830660016854812,-553.6305244734572
5.858758891662016,-0.015513122771429569,-553.7859672258836
6.999494392632372,-0.01678037254757879,-553.2270056938216
7.161894932908666,-0.018590392585119884,-554.1623658346738
7.385874187913437,-0.016210624655628506,-553.9411425542437
4.099165318664359,-0.010851312885279314,-555.1204883849341
4.173038115349398,-0.009352541118989331,-553.4800874577618
6.461367747949573,-0.015768305756667985,-553.0995260265872
5.5721833203089695,-0.011916013278321041,-553.6063528977579
5.195819875739614,-0.011709885311006762,-553.0798962575657
7.429484588083205,-0.0160834469274919,-554.1785518854184
7.896030286096626,-0.017418667429694216,-554.004096767009
5.665030657614857,-0.01483333319894926,-553.6030680646436
5.002679134964595,-0.011019573436945493,-553.1699418319694
6.352587181549422,-0.015949915459080418,-553.241479706067
6.978195983949178,-0.018771351108603306,-554.8204607498487
7.217047225921879,-0.01564359367033686,-554.0958334092214
3.650246643978996,-0.006230131936484881,-554.0889915460316
5.362270124572348,-0.01153667842204573,-553.4415902502363
6.620481999804634,-0.014730062433974978,-553.5337038067947
5.165973003422141,-0.013800434668886393,-554.0033402679722
4.683528865241022,-0.011281258487769424,-553.2822196080017
8.567240318472711,-0.01994669570438349,-553.9946422362652
6.90694434590889,-0.017520797914713664,-553.592200647863
3.279611686243049,-0.004622515747493277,-554.5982713846256
6.113020883959049,-0.01621608043478063,-553.8845787894354
4.230097257019737,-0.010141095290494916,-553.7374385805634
4.260830208254566,-0.007665547119107011,-554.2963236885354
8.123269389415576,-0.02116244458878702,-555.4741436010405
5.336331712408997,-0.01177331848082364,-553.2206771610466
4.638950425427637,-0.00841233049517811,-554.8223410545364
8.208574664360158,-0.02035837166091412,-554.3635966800717
6.164597634918486,-0.014604549007819056,-553.0112303867213
5.380832734235559,-0.013627431194942185,-553.2697901731601
4.346855157933702,-0.01058294635535361,-553.6911855165307
4.692287587198316,-0.009713735469126308,-553.4756134767376
4.632036855040974,-0.008889660555128997,-554.1130645358205
8.04740338418819,-0.018271049450315192,-553.7654201596529
5.227165775506048,-0.015527808575904462,-556.5396108018573
4.2354023468899555,-0.008127825281661963,-553.7666295126268
4.777246814414608,-0.010824978615585444,-553.1071527809005
4.354050548779435,-0.009104125506749996,-553.3772232286879
3.1479389375641693,-0.004305541251930295,-554.6796774523713
4.025827499611744,-0.006785768150326333,-554.5190793109407
4.340283284601405,-0.008507002588879998,-553.6871805686146
5.9980598476186,-0.015689155789158863,-553.6244687515137
4.391904883354797,-0.009412142388604485,-553.3064575479577
2.2666436965463856,3.9283290380535236e-4,-556.8215986620846
6.500295463514931,-0.016820872632861885,-553.6472224395508
5.619490804191344,-0.015214285270608365,-554.1530814158092
3.814757392636589,-0.008625317275582599,-554.0880168682367
5.1938612578251835,-0.010904708662465144,-553.6056665906341
5.533369207731959,-0.012649359757833174,-553.0464354043988
5.666838749232342,-0.01629482978597026,-555.6378735308175
6.140379419220282,-0.013539996593180361,-553.4839364345943
4.906101292549946,-0.011340809893902994,-553.0610365646054
7.7518111700352295,-0.01782350841491611,-553.5817963944738
7.1469417888994675,-0.016923988847170078,-553.2749178319302
4.462528767949133,-0.01117072510081212,-553.7848750416732
5.020917800362831,-0.009974763349651802,-554.1255821950894
7.641241521542533,-0.0170992726830993,-553.7579788687094
9.064865599557324,-0.021171903697536257,-554.4148344782302
6.332488841721669,-0.014831367966127433,-553.0702701072697
5.199272676969992,-0.013168290575578874,-553.3275481946528
6.799644535733493,-0.016250013872053447,-553.1552951363219
7.185285689840894,-0.017613335001591582,-553.4046000782654
3.581321423481317,-0.005603332407525593,-554.4045080755886
7.506197016252492,-0.019122434143233575,-554.1234956642153
5.815609061067459,-0.013561271337406209,-553.0010516511494
4.558939247621619,-0.010146928135420879,-553.1951866095626
7.36350951825354,-0.016140598997798572,-553.9547492823267
8.032564134553311,-0.017737958203562443,-554.0281616419136
5.574639698830474,-0.014213545360469324,-553.2972125175008
5.614980994505814,-0.013154153710066438,-552.9745216204911
6.272507169848319,-0.014781259004799822,-553.0406656963346
7.1731725495361625,-0.018063027624527352,-553.6677253158753
4.896378428907237,-0.010362349039002352,-553.3935781742164
5.430413292835717,-0.012159853471319669,-553.1419994016993
6.568364184714741,-0.013648107121427598,-554.664243211142
7.142696230218626,-0.016640643253730752,-553.3078711722948
1.9523523932284843,0.0023649833761271158,-558.0256711995592
7.011810701671447,-0.01568667829335504,-553.5827225283487
6.686268784857891,-0.016778398392418254,-553.3569759012448
1.9132152802170737,0.0013790743877613943,-558.6337346057038
4.745989168134421,-0.010322202327894861,-553.2128790404801
3.6345721680047993,-0.006934831708588581,-553.9110125072021
4.567412120423249,-0.010357676788424064,-553.1903493140043
5.485270336587664,-0.01196143892408296,-553.3620555197867
4.992865971339918,-0.011871072766567566,-553.0648166830724
5.169018034604428,-0.012364784607870796,-553.0232759509868
7.280751937587023,-0.017483513871400753,-553.3477173869879
5.839565059602302,-0.013212639999719836,-553.1575192989422
3.6654535714037477,-0.008052725558964519,-554.2572075173008
9.296973366477395,-0.019768978348417565,-554.9240767097042
4.417333988934302,-0.011130562261041465,-553.9092771170591
5.376082824285823,-0.01481281471561977,-554.5141409771438
9.231405179322683,-0.019574506357989716,-554.9587322902768
4.390832745163245,-0.009675567253442555,-553.2785588127872
4.877432479020618,-0.011311877586943351,-553.070998865209
6.9593158154954216,-0.01682922708014371,-553.2324028947729
7.533882374309696,-0.01759645735057304,-553.4430166179593
6.570548311871246,-0.015914202165554173,-553.1062584242204
4.912513313693454,-0.01067771638186109,-553.2278994082415
5.147518865117926,-0.011080144574188981,-553.352401680488
4.264270131467898,-0.007566089725232105,-554.434230585951
5.808466733938163,-0.013706646304331311,-552.9735470590392
6.662690469052053,-0.015223867035145368,-553.2847713918787
4.060190904051187,-0.007716476441442568,-553.7464749311673
4.828051517555582,-0.012307717306635891,-553.602102478493
4.703532663142207,-0.00972354667016095,-553.4899539407702
5.788116978167078,-0.013159789085254895,-553.1147751768241
5.1935427324916486,-0.013342473247034078,-553.4700182759954
4.342240444385614,-0.011056552651083656,-554.132632429535
6.134502845718458,-0.015604694529206427,-553.3080198197689
5.788116978167078,-0.013159789085254895,-553.1147751768241
5.188965180009616,-0.01351404345766607,-553.6310916068895
3.8082126719754066,-0.007473648375513272,-553.7293029810522
4.90278177670713,-0.011364185610272906,-553.0625384928712
6.679857179232566,-0.01508991978649845,-553.387532822198
3.1321263316702526,-0.005075222752971108,-554.6734099690502
6.8613260280876975,-0.016926551289264596,-553.292661831454
5.594040453670547,-0.013175860141307519,-552.9661198446244
5.392791822326649,-0.012635674018671106,-552.9756247758711
4.500619228489756,-0.009708982659036407,-553.2635508217319
4.7984522107447445,-0.010563104671057973,-553.1667088887798
4.213911911593144,-0.00900517402267767,-553.3906097239994
4.994701346884581,-0.015159080129822526,-557.2685427224961
6.812816864048129,-0.016977132176414212,-553.3497222879397
3.594829728407079,-0.00807746835989071,-554.5990197835756
4.802163493028824,-0.011465344999258463,-553.1658757828684
7.776224175795384,-0.019804092703206416,-554.3993956506736
4.296323625870906,-0.008685221991456651,-553.5058422309552
6.25954209890705,-0.014227653175134018,-553.2230328143478
4.353696273163491,-0.008695907849801572,-553.5782897862538
5.499601898334783,-0.011838995963562313,-553.4966147196448
4.545535443088866,-0.010646333626956451,-553.269154250736
7.249591186377342,-0.016583128877289154,-553.4416899578126
4.847187683293461,-0.012736681810072134,-553.9529223431879
3.8853803826399678,-0.008821726645981642,-553.9688856850091
4.163597390285513,-0.00971581308979289,-553.6611074669362
6.744255887588633,-0.01717563984182958,-553.5508399146465
8.247971758445951,-0.020017282567953806,-554.0715920218213
5.804905185483701,-0.01600915285115596,-554.5763244890763
7.443670370979539,-0.01798125736237811,-553.4535026482546
10.379277661358557,-0.02254192606054267,-555.2023483321285
4.239277731277888,-0.010413062507907214,-553.9203383111353
4.684703098403279,-0.01110968870314578,-553.2133204691171
4.946450967499568,-0.010451020651986007,-553.4250885677066
6.671981928198412,-0.01591080866530707,-553.1171503907483
4.7494143598801095,-0.012716970437630058,-554.3204197572838
3.0506618722243504,-0.004360159003247371,-554.7692649820943
3.15675986996742,-0.005942862626972015,-555.0323662496029
9.852621183162595,-0.023880147278033073,-556.2628183308984
3.5816305888239692,-0.00690634906178392,-553.9916105987073
4.326239291291108,-0.009566312146160577,-553.3198773353635
5.369656816355466,-0.013256226649864858,-553.0919864832877
4.500619228489756,-0.009708982659036407,-553.2635508217319
4.483514506810651,-0.010328353299943787,-553.2680279609214
6.312943515898204,-0.014068000329826864,-553.4219770894961
5.636658077007153,-0.012870273554234389,-553.0650760952982
4.033261747228432,-0.007764258987256044,-553.6872140309655
5.19615258358431,-0.012890911982980806,-553.1705279373373
3.683289146806578,-0.006836269408928741,-553.8792501802561
8.314342778283386,-0.020345903511979315,-554.2514469442873
8.854306077011081,-0.01991932517466131,-554.1725018997145
4.900396160816211,-0.009671075350043455,-554.0839563092981
5.382043264297011,-0.010965634712149529,-554.1228101307335
4.602835609410641,-0.011742495736440272,-553.8180712304247
7.93904034782111,-0.01840055658558596,-553.6346422360434
4.3704560765795275,-0.008561999565624145,-553.7064710971287
4.430073694631069,-0.009661297663044239,-553.2659080692264
7.384607751387546,-0.017081812730936296,-553.4192351393971
3.84450880284182,-0.006243789282402146,-554.5153152657377
4.109182570029902,-0.00809999389689755,-553.5994314651662
5.9538487099465796,-0.013660726343554284,-553.0921184926577
7.5938737234612335,-0.017642065393920242,-553.4804088402943
7.333865950970747,-0.017374609683204627,-553.3484901412838
5.391351445467487,-0.012896003070355783,-552.9802775238358
5.2682432531526935,-0.011686388637119778,-553.1699245495001
5.777599908176742,-0.013055466293064928,-553.1529457988639
6.097912556205377,-0.016215489913844607,-553.9226774966052
4.303217374479716,-0.009719506696168143,-553.3699104069614
6.487218102142016,-0.016562411874965162,-553.4597104497085
10.293691673028091,-0.022292392718178042,-555.1489432995489
2.102219216845218,0.0010681515620012956,-557.3790833916485
8.015490204412965,-0.020076709895582148,-554.332971994964
3.8933227143094564,-0.008994874365137743,-554.0637878352289
6.196511266679815,-0.016279845271870673,-553.751604032243
4.828783896107281,-0.013458206454641176,-554.9973630749926
5.881309571549325,-0.013691746839247376,-553.0144499180101
7.518248743624138,-0.017811287279074536,-553.429827849388
3.5565180937773087,-0.007015799272696443,-554.0737519782965
5.22458908548572,-0.012090082025141013,-553.0032639140517
4.351885497678792,-0.0108350843950588,-553.8789629864144
4.464930553230882,-0.010311420732810514,-553.2889545531181
4.529524424918115,-0.009188842521337245,-553.5481346239488
4.093163983701126,-0.007984954939728003,-553.6386837938857
4.170390752935343,-0.0075380432841244864,-554.1422648766261
5.267820524028174,-0.013416911634668306,-553.3545002714358
4.417122073427404,-0.010009100347003407,-553.2833989978975
5.224127155668793,-0.01285986950298533,-553.115421276819
6.363644016643687,-0.016567775606441935,-553.6758621410885
7.826786197876313,-0.0184356075190951,-553.5752302829967
8.722386209305059,-0.01963014674263578,-554.1052106178205
4.6741567790428,-0.011194708705681528,-553.2614785753709
5.1914900695372,-0.010759788580172057,-553.7472332126979
4.51600816416759,-0.011793007804142578,-554.2085578483318
7.378349539753208,-0.016425588678359797,-553.7442502640611
4.560276672526231,-0.009636521717432754,-553.329441556027
5.311398178369278,-0.009533702632925132,-556.4296133916553
4.897192158076396,-0.013493431373657327,-554.7102564910748
7.017267160485507,-0.015495466880716234,-553.7491343106035
4.312582861738504,-0.009415374373045543,-553.3247488887055
6.498414471991494,-0.015714675340767537,-553.083357791645
5.95994399599477,-0.014300806893199087,-552.979183702773
4.53359542958707,-0.007553890931107628,-555.8307392411027
7.641135965431757,-0.020265005447775396,-555.2753142471636
7.760436455458799,-0.019435118215077023,-554.068250000018
4.401003788329967,-0.010279291276389466,-553.3841586381606
3.86930816251015,-0.006639645630788387,-554.1860713794227
5.4736519425328485,-0.01281262778024435,-552.9741278011388
5.367117070967534,-0.011542097457194657,-553.4479263146451
5.898305594348951,-0.014533912734817807,-553.0449468854072
6.287807891832061,-0.01663196171860297,-553.9063449339753
3.3491985808312754,-0.006655553297012307,-554.614124635941
5.015597585337885,-0.013066501735076357,-553.7222334377979
4.428703389438855,-0.010857506189937126,-553.6430253267515
6.064512756819684,-0.014612549789170242,-552.9946171347543
5.153618605443366,-0.011638935192839144,-553.070298606334
4.8822676451659435,-0.010225963222437743,-553.4672459172707
7.516219913910079,-0.017055202100110304,-553.5864242593374
5.375242255960732,-0.01204801146376336,-553.1266355629301
6.318972151109306,-0.016437806020075312,-553.6444426302451
6.239722602035578,-0.014866592940913978,-553.0181790352289
4.230521577927739,-0.010598143862454746,-554.1290394597908
5.810561210562956,-0.013252813989421889,-553.0997968433854
5.035986229414825,-0.011343507769091531,-553.0801492838636
3.625287161949047,-0.008262166112876324,-554.6210821031743
5.20229474595322,-0.015245433435868467,-556.1117588904189
3.9509898067061906,-0.00822465322117458,-553.5957094726474
9.417975794884455,-0.021421072618299116,-554.5419838178553
8.256346643397912,-0.016683229293217153,-556.0654668564397
7.4743479834443525,-0.01683669517972881,-553.6401926317241
4.822551491921921,-0.012294896363869072,-553.6074042982198
5.451307082799632,-0.012065618655962125,-553.2263641277453
4.189399773304729,-0.007396625213487661,-554.367584501911
6.962440190323429,-0.015622749697758665,-553.5353648306645
7.41792262130895,-0.01712452360260789,-553.4403093102579
8.77355433814714,-0.019850497710540944,-554.1107839244022
5.009290546142578,-0.012118289432462103,-553.113810417172
6.332488841721669,-0.014831367966127433,-553.0702701072697
5.623465139794734,-0.01355052050000982,-552.9729309757149
5.380742361566055,-0.011238597754006374,-553.7825145447887
3.67022050326467,-0.00902387328317464,-555.2479620960241
5.635876472966356,-0.014116343179579237,-553.1423052376256
6.183745602539715,-0.01617558556013091,-553.6779178251805
5.095991548200063,-0.012306205930327262,-553.0732248695726
9.081040366236463,-0.021611389984469685,-554.6617553833719
4.633408947238766,-0.012202757249461333,-554.1875683152325
2.516760663168435,9.363386192495489e-6,-556.8676752334376
6.290771836654708,-0.01598375994835195,-553.3360508110625
4.339799822429067,-0.01088146277637446,-553.9667405009279
7.0821421074101805,-0.015375507559892277,-554.0280270241478
8.21512031490195,-0.019248201722954255,-553.7850365518581
5.9961726059230775,-0.014983138684040753,-553.1338906571112
5.311891161393902,-0.01055683696102743,-554.4355714235147
6.764161739716871,-0.018152214293936503,-554.5407578552499
9.121702235431009,-0.020807434070253993,-554.3248652435004
3.3524077074930547,-0.006312644730968402,-554.4090921634986
5.208402724038536,-0.012944361454158802,-553.1777569166337
3.4124584028738805,-0.005357218027986095,-554.3275165384196
6.676097786896498,-0.017487466148155727,-553.9511875943493
5.705495519186842,-0.01339715397481494,-552.9746386399725
3.9200657739100726,-0.00931727854476897,-554.224843859556
4.35022163012652,-0.008596007983877564,-553.6405228693125
5.341709897839921,-0.012577888269051566,-552.9764869920715
4.1579615831863865,-0.008226407542409157,-553.5860945633849
5.0159193671166085,-0.011467864871741888,-553.0460544012634
2.210562856151428,8.200410234987529e-4,-557.0388932908119
5.379698904291208,-0.012664279295453579,-552.9732231654828
3.817853068390301,-0.007613684526206447,-553.7155048237368
10.681709221986843,-0.023714368626011856,-555.5904712740238
4.358947278366416,-0.010022810388249275,-553.3674961075377
9.987177773023266,-0.022156604902500335,-554.9176280352665
7.434129230930451,-0.018328679826766375,-553.60142780014
4.171165566480564,-0.010790478487666505,-554.6291887285458
7.949421240554379,-0.02185231828762861,-557.2222858705569
5.187124933830676,-0.012219403780181133,-552.9983513777257
3.60265773121233,-0.007634849729590694,-554.2195475112503
7.194934301387368,-0.017883852129643198,-553.5303397186427
4.944667519550149,-0.010652589861472682,-553.2859108579065
4.121899849485865,-0.008315968122388452,-553.5240797960037
6.39914078923243,-0.014351643614246859,-553.3804664869317
4.46740893566703,-0.011515462921936805,-554.1023537500995
7.588128971631494,-0.01914496203056611,-554.0296131170194
4.37696456754005,-0.007943829852863914,-554.3759587999606
4.71091109501648,-0.010081977516713348,-553.2824530454866
4.26206055031035,-0.0084330171629526,-553.6022669593583
4.528347151888322,-0.0102246868859676,-553.2085456752229
8.871077668685837,-0.020232010553999466,-554.156127563645
8.080214503566657,-0.02113020543845494,-555.5244319160638
6.3164204544081715,-0.015385655517928896,-553.0591674761613
10.564352828715545,-0.02174704843411243,-555.801978243077
7.4304141161369595,-0.017440294986106556,-553.3928671872887
3.977517570186625,-0.009526039827432433,-554.1686868247562
5.532575819372119,-0.01364589354438731,-553.0594574215829
5.231355185070507,-0.012289884025434893,-552.9902843166976
5.081496289869197,-0.010998867681123198,-553.2897229501236
8.713360778742398,-0.01951233215109131,-554.1282689582506
5.189166810973447,-0.01143777145911042,-553.1943065201202
8.559285242903693,-0.019723117695561357,-553.9680729431757
3.794371887356955,-0.007960504719053827,-553.8062979564324
3.8010760482138144,-0.007051096031126955,-553.8256627967667
6.84276203697128,-0.01596743344261907,-553.2101755813779
5.793078152537251,-0.013500710249439902,-553.0004143896186
8.384282910404902,-0.018273150598748903,-554.3048367612321
4.985430064236782,-0.010157521047286604,-553.7903803890031
2.8306630963203845,-0.0042005536784031575,-555.5552161075088
4.824248842861594,-0.010068197077281812,-553.4702694530929
4.161879982709593,-0.010729148690176486,-554.6000639761199
6.9711501166396035,-0.016323389329939736,-553.2359336410404
4.898604807270877,-0.008331380569099585,-556.5167277728933
5.317878522497569,-0.012401694638558771,-552.9853762105848
4.331370182936931,-0.0095535669605902665,-553.3149501735599
7.170865444991731,-0.015580606573254439,-554.04153225141
4.782269418976293,-0.012146206358733052,-553.6011045393087
7.875010610378925,-0.017925661055575613,-553.6841454955934
4.174575686308855,-0.008953730992642467,-553.4160051738394
4.399456163889508,-0.008985888036042076,-553.4712727372936
6.626816886260181,-0.016531174971063767,-553.2801567930263
3.8036462295394755,-0.007000527482283393,-553.847136019831
3.8919488312834534,-0.008210287104238165,-553.6792013289311
7.491025359677769,-0.01980789649760513,-554.9755724814272
5.3216485837322844,-0.012350450250656954,-552.9923417674072
4.175749668932244,-0.010121132551649016,-553.9062098782902
5.294986177985905,-0.013093032369043502,-553.119528251528
6.478957075295201,-0.012927844236966017,-555.5657233337184
3.9086525942565604,-0.008318792293229207,-553.6747020832577
5.602972682848041,-0.012661129863751884,-553.1176065254351
4.404749718057285,-0.008800566914240325,-553.5949170604637
7.615441489422049,-0.01782478996920011,-553.4739229130606
6.395466475002575,-0.016756091478811335,-553.792014975267
4.763102717587174,-0.01191172244664173,-553.4732395521462
6.702410871014745,-0.0156073697058393,-553.1805595741064
7.579708666445637,-0.01752322736701215,-553.4921624046736
4.578144121055515,-0.011207915568257442,-553.4711637146222
5.128057400159457,-0.01283028167931713,-553.2562435659228
7.3634367031147505,-0.018048626789888788,-553.5043249480752
4.778535738227786,-0.013985292621168472,-556.2342494829331
3.712148949759354,-0.004939518456690485,-555.8019708242509
4.095021282005564,-0.008812215395622176,-553.483389652916
3.9105596926532677,-0.007245363292991906,-553.8249095909863
3.7859606360217866,-0.006484979933858779,-554.129068325956
4.413046759522472,-0.009602176444685183,-553.275473295708
4.121786937776688,-0.011078568848133241,-555.3249404284758
2.9507268954392796,-0.0040631164711879275,-554.9796758986257
6.036835975241548,-0.016383246242626118,-554.3021915576793
7.979653959726983,-0.01801336560489894,-553.78177874196615
4.317216087330944,-0.010691348543652822,-553.8777013052132
4.143262172618591,-0.01024935672333507,-554.1502413571108
4.565784855687867,-0.01066980643743954,-553.2467486591053
4.176186573997347,-0.008335230801842668,-553.5523335893963
5.041241335060364,-0.010305071073686558,-553.7963232387727
5.54459743274779,-0.013551440449286538,-553.0178604119336
4.932365798856823,-0.01035847252588857,-553.4678122326114
4.546860931359691,-0.011773301935415854,-554.0584285191736
7.369731073481867,-0.016836818228724782,-553.4878371311449
7.157611010752942,-0.016714427732759295,-553.3046000599004
6.231262201691976,-0.013399708084298991,-553.8579661448227
5.123180564643777,-0.011095948802422142,-553.2971901136231
4.803928183027648,-0.01352873855317241,-555.245058423442
4.139864538950247,-0.00931713260943408,-553.5312329266202
3.785881064264289,-0.008159097017987444,-553.9057825173717
6.336962993339786,-0.015701028349584933,-553.1411793453597
6.419546127788592,-0.014940496811053649,-553.1139030689903
6.35568010345153,-0.016045341024925684,-553.2915442250497
4.910306925404841,-0.010564384191229044,-553.2864372107408
4.684496100336997,-0.011091269078640676,-553.2076702060646
3.955737258263962,-0.0092380501709558,-554.0141033664497
6.018509424333905,-0.014933738824169969,-553.0917771003207
4.6864391272077155,-0.009880338733051606,-553.357922250786
7.898544690346569,-0.017950655041343303,-553.7032621520451
4.77064348559723,-0.013888628260620197,-556.0952051630986
4.595446274958082,-0.010218758117737231,-553.1825946364252
5.593161575761812,-0.012439602821266606,-553.2264487719067
7.89241872837355,-0.01974908966637931,-554.1843842763725
11.183228960971308,-0.023411505036255238,-555.8672292935412
8.854576848186428,-0.02136420571479991,-554.621096400846
5.402086763547882,-0.011277591498642667,-553.8031642078031
9.676092681324397,-0.019028125060370417,-557.0581116356565
3.4519647406206175,-0.00789745914833304,-555.2297740690477
4.464763298083585,-0.009233410600412904,-553.4203139830255
3.9294304323651312,-0.006714725633039751,-554.2767950116407
6.312640161311157,-0.016644217130654292,-553.8609608208999
4.1282408518933416,-0.006794835379233425,-554.9446644705772
4.218358535862247,-0.009583459844220512,-553.4717575817473
8.857200784183508,-0.02286512831158797,-556.5340841791837
6.5542302976837306,-0.01649854301486522,-553.3326453467427
5.243644584180024,-0.010806397381658459,-553.8532988709213
8.355167391273818,-0.023005692760937013,-558.3252527604245
7.3780995061644195,-0.01656659945955397,-553.6453162317027
8.142744587890723,-0.019620536587534116,-553.902566379025
7.008291563697254,-0.01595302209998742,-553.4094408056563
7.87549013837353,-0.01936305845377049,-553.9043089312061
3.590743143868249,-0.007859276555241382,-554.4281792043635
5.226266890297857,-0.012507180347148336,-553.0102130492324
6.573565211736915,-0.012852600506610079,-556.21328711859
4.427421234629847,-0.008590370502253884,-553.8152304957118
10.767666688853843,-0.023376182983058363,-555.515170301813
7.529023658143326,-0.015866783703190314,-554.7495455034184
6.932566195603276,-0.01699426459950947,-553.2831747888164
4.24614897690067,-0.009962284807950755,-553.5794776226832
7.49455541661819,-0.016886712919255573,-553.6435449322245
4.510648652642171,-0.010713982745699886,-553.3556390425308
7.16558041843366,-0.018332493676865555,-553.8984231214785
7.595131430172724,-0.01779953090006791,-553.4637348945929
8.093308169078238,-0.02121788144895094,-555.6293805156781
3.7962359531885594,-0.007231590719561944,-553.7709027561405
6.361954243586069,-0.016623625846349632,-553.7321369497275
5.889958803376993,-0.014401778959969285,-553.0129850236015
7.182466646962323,-0.01690971455291171,-553.2936813870328
6.021928956358234,-0.015391369831426737,-553.3360846586241
5.162533528321219,-0.011219292737121024,-553.283684982019
4.9690499499318665,-0.01221335908408205,-553.2126545816501
6.3831276282366245,-0.01562132681087257,-553.090600436241
7.361569549119398,-0.018430219604762876,-553.7264072477728
7.766577790912814,-0.01660300348425484,-554.5033397420871
4.216775619709253,-0.008574726680461503,-553.484001257725
6.7845462717952865,-0.01686810573969412,-553.3177648169783
6.705461084278722,-0.018017520271158806,-554.5185473961868
3.549574109094191,-0.005730238460891294,-554.2589919775177
3.6796716140754624,-0.009360714864633697,-555.6710045239906
4.8153197455437,-0.01116859822120263,-553.0937595565612
4.673822672875933,-0.010419222917586306,-553.1554474921094
7.311091528550097,-0.014813165057329662,-555.6895523712358
7.733209143532107,-0.01704447633837794,-553.9725469794232
5.870917612740263,-0.01171361404284773,-554.9786763448072
4.585858495567677,-0.011450775620472201,-553.6218737952928
6.999104266943678,-0.015535078601732664,-553.6753180519046
9.24526446381635,-0.021615975188811275,-554.6026149633701
7.1962587782836644,-0.018079576060306825,-553.6539133065785
11.364316758113178,-0.02357353634578634,-556.0360241787151
4.897764685825903,-0.01206383649012227,-553.2658332909855
5.163680323368004,-0.0133107152975054,-553.5198204303935
3.393920148618251,-0.006150056218071421,-554.2416902676638
3.539625104338473,-0.007560196086158713,-554.42246572009185
3.9613586657494793,-0.008984676850553345,-553.8238980456266
4.9766569885626275,-0.01339486740089923,-554.2267632232804
7.634884879981885,-0.017547649926754273,-553.5398267402788
7.979653959726983,-0.01801336560489894,-553.78177874196615
5.839760731753468,-0.012754094652081513,-553.4823303867516
5.699438203555219,-0.014928075738149178,-553.607492453695
10.375659607580735,-0.022972011180591993,-555.2472692096188
4.459026973941438,-0.009095939074091737,-553.4905948717668
5.3009319733630855,-0.013246970180262324,-553.1857056187674
9.646144887348088,-0.022494513114436156,-555.0179421236655
5.221697424771163,-0.014198330408618294,-554.2878801404304
3.0655248385167098,-0.004440729762007857,-554.7424102823225
4.551255135164207,-0.009538995259441659,-553.3664394821234
3.7308170253741935,-0.0076848347888386955,-553.8638310759071
6.536514504977444,-0.015331507961703413,-553.1111078438389
9.60644410658753,-0.02000749320722942,-555.3813457997854
8.563419428979973,-0.020291299435075006,-554.097921656181
7.357351382106831,-0.018374865693314528,-553.6923020280378
6.4050951849529625,-0.012650770293985125,-555.766093489138
4.2798714486035445,-0.010169177079018358,-553.6093719014985
4.162924128793937,-0.007109789795330471,-554.6388333723681
4.4355730216340685,-0.007988517027177356,-554.5520294967916
4.6695782583800884,-0.010230052547656064,-553.1936496409937
3.770056022010977,-0.00841218163021241,-554.1054315972531
6.092727015005911,-0.016479984126992614,-554.2554684110194
5.379370414301509,-0.01312402616126153,-553.0348981576922
5.929296825550091,-0.012854043978414784,-553.6083416241551
4.907439455406835,-0.011426624643221611,-553.0633886764109
4.311362742981387,-0.010878198604387478,-554.076384631817
8.88083188557002,-0.019907879762621625,-554.2013207563696
3.208861062206979,-0.004555356410613606,-554.5899279118498
3.795215885436493,-0.008936307276634768,-554.4355118548242
6.263504758650106,-0.01668640140760214,-554.0280642465711
5.330002842948537,-0.013287218009398376,-553.16082276305394
6.139504808469753,-0.013202988559464193,-553.8146009683746
4.900396160816211,-0.009671075350043455,-554.0839563092981
6.753435920641385,-0.017344186099380578,-553.6721248113835
6.571774767142567,-0.01842706492826794,-555.6009493985456
5.037087940572323,-0.009276050132656453,-555.3306170124805
7.306975786404038,-0.018400510839065597,-553.764563926589
3.0349190535302317,-0.00364183799578741,-554.9322503573908
4.460277565104271,-0.01286123886769603,-556.1807558770726
4.97810719812985,-0.011430086387046123,-553.0467562876643
2.070359803629611,5.513493014933905e-4,-557.7309662405003
6.492900318875256,-0.014018371766892797,-553.9089805655624
8.1900226214795655,-0.019682934832967763,-553.9161019624387
3.812419572884146,-0.008097684500974782,-553.8108069723585
9.31863867423589,-0.021797786904710938,-554.6855803143453
6.063661411966151,-0.013518753771674871,-553.3410700343504
9.400133750231403,-0.021053241456655086,-554.5003521894959
5.824873743291523,-0.01516255609457569,-553.5299643811634
4.43238182128774,-0.011400124332035556,-554.1226446398441
6.895277686360268,-0.015104453352235285,-553.8275610866847
5.654641062259748,-0.013020059059427736,-553.0289254456312
8.617222253678325,-0.020927406645261454,-554.4568762231614
4.931249558033523,-0.010566309273476139,-553.3177340016248
5.570565069350179,-0.01137157259863402,-554.260274856838
8.508748616141736,-0.01934303982738814,-553.9599108738682
6.093011508733537,-0.013446832927637337,-553.4578785335552
11.912661387516495,-0.02552144914474412,-556.6631915861866
4.091139961258843,-0.007187362449123017,-554.2738254232095
5.392725249540935,-0.013040894265521229,-553.0030819542177
8.834682241401499,-0.0195402922794562,-554.271921062954
4.743103577761494,-0.011693591417676032,-553.3780134269022
4.739657569057729,-0.010080052646380526,-553.3192886483777
5.275187300347145,-0.011093256171906096,-553.6356339342451
6.195404460545882,-0.0138581512453522,-553.3477260792866
6.030486108728713,-0.012108644129998115,-555.0035067700893
5.1529428888173,-0.012469505476820358,-553.0615955826703
6.279002672905747,-0.013398941422638288,-554.0029169712162
4.203251695738897,-0.00830035035020332,-553.5991605784639
6.576647981525583,-0.015187585911872907,-553.191256916419
7.659097221286748,-0.01933005718741803,-554.1021073750404
6.639499521288142,-0.0153628512695529,-553.1959460752765
5.421722242646449,-0.011269190403987371,-553.874058634695
5.306949713840175,-0.01253648272710617,-552.9805417263717
5.577583383583418,-0.014237628947480428,-553.3082656854818
9.338795176234436,-0.020992555686948335,-554.4583949280044
5.568017800232806,-0.015925725780225133,-555.4467450758638
5.375230428865734,-0.012304893913080641,-553.0285203726762
5.8088978088974725,-0.012505409604312484,-553.6418614969203
4.0113216362477395,-0.012225207517436871,-558.5575181855543
4.27392423669748,-0.008022345370902193,-553.9492983183941
6.360424359420509,-0.014270904798987384,-553.3650834138977
4.699209638228078,-0.010277778553187953,-553.1951881369276
3.728311739052852,-0.006936266332093378,-553.8477093805429
10.289270827330213,-0.022843276894368048,-555.1819914292479
4.441690270076218,-0.012087616198968995,-554.966935458911
5.191715960738595,-0.012586045537880472,-553.0562999663135
5.373138989151672,-0.012908481356610622,-552.990397050829
5.960254474651806,-0.014553200920872955,-553.0132713419604
5.557512946573898,-0.014877864147135187,-553.9488111808363
6.335865969971767,-0.013631030827771253,-553.8980622746913
6.561729067335658,-0.016029023494617836,-553.1311908400841
5.997817391323268,-0.015483467629238893,-553.4469388023816
4.786577974893751,-0.008227500612604813,-556.0043740092315
5.144922915798207,-0.012459988832920916,-553.0670682566392
6.791771855211114,-0.016251160677716977,-553.1534849247096
5.1942710409179265,-0.013478075369359376,-553.5835035763331
5.37593595113358,-0.012267317843458848,-553.0403405542941
8.063523250345051,-0.02142489600854293,-556.0474046779178
5.604447953339857,-0.012408849119582168,-553.2660904123594
7.487077330691425,-0.018346936703786898,-553.5791510227155
9.761411706281555,-0.02223089044015781,-554.8590038504022
4.7444928226700736,-0.011266580401524737,-553.1803095147242
5.275070332805292,-0.012044918420444167,-553.034073863209
7.903183934581329,-0.017967962222509487,-553.7024396645904
4.693350563270407,-0.010995441948813316,-553.170357664845
3.32663823050145,-0.004875167801089876,-554.5033789434996
7.4166577898193875,-0.016542110471844697,-553.7319361568364
5.213977931821077,-0.01208948695333199,-553.001293650808
4.8509489606417375,-0.010190647378919108,-553.4313637737965
3.931932613550002,-0.007820361208886115,-553.6289815383973
6.527201492229669,-0.016408244340150716,-553.3095675272167
4.743666823342491,-0.011948968846541315,-553.5533678119067
6.117333024125245,-0.013848699543637969,-553.2193752351146
5.796769084175696,-0.01098449955368474,-556.0671839949566
8.971021215745552,-0.020579704083286764,-554.2313988260064
5.573758510043964,-0.013167080625307599,-552.9634556909897
2.7779607642264033,-0.0035261919229755017,-555.4501022661575
4.370823891056824,-0.011629497251159695,-554.6922755561558
6.468717258783646,-0.014149563428000967,-553.7044726946749
9.367578264536787,-0.02262826330318359,-555.3358459641798
4.0100458201518325,-0.008157867707567629,-553.5547997954334
3.6977966246433915,-0.005938804788867415,-554.3892139231554
4.3959104819629164,-0.00963992301490378,-553.2771786461549
6.2218552129138045,-0.015540940544603029,-553.1682041017274
4.083990475216808,-0.007299890412223698,-554.1328126900419
3.0794678283931662,-0.003023246826557043,-555.4964941654811
6.071685029744516,-0.01500906626161739,-553.0776311525666
10.590081203158913,-0.025515961247168126,-557.6318168960883
4.995808909594609,-0.011185177406861688,-553.1012967830225
4.523327468752979,-0.010002006624199544,-553.2145538620273
3.8965801615884015,-0.007210767117378477,-553.8278074164907
7.036593898181492,-0.01893317763634548,-554.8938967605401
6.728977330128795,-0.01859276284254777,-555.315939440149
3.555237297971343,-0.003935261019628501,-556.7033783875843
3.389897429294424,-0.008529515230893127,-556.6648130982471
7.377670038334027,-0.016496643942791756,-553.6914671689136
9.65208987221871,-0.022031676831774167,-554.7715375892383
6.713444338899228,-0.015823203610023002,-553.1430492528722
3.846453672006876,-0.008597933434780294,-553.9575002205188
8.662202306392444,-0.018609885308125546,-554.6023478993599
5.607400685193618,-0.012299103712834271,-553.3510587135438
6.122837955646971,-0.01494244867935814,-553.0304976927116
8.347850014181224,-0.020225182078071252,-554.1433713044336
7.150861091980647,-0.015769547362780523,-553.8061824103537
6.8766630030410605,-0.01747987880313109,-553.6011354768181
5.838690879488974,-0.015227825797683817,-553.5572245621535
7.829729591346691,-0.01889358526704955,-553.6826627463377
4.824326773448148,-0.009903761231477794,-553.6066297943804
5.349919177754368,-0.01168983942216887,-553.2983146468576
4.99628656576359,-0.012243247482852467,-553.1815558884292
3.329406038740671,-0.0075922118085590485,-555.6949977106286
5.801349715104186,-0.01559923367038013,-554.0448516538802
6.230761319578336,-0.01741905802145562,-555.1687531428671
6.138791237526977,-0.015322052706502989,-553.14668074604
4.705306517289367,-0.010493554998204556,-553.1467955767432
4.75020643322856,-0.010896470056512748,-553.112691221158
7.09649995571307,-0.017530846447473734,-553.4169152948058
6.345453414599652,-0.014667597206738912,-553.1311901309547
7.501184642838456,-0.01718730099891107,-553.5107291164303
8.436261344696081,-0.022938421009558257,-557.886345233032
8.900346086314796,-0.019725332578459535,-554.2818584222779
5.8955481153529785,-0.01316888866408393,-553.2738938424433
4.965164058698565,-0.011461510016492779,-553.0456861693278
9.6625549661313,-0.021524620094988345,-554.679838968789
9.296779663230069,-0.023183825626298726,-556.1452882726165
5.435429040357526,-0.013681287026245373,-553.2064113186684
7.2608096834818054,-0.01806274926262344,-553.5806764502046
4.578952432692577,-0.007324578192849538,-556.65371947044
6.642293781157504,-0.016611712861630996,-553.307593908263
3.5240115577944544,-0.005331353118271013,-554.5036037096282
4.208373389329248,-0.008795684001539612,-553.4178464116576
5.870184232075937,-0.01388708087816222,-552.975361153598
3.5982209902225244,-0.008224066253554346,-554.7255318947467
4.391343197022258,-0.009734793470463615,-553.2789550880242
5.283885107812417,-0.01386122743892691,-553.6903696612593
4.528689104500185,-0.012117352282354698,-554.5552833071514
6.87116496971227,-0.017080787807679382,-553.3558779017878
5.542839836671744,-0.013361029843005757,-552.9780478770303
4.526460852395467,-0.00950949863292637,-553.3532428985595
5.551597220853567,-0.014409280158154672,-553.4954592754348
3.5284682208866016,-0.004873266918433957,-554.9902958971195
2.857478802278496,-0.003173460826336912,-555.1651773312451
4.694135780069268,-0.011608842693602095,-553.4405285229216
3.8675638019330343,-0.005886617743865171,-555.0805297995234
7.215582414190133,-0.015842413496537422,-553.8885863232035
5.049952010198118,-0.01176106698425931,-553.024066677587
8.222549437319444,-0.020082896735522857,-554.1315962100136
6.670727865151741,-0.016713479131958968,-553.3357559225136
9.064605611592803,-0.022136896212803524,-555.1447894301662
4.653832456458739,-0.01139650477787359,-553.404267973953
7.343463895855813,-0.01939140591286436,-554.7511267431879
4.82407261954946,-0.011881328458018509,-553.3123467791316
6.761752271701038,-0.015994500922168243,-553.1497175198792
4.343745987064376,-0.009596136433213439,-553.307543415716
6.342601749795291,-0.014709988875333873,-553.1132366935996
4.248021897966386,-0.010216606308039155,-553.7346765909067
5.871723933333273,-0.014653767493917157,-553.1152018399047
6.247165016036877,-0.013485587069543396,-553.807262831804
6.184280465321239,-0.0150117096118135,-553.0250667631424
6.786729397327863,-0.017037884372287995,-553.4073687308731
3.5901326266510734,-0.006500027701667421,-553.9789404876423
6.502586468333826,-0.01494927602185173,-553.2006616655897
6.4200554892828245,-0.016450653273370034,-553.4773364492144
5.8966538040573,-0.014118652018471073,-552.9725367830911
8.362879017280902,-0.017972150989913095,-554.5321104421654
5.178507269160754,-0.01360250192417234,-553.7476169533849
4.770568017949805,-0.012396386615456327,-553.8701838228322
4.7381283704349375,-0.01113288803749882,-553.1523478683846
4.710711711010592,-0.013403341757752919,-555.56520394047
7.855034553143799,-0.018847362301027237,-553.6610870803165
4.447088877561264,-0.00941265749895365,-553.326679117422
6.754882986362754,-0.01598416839498499,-553.1471843338622
4.926739479928947,-0.011928675487155803,-553.1560231433974
5.949902461151688,-0.016447710888902456,-554.6888666808621
5.397455167337068,-0.014441399704763956,-553.9579757796085
8.395225555600712,-0.019295200034081313,-553.8757434276142
3.6917847838656987,-0.005338015749170749,-555.0615674612808
4.013964048452892,-0.005539001907261418,-556.6372916233169
4.198378385676675,-0.00963787757530617,-553.5345709031035
8.3353369500171,-0.018353187321830625,-554.1515924151925
5.417951411417214,-0.011403563711053284,-553.7111555187603
5.386226244574805,-0.012729152836675623,-552.9719598717002
4.8391763262440035,-0.011282765462440402,-553.0897980761149
5.152410758586923,-0.01214884176032985,-553.0058685813018
6.044514381964221,-0.015600896783531248,-553.4534859523451
8.076507144054654,-0.01836957853548447,-553.766108485781
5.9961758750621605,-0.014775256259374678,-553.0529012076429
10.264630628596011,-0.02159534957232785,-555.3695806321134
4.7834015497190245,-0.011206471203564489,-553.122317920652
6.321211702148632,-0.013061696146773062,-554.627563531706
4.60847902481825,-0.00940909656555089,-553.5380477278662
8.49498635204207,-0.019864791981367636,-553.9614219947848
6.59343734875816,-0.016567303850083513,-553.3308263329199
4.79017674037785,-0.011832328248971107,-553.3562712510758
5.603912866369476,-0.013295999829433787,-552.9613880905739
6.808881541717886,-0.017751070540778003,-553.9566760608851
5.446987691448683,-0.012452316285229139,-553.0381337422657
4.6144620483959,-0.011586747005864175,-553.6438296229317
6.069592380887613,-0.014321663209601803,-553.0033808544483
5.219684344362376,-0.013693029942324608,-553.7133895286554
4.981523222624068,-0.011401091373742409,-553.049922518107
4.37213353413265,-0.008932702283075944,-553.4661052810958
4.862747152302585,-0.010095391177761016,-553.5305633850957
2.7980193092967425,-0.0024735198726330678,-555.407682970271
3.5726727191248204,-0.004878485232634947,-555.1668024020477
5.616111456107772,-0.014502195028379976,-553.4283586778524
4.934847429666139,-0.009088792266928701,-555.135874781713
6.178080830963972,-0.016087873319645486,-553.6083634815882
7.155460847695535,-0.01582075456730702,-553.7713674601858
3.894098869704317,-0.006748434627216951,-554.1500941323326
5.081464998852758,-0.012840323907766217,-553.358814504443
6.532569828893115,-0.01745131452391063,-554.2468069638622
6.233743260828481,-0.013352465962799234,-553.9201716110263
4.898055128924692,-0.012073357502654975,-553.2703724247226
4.022484658933793,-0.008555151317431741,-553.5415638277514
10.477643554949701,-0.02460070046741194,-556.4430547443804
4.986391889399348,-0.011784904817550635,-553.0548462079129
4.618721011792582,-0.011844650131710368,-553.8598013513412
6.940794952070877,-0.016091821696062523,-553.2673289887965
3.7190243791748943,-0.007106642760942421,-553.8225909192655
4.650437691118018,-0.010474684569984403,-553.1527194220353
6.14926266814526,-0.014652357797373264,-553.0029646453745
6.259786480803768,-0.01388143299365804,-553.4593745070107
5.7417529727317,-0.01297320365097051,-553.1458975189973
3.714598286869746,-0.007178651227875248,-553.8220168112248
5.4223125337665605,-0.01157214047572678,-553.5530434884038
7.524127254628324,-0.01690376584113034,-553.6817577251444
7.790975063506867,-0.017958271558701566,-553.586595771714
7.5318965823465485,-0.018723007913119958,-553.7639263898343
6.706696927088074,-0.01673451721951218,-553.3143322262641
4.4317093716870986,-0.01127051934521834,-553.9903601010258
5.313924389547201,-0.013733122641314266,-553.4933149747986
7.91979080406248,-0.01760911561736533,-553.9119051366115
3.7735855176016533,-0.006391246193810431,-554.1771995347578
4.7495383576594365,-0.009916836630446957,-553.4373599171864
6.703900107033044,-0.017590895963608463,-554.0029367243915
5.295433402149167,-0.014811927861812528,-554.8586841994071
8.723462008846493,-0.01986084467423575,-554.0694896624527
6.690728804148718,-0.015387898757442814,-553.2457696204607
5.226402158971143,-0.012075169951005108,-553.005790698391
7.511999699834586,-0.019264533094969845,-554.2581694601434
6.932593209150882,-0.016493091974907115,-553.1977975053527
9.339487168562009,-0.019687804424506867,-555.0903892938477
4.9256661253819365,-0.011283407135503506,-553.0599296473353
6.1852372017935595,-0.014385526162016726,-553.0678776814145
6.017907101218413,-0.015138313693848094,-553.1865023126712
3.3454923138053205,-0.007357937736276891,-555.2856103855873
4.676242297480425,-0.010813293236227994,-553.1537406052162
9.781472066752773,-0.02209755549085539,-554.8183551098119
5.451922614240411,-0.014095655536327875,-553.4640600296492
4.792876180136826,-0.013116608411553198,-554.6620804451611
6.976940988838601,-0.017577960988671777,-553.5487562934891
5.240808932414516,-0.013027734766122895,-553.1682574852484
4.836655873386062,-0.011686780259069614,-553.1958935878358
5.398458769204826,-0.012259639494263815,-553.0622502693878
3.72768572510084,-0.005641661819298179,-554.8096481684212
5.237241625634365,-0.01398854028963156,-553.9730276207912
4.546038741271941,-0.009902247913743898,-553.2308579617949
6.995210635330298,-0.019183738669070444,-555.41297010418
3.754042169854763,-0.007146547856899144,-553.7983523291347
6.7249302002562095,-0.016583985329637764,-553.2345944508927
5.699910233537525,-0.014804743998710866,-553.4960138243569
5.8787417825956885,-0.01345540063704503,-553.0920229323353
5.491839061139669,-0.015239862467612874,-554.6641087303361
4.715988790584339,-0.01173469634409622,-553.4702440821465
5.375230428865734,-0.012304893913080641,-553.0285203726762
8.14205626528231,-0.020141129886603434,-554.2463115227231
8.02845958577571,-0.017918637422828076,-553.9027477736386
7.431262866877801,-0.018795182536285544,-553.930218773223
3.6893170110385944,-0.00880232415367486,-554.8509268225599
5.580173006373872,-0.013548767715466356,-552.9928419317257
5.855896932786248,-0.014299563158407236,-553.0067496199562
4.539308937926769,-0.009494858015574198,-553.3747487135539
4.487801016461523,-0.010263690285884681,-553.2493215427533
6.930355029970725,-0.018492290690477118,-554.5599297488643
3.155133838118206,-0.005349562719954725,-554.68878625385
3.8852506028362614,-0.006958332811944606,-553.9663829495855
7.630148873837462,-0.017331117864237553,-553.6147646203069
7.6879664765487785,-0.018848300268900737,-553.7228964804701
10.091372373564914,-0.02090238518308909,-555.5790468126805
5.287951342670025,-0.013192102256916203,-553.1776395564995
8.4359021125938,-0.018727966328088458,-554.0906099759745
3.9487534685608856,-0.00724791586244387,-553.8753997726371
5.3805363646781705,-0.012091987250832032,-553.1124538820189
6.147618898498081,-0.015179259428549722,-553.0830354892074
9.836933246364964,-0.023155143418897725,-555.445852405755
5.7354793228492476,-0.012539463526795983,-553.4303057142864
7.954541531496963,-0.017331561000289743,-554.2020800463077
3.926448888895441,-0.009922977812717414,-554.860803036078
5.58551388824852,-0.012847666801427227,-553.0258291706357
7.143831066486325,-0.016828537471721847,-553.2789649215234
6.305104505252786,-0.01561190702543723,-553.1296798218566
9.691569764589774,-0.020855020437546064,-554.8805995989045
6.950688185679132,-0.014006068104109736,-555.6506247473982
5.695036598120455,-0.013546614732599337,-552.9616544720552
4.172503862504138,-0.011134988409863794,-555.0973139237167
10.536732817697537,-0.022313337160431476,-555.4173155536428
3.0765124502640244,-0.006458760039949704,-556.1477526470044
8.040938790558865,-0.019118146433887536,-553.7311128472497
4.900795742288533,-0.013634963003941989,-554.9064751963249
8.706010731603975,-0.021571412779982608,-554.9716094573968
5.784285650214538,-0.012811634481471766,-553.3176994737618
4.181808898189129,-0.010463059066570125,-554.1999337985151
3.7190243791748943,-0.007106642760942421,-553.8225909192655
5.243884817672215,-0.011545009370625735,-553.213338662216
4.748086211068162,-0.00886369277834283,-554.609704640132
5.14335943407132,-0.011479875404200354,-553.1191952507731
6.258191397372964,-0.01473529875932416,-553.039953234414
4.786176719490594,-0.010145663367172923,-553.3488380394028
5.942307591626149,-0.015635188054199726,-553.7012619545392
3.887916053810327,-0.010135619184666234,-555.3999291469671
6.491773756379929,-0.015077620793463841,-553.1401253235786
5.188058558132274,-0.013841001807175832,-553.9729896825502
6.257143566619857,-0.016986474645231345,-554.4236936824121
6.644662936535559,-0.015115021150516718,-553.3157910884352
4.992489092146009,-0.01184578523226796,-553.0603514552552
9.213915172771895,-0.019152276965313752,-555.3727627953721
4.748498410065671,-0.01321334305180771,-555.0328964606275
6.944890109824679,-0.015133791094777723,-553.9239348225123
4.655372463522156,-0.00974736675694933,-553.390807531715
4.187954056088786,-0.006592944567796536,-555.613849824743
5.282307910730858,-0.013718363456680099,-553.5613308401494
9.564660137028767,-0.02149424552891551,-554.6180339361115
6.357017954551872,-0.01488406314623997,-553.0764982141972
4.177824180247666,-0.008710354496928962,-553.4348990903404
6.248332520303506,-0.015084562015045955,-553.0255579121338
4.70225555939153,-0.01096203578440877,-553.1541115789963
3.8338523920675143,-0.007590972577083513,-553.7028674720347
6.62126464079777,-0.013734180040465704,-554.7323584399477
8.460010036632339,-0.02022295849313905,-554.0909771155603
6.481987815030394,-0.015971789373681128,-553.1484428656975
4.319177125918894,-0.010209875546652506,-553.5302889405681
4.451578231431607,-0.01036630783571205,-553.3262101204549
3.9666754168915346,-0.006660984053940981,-554.4552895926862
9.72383548286222,-0.022008720024518105,-554.7779192523698
4.626645608260994,-0.011499856644791076,-553.5416754436812
7.0771198638762165,-0.018597329528581286,-554.3439436381068
4.172171296876832,-0.007336053975533073,-554.3792957644132
5.035266861477173,-0.010494509964703998,-553.5886560784086
6.291669060175502,-0.013061176900166597,-554.5133505103927
5.979536282627004,-0.013664153841120472,-553.1212788197787
4.920642640883925,-0.010355258816554441,-553.4459821027218
6.163853200680878,-0.01507199456327535,-553.0434167787442
4.447552617081289,-0.010817616553538478,-553.5612386393733
7.679589919824944,-0.01841808988798859,-553.5503872006199
4.428480778315562,-0.01045047844971129,-553.4024968148284
3.803923188066102,-0.009010984563132875,-554.4672550719616
7.1507799719436065,-0.01706695689195998,-553.2792798417183
4.315105954836237,-0.00967691391486854,-553.345217722594
6.232247368098992,-0.016104576763198604,-553.5186619721453
4.293593037728467,-0.007342944785594121,-554.8818370209365
7.618258500764647,-0.01975321055841832,-554.6224260060455
7.8712294699682,-0.01762567203274546,-553.8197844944357
4.692766704318472,-0.010168621163513919,-553.2279508685559
8.052208678762907,-0.018177538863466396,-553.8073693772438
6.042537754313701,-0.016597422910091402,-554.5789523338245
4.8953821226099095,-0.011594646745400628,-553.09481417028735
5.30959355492232,-0.014266529183987638,-554.049204933853
4.810070869328724,-0.01179676076947904,-553.2943598300675
7.165763342756936,-0.017273962906608036,-553.3081360469072
5.027171064351665,-0.011188308878207095,-553.1244812583052
4.267149284804258,-0.010284773365821837,-553.723342278497
8.865023821926425,-0.021271546053437066,-554.543044993867
4.045973245782171,-0.009627444175459066,-553.9826346465309
5.453149065050246,-0.014028863411361846,-553.407752518341
4.601422503024269,-0.011588449293352513,-553.685693460455
8.777289798853412,-0.018857312094227623,-554.6282890175811
6.088313225457177,-0.01514896891578877,-553.1178770131413
4.802064142525903,-0.01055560745658833,-553.1716919956791
4.578809687222888,-0.010820324483604923,-553.2760695754092
7.8363974239623735,-0.018632165346272087,-553.6045975013442
5.938923885569469,-0.01510683993635708,-553.2758205779566
9.100248870967768,-0.01873790244419495,-555.5994656795359
4.934396394677507,-0.01121676778301623,-553.0681750900528
4.956867774685298,-0.01004451543583934,-553.8279138270719
3.3997360969318784,-0.006907592028150346,-554.5642161843506
6.622593329364413,-0.014407643114453248,-553.8398762148526
4.155433342371397,-0.01144565985467812,-555.7049781839746
5.285553952934514,-0.012859361760120641,-553.0444619437769
9.281397574921161,-0.02200444440560835,-554.8382214450315
4.770268318957311,-0.010499040951877288,-553.169109411193
5.945919364388176,-0.013050699498688026,-553.4668461939251
3.8970680600196905,-0.00959694363188798,-554.6245951497799
4.2635435684409835,-0.007826442369126687,-554.1201385419645
6.750676863543515,-0.01539108738399577,-553.3254162969517
6.816359936614206,-0.01404964355074936,-554.9869618706117
7.435137447567114,-0.01829520653936115,-553.583107157863
5.280977962964835,-0.011820406202618771,-553.1203532344211
4.977652454848627,-0.011619691868436303,-553.0431872905015
3.674688218759803,-0.007583852971451059,-553.9658856760775
4.163564678725767,-0.008025111007773682,-553.7086668718422
7.101481034597756,-0.018756915716844482,-554.4863894298917
3.561469645447319,-0.005383901447810631,-554.5481561869109
3.2969170592322308,-0.004003264351236911,-555.1603702285882
5.706484413749213,-0.016133831485540314,-555.1699393190801
6.311215413310737,-0.017686108340967746,-555.309154769352
5.711339387798962,-0.012269657644538986,-553.620764844576
3.936066999771353,-0.007730722871518966,-553.6475177257929
4.568197439423738,-0.009480004214593557,-553.4212746933937
6.078930220363653,-0.013267069229638917,-553.585970704132
7.087581414777895,-0.015747522370746333,-553.6875140726555
3.6360772749981574,-0.007481794255033346,-554.0308566593003
3.7919376572071726,-0.007734025519520883,-553.7580450097681
4.658965627847741,-0.009468281673672451,-553.5972727523248
5.884819943854082,-0.012465392072349063,-553.9068523680294
5.6382596339749185,-0.011513833002230075,-554.3140468907224
7.627484123115186,-0.01844305286165843,-553.5656047574226
6.225987387395419,-0.015528142390168906,-553.1585394688818
5.8298058173529554,-0.01308363208132368,-553.2163351222528
5.666198970034747,-0.012990384678438573,-553.0493708891398
4.361470178021386,-0.011085658433817088,-554.0831084861562
6.9958981818930885,-0.01882022132208328,-554.8421426104903
6.511439783576849,-0.013390270765618028,-554.8578576781767
7.44764274425819,-0.019670401007156293,-554.8864562759348
3.4611738415787543,-0.007724992905505883,-554.9748407632391
6.2583276429132075,-0.013440535108084208,-553.8903970234452
10.712950607955106,-0.022548259688548917,-555.5598164192487
6.98310109680915,-0.01542222994312554,-553.737150355829
5.532589827945242,-0.013877697028015262,-553.1636030007662
5.195630643860408,-0.012293300276910484,-552.9997969521415
3.475260881500269,-0.006055787636409619,-554.1175290772934
5.305941116133604,-0.013842702834478549,-553.6107615899068
8.295857564797899,-0.018389970380179074,-554.0600630648036
5.311686546975193,-0.012179489971509546,-553.021358144689
4.057296602863034,-0.0076548151408860855,-553.7809040581761
4.764623601382903,-0.012841296439457663,-554.4141518860077
3.9659655375877234,-0.009261642025151662,-553.994096760284
5.326293086517588,-0.01306381329485053,-553.0690441975324
4.89728795453967,-0.011401528310264695,-553.0667207927655
5.150398021623491,-0.013896688711685812,-554.1763004472388
6.547544737196237,-0.01673995731903139,-553.5033275270399
4.644317328580328,-0.010592379892712446,-553.1556021866637
5.961538611081465,-0.014670991044922418,-553.0437457617307
7.0949101732444095,-0.016746012468242075,-553.2589898639598
8.7879269007479,-0.019601108447666122,-554.1869740885976
9.544368471899297,-0.020267359802736314,-555.0088563989757
4.770457659236628,-0.012221716958971866,-553.7025997623912
4.4848920033390565,-0.011394821006260573,-553.9104753536282
4.275385184616495,-0.009721959449897073,-553.4143358650405
7.603995037241545,-0.01929934823874763,-554.1496902548697
4.720726376503054,-0.01138592504926156,-553.2619175003416
5.200278316464414,-0.013381517635680965,-553.4849513322065
4.922457840624471,-0.010713634246702512,-553.222137509412
5.167908586932965,-0.012850320352646908,-553.1959821334339
5.161497059970143,-0.01130675237306331,-553.2280243877633
4.6735873167513,-0.009002241235078385,-554.1200933170041
6.367958814221081,-0.014329667639926057,-553.3386536121326
4.845181935952764,-0.010013446609483683,-553.5599480570296
4.639891491350517,-0.008574345603634473,-554.5728240885442
3.7400921473978843,-0.006516155705439057,-554.0323842279755
6.1589147057072795,-0.015314485558162972,-553.1252868035564
7.702962635113708,-0.018198187231536052,-553.5158399791429
7.592828901200396,-0.019071751802810698,-553.9614868449553
3.996786447390085,-0.008414754556813935,-553.558132558951
11.909658242340004,-0.024917074168547507,-556.4455335939638
5.21474175783482,-0.011173754073378775,-553.4170622507634
6.365057011086064,-0.015097141581842687,-553.0469524441824
5.134061352897292,-0.010429250806203343,-553.9461460328928
5.608959646492694,-0.01327935370652964,-552.9621182260718
6.851152015611484,-0.015087557257339724,-553.7371350026011
3.3114362840833,-0.006628707640974706,-554.7723276372014
5.597831871104116,-0.014027580490663246,-553.1488756292265
5.803918526365088,-0.012434439861922029,-553.7021793755886
4.50113087007964,-0.011370549170353211,-553.8290646194529
6.751492142057136,-0.013793424192994364,-555.1649413936632
4.029881520844735,-0.007818842309789098,-553.6583823905643
8.19513561219669,-0.018897803760239234,-553.7672873766793
4.012912878907613,-0.009967221443991387,-554.4521568897652
7.11839692597761,-0.017108295841716862,-553.2790190314938
4.637603058800676,-0.01000465723412904,-553.2463135299506
7.6223525667138485,-0.018847453970959754,-553.7684818172004
6.217274010636452,-0.013885374643612121,-553.3698678114561
4.923706959657282,-0.010918812312304306,-553.1368404729782
5.26895481425608,-0.013172214221850973,-553.1981500888472
5.092042426089869,-0.011218390578480392,-553.1802355390648
6.120825103863732,-0.015629612723760834,-553.3452096322771
5.185104259535463,-0.010533976393082423,-553.9890382752972
8.26279843432651,-0.019447707865581403,-553.830502978717
7.3248799589939795,-0.016731830607076822,-553.4749714502826
6.434510913437045,-0.014170623644150067,-553.6012148955397
8.823441009513267,-0.019800069108725005,-554.1680689474857
3.6332101297854815,-0.006581474994333937,-553.9465833996496
5.722473305020368,-0.013874823124503553,-552.9838326808391
4.71997391840711,-0.0110796466148147,-553.1600548642555
9.649237697920626,-0.021125161312883934,-554.7197454964773
2.9279101780667474,-0.0034753734384176532,-555.0271226829107
4.080159354956551,-0.009911471790422127,-554.092762458759
4.77623182998913,-0.009853861766419437,-553.538621494572
5.664808289931385,-0.013062911963746326,-553.0240311181168
3.462355569176588,-0.006032943621144602,-554.1307219125748
7.164726768948561,-0.017736255689326633,-553.4728826242035
8.485601496597255,-0.0219604692565107,-555.887692025588
4.2618439888578346,-0.008643741349112121,-553.4906894927578
7.993431943796161,-0.01828175205231099,-553.7031527965806
5.149744583404066,-0.012551445008120131,-553.0913646570517
6.166143386300688,-0.014335981245741824,-553.0657744934532
6.753489628741314,-0.015516880788796173,-553.2689200667651
8.162012133606527,-0.01902776828343273,-553.7452730735596
3.9426296046317395,-0.006445064122819279,-554.6305705869164
4.1210496170978,-0.009004283413478977,-553.4784250262375
3.2650655162873727,-0.005928815760739716,-554.5419501403466
5.22113665118478,-0.011657039001800864,-553.1259339182905
7.478228602300995,-0.019994370732712173,-555.2862549830911
7.213127231274563,-0.016602754438938525,-553.3893853124902
4.243633250009136,-0.00826317814056594,-553.6830608762326
3.3611137121662633,-0.006114439597499923,-554.3129981989418
5.818750127025411,-0.012496871541065923,-553.6773342690304
7.240959246954583,-0.017789967076480236,-553.4518672422671
6.755912369636817,-0.013426161270331484,-555.9047226121432
7.798483974632838,-0.017838339915126237,-553.6261966573509
6.147044697822542,-0.015482882699606319,-553.2183813048094
5.394877479544323,-0.013224757903140231,-553.051878829628
7.522218310025206,-0.019490538152443226,-554.4930017103994
5.026352822942291,-0.01136594173879682,-553.0691370360965
5.190146036377613,-0.011427047345740703,-553.2015696183781
3.7880666911721788,-0.007018822757787173,-553.8319774895633
6.43626286628135,-0.016344579344686173,-553.3783109379757
4.161500186450902,-0.009435877140911547,-553.5310804020446
6.821719107305586,-0.015359807419460492,-553.4594037414732
5.957357822698514,-0.015216338800357668,-553.3196059276726
5.829058547286596,-0.015049800000244449,-553.4271337834044
4.780762784641456,-0.010794487533440509,-553.1100052374396
5.780202943898377,-0.013148712542980645,-553.1100137461223
9.427263562112996,-0.020566298948404404,-554.6376288840096
3.0618124656354366,-0.0029872319537028232,-555.4759980428263
3.227336453245253,-0.005505510611933307,-554.5127489956952
3.501972884205971,-0.005406412361178109,-554.4016537195515
4.451958105001171,-0.0090005144610718,-553.5404414441599
7.053839489968604,-0.013918631829933295,-556.339783074561
5.4976439417253,-0.013682695511262777,-553.1154003558567
5.333972215846187,-0.01496425551198407,-554.9235516282586
5.037156604998245,-0.01077279154362991,-553.3643911156109
4.10657813567569,-0.00908717342378836,-553.5206700892562
4.686142020350793,-0.010190496769456476,-553.2152600711868
5.7326895559252335,-0.01318735444540647,-553.0427146500336
7.00867689983419,-0.017868393882496066,-553.7271022565313
5.266657935836033,-0.011686876677569746,-553.1675346918886
6.283340973012763,-0.014810273993272144,-553.0421984276626
6.929483070274202,-0.016145190016873288,-553.241408139321
4.152408220865484,-0.00825425436309189,-553.5677468385439
4.956774160831725,-0.01198698619776291,-553.1360337218455
6.518775937399551,-0.015646417949018332,-553.0780962323913
5.458962556574986,-0.013197130855069628,-552.992910004185
3.533643930875305,-0.006104763902902239,-554.082880129702
6.811926282540602,-0.01574210476329442,-553.24850839432
6.952574243293162,-0.0168208168045837,-553.2312869671345
7.114747469378354,-0.015584619469612442,-553.8948243653151
4.453290466110311,-0.010677157847655832,-553.4613918751041
14.408011712718427,-0.028560174894490892,-558.9747233310975
9.074825609176607,-0.019277566579411053,-554.8926630170638
6.128885931450277,-0.015922889434042808,-553.5606052449144
5.08471020510322,-0.010154134443118974,-554.1221176091442
4.9696631268932645,-0.008646650663610117,-556.2576564367915
5.411917246289835,-0.013226100964866688,-553.0357683053772
7.455236367944939,-0.020473659643349778,-556.1771812475489
4.744849038100518,-0.011913757671788806,-553.5231655432574
9.21231600324741,-0.02146459618429019,-554.5323245216725
6.37610065286226,-0.015573084476719217,-553.0814084749965
4.161165240114634,-0.009841754499437074,-553.7467376546226
9.071327556628557,-0.018508461989658685,-555.8513187539678
8.09054113604747,-0.021350556409377285,-555.8502241958952
5.169689375302461,-0.011726577004233983,-553.0550793203006
6.353203719595941,-0.014313575746951123,-553.3232727962782
5.091110926278662,-0.011922415017047697,-553.0156532571876
5.757369879154315,-0.015105564515872236,-553.6339789043952
6.763350177418979,-0.016457509344926766,-553.181374380367
4.488946546705791,-0.008267702972444864,-554.3819102159532
6.5302537883177365,-0.015357906684700742,-553.1016004925091
4.423954534680576,-0.010143937118903795,-553.3029011048302
4.5052115387407765,-0.011022686327837032,-553.5407480791047
7.960937893875949,-0.01799284064018184,-553.765690772818
5.8462015626807275,-0.014585081731232094,-553.1118080347431
2.8508189708463534,-0.0032495358662594023,-555.1687721075425
2.7406538827927585,-0.001495744904059374,-556.0107485414306
7.395960548235316,-0.01593778581404276,-554.2521192186756
7.201686058500565,-0.016663193195471757,-553.3570202222559
6.641565080662909,-0.014741223470451498,-553.5694004175429
4.501815642395198,-0.009989472215481637,-553.2210439656335
4.594030781709016,-0.010930524806304997,-553.2926742963346
3.64952479835233,-0.007803843412952928,-554.1521042027756
4.407047903041906,-0.010388979603907481,-553.4190632199814
3.5291634403481624,-0.006064474129333378,-554.0946498175247
5.343793005235639,-0.013666843282745214,-553.3717779214776
4.926845184030476,-0.01201777547320538,-553.1922778706926
5.266053857180148,-0.012933164471725673,-553.0909720332746
8.515958132997362,-0.02054860396457709,-554.2536199789745
4.503180199187456,-0.009065610437102216,-553.5881542986409
7.176395515794402,-0.01798301422564267,-553.6086641323609
5.571560409592023,-0.013165440591299498,-552.9632971505066
6.306526047459309,-0.014151637824103449,-553.3485372033966
6.145861439035833,-0.01313925270329054,-553.9067962838276
5.8000495455908885,-0.012606659885828826,-553.5211435976876
5.897936695658848,-0.013358759103886186,-553.1631468917726
4.125888760677894,-0.00958911081366884,-553.6932278998413
4.5008863109526525,-0.009305562674287674,-553.4274070945697
8.831725952281802,-0.018241606397748446,-555.4924490336663
5.026483361906724,-0.013172315366901813,-553.7926062272022
7.581264184676816,-0.018540596312835673,-553.6236214966716
5.311914916523335,-0.012034446208143677,-553.0652822254932
6.0404377922072685,-0.012579289553012529,-554.2856260009287
6.891027458337381,-0.01625217707429241,-553.1932720341798
4.317279957486384,-0.009207279272651027,-553.3412429849179
6.95568218238161,-0.01662508304668774,-553.2074199685447
6.369270146581877,-0.01239208190766571,-556.1392445408078
7.3038144339478155,-0.015897043707039184,-554.0510474119728
3.2013732703663362,-0.006610668618899538,-555.3955694398464
5.229180753273778,-0.012719602235572927,-553.058347830562
4.5554593571876145,-0.010551869768615153,-553.2297811465256
4.899243132419183,-0.009834814086091227,-553.8842029196668
4.087460257252459,-0.009202898822647358,-553.5991516067143
5.900211237055794,-0.013586191325934529,-553.0635567791855
8.347094340126372,-0.020985136800254926,-554.8195476981206
6.395264650578798,-0.016037904854346155,-553.243991125118
2.4700157530983198,-0.001365494096887758,-556.1306333938894
4.0701204651246234,-0.00841977324845298,-553.5013683455581
4.414135821891909,-0.011089405367973789,-553.8827858663789
4.771558919565103,-0.009759374946742103,-553.6079751185417
4.121987647241482,-0.009943637092665691,-553.9572057616175
4.80458598121101,-0.013280730645199282,-554.8466288066546
7.210288333523286,-0.016786239791447242,-553.3329004493204
5.209437370868123,-0.015487137034982727,-556.5636500514429
5.750777936151415,-0.012316288950138247,-553.6795593621443
6.949854042803951,-0.01741585181504915,-553.472742129393
6.543628043474983,-0.016743867990256033,-553.5121595678601
4.765598638316903,-0.009716914729164717,-553.6313205326857
2.6043018384866694,-0.0026717002704302268,-555.914996132202
3.074676884778153,-0.004243387699751321,-554.7382147119042
5.021287058858366,-0.011782372021403491,-553.0344259495133
4.34418370584302,-0.010467826983110395,-553.6189145766789
7.480193130553477,-0.01776274698483014,-553.4151187597339
3.573873440495226,-0.0060787954659761246,-554.100882421295
6.9691053336569855,-0.017067240444604358,-553.2935291171652
2.7431666816406755,-0.0041705269384048615,-556.115840384298
3.8311653290140977,-0.008361808270164953,-553.874034287129
5.579139550332568,-0.012754402146325162,-553.0515675600711
4.081220323971691,-0.008262154531775508,-553.5282456337665
6.077070016398543,-0.014333784770134063,-553.0052529460024
6.306175550049276,-0.016237324830209975,-553.4965281088171
6.7371457749327615,-0.018766326759950384,-555.5853404698242
8.106445740472706,-0.019275628240935525,-553.7753836755686
8.128841884272871,-0.017345112057959508,-554.6211460620448
4.384997138560637,-0.010761640597932751,-553.7057657011381
5.204383853263127,-0.013910065087716783,-553.9958675704172
8.189404342196926,-0.01795184433203736,-554.1701357151883
8.144522745592255,-0.018268700222657593,-553.8927946742966
2.0810439947010937,-0.0016334285712322298,-560.3743582467342
5.6933000797879165,-0.013933773175231381,-553.013367339029
4.381792799386142,-0.008464077599611576,-553.8159035763678
4.383097795299131,-0.010461309132143166,-553.5110983196146
5.9552318985060575,-0.015231759064872754,-553.3337957434942
5.619330320406911,-0.014914203898290217,-553.8048935781942
7.133554680748399,-0.01890684701937632,-554.6048206907494
2.706347645777558,-0.003202550708125489,-555.6438091368674
4.877054243892761,-0.01072346280021218,-553.1702135505118
8.986892270947036,-0.021833177300903787,-554.9192483849082
4.498558679022576,-0.008895309222175561,-553.7161639158511
6.049652555205063,-0.015217057714462759,-553.1903624720542
5.1266359522618945,-0.014439560513781695,-555.0631122371849
4.9435509392249894,-0.013108838290499204,-554.0122496170773
7.462166234782383,-0.015812477733411497,-554.6084056743971
7.135096396599213,-0.014257014836766658,-556.0064930879637
4.867393737010162,-0.012833882301324569,-553.9852858828235
4.33153085841799,-0.008813880833651599,-553.4802582627556
5.50927633645457,-0.01148166691299819,-553.9000961086763
5.3004735341385905,-0.012655368304820294,-552.9912275883498
5.374100452078252,-0.012058637551446785,-553.1202155488193
4.838053903728447,-0.01023050530049065,-553.3797729357378
7.421759406081345,-0.01692351061631793,-553.5181452716234
5.5289208988768825,-0.013625427894680311,-553.0557182173825
5.252495979309401,-0.01153552605826621,-553.2322493466219
7.540823702900981,-0.015849736999912125,-554.8136633147949
7.4655946682306205,-0.018234674048825835,-553.5383344202337
6.658599794993446,-0.016709852551476383,-553.3456087209873
4.311157921900001,-0.010571415009512574,-553.7981057001163
5.31081613235041,-0.012874552801899383,-553.0259367746547
13.769321164810675,-0.027269665901310414,-558.1172006713005
5.4142780887757995,-0.013998710212107102,-553.472144427453
2.6626907029165876,-0.0032062213523143036,-555.8825603959039
6.041612472225744,-0.014011407015468571,-553.0540543894753
5.177812588723003,-0.011734373595551378,-553.0581999808596
9.691603208490958,-0.022275283215833032,-554.8776887658042
6.103703985924091,-0.015846021698174166,-553.543773718018
4.548858401591659,-0.010224531011934485,-553.1964771144828
4.578100260025354,-0.010462992719237315,-553.1915739433836
6.779072525873439,-0.014487088493878053,-554.2014216201378
7.233680183964217,-0.017770869338829026,-553.4472461452095
5.335391534297505,-0.014776598526351636,-554.630084106124
5.453374767608634,-0.012577437727969404,-553.0072210976602
4.434945728951414,-0.0109582820839407,-553.7001836763478
6.986620364526787,-0.01736844552787586,-553.41361362829
2.842928446976268,-0.0034785461304723906,-555.197391642957
3.131250697405328,-0.0039786026424128524,-554.8199419570731
4.332190184370366,-0.010875223342015568,-553.9902247330698
3.6932739797994394,-0.006937434641393828,-553.8582282619722
5.13882523438467,-0.012532906884044574,-553.0980457352724
5.007127021666765,-0.012493559538414167,-553.2937001629882
5.881273879615238,-0.010875611694453533,-556.8524332731465
5.393747388563082,-0.012530332661157514,-552.9882756521775
5.148058052525198,-0.012045056926359496,-553.004099198424
4.953511444903737,-0.012626227191662877,-553.5127502758253
7.422992068260712,-0.01753318489396157,-553.3856457975887
4.146633416179141,-0.010631310340551196,-554.5571816383869
4.764731860772991,-0.01008437615031887,-553.3531219111954
9.552495217457874,-0.020964606962064064,-554.6547936252884
4.399221786008469,-0.010815120975268943,-553.7018797465986
7.325397314157341,-0.014888795276867563,-555.6063611795348
5.0383790808722795,-0.01266390962233065,-553.3350664980461
9.208401061092092,-0.020093684337309816,-554.5454647049334
5.50839671422677,-0.014218192353730716,-553.4354244053885
3.6862057389877347,-0.008182189783900283,-554.2685656397308
3.394828974189675,-0.006204510894020399,-554.2510633155238
2.870003416568346,-0.0034748226720119754,-555.1266027511417
8.662254208074629,-0.022344676830010898,-556.1073307796485
5.080701514814174,-0.01114348936200461,-553.2039967558152
4.9837367016199545,-0.010751803183745814,-553.286333680761
6.030954954869991,-0.014391885525133031,-552.9858217107694
7.4609195508480655,-0.019150003012536478,-554.2235965940199
6.2756775192211665,-0.014603659667183586,-553.0835265772184
7.570076043586996,-0.017860409640965462,-553.4506432455128
7.72995141637007,-0.015858974361708713,-555.487767614124
6.059318395213617,-0.014393464501291173,-552.9922016818404
3.582510203340296,-0.004212853595877996,-556.3327757567425
6.482659613058113,-0.014924625072489558,-553.1867461883382
6.017055383643387,-0.014632611964735144,-553.0068219706736
3.1224685062439574,-0.0022381076354032474,-556.9205454396601
3.2330157108747644,-0.004342175065538405,-554.7130992336165
6.965104392759325,-0.014924941338616979,-554.2214012745993
5.568180008340246,-0.012221704111087105,-553.3310432094806
8.610277125890853,-0.021549309353325396,-555.0812430539033
6.713220210537632,-0.01707631628861048,-553.5194604862587
7.807865964085116,-0.01834265202061542,-553.5628408673045
5.8593067548439866,-0.01266497102838504,-553.6142734865598
2.606169565219597,-0.0011494344644830407,-556.0292945099113
4.644895664730558,-0.008476332072565191,-554.7471459798071
3.0263136370616732,-0.004136253975613655,-554.8153693738692
6.153598039194549,-0.014453660827384859,-553.0275174175986
3.7206595746104445,-0.007994236680822475,-554.0199023513875
3.231473833781058,-0.00435813320238715,-554.7013913751517
5.9542505620175445,-0.012916925772585587,-553.610575940416
5.099123244710865,-0.011398402947044504,-553.1092215859335
4.473892826802827,-0.008942424553010885,-553.6231860181804
11.4320516164366,-0.02443413511655891,-556.0763828958085
9.699266104035972,-0.021624196547166775,-554.7063890210014
3.8929598708343005,-0.007202590725656587,-553.8281967297366
6.397744902036447,-0.015828837049254744,-553.1481603509003
4.273287556444663,-0.01003790954334764,-553.5516931184258
3.5681060144214536,-0.007811028036470709,-554.4923248772951
7.693230673721917,-0.016918693098427244,-553.9936227312973
5.810891805084608,-0.013300200087091502,-553.0798985574106
5.053520693427974,-0.010690840662995287,-553.4602799066355
5.442290660584352,-0.01270922676570673,-552.9781652886804
3.4752170822459263,-0.0030163525767096036,-558.1936345927197
3.6278490166911586,-0.007874920726683327,-554.2814802453513
4.720008706620028,-0.011839460345460575,-553.5353158213695
7.085388886051649,-0.01522148598446232,-554.2151361472286
3.412359491374745,-0.005342174161420319,-554.3343812956255
4.658798962916736,-0.012468336196013912,-554.40444649996
4.182020268563238,-0.00796981454713621,-553.7805855500463
8.414645878217641,-0.022744096741931234,-557.5375121319811
5.6845440994794565,-0.014336372391054463,-553.1916116091452
6.31096142947723,-0.015204166672053047,-553.0346915783638
6.0163095092132055,-0.014160659934152551,-553.0010141141444
4.814578867559829,-0.011738212419909879,-553.2559789757848
7.15009383652405,-0.017301434728504646,-553.3151748463087
4.133022849892331,-0.00903077094038407,-553.4666195371167
4.805182518039586,-0.011378281627694888,-553.1372618363448
5.596348102435765,-0.014086928201265385,-553.1826740546669
8.66992896209321,-0.02141058732242392,-554.8450649977304
7.110905463487912,-0.01469986937490932,-555.0607655839354
7.605542909924526,-0.01638699776493849,-554.3109072359234
6.785145031225467,-0.015503495032669547,-553.3174533188982
8.435801321260756,-0.017137833958932515,-555.9248165475386
5.057079969290331,-0.009773081351564284,-554.5601309980955
5.763101904256134,-0.014980772313530592,-553.5074995426875
3.9479739029400074,-0.00802135180427214,-553.5979479308327
6.1141626064045145,-0.013986709638271254,-553.1430180580976
3.3219389841998055,-0.003798172660088349,-555.5186469205859
6.9452387096824975,-0.017079167121503095,-553.3084886118132
3.702303420354361,-0.0074252041605874,-553.8592196095268
5.818477458259825,-0.013198467199124146,-553.1356169626438
3.6363712503455647,-0.009053046935465115,-555.5201968059624
4.9779600645168385,-0.010048881889433913,-553.8883550327428
2.5103149524815085,-6.301853437969199e-4,-556.2722026533752
3.7903670994779763,-0.006760336693516075,-553.9531741310038
7.25255706382113,-0.01748777089649306,-553.348648493716
3.2683792966597562,-0.005255699249533785,-554.4029313192125
4.346230834382094,-0.00950619928325672,-553.3047210604472
7.807865964085116,-0.01834265202061542,-553.5628408673045
4.622714473290439,-0.009642801900707891,-553.4047348147587
5.662446945089675,-0.01613990092388159,-555.3795212287707
5.544900567655656,-0.012079125626044516,-553.3940242974722
7.204907935335946,-0.01786065298701089,-553.5096373460793
5.516099561376682,-0.01366762086329299,-553.0860742018887
5.954229872178819,-0.01359252737697296,-553.1224668032323
4.054761405618445,-0.008665052093199666,-553.5146112929574
5.007111457058457,-0.010441232262683103,-553.5678082140074
2.7741907144116924,-0.0021992017379648546,-555.5351908758215
4.99667461237385,-0.012814697923204246,-553.5501516516096
5.791466814920243,-0.014213752800534711,-553.0235903302488
2.295243945612968,-5.63858994099277e-4,-556.7313766852103
3.573873440495226,-0.0060787954659761246,-554.100882421295
9.979609734409518,-0.02268176179312347,-555.0644633703538
2.5721607236715895,-0.0014138961632863697,-555.900059606501
2.6786456174706497,9.70932816282139e-4,-560.1468616351935
5.06342685704515,-0.0115535728251262,-553.0440848185502
6.080361819173934,-0.01691380926819922,-554.9206034415665
5.930462079484917,-0.016357893707052276,-554.6266380812647
8.089173817808534,-0.017416667921755596,-554.4382483741846
5.729407207256825,-0.013382560641603689,-552.9879671584016
9.234369214122818,-0.02024461372274256,-554.5122635685163
8.075194463941866,-0.019332907554149164,-553.7973885972722
3.9612089622831994,-0.009715741097410118,-554.4308192080682
5.2147610264651245,-0.012483497207515546,-553.0135216668044
5.259714198427431,-0.013843653758374045,-553.7442236868285
4.148092318906407,-0.01108255675155226,-555.1666690946479
5.161875764029361,-0.013537391480927285,-553.7333508514263
4.956117060746852,-0.011969557333376412,-553.1308020566893
6.7532896728091165,-0.018029110410876088,-554.4067046994011
5.455618840277291,-0.012565227163562018,-553.0116686831466
4.15155561785985,-0.008043118252096578,-553.6788102972531
4.482580661623276,-0.00834182343026326,-554.2604220780489
4.765287706868404,-0.011627574724987927,-553.294166629459
5.929621389427575,-0.013291256551791468,-553.25292734661
4.85037083905893,-0.012666906963604122,-553.8675873968859
3.896754786714306,-0.008048811470165389,-553.6465372472454
10.224266319889324,-0.02205415407509147,-555.1216922083673
6.930735172349845,-0.015331779217283788,-553.6994364614995
5.176710082483901,-0.012556226862722958,-553.0627616103483
2.643136314803166,-0.0034082144172855847,-556.1596980313475
2.999130699807629,-0.003450286904912035,-555.0079432118047
5.103423450842345,-0.012739451972464422,-553.2499856402965
6.2458603493458424,-0.01775479699142758,-555.696492332125
4.4516193108300035,-0.010853641981521151,-553.5740993034213
6.915616330437009,-0.018523906735980256,-554.6413863065587
11.379673816722365,-0.024770333797246285,-556.1917099029512
5.255235597717178,-0.011408042040386333,-553.3209302730169
4.980428015865123,-0.01303594324956215,-553.8047127150633
7.534355897815603,-0.01597462468458736,-554.6164014842647
5.516865339234803,-0.01255339153304443,-553.06611485012
7.0415673947355915,-0.015092684660190564,-554.2433027510893
4.864452993558975,-0.010956162087126011,-553.0967418149743
3.0447056873850777,-0.006491510349711387,-556.4731234846046
8.368143693770511,-0.01905906431865365,-553.8854841999912
4.658155821742953,-0.011409033899996812,-553.401717162051
4.188744353144432,-0.011073810795721272,-554.9135873817108
5.016432204830887,-0.013242208829222873,-553.8996239979161
5.2218517520167955,-0.014942889186898295,-555.4355357116839
8.58134454237521,-0.02122712657128811,-554.7635904627464
2.9326511534309794,-0.0029066991139198813,-555.2565985978416
7.6641886386884295,-0.017246917562390385,-553.7070152143469
6.984367432534173,-0.016232803940112773,-553.2683874198809
4.414947609336907,-0.009541023606758743,-553.2840286337483
3.9860479730960794,-0.007671534746985839,-553.6884017380818
3.001900861184239,-0.005001081171572538,-555.163921971504
5.6564819701629325,-0.01610294957682723,-555.3423631190083
6.452909821675378,-0.013663717404302299,-554.2250843557753
6.154620852236312,-0.012303014966084788,-555.2233420668709
4.770238812369674,-0.010791439224764377,-553.1106647416092
5.541837769758206,-0.01293086536806552,-552.9801064583486
6.972262632741374,-0.014861153039484593,-554.3255151122552
5.583540821003348,-0.015841514817913047,-555.2268312438729
14.85300421423313,-0.028127483341799032,-559.090296855104
2.8100347009294735,-0.004133715634661126,-555.629345054103
4.75112898189991,-0.010263148136283517,-553.2419717783172
5.2249820283797614,-0.011816185004739146,-553.0674138445795
3.9811461189965507,-0.009213866374646641,-553.9056594469165
5.870701121480381,-0.014013126198801917,-552.9698997104995
5.9607681014329135,-0.0153061265071063,-553.377934177033
2.7829382006894128,-0.004984142612132307,-556.7394129535776
5.6962849552908486,-0.01284364849688905,-553.1503930047529
4.217607844439033,-0.008571235431466425,-553.4858944681783
9.931883567546889,-0.022643254290418708,-555.0464571823003
5.74879546333917,-0.01292650804544632,-553.1816948498985
3.493509761488333,-0.005863588836333221,-554.1560698834242
5.549813632569393,-0.012036977563218476,-553.4398656562798
6.112228886344712,-0.014670049384287233,-552.9975255831495
5.355294988893375,-0.010417936258776463,-554.8537356556955
5.744999871863617,-0.01568584110542116,-554.3386040091558
7.699112486512676,-0.01845574817707905,-553.5593990979191
8.5922099536853,-0.021960267483849633,-555.6606906122628
3.1998348712950597,-0.005404196361955345,-554.56380218547
9.405038246623342,-0.02312222531314099,-555.8824804565766
7.547332908856418,-0.016386060834468186,-554.1593372005557
4.62895879132456,-0.010318041451769984,-553.1688279829317
4.895047861161522,-0.01344553573105953,-554.6505966299007
2.4321567132993924,-0.0010734660035428213,-556.2378329000263
5.352238476064129,-0.01367395787065838,-553.3588491086184
7.247529677005312,-0.015759464003635815,-554.0509375552392
9.071327556628557,-0.018508461989658685,-555.8513187539678
4.560904553130552,-0.010962847922077423,-553.3715304567926
6.3667618130242465,-0.016978870801891515,-554.1036711976951
6.826514653527709,-0.014263256618779464,-554.6794336580597
6.244689501814496,-0.013690674714516012,-553.591925595455
3.079836545665703,-0.0028089294375597145,-555.7541633434317
6.419724382273115,-0.014638137670005399,-553.2383970389019
2.357761286608114,2.505292987007229e-4,-556.7107590500833
4.59513978592036,-0.010335650242821438,-553.175362025632
11.55055703515092,-0.02424437765603925,-556.1288447972831
6.599471205022947,-0.01582966633577949,-553.0987250505094
3.9508720314414236,-0.009168013744052999,-553.9794000972416
6.428286555365337,-0.01281058760115327,-555.553692069703
6.557804705548934,-0.015137501280931718,-553.1891208824691
4.3022475969381855,-0.009488223233036261,-553.3349321002107
9.157851546746452,-0.021276778002968757,-554.4542423520107
5.714788318184348,-0.012736640736653971,-553.2424545952491
4.845903098626807,-0.010073504604639212,-553.5114621507491
5.169101560418802,-0.01083276831861217,-553.6106783150027
5.81857481729913,-0.016267510819236147,-554.9163428568049
4.73983516951999,-0.012278817616834284,-553.8596949159855
4.926737310844571,-0.009591296401445012,-554.2882095146539
5.037156604998245,-0.01077279154362991,-553.3643911156109
5.975816506484196,-0.01487899081660932,-553.1080838224996
4.188744353144432,-0.011073810795721272,-554.9135873817108
7.307051381075024,-0.016582628036318412,-553.5217343981325
6.52266416391538,-0.016370247441737734,-553.2931083619608
4.378903058253825,-0.011234743528054201,-554.1686179421985
6.594755562091996,-0.01662862562250364,-553.3656110957861
10.423435976027603,-0.021343135566765096,-555.8754458823042
2.500702412878534,-0.0023333941584492606,-556.3432546980004
4.973052421328775,-0.010342137165023487,-553.5742598909594
4.03466968443018,-0.009828276954944534,-554.2066382533503
4.000600900156622,-0.007008753301570832,-554.1862399484469
6.136573624912529,-0.015370604803999367,-553.1717582939841
3.9737204388041807,-0.00931420364257444,-554.0055895214832
6.108767057671873,-0.013637699888521503,-553.3413510485526
6.877524555641702,-0.012212857340459526,-560.0580576276615
7.382932815498112,-0.017504823616724906,-553.3697500693596
3.023242909210776,-0.003997552776624362,-554.8327076198611
7.2736641481619895,-0.015932778660258853,-553.9403578726312
7.410935349101117,-0.015951688307393054,-554.2777333315319
4.888763831176351,-0.009552703119492476,-554.1952414413895
5.821400123898806,-0.01349215326095803,-553.0229399443466
5.756701010129446,-0.01454535112411337,-553.2052765576624
4.876833461569308,-0.011430342926860695,-553.0819269367953
2.9783931757871858,-0.004845503982822137,-555.1834909993103
5.298065203251462,-0.01552499823371122,-556.11201221315
11.497202785939356,-0.0245882039176368,-556.148369044382
4.825911790980449,-0.009266626937018962,-554.3438132361174
5.852767083369936,-0.014669361871033473,-553.1440972254862
4.402937267842239,-0.010911520743217528,-553.7666945037175
5.6734393827703755,-0.012190401400120253,-553.6000596430962
6.537658193795287,-0.01600564451508093,-553.1333360487143
13.273581562274911,-0.026622844819436838,-557.6472663223968
3.5399912337711807,-0.005396582969233219,-554.4847525862306
4.606650363991211,-0.009517005629373302,-553.4586474266501
5.624939838273523,-0.013481004621771125,-552.9652841472857
7.116453468486637,-0.018031054758425848,-553.7122223756935
5.858003542435972,-0.013597516089706,-553.0220037400408
2.7310713388699903,-0.003400275517918826,-555.6159410007309
6.5856199147758545,-0.016187132985612793,-553.166945024234
7.742838366298912,-0.019358744495378374,-554.0247671035862
2.9929862835515126,-0.005280415028617568,-555.4280781080557
4.411168211482099,-0.008670725861792194,-553.7065049263402
3.7013519529976278,-0.008019125563818237,-554.0989451345943
5.095099122494314,-0.012025800495208346,-553.0202683912992
4.244902458446299,-0.009308669724924746,-553.3732379647643
6.588310677190882,-0.01837735776633113,-555.451191592179
7.813893097836474,-0.01608094918453395,-555.4246550792228
6.987240205098767,-0.015439630569802187,-553.7310505599985
3.1014809913591006,-0.005284685196423437,-554.8662756676987
5.353692635079778,-0.013031651491658544,-553.0312767035366
6.262732903650829,-0.015837596600422204,-553.2811645791141
4.700358738903254,-0.012778570182432438,-554.6281226988134
5.013494587039939,-0.013237650423456464,-553.9048480376438
5.676729317553926,-0.013583825164889308,-552.9632915567466
4.1997943890001945,-0.011106501610557604,-554.8969074447679
4.778548859276802,-0.010926519359362384,-553.1020159353432
4.127986290283411,-0.009602450466611229,-553.6950731341284
7.281922844809975,-0.018341254274812452,-553.7487034264348
4.642081551747226,-0.009356070382901548,-553.6540375465141
5.684201042625733,-0.012660018095860334,-553.2395745754018
7.391965160812907,-0.016238910395466787,-553.9290181772695
5.68833358061335,-0.015775397169896947,-554.6752671361495
3.7565844486603868,-0.008273462446380362,-554.0624887425764
4.0012435790923915,-0.010054426440495864,-554.6122483925543
5.768335957688668,-0.013060394271599324,-553.1375310518184
7.051626401293938,-0.016971758725638136,-553.2553255226494
5.414530601603264,-0.013748572744626751,-553.2851558321311
5.33355912011473,-0.013945582836583113,-553.6313382413263
9.713803366074298,-0.022252987497985172,-554.8661805731543
12.805273226484035,-0.02533062008255516,-557.2852965501104
5.317553459252917,-0.013860622960577343,-553.5958502505284
10.64460625524442,-0.021063513428524926,-556.7730076854903
6.1098108749296225,-0.014476441280324685,-553.0024244145169
7.631613087822458,-0.01764860858657261,-553.5107869845353
9.226432498806233,-0.02043424944205292,-554.4361770798762
6.7371457749327615,-0.018766326759950384,-555.5853404698242
7.631738970626429,-0.01765825417140914,-553.5088380385403
6.726630532386892,-0.01801493645154483,-554.4579573596322
5.634900486666581,-0.012701569769810028,-553.1395436608299
8.597337329683432,-0.01940982585095407,-554.0307947060554
2.500702412878534,-0.0023333941584492606,-556.3432546980004
7.179930949249719,-0.01567245187445909,-553.9686189839454
4.949542148676921,-0.010407107340285012,-553.4655105092954
4.973052421328775,-0.010342137165023487,-553.5742598909594
5.836784558021,-0.014454075141851572,-553.0671943343172
2.776757777245796,-0.0024385495950801257,-555.4247456789336
9.691926534214115,-0.022409124567878805,-554.949801138985
6.005188428821581,-0.01450615937143854,-552.9912992354871
4.919698448631352,-0.014504557302249366,-556.3610821746565
5.108125945786784,-0.010307042594105736,-554.008833328781
